workload_id,dataset,replicate,seed,paired_across_algorithms,independent_cluster,scenario,task_load,horizon_steps,resources_count,top_k,node_limit,replay_path
AU-L02-W01,anti_uav410,1,730000,1,AU-L02-W01,anti_uav_load_2,2,12,10,12,4000,replays/anti_uav410/AU-L02-W01.csv
AU-L02-W01,anti_uav410,2,730001,1,AU-L02-W01,anti_uav_load_2,2,12,10,12,4000,replays/anti_uav410/AU-L02-W01.csv
AU-L02-W01,anti_uav410,3,730002,1,AU-L02-W01,anti_uav_load_2,2,12,10,12,4000,replays/anti_uav410/AU-L02-W01.csv
AU-L02-W01,anti_uav410,4,730003,1,AU-L02-W01,anti_uav_load_2,2,12,10,12,4000,replays/anti_uav410/AU-L02-W01.csv
AU-L02-W01,anti_uav410,5,730004,1,AU-L02-W01,anti_uav_load_2,2,12,10,12,4000,replays/anti_uav410/AU-L02-W01.csv
AU-L02-W01,anti_uav410,6,730005,1,AU-L02-W01,anti_uav_load_2,2,12,10,12,4000,replays/anti_uav410/AU-L02-W01.csv
AU-L02-W01,anti_uav410,7,730006,1,AU-L02-W01,anti_uav_load_2,2,12,10,12,4000,replays/anti_uav410/AU-L02-W01.csv
AU-L02-W01,anti_uav410,8,730007,1,AU-L02-W01,anti_uav_load_2,2,12,10,12,4000,replays/anti_uav410/AU-L02-W01.csv
AU-L02-W01,anti_uav410,9,730008,1,AU-L02-W01,anti_uav_load_2,2,12,10,12,4000,replays/anti_uav410/AU-L02-W01.csv
AU-L02-W01,anti_uav410,10,730009,1,AU-L02-W01,anti_uav_load_2,2,12,10,12,4000,replays/anti_uav410/AU-L02-W01.csv
AU-L02-W01,anti_uav410,11,730010,1,AU-L02-W01,anti_uav_load_2,2,12,10,12,4000,replays/anti_uav410/AU-L02-W01.csv
AU-L02-W01,anti_uav410,12,730011,1,AU-L02-W01,anti_uav_load_2,2,12,10,12,4000,replays/anti_uav410/AU-L02-W01.csv
AU-L02-W01,anti_uav410,13,730012,1,AU-L02-W01,anti_uav_load_2,2,12,10,12,4000,replays/anti_uav410/AU-L02-W01.csv
AU-L02-W01,anti_uav410,14,730013,1,AU-L02-W01,anti_uav_load_2,2,12,10,12,4000,replays/anti_uav410/AU-L02-W01.csv
AU-L02-W01,anti_uav410,15,730014,1,AU-L02-W01,anti_uav_load_2,2,12,10,12,4000,replays/anti_uav410/AU-L02-W01.csv
AU-L02-W01,anti_uav410,16,730015,1,AU-L02-W01,anti_uav_load_2,2,12,10,12,4000,replays/anti_uav410/AU-L02-W01.csv
AU-L02-W01,anti_uav410,17,730016,1,AU-L02-W01,anti_uav_load_2,2,12,10,12,4000,replays/anti_uav410/AU-L02-W01.csv
AU-L02-W01,anti_uav410,18,730017,1,AU-L02-W01,anti_uav_load_2,2,12,10,12,4000,replays/anti_uav410/AU-L02-W01.csv
AU-L02-W01,anti_uav410,19,730018,1,AU-L02-W01,anti_uav_load_2,2,12,10,12,4000,replays/anti_uav410/AU-L02-W01.csv
AU-L02-W01,anti_uav410,20,730019,1,AU-L02-W01,anti_uav_load_2,2,12,10,12,4000,replays/anti_uav410/AU-L02-W01.csv
AU-L02-W01,anti_uav410,21,730020,1,AU-L02-W01,anti_uav_load_2,2,12,10,12,4000,replays/anti_uav410/AU-L02-W01.csv
AU-L02-W01,anti_uav410,22,730021,1,AU-L02-W01,anti_uav_load_2,2,12,10,12,4000,replays/anti_uav410/AU-L02-W01.csv
AU-L02-W01,anti_uav410,23,730022,1,AU-L02-W01,anti_uav_load_2,2,12,10,12,4000,replays/anti_uav410/AU-L02-W01.csv
AU-L02-W01,anti_uav410,24,730023,1,AU-L02-W01,anti_uav_load_2,2,12,10,12,4000,replays/anti_uav410/AU-L02-W01.csv
AU-L02-W01,anti_uav410,25,730024,1,AU-L02-W01,anti_uav_load_2,2,12,10,12,4000,replays/anti_uav410/AU-L02-W01.csv
AU-L02-W01,anti_uav410,26,730025,1,AU-L02-W01,anti_uav_load_2,2,12,10,12,4000,replays/anti_uav410/AU-L02-W01.csv
AU-L02-W01,anti_uav410,27,730026,1,AU-L02-W01,anti_uav_load_2,2,12,10,12,4000,replays/anti_uav410/AU-L02-W01.csv
AU-L02-W01,anti_uav410,28,730027,1,AU-L02-W01,anti_uav_load_2,2,12,10,12,4000,replays/anti_uav410/AU-L02-W01.csv
AU-L02-W01,anti_uav410,29,730028,1,AU-L02-W01,anti_uav_load_2,2,12,10,12,4000,replays/anti_uav410/AU-L02-W01.csv
AU-L02-W01,anti_uav410,30,730029,1,AU-L02-W01,anti_uav_load_2,2,12,10,12,4000,replays/anti_uav410/AU-L02-W01.csv
AU-L02-W02,anti_uav410,1,730100,1,AU-L02-W02,anti_uav_load_2,2,12,10,12,4000,replays/anti_uav410/AU-L02-W02.csv
AU-L02-W02,anti_uav410,2,730101,1,AU-L02-W02,anti_uav_load_2,2,12,10,12,4000,replays/anti_uav410/AU-L02-W02.csv
AU-L02-W02,anti_uav410,3,730102,1,AU-L02-W02,anti_uav_load_2,2,12,10,12,4000,replays/anti_uav410/AU-L02-W02.csv
AU-L02-W02,anti_uav410,4,730103,1,AU-L02-W02,anti_uav_load_2,2,12,10,12,4000,replays/anti_uav410/AU-L02-W02.csv
AU-L02-W02,anti_uav410,5,730104,1,AU-L02-W02,anti_uav_load_2,2,12,10,12,4000,replays/anti_uav410/AU-L02-W02.csv
AU-L02-W02,anti_uav410,6,730105,1,AU-L02-W02,anti_uav_load_2,2,12,10,12,4000,replays/anti_uav410/AU-L02-W02.csv
AU-L02-W02,anti_uav410,7,730106,1,AU-L02-W02,anti_uav_load_2,2,12,10,12,4000,replays/anti_uav410/AU-L02-W02.csv
AU-L02-W02,anti_uav410,8,730107,1,AU-L02-W02,anti_uav_load_2,2,12,10,12,4000,replays/anti_uav410/AU-L02-W02.csv
AU-L02-W02,anti_uav410,9,730108,1,AU-L02-W02,anti_uav_load_2,2,12,10,12,4000,replays/anti_uav410/AU-L02-W02.csv
AU-L02-W02,anti_uav410,10,730109,1,AU-L02-W02,anti_uav_load_2,2,12,10,12,4000,replays/anti_uav410/AU-L02-W02.csv
AU-L02-W02,anti_uav410,11,730110,1,AU-L02-W02,anti_uav_load_2,2,12,10,12,4000,replays/anti_uav410/AU-L02-W02.csv
AU-L02-W02,anti_uav410,12,730111,1,AU-L02-W02,anti_uav_load_2,2,12,10,12,4000,replays/anti_uav410/AU-L02-W02.csv
AU-L02-W02,anti_uav410,13,730112,1,AU-L02-W02,anti_uav_load_2,2,12,10,12,4000,replays/anti_uav410/AU-L02-W02.csv
AU-L02-W02,anti_uav410,14,730113,1,AU-L02-W02,anti_uav_load_2,2,12,10,12,4000,replays/anti_uav410/AU-L02-W02.csv
AU-L02-W02,anti_uav410,15,730114,1,AU-L02-W02,anti_uav_load_2,2,12,10,12,4000,replays/anti_uav410/AU-L02-W02.csv
AU-L02-W02,anti_uav410,16,730115,1,AU-L02-W02,anti_uav_load_2,2,12,10,12,4000,replays/anti_uav410/AU-L02-W02.csv
AU-L02-W02,anti_uav410,17,730116,1,AU-L02-W02,anti_uav_load_2,2,12,10,12,4000,replays/anti_uav410/AU-L02-W02.csv
AU-L02-W02,anti_uav410,18,730117,1,AU-L02-W02,anti_uav_load_2,2,12,10,12,4000,replays/anti_uav410/AU-L02-W02.csv
AU-L02-W02,anti_uav410,19,730118,1,AU-L02-W02,anti_uav_load_2,2,12,10,12,4000,replays/anti_uav410/AU-L02-W02.csv
AU-L02-W02,anti_uav410,20,730119,1,AU-L02-W02,anti_uav_load_2,2,12,10,12,4000,replays/anti_uav410/AU-L02-W02.csv
AU-L02-W02,anti_uav410,21,730120,1,AU-L02-W02,anti_uav_load_2,2,12,10,12,4000,replays/anti_uav410/AU-L02-W02.csv
AU-L02-W02,anti_uav410,22,730121,1,AU-L02-W02,anti_uav_load_2,2,12,10,12,4000,replays/anti_uav410/AU-L02-W02.csv
AU-L02-W02,anti_uav410,23,730122,1,AU-L02-W02,anti_uav_load_2,2,12,10,12,4000,replays/anti_uav410/AU-L02-W02.csv
AU-L02-W02,anti_uav410,24,730123,1,AU-L02-W02,anti_uav_load_2,2,12,10,12,4000,replays/anti_uav410/AU-L02-W02.csv
AU-L02-W02,anti_uav410,25,730124,1,AU-L02-W02,anti_uav_load_2,2,12,10,12,4000,replays/anti_uav410/AU-L02-W02.csv
AU-L02-W02,anti_uav410,26,730125,1,AU-L02-W02,anti_uav_load_2,2,12,10,12,4000,replays/anti_uav410/AU-L02-W02.csv
AU-L02-W02,anti_uav410,27,730126,1,AU-L02-W02,anti_uav_load_2,2,12,10,12,4000,replays/anti_uav410/AU-L02-W02.csv
AU-L02-W02,anti_uav410,28,730127,1,AU-L02-W02,anti_uav_load_2,2,12,10,12,4000,replays/anti_uav410/AU-L02-W02.csv
AU-L02-W02,anti_uav410,29,730128,1,AU-L02-W02,anti_uav_load_2,2,12,10,12,4000,replays/anti_uav410/AU-L02-W02.csv
AU-L02-W02,anti_uav410,30,730129,1,AU-L02-W02,anti_uav_load_2,2,12,10,12,4000,replays/anti_uav410/AU-L02-W02.csv
AU-L02-W03,anti_uav410,1,730200,1,AU-L02-W03,anti_uav_load_2,2,12,10,12,4000,replays/anti_uav410/AU-L02-W03.csv
AU-L02-W03,anti_uav410,2,730201,1,AU-L02-W03,anti_uav_load_2,2,12,10,12,4000,replays/anti_uav410/AU-L02-W03.csv
AU-L02-W03,anti_uav410,3,730202,1,AU-L02-W03,anti_uav_load_2,2,12,10,12,4000,replays/anti_uav410/AU-L02-W03.csv
AU-L02-W03,anti_uav410,4,730203,1,AU-L02-W03,anti_uav_load_2,2,12,10,12,4000,replays/anti_uav410/AU-L02-W03.csv
AU-L02-W03,anti_uav410,5,730204,1,AU-L02-W03,anti_uav_load_2,2,12,10,12,4000,replays/anti_uav410/AU-L02-W03.csv
AU-L02-W03,anti_uav410,6,730205,1,AU-L02-W03,anti_uav_load_2,2,12,10,12,4000,replays/anti_uav410/AU-L02-W03.csv
AU-L02-W03,anti_uav410,7,730206,1,AU-L02-W03,anti_uav_load_2,2,12,10,12,4000,replays/anti_uav410/AU-L02-W03.csv
AU-L02-W03,anti_uav410,8,730207,1,AU-L02-W03,anti_uav_load_2,2,12,10,12,4000,replays/anti_uav410/AU-L02-W03.csv
AU-L02-W03,anti_uav410,9,730208,1,AU-L02-W03,anti_uav_load_2,2,12,10,12,4000,replays/anti_uav410/AU-L02-W03.csv
AU-L02-W03,anti_uav410,10,730209,1,AU-L02-W03,anti_uav_load_2,2,12,10,12,4000,replays/anti_uav410/AU-L02-W03.csv
AU-L02-W03,anti_uav410,11,730210,1,AU-L02-W03,anti_uav_load_2,2,12,10,12,4000,replays/anti_uav410/AU-L02-W03.csv
AU-L02-W03,anti_uav410,12,730211,1,AU-L02-W03,anti_uav_load_2,2,12,10,12,4000,replays/anti_uav410/AU-L02-W03.csv
AU-L02-W03,anti_uav410,13,730212,1,AU-L02-W03,anti_uav_load_2,2,12,10,12,4000,replays/anti_uav410/AU-L02-W03.csv
AU-L02-W03,anti_uav410,14,730213,1,AU-L02-W03,anti_uav_load_2,2,12,10,12,4000,replays/anti_uav410/AU-L02-W03.csv
AU-L02-W03,anti_uav410,15,730214,1,AU-L02-W03,anti_uav_load_2,2,12,10,12,4000,replays/anti_uav410/AU-L02-W03.csv
AU-L02-W03,anti_uav410,16,730215,1,AU-L02-W03,anti_uav_load_2,2,12,10,12,4000,replays/anti_uav410/AU-L02-W03.csv
AU-L02-W03,anti_uav410,17,730216,1,AU-L02-W03,anti_uav_load_2,2,12,10,12,4000,replays/anti_uav410/AU-L02-W03.csv
AU-L02-W03,anti_uav410,18,730217,1,AU-L02-W03,anti_uav_load_2,2,12,10,12,4000,replays/anti_uav410/AU-L02-W03.csv
AU-L02-W03,anti_uav410,19,730218,1,AU-L02-W03,anti_uav_load_2,2,12,10,12,4000,replays/anti_uav410/AU-L02-W03.csv
AU-L02-W03,anti_uav410,20,730219,1,AU-L02-W03,anti_uav_load_2,2,12,10,12,4000,replays/anti_uav410/AU-L02-W03.csv
AU-L02-W03,anti_uav410,21,730220,1,AU-L02-W03,anti_uav_load_2,2,12,10,12,4000,replays/anti_uav410/AU-L02-W03.csv
AU-L02-W03,anti_uav410,22,730221,1,AU-L02-W03,anti_uav_load_2,2,12,10,12,4000,replays/anti_uav410/AU-L02-W03.csv
AU-L02-W03,anti_uav410,23,730222,1,AU-L02-W03,anti_uav_load_2,2,12,10,12,4000,replays/anti_uav410/AU-L02-W03.csv
AU-L02-W03,anti_uav410,24,730223,1,AU-L02-W03,anti_uav_load_2,2,12,10,12,4000,replays/anti_uav410/AU-L02-W03.csv
AU-L02-W03,anti_uav410,25,730224,1,AU-L02-W03,anti_uav_load_2,2,12,10,12,4000,replays/anti_uav410/AU-L02-W03.csv
AU-L02-W03,anti_uav410,26,730225,1,AU-L02-W03,anti_uav_load_2,2,12,10,12,4000,replays/anti_uav410/AU-L02-W03.csv
AU-L02-W03,anti_uav410,27,730226,1,AU-L02-W03,anti_uav_load_2,2,12,10,12,4000,replays/anti_uav410/AU-L02-W03.csv
AU-L02-W03,anti_uav410,28,730227,1,AU-L02-W03,anti_uav_load_2,2,12,10,12,4000,replays/anti_uav410/AU-L02-W03.csv
AU-L02-W03,anti_uav410,29,730228,1,AU-L02-W03,anti_uav_load_2,2,12,10,12,4000,replays/anti_uav410/AU-L02-W03.csv
AU-L02-W03,anti_uav410,30,730229,1,AU-L02-W03,anti_uav_load_2,2,12,10,12,4000,replays/anti_uav410/AU-L02-W03.csv
AU-L02-W04,anti_uav410,1,730300,1,AU-L02-W04,anti_uav_load_2,2,12,10,12,4000,replays/anti_uav410/AU-L02-W04.csv
AU-L02-W04,anti_uav410,2,730301,1,AU-L02-W04,anti_uav_load_2,2,12,10,12,4000,replays/anti_uav410/AU-L02-W04.csv
AU-L02-W04,anti_uav410,3,730302,1,AU-L02-W04,anti_uav_load_2,2,12,10,12,4000,replays/anti_uav410/AU-L02-W04.csv
AU-L02-W04,anti_uav410,4,730303,1,AU-L02-W04,anti_uav_load_2,2,12,10,12,4000,replays/anti_uav410/AU-L02-W04.csv
AU-L02-W04,anti_uav410,5,730304,1,AU-L02-W04,anti_uav_load_2,2,12,10,12,4000,replays/anti_uav410/AU-L02-W04.csv
AU-L02-W04,anti_uav410,6,730305,1,AU-L02-W04,anti_uav_load_2,2,12,10,12,4000,replays/anti_uav410/AU-L02-W04.csv
AU-L02-W04,anti_uav410,7,730306,1,AU-L02-W04,anti_uav_load_2,2,12,10,12,4000,replays/anti_uav410/AU-L02-W04.csv
AU-L02-W04,anti_uav410,8,730307,1,AU-L02-W04,anti_uav_load_2,2,12,10,12,4000,replays/anti_uav410/AU-L02-W04.csv
AU-L02-W04,anti_uav410,9,730308,1,AU-L02-W04,anti_uav_load_2,2,12,10,12,4000,replays/anti_uav410/AU-L02-W04.csv
AU-L02-W04,anti_uav410,10,730309,1,AU-L02-W04,anti_uav_load_2,2,12,10,12,4000,replays/anti_uav410/AU-L02-W04.csv
AU-L02-W04,anti_uav410,11,730310,1,AU-L02-W04,anti_uav_load_2,2,12,10,12,4000,replays/anti_uav410/AU-L02-W04.csv
AU-L02-W04,anti_uav410,12,730311,1,AU-L02-W04,anti_uav_load_2,2,12,10,12,4000,replays/anti_uav410/AU-L02-W04.csv
AU-L02-W04,anti_uav410,13,730312,1,AU-L02-W04,anti_uav_load_2,2,12,10,12,4000,replays/anti_uav410/AU-L02-W04.csv
AU-L02-W04,anti_uav410,14,730313,1,AU-L02-W04,anti_uav_load_2,2,12,10,12,4000,replays/anti_uav410/AU-L02-W04.csv
AU-L02-W04,anti_uav410,15,730314,1,AU-L02-W04,anti_uav_load_2,2,12,10,12,4000,replays/anti_uav410/AU-L02-W04.csv
AU-L02-W04,anti_uav410,16,730315,1,AU-L02-W04,anti_uav_load_2,2,12,10,12,4000,replays/anti_uav410/AU-L02-W04.csv
AU-L02-W04,anti_uav410,17,730316,1,AU-L02-W04,anti_uav_load_2,2,12,10,12,4000,replays/anti_uav410/AU-L02-W04.csv
AU-L02-W04,anti_uav410,18,730317,1,AU-L02-W04,anti_uav_load_2,2,12,10,12,4000,replays/anti_uav410/AU-L02-W04.csv
AU-L02-W04,anti_uav410,19,730318,1,AU-L02-W04,anti_uav_load_2,2,12,10,12,4000,replays/anti_uav410/AU-L02-W04.csv
AU-L02-W04,anti_uav410,20,730319,1,AU-L02-W04,anti_uav_load_2,2,12,10,12,4000,replays/anti_uav410/AU-L02-W04.csv
AU-L02-W04,anti_uav410,21,730320,1,AU-L02-W04,anti_uav_load_2,2,12,10,12,4000,replays/anti_uav410/AU-L02-W04.csv
AU-L02-W04,anti_uav410,22,730321,1,AU-L02-W04,anti_uav_load_2,2,12,10,12,4000,replays/anti_uav410/AU-L02-W04.csv
AU-L02-W04,anti_uav410,23,730322,1,AU-L02-W04,anti_uav_load_2,2,12,10,12,4000,replays/anti_uav410/AU-L02-W04.csv
AU-L02-W04,anti_uav410,24,730323,1,AU-L02-W04,anti_uav_load_2,2,12,10,12,4000,replays/anti_uav410/AU-L02-W04.csv
AU-L02-W04,anti_uav410,25,730324,1,AU-L02-W04,anti_uav_load_2,2,12,10,12,4000,replays/anti_uav410/AU-L02-W04.csv
AU-L02-W04,anti_uav410,26,730325,1,AU-L02-W04,anti_uav_load_2,2,12,10,12,4000,replays/anti_uav410/AU-L02-W04.csv
AU-L02-W04,anti_uav410,27,730326,1,AU-L02-W04,anti_uav_load_2,2,12,10,12,4000,replays/anti_uav410/AU-L02-W04.csv
AU-L02-W04,anti_uav410,28,730327,1,AU-L02-W04,anti_uav_load_2,2,12,10,12,4000,replays/anti_uav410/AU-L02-W04.csv
AU-L02-W04,anti_uav410,29,730328,1,AU-L02-W04,anti_uav_load_2,2,12,10,12,4000,replays/anti_uav410/AU-L02-W04.csv
AU-L02-W04,anti_uav410,30,730329,1,AU-L02-W04,anti_uav_load_2,2,12,10,12,4000,replays/anti_uav410/AU-L02-W04.csv
AU-L02-W05,anti_uav410,1,730400,1,AU-L02-W05,anti_uav_load_2,2,12,10,12,4000,replays/anti_uav410/AU-L02-W05.csv
AU-L02-W05,anti_uav410,2,730401,1,AU-L02-W05,anti_uav_load_2,2,12,10,12,4000,replays/anti_uav410/AU-L02-W05.csv
AU-L02-W05,anti_uav410,3,730402,1,AU-L02-W05,anti_uav_load_2,2,12,10,12,4000,replays/anti_uav410/AU-L02-W05.csv
AU-L02-W05,anti_uav410,4,730403,1,AU-L02-W05,anti_uav_load_2,2,12,10,12,4000,replays/anti_uav410/AU-L02-W05.csv
AU-L02-W05,anti_uav410,5,730404,1,AU-L02-W05,anti_uav_load_2,2,12,10,12,4000,replays/anti_uav410/AU-L02-W05.csv
AU-L02-W05,anti_uav410,6,730405,1,AU-L02-W05,anti_uav_load_2,2,12,10,12,4000,replays/anti_uav410/AU-L02-W05.csv
AU-L02-W05,anti_uav410,7,730406,1,AU-L02-W05,anti_uav_load_2,2,12,10,12,4000,replays/anti_uav410/AU-L02-W05.csv
AU-L02-W05,anti_uav410,8,730407,1,AU-L02-W05,anti_uav_load_2,2,12,10,12,4000,replays/anti_uav410/AU-L02-W05.csv
AU-L02-W05,anti_uav410,9,730408,1,AU-L02-W05,anti_uav_load_2,2,12,10,12,4000,replays/anti_uav410/AU-L02-W05.csv
AU-L02-W05,anti_uav410,10,730409,1,AU-L02-W05,anti_uav_load_2,2,12,10,12,4000,replays/anti_uav410/AU-L02-W05.csv
AU-L02-W05,anti_uav410,11,730410,1,AU-L02-W05,anti_uav_load_2,2,12,10,12,4000,replays/anti_uav410/AU-L02-W05.csv
AU-L02-W05,anti_uav410,12,730411,1,AU-L02-W05,anti_uav_load_2,2,12,10,12,4000,replays/anti_uav410/AU-L02-W05.csv
AU-L02-W05,anti_uav410,13,730412,1,AU-L02-W05,anti_uav_load_2,2,12,10,12,4000,replays/anti_uav410/AU-L02-W05.csv
AU-L02-W05,anti_uav410,14,730413,1,AU-L02-W05,anti_uav_load_2,2,12,10,12,4000,replays/anti_uav410/AU-L02-W05.csv
AU-L02-W05,anti_uav410,15,730414,1,AU-L02-W05,anti_uav_load_2,2,12,10,12,4000,replays/anti_uav410/AU-L02-W05.csv
AU-L02-W05,anti_uav410,16,730415,1,AU-L02-W05,anti_uav_load_2,2,12,10,12,4000,replays/anti_uav410/AU-L02-W05.csv
AU-L02-W05,anti_uav410,17,730416,1,AU-L02-W05,anti_uav_load_2,2,12,10,12,4000,replays/anti_uav410/AU-L02-W05.csv
AU-L02-W05,anti_uav410,18,730417,1,AU-L02-W05,anti_uav_load_2,2,12,10,12,4000,replays/anti_uav410/AU-L02-W05.csv
AU-L02-W05,anti_uav410,19,730418,1,AU-L02-W05,anti_uav_load_2,2,12,10,12,4000,replays/anti_uav410/AU-L02-W05.csv
AU-L02-W05,anti_uav410,20,730419,1,AU-L02-W05,anti_uav_load_2,2,12,10,12,4000,replays/anti_uav410/AU-L02-W05.csv
AU-L02-W05,anti_uav410,21,730420,1,AU-L02-W05,anti_uav_load_2,2,12,10,12,4000,replays/anti_uav410/AU-L02-W05.csv
AU-L02-W05,anti_uav410,22,730421,1,AU-L02-W05,anti_uav_load_2,2,12,10,12,4000,replays/anti_uav410/AU-L02-W05.csv
AU-L02-W05,anti_uav410,23,730422,1,AU-L02-W05,anti_uav_load_2,2,12,10,12,4000,replays/anti_uav410/AU-L02-W05.csv
AU-L02-W05,anti_uav410,24,730423,1,AU-L02-W05,anti_uav_load_2,2,12,10,12,4000,replays/anti_uav410/AU-L02-W05.csv
AU-L02-W05,anti_uav410,25,730424,1,AU-L02-W05,anti_uav_load_2,2,12,10,12,4000,replays/anti_uav410/AU-L02-W05.csv
AU-L02-W05,anti_uav410,26,730425,1,AU-L02-W05,anti_uav_load_2,2,12,10,12,4000,replays/anti_uav410/AU-L02-W05.csv
AU-L02-W05,anti_uav410,27,730426,1,AU-L02-W05,anti_uav_load_2,2,12,10,12,4000,replays/anti_uav410/AU-L02-W05.csv
AU-L02-W05,anti_uav410,28,730427,1,AU-L02-W05,anti_uav_load_2,2,12,10,12,4000,replays/anti_uav410/AU-L02-W05.csv
AU-L02-W05,anti_uav410,29,730428,1,AU-L02-W05,anti_uav_load_2,2,12,10,12,4000,replays/anti_uav410/AU-L02-W05.csv
AU-L02-W05,anti_uav410,30,730429,1,AU-L02-W05,anti_uav_load_2,2,12,10,12,4000,replays/anti_uav410/AU-L02-W05.csv
AU-L02-W06,anti_uav410,1,730500,1,AU-L02-W06,anti_uav_load_2,2,12,10,12,4000,replays/anti_uav410/AU-L02-W06.csv
AU-L02-W06,anti_uav410,2,730501,1,AU-L02-W06,anti_uav_load_2,2,12,10,12,4000,replays/anti_uav410/AU-L02-W06.csv
AU-L02-W06,anti_uav410,3,730502,1,AU-L02-W06,anti_uav_load_2,2,12,10,12,4000,replays/anti_uav410/AU-L02-W06.csv
AU-L02-W06,anti_uav410,4,730503,1,AU-L02-W06,anti_uav_load_2,2,12,10,12,4000,replays/anti_uav410/AU-L02-W06.csv
AU-L02-W06,anti_uav410,5,730504,1,AU-L02-W06,anti_uav_load_2,2,12,10,12,4000,replays/anti_uav410/AU-L02-W06.csv
AU-L02-W06,anti_uav410,6,730505,1,AU-L02-W06,anti_uav_load_2,2,12,10,12,4000,replays/anti_uav410/AU-L02-W06.csv
AU-L02-W06,anti_uav410,7,730506,1,AU-L02-W06,anti_uav_load_2,2,12,10,12,4000,replays/anti_uav410/AU-L02-W06.csv
AU-L02-W06,anti_uav410,8,730507,1,AU-L02-W06,anti_uav_load_2,2,12,10,12,4000,replays/anti_uav410/AU-L02-W06.csv
AU-L02-W06,anti_uav410,9,730508,1,AU-L02-W06,anti_uav_load_2,2,12,10,12,4000,replays/anti_uav410/AU-L02-W06.csv
AU-L02-W06,anti_uav410,10,730509,1,AU-L02-W06,anti_uav_load_2,2,12,10,12,4000,replays/anti_uav410/AU-L02-W06.csv
AU-L02-W06,anti_uav410,11,730510,1,AU-L02-W06,anti_uav_load_2,2,12,10,12,4000,replays/anti_uav410/AU-L02-W06.csv
AU-L02-W06,anti_uav410,12,730511,1,AU-L02-W06,anti_uav_load_2,2,12,10,12,4000,replays/anti_uav410/AU-L02-W06.csv
AU-L02-W06,anti_uav410,13,730512,1,AU-L02-W06,anti_uav_load_2,2,12,10,12,4000,replays/anti_uav410/AU-L02-W06.csv
AU-L02-W06,anti_uav410,14,730513,1,AU-L02-W06,anti_uav_load_2,2,12,10,12,4000,replays/anti_uav410/AU-L02-W06.csv
AU-L02-W06,anti_uav410,15,730514,1,AU-L02-W06,anti_uav_load_2,2,12,10,12,4000,replays/anti_uav410/AU-L02-W06.csv
AU-L02-W06,anti_uav410,16,730515,1,AU-L02-W06,anti_uav_load_2,2,12,10,12,4000,replays/anti_uav410/AU-L02-W06.csv
AU-L02-W06,anti_uav410,17,730516,1,AU-L02-W06,anti_uav_load_2,2,12,10,12,4000,replays/anti_uav410/AU-L02-W06.csv
AU-L02-W06,anti_uav410,18,730517,1,AU-L02-W06,anti_uav_load_2,2,12,10,12,4000,replays/anti_uav410/AU-L02-W06.csv
AU-L02-W06,anti_uav410,19,730518,1,AU-L02-W06,anti_uav_load_2,2,12,10,12,4000,replays/anti_uav410/AU-L02-W06.csv
AU-L02-W06,anti_uav410,20,730519,1,AU-L02-W06,anti_uav_load_2,2,12,10,12,4000,replays/anti_uav410/AU-L02-W06.csv
AU-L02-W06,anti_uav410,21,730520,1,AU-L02-W06,anti_uav_load_2,2,12,10,12,4000,replays/anti_uav410/AU-L02-W06.csv
AU-L02-W06,anti_uav410,22,730521,1,AU-L02-W06,anti_uav_load_2,2,12,10,12,4000,replays/anti_uav410/AU-L02-W06.csv
AU-L02-W06,anti_uav410,23,730522,1,AU-L02-W06,anti_uav_load_2,2,12,10,12,4000,replays/anti_uav410/AU-L02-W06.csv
AU-L02-W06,anti_uav410,24,730523,1,AU-L02-W06,anti_uav_load_2,2,12,10,12,4000,replays/anti_uav410/AU-L02-W06.csv
AU-L02-W06,anti_uav410,25,730524,1,AU-L02-W06,anti_uav_load_2,2,12,10,12,4000,replays/anti_uav410/AU-L02-W06.csv
AU-L02-W06,anti_uav410,26,730525,1,AU-L02-W06,anti_uav_load_2,2,12,10,12,4000,replays/anti_uav410/AU-L02-W06.csv
AU-L02-W06,anti_uav410,27,730526,1,AU-L02-W06,anti_uav_load_2,2,12,10,12,4000,replays/anti_uav410/AU-L02-W06.csv
AU-L02-W06,anti_uav410,28,730527,1,AU-L02-W06,anti_uav_load_2,2,12,10,12,4000,replays/anti_uav410/AU-L02-W06.csv
AU-L02-W06,anti_uav410,29,730528,1,AU-L02-W06,anti_uav_load_2,2,12,10,12,4000,replays/anti_uav410/AU-L02-W06.csv
AU-L02-W06,anti_uav410,30,730529,1,AU-L02-W06,anti_uav_load_2,2,12,10,12,4000,replays/anti_uav410/AU-L02-W06.csv
AU-L02-W07,anti_uav410,1,730600,1,AU-L02-W07,anti_uav_load_2,2,12,10,12,4000,replays/anti_uav410/AU-L02-W07.csv
AU-L02-W07,anti_uav410,2,730601,1,AU-L02-W07,anti_uav_load_2,2,12,10,12,4000,replays/anti_uav410/AU-L02-W07.csv
AU-L02-W07,anti_uav410,3,730602,1,AU-L02-W07,anti_uav_load_2,2,12,10,12,4000,replays/anti_uav410/AU-L02-W07.csv
AU-L02-W07,anti_uav410,4,730603,1,AU-L02-W07,anti_uav_load_2,2,12,10,12,4000,replays/anti_uav410/AU-L02-W07.csv
AU-L02-W07,anti_uav410,5,730604,1,AU-L02-W07,anti_uav_load_2,2,12,10,12,4000,replays/anti_uav410/AU-L02-W07.csv
AU-L02-W07,anti_uav410,6,730605,1,AU-L02-W07,anti_uav_load_2,2,12,10,12,4000,replays/anti_uav410/AU-L02-W07.csv
AU-L02-W07,anti_uav410,7,730606,1,AU-L02-W07,anti_uav_load_2,2,12,10,12,4000,replays/anti_uav410/AU-L02-W07.csv
AU-L02-W07,anti_uav410,8,730607,1,AU-L02-W07,anti_uav_load_2,2,12,10,12,4000,replays/anti_uav410/AU-L02-W07.csv
AU-L02-W07,anti_uav410,9,730608,1,AU-L02-W07,anti_uav_load_2,2,12,10,12,4000,replays/anti_uav410/AU-L02-W07.csv
AU-L02-W07,anti_uav410,10,730609,1,AU-L02-W07,anti_uav_load_2,2,12,10,12,4000,replays/anti_uav410/AU-L02-W07.csv
AU-L02-W07,anti_uav410,11,730610,1,AU-L02-W07,anti_uav_load_2,2,12,10,12,4000,replays/anti_uav410/AU-L02-W07.csv
AU-L02-W07,anti_uav410,12,730611,1,AU-L02-W07,anti_uav_load_2,2,12,10,12,4000,replays/anti_uav410/AU-L02-W07.csv
AU-L02-W07,anti_uav410,13,730612,1,AU-L02-W07,anti_uav_load_2,2,12,10,12,4000,replays/anti_uav410/AU-L02-W07.csv
AU-L02-W07,anti_uav410,14,730613,1,AU-L02-W07,anti_uav_load_2,2,12,10,12,4000,replays/anti_uav410/AU-L02-W07.csv
AU-L02-W07,anti_uav410,15,730614,1,AU-L02-W07,anti_uav_load_2,2,12,10,12,4000,replays/anti_uav410/AU-L02-W07.csv
AU-L02-W07,anti_uav410,16,730615,1,AU-L02-W07,anti_uav_load_2,2,12,10,12,4000,replays/anti_uav410/AU-L02-W07.csv
AU-L02-W07,anti_uav410,17,730616,1,AU-L02-W07,anti_uav_load_2,2,12,10,12,4000,replays/anti_uav410/AU-L02-W07.csv
AU-L02-W07,anti_uav410,18,730617,1,AU-L02-W07,anti_uav_load_2,2,12,10,12,4000,replays/anti_uav410/AU-L02-W07.csv
AU-L02-W07,anti_uav410,19,730618,1,AU-L02-W07,anti_uav_load_2,2,12,10,12,4000,replays/anti_uav410/AU-L02-W07.csv
AU-L02-W07,anti_uav410,20,730619,1,AU-L02-W07,anti_uav_load_2,2,12,10,12,4000,replays/anti_uav410/AU-L02-W07.csv
AU-L02-W07,anti_uav410,21,730620,1,AU-L02-W07,anti_uav_load_2,2,12,10,12,4000,replays/anti_uav410/AU-L02-W07.csv
AU-L02-W07,anti_uav410,22,730621,1,AU-L02-W07,anti_uav_load_2,2,12,10,12,4000,replays/anti_uav410/AU-L02-W07.csv
AU-L02-W07,anti_uav410,23,730622,1,AU-L02-W07,anti_uav_load_2,2,12,10,12,4000,replays/anti_uav410/AU-L02-W07.csv
AU-L02-W07,anti_uav410,24,730623,1,AU-L02-W07,anti_uav_load_2,2,12,10,12,4000,replays/anti_uav410/AU-L02-W07.csv
AU-L02-W07,anti_uav410,25,730624,1,AU-L02-W07,anti_uav_load_2,2,12,10,12,4000,replays/anti_uav410/AU-L02-W07.csv
AU-L02-W07,anti_uav410,26,730625,1,AU-L02-W07,anti_uav_load_2,2,12,10,12,4000,replays/anti_uav410/AU-L02-W07.csv
AU-L02-W07,anti_uav410,27,730626,1,AU-L02-W07,anti_uav_load_2,2,12,10,12,4000,replays/anti_uav410/AU-L02-W07.csv
AU-L02-W07,anti_uav410,28,730627,1,AU-L02-W07,anti_uav_load_2,2,12,10,12,4000,replays/anti_uav410/AU-L02-W07.csv
AU-L02-W07,anti_uav410,29,730628,1,AU-L02-W07,anti_uav_load_2,2,12,10,12,4000,replays/anti_uav410/AU-L02-W07.csv
AU-L02-W07,anti_uav410,30,730629,1,AU-L02-W07,anti_uav_load_2,2,12,10,12,4000,replays/anti_uav410/AU-L02-W07.csv
AU-L02-W08,anti_uav410,1,730700,1,AU-L02-W08,anti_uav_load_2,2,12,10,12,4000,replays/anti_uav410/AU-L02-W08.csv
AU-L02-W08,anti_uav410,2,730701,1,AU-L02-W08,anti_uav_load_2,2,12,10,12,4000,replays/anti_uav410/AU-L02-W08.csv
AU-L02-W08,anti_uav410,3,730702,1,AU-L02-W08,anti_uav_load_2,2,12,10,12,4000,replays/anti_uav410/AU-L02-W08.csv
AU-L02-W08,anti_uav410,4,730703,1,AU-L02-W08,anti_uav_load_2,2,12,10,12,4000,replays/anti_uav410/AU-L02-W08.csv
AU-L02-W08,anti_uav410,5,730704,1,AU-L02-W08,anti_uav_load_2,2,12,10,12,4000,replays/anti_uav410/AU-L02-W08.csv
AU-L02-W08,anti_uav410,6,730705,1,AU-L02-W08,anti_uav_load_2,2,12,10,12,4000,replays/anti_uav410/AU-L02-W08.csv
AU-L02-W08,anti_uav410,7,730706,1,AU-L02-W08,anti_uav_load_2,2,12,10,12,4000,replays/anti_uav410/AU-L02-W08.csv
AU-L02-W08,anti_uav410,8,730707,1,AU-L02-W08,anti_uav_load_2,2,12,10,12,4000,replays/anti_uav410/AU-L02-W08.csv
AU-L02-W08,anti_uav410,9,730708,1,AU-L02-W08,anti_uav_load_2,2,12,10,12,4000,replays/anti_uav410/AU-L02-W08.csv
AU-L02-W08,anti_uav410,10,730709,1,AU-L02-W08,anti_uav_load_2,2,12,10,12,4000,replays/anti_uav410/AU-L02-W08.csv
AU-L02-W08,anti_uav410,11,730710,1,AU-L02-W08,anti_uav_load_2,2,12,10,12,4000,replays/anti_uav410/AU-L02-W08.csv
AU-L02-W08,anti_uav410,12,730711,1,AU-L02-W08,anti_uav_load_2,2,12,10,12,4000,replays/anti_uav410/AU-L02-W08.csv
AU-L02-W08,anti_uav410,13,730712,1,AU-L02-W08,anti_uav_load_2,2,12,10,12,4000,replays/anti_uav410/AU-L02-W08.csv
AU-L02-W08,anti_uav410,14,730713,1,AU-L02-W08,anti_uav_load_2,2,12,10,12,4000,replays/anti_uav410/AU-L02-W08.csv
AU-L02-W08,anti_uav410,15,730714,1,AU-L02-W08,anti_uav_load_2,2,12,10,12,4000,replays/anti_uav410/AU-L02-W08.csv
AU-L02-W08,anti_uav410,16,730715,1,AU-L02-W08,anti_uav_load_2,2,12,10,12,4000,replays/anti_uav410/AU-L02-W08.csv
AU-L02-W08,anti_uav410,17,730716,1,AU-L02-W08,anti_uav_load_2,2,12,10,12,4000,replays/anti_uav410/AU-L02-W08.csv
AU-L02-W08,anti_uav410,18,730717,1,AU-L02-W08,anti_uav_load_2,2,12,10,12,4000,replays/anti_uav410/AU-L02-W08.csv
AU-L02-W08,anti_uav410,19,730718,1,AU-L02-W08,anti_uav_load_2,2,12,10,12,4000,replays/anti_uav410/AU-L02-W08.csv
AU-L02-W08,anti_uav410,20,730719,1,AU-L02-W08,anti_uav_load_2,2,12,10,12,4000,replays/anti_uav410/AU-L02-W08.csv
AU-L02-W08,anti_uav410,21,730720,1,AU-L02-W08,anti_uav_load_2,2,12,10,12,4000,replays/anti_uav410/AU-L02-W08.csv
AU-L02-W08,anti_uav410,22,730721,1,AU-L02-W08,anti_uav_load_2,2,12,10,12,4000,replays/anti_uav410/AU-L02-W08.csv
AU-L02-W08,anti_uav410,23,730722,1,AU-L02-W08,anti_uav_load_2,2,12,10,12,4000,replays/anti_uav410/AU-L02-W08.csv
AU-L02-W08,anti_uav410,24,730723,1,AU-L02-W08,anti_uav_load_2,2,12,10,12,4000,replays/anti_uav410/AU-L02-W08.csv
AU-L02-W08,anti_uav410,25,730724,1,AU-L02-W08,anti_uav_load_2,2,12,10,12,4000,replays/anti_uav410/AU-L02-W08.csv
AU-L02-W08,anti_uav410,26,730725,1,AU-L02-W08,anti_uav_load_2,2,12,10,12,4000,replays/anti_uav410/AU-L02-W08.csv
AU-L02-W08,anti_uav410,27,730726,1,AU-L02-W08,anti_uav_load_2,2,12,10,12,4000,replays/anti_uav410/AU-L02-W08.csv
AU-L02-W08,anti_uav410,28,730727,1,AU-L02-W08,anti_uav_load_2,2,12,10,12,4000,replays/anti_uav410/AU-L02-W08.csv
AU-L02-W08,anti_uav410,29,730728,1,AU-L02-W08,anti_uav_load_2,2,12,10,12,4000,replays/anti_uav410/AU-L02-W08.csv
AU-L02-W08,anti_uav410,30,730729,1,AU-L02-W08,anti_uav_load_2,2,12,10,12,4000,replays/anti_uav410/AU-L02-W08.csv
AU-L02-W09,anti_uav410,1,730800,1,AU-L02-W09,anti_uav_load_2,2,12,10,12,4000,replays/anti_uav410/AU-L02-W09.csv
AU-L02-W09,anti_uav410,2,730801,1,AU-L02-W09,anti_uav_load_2,2,12,10,12,4000,replays/anti_uav410/AU-L02-W09.csv
AU-L02-W09,anti_uav410,3,730802,1,AU-L02-W09,anti_uav_load_2,2,12,10,12,4000,replays/anti_uav410/AU-L02-W09.csv
AU-L02-W09,anti_uav410,4,730803,1,AU-L02-W09,anti_uav_load_2,2,12,10,12,4000,replays/anti_uav410/AU-L02-W09.csv
AU-L02-W09,anti_uav410,5,730804,1,AU-L02-W09,anti_uav_load_2,2,12,10,12,4000,replays/anti_uav410/AU-L02-W09.csv
AU-L02-W09,anti_uav410,6,730805,1,AU-L02-W09,anti_uav_load_2,2,12,10,12,4000,replays/anti_uav410/AU-L02-W09.csv
AU-L02-W09,anti_uav410,7,730806,1,AU-L02-W09,anti_uav_load_2,2,12,10,12,4000,replays/anti_uav410/AU-L02-W09.csv
AU-L02-W09,anti_uav410,8,730807,1,AU-L02-W09,anti_uav_load_2,2,12,10,12,4000,replays/anti_uav410/AU-L02-W09.csv
AU-L02-W09,anti_uav410,9,730808,1,AU-L02-W09,anti_uav_load_2,2,12,10,12,4000,replays/anti_uav410/AU-L02-W09.csv
AU-L02-W09,anti_uav410,10,730809,1,AU-L02-W09,anti_uav_load_2,2,12,10,12,4000,replays/anti_uav410/AU-L02-W09.csv
AU-L02-W09,anti_uav410,11,730810,1,AU-L02-W09,anti_uav_load_2,2,12,10,12,4000,replays/anti_uav410/AU-L02-W09.csv
AU-L02-W09,anti_uav410,12,730811,1,AU-L02-W09,anti_uav_load_2,2,12,10,12,4000,replays/anti_uav410/AU-L02-W09.csv
AU-L02-W09,anti_uav410,13,730812,1,AU-L02-W09,anti_uav_load_2,2,12,10,12,4000,replays/anti_uav410/AU-L02-W09.csv
AU-L02-W09,anti_uav410,14,730813,1,AU-L02-W09,anti_uav_load_2,2,12,10,12,4000,replays/anti_uav410/AU-L02-W09.csv
AU-L02-W09,anti_uav410,15,730814,1,AU-L02-W09,anti_uav_load_2,2,12,10,12,4000,replays/anti_uav410/AU-L02-W09.csv
AU-L02-W09,anti_uav410,16,730815,1,AU-L02-W09,anti_uav_load_2,2,12,10,12,4000,replays/anti_uav410/AU-L02-W09.csv
AU-L02-W09,anti_uav410,17,730816,1,AU-L02-W09,anti_uav_load_2,2,12,10,12,4000,replays/anti_uav410/AU-L02-W09.csv
AU-L02-W09,anti_uav410,18,730817,1,AU-L02-W09,anti_uav_load_2,2,12,10,12,4000,replays/anti_uav410/AU-L02-W09.csv
AU-L02-W09,anti_uav410,19,730818,1,AU-L02-W09,anti_uav_load_2,2,12,10,12,4000,replays/anti_uav410/AU-L02-W09.csv
AU-L02-W09,anti_uav410,20,730819,1,AU-L02-W09,anti_uav_load_2,2,12,10,12,4000,replays/anti_uav410/AU-L02-W09.csv
AU-L02-W09,anti_uav410,21,730820,1,AU-L02-W09,anti_uav_load_2,2,12,10,12,4000,replays/anti_uav410/AU-L02-W09.csv
AU-L02-W09,anti_uav410,22,730821,1,AU-L02-W09,anti_uav_load_2,2,12,10,12,4000,replays/anti_uav410/AU-L02-W09.csv
AU-L02-W09,anti_uav410,23,730822,1,AU-L02-W09,anti_uav_load_2,2,12,10,12,4000,replays/anti_uav410/AU-L02-W09.csv
AU-L02-W09,anti_uav410,24,730823,1,AU-L02-W09,anti_uav_load_2,2,12,10,12,4000,replays/anti_uav410/AU-L02-W09.csv
AU-L02-W09,anti_uav410,25,730824,1,AU-L02-W09,anti_uav_load_2,2,12,10,12,4000,replays/anti_uav410/AU-L02-W09.csv
AU-L02-W09,anti_uav410,26,730825,1,AU-L02-W09,anti_uav_load_2,2,12,10,12,4000,replays/anti_uav410/AU-L02-W09.csv
AU-L02-W09,anti_uav410,27,730826,1,AU-L02-W09,anti_uav_load_2,2,12,10,12,4000,replays/anti_uav410/AU-L02-W09.csv
AU-L02-W09,anti_uav410,28,730827,1,AU-L02-W09,anti_uav_load_2,2,12,10,12,4000,replays/anti_uav410/AU-L02-W09.csv
AU-L02-W09,anti_uav410,29,730828,1,AU-L02-W09,anti_uav_load_2,2,12,10,12,4000,replays/anti_uav410/AU-L02-W09.csv
AU-L02-W09,anti_uav410,30,730829,1,AU-L02-W09,anti_uav_load_2,2,12,10,12,4000,replays/anti_uav410/AU-L02-W09.csv
AU-L02-W10,anti_uav410,1,730900,1,AU-L02-W10,anti_uav_load_2,2,12,10,12,4000,replays/anti_uav410/AU-L02-W10.csv
AU-L02-W10,anti_uav410,2,730901,1,AU-L02-W10,anti_uav_load_2,2,12,10,12,4000,replays/anti_uav410/AU-L02-W10.csv
AU-L02-W10,anti_uav410,3,730902,1,AU-L02-W10,anti_uav_load_2,2,12,10,12,4000,replays/anti_uav410/AU-L02-W10.csv
AU-L02-W10,anti_uav410,4,730903,1,AU-L02-W10,anti_uav_load_2,2,12,10,12,4000,replays/anti_uav410/AU-L02-W10.csv
AU-L02-W10,anti_uav410,5,730904,1,AU-L02-W10,anti_uav_load_2,2,12,10,12,4000,replays/anti_uav410/AU-L02-W10.csv
AU-L02-W10,anti_uav410,6,730905,1,AU-L02-W10,anti_uav_load_2,2,12,10,12,4000,replays/anti_uav410/AU-L02-W10.csv
AU-L02-W10,anti_uav410,7,730906,1,AU-L02-W10,anti_uav_load_2,2,12,10,12,4000,replays/anti_uav410/AU-L02-W10.csv
AU-L02-W10,anti_uav410,8,730907,1,AU-L02-W10,anti_uav_load_2,2,12,10,12,4000,replays/anti_uav410/AU-L02-W10.csv
AU-L02-W10,anti_uav410,9,730908,1,AU-L02-W10,anti_uav_load_2,2,12,10,12,4000,replays/anti_uav410/AU-L02-W10.csv
AU-L02-W10,anti_uav410,10,730909,1,AU-L02-W10,anti_uav_load_2,2,12,10,12,4000,replays/anti_uav410/AU-L02-W10.csv
AU-L02-W10,anti_uav410,11,730910,1,AU-L02-W10,anti_uav_load_2,2,12,10,12,4000,replays/anti_uav410/AU-L02-W10.csv
AU-L02-W10,anti_uav410,12,730911,1,AU-L02-W10,anti_uav_load_2,2,12,10,12,4000,replays/anti_uav410/AU-L02-W10.csv
AU-L02-W10,anti_uav410,13,730912,1,AU-L02-W10,anti_uav_load_2,2,12,10,12,4000,replays/anti_uav410/AU-L02-W10.csv
AU-L02-W10,anti_uav410,14,730913,1,AU-L02-W10,anti_uav_load_2,2,12,10,12,4000,replays/anti_uav410/AU-L02-W10.csv
AU-L02-W10,anti_uav410,15,730914,1,AU-L02-W10,anti_uav_load_2,2,12,10,12,4000,replays/anti_uav410/AU-L02-W10.csv
AU-L02-W10,anti_uav410,16,730915,1,AU-L02-W10,anti_uav_load_2,2,12,10,12,4000,replays/anti_uav410/AU-L02-W10.csv
AU-L02-W10,anti_uav410,17,730916,1,AU-L02-W10,anti_uav_load_2,2,12,10,12,4000,replays/anti_uav410/AU-L02-W10.csv
AU-L02-W10,anti_uav410,18,730917,1,AU-L02-W10,anti_uav_load_2,2,12,10,12,4000,replays/anti_uav410/AU-L02-W10.csv
AU-L02-W10,anti_uav410,19,730918,1,AU-L02-W10,anti_uav_load_2,2,12,10,12,4000,replays/anti_uav410/AU-L02-W10.csv
AU-L02-W10,anti_uav410,20,730919,1,AU-L02-W10,anti_uav_load_2,2,12,10,12,4000,replays/anti_uav410/AU-L02-W10.csv
AU-L02-W10,anti_uav410,21,730920,1,AU-L02-W10,anti_uav_load_2,2,12,10,12,4000,replays/anti_uav410/AU-L02-W10.csv
AU-L02-W10,anti_uav410,22,730921,1,AU-L02-W10,anti_uav_load_2,2,12,10,12,4000,replays/anti_uav410/AU-L02-W10.csv
AU-L02-W10,anti_uav410,23,730922,1,AU-L02-W10,anti_uav_load_2,2,12,10,12,4000,replays/anti_uav410/AU-L02-W10.csv
AU-L02-W10,anti_uav410,24,730923,1,AU-L02-W10,anti_uav_load_2,2,12,10,12,4000,replays/anti_uav410/AU-L02-W10.csv
AU-L02-W10,anti_uav410,25,730924,1,AU-L02-W10,anti_uav_load_2,2,12,10,12,4000,replays/anti_uav410/AU-L02-W10.csv
AU-L02-W10,anti_uav410,26,730925,1,AU-L02-W10,anti_uav_load_2,2,12,10,12,4000,replays/anti_uav410/AU-L02-W10.csv
AU-L02-W10,anti_uav410,27,730926,1,AU-L02-W10,anti_uav_load_2,2,12,10,12,4000,replays/anti_uav410/AU-L02-W10.csv
AU-L02-W10,anti_uav410,28,730927,1,AU-L02-W10,anti_uav_load_2,2,12,10,12,4000,replays/anti_uav410/AU-L02-W10.csv
AU-L02-W10,anti_uav410,29,730928,1,AU-L02-W10,anti_uav_load_2,2,12,10,12,4000,replays/anti_uav410/AU-L02-W10.csv
AU-L02-W10,anti_uav410,30,730929,1,AU-L02-W10,anti_uav_load_2,2,12,10,12,4000,replays/anti_uav410/AU-L02-W10.csv
AU-L04-W01,anti_uav410,1,731000,1,AU-L04-W01,anti_uav_load_4,4,12,10,12,4000,replays/anti_uav410/AU-L04-W01.csv
AU-L04-W01,anti_uav410,2,731001,1,AU-L04-W01,anti_uav_load_4,4,12,10,12,4000,replays/anti_uav410/AU-L04-W01.csv
AU-L04-W01,anti_uav410,3,731002,1,AU-L04-W01,anti_uav_load_4,4,12,10,12,4000,replays/anti_uav410/AU-L04-W01.csv
AU-L04-W01,anti_uav410,4,731003,1,AU-L04-W01,anti_uav_load_4,4,12,10,12,4000,replays/anti_uav410/AU-L04-W01.csv
AU-L04-W01,anti_uav410,5,731004,1,AU-L04-W01,anti_uav_load_4,4,12,10,12,4000,replays/anti_uav410/AU-L04-W01.csv
AU-L04-W01,anti_uav410,6,731005,1,AU-L04-W01,anti_uav_load_4,4,12,10,12,4000,replays/anti_uav410/AU-L04-W01.csv
AU-L04-W01,anti_uav410,7,731006,1,AU-L04-W01,anti_uav_load_4,4,12,10,12,4000,replays/anti_uav410/AU-L04-W01.csv
AU-L04-W01,anti_uav410,8,731007,1,AU-L04-W01,anti_uav_load_4,4,12,10,12,4000,replays/anti_uav410/AU-L04-W01.csv
AU-L04-W01,anti_uav410,9,731008,1,AU-L04-W01,anti_uav_load_4,4,12,10,12,4000,replays/anti_uav410/AU-L04-W01.csv
AU-L04-W01,anti_uav410,10,731009,1,AU-L04-W01,anti_uav_load_4,4,12,10,12,4000,replays/anti_uav410/AU-L04-W01.csv
AU-L04-W01,anti_uav410,11,731010,1,AU-L04-W01,anti_uav_load_4,4,12,10,12,4000,replays/anti_uav410/AU-L04-W01.csv
AU-L04-W01,anti_uav410,12,731011,1,AU-L04-W01,anti_uav_load_4,4,12,10,12,4000,replays/anti_uav410/AU-L04-W01.csv
AU-L04-W01,anti_uav410,13,731012,1,AU-L04-W01,anti_uav_load_4,4,12,10,12,4000,replays/anti_uav410/AU-L04-W01.csv
AU-L04-W01,anti_uav410,14,731013,1,AU-L04-W01,anti_uav_load_4,4,12,10,12,4000,replays/anti_uav410/AU-L04-W01.csv
AU-L04-W01,anti_uav410,15,731014,1,AU-L04-W01,anti_uav_load_4,4,12,10,12,4000,replays/anti_uav410/AU-L04-W01.csv
AU-L04-W01,anti_uav410,16,731015,1,AU-L04-W01,anti_uav_load_4,4,12,10,12,4000,replays/anti_uav410/AU-L04-W01.csv
AU-L04-W01,anti_uav410,17,731016,1,AU-L04-W01,anti_uav_load_4,4,12,10,12,4000,replays/anti_uav410/AU-L04-W01.csv
AU-L04-W01,anti_uav410,18,731017,1,AU-L04-W01,anti_uav_load_4,4,12,10,12,4000,replays/anti_uav410/AU-L04-W01.csv
AU-L04-W01,anti_uav410,19,731018,1,AU-L04-W01,anti_uav_load_4,4,12,10,12,4000,replays/anti_uav410/AU-L04-W01.csv
AU-L04-W01,anti_uav410,20,731019,1,AU-L04-W01,anti_uav_load_4,4,12,10,12,4000,replays/anti_uav410/AU-L04-W01.csv
AU-L04-W01,anti_uav410,21,731020,1,AU-L04-W01,anti_uav_load_4,4,12,10,12,4000,replays/anti_uav410/AU-L04-W01.csv
AU-L04-W01,anti_uav410,22,731021,1,AU-L04-W01,anti_uav_load_4,4,12,10,12,4000,replays/anti_uav410/AU-L04-W01.csv
AU-L04-W01,anti_uav410,23,731022,1,AU-L04-W01,anti_uav_load_4,4,12,10,12,4000,replays/anti_uav410/AU-L04-W01.csv
AU-L04-W01,anti_uav410,24,731023,1,AU-L04-W01,anti_uav_load_4,4,12,10,12,4000,replays/anti_uav410/AU-L04-W01.csv
AU-L04-W01,anti_uav410,25,731024,1,AU-L04-W01,anti_uav_load_4,4,12,10,12,4000,replays/anti_uav410/AU-L04-W01.csv
AU-L04-W01,anti_uav410,26,731025,1,AU-L04-W01,anti_uav_load_4,4,12,10,12,4000,replays/anti_uav410/AU-L04-W01.csv
AU-L04-W01,anti_uav410,27,731026,1,AU-L04-W01,anti_uav_load_4,4,12,10,12,4000,replays/anti_uav410/AU-L04-W01.csv
AU-L04-W01,anti_uav410,28,731027,1,AU-L04-W01,anti_uav_load_4,4,12,10,12,4000,replays/anti_uav410/AU-L04-W01.csv
AU-L04-W01,anti_uav410,29,731028,1,AU-L04-W01,anti_uav_load_4,4,12,10,12,4000,replays/anti_uav410/AU-L04-W01.csv
AU-L04-W01,anti_uav410,30,731029,1,AU-L04-W01,anti_uav_load_4,4,12,10,12,4000,replays/anti_uav410/AU-L04-W01.csv
AU-L04-W02,anti_uav410,1,731100,1,AU-L04-W02,anti_uav_load_4,4,12,10,12,4000,replays/anti_uav410/AU-L04-W02.csv
AU-L04-W02,anti_uav410,2,731101,1,AU-L04-W02,anti_uav_load_4,4,12,10,12,4000,replays/anti_uav410/AU-L04-W02.csv
AU-L04-W02,anti_uav410,3,731102,1,AU-L04-W02,anti_uav_load_4,4,12,10,12,4000,replays/anti_uav410/AU-L04-W02.csv
AU-L04-W02,anti_uav410,4,731103,1,AU-L04-W02,anti_uav_load_4,4,12,10,12,4000,replays/anti_uav410/AU-L04-W02.csv
AU-L04-W02,anti_uav410,5,731104,1,AU-L04-W02,anti_uav_load_4,4,12,10,12,4000,replays/anti_uav410/AU-L04-W02.csv
AU-L04-W02,anti_uav410,6,731105,1,AU-L04-W02,anti_uav_load_4,4,12,10,12,4000,replays/anti_uav410/AU-L04-W02.csv
AU-L04-W02,anti_uav410,7,731106,1,AU-L04-W02,anti_uav_load_4,4,12,10,12,4000,replays/anti_uav410/AU-L04-W02.csv
AU-L04-W02,anti_uav410,8,731107,1,AU-L04-W02,anti_uav_load_4,4,12,10,12,4000,replays/anti_uav410/AU-L04-W02.csv
AU-L04-W02,anti_uav410,9,731108,1,AU-L04-W02,anti_uav_load_4,4,12,10,12,4000,replays/anti_uav410/AU-L04-W02.csv
AU-L04-W02,anti_uav410,10,731109,1,AU-L04-W02,anti_uav_load_4,4,12,10,12,4000,replays/anti_uav410/AU-L04-W02.csv
AU-L04-W02,anti_uav410,11,731110,1,AU-L04-W02,anti_uav_load_4,4,12,10,12,4000,replays/anti_uav410/AU-L04-W02.csv
AU-L04-W02,anti_uav410,12,731111,1,AU-L04-W02,anti_uav_load_4,4,12,10,12,4000,replays/anti_uav410/AU-L04-W02.csv
AU-L04-W02,anti_uav410,13,731112,1,AU-L04-W02,anti_uav_load_4,4,12,10,12,4000,replays/anti_uav410/AU-L04-W02.csv
AU-L04-W02,anti_uav410,14,731113,1,AU-L04-W02,anti_uav_load_4,4,12,10,12,4000,replays/anti_uav410/AU-L04-W02.csv
AU-L04-W02,anti_uav410,15,731114,1,AU-L04-W02,anti_uav_load_4,4,12,10,12,4000,replays/anti_uav410/AU-L04-W02.csv
AU-L04-W02,anti_uav410,16,731115,1,AU-L04-W02,anti_uav_load_4,4,12,10,12,4000,replays/anti_uav410/AU-L04-W02.csv
AU-L04-W02,anti_uav410,17,731116,1,AU-L04-W02,anti_uav_load_4,4,12,10,12,4000,replays/anti_uav410/AU-L04-W02.csv
AU-L04-W02,anti_uav410,18,731117,1,AU-L04-W02,anti_uav_load_4,4,12,10,12,4000,replays/anti_uav410/AU-L04-W02.csv
AU-L04-W02,anti_uav410,19,731118,1,AU-L04-W02,anti_uav_load_4,4,12,10,12,4000,replays/anti_uav410/AU-L04-W02.csv
AU-L04-W02,anti_uav410,20,731119,1,AU-L04-W02,anti_uav_load_4,4,12,10,12,4000,replays/anti_uav410/AU-L04-W02.csv
AU-L04-W02,anti_uav410,21,731120,1,AU-L04-W02,anti_uav_load_4,4,12,10,12,4000,replays/anti_uav410/AU-L04-W02.csv
AU-L04-W02,anti_uav410,22,731121,1,AU-L04-W02,anti_uav_load_4,4,12,10,12,4000,replays/anti_uav410/AU-L04-W02.csv
AU-L04-W02,anti_uav410,23,731122,1,AU-L04-W02,anti_uav_load_4,4,12,10,12,4000,replays/anti_uav410/AU-L04-W02.csv
AU-L04-W02,anti_uav410,24,731123,1,AU-L04-W02,anti_uav_load_4,4,12,10,12,4000,replays/anti_uav410/AU-L04-W02.csv
AU-L04-W02,anti_uav410,25,731124,1,AU-L04-W02,anti_uav_load_4,4,12,10,12,4000,replays/anti_uav410/AU-L04-W02.csv
AU-L04-W02,anti_uav410,26,731125,1,AU-L04-W02,anti_uav_load_4,4,12,10,12,4000,replays/anti_uav410/AU-L04-W02.csv
AU-L04-W02,anti_uav410,27,731126,1,AU-L04-W02,anti_uav_load_4,4,12,10,12,4000,replays/anti_uav410/AU-L04-W02.csv
AU-L04-W02,anti_uav410,28,731127,1,AU-L04-W02,anti_uav_load_4,4,12,10,12,4000,replays/anti_uav410/AU-L04-W02.csv
AU-L04-W02,anti_uav410,29,731128,1,AU-L04-W02,anti_uav_load_4,4,12,10,12,4000,replays/anti_uav410/AU-L04-W02.csv
AU-L04-W02,anti_uav410,30,731129,1,AU-L04-W02,anti_uav_load_4,4,12,10,12,4000,replays/anti_uav410/AU-L04-W02.csv
AU-L04-W03,anti_uav410,1,731200,1,AU-L04-W03,anti_uav_load_4,4,12,10,12,4000,replays/anti_uav410/AU-L04-W03.csv
AU-L04-W03,anti_uav410,2,731201,1,AU-L04-W03,anti_uav_load_4,4,12,10,12,4000,replays/anti_uav410/AU-L04-W03.csv
AU-L04-W03,anti_uav410,3,731202,1,AU-L04-W03,anti_uav_load_4,4,12,10,12,4000,replays/anti_uav410/AU-L04-W03.csv
AU-L04-W03,anti_uav410,4,731203,1,AU-L04-W03,anti_uav_load_4,4,12,10,12,4000,replays/anti_uav410/AU-L04-W03.csv
AU-L04-W03,anti_uav410,5,731204,1,AU-L04-W03,anti_uav_load_4,4,12,10,12,4000,replays/anti_uav410/AU-L04-W03.csv
AU-L04-W03,anti_uav410,6,731205,1,AU-L04-W03,anti_uav_load_4,4,12,10,12,4000,replays/anti_uav410/AU-L04-W03.csv
AU-L04-W03,anti_uav410,7,731206,1,AU-L04-W03,anti_uav_load_4,4,12,10,12,4000,replays/anti_uav410/AU-L04-W03.csv
AU-L04-W03,anti_uav410,8,731207,1,AU-L04-W03,anti_uav_load_4,4,12,10,12,4000,replays/anti_uav410/AU-L04-W03.csv
AU-L04-W03,anti_uav410,9,731208,1,AU-L04-W03,anti_uav_load_4,4,12,10,12,4000,replays/anti_uav410/AU-L04-W03.csv
AU-L04-W03,anti_uav410,10,731209,1,AU-L04-W03,anti_uav_load_4,4,12,10,12,4000,replays/anti_uav410/AU-L04-W03.csv
AU-L04-W03,anti_uav410,11,731210,1,AU-L04-W03,anti_uav_load_4,4,12,10,12,4000,replays/anti_uav410/AU-L04-W03.csv
AU-L04-W03,anti_uav410,12,731211,1,AU-L04-W03,anti_uav_load_4,4,12,10,12,4000,replays/anti_uav410/AU-L04-W03.csv
AU-L04-W03,anti_uav410,13,731212,1,AU-L04-W03,anti_uav_load_4,4,12,10,12,4000,replays/anti_uav410/AU-L04-W03.csv
AU-L04-W03,anti_uav410,14,731213,1,AU-L04-W03,anti_uav_load_4,4,12,10,12,4000,replays/anti_uav410/AU-L04-W03.csv
AU-L04-W03,anti_uav410,15,731214,1,AU-L04-W03,anti_uav_load_4,4,12,10,12,4000,replays/anti_uav410/AU-L04-W03.csv
AU-L04-W03,anti_uav410,16,731215,1,AU-L04-W03,anti_uav_load_4,4,12,10,12,4000,replays/anti_uav410/AU-L04-W03.csv
AU-L04-W03,anti_uav410,17,731216,1,AU-L04-W03,anti_uav_load_4,4,12,10,12,4000,replays/anti_uav410/AU-L04-W03.csv
AU-L04-W03,anti_uav410,18,731217,1,AU-L04-W03,anti_uav_load_4,4,12,10,12,4000,replays/anti_uav410/AU-L04-W03.csv
AU-L04-W03,anti_uav410,19,731218,1,AU-L04-W03,anti_uav_load_4,4,12,10,12,4000,replays/anti_uav410/AU-L04-W03.csv
AU-L04-W03,anti_uav410,20,731219,1,AU-L04-W03,anti_uav_load_4,4,12,10,12,4000,replays/anti_uav410/AU-L04-W03.csv
AU-L04-W03,anti_uav410,21,731220,1,AU-L04-W03,anti_uav_load_4,4,12,10,12,4000,replays/anti_uav410/AU-L04-W03.csv
AU-L04-W03,anti_uav410,22,731221,1,AU-L04-W03,anti_uav_load_4,4,12,10,12,4000,replays/anti_uav410/AU-L04-W03.csv
AU-L04-W03,anti_uav410,23,731222,1,AU-L04-W03,anti_uav_load_4,4,12,10,12,4000,replays/anti_uav410/AU-L04-W03.csv
AU-L04-W03,anti_uav410,24,731223,1,AU-L04-W03,anti_uav_load_4,4,12,10,12,4000,replays/anti_uav410/AU-L04-W03.csv
AU-L04-W03,anti_uav410,25,731224,1,AU-L04-W03,anti_uav_load_4,4,12,10,12,4000,replays/anti_uav410/AU-L04-W03.csv
AU-L04-W03,anti_uav410,26,731225,1,AU-L04-W03,anti_uav_load_4,4,12,10,12,4000,replays/anti_uav410/AU-L04-W03.csv
AU-L04-W03,anti_uav410,27,731226,1,AU-L04-W03,anti_uav_load_4,4,12,10,12,4000,replays/anti_uav410/AU-L04-W03.csv
AU-L04-W03,anti_uav410,28,731227,1,AU-L04-W03,anti_uav_load_4,4,12,10,12,4000,replays/anti_uav410/AU-L04-W03.csv
AU-L04-W03,anti_uav410,29,731228,1,AU-L04-W03,anti_uav_load_4,4,12,10,12,4000,replays/anti_uav410/AU-L04-W03.csv
AU-L04-W03,anti_uav410,30,731229,1,AU-L04-W03,anti_uav_load_4,4,12,10,12,4000,replays/anti_uav410/AU-L04-W03.csv
AU-L04-W04,anti_uav410,1,731300,1,AU-L04-W04,anti_uav_load_4,4,12,10,12,4000,replays/anti_uav410/AU-L04-W04.csv
AU-L04-W04,anti_uav410,2,731301,1,AU-L04-W04,anti_uav_load_4,4,12,10,12,4000,replays/anti_uav410/AU-L04-W04.csv
AU-L04-W04,anti_uav410,3,731302,1,AU-L04-W04,anti_uav_load_4,4,12,10,12,4000,replays/anti_uav410/AU-L04-W04.csv
AU-L04-W04,anti_uav410,4,731303,1,AU-L04-W04,anti_uav_load_4,4,12,10,12,4000,replays/anti_uav410/AU-L04-W04.csv
AU-L04-W04,anti_uav410,5,731304,1,AU-L04-W04,anti_uav_load_4,4,12,10,12,4000,replays/anti_uav410/AU-L04-W04.csv
AU-L04-W04,anti_uav410,6,731305,1,AU-L04-W04,anti_uav_load_4,4,12,10,12,4000,replays/anti_uav410/AU-L04-W04.csv
AU-L04-W04,anti_uav410,7,731306,1,AU-L04-W04,anti_uav_load_4,4,12,10,12,4000,replays/anti_uav410/AU-L04-W04.csv
AU-L04-W04,anti_uav410,8,731307,1,AU-L04-W04,anti_uav_load_4,4,12,10,12,4000,replays/anti_uav410/AU-L04-W04.csv
AU-L04-W04,anti_uav410,9,731308,1,AU-L04-W04,anti_uav_load_4,4,12,10,12,4000,replays/anti_uav410/AU-L04-W04.csv
AU-L04-W04,anti_uav410,10,731309,1,AU-L04-W04,anti_uav_load_4,4,12,10,12,4000,replays/anti_uav410/AU-L04-W04.csv
AU-L04-W04,anti_uav410,11,731310,1,AU-L04-W04,anti_uav_load_4,4,12,10,12,4000,replays/anti_uav410/AU-L04-W04.csv
AU-L04-W04,anti_uav410,12,731311,1,AU-L04-W04,anti_uav_load_4,4,12,10,12,4000,replays/anti_uav410/AU-L04-W04.csv
AU-L04-W04,anti_uav410,13,731312,1,AU-L04-W04,anti_uav_load_4,4,12,10,12,4000,replays/anti_uav410/AU-L04-W04.csv
AU-L04-W04,anti_uav410,14,731313,1,AU-L04-W04,anti_uav_load_4,4,12,10,12,4000,replays/anti_uav410/AU-L04-W04.csv
AU-L04-W04,anti_uav410,15,731314,1,AU-L04-W04,anti_uav_load_4,4,12,10,12,4000,replays/anti_uav410/AU-L04-W04.csv
AU-L04-W04,anti_uav410,16,731315,1,AU-L04-W04,anti_uav_load_4,4,12,10,12,4000,replays/anti_uav410/AU-L04-W04.csv
AU-L04-W04,anti_uav410,17,731316,1,AU-L04-W04,anti_uav_load_4,4,12,10,12,4000,replays/anti_uav410/AU-L04-W04.csv
AU-L04-W04,anti_uav410,18,731317,1,AU-L04-W04,anti_uav_load_4,4,12,10,12,4000,replays/anti_uav410/AU-L04-W04.csv
AU-L04-W04,anti_uav410,19,731318,1,AU-L04-W04,anti_uav_load_4,4,12,10,12,4000,replays/anti_uav410/AU-L04-W04.csv
AU-L04-W04,anti_uav410,20,731319,1,AU-L04-W04,anti_uav_load_4,4,12,10,12,4000,replays/anti_uav410/AU-L04-W04.csv
AU-L04-W04,anti_uav410,21,731320,1,AU-L04-W04,anti_uav_load_4,4,12,10,12,4000,replays/anti_uav410/AU-L04-W04.csv
AU-L04-W04,anti_uav410,22,731321,1,AU-L04-W04,anti_uav_load_4,4,12,10,12,4000,replays/anti_uav410/AU-L04-W04.csv
AU-L04-W04,anti_uav410,23,731322,1,AU-L04-W04,anti_uav_load_4,4,12,10,12,4000,replays/anti_uav410/AU-L04-W04.csv
AU-L04-W04,anti_uav410,24,731323,1,AU-L04-W04,anti_uav_load_4,4,12,10,12,4000,replays/anti_uav410/AU-L04-W04.csv
AU-L04-W04,anti_uav410,25,731324,1,AU-L04-W04,anti_uav_load_4,4,12,10,12,4000,replays/anti_uav410/AU-L04-W04.csv
AU-L04-W04,anti_uav410,26,731325,1,AU-L04-W04,anti_uav_load_4,4,12,10,12,4000,replays/anti_uav410/AU-L04-W04.csv
AU-L04-W04,anti_uav410,27,731326,1,AU-L04-W04,anti_uav_load_4,4,12,10,12,4000,replays/anti_uav410/AU-L04-W04.csv
AU-L04-W04,anti_uav410,28,731327,1,AU-L04-W04,anti_uav_load_4,4,12,10,12,4000,replays/anti_uav410/AU-L04-W04.csv
AU-L04-W04,anti_uav410,29,731328,1,AU-L04-W04,anti_uav_load_4,4,12,10,12,4000,replays/anti_uav410/AU-L04-W04.csv
AU-L04-W04,anti_uav410,30,731329,1,AU-L04-W04,anti_uav_load_4,4,12,10,12,4000,replays/anti_uav410/AU-L04-W04.csv
AU-L04-W05,anti_uav410,1,731400,1,AU-L04-W05,anti_uav_load_4,4,12,10,12,4000,replays/anti_uav410/AU-L04-W05.csv
AU-L04-W05,anti_uav410,2,731401,1,AU-L04-W05,anti_uav_load_4,4,12,10,12,4000,replays/anti_uav410/AU-L04-W05.csv
AU-L04-W05,anti_uav410,3,731402,1,AU-L04-W05,anti_uav_load_4,4,12,10,12,4000,replays/anti_uav410/AU-L04-W05.csv
AU-L04-W05,anti_uav410,4,731403,1,AU-L04-W05,anti_uav_load_4,4,12,10,12,4000,replays/anti_uav410/AU-L04-W05.csv
AU-L04-W05,anti_uav410,5,731404,1,AU-L04-W05,anti_uav_load_4,4,12,10,12,4000,replays/anti_uav410/AU-L04-W05.csv
AU-L04-W05,anti_uav410,6,731405,1,AU-L04-W05,anti_uav_load_4,4,12,10,12,4000,replays/anti_uav410/AU-L04-W05.csv
AU-L04-W05,anti_uav410,7,731406,1,AU-L04-W05,anti_uav_load_4,4,12,10,12,4000,replays/anti_uav410/AU-L04-W05.csv
AU-L04-W05,anti_uav410,8,731407,1,AU-L04-W05,anti_uav_load_4,4,12,10,12,4000,replays/anti_uav410/AU-L04-W05.csv
AU-L04-W05,anti_uav410,9,731408,1,AU-L04-W05,anti_uav_load_4,4,12,10,12,4000,replays/anti_uav410/AU-L04-W05.csv
AU-L04-W05,anti_uav410,10,731409,1,AU-L04-W05,anti_uav_load_4,4,12,10,12,4000,replays/anti_uav410/AU-L04-W05.csv
AU-L04-W05,anti_uav410,11,731410,1,AU-L04-W05,anti_uav_load_4,4,12,10,12,4000,replays/anti_uav410/AU-L04-W05.csv
AU-L04-W05,anti_uav410,12,731411,1,AU-L04-W05,anti_uav_load_4,4,12,10,12,4000,replays/anti_uav410/AU-L04-W05.csv
AU-L04-W05,anti_uav410,13,731412,1,AU-L04-W05,anti_uav_load_4,4,12,10,12,4000,replays/anti_uav410/AU-L04-W05.csv
AU-L04-W05,anti_uav410,14,731413,1,AU-L04-W05,anti_uav_load_4,4,12,10,12,4000,replays/anti_uav410/AU-L04-W05.csv
AU-L04-W05,anti_uav410,15,731414,1,AU-L04-W05,anti_uav_load_4,4,12,10,12,4000,replays/anti_uav410/AU-L04-W05.csv
AU-L04-W05,anti_uav410,16,731415,1,AU-L04-W05,anti_uav_load_4,4,12,10,12,4000,replays/anti_uav410/AU-L04-W05.csv
AU-L04-W05,anti_uav410,17,731416,1,AU-L04-W05,anti_uav_load_4,4,12,10,12,4000,replays/anti_uav410/AU-L04-W05.csv
AU-L04-W05,anti_uav410,18,731417,1,AU-L04-W05,anti_uav_load_4,4,12,10,12,4000,replays/anti_uav410/AU-L04-W05.csv
AU-L04-W05,anti_uav410,19,731418,1,AU-L04-W05,anti_uav_load_4,4,12,10,12,4000,replays/anti_uav410/AU-L04-W05.csv
AU-L04-W05,anti_uav410,20,731419,1,AU-L04-W05,anti_uav_load_4,4,12,10,12,4000,replays/anti_uav410/AU-L04-W05.csv
AU-L04-W05,anti_uav410,21,731420,1,AU-L04-W05,anti_uav_load_4,4,12,10,12,4000,replays/anti_uav410/AU-L04-W05.csv
AU-L04-W05,anti_uav410,22,731421,1,AU-L04-W05,anti_uav_load_4,4,12,10,12,4000,replays/anti_uav410/AU-L04-W05.csv
AU-L04-W05,anti_uav410,23,731422,1,AU-L04-W05,anti_uav_load_4,4,12,10,12,4000,replays/anti_uav410/AU-L04-W05.csv
AU-L04-W05,anti_uav410,24,731423,1,AU-L04-W05,anti_uav_load_4,4,12,10,12,4000,replays/anti_uav410/AU-L04-W05.csv
AU-L04-W05,anti_uav410,25,731424,1,AU-L04-W05,anti_uav_load_4,4,12,10,12,4000,replays/anti_uav410/AU-L04-W05.csv
AU-L04-W05,anti_uav410,26,731425,1,AU-L04-W05,anti_uav_load_4,4,12,10,12,4000,replays/anti_uav410/AU-L04-W05.csv
AU-L04-W05,anti_uav410,27,731426,1,AU-L04-W05,anti_uav_load_4,4,12,10,12,4000,replays/anti_uav410/AU-L04-W05.csv
AU-L04-W05,anti_uav410,28,731427,1,AU-L04-W05,anti_uav_load_4,4,12,10,12,4000,replays/anti_uav410/AU-L04-W05.csv
AU-L04-W05,anti_uav410,29,731428,1,AU-L04-W05,anti_uav_load_4,4,12,10,12,4000,replays/anti_uav410/AU-L04-W05.csv
AU-L04-W05,anti_uav410,30,731429,1,AU-L04-W05,anti_uav_load_4,4,12,10,12,4000,replays/anti_uav410/AU-L04-W05.csv
AU-L04-W06,anti_uav410,1,731500,1,AU-L04-W06,anti_uav_load_4,4,12,10,12,4000,replays/anti_uav410/AU-L04-W06.csv
AU-L04-W06,anti_uav410,2,731501,1,AU-L04-W06,anti_uav_load_4,4,12,10,12,4000,replays/anti_uav410/AU-L04-W06.csv
AU-L04-W06,anti_uav410,3,731502,1,AU-L04-W06,anti_uav_load_4,4,12,10,12,4000,replays/anti_uav410/AU-L04-W06.csv
AU-L04-W06,anti_uav410,4,731503,1,AU-L04-W06,anti_uav_load_4,4,12,10,12,4000,replays/anti_uav410/AU-L04-W06.csv
AU-L04-W06,anti_uav410,5,731504,1,AU-L04-W06,anti_uav_load_4,4,12,10,12,4000,replays/anti_uav410/AU-L04-W06.csv
AU-L04-W06,anti_uav410,6,731505,1,AU-L04-W06,anti_uav_load_4,4,12,10,12,4000,replays/anti_uav410/AU-L04-W06.csv
AU-L04-W06,anti_uav410,7,731506,1,AU-L04-W06,anti_uav_load_4,4,12,10,12,4000,replays/anti_uav410/AU-L04-W06.csv
AU-L04-W06,anti_uav410,8,731507,1,AU-L04-W06,anti_uav_load_4,4,12,10,12,4000,replays/anti_uav410/AU-L04-W06.csv
AU-L04-W06,anti_uav410,9,731508,1,AU-L04-W06,anti_uav_load_4,4,12,10,12,4000,replays/anti_uav410/AU-L04-W06.csv
AU-L04-W06,anti_uav410,10,731509,1,AU-L04-W06,anti_uav_load_4,4,12,10,12,4000,replays/anti_uav410/AU-L04-W06.csv
AU-L04-W06,anti_uav410,11,731510,1,AU-L04-W06,anti_uav_load_4,4,12,10,12,4000,replays/anti_uav410/AU-L04-W06.csv
AU-L04-W06,anti_uav410,12,731511,1,AU-L04-W06,anti_uav_load_4,4,12,10,12,4000,replays/anti_uav410/AU-L04-W06.csv
AU-L04-W06,anti_uav410,13,731512,1,AU-L04-W06,anti_uav_load_4,4,12,10,12,4000,replays/anti_uav410/AU-L04-W06.csv
AU-L04-W06,anti_uav410,14,731513,1,AU-L04-W06,anti_uav_load_4,4,12,10,12,4000,replays/anti_uav410/AU-L04-W06.csv
AU-L04-W06,anti_uav410,15,731514,1,AU-L04-W06,anti_uav_load_4,4,12,10,12,4000,replays/anti_uav410/AU-L04-W06.csv
AU-L04-W06,anti_uav410,16,731515,1,AU-L04-W06,anti_uav_load_4,4,12,10,12,4000,replays/anti_uav410/AU-L04-W06.csv
AU-L04-W06,anti_uav410,17,731516,1,AU-L04-W06,anti_uav_load_4,4,12,10,12,4000,replays/anti_uav410/AU-L04-W06.csv
AU-L04-W06,anti_uav410,18,731517,1,AU-L04-W06,anti_uav_load_4,4,12,10,12,4000,replays/anti_uav410/AU-L04-W06.csv
AU-L04-W06,anti_uav410,19,731518,1,AU-L04-W06,anti_uav_load_4,4,12,10,12,4000,replays/anti_uav410/AU-L04-W06.csv
AU-L04-W06,anti_uav410,20,731519,1,AU-L04-W06,anti_uav_load_4,4,12,10,12,4000,replays/anti_uav410/AU-L04-W06.csv
AU-L04-W06,anti_uav410,21,731520,1,AU-L04-W06,anti_uav_load_4,4,12,10,12,4000,replays/anti_uav410/AU-L04-W06.csv
AU-L04-W06,anti_uav410,22,731521,1,AU-L04-W06,anti_uav_load_4,4,12,10,12,4000,replays/anti_uav410/AU-L04-W06.csv
AU-L04-W06,anti_uav410,23,731522,1,AU-L04-W06,anti_uav_load_4,4,12,10,12,4000,replays/anti_uav410/AU-L04-W06.csv
AU-L04-W06,anti_uav410,24,731523,1,AU-L04-W06,anti_uav_load_4,4,12,10,12,4000,replays/anti_uav410/AU-L04-W06.csv
AU-L04-W06,anti_uav410,25,731524,1,AU-L04-W06,anti_uav_load_4,4,12,10,12,4000,replays/anti_uav410/AU-L04-W06.csv
AU-L04-W06,anti_uav410,26,731525,1,AU-L04-W06,anti_uav_load_4,4,12,10,12,4000,replays/anti_uav410/AU-L04-W06.csv
AU-L04-W06,anti_uav410,27,731526,1,AU-L04-W06,anti_uav_load_4,4,12,10,12,4000,replays/anti_uav410/AU-L04-W06.csv
AU-L04-W06,anti_uav410,28,731527,1,AU-L04-W06,anti_uav_load_4,4,12,10,12,4000,replays/anti_uav410/AU-L04-W06.csv
AU-L04-W06,anti_uav410,29,731528,1,AU-L04-W06,anti_uav_load_4,4,12,10,12,4000,replays/anti_uav410/AU-L04-W06.csv
AU-L04-W06,anti_uav410,30,731529,1,AU-L04-W06,anti_uav_load_4,4,12,10,12,4000,replays/anti_uav410/AU-L04-W06.csv
AU-L04-W07,anti_uav410,1,731600,1,AU-L04-W07,anti_uav_load_4,4,12,10,12,4000,replays/anti_uav410/AU-L04-W07.csv
AU-L04-W07,anti_uav410,2,731601,1,AU-L04-W07,anti_uav_load_4,4,12,10,12,4000,replays/anti_uav410/AU-L04-W07.csv
AU-L04-W07,anti_uav410,3,731602,1,AU-L04-W07,anti_uav_load_4,4,12,10,12,4000,replays/anti_uav410/AU-L04-W07.csv
AU-L04-W07,anti_uav410,4,731603,1,AU-L04-W07,anti_uav_load_4,4,12,10,12,4000,replays/anti_uav410/AU-L04-W07.csv
AU-L04-W07,anti_uav410,5,731604,1,AU-L04-W07,anti_uav_load_4,4,12,10,12,4000,replays/anti_uav410/AU-L04-W07.csv
AU-L04-W07,anti_uav410,6,731605,1,AU-L04-W07,anti_uav_load_4,4,12,10,12,4000,replays/anti_uav410/AU-L04-W07.csv
AU-L04-W07,anti_uav410,7,731606,1,AU-L04-W07,anti_uav_load_4,4,12,10,12,4000,replays/anti_uav410/AU-L04-W07.csv
AU-L04-W07,anti_uav410,8,731607,1,AU-L04-W07,anti_uav_load_4,4,12,10,12,4000,replays/anti_uav410/AU-L04-W07.csv
AU-L04-W07,anti_uav410,9,731608,1,AU-L04-W07,anti_uav_load_4,4,12,10,12,4000,replays/anti_uav410/AU-L04-W07.csv
AU-L04-W07,anti_uav410,10,731609,1,AU-L04-W07,anti_uav_load_4,4,12,10,12,4000,replays/anti_uav410/AU-L04-W07.csv
AU-L04-W07,anti_uav410,11,731610,1,AU-L04-W07,anti_uav_load_4,4,12,10,12,4000,replays/anti_uav410/AU-L04-W07.csv
AU-L04-W07,anti_uav410,12,731611,1,AU-L04-W07,anti_uav_load_4,4,12,10,12,4000,replays/anti_uav410/AU-L04-W07.csv
AU-L04-W07,anti_uav410,13,731612,1,AU-L04-W07,anti_uav_load_4,4,12,10,12,4000,replays/anti_uav410/AU-L04-W07.csv
AU-L04-W07,anti_uav410,14,731613,1,AU-L04-W07,anti_uav_load_4,4,12,10,12,4000,replays/anti_uav410/AU-L04-W07.csv
AU-L04-W07,anti_uav410,15,731614,1,AU-L04-W07,anti_uav_load_4,4,12,10,12,4000,replays/anti_uav410/AU-L04-W07.csv
AU-L04-W07,anti_uav410,16,731615,1,AU-L04-W07,anti_uav_load_4,4,12,10,12,4000,replays/anti_uav410/AU-L04-W07.csv
AU-L04-W07,anti_uav410,17,731616,1,AU-L04-W07,anti_uav_load_4,4,12,10,12,4000,replays/anti_uav410/AU-L04-W07.csv
AU-L04-W07,anti_uav410,18,731617,1,AU-L04-W07,anti_uav_load_4,4,12,10,12,4000,replays/anti_uav410/AU-L04-W07.csv
AU-L04-W07,anti_uav410,19,731618,1,AU-L04-W07,anti_uav_load_4,4,12,10,12,4000,replays/anti_uav410/AU-L04-W07.csv
AU-L04-W07,anti_uav410,20,731619,1,AU-L04-W07,anti_uav_load_4,4,12,10,12,4000,replays/anti_uav410/AU-L04-W07.csv
AU-L04-W07,anti_uav410,21,731620,1,AU-L04-W07,anti_uav_load_4,4,12,10,12,4000,replays/anti_uav410/AU-L04-W07.csv
AU-L04-W07,anti_uav410,22,731621,1,AU-L04-W07,anti_uav_load_4,4,12,10,12,4000,replays/anti_uav410/AU-L04-W07.csv
AU-L04-W07,anti_uav410,23,731622,1,AU-L04-W07,anti_uav_load_4,4,12,10,12,4000,replays/anti_uav410/AU-L04-W07.csv
AU-L04-W07,anti_uav410,24,731623,1,AU-L04-W07,anti_uav_load_4,4,12,10,12,4000,replays/anti_uav410/AU-L04-W07.csv
AU-L04-W07,anti_uav410,25,731624,1,AU-L04-W07,anti_uav_load_4,4,12,10,12,4000,replays/anti_uav410/AU-L04-W07.csv
AU-L04-W07,anti_uav410,26,731625,1,AU-L04-W07,anti_uav_load_4,4,12,10,12,4000,replays/anti_uav410/AU-L04-W07.csv
AU-L04-W07,anti_uav410,27,731626,1,AU-L04-W07,anti_uav_load_4,4,12,10,12,4000,replays/anti_uav410/AU-L04-W07.csv
AU-L04-W07,anti_uav410,28,731627,1,AU-L04-W07,anti_uav_load_4,4,12,10,12,4000,replays/anti_uav410/AU-L04-W07.csv
AU-L04-W07,anti_uav410,29,731628,1,AU-L04-W07,anti_uav_load_4,4,12,10,12,4000,replays/anti_uav410/AU-L04-W07.csv
AU-L04-W07,anti_uav410,30,731629,1,AU-L04-W07,anti_uav_load_4,4,12,10,12,4000,replays/anti_uav410/AU-L04-W07.csv
AU-L04-W08,anti_uav410,1,731700,1,AU-L04-W08,anti_uav_load_4,4,12,10,12,4000,replays/anti_uav410/AU-L04-W08.csv
AU-L04-W08,anti_uav410,2,731701,1,AU-L04-W08,anti_uav_load_4,4,12,10,12,4000,replays/anti_uav410/AU-L04-W08.csv
AU-L04-W08,anti_uav410,3,731702,1,AU-L04-W08,anti_uav_load_4,4,12,10,12,4000,replays/anti_uav410/AU-L04-W08.csv
AU-L04-W08,anti_uav410,4,731703,1,AU-L04-W08,anti_uav_load_4,4,12,10,12,4000,replays/anti_uav410/AU-L04-W08.csv
AU-L04-W08,anti_uav410,5,731704,1,AU-L04-W08,anti_uav_load_4,4,12,10,12,4000,replays/anti_uav410/AU-L04-W08.csv
AU-L04-W08,anti_uav410,6,731705,1,AU-L04-W08,anti_uav_load_4,4,12,10,12,4000,replays/anti_uav410/AU-L04-W08.csv
AU-L04-W08,anti_uav410,7,731706,1,AU-L04-W08,anti_uav_load_4,4,12,10,12,4000,replays/anti_uav410/AU-L04-W08.csv
AU-L04-W08,anti_uav410,8,731707,1,AU-L04-W08,anti_uav_load_4,4,12,10,12,4000,replays/anti_uav410/AU-L04-W08.csv
AU-L04-W08,anti_uav410,9,731708,1,AU-L04-W08,anti_uav_load_4,4,12,10,12,4000,replays/anti_uav410/AU-L04-W08.csv
AU-L04-W08,anti_uav410,10,731709,1,AU-L04-W08,anti_uav_load_4,4,12,10,12,4000,replays/anti_uav410/AU-L04-W08.csv
AU-L04-W08,anti_uav410,11,731710,1,AU-L04-W08,anti_uav_load_4,4,12,10,12,4000,replays/anti_uav410/AU-L04-W08.csv
AU-L04-W08,anti_uav410,12,731711,1,AU-L04-W08,anti_uav_load_4,4,12,10,12,4000,replays/anti_uav410/AU-L04-W08.csv
AU-L04-W08,anti_uav410,13,731712,1,AU-L04-W08,anti_uav_load_4,4,12,10,12,4000,replays/anti_uav410/AU-L04-W08.csv
AU-L04-W08,anti_uav410,14,731713,1,AU-L04-W08,anti_uav_load_4,4,12,10,12,4000,replays/anti_uav410/AU-L04-W08.csv
AU-L04-W08,anti_uav410,15,731714,1,AU-L04-W08,anti_uav_load_4,4,12,10,12,4000,replays/anti_uav410/AU-L04-W08.csv
AU-L04-W08,anti_uav410,16,731715,1,AU-L04-W08,anti_uav_load_4,4,12,10,12,4000,replays/anti_uav410/AU-L04-W08.csv
AU-L04-W08,anti_uav410,17,731716,1,AU-L04-W08,anti_uav_load_4,4,12,10,12,4000,replays/anti_uav410/AU-L04-W08.csv
AU-L04-W08,anti_uav410,18,731717,1,AU-L04-W08,anti_uav_load_4,4,12,10,12,4000,replays/anti_uav410/AU-L04-W08.csv
AU-L04-W08,anti_uav410,19,731718,1,AU-L04-W08,anti_uav_load_4,4,12,10,12,4000,replays/anti_uav410/AU-L04-W08.csv
AU-L04-W08,anti_uav410,20,731719,1,AU-L04-W08,anti_uav_load_4,4,12,10,12,4000,replays/anti_uav410/AU-L04-W08.csv
AU-L04-W08,anti_uav410,21,731720,1,AU-L04-W08,anti_uav_load_4,4,12,10,12,4000,replays/anti_uav410/AU-L04-W08.csv
AU-L04-W08,anti_uav410,22,731721,1,AU-L04-W08,anti_uav_load_4,4,12,10,12,4000,replays/anti_uav410/AU-L04-W08.csv
AU-L04-W08,anti_uav410,23,731722,1,AU-L04-W08,anti_uav_load_4,4,12,10,12,4000,replays/anti_uav410/AU-L04-W08.csv
AU-L04-W08,anti_uav410,24,731723,1,AU-L04-W08,anti_uav_load_4,4,12,10,12,4000,replays/anti_uav410/AU-L04-W08.csv
AU-L04-W08,anti_uav410,25,731724,1,AU-L04-W08,anti_uav_load_4,4,12,10,12,4000,replays/anti_uav410/AU-L04-W08.csv
AU-L04-W08,anti_uav410,26,731725,1,AU-L04-W08,anti_uav_load_4,4,12,10,12,4000,replays/anti_uav410/AU-L04-W08.csv
AU-L04-W08,anti_uav410,27,731726,1,AU-L04-W08,anti_uav_load_4,4,12,10,12,4000,replays/anti_uav410/AU-L04-W08.csv
AU-L04-W08,anti_uav410,28,731727,1,AU-L04-W08,anti_uav_load_4,4,12,10,12,4000,replays/anti_uav410/AU-L04-W08.csv
AU-L04-W08,anti_uav410,29,731728,1,AU-L04-W08,anti_uav_load_4,4,12,10,12,4000,replays/anti_uav410/AU-L04-W08.csv
AU-L04-W08,anti_uav410,30,731729,1,AU-L04-W08,anti_uav_load_4,4,12,10,12,4000,replays/anti_uav410/AU-L04-W08.csv
AU-L06-W01,anti_uav410,1,731800,1,AU-L06-W01,anti_uav_load_6,6,12,10,12,4000,replays/anti_uav410/AU-L06-W01.csv
AU-L06-W01,anti_uav410,2,731801,1,AU-L06-W01,anti_uav_load_6,6,12,10,12,4000,replays/anti_uav410/AU-L06-W01.csv
AU-L06-W01,anti_uav410,3,731802,1,AU-L06-W01,anti_uav_load_6,6,12,10,12,4000,replays/anti_uav410/AU-L06-W01.csv
AU-L06-W01,anti_uav410,4,731803,1,AU-L06-W01,anti_uav_load_6,6,12,10,12,4000,replays/anti_uav410/AU-L06-W01.csv
AU-L06-W01,anti_uav410,5,731804,1,AU-L06-W01,anti_uav_load_6,6,12,10,12,4000,replays/anti_uav410/AU-L06-W01.csv
AU-L06-W01,anti_uav410,6,731805,1,AU-L06-W01,anti_uav_load_6,6,12,10,12,4000,replays/anti_uav410/AU-L06-W01.csv
AU-L06-W01,anti_uav410,7,731806,1,AU-L06-W01,anti_uav_load_6,6,12,10,12,4000,replays/anti_uav410/AU-L06-W01.csv
AU-L06-W01,anti_uav410,8,731807,1,AU-L06-W01,anti_uav_load_6,6,12,10,12,4000,replays/anti_uav410/AU-L06-W01.csv
AU-L06-W01,anti_uav410,9,731808,1,AU-L06-W01,anti_uav_load_6,6,12,10,12,4000,replays/anti_uav410/AU-L06-W01.csv
AU-L06-W01,anti_uav410,10,731809,1,AU-L06-W01,anti_uav_load_6,6,12,10,12,4000,replays/anti_uav410/AU-L06-W01.csv
AU-L06-W01,anti_uav410,11,731810,1,AU-L06-W01,anti_uav_load_6,6,12,10,12,4000,replays/anti_uav410/AU-L06-W01.csv
AU-L06-W01,anti_uav410,12,731811,1,AU-L06-W01,anti_uav_load_6,6,12,10,12,4000,replays/anti_uav410/AU-L06-W01.csv
AU-L06-W01,anti_uav410,13,731812,1,AU-L06-W01,anti_uav_load_6,6,12,10,12,4000,replays/anti_uav410/AU-L06-W01.csv
AU-L06-W01,anti_uav410,14,731813,1,AU-L06-W01,anti_uav_load_6,6,12,10,12,4000,replays/anti_uav410/AU-L06-W01.csv
AU-L06-W01,anti_uav410,15,731814,1,AU-L06-W01,anti_uav_load_6,6,12,10,12,4000,replays/anti_uav410/AU-L06-W01.csv
AU-L06-W01,anti_uav410,16,731815,1,AU-L06-W01,anti_uav_load_6,6,12,10,12,4000,replays/anti_uav410/AU-L06-W01.csv
AU-L06-W01,anti_uav410,17,731816,1,AU-L06-W01,anti_uav_load_6,6,12,10,12,4000,replays/anti_uav410/AU-L06-W01.csv
AU-L06-W01,anti_uav410,18,731817,1,AU-L06-W01,anti_uav_load_6,6,12,10,12,4000,replays/anti_uav410/AU-L06-W01.csv
AU-L06-W01,anti_uav410,19,731818,1,AU-L06-W01,anti_uav_load_6,6,12,10,12,4000,replays/anti_uav410/AU-L06-W01.csv
AU-L06-W01,anti_uav410,20,731819,1,AU-L06-W01,anti_uav_load_6,6,12,10,12,4000,replays/anti_uav410/AU-L06-W01.csv
AU-L06-W01,anti_uav410,21,731820,1,AU-L06-W01,anti_uav_load_6,6,12,10,12,4000,replays/anti_uav410/AU-L06-W01.csv
AU-L06-W01,anti_uav410,22,731821,1,AU-L06-W01,anti_uav_load_6,6,12,10,12,4000,replays/anti_uav410/AU-L06-W01.csv
AU-L06-W01,anti_uav410,23,731822,1,AU-L06-W01,anti_uav_load_6,6,12,10,12,4000,replays/anti_uav410/AU-L06-W01.csv
AU-L06-W01,anti_uav410,24,731823,1,AU-L06-W01,anti_uav_load_6,6,12,10,12,4000,replays/anti_uav410/AU-L06-W01.csv
AU-L06-W01,anti_uav410,25,731824,1,AU-L06-W01,anti_uav_load_6,6,12,10,12,4000,replays/anti_uav410/AU-L06-W01.csv
AU-L06-W01,anti_uav410,26,731825,1,AU-L06-W01,anti_uav_load_6,6,12,10,12,4000,replays/anti_uav410/AU-L06-W01.csv
AU-L06-W01,anti_uav410,27,731826,1,AU-L06-W01,anti_uav_load_6,6,12,10,12,4000,replays/anti_uav410/AU-L06-W01.csv
AU-L06-W01,anti_uav410,28,731827,1,AU-L06-W01,anti_uav_load_6,6,12,10,12,4000,replays/anti_uav410/AU-L06-W01.csv
AU-L06-W01,anti_uav410,29,731828,1,AU-L06-W01,anti_uav_load_6,6,12,10,12,4000,replays/anti_uav410/AU-L06-W01.csv
AU-L06-W01,anti_uav410,30,731829,1,AU-L06-W01,anti_uav_load_6,6,12,10,12,4000,replays/anti_uav410/AU-L06-W01.csv
AU-L06-W02,anti_uav410,1,731900,1,AU-L06-W02,anti_uav_load_6,6,12,10,12,4000,replays/anti_uav410/AU-L06-W02.csv
AU-L06-W02,anti_uav410,2,731901,1,AU-L06-W02,anti_uav_load_6,6,12,10,12,4000,replays/anti_uav410/AU-L06-W02.csv
AU-L06-W02,anti_uav410,3,731902,1,AU-L06-W02,anti_uav_load_6,6,12,10,12,4000,replays/anti_uav410/AU-L06-W02.csv
AU-L06-W02,anti_uav410,4,731903,1,AU-L06-W02,anti_uav_load_6,6,12,10,12,4000,replays/anti_uav410/AU-L06-W02.csv
AU-L06-W02,anti_uav410,5,731904,1,AU-L06-W02,anti_uav_load_6,6,12,10,12,4000,replays/anti_uav410/AU-L06-W02.csv
AU-L06-W02,anti_uav410,6,731905,1,AU-L06-W02,anti_uav_load_6,6,12,10,12,4000,replays/anti_uav410/AU-L06-W02.csv
AU-L06-W02,anti_uav410,7,731906,1,AU-L06-W02,anti_uav_load_6,6,12,10,12,4000,replays/anti_uav410/AU-L06-W02.csv
AU-L06-W02,anti_uav410,8,731907,1,AU-L06-W02,anti_uav_load_6,6,12,10,12,4000,replays/anti_uav410/AU-L06-W02.csv
AU-L06-W02,anti_uav410,9,731908,1,AU-L06-W02,anti_uav_load_6,6,12,10,12,4000,replays/anti_uav410/AU-L06-W02.csv
AU-L06-W02,anti_uav410,10,731909,1,AU-L06-W02,anti_uav_load_6,6,12,10,12,4000,replays/anti_uav410/AU-L06-W02.csv
AU-L06-W02,anti_uav410,11,731910,1,AU-L06-W02,anti_uav_load_6,6,12,10,12,4000,replays/anti_uav410/AU-L06-W02.csv
AU-L06-W02,anti_uav410,12,731911,1,AU-L06-W02,anti_uav_load_6,6,12,10,12,4000,replays/anti_uav410/AU-L06-W02.csv
AU-L06-W02,anti_uav410,13,731912,1,AU-L06-W02,anti_uav_load_6,6,12,10,12,4000,replays/anti_uav410/AU-L06-W02.csv
AU-L06-W02,anti_uav410,14,731913,1,AU-L06-W02,anti_uav_load_6,6,12,10,12,4000,replays/anti_uav410/AU-L06-W02.csv
AU-L06-W02,anti_uav410,15,731914,1,AU-L06-W02,anti_uav_load_6,6,12,10,12,4000,replays/anti_uav410/AU-L06-W02.csv
AU-L06-W02,anti_uav410,16,731915,1,AU-L06-W02,anti_uav_load_6,6,12,10,12,4000,replays/anti_uav410/AU-L06-W02.csv
AU-L06-W02,anti_uav410,17,731916,1,AU-L06-W02,anti_uav_load_6,6,12,10,12,4000,replays/anti_uav410/AU-L06-W02.csv
AU-L06-W02,anti_uav410,18,731917,1,AU-L06-W02,anti_uav_load_6,6,12,10,12,4000,replays/anti_uav410/AU-L06-W02.csv
AU-L06-W02,anti_uav410,19,731918,1,AU-L06-W02,anti_uav_load_6,6,12,10,12,4000,replays/anti_uav410/AU-L06-W02.csv
AU-L06-W02,anti_uav410,20,731919,1,AU-L06-W02,anti_uav_load_6,6,12,10,12,4000,replays/anti_uav410/AU-L06-W02.csv
AU-L06-W02,anti_uav410,21,731920,1,AU-L06-W02,anti_uav_load_6,6,12,10,12,4000,replays/anti_uav410/AU-L06-W02.csv
AU-L06-W02,anti_uav410,22,731921,1,AU-L06-W02,anti_uav_load_6,6,12,10,12,4000,replays/anti_uav410/AU-L06-W02.csv
AU-L06-W02,anti_uav410,23,731922,1,AU-L06-W02,anti_uav_load_6,6,12,10,12,4000,replays/anti_uav410/AU-L06-W02.csv
AU-L06-W02,anti_uav410,24,731923,1,AU-L06-W02,anti_uav_load_6,6,12,10,12,4000,replays/anti_uav410/AU-L06-W02.csv
AU-L06-W02,anti_uav410,25,731924,1,AU-L06-W02,anti_uav_load_6,6,12,10,12,4000,replays/anti_uav410/AU-L06-W02.csv
AU-L06-W02,anti_uav410,26,731925,1,AU-L06-W02,anti_uav_load_6,6,12,10,12,4000,replays/anti_uav410/AU-L06-W02.csv
AU-L06-W02,anti_uav410,27,731926,1,AU-L06-W02,anti_uav_load_6,6,12,10,12,4000,replays/anti_uav410/AU-L06-W02.csv
AU-L06-W02,anti_uav410,28,731927,1,AU-L06-W02,anti_uav_load_6,6,12,10,12,4000,replays/anti_uav410/AU-L06-W02.csv
AU-L06-W02,anti_uav410,29,731928,1,AU-L06-W02,anti_uav_load_6,6,12,10,12,4000,replays/anti_uav410/AU-L06-W02.csv
AU-L06-W02,anti_uav410,30,731929,1,AU-L06-W02,anti_uav_load_6,6,12,10,12,4000,replays/anti_uav410/AU-L06-W02.csv
AU-L06-W03,anti_uav410,1,732000,1,AU-L06-W03,anti_uav_load_6,6,12,10,12,4000,replays/anti_uav410/AU-L06-W03.csv
AU-L06-W03,anti_uav410,2,732001,1,AU-L06-W03,anti_uav_load_6,6,12,10,12,4000,replays/anti_uav410/AU-L06-W03.csv
AU-L06-W03,anti_uav410,3,732002,1,AU-L06-W03,anti_uav_load_6,6,12,10,12,4000,replays/anti_uav410/AU-L06-W03.csv
AU-L06-W03,anti_uav410,4,732003,1,AU-L06-W03,anti_uav_load_6,6,12,10,12,4000,replays/anti_uav410/AU-L06-W03.csv
AU-L06-W03,anti_uav410,5,732004,1,AU-L06-W03,anti_uav_load_6,6,12,10,12,4000,replays/anti_uav410/AU-L06-W03.csv
AU-L06-W03,anti_uav410,6,732005,1,AU-L06-W03,anti_uav_load_6,6,12,10,12,4000,replays/anti_uav410/AU-L06-W03.csv
AU-L06-W03,anti_uav410,7,732006,1,AU-L06-W03,anti_uav_load_6,6,12,10,12,4000,replays/anti_uav410/AU-L06-W03.csv
AU-L06-W03,anti_uav410,8,732007,1,AU-L06-W03,anti_uav_load_6,6,12,10,12,4000,replays/anti_uav410/AU-L06-W03.csv
AU-L06-W03,anti_uav410,9,732008,1,AU-L06-W03,anti_uav_load_6,6,12,10,12,4000,replays/anti_uav410/AU-L06-W03.csv
AU-L06-W03,anti_uav410,10,732009,1,AU-L06-W03,anti_uav_load_6,6,12,10,12,4000,replays/anti_uav410/AU-L06-W03.csv
AU-L06-W03,anti_uav410,11,732010,1,AU-L06-W03,anti_uav_load_6,6,12,10,12,4000,replays/anti_uav410/AU-L06-W03.csv
AU-L06-W03,anti_uav410,12,732011,1,AU-L06-W03,anti_uav_load_6,6,12,10,12,4000,replays/anti_uav410/AU-L06-W03.csv
AU-L06-W03,anti_uav410,13,732012,1,AU-L06-W03,anti_uav_load_6,6,12,10,12,4000,replays/anti_uav410/AU-L06-W03.csv
AU-L06-W03,anti_uav410,14,732013,1,AU-L06-W03,anti_uav_load_6,6,12,10,12,4000,replays/anti_uav410/AU-L06-W03.csv
AU-L06-W03,anti_uav410,15,732014,1,AU-L06-W03,anti_uav_load_6,6,12,10,12,4000,replays/anti_uav410/AU-L06-W03.csv
AU-L06-W03,anti_uav410,16,732015,1,AU-L06-W03,anti_uav_load_6,6,12,10,12,4000,replays/anti_uav410/AU-L06-W03.csv
AU-L06-W03,anti_uav410,17,732016,1,AU-L06-W03,anti_uav_load_6,6,12,10,12,4000,replays/anti_uav410/AU-L06-W03.csv
AU-L06-W03,anti_uav410,18,732017,1,AU-L06-W03,anti_uav_load_6,6,12,10,12,4000,replays/anti_uav410/AU-L06-W03.csv
AU-L06-W03,anti_uav410,19,732018,1,AU-L06-W03,anti_uav_load_6,6,12,10,12,4000,replays/anti_uav410/AU-L06-W03.csv
AU-L06-W03,anti_uav410,20,732019,1,AU-L06-W03,anti_uav_load_6,6,12,10,12,4000,replays/anti_uav410/AU-L06-W03.csv
AU-L06-W03,anti_uav410,21,732020,1,AU-L06-W03,anti_uav_load_6,6,12,10,12,4000,replays/anti_uav410/AU-L06-W03.csv
AU-L06-W03,anti_uav410,22,732021,1,AU-L06-W03,anti_uav_load_6,6,12,10,12,4000,replays/anti_uav410/AU-L06-W03.csv
AU-L06-W03,anti_uav410,23,732022,1,AU-L06-W03,anti_uav_load_6,6,12,10,12,4000,replays/anti_uav410/AU-L06-W03.csv
AU-L06-W03,anti_uav410,24,732023,1,AU-L06-W03,anti_uav_load_6,6,12,10,12,4000,replays/anti_uav410/AU-L06-W03.csv
AU-L06-W03,anti_uav410,25,732024,1,AU-L06-W03,anti_uav_load_6,6,12,10,12,4000,replays/anti_uav410/AU-L06-W03.csv
AU-L06-W03,anti_uav410,26,732025,1,AU-L06-W03,anti_uav_load_6,6,12,10,12,4000,replays/anti_uav410/AU-L06-W03.csv
AU-L06-W03,anti_uav410,27,732026,1,AU-L06-W03,anti_uav_load_6,6,12,10,12,4000,replays/anti_uav410/AU-L06-W03.csv
AU-L06-W03,anti_uav410,28,732027,1,AU-L06-W03,anti_uav_load_6,6,12,10,12,4000,replays/anti_uav410/AU-L06-W03.csv
AU-L06-W03,anti_uav410,29,732028,1,AU-L06-W03,anti_uav_load_6,6,12,10,12,4000,replays/anti_uav410/AU-L06-W03.csv
AU-L06-W03,anti_uav410,30,732029,1,AU-L06-W03,anti_uav_load_6,6,12,10,12,4000,replays/anti_uav410/AU-L06-W03.csv
AU-L06-W04,anti_uav410,1,732100,1,AU-L06-W04,anti_uav_load_6,6,12,10,12,4000,replays/anti_uav410/AU-L06-W04.csv
AU-L06-W04,anti_uav410,2,732101,1,AU-L06-W04,anti_uav_load_6,6,12,10,12,4000,replays/anti_uav410/AU-L06-W04.csv
AU-L06-W04,anti_uav410,3,732102,1,AU-L06-W04,anti_uav_load_6,6,12,10,12,4000,replays/anti_uav410/AU-L06-W04.csv
AU-L06-W04,anti_uav410,4,732103,1,AU-L06-W04,anti_uav_load_6,6,12,10,12,4000,replays/anti_uav410/AU-L06-W04.csv
AU-L06-W04,anti_uav410,5,732104,1,AU-L06-W04,anti_uav_load_6,6,12,10,12,4000,replays/anti_uav410/AU-L06-W04.csv
AU-L06-W04,anti_uav410,6,732105,1,AU-L06-W04,anti_uav_load_6,6,12,10,12,4000,replays/anti_uav410/AU-L06-W04.csv
AU-L06-W04,anti_uav410,7,732106,1,AU-L06-W04,anti_uav_load_6,6,12,10,12,4000,replays/anti_uav410/AU-L06-W04.csv
AU-L06-W04,anti_uav410,8,732107,1,AU-L06-W04,anti_uav_load_6,6,12,10,12,4000,replays/anti_uav410/AU-L06-W04.csv
AU-L06-W04,anti_uav410,9,732108,1,AU-L06-W04,anti_uav_load_6,6,12,10,12,4000,replays/anti_uav410/AU-L06-W04.csv
AU-L06-W04,anti_uav410,10,732109,1,AU-L06-W04,anti_uav_load_6,6,12,10,12,4000,replays/anti_uav410/AU-L06-W04.csv
AU-L06-W04,anti_uav410,11,732110,1,AU-L06-W04,anti_uav_load_6,6,12,10,12,4000,replays/anti_uav410/AU-L06-W04.csv
AU-L06-W04,anti_uav410,12,732111,1,AU-L06-W04,anti_uav_load_6,6,12,10,12,4000,replays/anti_uav410/AU-L06-W04.csv
AU-L06-W04,anti_uav410,13,732112,1,AU-L06-W04,anti_uav_load_6,6,12,10,12,4000,replays/anti_uav410/AU-L06-W04.csv
AU-L06-W04,anti_uav410,14,732113,1,AU-L06-W04,anti_uav_load_6,6,12,10,12,4000,replays/anti_uav410/AU-L06-W04.csv
AU-L06-W04,anti_uav410,15,732114,1,AU-L06-W04,anti_uav_load_6,6,12,10,12,4000,replays/anti_uav410/AU-L06-W04.csv
AU-L06-W04,anti_uav410,16,732115,1,AU-L06-W04,anti_uav_load_6,6,12,10,12,4000,replays/anti_uav410/AU-L06-W04.csv
AU-L06-W04,anti_uav410,17,732116,1,AU-L06-W04,anti_uav_load_6,6,12,10,12,4000,replays/anti_uav410/AU-L06-W04.csv
AU-L06-W04,anti_uav410,18,732117,1,AU-L06-W04,anti_uav_load_6,6,12,10,12,4000,replays/anti_uav410/AU-L06-W04.csv
AU-L06-W04,anti_uav410,19,732118,1,AU-L06-W04,anti_uav_load_6,6,12,10,12,4000,replays/anti_uav410/AU-L06-W04.csv
AU-L06-W04,anti_uav410,20,732119,1,AU-L06-W04,anti_uav_load_6,6,12,10,12,4000,replays/anti_uav410/AU-L06-W04.csv
AU-L06-W04,anti_uav410,21,732120,1,AU-L06-W04,anti_uav_load_6,6,12,10,12,4000,replays/anti_uav410/AU-L06-W04.csv
AU-L06-W04,anti_uav410,22,732121,1,AU-L06-W04,anti_uav_load_6,6,12,10,12,4000,replays/anti_uav410/AU-L06-W04.csv
AU-L06-W04,anti_uav410,23,732122,1,AU-L06-W04,anti_uav_load_6,6,12,10,12,4000,replays/anti_uav410/AU-L06-W04.csv
AU-L06-W04,anti_uav410,24,732123,1,AU-L06-W04,anti_uav_load_6,6,12,10,12,4000,replays/anti_uav410/AU-L06-W04.csv
AU-L06-W04,anti_uav410,25,732124,1,AU-L06-W04,anti_uav_load_6,6,12,10,12,4000,replays/anti_uav410/AU-L06-W04.csv
AU-L06-W04,anti_uav410,26,732125,1,AU-L06-W04,anti_uav_load_6,6,12,10,12,4000,replays/anti_uav410/AU-L06-W04.csv
AU-L06-W04,anti_uav410,27,732126,1,AU-L06-W04,anti_uav_load_6,6,12,10,12,4000,replays/anti_uav410/AU-L06-W04.csv
AU-L06-W04,anti_uav410,28,732127,1,AU-L06-W04,anti_uav_load_6,6,12,10,12,4000,replays/anti_uav410/AU-L06-W04.csv
AU-L06-W04,anti_uav410,29,732128,1,AU-L06-W04,anti_uav_load_6,6,12,10,12,4000,replays/anti_uav410/AU-L06-W04.csv
AU-L06-W04,anti_uav410,30,732129,1,AU-L06-W04,anti_uav_load_6,6,12,10,12,4000,replays/anti_uav410/AU-L06-W04.csv
AU-L06-W05,anti_uav410,1,732200,1,AU-L06-W05,anti_uav_load_6,6,12,10,12,4000,replays/anti_uav410/AU-L06-W05.csv
AU-L06-W05,anti_uav410,2,732201,1,AU-L06-W05,anti_uav_load_6,6,12,10,12,4000,replays/anti_uav410/AU-L06-W05.csv
AU-L06-W05,anti_uav410,3,732202,1,AU-L06-W05,anti_uav_load_6,6,12,10,12,4000,replays/anti_uav410/AU-L06-W05.csv
AU-L06-W05,anti_uav410,4,732203,1,AU-L06-W05,anti_uav_load_6,6,12,10,12,4000,replays/anti_uav410/AU-L06-W05.csv
AU-L06-W05,anti_uav410,5,732204,1,AU-L06-W05,anti_uav_load_6,6,12,10,12,4000,replays/anti_uav410/AU-L06-W05.csv
AU-L06-W05,anti_uav410,6,732205,1,AU-L06-W05,anti_uav_load_6,6,12,10,12,4000,replays/anti_uav410/AU-L06-W05.csv
AU-L06-W05,anti_uav410,7,732206,1,AU-L06-W05,anti_uav_load_6,6,12,10,12,4000,replays/anti_uav410/AU-L06-W05.csv
AU-L06-W05,anti_uav410,8,732207,1,AU-L06-W05,anti_uav_load_6,6,12,10,12,4000,replays/anti_uav410/AU-L06-W05.csv
AU-L06-W05,anti_uav410,9,732208,1,AU-L06-W05,anti_uav_load_6,6,12,10,12,4000,replays/anti_uav410/AU-L06-W05.csv
AU-L06-W05,anti_uav410,10,732209,1,AU-L06-W05,anti_uav_load_6,6,12,10,12,4000,replays/anti_uav410/AU-L06-W05.csv
AU-L06-W05,anti_uav410,11,732210,1,AU-L06-W05,anti_uav_load_6,6,12,10,12,4000,replays/anti_uav410/AU-L06-W05.csv
AU-L06-W05,anti_uav410,12,732211,1,AU-L06-W05,anti_uav_load_6,6,12,10,12,4000,replays/anti_uav410/AU-L06-W05.csv
AU-L06-W05,anti_uav410,13,732212,1,AU-L06-W05,anti_uav_load_6,6,12,10,12,4000,replays/anti_uav410/AU-L06-W05.csv
AU-L06-W05,anti_uav410,14,732213,1,AU-L06-W05,anti_uav_load_6,6,12,10,12,4000,replays/anti_uav410/AU-L06-W05.csv
AU-L06-W05,anti_uav410,15,732214,1,AU-L06-W05,anti_uav_load_6,6,12,10,12,4000,replays/anti_uav410/AU-L06-W05.csv
AU-L06-W05,anti_uav410,16,732215,1,AU-L06-W05,anti_uav_load_6,6,12,10,12,4000,replays/anti_uav410/AU-L06-W05.csv
AU-L06-W05,anti_uav410,17,732216,1,AU-L06-W05,anti_uav_load_6,6,12,10,12,4000,replays/anti_uav410/AU-L06-W05.csv
AU-L06-W05,anti_uav410,18,732217,1,AU-L06-W05,anti_uav_load_6,6,12,10,12,4000,replays/anti_uav410/AU-L06-W05.csv
AU-L06-W05,anti_uav410,19,732218,1,AU-L06-W05,anti_uav_load_6,6,12,10,12,4000,replays/anti_uav410/AU-L06-W05.csv
AU-L06-W05,anti_uav410,20,732219,1,AU-L06-W05,anti_uav_load_6,6,12,10,12,4000,replays/anti_uav410/AU-L06-W05.csv
AU-L06-W05,anti_uav410,21,732220,1,AU-L06-W05,anti_uav_load_6,6,12,10,12,4000,replays/anti_uav410/AU-L06-W05.csv
AU-L06-W05,anti_uav410,22,732221,1,AU-L06-W05,anti_uav_load_6,6,12,10,12,4000,replays/anti_uav410/AU-L06-W05.csv
AU-L06-W05,anti_uav410,23,732222,1,AU-L06-W05,anti_uav_load_6,6,12,10,12,4000,replays/anti_uav410/AU-L06-W05.csv
AU-L06-W05,anti_uav410,24,732223,1,AU-L06-W05,anti_uav_load_6,6,12,10,12,4000,replays/anti_uav410/AU-L06-W05.csv
AU-L06-W05,anti_uav410,25,732224,1,AU-L06-W05,anti_uav_load_6,6,12,10,12,4000,replays/anti_uav410/AU-L06-W05.csv
AU-L06-W05,anti_uav410,26,732225,1,AU-L06-W05,anti_uav_load_6,6,12,10,12,4000,replays/anti_uav410/AU-L06-W05.csv
AU-L06-W05,anti_uav410,27,732226,1,AU-L06-W05,anti_uav_load_6,6,12,10,12,4000,replays/anti_uav410/AU-L06-W05.csv
AU-L06-W05,anti_uav410,28,732227,1,AU-L06-W05,anti_uav_load_6,6,12,10,12,4000,replays/anti_uav410/AU-L06-W05.csv
AU-L06-W05,anti_uav410,29,732228,1,AU-L06-W05,anti_uav_load_6,6,12,10,12,4000,replays/anti_uav410/AU-L06-W05.csv
AU-L06-W05,anti_uav410,30,732229,1,AU-L06-W05,anti_uav_load_6,6,12,10,12,4000,replays/anti_uav410/AU-L06-W05.csv
AU-L06-W06,anti_uav410,1,732300,1,AU-L06-W06,anti_uav_load_6,6,12,10,12,4000,replays/anti_uav410/AU-L06-W06.csv
AU-L06-W06,anti_uav410,2,732301,1,AU-L06-W06,anti_uav_load_6,6,12,10,12,4000,replays/anti_uav410/AU-L06-W06.csv
AU-L06-W06,anti_uav410,3,732302,1,AU-L06-W06,anti_uav_load_6,6,12,10,12,4000,replays/anti_uav410/AU-L06-W06.csv
AU-L06-W06,anti_uav410,4,732303,1,AU-L06-W06,anti_uav_load_6,6,12,10,12,4000,replays/anti_uav410/AU-L06-W06.csv
AU-L06-W06,anti_uav410,5,732304,1,AU-L06-W06,anti_uav_load_6,6,12,10,12,4000,replays/anti_uav410/AU-L06-W06.csv
AU-L06-W06,anti_uav410,6,732305,1,AU-L06-W06,anti_uav_load_6,6,12,10,12,4000,replays/anti_uav410/AU-L06-W06.csv
AU-L06-W06,anti_uav410,7,732306,1,AU-L06-W06,anti_uav_load_6,6,12,10,12,4000,replays/anti_uav410/AU-L06-W06.csv
AU-L06-W06,anti_uav410,8,732307,1,AU-L06-W06,anti_uav_load_6,6,12,10,12,4000,replays/anti_uav410/AU-L06-W06.csv
AU-L06-W06,anti_uav410,9,732308,1,AU-L06-W06,anti_uav_load_6,6,12,10,12,4000,replays/anti_uav410/AU-L06-W06.csv
AU-L06-W06,anti_uav410,10,732309,1,AU-L06-W06,anti_uav_load_6,6,12,10,12,4000,replays/anti_uav410/AU-L06-W06.csv
AU-L06-W06,anti_uav410,11,732310,1,AU-L06-W06,anti_uav_load_6,6,12,10,12,4000,replays/anti_uav410/AU-L06-W06.csv
AU-L06-W06,anti_uav410,12,732311,1,AU-L06-W06,anti_uav_load_6,6,12,10,12,4000,replays/anti_uav410/AU-L06-W06.csv
AU-L06-W06,anti_uav410,13,732312,1,AU-L06-W06,anti_uav_load_6,6,12,10,12,4000,replays/anti_uav410/AU-L06-W06.csv
AU-L06-W06,anti_uav410,14,732313,1,AU-L06-W06,anti_uav_load_6,6,12,10,12,4000,replays/anti_uav410/AU-L06-W06.csv
AU-L06-W06,anti_uav410,15,732314,1,AU-L06-W06,anti_uav_load_6,6,12,10,12,4000,replays/anti_uav410/AU-L06-W06.csv
AU-L06-W06,anti_uav410,16,732315,1,AU-L06-W06,anti_uav_load_6,6,12,10,12,4000,replays/anti_uav410/AU-L06-W06.csv
AU-L06-W06,anti_uav410,17,732316,1,AU-L06-W06,anti_uav_load_6,6,12,10,12,4000,replays/anti_uav410/AU-L06-W06.csv
AU-L06-W06,anti_uav410,18,732317,1,AU-L06-W06,anti_uav_load_6,6,12,10,12,4000,replays/anti_uav410/AU-L06-W06.csv
AU-L06-W06,anti_uav410,19,732318,1,AU-L06-W06,anti_uav_load_6,6,12,10,12,4000,replays/anti_uav410/AU-L06-W06.csv
AU-L06-W06,anti_uav410,20,732319,1,AU-L06-W06,anti_uav_load_6,6,12,10,12,4000,replays/anti_uav410/AU-L06-W06.csv
AU-L06-W06,anti_uav410,21,732320,1,AU-L06-W06,anti_uav_load_6,6,12,10,12,4000,replays/anti_uav410/AU-L06-W06.csv
AU-L06-W06,anti_uav410,22,732321,1,AU-L06-W06,anti_uav_load_6,6,12,10,12,4000,replays/anti_uav410/AU-L06-W06.csv
AU-L06-W06,anti_uav410,23,732322,1,AU-L06-W06,anti_uav_load_6,6,12,10,12,4000,replays/anti_uav410/AU-L06-W06.csv
AU-L06-W06,anti_uav410,24,732323,1,AU-L06-W06,anti_uav_load_6,6,12,10,12,4000,replays/anti_uav410/AU-L06-W06.csv
AU-L06-W06,anti_uav410,25,732324,1,AU-L06-W06,anti_uav_load_6,6,12,10,12,4000,replays/anti_uav410/AU-L06-W06.csv
AU-L06-W06,anti_uav410,26,732325,1,AU-L06-W06,anti_uav_load_6,6,12,10,12,4000,replays/anti_uav410/AU-L06-W06.csv
AU-L06-W06,anti_uav410,27,732326,1,AU-L06-W06,anti_uav_load_6,6,12,10,12,4000,replays/anti_uav410/AU-L06-W06.csv
AU-L06-W06,anti_uav410,28,732327,1,AU-L06-W06,anti_uav_load_6,6,12,10,12,4000,replays/anti_uav410/AU-L06-W06.csv
AU-L06-W06,anti_uav410,29,732328,1,AU-L06-W06,anti_uav_load_6,6,12,10,12,4000,replays/anti_uav410/AU-L06-W06.csv
AU-L06-W06,anti_uav410,30,732329,1,AU-L06-W06,anti_uav_load_6,6,12,10,12,4000,replays/anti_uav410/AU-L06-W06.csv
AU-L08-W01,anti_uav410,1,732400,1,AU-L08-W01,anti_uav_load_8,8,12,10,12,4000,replays/anti_uav410/AU-L08-W01.csv
AU-L08-W01,anti_uav410,2,732401,1,AU-L08-W01,anti_uav_load_8,8,12,10,12,4000,replays/anti_uav410/AU-L08-W01.csv
AU-L08-W01,anti_uav410,3,732402,1,AU-L08-W01,anti_uav_load_8,8,12,10,12,4000,replays/anti_uav410/AU-L08-W01.csv
AU-L08-W01,anti_uav410,4,732403,1,AU-L08-W01,anti_uav_load_8,8,12,10,12,4000,replays/anti_uav410/AU-L08-W01.csv
AU-L08-W01,anti_uav410,5,732404,1,AU-L08-W01,anti_uav_load_8,8,12,10,12,4000,replays/anti_uav410/AU-L08-W01.csv
AU-L08-W01,anti_uav410,6,732405,1,AU-L08-W01,anti_uav_load_8,8,12,10,12,4000,replays/anti_uav410/AU-L08-W01.csv
AU-L08-W01,anti_uav410,7,732406,1,AU-L08-W01,anti_uav_load_8,8,12,10,12,4000,replays/anti_uav410/AU-L08-W01.csv
AU-L08-W01,anti_uav410,8,732407,1,AU-L08-W01,anti_uav_load_8,8,12,10,12,4000,replays/anti_uav410/AU-L08-W01.csv
AU-L08-W01,anti_uav410,9,732408,1,AU-L08-W01,anti_uav_load_8,8,12,10,12,4000,replays/anti_uav410/AU-L08-W01.csv
AU-L08-W01,anti_uav410,10,732409,1,AU-L08-W01,anti_uav_load_8,8,12,10,12,4000,replays/anti_uav410/AU-L08-W01.csv
AU-L08-W01,anti_uav410,11,732410,1,AU-L08-W01,anti_uav_load_8,8,12,10,12,4000,replays/anti_uav410/AU-L08-W01.csv
AU-L08-W01,anti_uav410,12,732411,1,AU-L08-W01,anti_uav_load_8,8,12,10,12,4000,replays/anti_uav410/AU-L08-W01.csv
AU-L08-W01,anti_uav410,13,732412,1,AU-L08-W01,anti_uav_load_8,8,12,10,12,4000,replays/anti_uav410/AU-L08-W01.csv
AU-L08-W01,anti_uav410,14,732413,1,AU-L08-W01,anti_uav_load_8,8,12,10,12,4000,replays/anti_uav410/AU-L08-W01.csv
AU-L08-W01,anti_uav410,15,732414,1,AU-L08-W01,anti_uav_load_8,8,12,10,12,4000,replays/anti_uav410/AU-L08-W01.csv
AU-L08-W01,anti_uav410,16,732415,1,AU-L08-W01,anti_uav_load_8,8,12,10,12,4000,replays/anti_uav410/AU-L08-W01.csv
AU-L08-W01,anti_uav410,17,732416,1,AU-L08-W01,anti_uav_load_8,8,12,10,12,4000,replays/anti_uav410/AU-L08-W01.csv
AU-L08-W01,anti_uav410,18,732417,1,AU-L08-W01,anti_uav_load_8,8,12,10,12,4000,replays/anti_uav410/AU-L08-W01.csv
AU-L08-W01,anti_uav410,19,732418,1,AU-L08-W01,anti_uav_load_8,8,12,10,12,4000,replays/anti_uav410/AU-L08-W01.csv
AU-L08-W01,anti_uav410,20,732419,1,AU-L08-W01,anti_uav_load_8,8,12,10,12,4000,replays/anti_uav410/AU-L08-W01.csv
AU-L08-W01,anti_uav410,21,732420,1,AU-L08-W01,anti_uav_load_8,8,12,10,12,4000,replays/anti_uav410/AU-L08-W01.csv
AU-L08-W01,anti_uav410,22,732421,1,AU-L08-W01,anti_uav_load_8,8,12,10,12,4000,replays/anti_uav410/AU-L08-W01.csv
AU-L08-W01,anti_uav410,23,732422,1,AU-L08-W01,anti_uav_load_8,8,12,10,12,4000,replays/anti_uav410/AU-L08-W01.csv
AU-L08-W01,anti_uav410,24,732423,1,AU-L08-W01,anti_uav_load_8,8,12,10,12,4000,replays/anti_uav410/AU-L08-W01.csv
AU-L08-W01,anti_uav410,25,732424,1,AU-L08-W01,anti_uav_load_8,8,12,10,12,4000,replays/anti_uav410/AU-L08-W01.csv
AU-L08-W01,anti_uav410,26,732425,1,AU-L08-W01,anti_uav_load_8,8,12,10,12,4000,replays/anti_uav410/AU-L08-W01.csv
AU-L08-W01,anti_uav410,27,732426,1,AU-L08-W01,anti_uav_load_8,8,12,10,12,4000,replays/anti_uav410/AU-L08-W01.csv
AU-L08-W01,anti_uav410,28,732427,1,AU-L08-W01,anti_uav_load_8,8,12,10,12,4000,replays/anti_uav410/AU-L08-W01.csv
AU-L08-W01,anti_uav410,29,732428,1,AU-L08-W01,anti_uav_load_8,8,12,10,12,4000,replays/anti_uav410/AU-L08-W01.csv
AU-L08-W01,anti_uav410,30,732429,1,AU-L08-W01,anti_uav_load_8,8,12,10,12,4000,replays/anti_uav410/AU-L08-W01.csv
AU-L08-W02,anti_uav410,1,732500,1,AU-L08-W02,anti_uav_load_8,8,12,10,12,4000,replays/anti_uav410/AU-L08-W02.csv
AU-L08-W02,anti_uav410,2,732501,1,AU-L08-W02,anti_uav_load_8,8,12,10,12,4000,replays/anti_uav410/AU-L08-W02.csv
AU-L08-W02,anti_uav410,3,732502,1,AU-L08-W02,anti_uav_load_8,8,12,10,12,4000,replays/anti_uav410/AU-L08-W02.csv
AU-L08-W02,anti_uav410,4,732503,1,AU-L08-W02,anti_uav_load_8,8,12,10,12,4000,replays/anti_uav410/AU-L08-W02.csv
AU-L08-W02,anti_uav410,5,732504,1,AU-L08-W02,anti_uav_load_8,8,12,10,12,4000,replays/anti_uav410/AU-L08-W02.csv
AU-L08-W02,anti_uav410,6,732505,1,AU-L08-W02,anti_uav_load_8,8,12,10,12,4000,replays/anti_uav410/AU-L08-W02.csv
AU-L08-W02,anti_uav410,7,732506,1,AU-L08-W02,anti_uav_load_8,8,12,10,12,4000,replays/anti_uav410/AU-L08-W02.csv
AU-L08-W02,anti_uav410,8,732507,1,AU-L08-W02,anti_uav_load_8,8,12,10,12,4000,replays/anti_uav410/AU-L08-W02.csv
AU-L08-W02,anti_uav410,9,732508,1,AU-L08-W02,anti_uav_load_8,8,12,10,12,4000,replays/anti_uav410/AU-L08-W02.csv
AU-L08-W02,anti_uav410,10,732509,1,AU-L08-W02,anti_uav_load_8,8,12,10,12,4000,replays/anti_uav410/AU-L08-W02.csv
AU-L08-W02,anti_uav410,11,732510,1,AU-L08-W02,anti_uav_load_8,8,12,10,12,4000,replays/anti_uav410/AU-L08-W02.csv
AU-L08-W02,anti_uav410,12,732511,1,AU-L08-W02,anti_uav_load_8,8,12,10,12,4000,replays/anti_uav410/AU-L08-W02.csv
AU-L08-W02,anti_uav410,13,732512,1,AU-L08-W02,anti_uav_load_8,8,12,10,12,4000,replays/anti_uav410/AU-L08-W02.csv
AU-L08-W02,anti_uav410,14,732513,1,AU-L08-W02,anti_uav_load_8,8,12,10,12,4000,replays/anti_uav410/AU-L08-W02.csv
AU-L08-W02,anti_uav410,15,732514,1,AU-L08-W02,anti_uav_load_8,8,12,10,12,4000,replays/anti_uav410/AU-L08-W02.csv
AU-L08-W02,anti_uav410,16,732515,1,AU-L08-W02,anti_uav_load_8,8,12,10,12,4000,replays/anti_uav410/AU-L08-W02.csv
AU-L08-W02,anti_uav410,17,732516,1,AU-L08-W02,anti_uav_load_8,8,12,10,12,4000,replays/anti_uav410/AU-L08-W02.csv
AU-L08-W02,anti_uav410,18,732517,1,AU-L08-W02,anti_uav_load_8,8,12,10,12,4000,replays/anti_uav410/AU-L08-W02.csv
AU-L08-W02,anti_uav410,19,732518,1,AU-L08-W02,anti_uav_load_8,8,12,10,12,4000,replays/anti_uav410/AU-L08-W02.csv
AU-L08-W02,anti_uav410,20,732519,1,AU-L08-W02,anti_uav_load_8,8,12,10,12,4000,replays/anti_uav410/AU-L08-W02.csv
AU-L08-W02,anti_uav410,21,732520,1,AU-L08-W02,anti_uav_load_8,8,12,10,12,4000,replays/anti_uav410/AU-L08-W02.csv
AU-L08-W02,anti_uav410,22,732521,1,AU-L08-W02,anti_uav_load_8,8,12,10,12,4000,replays/anti_uav410/AU-L08-W02.csv
AU-L08-W02,anti_uav410,23,732522,1,AU-L08-W02,anti_uav_load_8,8,12,10,12,4000,replays/anti_uav410/AU-L08-W02.csv
AU-L08-W02,anti_uav410,24,732523,1,AU-L08-W02,anti_uav_load_8,8,12,10,12,4000,replays/anti_uav410/AU-L08-W02.csv
AU-L08-W02,anti_uav410,25,732524,1,AU-L08-W02,anti_uav_load_8,8,12,10,12,4000,replays/anti_uav410/AU-L08-W02.csv
AU-L08-W02,anti_uav410,26,732525,1,AU-L08-W02,anti_uav_load_8,8,12,10,12,4000,replays/anti_uav410/AU-L08-W02.csv
AU-L08-W02,anti_uav410,27,732526,1,AU-L08-W02,anti_uav_load_8,8,12,10,12,4000,replays/anti_uav410/AU-L08-W02.csv
AU-L08-W02,anti_uav410,28,732527,1,AU-L08-W02,anti_uav_load_8,8,12,10,12,4000,replays/anti_uav410/AU-L08-W02.csv
AU-L08-W02,anti_uav410,29,732528,1,AU-L08-W02,anti_uav_load_8,8,12,10,12,4000,replays/anti_uav410/AU-L08-W02.csv
AU-L08-W02,anti_uav410,30,732529,1,AU-L08-W02,anti_uav_load_8,8,12,10,12,4000,replays/anti_uav410/AU-L08-W02.csv
AU-L08-W03,anti_uav410,1,732600,1,AU-L08-W03,anti_uav_load_8,8,12,10,12,4000,replays/anti_uav410/AU-L08-W03.csv
AU-L08-W03,anti_uav410,2,732601,1,AU-L08-W03,anti_uav_load_8,8,12,10,12,4000,replays/anti_uav410/AU-L08-W03.csv
AU-L08-W03,anti_uav410,3,732602,1,AU-L08-W03,anti_uav_load_8,8,12,10,12,4000,replays/anti_uav410/AU-L08-W03.csv
AU-L08-W03,anti_uav410,4,732603,1,AU-L08-W03,anti_uav_load_8,8,12,10,12,4000,replays/anti_uav410/AU-L08-W03.csv
AU-L08-W03,anti_uav410,5,732604,1,AU-L08-W03,anti_uav_load_8,8,12,10,12,4000,replays/anti_uav410/AU-L08-W03.csv
AU-L08-W03,anti_uav410,6,732605,1,AU-L08-W03,anti_uav_load_8,8,12,10,12,4000,replays/anti_uav410/AU-L08-W03.csv
AU-L08-W03,anti_uav410,7,732606,1,AU-L08-W03,anti_uav_load_8,8,12,10,12,4000,replays/anti_uav410/AU-L08-W03.csv
AU-L08-W03,anti_uav410,8,732607,1,AU-L08-W03,anti_uav_load_8,8,12,10,12,4000,replays/anti_uav410/AU-L08-W03.csv
AU-L08-W03,anti_uav410,9,732608,1,AU-L08-W03,anti_uav_load_8,8,12,10,12,4000,replays/anti_uav410/AU-L08-W03.csv
AU-L08-W03,anti_uav410,10,732609,1,AU-L08-W03,anti_uav_load_8,8,12,10,12,4000,replays/anti_uav410/AU-L08-W03.csv
AU-L08-W03,anti_uav410,11,732610,1,AU-L08-W03,anti_uav_load_8,8,12,10,12,4000,replays/anti_uav410/AU-L08-W03.csv
AU-L08-W03,anti_uav410,12,732611,1,AU-L08-W03,anti_uav_load_8,8,12,10,12,4000,replays/anti_uav410/AU-L08-W03.csv
AU-L08-W03,anti_uav410,13,732612,1,AU-L08-W03,anti_uav_load_8,8,12,10,12,4000,replays/anti_uav410/AU-L08-W03.csv
AU-L08-W03,anti_uav410,14,732613,1,AU-L08-W03,anti_uav_load_8,8,12,10,12,4000,replays/anti_uav410/AU-L08-W03.csv
AU-L08-W03,anti_uav410,15,732614,1,AU-L08-W03,anti_uav_load_8,8,12,10,12,4000,replays/anti_uav410/AU-L08-W03.csv
AU-L08-W03,anti_uav410,16,732615,1,AU-L08-W03,anti_uav_load_8,8,12,10,12,4000,replays/anti_uav410/AU-L08-W03.csv
AU-L08-W03,anti_uav410,17,732616,1,AU-L08-W03,anti_uav_load_8,8,12,10,12,4000,replays/anti_uav410/AU-L08-W03.csv
AU-L08-W03,anti_uav410,18,732617,1,AU-L08-W03,anti_uav_load_8,8,12,10,12,4000,replays/anti_uav410/AU-L08-W03.csv
AU-L08-W03,anti_uav410,19,732618,1,AU-L08-W03,anti_uav_load_8,8,12,10,12,4000,replays/anti_uav410/AU-L08-W03.csv
AU-L08-W03,anti_uav410,20,732619,1,AU-L08-W03,anti_uav_load_8,8,12,10,12,4000,replays/anti_uav410/AU-L08-W03.csv
AU-L08-W03,anti_uav410,21,732620,1,AU-L08-W03,anti_uav_load_8,8,12,10,12,4000,replays/anti_uav410/AU-L08-W03.csv
AU-L08-W03,anti_uav410,22,732621,1,AU-L08-W03,anti_uav_load_8,8,12,10,12,4000,replays/anti_uav410/AU-L08-W03.csv
AU-L08-W03,anti_uav410,23,732622,1,AU-L08-W03,anti_uav_load_8,8,12,10,12,4000,replays/anti_uav410/AU-L08-W03.csv
AU-L08-W03,anti_uav410,24,732623,1,AU-L08-W03,anti_uav_load_8,8,12,10,12,4000,replays/anti_uav410/AU-L08-W03.csv
AU-L08-W03,anti_uav410,25,732624,1,AU-L08-W03,anti_uav_load_8,8,12,10,12,4000,replays/anti_uav410/AU-L08-W03.csv
AU-L08-W03,anti_uav410,26,732625,1,AU-L08-W03,anti_uav_load_8,8,12,10,12,4000,replays/anti_uav410/AU-L08-W03.csv
AU-L08-W03,anti_uav410,27,732626,1,AU-L08-W03,anti_uav_load_8,8,12,10,12,4000,replays/anti_uav410/AU-L08-W03.csv
AU-L08-W03,anti_uav410,28,732627,1,AU-L08-W03,anti_uav_load_8,8,12,10,12,4000,replays/anti_uav410/AU-L08-W03.csv
AU-L08-W03,anti_uav410,29,732628,1,AU-L08-W03,anti_uav_load_8,8,12,10,12,4000,replays/anti_uav410/AU-L08-W03.csv
AU-L08-W03,anti_uav410,30,732629,1,AU-L08-W03,anti_uav_load_8,8,12,10,12,4000,replays/anti_uav410/AU-L08-W03.csv
AU-L08-W04,anti_uav410,1,732700,1,AU-L08-W04,anti_uav_load_8,8,12,10,12,4000,replays/anti_uav410/AU-L08-W04.csv
AU-L08-W04,anti_uav410,2,732701,1,AU-L08-W04,anti_uav_load_8,8,12,10,12,4000,replays/anti_uav410/AU-L08-W04.csv
AU-L08-W04,anti_uav410,3,732702,1,AU-L08-W04,anti_uav_load_8,8,12,10,12,4000,replays/anti_uav410/AU-L08-W04.csv
AU-L08-W04,anti_uav410,4,732703,1,AU-L08-W04,anti_uav_load_8,8,12,10,12,4000,replays/anti_uav410/AU-L08-W04.csv
AU-L08-W04,anti_uav410,5,732704,1,AU-L08-W04,anti_uav_load_8,8,12,10,12,4000,replays/anti_uav410/AU-L08-W04.csv
AU-L08-W04,anti_uav410,6,732705,1,AU-L08-W04,anti_uav_load_8,8,12,10,12,4000,replays/anti_uav410/AU-L08-W04.csv
AU-L08-W04,anti_uav410,7,732706,1,AU-L08-W04,anti_uav_load_8,8,12,10,12,4000,replays/anti_uav410/AU-L08-W04.csv
AU-L08-W04,anti_uav410,8,732707,1,AU-L08-W04,anti_uav_load_8,8,12,10,12,4000,replays/anti_uav410/AU-L08-W04.csv
AU-L08-W04,anti_uav410,9,732708,1,AU-L08-W04,anti_uav_load_8,8,12,10,12,4000,replays/anti_uav410/AU-L08-W04.csv
AU-L08-W04,anti_uav410,10,732709,1,AU-L08-W04,anti_uav_load_8,8,12,10,12,4000,replays/anti_uav410/AU-L08-W04.csv
AU-L08-W04,anti_uav410,11,732710,1,AU-L08-W04,anti_uav_load_8,8,12,10,12,4000,replays/anti_uav410/AU-L08-W04.csv
AU-L08-W04,anti_uav410,12,732711,1,AU-L08-W04,anti_uav_load_8,8,12,10,12,4000,replays/anti_uav410/AU-L08-W04.csv
AU-L08-W04,anti_uav410,13,732712,1,AU-L08-W04,anti_uav_load_8,8,12,10,12,4000,replays/anti_uav410/AU-L08-W04.csv
AU-L08-W04,anti_uav410,14,732713,1,AU-L08-W04,anti_uav_load_8,8,12,10,12,4000,replays/anti_uav410/AU-L08-W04.csv
AU-L08-W04,anti_uav410,15,732714,1,AU-L08-W04,anti_uav_load_8,8,12,10,12,4000,replays/anti_uav410/AU-L08-W04.csv
AU-L08-W04,anti_uav410,16,732715,1,AU-L08-W04,anti_uav_load_8,8,12,10,12,4000,replays/anti_uav410/AU-L08-W04.csv
AU-L08-W04,anti_uav410,17,732716,1,AU-L08-W04,anti_uav_load_8,8,12,10,12,4000,replays/anti_uav410/AU-L08-W04.csv
AU-L08-W04,anti_uav410,18,732717,1,AU-L08-W04,anti_uav_load_8,8,12,10,12,4000,replays/anti_uav410/AU-L08-W04.csv
AU-L08-W04,anti_uav410,19,732718,1,AU-L08-W04,anti_uav_load_8,8,12,10,12,4000,replays/anti_uav410/AU-L08-W04.csv
AU-L08-W04,anti_uav410,20,732719,1,AU-L08-W04,anti_uav_load_8,8,12,10,12,4000,replays/anti_uav410/AU-L08-W04.csv
AU-L08-W04,anti_uav410,21,732720,1,AU-L08-W04,anti_uav_load_8,8,12,10,12,4000,replays/anti_uav410/AU-L08-W04.csv
AU-L08-W04,anti_uav410,22,732721,1,AU-L08-W04,anti_uav_load_8,8,12,10,12,4000,replays/anti_uav410/AU-L08-W04.csv
AU-L08-W04,anti_uav410,23,732722,1,AU-L08-W04,anti_uav_load_8,8,12,10,12,4000,replays/anti_uav410/AU-L08-W04.csv
AU-L08-W04,anti_uav410,24,732723,1,AU-L08-W04,anti_uav_load_8,8,12,10,12,4000,replays/anti_uav410/AU-L08-W04.csv
AU-L08-W04,anti_uav410,25,732724,1,AU-L08-W04,anti_uav_load_8,8,12,10,12,4000,replays/anti_uav410/AU-L08-W04.csv
AU-L08-W04,anti_uav410,26,732725,1,AU-L08-W04,anti_uav_load_8,8,12,10,12,4000,replays/anti_uav410/AU-L08-W04.csv
AU-L08-W04,anti_uav410,27,732726,1,AU-L08-W04,anti_uav_load_8,8,12,10,12,4000,replays/anti_uav410/AU-L08-W04.csv
AU-L08-W04,anti_uav410,28,732727,1,AU-L08-W04,anti_uav_load_8,8,12,10,12,4000,replays/anti_uav410/AU-L08-W04.csv
AU-L08-W04,anti_uav410,29,732728,1,AU-L08-W04,anti_uav_load_8,8,12,10,12,4000,replays/anti_uav410/AU-L08-W04.csv
AU-L08-W04,anti_uav410,30,732729,1,AU-L08-W04,anti_uav_load_8,8,12,10,12,4000,replays/anti_uav410/AU-L08-W04.csv
UZH-indoor_45_12,uzh_fpv,1,732800,1,indoor_45_12,uzh_indoor_oblique_45_medium,1,12,10,12,4000,replays/uzh_fpv/UZH-indoor_45_12.csv
UZH-indoor_45_12,uzh_fpv,2,732801,1,indoor_45_12,uzh_indoor_oblique_45_medium,1,12,10,12,4000,replays/uzh_fpv/UZH-indoor_45_12.csv
UZH-indoor_45_12,uzh_fpv,3,732802,1,indoor_45_12,uzh_indoor_oblique_45_medium,1,12,10,12,4000,replays/uzh_fpv/UZH-indoor_45_12.csv
UZH-indoor_45_12,uzh_fpv,4,732803,1,indoor_45_12,uzh_indoor_oblique_45_medium,1,12,10,12,4000,replays/uzh_fpv/UZH-indoor_45_12.csv
UZH-indoor_45_12,uzh_fpv,5,732804,1,indoor_45_12,uzh_indoor_oblique_45_medium,1,12,10,12,4000,replays/uzh_fpv/UZH-indoor_45_12.csv
UZH-indoor_45_12,uzh_fpv,6,732805,1,indoor_45_12,uzh_indoor_oblique_45_medium,1,12,10,12,4000,replays/uzh_fpv/UZH-indoor_45_12.csv
UZH-indoor_45_12,uzh_fpv,7,732806,1,indoor_45_12,uzh_indoor_oblique_45_medium,1,12,10,12,4000,replays/uzh_fpv/UZH-indoor_45_12.csv
UZH-indoor_45_12,uzh_fpv,8,732807,1,indoor_45_12,uzh_indoor_oblique_45_medium,1,12,10,12,4000,replays/uzh_fpv/UZH-indoor_45_12.csv
UZH-indoor_45_12,uzh_fpv,9,732808,1,indoor_45_12,uzh_indoor_oblique_45_medium,1,12,10,12,4000,replays/uzh_fpv/UZH-indoor_45_12.csv
UZH-indoor_45_12,uzh_fpv,10,732809,1,indoor_45_12,uzh_indoor_oblique_45_medium,1,12,10,12,4000,replays/uzh_fpv/UZH-indoor_45_12.csv
UZH-indoor_45_12,uzh_fpv,11,732810,1,indoor_45_12,uzh_indoor_oblique_45_medium,1,12,10,12,4000,replays/uzh_fpv/UZH-indoor_45_12.csv
UZH-indoor_45_12,uzh_fpv,12,732811,1,indoor_45_12,uzh_indoor_oblique_45_medium,1,12,10,12,4000,replays/uzh_fpv/UZH-indoor_45_12.csv
UZH-indoor_45_12,uzh_fpv,13,732812,1,indoor_45_12,uzh_indoor_oblique_45_medium,1,12,10,12,4000,replays/uzh_fpv/UZH-indoor_45_12.csv
UZH-indoor_45_12,uzh_fpv,14,732813,1,indoor_45_12,uzh_indoor_oblique_45_medium,1,12,10,12,4000,replays/uzh_fpv/UZH-indoor_45_12.csv
UZH-indoor_45_12,uzh_fpv,15,732814,1,indoor_45_12,uzh_indoor_oblique_45_medium,1,12,10,12,4000,replays/uzh_fpv/UZH-indoor_45_12.csv
UZH-indoor_45_12,uzh_fpv,16,732815,1,indoor_45_12,uzh_indoor_oblique_45_medium,1,12,10,12,4000,replays/uzh_fpv/UZH-indoor_45_12.csv
UZH-indoor_45_12,uzh_fpv,17,732816,1,indoor_45_12,uzh_indoor_oblique_45_medium,1,12,10,12,4000,replays/uzh_fpv/UZH-indoor_45_12.csv
UZH-indoor_45_12,uzh_fpv,18,732817,1,indoor_45_12,uzh_indoor_oblique_45_medium,1,12,10,12,4000,replays/uzh_fpv/UZH-indoor_45_12.csv
UZH-indoor_45_12,uzh_fpv,19,732818,1,indoor_45_12,uzh_indoor_oblique_45_medium,1,12,10,12,4000,replays/uzh_fpv/UZH-indoor_45_12.csv
UZH-indoor_45_12,uzh_fpv,20,732819,1,indoor_45_12,uzh_indoor_oblique_45_medium,1,12,10,12,4000,replays/uzh_fpv/UZH-indoor_45_12.csv
UZH-indoor_45_12,uzh_fpv,21,732820,1,indoor_45_12,uzh_indoor_oblique_45_medium,1,12,10,12,4000,replays/uzh_fpv/UZH-indoor_45_12.csv
UZH-indoor_45_12,uzh_fpv,22,732821,1,indoor_45_12,uzh_indoor_oblique_45_medium,1,12,10,12,4000,replays/uzh_fpv/UZH-indoor_45_12.csv
UZH-indoor_45_12,uzh_fpv,23,732822,1,indoor_45_12,uzh_indoor_oblique_45_medium,1,12,10,12,4000,replays/uzh_fpv/UZH-indoor_45_12.csv
UZH-indoor_45_12,uzh_fpv,24,732823,1,indoor_45_12,uzh_indoor_oblique_45_medium,1,12,10,12,4000,replays/uzh_fpv/UZH-indoor_45_12.csv
UZH-indoor_45_12,uzh_fpv,25,732824,1,indoor_45_12,uzh_indoor_oblique_45_medium,1,12,10,12,4000,replays/uzh_fpv/UZH-indoor_45_12.csv
UZH-indoor_45_12,uzh_fpv,26,732825,1,indoor_45_12,uzh_indoor_oblique_45_medium,1,12,10,12,4000,replays/uzh_fpv/UZH-indoor_45_12.csv
UZH-indoor_45_12,uzh_fpv,27,732826,1,indoor_45_12,uzh_indoor_oblique_45_medium,1,12,10,12,4000,replays/uzh_fpv/UZH-indoor_45_12.csv
UZH-indoor_45_12,uzh_fpv,28,732827,1,indoor_45_12,uzh_indoor_oblique_45_medium,1,12,10,12,4000,replays/uzh_fpv/UZH-indoor_45_12.csv
UZH-indoor_45_12,uzh_fpv,29,732828,1,indoor_45_12,uzh_indoor_oblique_45_medium,1,12,10,12,4000,replays/uzh_fpv/UZH-indoor_45_12.csv
UZH-indoor_45_12,uzh_fpv,30,732829,1,indoor_45_12,uzh_indoor_oblique_45_medium,1,12,10,12,4000,replays/uzh_fpv/UZH-indoor_45_12.csv
UZH-indoor_45_13,uzh_fpv,1,732900,1,indoor_45_13,uzh_indoor_oblique_45_high,1,12,10,12,4000,replays/uzh_fpv/UZH-indoor_45_13.csv
UZH-indoor_45_13,uzh_fpv,2,732901,1,indoor_45_13,uzh_indoor_oblique_45_high,1,12,10,12,4000,replays/uzh_fpv/UZH-indoor_45_13.csv
UZH-indoor_45_13,uzh_fpv,3,732902,1,indoor_45_13,uzh_indoor_oblique_45_high,1,12,10,12,4000,replays/uzh_fpv/UZH-indoor_45_13.csv
UZH-indoor_45_13,uzh_fpv,4,732903,1,indoor_45_13,uzh_indoor_oblique_45_high,1,12,10,12,4000,replays/uzh_fpv/UZH-indoor_45_13.csv
UZH-indoor_45_13,uzh_fpv,5,732904,1,indoor_45_13,uzh_indoor_oblique_45_high,1,12,10,12,4000,replays/uzh_fpv/UZH-indoor_45_13.csv
UZH-indoor_45_13,uzh_fpv,6,732905,1,indoor_45_13,uzh_indoor_oblique_45_high,1,12,10,12,4000,replays/uzh_fpv/UZH-indoor_45_13.csv
UZH-indoor_45_13,uzh_fpv,7,732906,1,indoor_45_13,uzh_indoor_oblique_45_high,1,12,10,12,4000,replays/uzh_fpv/UZH-indoor_45_13.csv
UZH-indoor_45_13,uzh_fpv,8,732907,1,indoor_45_13,uzh_indoor_oblique_45_high,1,12,10,12,4000,replays/uzh_fpv/UZH-indoor_45_13.csv
UZH-indoor_45_13,uzh_fpv,9,732908,1,indoor_45_13,uzh_indoor_oblique_45_high,1,12,10,12,4000,replays/uzh_fpv/UZH-indoor_45_13.csv
UZH-indoor_45_13,uzh_fpv,10,732909,1,indoor_45_13,uzh_indoor_oblique_45_high,1,12,10,12,4000,replays/uzh_fpv/UZH-indoor_45_13.csv
UZH-indoor_45_13,uzh_fpv,11,732910,1,indoor_45_13,uzh_indoor_oblique_45_high,1,12,10,12,4000,replays/uzh_fpv/UZH-indoor_45_13.csv
UZH-indoor_45_13,uzh_fpv,12,732911,1,indoor_45_13,uzh_indoor_oblique_45_high,1,12,10,12,4000,replays/uzh_fpv/UZH-indoor_45_13.csv
UZH-indoor_45_13,uzh_fpv,13,732912,1,indoor_45_13,uzh_indoor_oblique_45_high,1,12,10,12,4000,replays/uzh_fpv/UZH-indoor_45_13.csv
UZH-indoor_45_13,uzh_fpv,14,732913,1,indoor_45_13,uzh_indoor_oblique_45_high,1,12,10,12,4000,replays/uzh_fpv/UZH-indoor_45_13.csv
UZH-indoor_45_13,uzh_fpv,15,732914,1,indoor_45_13,uzh_indoor_oblique_45_high,1,12,10,12,4000,replays/uzh_fpv/UZH-indoor_45_13.csv
UZH-indoor_45_13,uzh_fpv,16,732915,1,indoor_45_13,uzh_indoor_oblique_45_high,1,12,10,12,4000,replays/uzh_fpv/UZH-indoor_45_13.csv
UZH-indoor_45_13,uzh_fpv,17,732916,1,indoor_45_13,uzh_indoor_oblique_45_high,1,12,10,12,4000,replays/uzh_fpv/UZH-indoor_45_13.csv
UZH-indoor_45_13,uzh_fpv,18,732917,1,indoor_45_13,uzh_indoor_oblique_45_high,1,12,10,12,4000,replays/uzh_fpv/UZH-indoor_45_13.csv
UZH-indoor_45_13,uzh_fpv,19,732918,1,indoor_45_13,uzh_indoor_oblique_45_high,1,12,10,12,4000,replays/uzh_fpv/UZH-indoor_45_13.csv
UZH-indoor_45_13,uzh_fpv,20,732919,1,indoor_45_13,uzh_indoor_oblique_45_high,1,12,10,12,4000,replays/uzh_fpv/UZH-indoor_45_13.csv
UZH-indoor_45_13,uzh_fpv,21,732920,1,indoor_45_13,uzh_indoor_oblique_45_high,1,12,10,12,4000,replays/uzh_fpv/UZH-indoor_45_13.csv
UZH-indoor_45_13,uzh_fpv,22,732921,1,indoor_45_13,uzh_indoor_oblique_45_high,1,12,10,12,4000,replays/uzh_fpv/UZH-indoor_45_13.csv
UZH-indoor_45_13,uzh_fpv,23,732922,1,indoor_45_13,uzh_indoor_oblique_45_high,1,12,10,12,4000,replays/uzh_fpv/UZH-indoor_45_13.csv
UZH-indoor_45_13,uzh_fpv,24,732923,1,indoor_45_13,uzh_indoor_oblique_45_high,1,12,10,12,4000,replays/uzh_fpv/UZH-indoor_45_13.csv
UZH-indoor_45_13,uzh_fpv,25,732924,1,indoor_45_13,uzh_indoor_oblique_45_high,1,12,10,12,4000,replays/uzh_fpv/UZH-indoor_45_13.csv
UZH-indoor_45_13,uzh_fpv,26,732925,1,indoor_45_13,uzh_indoor_oblique_45_high,1,12,10,12,4000,replays/uzh_fpv/UZH-indoor_45_13.csv
UZH-indoor_45_13,uzh_fpv,27,732926,1,indoor_45_13,uzh_indoor_oblique_45_high,1,12,10,12,4000,replays/uzh_fpv/UZH-indoor_45_13.csv
UZH-indoor_45_13,uzh_fpv,28,732927,1,indoor_45_13,uzh_indoor_oblique_45_high,1,12,10,12,4000,replays/uzh_fpv/UZH-indoor_45_13.csv
UZH-indoor_45_13,uzh_fpv,29,732928,1,indoor_45_13,uzh_indoor_oblique_45_high,1,12,10,12,4000,replays/uzh_fpv/UZH-indoor_45_13.csv
UZH-indoor_45_13,uzh_fpv,30,732929,1,indoor_45_13,uzh_indoor_oblique_45_high,1,12,10,12,4000,replays/uzh_fpv/UZH-indoor_45_13.csv
UZH-indoor_45_14,uzh_fpv,1,733000,1,indoor_45_14,uzh_indoor_oblique_45_medium,1,12,10,12,4000,replays/uzh_fpv/UZH-indoor_45_14.csv
UZH-indoor_45_14,uzh_fpv,2,733001,1,indoor_45_14,uzh_indoor_oblique_45_medium,1,12,10,12,4000,replays/uzh_fpv/UZH-indoor_45_14.csv
UZH-indoor_45_14,uzh_fpv,3,733002,1,indoor_45_14,uzh_indoor_oblique_45_medium,1,12,10,12,4000,replays/uzh_fpv/UZH-indoor_45_14.csv
UZH-indoor_45_14,uzh_fpv,4,733003,1,indoor_45_14,uzh_indoor_oblique_45_medium,1,12,10,12,4000,replays/uzh_fpv/UZH-indoor_45_14.csv
UZH-indoor_45_14,uzh_fpv,5,733004,1,indoor_45_14,uzh_indoor_oblique_45_medium,1,12,10,12,4000,replays/uzh_fpv/UZH-indoor_45_14.csv
UZH-indoor_45_14,uzh_fpv,6,733005,1,indoor_45_14,uzh_indoor_oblique_45_medium,1,12,10,12,4000,replays/uzh_fpv/UZH-indoor_45_14.csv
UZH-indoor_45_14,uzh_fpv,7,733006,1,indoor_45_14,uzh_indoor_oblique_45_medium,1,12,10,12,4000,replays/uzh_fpv/UZH-indoor_45_14.csv
UZH-indoor_45_14,uzh_fpv,8,733007,1,indoor_45_14,uzh_indoor_oblique_45_medium,1,12,10,12,4000,replays/uzh_fpv/UZH-indoor_45_14.csv
UZH-indoor_45_14,uzh_fpv,9,733008,1,indoor_45_14,uzh_indoor_oblique_45_medium,1,12,10,12,4000,replays/uzh_fpv/UZH-indoor_45_14.csv
UZH-indoor_45_14,uzh_fpv,10,733009,1,indoor_45_14,uzh_indoor_oblique_45_medium,1,12,10,12,4000,replays/uzh_fpv/UZH-indoor_45_14.csv
UZH-indoor_45_14,uzh_fpv,11,733010,1,indoor_45_14,uzh_indoor_oblique_45_medium,1,12,10,12,4000,replays/uzh_fpv/UZH-indoor_45_14.csv
UZH-indoor_45_14,uzh_fpv,12,733011,1,indoor_45_14,uzh_indoor_oblique_45_medium,1,12,10,12,4000,replays/uzh_fpv/UZH-indoor_45_14.csv
UZH-indoor_45_14,uzh_fpv,13,733012,1,indoor_45_14,uzh_indoor_oblique_45_medium,1,12,10,12,4000,replays/uzh_fpv/UZH-indoor_45_14.csv
UZH-indoor_45_14,uzh_fpv,14,733013,1,indoor_45_14,uzh_indoor_oblique_45_medium,1,12,10,12,4000,replays/uzh_fpv/UZH-indoor_45_14.csv
UZH-indoor_45_14,uzh_fpv,15,733014,1,indoor_45_14,uzh_indoor_oblique_45_medium,1,12,10,12,4000,replays/uzh_fpv/UZH-indoor_45_14.csv
UZH-indoor_45_14,uzh_fpv,16,733015,1,indoor_45_14,uzh_indoor_oblique_45_medium,1,12,10,12,4000,replays/uzh_fpv/UZH-indoor_45_14.csv
UZH-indoor_45_14,uzh_fpv,17,733016,1,indoor_45_14,uzh_indoor_oblique_45_medium,1,12,10,12,4000,replays/uzh_fpv/UZH-indoor_45_14.csv
UZH-indoor_45_14,uzh_fpv,18,733017,1,indoor_45_14,uzh_indoor_oblique_45_medium,1,12,10,12,4000,replays/uzh_fpv/UZH-indoor_45_14.csv
UZH-indoor_45_14,uzh_fpv,19,733018,1,indoor_45_14,uzh_indoor_oblique_45_medium,1,12,10,12,4000,replays/uzh_fpv/UZH-indoor_45_14.csv
UZH-indoor_45_14,uzh_fpv,20,733019,1,indoor_45_14,uzh_indoor_oblique_45_medium,1,12,10,12,4000,replays/uzh_fpv/UZH-indoor_45_14.csv
UZH-indoor_45_14,uzh_fpv,21,733020,1,indoor_45_14,uzh_indoor_oblique_45_medium,1,12,10,12,4000,replays/uzh_fpv/UZH-indoor_45_14.csv
UZH-indoor_45_14,uzh_fpv,22,733021,1,indoor_45_14,uzh_indoor_oblique_45_medium,1,12,10,12,4000,replays/uzh_fpv/UZH-indoor_45_14.csv
UZH-indoor_45_14,uzh_fpv,23,733022,1,indoor_45_14,uzh_indoor_oblique_45_medium,1,12,10,12,4000,replays/uzh_fpv/UZH-indoor_45_14.csv
UZH-indoor_45_14,uzh_fpv,24,733023,1,indoor_45_14,uzh_indoor_oblique_45_medium,1,12,10,12,4000,replays/uzh_fpv/UZH-indoor_45_14.csv
UZH-indoor_45_14,uzh_fpv,25,733024,1,indoor_45_14,uzh_indoor_oblique_45_medium,1,12,10,12,4000,replays/uzh_fpv/UZH-indoor_45_14.csv
UZH-indoor_45_14,uzh_fpv,26,733025,1,indoor_45_14,uzh_indoor_oblique_45_medium,1,12,10,12,4000,replays/uzh_fpv/UZH-indoor_45_14.csv
UZH-indoor_45_14,uzh_fpv,27,733026,1,indoor_45_14,uzh_indoor_oblique_45_medium,1,12,10,12,4000,replays/uzh_fpv/UZH-indoor_45_14.csv
UZH-indoor_45_14,uzh_fpv,28,733027,1,indoor_45_14,uzh_indoor_oblique_45_medium,1,12,10,12,4000,replays/uzh_fpv/UZH-indoor_45_14.csv
UZH-indoor_45_14,uzh_fpv,29,733028,1,indoor_45_14,uzh_indoor_oblique_45_medium,1,12,10,12,4000,replays/uzh_fpv/UZH-indoor_45_14.csv
UZH-indoor_45_14,uzh_fpv,30,733029,1,indoor_45_14,uzh_indoor_oblique_45_medium,1,12,10,12,4000,replays/uzh_fpv/UZH-indoor_45_14.csv
UZH-indoor_45_2,uzh_fpv,1,733100,1,indoor_45_2,uzh_indoor_oblique_45_high,1,12,10,12,4000,replays/uzh_fpv/UZH-indoor_45_2.csv
UZH-indoor_45_2,uzh_fpv,2,733101,1,indoor_45_2,uzh_indoor_oblique_45_high,1,12,10,12,4000,replays/uzh_fpv/UZH-indoor_45_2.csv
UZH-indoor_45_2,uzh_fpv,3,733102,1,indoor_45_2,uzh_indoor_oblique_45_high,1,12,10,12,4000,replays/uzh_fpv/UZH-indoor_45_2.csv
UZH-indoor_45_2,uzh_fpv,4,733103,1,indoor_45_2,uzh_indoor_oblique_45_high,1,12,10,12,4000,replays/uzh_fpv/UZH-indoor_45_2.csv
UZH-indoor_45_2,uzh_fpv,5,733104,1,indoor_45_2,uzh_indoor_oblique_45_high,1,12,10,12,4000,replays/uzh_fpv/UZH-indoor_45_2.csv
UZH-indoor_45_2,uzh_fpv,6,733105,1,indoor_45_2,uzh_indoor_oblique_45_high,1,12,10,12,4000,replays/uzh_fpv/UZH-indoor_45_2.csv
UZH-indoor_45_2,uzh_fpv,7,733106,1,indoor_45_2,uzh_indoor_oblique_45_high,1,12,10,12,4000,replays/uzh_fpv/UZH-indoor_45_2.csv
UZH-indoor_45_2,uzh_fpv,8,733107,1,indoor_45_2,uzh_indoor_oblique_45_high,1,12,10,12,4000,replays/uzh_fpv/UZH-indoor_45_2.csv
UZH-indoor_45_2,uzh_fpv,9,733108,1,indoor_45_2,uzh_indoor_oblique_45_high,1,12,10,12,4000,replays/uzh_fpv/UZH-indoor_45_2.csv
UZH-indoor_45_2,uzh_fpv,10,733109,1,indoor_45_2,uzh_indoor_oblique_45_high,1,12,10,12,4000,replays/uzh_fpv/UZH-indoor_45_2.csv
UZH-indoor_45_2,uzh_fpv,11,733110,1,indoor_45_2,uzh_indoor_oblique_45_high,1,12,10,12,4000,replays/uzh_fpv/UZH-indoor_45_2.csv
UZH-indoor_45_2,uzh_fpv,12,733111,1,indoor_45_2,uzh_indoor_oblique_45_high,1,12,10,12,4000,replays/uzh_fpv/UZH-indoor_45_2.csv
UZH-indoor_45_2,uzh_fpv,13,733112,1,indoor_45_2,uzh_indoor_oblique_45_high,1,12,10,12,4000,replays/uzh_fpv/UZH-indoor_45_2.csv
UZH-indoor_45_2,uzh_fpv,14,733113,1,indoor_45_2,uzh_indoor_oblique_45_high,1,12,10,12,4000,replays/uzh_fpv/UZH-indoor_45_2.csv
UZH-indoor_45_2,uzh_fpv,15,733114,1,indoor_45_2,uzh_indoor_oblique_45_high,1,12,10,12,4000,replays/uzh_fpv/UZH-indoor_45_2.csv
UZH-indoor_45_2,uzh_fpv,16,733115,1,indoor_45_2,uzh_indoor_oblique_45_high,1,12,10,12,4000,replays/uzh_fpv/UZH-indoor_45_2.csv
UZH-indoor_45_2,uzh_fpv,17,733116,1,indoor_45_2,uzh_indoor_oblique_45_high,1,12,10,12,4000,replays/uzh_fpv/UZH-indoor_45_2.csv
UZH-indoor_45_2,uzh_fpv,18,733117,1,indoor_45_2,uzh_indoor_oblique_45_high,1,12,10,12,4000,replays/uzh_fpv/UZH-indoor_45_2.csv
UZH-indoor_45_2,uzh_fpv,19,733118,1,indoor_45_2,uzh_indoor_oblique_45_high,1,12,10,12,4000,replays/uzh_fpv/UZH-indoor_45_2.csv
UZH-indoor_45_2,uzh_fpv,20,733119,1,indoor_45_2,uzh_indoor_oblique_45_high,1,12,10,12,4000,replays/uzh_fpv/UZH-indoor_45_2.csv
UZH-indoor_45_2,uzh_fpv,21,733120,1,indoor_45_2,uzh_indoor_oblique_45_high,1,12,10,12,4000,replays/uzh_fpv/UZH-indoor_45_2.csv
UZH-indoor_45_2,uzh_fpv,22,733121,1,indoor_45_2,uzh_indoor_oblique_45_high,1,12,10,12,4000,replays/uzh_fpv/UZH-indoor_45_2.csv
UZH-indoor_45_2,uzh_fpv,23,733122,1,indoor_45_2,uzh_indoor_oblique_45_high,1,12,10,12,4000,replays/uzh_fpv/UZH-indoor_45_2.csv
UZH-indoor_45_2,uzh_fpv,24,733123,1,indoor_45_2,uzh_indoor_oblique_45_high,1,12,10,12,4000,replays/uzh_fpv/UZH-indoor_45_2.csv
UZH-indoor_45_2,uzh_fpv,25,733124,1,indoor_45_2,uzh_indoor_oblique_45_high,1,12,10,12,4000,replays/uzh_fpv/UZH-indoor_45_2.csv
UZH-indoor_45_2,uzh_fpv,26,733125,1,indoor_45_2,uzh_indoor_oblique_45_high,1,12,10,12,4000,replays/uzh_fpv/UZH-indoor_45_2.csv
UZH-indoor_45_2,uzh_fpv,27,733126,1,indoor_45_2,uzh_indoor_oblique_45_high,1,12,10,12,4000,replays/uzh_fpv/UZH-indoor_45_2.csv
UZH-indoor_45_2,uzh_fpv,28,733127,1,indoor_45_2,uzh_indoor_oblique_45_high,1,12,10,12,4000,replays/uzh_fpv/UZH-indoor_45_2.csv
UZH-indoor_45_2,uzh_fpv,29,733128,1,indoor_45_2,uzh_indoor_oblique_45_high,1,12,10,12,4000,replays/uzh_fpv/UZH-indoor_45_2.csv
UZH-indoor_45_2,uzh_fpv,30,733129,1,indoor_45_2,uzh_indoor_oblique_45_high,1,12,10,12,4000,replays/uzh_fpv/UZH-indoor_45_2.csv
UZH-indoor_45_4,uzh_fpv,1,733200,1,indoor_45_4,uzh_indoor_oblique_45_high,1,12,10,12,4000,replays/uzh_fpv/UZH-indoor_45_4.csv
UZH-indoor_45_4,uzh_fpv,2,733201,1,indoor_45_4,uzh_indoor_oblique_45_high,1,12,10,12,4000,replays/uzh_fpv/UZH-indoor_45_4.csv
UZH-indoor_45_4,uzh_fpv,3,733202,1,indoor_45_4,uzh_indoor_oblique_45_high,1,12,10,12,4000,replays/uzh_fpv/UZH-indoor_45_4.csv
UZH-indoor_45_4,uzh_fpv,4,733203,1,indoor_45_4,uzh_indoor_oblique_45_high,1,12,10,12,4000,replays/uzh_fpv/UZH-indoor_45_4.csv
UZH-indoor_45_4,uzh_fpv,5,733204,1,indoor_45_4,uzh_indoor_oblique_45_high,1,12,10,12,4000,replays/uzh_fpv/UZH-indoor_45_4.csv
UZH-indoor_45_4,uzh_fpv,6,733205,1,indoor_45_4,uzh_indoor_oblique_45_high,1,12,10,12,4000,replays/uzh_fpv/UZH-indoor_45_4.csv
UZH-indoor_45_4,uzh_fpv,7,733206,1,indoor_45_4,uzh_indoor_oblique_45_high,1,12,10,12,4000,replays/uzh_fpv/UZH-indoor_45_4.csv
UZH-indoor_45_4,uzh_fpv,8,733207,1,indoor_45_4,uzh_indoor_oblique_45_high,1,12,10,12,4000,replays/uzh_fpv/UZH-indoor_45_4.csv
UZH-indoor_45_4,uzh_fpv,9,733208,1,indoor_45_4,uzh_indoor_oblique_45_high,1,12,10,12,4000,replays/uzh_fpv/UZH-indoor_45_4.csv
UZH-indoor_45_4,uzh_fpv,10,733209,1,indoor_45_4,uzh_indoor_oblique_45_high,1,12,10,12,4000,replays/uzh_fpv/UZH-indoor_45_4.csv
UZH-indoor_45_4,uzh_fpv,11,733210,1,indoor_45_4,uzh_indoor_oblique_45_high,1,12,10,12,4000,replays/uzh_fpv/UZH-indoor_45_4.csv
UZH-indoor_45_4,uzh_fpv,12,733211,1,indoor_45_4,uzh_indoor_oblique_45_high,1,12,10,12,4000,replays/uzh_fpv/UZH-indoor_45_4.csv
UZH-indoor_45_4,uzh_fpv,13,733212,1,indoor_45_4,uzh_indoor_oblique_45_high,1,12,10,12,4000,replays/uzh_fpv/UZH-indoor_45_4.csv
UZH-indoor_45_4,uzh_fpv,14,733213,1,indoor_45_4,uzh_indoor_oblique_45_high,1,12,10,12,4000,replays/uzh_fpv/UZH-indoor_45_4.csv
UZH-indoor_45_4,uzh_fpv,15,733214,1,indoor_45_4,uzh_indoor_oblique_45_high,1,12,10,12,4000,replays/uzh_fpv/UZH-indoor_45_4.csv
UZH-indoor_45_4,uzh_fpv,16,733215,1,indoor_45_4,uzh_indoor_oblique_45_high,1,12,10,12,4000,replays/uzh_fpv/UZH-indoor_45_4.csv
UZH-indoor_45_4,uzh_fpv,17,733216,1,indoor_45_4,uzh_indoor_oblique_45_high,1,12,10,12,4000,replays/uzh_fpv/UZH-indoor_45_4.csv
UZH-indoor_45_4,uzh_fpv,18,733217,1,indoor_45_4,uzh_indoor_oblique_45_high,1,12,10,12,4000,replays/uzh_fpv/UZH-indoor_45_4.csv
UZH-indoor_45_4,uzh_fpv,19,733218,1,indoor_45_4,uzh_indoor_oblique_45_high,1,12,10,12,4000,replays/uzh_fpv/UZH-indoor_45_4.csv
UZH-indoor_45_4,uzh_fpv,20,733219,1,indoor_45_4,uzh_indoor_oblique_45_high,1,12,10,12,4000,replays/uzh_fpv/UZH-indoor_45_4.csv
UZH-indoor_45_4,uzh_fpv,21,733220,1,indoor_45_4,uzh_indoor_oblique_45_high,1,12,10,12,4000,replays/uzh_fpv/UZH-indoor_45_4.csv
UZH-indoor_45_4,uzh_fpv,22,733221,1,indoor_45_4,uzh_indoor_oblique_45_high,1,12,10,12,4000,replays/uzh_fpv/UZH-indoor_45_4.csv
UZH-indoor_45_4,uzh_fpv,23,733222,1,indoor_45_4,uzh_indoor_oblique_45_high,1,12,10,12,4000,replays/uzh_fpv/UZH-indoor_45_4.csv
UZH-indoor_45_4,uzh_fpv,24,733223,1,indoor_45_4,uzh_indoor_oblique_45_high,1,12,10,12,4000,replays/uzh_fpv/UZH-indoor_45_4.csv
UZH-indoor_45_4,uzh_fpv,25,733224,1,indoor_45_4,uzh_indoor_oblique_45_high,1,12,10,12,4000,replays/uzh_fpv/UZH-indoor_45_4.csv
UZH-indoor_45_4,uzh_fpv,26,733225,1,indoor_45_4,uzh_indoor_oblique_45_high,1,12,10,12,4000,replays/uzh_fpv/UZH-indoor_45_4.csv
UZH-indoor_45_4,uzh_fpv,27,733226,1,indoor_45_4,uzh_indoor_oblique_45_high,1,12,10,12,4000,replays/uzh_fpv/UZH-indoor_45_4.csv
UZH-indoor_45_4,uzh_fpv,28,733227,1,indoor_45_4,uzh_indoor_oblique_45_high,1,12,10,12,4000,replays/uzh_fpv/UZH-indoor_45_4.csv
UZH-indoor_45_4,uzh_fpv,29,733228,1,indoor_45_4,uzh_indoor_oblique_45_high,1,12,10,12,4000,replays/uzh_fpv/UZH-indoor_45_4.csv
UZH-indoor_45_4,uzh_fpv,30,733229,1,indoor_45_4,uzh_indoor_oblique_45_high,1,12,10,12,4000,replays/uzh_fpv/UZH-indoor_45_4.csv
UZH-indoor_45_9,uzh_fpv,1,733300,1,indoor_45_9,uzh_indoor_oblique_45_medium,1,12,10,12,4000,replays/uzh_fpv/UZH-indoor_45_9.csv
UZH-indoor_45_9,uzh_fpv,2,733301,1,indoor_45_9,uzh_indoor_oblique_45_medium,1,12,10,12,4000,replays/uzh_fpv/UZH-indoor_45_9.csv
UZH-indoor_45_9,uzh_fpv,3,733302,1,indoor_45_9,uzh_indoor_oblique_45_medium,1,12,10,12,4000,replays/uzh_fpv/UZH-indoor_45_9.csv
UZH-indoor_45_9,uzh_fpv,4,733303,1,indoor_45_9,uzh_indoor_oblique_45_medium,1,12,10,12,4000,replays/uzh_fpv/UZH-indoor_45_9.csv
UZH-indoor_45_9,uzh_fpv,5,733304,1,indoor_45_9,uzh_indoor_oblique_45_medium,1,12,10,12,4000,replays/uzh_fpv/UZH-indoor_45_9.csv
UZH-indoor_45_9,uzh_fpv,6,733305,1,indoor_45_9,uzh_indoor_oblique_45_medium,1,12,10,12,4000,replays/uzh_fpv/UZH-indoor_45_9.csv
UZH-indoor_45_9,uzh_fpv,7,733306,1,indoor_45_9,uzh_indoor_oblique_45_medium,1,12,10,12,4000,replays/uzh_fpv/UZH-indoor_45_9.csv
UZH-indoor_45_9,uzh_fpv,8,733307,1,indoor_45_9,uzh_indoor_oblique_45_medium,1,12,10,12,4000,replays/uzh_fpv/UZH-indoor_45_9.csv
UZH-indoor_45_9,uzh_fpv,9,733308,1,indoor_45_9,uzh_indoor_oblique_45_medium,1,12,10,12,4000,replays/uzh_fpv/UZH-indoor_45_9.csv
UZH-indoor_45_9,uzh_fpv,10,733309,1,indoor_45_9,uzh_indoor_oblique_45_medium,1,12,10,12,4000,replays/uzh_fpv/UZH-indoor_45_9.csv
UZH-indoor_45_9,uzh_fpv,11,733310,1,indoor_45_9,uzh_indoor_oblique_45_medium,1,12,10,12,4000,replays/uzh_fpv/UZH-indoor_45_9.csv
UZH-indoor_45_9,uzh_fpv,12,733311,1,indoor_45_9,uzh_indoor_oblique_45_medium,1,12,10,12,4000,replays/uzh_fpv/UZH-indoor_45_9.csv
UZH-indoor_45_9,uzh_fpv,13,733312,1,indoor_45_9,uzh_indoor_oblique_45_medium,1,12,10,12,4000,replays/uzh_fpv/UZH-indoor_45_9.csv
UZH-indoor_45_9,uzh_fpv,14,733313,1,indoor_45_9,uzh_indoor_oblique_45_medium,1,12,10,12,4000,replays/uzh_fpv/UZH-indoor_45_9.csv
UZH-indoor_45_9,uzh_fpv,15,733314,1,indoor_45_9,uzh_indoor_oblique_45_medium,1,12,10,12,4000,replays/uzh_fpv/UZH-indoor_45_9.csv
UZH-indoor_45_9,uzh_fpv,16,733315,1,indoor_45_9,uzh_indoor_oblique_45_medium,1,12,10,12,4000,replays/uzh_fpv/UZH-indoor_45_9.csv
UZH-indoor_45_9,uzh_fpv,17,733316,1,indoor_45_9,uzh_indoor_oblique_45_medium,1,12,10,12,4000,replays/uzh_fpv/UZH-indoor_45_9.csv
UZH-indoor_45_9,uzh_fpv,18,733317,1,indoor_45_9,uzh_indoor_oblique_45_medium,1,12,10,12,4000,replays/uzh_fpv/UZH-indoor_45_9.csv
UZH-indoor_45_9,uzh_fpv,19,733318,1,indoor_45_9,uzh_indoor_oblique_45_medium,1,12,10,12,4000,replays/uzh_fpv/UZH-indoor_45_9.csv
UZH-indoor_45_9,uzh_fpv,20,733319,1,indoor_45_9,uzh_indoor_oblique_45_medium,1,12,10,12,4000,replays/uzh_fpv/UZH-indoor_45_9.csv
UZH-indoor_45_9,uzh_fpv,21,733320,1,indoor_45_9,uzh_indoor_oblique_45_medium,1,12,10,12,4000,replays/uzh_fpv/UZH-indoor_45_9.csv
UZH-indoor_45_9,uzh_fpv,22,733321,1,indoor_45_9,uzh_indoor_oblique_45_medium,1,12,10,12,4000,replays/uzh_fpv/UZH-indoor_45_9.csv
UZH-indoor_45_9,uzh_fpv,23,733322,1,indoor_45_9,uzh_indoor_oblique_45_medium,1,12,10,12,4000,replays/uzh_fpv/UZH-indoor_45_9.csv
UZH-indoor_45_9,uzh_fpv,24,733323,1,indoor_45_9,uzh_indoor_oblique_45_medium,1,12,10,12,4000,replays/uzh_fpv/UZH-indoor_45_9.csv
UZH-indoor_45_9,uzh_fpv,25,733324,1,indoor_45_9,uzh_indoor_oblique_45_medium,1,12,10,12,4000,replays/uzh_fpv/UZH-indoor_45_9.csv
UZH-indoor_45_9,uzh_fpv,26,733325,1,indoor_45_9,uzh_indoor_oblique_45_medium,1,12,10,12,4000,replays/uzh_fpv/UZH-indoor_45_9.csv
UZH-indoor_45_9,uzh_fpv,27,733326,1,indoor_45_9,uzh_indoor_oblique_45_medium,1,12,10,12,4000,replays/uzh_fpv/UZH-indoor_45_9.csv
UZH-indoor_45_9,uzh_fpv,28,733327,1,indoor_45_9,uzh_indoor_oblique_45_medium,1,12,10,12,4000,replays/uzh_fpv/UZH-indoor_45_9.csv
UZH-indoor_45_9,uzh_fpv,29,733328,1,indoor_45_9,uzh_indoor_oblique_45_medium,1,12,10,12,4000,replays/uzh_fpv/UZH-indoor_45_9.csv
UZH-indoor_45_9,uzh_fpv,30,733329,1,indoor_45_9,uzh_indoor_oblique_45_medium,1,12,10,12,4000,replays/uzh_fpv/UZH-indoor_45_9.csv
UZH-indoor_forward_10,uzh_fpv,1,733400,1,indoor_forward_10,uzh_indoor_forward_low,1,12,10,12,4000,replays/uzh_fpv/UZH-indoor_forward_10.csv
UZH-indoor_forward_10,uzh_fpv,2,733401,1,indoor_forward_10,uzh_indoor_forward_low,1,12,10,12,4000,replays/uzh_fpv/UZH-indoor_forward_10.csv
UZH-indoor_forward_10,uzh_fpv,3,733402,1,indoor_forward_10,uzh_indoor_forward_low,1,12,10,12,4000,replays/uzh_fpv/UZH-indoor_forward_10.csv
UZH-indoor_forward_10,uzh_fpv,4,733403,1,indoor_forward_10,uzh_indoor_forward_low,1,12,10,12,4000,replays/uzh_fpv/UZH-indoor_forward_10.csv
UZH-indoor_forward_10,uzh_fpv,5,733404,1,indoor_forward_10,uzh_indoor_forward_low,1,12,10,12,4000,replays/uzh_fpv/UZH-indoor_forward_10.csv
UZH-indoor_forward_10,uzh_fpv,6,733405,1,indoor_forward_10,uzh_indoor_forward_low,1,12,10,12,4000,replays/uzh_fpv/UZH-indoor_forward_10.csv
UZH-indoor_forward_10,uzh_fpv,7,733406,1,indoor_forward_10,uzh_indoor_forward_low,1,12,10,12,4000,replays/uzh_fpv/UZH-indoor_forward_10.csv
UZH-indoor_forward_10,uzh_fpv,8,733407,1,indoor_forward_10,uzh_indoor_forward_low,1,12,10,12,4000,replays/uzh_fpv/UZH-indoor_forward_10.csv
UZH-indoor_forward_10,uzh_fpv,9,733408,1,indoor_forward_10,uzh_indoor_forward_low,1,12,10,12,4000,replays/uzh_fpv/UZH-indoor_forward_10.csv
UZH-indoor_forward_10,uzh_fpv,10,733409,1,indoor_forward_10,uzh_indoor_forward_low,1,12,10,12,4000,replays/uzh_fpv/UZH-indoor_forward_10.csv
UZH-indoor_forward_10,uzh_fpv,11,733410,1,indoor_forward_10,uzh_indoor_forward_low,1,12,10,12,4000,replays/uzh_fpv/UZH-indoor_forward_10.csv
UZH-indoor_forward_10,uzh_fpv,12,733411,1,indoor_forward_10,uzh_indoor_forward_low,1,12,10,12,4000,replays/uzh_fpv/UZH-indoor_forward_10.csv
UZH-indoor_forward_10,uzh_fpv,13,733412,1,indoor_forward_10,uzh_indoor_forward_low,1,12,10,12,4000,replays/uzh_fpv/UZH-indoor_forward_10.csv
UZH-indoor_forward_10,uzh_fpv,14,733413,1,indoor_forward_10,uzh_indoor_forward_low,1,12,10,12,4000,replays/uzh_fpv/UZH-indoor_forward_10.csv
UZH-indoor_forward_10,uzh_fpv,15,733414,1,indoor_forward_10,uzh_indoor_forward_low,1,12,10,12,4000,replays/uzh_fpv/UZH-indoor_forward_10.csv
UZH-indoor_forward_10,uzh_fpv,16,733415,1,indoor_forward_10,uzh_indoor_forward_low,1,12,10,12,4000,replays/uzh_fpv/UZH-indoor_forward_10.csv
UZH-indoor_forward_10,uzh_fpv,17,733416,1,indoor_forward_10,uzh_indoor_forward_low,1,12,10,12,4000,replays/uzh_fpv/UZH-indoor_forward_10.csv
UZH-indoor_forward_10,uzh_fpv,18,733417,1,indoor_forward_10,uzh_indoor_forward_low,1,12,10,12,4000,replays/uzh_fpv/UZH-indoor_forward_10.csv
UZH-indoor_forward_10,uzh_fpv,19,733418,1,indoor_forward_10,uzh_indoor_forward_low,1,12,10,12,4000,replays/uzh_fpv/UZH-indoor_forward_10.csv
UZH-indoor_forward_10,uzh_fpv,20,733419,1,indoor_forward_10,uzh_indoor_forward_low,1,12,10,12,4000,replays/uzh_fpv/UZH-indoor_forward_10.csv
UZH-indoor_forward_10,uzh_fpv,21,733420,1,indoor_forward_10,uzh_indoor_forward_low,1,12,10,12,4000,replays/uzh_fpv/UZH-indoor_forward_10.csv
UZH-indoor_forward_10,uzh_fpv,22,733421,1,indoor_forward_10,uzh_indoor_forward_low,1,12,10,12,4000,replays/uzh_fpv/UZH-indoor_forward_10.csv
UZH-indoor_forward_10,uzh_fpv,23,733422,1,indoor_forward_10,uzh_indoor_forward_low,1,12,10,12,4000,replays/uzh_fpv/UZH-indoor_forward_10.csv
UZH-indoor_forward_10,uzh_fpv,24,733423,1,indoor_forward_10,uzh_indoor_forward_low,1,12,10,12,4000,replays/uzh_fpv/UZH-indoor_forward_10.csv
UZH-indoor_forward_10,uzh_fpv,25,733424,1,indoor_forward_10,uzh_indoor_forward_low,1,12,10,12,4000,replays/uzh_fpv/UZH-indoor_forward_10.csv
UZH-indoor_forward_10,uzh_fpv,26,733425,1,indoor_forward_10,uzh_indoor_forward_low,1,12,10,12,4000,replays/uzh_fpv/UZH-indoor_forward_10.csv
UZH-indoor_forward_10,uzh_fpv,27,733426,1,indoor_forward_10,uzh_indoor_forward_low,1,12,10,12,4000,replays/uzh_fpv/UZH-indoor_forward_10.csv
UZH-indoor_forward_10,uzh_fpv,28,733427,1,indoor_forward_10,uzh_indoor_forward_low,1,12,10,12,4000,replays/uzh_fpv/UZH-indoor_forward_10.csv
UZH-indoor_forward_10,uzh_fpv,29,733428,1,indoor_forward_10,uzh_indoor_forward_low,1,12,10,12,4000,replays/uzh_fpv/UZH-indoor_forward_10.csv
UZH-indoor_forward_10,uzh_fpv,30,733429,1,indoor_forward_10,uzh_indoor_forward_low,1,12,10,12,4000,replays/uzh_fpv/UZH-indoor_forward_10.csv
UZH-indoor_forward_3,uzh_fpv,1,733500,1,indoor_forward_3,uzh_indoor_forward_medium,1,12,10,12,4000,replays/uzh_fpv/UZH-indoor_forward_3.csv
UZH-indoor_forward_3,uzh_fpv,2,733501,1,indoor_forward_3,uzh_indoor_forward_medium,1,12,10,12,4000,replays/uzh_fpv/UZH-indoor_forward_3.csv
UZH-indoor_forward_3,uzh_fpv,3,733502,1,indoor_forward_3,uzh_indoor_forward_medium,1,12,10,12,4000,replays/uzh_fpv/UZH-indoor_forward_3.csv
UZH-indoor_forward_3,uzh_fpv,4,733503,1,indoor_forward_3,uzh_indoor_forward_medium,1,12,10,12,4000,replays/uzh_fpv/UZH-indoor_forward_3.csv
UZH-indoor_forward_3,uzh_fpv,5,733504,1,indoor_forward_3,uzh_indoor_forward_medium,1,12,10,12,4000,replays/uzh_fpv/UZH-indoor_forward_3.csv
UZH-indoor_forward_3,uzh_fpv,6,733505,1,indoor_forward_3,uzh_indoor_forward_medium,1,12,10,12,4000,replays/uzh_fpv/UZH-indoor_forward_3.csv
UZH-indoor_forward_3,uzh_fpv,7,733506,1,indoor_forward_3,uzh_indoor_forward_medium,1,12,10,12,4000,replays/uzh_fpv/UZH-indoor_forward_3.csv
UZH-indoor_forward_3,uzh_fpv,8,733507,1,indoor_forward_3,uzh_indoor_forward_medium,1,12,10,12,4000,replays/uzh_fpv/UZH-indoor_forward_3.csv
UZH-indoor_forward_3,uzh_fpv,9,733508,1,indoor_forward_3,uzh_indoor_forward_medium,1,12,10,12,4000,replays/uzh_fpv/UZH-indoor_forward_3.csv
UZH-indoor_forward_3,uzh_fpv,10,733509,1,indoor_forward_3,uzh_indoor_forward_medium,1,12,10,12,4000,replays/uzh_fpv/UZH-indoor_forward_3.csv
UZH-indoor_forward_3,uzh_fpv,11,733510,1,indoor_forward_3,uzh_indoor_forward_medium,1,12,10,12,4000,replays/uzh_fpv/UZH-indoor_forward_3.csv
UZH-indoor_forward_3,uzh_fpv,12,733511,1,indoor_forward_3,uzh_indoor_forward_medium,1,12,10,12,4000,replays/uzh_fpv/UZH-indoor_forward_3.csv
UZH-indoor_forward_3,uzh_fpv,13,733512,1,indoor_forward_3,uzh_indoor_forward_medium,1,12,10,12,4000,replays/uzh_fpv/UZH-indoor_forward_3.csv
UZH-indoor_forward_3,uzh_fpv,14,733513,1,indoor_forward_3,uzh_indoor_forward_medium,1,12,10,12,4000,replays/uzh_fpv/UZH-indoor_forward_3.csv
UZH-indoor_forward_3,uzh_fpv,15,733514,1,indoor_forward_3,uzh_indoor_forward_medium,1,12,10,12,4000,replays/uzh_fpv/UZH-indoor_forward_3.csv
UZH-indoor_forward_3,uzh_fpv,16,733515,1,indoor_forward_3,uzh_indoor_forward_medium,1,12,10,12,4000,replays/uzh_fpv/UZH-indoor_forward_3.csv
UZH-indoor_forward_3,uzh_fpv,17,733516,1,indoor_forward_3,uzh_indoor_forward_medium,1,12,10,12,4000,replays/uzh_fpv/UZH-indoor_forward_3.csv
UZH-indoor_forward_3,uzh_fpv,18,733517,1,indoor_forward_3,uzh_indoor_forward_medium,1,12,10,12,4000,replays/uzh_fpv/UZH-indoor_forward_3.csv
UZH-indoor_forward_3,uzh_fpv,19,733518,1,indoor_forward_3,uzh_indoor_forward_medium,1,12,10,12,4000,replays/uzh_fpv/UZH-indoor_forward_3.csv
UZH-indoor_forward_3,uzh_fpv,20,733519,1,indoor_forward_3,uzh_indoor_forward_medium,1,12,10,12,4000,replays/uzh_fpv/UZH-indoor_forward_3.csv
UZH-indoor_forward_3,uzh_fpv,21,733520,1,indoor_forward_3,uzh_indoor_forward_medium,1,12,10,12,4000,replays/uzh_fpv/UZH-indoor_forward_3.csv
UZH-indoor_forward_3,uzh_fpv,22,733521,1,indoor_forward_3,uzh_indoor_forward_medium,1,12,10,12,4000,replays/uzh_fpv/UZH-indoor_forward_3.csv
UZH-indoor_forward_3,uzh_fpv,23,733522,1,indoor_forward_3,uzh_indoor_forward_medium,1,12,10,12,4000,replays/uzh_fpv/UZH-indoor_forward_3.csv
UZH-indoor_forward_3,uzh_fpv,24,733523,1,indoor_forward_3,uzh_indoor_forward_medium,1,12,10,12,4000,replays/uzh_fpv/UZH-indoor_forward_3.csv
UZH-indoor_forward_3,uzh_fpv,25,733524,1,indoor_forward_3,uzh_indoor_forward_medium,1,12,10,12,4000,replays/uzh_fpv/UZH-indoor_forward_3.csv
UZH-indoor_forward_3,uzh_fpv,26,733525,1,indoor_forward_3,uzh_indoor_forward_medium,1,12,10,12,4000,replays/uzh_fpv/UZH-indoor_forward_3.csv
UZH-indoor_forward_3,uzh_fpv,27,733526,1,indoor_forward_3,uzh_indoor_forward_medium,1,12,10,12,4000,replays/uzh_fpv/UZH-indoor_forward_3.csv
UZH-indoor_forward_3,uzh_fpv,28,733527,1,indoor_forward_3,uzh_indoor_forward_medium,1,12,10,12,4000,replays/uzh_fpv/UZH-indoor_forward_3.csv
UZH-indoor_forward_3,uzh_fpv,29,733528,1,indoor_forward_3,uzh_indoor_forward_medium,1,12,10,12,4000,replays/uzh_fpv/UZH-indoor_forward_3.csv
UZH-indoor_forward_3,uzh_fpv,30,733529,1,indoor_forward_3,uzh_indoor_forward_medium,1,12,10,12,4000,replays/uzh_fpv/UZH-indoor_forward_3.csv
UZH-indoor_forward_5,uzh_fpv,1,733600,1,indoor_forward_5,uzh_indoor_forward_high,1,12,10,12,4000,replays/uzh_fpv/UZH-indoor_forward_5.csv
UZH-indoor_forward_5,uzh_fpv,2,733601,1,indoor_forward_5,uzh_indoor_forward_high,1,12,10,12,4000,replays/uzh_fpv/UZH-indoor_forward_5.csv
UZH-indoor_forward_5,uzh_fpv,3,733602,1,indoor_forward_5,uzh_indoor_forward_high,1,12,10,12,4000,replays/uzh_fpv/UZH-indoor_forward_5.csv
UZH-indoor_forward_5,uzh_fpv,4,733603,1,indoor_forward_5,uzh_indoor_forward_high,1,12,10,12,4000,replays/uzh_fpv/UZH-indoor_forward_5.csv
UZH-indoor_forward_5,uzh_fpv,5,733604,1,indoor_forward_5,uzh_indoor_forward_high,1,12,10,12,4000,replays/uzh_fpv/UZH-indoor_forward_5.csv
UZH-indoor_forward_5,uzh_fpv,6,733605,1,indoor_forward_5,uzh_indoor_forward_high,1,12,10,12,4000,replays/uzh_fpv/UZH-indoor_forward_5.csv
UZH-indoor_forward_5,uzh_fpv,7,733606,1,indoor_forward_5,uzh_indoor_forward_high,1,12,10,12,4000,replays/uzh_fpv/UZH-indoor_forward_5.csv
UZH-indoor_forward_5,uzh_fpv,8,733607,1,indoor_forward_5,uzh_indoor_forward_high,1,12,10,12,4000,replays/uzh_fpv/UZH-indoor_forward_5.csv
UZH-indoor_forward_5,uzh_fpv,9,733608,1,indoor_forward_5,uzh_indoor_forward_high,1,12,10,12,4000,replays/uzh_fpv/UZH-indoor_forward_5.csv
UZH-indoor_forward_5,uzh_fpv,10,733609,1,indoor_forward_5,uzh_indoor_forward_high,1,12,10,12,4000,replays/uzh_fpv/UZH-indoor_forward_5.csv
UZH-indoor_forward_5,uzh_fpv,11,733610,1,indoor_forward_5,uzh_indoor_forward_high,1,12,10,12,4000,replays/uzh_fpv/UZH-indoor_forward_5.csv
UZH-indoor_forward_5,uzh_fpv,12,733611,1,indoor_forward_5,uzh_indoor_forward_high,1,12,10,12,4000,replays/uzh_fpv/UZH-indoor_forward_5.csv
UZH-indoor_forward_5,uzh_fpv,13,733612,1,indoor_forward_5,uzh_indoor_forward_high,1,12,10,12,4000,replays/uzh_fpv/UZH-indoor_forward_5.csv
UZH-indoor_forward_5,uzh_fpv,14,733613,1,indoor_forward_5,uzh_indoor_forward_high,1,12,10,12,4000,replays/uzh_fpv/UZH-indoor_forward_5.csv
UZH-indoor_forward_5,uzh_fpv,15,733614,1,indoor_forward_5,uzh_indoor_forward_high,1,12,10,12,4000,replays/uzh_fpv/UZH-indoor_forward_5.csv
UZH-indoor_forward_5,uzh_fpv,16,733615,1,indoor_forward_5,uzh_indoor_forward_high,1,12,10,12,4000,replays/uzh_fpv/UZH-indoor_forward_5.csv
UZH-indoor_forward_5,uzh_fpv,17,733616,1,indoor_forward_5,uzh_indoor_forward_high,1,12,10,12,4000,replays/uzh_fpv/UZH-indoor_forward_5.csv
UZH-indoor_forward_5,uzh_fpv,18,733617,1,indoor_forward_5,uzh_indoor_forward_high,1,12,10,12,4000,replays/uzh_fpv/UZH-indoor_forward_5.csv
UZH-indoor_forward_5,uzh_fpv,19,733618,1,indoor_forward_5,uzh_indoor_forward_high,1,12,10,12,4000,replays/uzh_fpv/UZH-indoor_forward_5.csv
UZH-indoor_forward_5,uzh_fpv,20,733619,1,indoor_forward_5,uzh_indoor_forward_high,1,12,10,12,4000,replays/uzh_fpv/UZH-indoor_forward_5.csv
UZH-indoor_forward_5,uzh_fpv,21,733620,1,indoor_forward_5,uzh_indoor_forward_high,1,12,10,12,4000,replays/uzh_fpv/UZH-indoor_forward_5.csv
UZH-indoor_forward_5,uzh_fpv,22,733621,1,indoor_forward_5,uzh_indoor_forward_high,1,12,10,12,4000,replays/uzh_fpv/UZH-indoor_forward_5.csv
UZH-indoor_forward_5,uzh_fpv,23,733622,1,indoor_forward_5,uzh_indoor_forward_high,1,12,10,12,4000,replays/uzh_fpv/UZH-indoor_forward_5.csv
UZH-indoor_forward_5,uzh_fpv,24,733623,1,indoor_forward_5,uzh_indoor_forward_high,1,12,10,12,4000,replays/uzh_fpv/UZH-indoor_forward_5.csv
UZH-indoor_forward_5,uzh_fpv,25,733624,1,indoor_forward_5,uzh_indoor_forward_high,1,12,10,12,4000,replays/uzh_fpv/UZH-indoor_forward_5.csv
UZH-indoor_forward_5,uzh_fpv,26,733625,1,indoor_forward_5,uzh_indoor_forward_high,1,12,10,12,4000,replays/uzh_fpv/UZH-indoor_forward_5.csv
UZH-indoor_forward_5,uzh_fpv,27,733626,1,indoor_forward_5,uzh_indoor_forward_high,1,12,10,12,4000,replays/uzh_fpv/UZH-indoor_forward_5.csv
UZH-indoor_forward_5,uzh_fpv,28,733627,1,indoor_forward_5,uzh_indoor_forward_high,1,12,10,12,4000,replays/uzh_fpv/UZH-indoor_forward_5.csv
UZH-indoor_forward_5,uzh_fpv,29,733628,1,indoor_forward_5,uzh_indoor_forward_high,1,12,10,12,4000,replays/uzh_fpv/UZH-indoor_forward_5.csv
UZH-indoor_forward_5,uzh_fpv,30,733629,1,indoor_forward_5,uzh_indoor_forward_high,1,12,10,12,4000,replays/uzh_fpv/UZH-indoor_forward_5.csv
UZH-indoor_forward_6,uzh_fpv,1,733700,1,indoor_forward_6,uzh_indoor_forward_low,1,12,10,12,4000,replays/uzh_fpv/UZH-indoor_forward_6.csv
UZH-indoor_forward_6,uzh_fpv,2,733701,1,indoor_forward_6,uzh_indoor_forward_low,1,12,10,12,4000,replays/uzh_fpv/UZH-indoor_forward_6.csv
UZH-indoor_forward_6,uzh_fpv,3,733702,1,indoor_forward_6,uzh_indoor_forward_low,1,12,10,12,4000,replays/uzh_fpv/UZH-indoor_forward_6.csv
UZH-indoor_forward_6,uzh_fpv,4,733703,1,indoor_forward_6,uzh_indoor_forward_low,1,12,10,12,4000,replays/uzh_fpv/UZH-indoor_forward_6.csv
UZH-indoor_forward_6,uzh_fpv,5,733704,1,indoor_forward_6,uzh_indoor_forward_low,1,12,10,12,4000,replays/uzh_fpv/UZH-indoor_forward_6.csv
UZH-indoor_forward_6,uzh_fpv,6,733705,1,indoor_forward_6,uzh_indoor_forward_low,1,12,10,12,4000,replays/uzh_fpv/UZH-indoor_forward_6.csv
UZH-indoor_forward_6,uzh_fpv,7,733706,1,indoor_forward_6,uzh_indoor_forward_low,1,12,10,12,4000,replays/uzh_fpv/UZH-indoor_forward_6.csv
UZH-indoor_forward_6,uzh_fpv,8,733707,1,indoor_forward_6,uzh_indoor_forward_low,1,12,10,12,4000,replays/uzh_fpv/UZH-indoor_forward_6.csv
UZH-indoor_forward_6,uzh_fpv,9,733708,1,indoor_forward_6,uzh_indoor_forward_low,1,12,10,12,4000,replays/uzh_fpv/UZH-indoor_forward_6.csv
UZH-indoor_forward_6,uzh_fpv,10,733709,1,indoor_forward_6,uzh_indoor_forward_low,1,12,10,12,4000,replays/uzh_fpv/UZH-indoor_forward_6.csv
UZH-indoor_forward_6,uzh_fpv,11,733710,1,indoor_forward_6,uzh_indoor_forward_low,1,12,10,12,4000,replays/uzh_fpv/UZH-indoor_forward_6.csv
UZH-indoor_forward_6,uzh_fpv,12,733711,1,indoor_forward_6,uzh_indoor_forward_low,1,12,10,12,4000,replays/uzh_fpv/UZH-indoor_forward_6.csv
UZH-indoor_forward_6,uzh_fpv,13,733712,1,indoor_forward_6,uzh_indoor_forward_low,1,12,10,12,4000,replays/uzh_fpv/UZH-indoor_forward_6.csv
UZH-indoor_forward_6,uzh_fpv,14,733713,1,indoor_forward_6,uzh_indoor_forward_low,1,12,10,12,4000,replays/uzh_fpv/UZH-indoor_forward_6.csv
UZH-indoor_forward_6,uzh_fpv,15,733714,1,indoor_forward_6,uzh_indoor_forward_low,1,12,10,12,4000,replays/uzh_fpv/UZH-indoor_forward_6.csv
UZH-indoor_forward_6,uzh_fpv,16,733715,1,indoor_forward_6,uzh_indoor_forward_low,1,12,10,12,4000,replays/uzh_fpv/UZH-indoor_forward_6.csv
UZH-indoor_forward_6,uzh_fpv,17,733716,1,indoor_forward_6,uzh_indoor_forward_low,1,12,10,12,4000,replays/uzh_fpv/UZH-indoor_forward_6.csv
UZH-indoor_forward_6,uzh_fpv,18,733717,1,indoor_forward_6,uzh_indoor_forward_low,1,12,10,12,4000,replays/uzh_fpv/UZH-indoor_forward_6.csv
UZH-indoor_forward_6,uzh_fpv,19,733718,1,indoor_forward_6,uzh_indoor_forward_low,1,12,10,12,4000,replays/uzh_fpv/UZH-indoor_forward_6.csv
UZH-indoor_forward_6,uzh_fpv,20,733719,1,indoor_forward_6,uzh_indoor_forward_low,1,12,10,12,4000,replays/uzh_fpv/UZH-indoor_forward_6.csv
UZH-indoor_forward_6,uzh_fpv,21,733720,1,indoor_forward_6,uzh_indoor_forward_low,1,12,10,12,4000,replays/uzh_fpv/UZH-indoor_forward_6.csv
UZH-indoor_forward_6,uzh_fpv,22,733721,1,indoor_forward_6,uzh_indoor_forward_low,1,12,10,12,4000,replays/uzh_fpv/UZH-indoor_forward_6.csv
UZH-indoor_forward_6,uzh_fpv,23,733722,1,indoor_forward_6,uzh_indoor_forward_low,1,12,10,12,4000,replays/uzh_fpv/UZH-indoor_forward_6.csv
UZH-indoor_forward_6,uzh_fpv,24,733723,1,indoor_forward_6,uzh_indoor_forward_low,1,12,10,12,4000,replays/uzh_fpv/UZH-indoor_forward_6.csv
UZH-indoor_forward_6,uzh_fpv,25,733724,1,indoor_forward_6,uzh_indoor_forward_low,1,12,10,12,4000,replays/uzh_fpv/UZH-indoor_forward_6.csv
UZH-indoor_forward_6,uzh_fpv,26,733725,1,indoor_forward_6,uzh_indoor_forward_low,1,12,10,12,4000,replays/uzh_fpv/UZH-indoor_forward_6.csv
UZH-indoor_forward_6,uzh_fpv,27,733726,1,indoor_forward_6,uzh_indoor_forward_low,1,12,10,12,4000,replays/uzh_fpv/UZH-indoor_forward_6.csv
UZH-indoor_forward_6,uzh_fpv,28,733727,1,indoor_forward_6,uzh_indoor_forward_low,1,12,10,12,4000,replays/uzh_fpv/UZH-indoor_forward_6.csv
UZH-indoor_forward_6,uzh_fpv,29,733728,1,indoor_forward_6,uzh_indoor_forward_low,1,12,10,12,4000,replays/uzh_fpv/UZH-indoor_forward_6.csv
UZH-indoor_forward_6,uzh_fpv,30,733729,1,indoor_forward_6,uzh_indoor_forward_low,1,12,10,12,4000,replays/uzh_fpv/UZH-indoor_forward_6.csv
UZH-indoor_forward_7,uzh_fpv,1,733800,1,indoor_forward_7,uzh_indoor_forward_medium,1,12,10,12,4000,replays/uzh_fpv/UZH-indoor_forward_7.csv
UZH-indoor_forward_7,uzh_fpv,2,733801,1,indoor_forward_7,uzh_indoor_forward_medium,1,12,10,12,4000,replays/uzh_fpv/UZH-indoor_forward_7.csv
UZH-indoor_forward_7,uzh_fpv,3,733802,1,indoor_forward_7,uzh_indoor_forward_medium,1,12,10,12,4000,replays/uzh_fpv/UZH-indoor_forward_7.csv
UZH-indoor_forward_7,uzh_fpv,4,733803,1,indoor_forward_7,uzh_indoor_forward_medium,1,12,10,12,4000,replays/uzh_fpv/UZH-indoor_forward_7.csv
UZH-indoor_forward_7,uzh_fpv,5,733804,1,indoor_forward_7,uzh_indoor_forward_medium,1,12,10,12,4000,replays/uzh_fpv/UZH-indoor_forward_7.csv
UZH-indoor_forward_7,uzh_fpv,6,733805,1,indoor_forward_7,uzh_indoor_forward_medium,1,12,10,12,4000,replays/uzh_fpv/UZH-indoor_forward_7.csv
UZH-indoor_forward_7,uzh_fpv,7,733806,1,indoor_forward_7,uzh_indoor_forward_medium,1,12,10,12,4000,replays/uzh_fpv/UZH-indoor_forward_7.csv
UZH-indoor_forward_7,uzh_fpv,8,733807,1,indoor_forward_7,uzh_indoor_forward_medium,1,12,10,12,4000,replays/uzh_fpv/UZH-indoor_forward_7.csv
UZH-indoor_forward_7,uzh_fpv,9,733808,1,indoor_forward_7,uzh_indoor_forward_medium,1,12,10,12,4000,replays/uzh_fpv/UZH-indoor_forward_7.csv
UZH-indoor_forward_7,uzh_fpv,10,733809,1,indoor_forward_7,uzh_indoor_forward_medium,1,12,10,12,4000,replays/uzh_fpv/UZH-indoor_forward_7.csv
UZH-indoor_forward_7,uzh_fpv,11,733810,1,indoor_forward_7,uzh_indoor_forward_medium,1,12,10,12,4000,replays/uzh_fpv/UZH-indoor_forward_7.csv
UZH-indoor_forward_7,uzh_fpv,12,733811,1,indoor_forward_7,uzh_indoor_forward_medium,1,12,10,12,4000,replays/uzh_fpv/UZH-indoor_forward_7.csv
UZH-indoor_forward_7,uzh_fpv,13,733812,1,indoor_forward_7,uzh_indoor_forward_medium,1,12,10,12,4000,replays/uzh_fpv/UZH-indoor_forward_7.csv
UZH-indoor_forward_7,uzh_fpv,14,733813,1,indoor_forward_7,uzh_indoor_forward_medium,1,12,10,12,4000,replays/uzh_fpv/UZH-indoor_forward_7.csv
UZH-indoor_forward_7,uzh_fpv,15,733814,1,indoor_forward_7,uzh_indoor_forward_medium,1,12,10,12,4000,replays/uzh_fpv/UZH-indoor_forward_7.csv
UZH-indoor_forward_7,uzh_fpv,16,733815,1,indoor_forward_7,uzh_indoor_forward_medium,1,12,10,12,4000,replays/uzh_fpv/UZH-indoor_forward_7.csv
UZH-indoor_forward_7,uzh_fpv,17,733816,1,indoor_forward_7,uzh_indoor_forward_medium,1,12,10,12,4000,replays/uzh_fpv/UZH-indoor_forward_7.csv
UZH-indoor_forward_7,uzh_fpv,18,733817,1,indoor_forward_7,uzh_indoor_forward_medium,1,12,10,12,4000,replays/uzh_fpv/UZH-indoor_forward_7.csv
UZH-indoor_forward_7,uzh_fpv,19,733818,1,indoor_forward_7,uzh_indoor_forward_medium,1,12,10,12,4000,replays/uzh_fpv/UZH-indoor_forward_7.csv
UZH-indoor_forward_7,uzh_fpv,20,733819,1,indoor_forward_7,uzh_indoor_forward_medium,1,12,10,12,4000,replays/uzh_fpv/UZH-indoor_forward_7.csv
UZH-indoor_forward_7,uzh_fpv,21,733820,1,indoor_forward_7,uzh_indoor_forward_medium,1,12,10,12,4000,replays/uzh_fpv/UZH-indoor_forward_7.csv
UZH-indoor_forward_7,uzh_fpv,22,733821,1,indoor_forward_7,uzh_indoor_forward_medium,1,12,10,12,4000,replays/uzh_fpv/UZH-indoor_forward_7.csv
UZH-indoor_forward_7,uzh_fpv,23,733822,1,indoor_forward_7,uzh_indoor_forward_medium,1,12,10,12,4000,replays/uzh_fpv/UZH-indoor_forward_7.csv
UZH-indoor_forward_7,uzh_fpv,24,733823,1,indoor_forward_7,uzh_indoor_forward_medium,1,12,10,12,4000,replays/uzh_fpv/UZH-indoor_forward_7.csv
UZH-indoor_forward_7,uzh_fpv,25,733824,1,indoor_forward_7,uzh_indoor_forward_medium,1,12,10,12,4000,replays/uzh_fpv/UZH-indoor_forward_7.csv
UZH-indoor_forward_7,uzh_fpv,26,733825,1,indoor_forward_7,uzh_indoor_forward_medium,1,12,10,12,4000,replays/uzh_fpv/UZH-indoor_forward_7.csv
UZH-indoor_forward_7,uzh_fpv,27,733826,1,indoor_forward_7,uzh_indoor_forward_medium,1,12,10,12,4000,replays/uzh_fpv/UZH-indoor_forward_7.csv
UZH-indoor_forward_7,uzh_fpv,28,733827,1,indoor_forward_7,uzh_indoor_forward_medium,1,12,10,12,4000,replays/uzh_fpv/UZH-indoor_forward_7.csv
UZH-indoor_forward_7,uzh_fpv,29,733828,1,indoor_forward_7,uzh_indoor_forward_medium,1,12,10,12,4000,replays/uzh_fpv/UZH-indoor_forward_7.csv
UZH-indoor_forward_7,uzh_fpv,30,733829,1,indoor_forward_7,uzh_indoor_forward_medium,1,12,10,12,4000,replays/uzh_fpv/UZH-indoor_forward_7.csv
UZH-indoor_forward_9,uzh_fpv,1,733900,1,indoor_forward_9,uzh_indoor_forward_low,1,12,10,12,4000,replays/uzh_fpv/UZH-indoor_forward_9.csv
UZH-indoor_forward_9,uzh_fpv,2,733901,1,indoor_forward_9,uzh_indoor_forward_low,1,12,10,12,4000,replays/uzh_fpv/UZH-indoor_forward_9.csv
UZH-indoor_forward_9,uzh_fpv,3,733902,1,indoor_forward_9,uzh_indoor_forward_low,1,12,10,12,4000,replays/uzh_fpv/UZH-indoor_forward_9.csv
UZH-indoor_forward_9,uzh_fpv,4,733903,1,indoor_forward_9,uzh_indoor_forward_low,1,12,10,12,4000,replays/uzh_fpv/UZH-indoor_forward_9.csv
UZH-indoor_forward_9,uzh_fpv,5,733904,1,indoor_forward_9,uzh_indoor_forward_low,1,12,10,12,4000,replays/uzh_fpv/UZH-indoor_forward_9.csv
UZH-indoor_forward_9,uzh_fpv,6,733905,1,indoor_forward_9,uzh_indoor_forward_low,1,12,10,12,4000,replays/uzh_fpv/UZH-indoor_forward_9.csv
UZH-indoor_forward_9,uzh_fpv,7,733906,1,indoor_forward_9,uzh_indoor_forward_low,1,12,10,12,4000,replays/uzh_fpv/UZH-indoor_forward_9.csv
UZH-indoor_forward_9,uzh_fpv,8,733907,1,indoor_forward_9,uzh_indoor_forward_low,1,12,10,12,4000,replays/uzh_fpv/UZH-indoor_forward_9.csv
UZH-indoor_forward_9,uzh_fpv,9,733908,1,indoor_forward_9,uzh_indoor_forward_low,1,12,10,12,4000,replays/uzh_fpv/UZH-indoor_forward_9.csv
UZH-indoor_forward_9,uzh_fpv,10,733909,1,indoor_forward_9,uzh_indoor_forward_low,1,12,10,12,4000,replays/uzh_fpv/UZH-indoor_forward_9.csv
UZH-indoor_forward_9,uzh_fpv,11,733910,1,indoor_forward_9,uzh_indoor_forward_low,1,12,10,12,4000,replays/uzh_fpv/UZH-indoor_forward_9.csv
UZH-indoor_forward_9,uzh_fpv,12,733911,1,indoor_forward_9,uzh_indoor_forward_low,1,12,10,12,4000,replays/uzh_fpv/UZH-indoor_forward_9.csv
UZH-indoor_forward_9,uzh_fpv,13,733912,1,indoor_forward_9,uzh_indoor_forward_low,1,12,10,12,4000,replays/uzh_fpv/UZH-indoor_forward_9.csv
UZH-indoor_forward_9,uzh_fpv,14,733913,1,indoor_forward_9,uzh_indoor_forward_low,1,12,10,12,4000,replays/uzh_fpv/UZH-indoor_forward_9.csv
UZH-indoor_forward_9,uzh_fpv,15,733914,1,indoor_forward_9,uzh_indoor_forward_low,1,12,10,12,4000,replays/uzh_fpv/UZH-indoor_forward_9.csv
UZH-indoor_forward_9,uzh_fpv,16,733915,1,indoor_forward_9,uzh_indoor_forward_low,1,12,10,12,4000,replays/uzh_fpv/UZH-indoor_forward_9.csv
UZH-indoor_forward_9,uzh_fpv,17,733916,1,indoor_forward_9,uzh_indoor_forward_low,1,12,10,12,4000,replays/uzh_fpv/UZH-indoor_forward_9.csv
UZH-indoor_forward_9,uzh_fpv,18,733917,1,indoor_forward_9,uzh_indoor_forward_low,1,12,10,12,4000,replays/uzh_fpv/UZH-indoor_forward_9.csv
UZH-indoor_forward_9,uzh_fpv,19,733918,1,indoor_forward_9,uzh_indoor_forward_low,1,12,10,12,4000,replays/uzh_fpv/UZH-indoor_forward_9.csv
UZH-indoor_forward_9,uzh_fpv,20,733919,1,indoor_forward_9,uzh_indoor_forward_low,1,12,10,12,4000,replays/uzh_fpv/UZH-indoor_forward_9.csv
UZH-indoor_forward_9,uzh_fpv,21,733920,1,indoor_forward_9,uzh_indoor_forward_low,1,12,10,12,4000,replays/uzh_fpv/UZH-indoor_forward_9.csv
UZH-indoor_forward_9,uzh_fpv,22,733921,1,indoor_forward_9,uzh_indoor_forward_low,1,12,10,12,4000,replays/uzh_fpv/UZH-indoor_forward_9.csv
UZH-indoor_forward_9,uzh_fpv,23,733922,1,indoor_forward_9,uzh_indoor_forward_low,1,12,10,12,4000,replays/uzh_fpv/UZH-indoor_forward_9.csv
UZH-indoor_forward_9,uzh_fpv,24,733923,1,indoor_forward_9,uzh_indoor_forward_low,1,12,10,12,4000,replays/uzh_fpv/UZH-indoor_forward_9.csv
UZH-indoor_forward_9,uzh_fpv,25,733924,1,indoor_forward_9,uzh_indoor_forward_low,1,12,10,12,4000,replays/uzh_fpv/UZH-indoor_forward_9.csv
UZH-indoor_forward_9,uzh_fpv,26,733925,1,indoor_forward_9,uzh_indoor_forward_low,1,12,10,12,4000,replays/uzh_fpv/UZH-indoor_forward_9.csv
UZH-indoor_forward_9,uzh_fpv,27,733926,1,indoor_forward_9,uzh_indoor_forward_low,1,12,10,12,4000,replays/uzh_fpv/UZH-indoor_forward_9.csv
UZH-indoor_forward_9,uzh_fpv,28,733927,1,indoor_forward_9,uzh_indoor_forward_low,1,12,10,12,4000,replays/uzh_fpv/UZH-indoor_forward_9.csv
UZH-indoor_forward_9,uzh_fpv,29,733928,1,indoor_forward_9,uzh_indoor_forward_low,1,12,10,12,4000,replays/uzh_fpv/UZH-indoor_forward_9.csv
UZH-indoor_forward_9,uzh_fpv,30,733929,1,indoor_forward_9,uzh_indoor_forward_low,1,12,10,12,4000,replays/uzh_fpv/UZH-indoor_forward_9.csv
UZH-outdoor_45_1,uzh_fpv,1,734000,1,outdoor_45_1,uzh_outdoor_oblique_45_low,1,12,10,12,4000,replays/uzh_fpv/UZH-outdoor_45_1.csv
UZH-outdoor_45_1,uzh_fpv,2,734001,1,outdoor_45_1,uzh_outdoor_oblique_45_low,1,12,10,12,4000,replays/uzh_fpv/UZH-outdoor_45_1.csv
UZH-outdoor_45_1,uzh_fpv,3,734002,1,outdoor_45_1,uzh_outdoor_oblique_45_low,1,12,10,12,4000,replays/uzh_fpv/UZH-outdoor_45_1.csv
UZH-outdoor_45_1,uzh_fpv,4,734003,1,outdoor_45_1,uzh_outdoor_oblique_45_low,1,12,10,12,4000,replays/uzh_fpv/UZH-outdoor_45_1.csv
UZH-outdoor_45_1,uzh_fpv,5,734004,1,outdoor_45_1,uzh_outdoor_oblique_45_low,1,12,10,12,4000,replays/uzh_fpv/UZH-outdoor_45_1.csv
UZH-outdoor_45_1,uzh_fpv,6,734005,1,outdoor_45_1,uzh_outdoor_oblique_45_low,1,12,10,12,4000,replays/uzh_fpv/UZH-outdoor_45_1.csv
UZH-outdoor_45_1,uzh_fpv,7,734006,1,outdoor_45_1,uzh_outdoor_oblique_45_low,1,12,10,12,4000,replays/uzh_fpv/UZH-outdoor_45_1.csv
UZH-outdoor_45_1,uzh_fpv,8,734007,1,outdoor_45_1,uzh_outdoor_oblique_45_low,1,12,10,12,4000,replays/uzh_fpv/UZH-outdoor_45_1.csv
UZH-outdoor_45_1,uzh_fpv,9,734008,1,outdoor_45_1,uzh_outdoor_oblique_45_low,1,12,10,12,4000,replays/uzh_fpv/UZH-outdoor_45_1.csv
UZH-outdoor_45_1,uzh_fpv,10,734009,1,outdoor_45_1,uzh_outdoor_oblique_45_low,1,12,10,12,4000,replays/uzh_fpv/UZH-outdoor_45_1.csv
UZH-outdoor_45_1,uzh_fpv,11,734010,1,outdoor_45_1,uzh_outdoor_oblique_45_low,1,12,10,12,4000,replays/uzh_fpv/UZH-outdoor_45_1.csv
UZH-outdoor_45_1,uzh_fpv,12,734011,1,outdoor_45_1,uzh_outdoor_oblique_45_low,1,12,10,12,4000,replays/uzh_fpv/UZH-outdoor_45_1.csv
UZH-outdoor_45_1,uzh_fpv,13,734012,1,outdoor_45_1,uzh_outdoor_oblique_45_low,1,12,10,12,4000,replays/uzh_fpv/UZH-outdoor_45_1.csv
UZH-outdoor_45_1,uzh_fpv,14,734013,1,outdoor_45_1,uzh_outdoor_oblique_45_low,1,12,10,12,4000,replays/uzh_fpv/UZH-outdoor_45_1.csv
UZH-outdoor_45_1,uzh_fpv,15,734014,1,outdoor_45_1,uzh_outdoor_oblique_45_low,1,12,10,12,4000,replays/uzh_fpv/UZH-outdoor_45_1.csv
UZH-outdoor_45_1,uzh_fpv,16,734015,1,outdoor_45_1,uzh_outdoor_oblique_45_low,1,12,10,12,4000,replays/uzh_fpv/UZH-outdoor_45_1.csv
UZH-outdoor_45_1,uzh_fpv,17,734016,1,outdoor_45_1,uzh_outdoor_oblique_45_low,1,12,10,12,4000,replays/uzh_fpv/UZH-outdoor_45_1.csv
UZH-outdoor_45_1,uzh_fpv,18,734017,1,outdoor_45_1,uzh_outdoor_oblique_45_low,1,12,10,12,4000,replays/uzh_fpv/UZH-outdoor_45_1.csv
UZH-outdoor_45_1,uzh_fpv,19,734018,1,outdoor_45_1,uzh_outdoor_oblique_45_low,1,12,10,12,4000,replays/uzh_fpv/UZH-outdoor_45_1.csv
UZH-outdoor_45_1,uzh_fpv,20,734019,1,outdoor_45_1,uzh_outdoor_oblique_45_low,1,12,10,12,4000,replays/uzh_fpv/UZH-outdoor_45_1.csv
UZH-outdoor_45_1,uzh_fpv,21,734020,1,outdoor_45_1,uzh_outdoor_oblique_45_low,1,12,10,12,4000,replays/uzh_fpv/UZH-outdoor_45_1.csv
UZH-outdoor_45_1,uzh_fpv,22,734021,1,outdoor_45_1,uzh_outdoor_oblique_45_low,1,12,10,12,4000,replays/uzh_fpv/UZH-outdoor_45_1.csv
UZH-outdoor_45_1,uzh_fpv,23,734022,1,outdoor_45_1,uzh_outdoor_oblique_45_low,1,12,10,12,4000,replays/uzh_fpv/UZH-outdoor_45_1.csv
UZH-outdoor_45_1,uzh_fpv,24,734023,1,outdoor_45_1,uzh_outdoor_oblique_45_low,1,12,10,12,4000,replays/uzh_fpv/UZH-outdoor_45_1.csv
UZH-outdoor_45_1,uzh_fpv,25,734024,1,outdoor_45_1,uzh_outdoor_oblique_45_low,1,12,10,12,4000,replays/uzh_fpv/UZH-outdoor_45_1.csv
UZH-outdoor_45_1,uzh_fpv,26,734025,1,outdoor_45_1,uzh_outdoor_oblique_45_low,1,12,10,12,4000,replays/uzh_fpv/UZH-outdoor_45_1.csv
UZH-outdoor_45_1,uzh_fpv,27,734026,1,outdoor_45_1,uzh_outdoor_oblique_45_low,1,12,10,12,4000,replays/uzh_fpv/UZH-outdoor_45_1.csv
UZH-outdoor_45_1,uzh_fpv,28,734027,1,outdoor_45_1,uzh_outdoor_oblique_45_low,1,12,10,12,4000,replays/uzh_fpv/UZH-outdoor_45_1.csv
UZH-outdoor_45_1,uzh_fpv,29,734028,1,outdoor_45_1,uzh_outdoor_oblique_45_low,1,12,10,12,4000,replays/uzh_fpv/UZH-outdoor_45_1.csv
UZH-outdoor_45_1,uzh_fpv,30,734029,1,outdoor_45_1,uzh_outdoor_oblique_45_low,1,12,10,12,4000,replays/uzh_fpv/UZH-outdoor_45_1.csv
UZH-outdoor_forward_1,uzh_fpv,1,734100,1,outdoor_forward_1,uzh_outdoor_forward_high,1,12,10,12,4000,replays/uzh_fpv/UZH-outdoor_forward_1.csv
UZH-outdoor_forward_1,uzh_fpv,2,734101,1,outdoor_forward_1,uzh_outdoor_forward_high,1,12,10,12,4000,replays/uzh_fpv/UZH-outdoor_forward_1.csv
UZH-outdoor_forward_1,uzh_fpv,3,734102,1,outdoor_forward_1,uzh_outdoor_forward_high,1,12,10,12,4000,replays/uzh_fpv/UZH-outdoor_forward_1.csv
UZH-outdoor_forward_1,uzh_fpv,4,734103,1,outdoor_forward_1,uzh_outdoor_forward_high,1,12,10,12,4000,replays/uzh_fpv/UZH-outdoor_forward_1.csv
UZH-outdoor_forward_1,uzh_fpv,5,734104,1,outdoor_forward_1,uzh_outdoor_forward_high,1,12,10,12,4000,replays/uzh_fpv/UZH-outdoor_forward_1.csv
UZH-outdoor_forward_1,uzh_fpv,6,734105,1,outdoor_forward_1,uzh_outdoor_forward_high,1,12,10,12,4000,replays/uzh_fpv/UZH-outdoor_forward_1.csv
UZH-outdoor_forward_1,uzh_fpv,7,734106,1,outdoor_forward_1,uzh_outdoor_forward_high,1,12,10,12,4000,replays/uzh_fpv/UZH-outdoor_forward_1.csv
UZH-outdoor_forward_1,uzh_fpv,8,734107,1,outdoor_forward_1,uzh_outdoor_forward_high,1,12,10,12,4000,replays/uzh_fpv/UZH-outdoor_forward_1.csv
UZH-outdoor_forward_1,uzh_fpv,9,734108,1,outdoor_forward_1,uzh_outdoor_forward_high,1,12,10,12,4000,replays/uzh_fpv/UZH-outdoor_forward_1.csv
UZH-outdoor_forward_1,uzh_fpv,10,734109,1,outdoor_forward_1,uzh_outdoor_forward_high,1,12,10,12,4000,replays/uzh_fpv/UZH-outdoor_forward_1.csv
UZH-outdoor_forward_1,uzh_fpv,11,734110,1,outdoor_forward_1,uzh_outdoor_forward_high,1,12,10,12,4000,replays/uzh_fpv/UZH-outdoor_forward_1.csv
UZH-outdoor_forward_1,uzh_fpv,12,734111,1,outdoor_forward_1,uzh_outdoor_forward_high,1,12,10,12,4000,replays/uzh_fpv/UZH-outdoor_forward_1.csv
UZH-outdoor_forward_1,uzh_fpv,13,734112,1,outdoor_forward_1,uzh_outdoor_forward_high,1,12,10,12,4000,replays/uzh_fpv/UZH-outdoor_forward_1.csv
UZH-outdoor_forward_1,uzh_fpv,14,734113,1,outdoor_forward_1,uzh_outdoor_forward_high,1,12,10,12,4000,replays/uzh_fpv/UZH-outdoor_forward_1.csv
UZH-outdoor_forward_1,uzh_fpv,15,734114,1,outdoor_forward_1,uzh_outdoor_forward_high,1,12,10,12,4000,replays/uzh_fpv/UZH-outdoor_forward_1.csv
UZH-outdoor_forward_1,uzh_fpv,16,734115,1,outdoor_forward_1,uzh_outdoor_forward_high,1,12,10,12,4000,replays/uzh_fpv/UZH-outdoor_forward_1.csv
UZH-outdoor_forward_1,uzh_fpv,17,734116,1,outdoor_forward_1,uzh_outdoor_forward_high,1,12,10,12,4000,replays/uzh_fpv/UZH-outdoor_forward_1.csv
UZH-outdoor_forward_1,uzh_fpv,18,734117,1,outdoor_forward_1,uzh_outdoor_forward_high,1,12,10,12,4000,replays/uzh_fpv/UZH-outdoor_forward_1.csv
UZH-outdoor_forward_1,uzh_fpv,19,734118,1,outdoor_forward_1,uzh_outdoor_forward_high,1,12,10,12,4000,replays/uzh_fpv/UZH-outdoor_forward_1.csv
UZH-outdoor_forward_1,uzh_fpv,20,734119,1,outdoor_forward_1,uzh_outdoor_forward_high,1,12,10,12,4000,replays/uzh_fpv/UZH-outdoor_forward_1.csv
UZH-outdoor_forward_1,uzh_fpv,21,734120,1,outdoor_forward_1,uzh_outdoor_forward_high,1,12,10,12,4000,replays/uzh_fpv/UZH-outdoor_forward_1.csv
UZH-outdoor_forward_1,uzh_fpv,22,734121,1,outdoor_forward_1,uzh_outdoor_forward_high,1,12,10,12,4000,replays/uzh_fpv/UZH-outdoor_forward_1.csv
UZH-outdoor_forward_1,uzh_fpv,23,734122,1,outdoor_forward_1,uzh_outdoor_forward_high,1,12,10,12,4000,replays/uzh_fpv/UZH-outdoor_forward_1.csv
UZH-outdoor_forward_1,uzh_fpv,24,734123,1,outdoor_forward_1,uzh_outdoor_forward_high,1,12,10,12,4000,replays/uzh_fpv/UZH-outdoor_forward_1.csv
UZH-outdoor_forward_1,uzh_fpv,25,734124,1,outdoor_forward_1,uzh_outdoor_forward_high,1,12,10,12,4000,replays/uzh_fpv/UZH-outdoor_forward_1.csv
UZH-outdoor_forward_1,uzh_fpv,26,734125,1,outdoor_forward_1,uzh_outdoor_forward_high,1,12,10,12,4000,replays/uzh_fpv/UZH-outdoor_forward_1.csv
UZH-outdoor_forward_1,uzh_fpv,27,734126,1,outdoor_forward_1,uzh_outdoor_forward_high,1,12,10,12,4000,replays/uzh_fpv/UZH-outdoor_forward_1.csv
UZH-outdoor_forward_1,uzh_fpv,28,734127,1,outdoor_forward_1,uzh_outdoor_forward_high,1,12,10,12,4000,replays/uzh_fpv/UZH-outdoor_forward_1.csv
UZH-outdoor_forward_1,uzh_fpv,29,734128,1,outdoor_forward_1,uzh_outdoor_forward_high,1,12,10,12,4000,replays/uzh_fpv/UZH-outdoor_forward_1.csv
UZH-outdoor_forward_1,uzh_fpv,30,734129,1,outdoor_forward_1,uzh_outdoor_forward_high,1,12,10,12,4000,replays/uzh_fpv/UZH-outdoor_forward_1.csv
UZH-outdoor_forward_3,uzh_fpv,1,734200,1,outdoor_forward_3,uzh_outdoor_forward_high,1,12,10,12,4000,replays/uzh_fpv/UZH-outdoor_forward_3.csv
UZH-outdoor_forward_3,uzh_fpv,2,734201,1,outdoor_forward_3,uzh_outdoor_forward_high,1,12,10,12,4000,replays/uzh_fpv/UZH-outdoor_forward_3.csv
UZH-outdoor_forward_3,uzh_fpv,3,734202,1,outdoor_forward_3,uzh_outdoor_forward_high,1,12,10,12,4000,replays/uzh_fpv/UZH-outdoor_forward_3.csv
UZH-outdoor_forward_3,uzh_fpv,4,734203,1,outdoor_forward_3,uzh_outdoor_forward_high,1,12,10,12,4000,replays/uzh_fpv/UZH-outdoor_forward_3.csv
UZH-outdoor_forward_3,uzh_fpv,5,734204,1,outdoor_forward_3,uzh_outdoor_forward_high,1,12,10,12,4000,replays/uzh_fpv/UZH-outdoor_forward_3.csv
UZH-outdoor_forward_3,uzh_fpv,6,734205,1,outdoor_forward_3,uzh_outdoor_forward_high,1,12,10,12,4000,replays/uzh_fpv/UZH-outdoor_forward_3.csv
UZH-outdoor_forward_3,uzh_fpv,7,734206,1,outdoor_forward_3,uzh_outdoor_forward_high,1,12,10,12,4000,replays/uzh_fpv/UZH-outdoor_forward_3.csv
UZH-outdoor_forward_3,uzh_fpv,8,734207,1,outdoor_forward_3,uzh_outdoor_forward_high,1,12,10,12,4000,replays/uzh_fpv/UZH-outdoor_forward_3.csv
UZH-outdoor_forward_3,uzh_fpv,9,734208,1,outdoor_forward_3,uzh_outdoor_forward_high,1,12,10,12,4000,replays/uzh_fpv/UZH-outdoor_forward_3.csv
UZH-outdoor_forward_3,uzh_fpv,10,734209,1,outdoor_forward_3,uzh_outdoor_forward_high,1,12,10,12,4000,replays/uzh_fpv/UZH-outdoor_forward_3.csv
UZH-outdoor_forward_3,uzh_fpv,11,734210,1,outdoor_forward_3,uzh_outdoor_forward_high,1,12,10,12,4000,replays/uzh_fpv/UZH-outdoor_forward_3.csv
UZH-outdoor_forward_3,uzh_fpv,12,734211,1,outdoor_forward_3,uzh_outdoor_forward_high,1,12,10,12,4000,replays/uzh_fpv/UZH-outdoor_forward_3.csv
UZH-outdoor_forward_3,uzh_fpv,13,734212,1,outdoor_forward_3,uzh_outdoor_forward_high,1,12,10,12,4000,replays/uzh_fpv/UZH-outdoor_forward_3.csv
UZH-outdoor_forward_3,uzh_fpv,14,734213,1,outdoor_forward_3,uzh_outdoor_forward_high,1,12,10,12,4000,replays/uzh_fpv/UZH-outdoor_forward_3.csv
UZH-outdoor_forward_3,uzh_fpv,15,734214,1,outdoor_forward_3,uzh_outdoor_forward_high,1,12,10,12,4000,replays/uzh_fpv/UZH-outdoor_forward_3.csv
UZH-outdoor_forward_3,uzh_fpv,16,734215,1,outdoor_forward_3,uzh_outdoor_forward_high,1,12,10,12,4000,replays/uzh_fpv/UZH-outdoor_forward_3.csv
UZH-outdoor_forward_3,uzh_fpv,17,734216,1,outdoor_forward_3,uzh_outdoor_forward_high,1,12,10,12,4000,replays/uzh_fpv/UZH-outdoor_forward_3.csv
UZH-outdoor_forward_3,uzh_fpv,18,734217,1,outdoor_forward_3,uzh_outdoor_forward_high,1,12,10,12,4000,replays/uzh_fpv/UZH-outdoor_forward_3.csv
UZH-outdoor_forward_3,uzh_fpv,19,734218,1,outdoor_forward_3,uzh_outdoor_forward_high,1,12,10,12,4000,replays/uzh_fpv/UZH-outdoor_forward_3.csv
UZH-outdoor_forward_3,uzh_fpv,20,734219,1,outdoor_forward_3,uzh_outdoor_forward_high,1,12,10,12,4000,replays/uzh_fpv/UZH-outdoor_forward_3.csv
UZH-outdoor_forward_3,uzh_fpv,21,734220,1,outdoor_forward_3,uzh_outdoor_forward_high,1,12,10,12,4000,replays/uzh_fpv/UZH-outdoor_forward_3.csv
UZH-outdoor_forward_3,uzh_fpv,22,734221,1,outdoor_forward_3,uzh_outdoor_forward_high,1,12,10,12,4000,replays/uzh_fpv/UZH-outdoor_forward_3.csv
UZH-outdoor_forward_3,uzh_fpv,23,734222,1,outdoor_forward_3,uzh_outdoor_forward_high,1,12,10,12,4000,replays/uzh_fpv/UZH-outdoor_forward_3.csv
UZH-outdoor_forward_3,uzh_fpv,24,734223,1,outdoor_forward_3,uzh_outdoor_forward_high,1,12,10,12,4000,replays/uzh_fpv/UZH-outdoor_forward_3.csv
UZH-outdoor_forward_3,uzh_fpv,25,734224,1,outdoor_forward_3,uzh_outdoor_forward_high,1,12,10,12,4000,replays/uzh_fpv/UZH-outdoor_forward_3.csv
UZH-outdoor_forward_3,uzh_fpv,26,734225,1,outdoor_forward_3,uzh_outdoor_forward_high,1,12,10,12,4000,replays/uzh_fpv/UZH-outdoor_forward_3.csv
UZH-outdoor_forward_3,uzh_fpv,27,734226,1,outdoor_forward_3,uzh_outdoor_forward_high,1,12,10,12,4000,replays/uzh_fpv/UZH-outdoor_forward_3.csv
UZH-outdoor_forward_3,uzh_fpv,28,734227,1,outdoor_forward_3,uzh_outdoor_forward_high,1,12,10,12,4000,replays/uzh_fpv/UZH-outdoor_forward_3.csv
UZH-outdoor_forward_3,uzh_fpv,29,734228,1,outdoor_forward_3,uzh_outdoor_forward_high,1,12,10,12,4000,replays/uzh_fpv/UZH-outdoor_forward_3.csv
UZH-outdoor_forward_3,uzh_fpv,30,734229,1,outdoor_forward_3,uzh_outdoor_forward_high,1,12,10,12,4000,replays/uzh_fpv/UZH-outdoor_forward_3.csv
UZH-outdoor_forward_5,uzh_fpv,1,734300,1,outdoor_forward_5,uzh_outdoor_forward_low,1,12,10,12,4000,replays/uzh_fpv/UZH-outdoor_forward_5.csv
UZH-outdoor_forward_5,uzh_fpv,2,734301,1,outdoor_forward_5,uzh_outdoor_forward_low,1,12,10,12,4000,replays/uzh_fpv/UZH-outdoor_forward_5.csv
UZH-outdoor_forward_5,uzh_fpv,3,734302,1,outdoor_forward_5,uzh_outdoor_forward_low,1,12,10,12,4000,replays/uzh_fpv/UZH-outdoor_forward_5.csv
UZH-outdoor_forward_5,uzh_fpv,4,734303,1,outdoor_forward_5,uzh_outdoor_forward_low,1,12,10,12,4000,replays/uzh_fpv/UZH-outdoor_forward_5.csv
UZH-outdoor_forward_5,uzh_fpv,5,734304,1,outdoor_forward_5,uzh_outdoor_forward_low,1,12,10,12,4000,replays/uzh_fpv/UZH-outdoor_forward_5.csv
UZH-outdoor_forward_5,uzh_fpv,6,734305,1,outdoor_forward_5,uzh_outdoor_forward_low,1,12,10,12,4000,replays/uzh_fpv/UZH-outdoor_forward_5.csv
UZH-outdoor_forward_5,uzh_fpv,7,734306,1,outdoor_forward_5,uzh_outdoor_forward_low,1,12,10,12,4000,replays/uzh_fpv/UZH-outdoor_forward_5.csv
UZH-outdoor_forward_5,uzh_fpv,8,734307,1,outdoor_forward_5,uzh_outdoor_forward_low,1,12,10,12,4000,replays/uzh_fpv/UZH-outdoor_forward_5.csv
UZH-outdoor_forward_5,uzh_fpv,9,734308,1,outdoor_forward_5,uzh_outdoor_forward_low,1,12,10,12,4000,replays/uzh_fpv/UZH-outdoor_forward_5.csv
UZH-outdoor_forward_5,uzh_fpv,10,734309,1,outdoor_forward_5,uzh_outdoor_forward_low,1,12,10,12,4000,replays/uzh_fpv/UZH-outdoor_forward_5.csv
UZH-outdoor_forward_5,uzh_fpv,11,734310,1,outdoor_forward_5,uzh_outdoor_forward_low,1,12,10,12,4000,replays/uzh_fpv/UZH-outdoor_forward_5.csv
UZH-outdoor_forward_5,uzh_fpv,12,734311,1,outdoor_forward_5,uzh_outdoor_forward_low,1,12,10,12,4000,replays/uzh_fpv/UZH-outdoor_forward_5.csv
UZH-outdoor_forward_5,uzh_fpv,13,734312,1,outdoor_forward_5,uzh_outdoor_forward_low,1,12,10,12,4000,replays/uzh_fpv/UZH-outdoor_forward_5.csv
UZH-outdoor_forward_5,uzh_fpv,14,734313,1,outdoor_forward_5,uzh_outdoor_forward_low,1,12,10,12,4000,replays/uzh_fpv/UZH-outdoor_forward_5.csv
UZH-outdoor_forward_5,uzh_fpv,15,734314,1,outdoor_forward_5,uzh_outdoor_forward_low,1,12,10,12,4000,replays/uzh_fpv/UZH-outdoor_forward_5.csv
UZH-outdoor_forward_5,uzh_fpv,16,734315,1,outdoor_forward_5,uzh_outdoor_forward_low,1,12,10,12,4000,replays/uzh_fpv/UZH-outdoor_forward_5.csv
UZH-outdoor_forward_5,uzh_fpv,17,734316,1,outdoor_forward_5,uzh_outdoor_forward_low,1,12,10,12,4000,replays/uzh_fpv/UZH-outdoor_forward_5.csv
UZH-outdoor_forward_5,uzh_fpv,18,734317,1,outdoor_forward_5,uzh_outdoor_forward_low,1,12,10,12,4000,replays/uzh_fpv/UZH-outdoor_forward_5.csv
UZH-outdoor_forward_5,uzh_fpv,19,734318,1,outdoor_forward_5,uzh_outdoor_forward_low,1,12,10,12,4000,replays/uzh_fpv/UZH-outdoor_forward_5.csv
UZH-outdoor_forward_5,uzh_fpv,20,734319,1,outdoor_forward_5,uzh_outdoor_forward_low,1,12,10,12,4000,replays/uzh_fpv/UZH-outdoor_forward_5.csv
UZH-outdoor_forward_5,uzh_fpv,21,734320,1,outdoor_forward_5,uzh_outdoor_forward_low,1,12,10,12,4000,replays/uzh_fpv/UZH-outdoor_forward_5.csv
UZH-outdoor_forward_5,uzh_fpv,22,734321,1,outdoor_forward_5,uzh_outdoor_forward_low,1,12,10,12,4000,replays/uzh_fpv/UZH-outdoor_forward_5.csv
UZH-outdoor_forward_5,uzh_fpv,23,734322,1,outdoor_forward_5,uzh_outdoor_forward_low,1,12,10,12,4000,replays/uzh_fpv/UZH-outdoor_forward_5.csv
UZH-outdoor_forward_5,uzh_fpv,24,734323,1,outdoor_forward_5,uzh_outdoor_forward_low,1,12,10,12,4000,replays/uzh_fpv/UZH-outdoor_forward_5.csv
UZH-outdoor_forward_5,uzh_fpv,25,734324,1,outdoor_forward_5,uzh_outdoor_forward_low,1,12,10,12,4000,replays/uzh_fpv/UZH-outdoor_forward_5.csv
UZH-outdoor_forward_5,uzh_fpv,26,734325,1,outdoor_forward_5,uzh_outdoor_forward_low,1,12,10,12,4000,replays/uzh_fpv/UZH-outdoor_forward_5.csv
UZH-outdoor_forward_5,uzh_fpv,27,734326,1,outdoor_forward_5,uzh_outdoor_forward_low,1,12,10,12,4000,replays/uzh_fpv/UZH-outdoor_forward_5.csv
UZH-outdoor_forward_5,uzh_fpv,28,734327,1,outdoor_forward_5,uzh_outdoor_forward_low,1,12,10,12,4000,replays/uzh_fpv/UZH-outdoor_forward_5.csv
UZH-outdoor_forward_5,uzh_fpv,29,734328,1,outdoor_forward_5,uzh_outdoor_forward_low,1,12,10,12,4000,replays/uzh_fpv/UZH-outdoor_forward_5.csv
UZH-outdoor_forward_5,uzh_fpv,30,734329,1,outdoor_forward_5,uzh_outdoor_forward_low,1,12,10,12,4000,replays/uzh_fpv/UZH-outdoor_forward_5.csv
