registry_family_record_id,evidence_block,registry_family_id,original_family_id,source_file,source_file_sha256,independent_unit_normalized,family_size_normalized,family_members_normalized,multiplicity_control_normalized,source__family_id,source__section,source__endpoint,source__dataset,source__task_load,source__stratum_id,source__independent_unit,source__family_definition,source__number_of_comparisons,source__members,source__multiplicity_control,source__metrics,source__correction,source__metric,source__comparisons
primary_public_replay::family::001,primary_public_replay,primary_public_replay::primary_performance.external_objective.anti_uav410.load_2,primary_performance.external_objective.anti_uav410.load_2,ca_hmcd_stage5_statistics_20260916\holm_family_registry.csv,fe5fdf7c8cb9ee6cb297b573c224d39710b2d82e56f992f537c9c873f4225c4e,public trajectory or preregistered composed workload; 30 seeds are nested Monte Carlo repeats,5,CA-HMCD vs Greedy; CA-HMCD vs External-Auction; CA-HMCD vs No-Synergy; CA-HMCD vs No-Stability; CA-HMCD vs Random,"Holm step-down within this family, two-sided family-wise alpha=0.05",primary_performance.external_objective.anti_uav410.load_2,primary performance,external_objective,anti_uav410,2,anti_uav410.load_2,public trajectory or preregistered composed workload; 30 seeds are nested Monte Carlo repeats,All five prespecified contrasts of CA-HMCD against the other methods for Complete externally evaluated objective.,5,CA-HMCD vs Greedy; CA-HMCD vs External-Auction; CA-HMCD vs No-Synergy; CA-HMCD vs No-Stability; CA-HMCD vs Random,"Holm step-down within this family, two-sided family-wise alpha=0.05",,,,
primary_public_replay::family::002,primary_public_replay,primary_public_replay::primary_performance.independent_service_score.anti_uav410.load_2,primary_performance.independent_service_score.anti_uav410.load_2,ca_hmcd_stage5_statistics_20260916\holm_family_registry.csv,fe5fdf7c8cb9ee6cb297b573c224d39710b2d82e56f992f537c9c873f4225c4e,public trajectory or preregistered composed workload; 30 seeds are nested Monte Carlo repeats,5,CA-HMCD vs Greedy; CA-HMCD vs External-Auction; CA-HMCD vs No-Synergy; CA-HMCD vs No-Stability; CA-HMCD vs Random,"Holm step-down within this family, two-sided family-wise alpha=0.05",primary_performance.independent_service_score.anti_uav410.load_2,primary performance,independent_service_score,anti_uav410,2,anti_uav410.load_2,public trajectory or preregistered composed workload; 30 seeds are nested Monte Carlo repeats,All five prespecified contrasts of CA-HMCD against the other methods for Unified service-quality score from the independent evaluator.,5,CA-HMCD vs Greedy; CA-HMCD vs External-Auction; CA-HMCD vs No-Synergy; CA-HMCD vs No-Stability; CA-HMCD vs Random,"Holm step-down within this family, two-sided family-wise alpha=0.05",,,,
primary_public_replay::family::003,primary_public_replay,primary_public_replay::primary_performance.independent_coverage.anti_uav410.load_2,primary_performance.independent_coverage.anti_uav410.load_2,ca_hmcd_stage5_statistics_20260916\holm_family_registry.csv,fe5fdf7c8cb9ee6cb297b573c224d39710b2d82e56f992f537c9c873f4225c4e,public trajectory or preregistered composed workload; 30 seeds are nested Monte Carlo repeats,5,CA-HMCD vs Greedy; CA-HMCD vs External-Auction; CA-HMCD vs No-Synergy; CA-HMCD vs No-Stability; CA-HMCD vs Random,"Holm step-down within this family, two-sided family-wise alpha=0.05",primary_performance.independent_coverage.anti_uav410.load_2,primary performance,independent_coverage,anti_uav410,2,anti_uav410.load_2,public trajectory or preregistered composed workload; 30 seeds are nested Monte Carlo repeats,All five prespecified contrasts of CA-HMCD against the other methods for Fraction of active demand served by the final feasible allocation.,5,CA-HMCD vs Greedy; CA-HMCD vs External-Auction; CA-HMCD vs No-Synergy; CA-HMCD vs No-Stability; CA-HMCD vs Random,"Holm step-down within this family, two-sided family-wise alpha=0.05",,,,
primary_public_replay::family::004,primary_public_replay,primary_public_replay::stability_mechanism.external_switch_count.anti_uav410.load_2,stability_mechanism.external_switch_count.anti_uav410.load_2,ca_hmcd_stage5_statistics_20260916\holm_family_registry.csv,fe5fdf7c8cb9ee6cb297b573c224d39710b2d82e56f992f537c9c873f4225c4e,public trajectory or preregistered composed workload; 30 seeds are nested Monte Carlo repeats,5,CA-HMCD vs Greedy; CA-HMCD vs External-Auction; CA-HMCD vs No-Synergy; CA-HMCD vs No-Stability; CA-HMCD vs Random,"Holm step-down within this family, two-sided family-wise alpha=0.05",stability_mechanism.external_switch_count.anti_uav410.load_2,stability mechanism,external_switch_count,anti_uav410,2,anti_uav410.load_2,public trajectory or preregistered composed workload; 30 seeds are nested Monte Carlo repeats,All five prespecified contrasts of CA-HMCD against the other methods for Allocation changes measured by the unified external evaluator.,5,CA-HMCD vs Greedy; CA-HMCD vs External-Auction; CA-HMCD vs No-Synergy; CA-HMCD vs No-Stability; CA-HMCD vs Random,"Holm step-down within this family, two-sided family-wise alpha=0.05",,,,
primary_public_replay::family::005,primary_public_replay,primary_public_replay::resource_efficiency.independent_physical_cost.anti_uav410.load_2,resource_efficiency.independent_physical_cost.anti_uav410.load_2,ca_hmcd_stage5_statistics_20260916\holm_family_registry.csv,fe5fdf7c8cb9ee6cb297b573c224d39710b2d82e56f992f537c9c873f4225c4e,public trajectory or preregistered composed workload; 30 seeds are nested Monte Carlo repeats,5,CA-HMCD vs Greedy; CA-HMCD vs External-Auction; CA-HMCD vs No-Synergy; CA-HMCD vs No-Stability; CA-HMCD vs Random,"Holm step-down within this family, two-sided family-wise alpha=0.05",resource_efficiency.independent_physical_cost.anti_uav410.load_2,resource efficiency,independent_physical_cost,anti_uav410,2,anti_uav410.load_2,public trajectory or preregistered composed workload; 30 seeds are nested Monte Carlo repeats,All five prespecified contrasts of CA-HMCD against the other methods for Physical resource expenditure from the independent evaluator.,5,CA-HMCD vs Greedy; CA-HMCD vs External-Auction; CA-HMCD vs No-Synergy; CA-HMCD vs No-Stability; CA-HMCD vs Random,"Holm step-down within this family, two-sided family-wise alpha=0.05",,,,
primary_public_replay::family::006,primary_public_replay,primary_public_replay::redundancy_mechanism.independent_same_type_pair_ratio.anti_uav410.load_2,redundancy_mechanism.independent_same_type_pair_ratio.anti_uav410.load_2,ca_hmcd_stage5_statistics_20260916\holm_family_registry.csv,fe5fdf7c8cb9ee6cb297b573c224d39710b2d82e56f992f537c9c873f4225c4e,public trajectory or preregistered composed workload; 30 seeds are nested Monte Carlo repeats,5,CA-HMCD vs Greedy; CA-HMCD vs External-Auction; CA-HMCD vs No-Synergy; CA-HMCD vs No-Stability; CA-HMCD vs Random,"Holm step-down within this family, two-sided family-wise alpha=0.05",redundancy_mechanism.independent_same_type_pair_ratio.anti_uav410.load_2,redundancy mechanism,independent_same_type_pair_ratio,anti_uav410,2,anti_uav410.load_2,public trajectory or preregistered composed workload; 30 seeds are nested Monte Carlo repeats,All five prespecified contrasts of CA-HMCD against the other methods for Same-type resource pairs among within-task allocated pairs.,5,CA-HMCD vs Greedy; CA-HMCD vs External-Auction; CA-HMCD vs No-Synergy; CA-HMCD vs No-Stability; CA-HMCD vs Random,"Holm step-down within this family, two-sided family-wise alpha=0.05",,,,
primary_public_replay::family::007,primary_public_replay,primary_public_replay::redundancy_mechanism.independent_capability_overlap.anti_uav410.load_2,redundancy_mechanism.independent_capability_overlap.anti_uav410.load_2,ca_hmcd_stage5_statistics_20260916\holm_family_registry.csv,fe5fdf7c8cb9ee6cb297b573c224d39710b2d82e56f992f537c9c873f4225c4e,public trajectory or preregistered composed workload; 30 seeds are nested Monte Carlo repeats,5,CA-HMCD vs Greedy; CA-HMCD vs External-Auction; CA-HMCD vs No-Synergy; CA-HMCD vs No-Stability; CA-HMCD vs Random,"Holm step-down within this family, two-sided family-wise alpha=0.05",redundancy_mechanism.independent_capability_overlap.anti_uav410.load_2,redundancy mechanism,independent_capability_overlap,anti_uav410,2,anti_uav410.load_2,public trajectory or preregistered composed workload; 30 seeds are nested Monte Carlo repeats,All five prespecified contrasts of CA-HMCD against the other methods for Capability overlap among jointly allocated resources.,5,CA-HMCD vs Greedy; CA-HMCD vs External-Auction; CA-HMCD vs No-Synergy; CA-HMCD vs No-Stability; CA-HMCD vs Random,"Holm step-down within this family, two-sided family-wise alpha=0.05",,,,
primary_public_replay::family::008,primary_public_replay,primary_public_replay::redundancy_mechanism.independent_marginal_gain_waste.anti_uav410.load_2,redundancy_mechanism.independent_marginal_gain_waste.anti_uav410.load_2,ca_hmcd_stage5_statistics_20260916\holm_family_registry.csv,fe5fdf7c8cb9ee6cb297b573c224d39710b2d82e56f992f537c9c873f4225c4e,public trajectory or preregistered composed workload; 30 seeds are nested Monte Carlo repeats,5,CA-HMCD vs Greedy; CA-HMCD vs External-Auction; CA-HMCD vs No-Synergy; CA-HMCD vs No-Stability; CA-HMCD vs Random,"Holm step-down within this family, two-sided family-wise alpha=0.05",redundancy_mechanism.independent_marginal_gain_waste.anti_uav410.load_2,redundancy mechanism,independent_marginal_gain_waste,anti_uav410,2,anti_uav410.load_2,public trajectory or preregistered composed workload; 30 seeds are nested Monte Carlo repeats,All five prespecified contrasts of CA-HMCD against the other methods for Standalone-success mass duplicated by overlapping resources.,5,CA-HMCD vs Greedy; CA-HMCD vs External-Auction; CA-HMCD vs No-Synergy; CA-HMCD vs No-Stability; CA-HMCD vs Random,"Holm step-down within this family, two-sided family-wise alpha=0.05",,,,
primary_public_replay::family::009,primary_public_replay,primary_public_replay::computational_boundary.end_to_end_runtime_ms.anti_uav410.load_2,computational_boundary.end_to_end_runtime_ms.anti_uav410.load_2,ca_hmcd_stage5_statistics_20260916\holm_family_registry.csv,fe5fdf7c8cb9ee6cb297b573c224d39710b2d82e56f992f537c9c873f4225c4e,public trajectory or preregistered composed workload; 30 seeds are nested Monte Carlo repeats,5,CA-HMCD vs Greedy; CA-HMCD vs External-Auction; CA-HMCD vs No-Synergy; CA-HMCD vs No-Stability; CA-HMCD vs Random,"Holm step-down within this family, two-sided family-wise alpha=0.05",computational_boundary.end_to_end_runtime_ms.anti_uav410.load_2,computational boundary,end_to_end_runtime_ms,anti_uav410,2,anti_uav410.load_2,public trajectory or preregistered composed workload; 30 seeds are nested Monte Carlo repeats,All five prespecified contrasts of CA-HMCD against the other methods for End-to-end decision time including candidate generation and evaluation.,5,CA-HMCD vs Greedy; CA-HMCD vs External-Auction; CA-HMCD vs No-Synergy; CA-HMCD vs No-Stability; CA-HMCD vs Random,"Holm step-down within this family, two-sided family-wise alpha=0.05",,,,
primary_public_replay::family::010,primary_public_replay,primary_public_replay::computational_boundary.fallback_run_indicator.anti_uav410.load_2,computational_boundary.fallback_run_indicator.anti_uav410.load_2,ca_hmcd_stage5_statistics_20260916\holm_family_registry.csv,fe5fdf7c8cb9ee6cb297b573c224d39710b2d82e56f992f537c9c873f4225c4e,public trajectory or preregistered composed workload; 30 seeds are nested Monte Carlo repeats,5,CA-HMCD vs Greedy; CA-HMCD vs External-Auction; CA-HMCD vs No-Synergy; CA-HMCD vs No-Stability; CA-HMCD vs Random,"Holm step-down within this family, two-sided family-wise alpha=0.05",computational_boundary.fallback_run_indicator.anti_uav410.load_2,computational boundary,fallback_run_indicator,anti_uav410,2,anti_uav410.load_2,public trajectory or preregistered composed workload; 30 seeds are nested Monte Carlo repeats,All five prespecified contrasts of CA-HMCD against the other methods for Indicator that at least one period in the run used bounded-search fallback.,5,CA-HMCD vs Greedy; CA-HMCD vs External-Auction; CA-HMCD vs No-Synergy; CA-HMCD vs No-Stability; CA-HMCD vs Random,"Holm step-down within this family, two-sided family-wise alpha=0.05",,,,
primary_public_replay::family::011,primary_public_replay,primary_public_replay::computational_boundary.fallback.anti_uav410.load_2,computational_boundary.fallback.anti_uav410.load_2,ca_hmcd_stage5_statistics_20260916\holm_family_registry.csv,fe5fdf7c8cb9ee6cb297b573c224d39710b2d82e56f992f537c9c873f4225c4e,public trajectory or preregistered composed workload; 30 seeds are nested Monte Carlo repeats,5,CA-HMCD vs Greedy; CA-HMCD vs External-Auction; CA-HMCD vs No-Synergy; CA-HMCD vs No-Stability; CA-HMCD vs Random,"Holm step-down within this family, two-sided family-wise alpha=0.05",computational_boundary.fallback.anti_uav410.load_2,computational boundary,fallback,anti_uav410,2,anti_uav410.load_2,public trajectory or preregistered composed workload; 30 seeds are nested Monte Carlo repeats,All five prespecified contrasts of CA-HMCD against the other methods for Within-run proportion of decision periods using fallback.,5,CA-HMCD vs Greedy; CA-HMCD vs External-Auction; CA-HMCD vs No-Synergy; CA-HMCD vs No-Stability; CA-HMCD vs Random,"Holm step-down within this family, two-sided family-wise alpha=0.05",,,,
primary_public_replay::family::012,primary_public_replay,primary_public_replay::primary_performance.external_objective.anti_uav410.load_4,primary_performance.external_objective.anti_uav410.load_4,ca_hmcd_stage5_statistics_20260916\holm_family_registry.csv,fe5fdf7c8cb9ee6cb297b573c224d39710b2d82e56f992f537c9c873f4225c4e,public trajectory or preregistered composed workload; 30 seeds are nested Monte Carlo repeats,5,CA-HMCD vs Greedy; CA-HMCD vs External-Auction; CA-HMCD vs No-Synergy; CA-HMCD vs No-Stability; CA-HMCD vs Random,"Holm step-down within this family, two-sided family-wise alpha=0.05",primary_performance.external_objective.anti_uav410.load_4,primary performance,external_objective,anti_uav410,4,anti_uav410.load_4,public trajectory or preregistered composed workload; 30 seeds are nested Monte Carlo repeats,All five prespecified contrasts of CA-HMCD against the other methods for Complete externally evaluated objective.,5,CA-HMCD vs Greedy; CA-HMCD vs External-Auction; CA-HMCD vs No-Synergy; CA-HMCD vs No-Stability; CA-HMCD vs Random,"Holm step-down within this family, two-sided family-wise alpha=0.05",,,,
primary_public_replay::family::013,primary_public_replay,primary_public_replay::primary_performance.independent_service_score.anti_uav410.load_4,primary_performance.independent_service_score.anti_uav410.load_4,ca_hmcd_stage5_statistics_20260916\holm_family_registry.csv,fe5fdf7c8cb9ee6cb297b573c224d39710b2d82e56f992f537c9c873f4225c4e,public trajectory or preregistered composed workload; 30 seeds are nested Monte Carlo repeats,5,CA-HMCD vs Greedy; CA-HMCD vs External-Auction; CA-HMCD vs No-Synergy; CA-HMCD vs No-Stability; CA-HMCD vs Random,"Holm step-down within this family, two-sided family-wise alpha=0.05",primary_performance.independent_service_score.anti_uav410.load_4,primary performance,independent_service_score,anti_uav410,4,anti_uav410.load_4,public trajectory or preregistered composed workload; 30 seeds are nested Monte Carlo repeats,All five prespecified contrasts of CA-HMCD against the other methods for Unified service-quality score from the independent evaluator.,5,CA-HMCD vs Greedy; CA-HMCD vs External-Auction; CA-HMCD vs No-Synergy; CA-HMCD vs No-Stability; CA-HMCD vs Random,"Holm step-down within this family, two-sided family-wise alpha=0.05",,,,
primary_public_replay::family::014,primary_public_replay,primary_public_replay::primary_performance.independent_coverage.anti_uav410.load_4,primary_performance.independent_coverage.anti_uav410.load_4,ca_hmcd_stage5_statistics_20260916\holm_family_registry.csv,fe5fdf7c8cb9ee6cb297b573c224d39710b2d82e56f992f537c9c873f4225c4e,public trajectory or preregistered composed workload; 30 seeds are nested Monte Carlo repeats,5,CA-HMCD vs Greedy; CA-HMCD vs External-Auction; CA-HMCD vs No-Synergy; CA-HMCD vs No-Stability; CA-HMCD vs Random,"Holm step-down within this family, two-sided family-wise alpha=0.05",primary_performance.independent_coverage.anti_uav410.load_4,primary performance,independent_coverage,anti_uav410,4,anti_uav410.load_4,public trajectory or preregistered composed workload; 30 seeds are nested Monte Carlo repeats,All five prespecified contrasts of CA-HMCD against the other methods for Fraction of active demand served by the final feasible allocation.,5,CA-HMCD vs Greedy; CA-HMCD vs External-Auction; CA-HMCD vs No-Synergy; CA-HMCD vs No-Stability; CA-HMCD vs Random,"Holm step-down within this family, two-sided family-wise alpha=0.05",,,,
primary_public_replay::family::015,primary_public_replay,primary_public_replay::stability_mechanism.external_switch_count.anti_uav410.load_4,stability_mechanism.external_switch_count.anti_uav410.load_4,ca_hmcd_stage5_statistics_20260916\holm_family_registry.csv,fe5fdf7c8cb9ee6cb297b573c224d39710b2d82e56f992f537c9c873f4225c4e,public trajectory or preregistered composed workload; 30 seeds are nested Monte Carlo repeats,5,CA-HMCD vs Greedy; CA-HMCD vs External-Auction; CA-HMCD vs No-Synergy; CA-HMCD vs No-Stability; CA-HMCD vs Random,"Holm step-down within this family, two-sided family-wise alpha=0.05",stability_mechanism.external_switch_count.anti_uav410.load_4,stability mechanism,external_switch_count,anti_uav410,4,anti_uav410.load_4,public trajectory or preregistered composed workload; 30 seeds are nested Monte Carlo repeats,All five prespecified contrasts of CA-HMCD against the other methods for Allocation changes measured by the unified external evaluator.,5,CA-HMCD vs Greedy; CA-HMCD vs External-Auction; CA-HMCD vs No-Synergy; CA-HMCD vs No-Stability; CA-HMCD vs Random,"Holm step-down within this family, two-sided family-wise alpha=0.05",,,,
primary_public_replay::family::016,primary_public_replay,primary_public_replay::resource_efficiency.independent_physical_cost.anti_uav410.load_4,resource_efficiency.independent_physical_cost.anti_uav410.load_4,ca_hmcd_stage5_statistics_20260916\holm_family_registry.csv,fe5fdf7c8cb9ee6cb297b573c224d39710b2d82e56f992f537c9c873f4225c4e,public trajectory or preregistered composed workload; 30 seeds are nested Monte Carlo repeats,5,CA-HMCD vs Greedy; CA-HMCD vs External-Auction; CA-HMCD vs No-Synergy; CA-HMCD vs No-Stability; CA-HMCD vs Random,"Holm step-down within this family, two-sided family-wise alpha=0.05",resource_efficiency.independent_physical_cost.anti_uav410.load_4,resource efficiency,independent_physical_cost,anti_uav410,4,anti_uav410.load_4,public trajectory or preregistered composed workload; 30 seeds are nested Monte Carlo repeats,All five prespecified contrasts of CA-HMCD against the other methods for Physical resource expenditure from the independent evaluator.,5,CA-HMCD vs Greedy; CA-HMCD vs External-Auction; CA-HMCD vs No-Synergy; CA-HMCD vs No-Stability; CA-HMCD vs Random,"Holm step-down within this family, two-sided family-wise alpha=0.05",,,,
primary_public_replay::family::017,primary_public_replay,primary_public_replay::redundancy_mechanism.independent_same_type_pair_ratio.anti_uav410.load_4,redundancy_mechanism.independent_same_type_pair_ratio.anti_uav410.load_4,ca_hmcd_stage5_statistics_20260916\holm_family_registry.csv,fe5fdf7c8cb9ee6cb297b573c224d39710b2d82e56f992f537c9c873f4225c4e,public trajectory or preregistered composed workload; 30 seeds are nested Monte Carlo repeats,5,CA-HMCD vs Greedy; CA-HMCD vs External-Auction; CA-HMCD vs No-Synergy; CA-HMCD vs No-Stability; CA-HMCD vs Random,"Holm step-down within this family, two-sided family-wise alpha=0.05",redundancy_mechanism.independent_same_type_pair_ratio.anti_uav410.load_4,redundancy mechanism,independent_same_type_pair_ratio,anti_uav410,4,anti_uav410.load_4,public trajectory or preregistered composed workload; 30 seeds are nested Monte Carlo repeats,All five prespecified contrasts of CA-HMCD against the other methods for Same-type resource pairs among within-task allocated pairs.,5,CA-HMCD vs Greedy; CA-HMCD vs External-Auction; CA-HMCD vs No-Synergy; CA-HMCD vs No-Stability; CA-HMCD vs Random,"Holm step-down within this family, two-sided family-wise alpha=0.05",,,,
primary_public_replay::family::018,primary_public_replay,primary_public_replay::redundancy_mechanism.independent_capability_overlap.anti_uav410.load_4,redundancy_mechanism.independent_capability_overlap.anti_uav410.load_4,ca_hmcd_stage5_statistics_20260916\holm_family_registry.csv,fe5fdf7c8cb9ee6cb297b573c224d39710b2d82e56f992f537c9c873f4225c4e,public trajectory or preregistered composed workload; 30 seeds are nested Monte Carlo repeats,5,CA-HMCD vs Greedy; CA-HMCD vs External-Auction; CA-HMCD vs No-Synergy; CA-HMCD vs No-Stability; CA-HMCD vs Random,"Holm step-down within this family, two-sided family-wise alpha=0.05",redundancy_mechanism.independent_capability_overlap.anti_uav410.load_4,redundancy mechanism,independent_capability_overlap,anti_uav410,4,anti_uav410.load_4,public trajectory or preregistered composed workload; 30 seeds are nested Monte Carlo repeats,All five prespecified contrasts of CA-HMCD against the other methods for Capability overlap among jointly allocated resources.,5,CA-HMCD vs Greedy; CA-HMCD vs External-Auction; CA-HMCD vs No-Synergy; CA-HMCD vs No-Stability; CA-HMCD vs Random,"Holm step-down within this family, two-sided family-wise alpha=0.05",,,,
primary_public_replay::family::019,primary_public_replay,primary_public_replay::redundancy_mechanism.independent_marginal_gain_waste.anti_uav410.load_4,redundancy_mechanism.independent_marginal_gain_waste.anti_uav410.load_4,ca_hmcd_stage5_statistics_20260916\holm_family_registry.csv,fe5fdf7c8cb9ee6cb297b573c224d39710b2d82e56f992f537c9c873f4225c4e,public trajectory or preregistered composed workload; 30 seeds are nested Monte Carlo repeats,5,CA-HMCD vs Greedy; CA-HMCD vs External-Auction; CA-HMCD vs No-Synergy; CA-HMCD vs No-Stability; CA-HMCD vs Random,"Holm step-down within this family, two-sided family-wise alpha=0.05",redundancy_mechanism.independent_marginal_gain_waste.anti_uav410.load_4,redundancy mechanism,independent_marginal_gain_waste,anti_uav410,4,anti_uav410.load_4,public trajectory or preregistered composed workload; 30 seeds are nested Monte Carlo repeats,All five prespecified contrasts of CA-HMCD against the other methods for Standalone-success mass duplicated by overlapping resources.,5,CA-HMCD vs Greedy; CA-HMCD vs External-Auction; CA-HMCD vs No-Synergy; CA-HMCD vs No-Stability; CA-HMCD vs Random,"Holm step-down within this family, two-sided family-wise alpha=0.05",,,,
primary_public_replay::family::020,primary_public_replay,primary_public_replay::computational_boundary.end_to_end_runtime_ms.anti_uav410.load_4,computational_boundary.end_to_end_runtime_ms.anti_uav410.load_4,ca_hmcd_stage5_statistics_20260916\holm_family_registry.csv,fe5fdf7c8cb9ee6cb297b573c224d39710b2d82e56f992f537c9c873f4225c4e,public trajectory or preregistered composed workload; 30 seeds are nested Monte Carlo repeats,5,CA-HMCD vs Greedy; CA-HMCD vs External-Auction; CA-HMCD vs No-Synergy; CA-HMCD vs No-Stability; CA-HMCD vs Random,"Holm step-down within this family, two-sided family-wise alpha=0.05",computational_boundary.end_to_end_runtime_ms.anti_uav410.load_4,computational boundary,end_to_end_runtime_ms,anti_uav410,4,anti_uav410.load_4,public trajectory or preregistered composed workload; 30 seeds are nested Monte Carlo repeats,All five prespecified contrasts of CA-HMCD against the other methods for End-to-end decision time including candidate generation and evaluation.,5,CA-HMCD vs Greedy; CA-HMCD vs External-Auction; CA-HMCD vs No-Synergy; CA-HMCD vs No-Stability; CA-HMCD vs Random,"Holm step-down within this family, two-sided family-wise alpha=0.05",,,,
primary_public_replay::family::021,primary_public_replay,primary_public_replay::computational_boundary.fallback_run_indicator.anti_uav410.load_4,computational_boundary.fallback_run_indicator.anti_uav410.load_4,ca_hmcd_stage5_statistics_20260916\holm_family_registry.csv,fe5fdf7c8cb9ee6cb297b573c224d39710b2d82e56f992f537c9c873f4225c4e,public trajectory or preregistered composed workload; 30 seeds are nested Monte Carlo repeats,5,CA-HMCD vs Greedy; CA-HMCD vs External-Auction; CA-HMCD vs No-Synergy; CA-HMCD vs No-Stability; CA-HMCD vs Random,"Holm step-down within this family, two-sided family-wise alpha=0.05",computational_boundary.fallback_run_indicator.anti_uav410.load_4,computational boundary,fallback_run_indicator,anti_uav410,4,anti_uav410.load_4,public trajectory or preregistered composed workload; 30 seeds are nested Monte Carlo repeats,All five prespecified contrasts of CA-HMCD against the other methods for Indicator that at least one period in the run used bounded-search fallback.,5,CA-HMCD vs Greedy; CA-HMCD vs External-Auction; CA-HMCD vs No-Synergy; CA-HMCD vs No-Stability; CA-HMCD vs Random,"Holm step-down within this family, two-sided family-wise alpha=0.05",,,,
primary_public_replay::family::022,primary_public_replay,primary_public_replay::computational_boundary.fallback.anti_uav410.load_4,computational_boundary.fallback.anti_uav410.load_4,ca_hmcd_stage5_statistics_20260916\holm_family_registry.csv,fe5fdf7c8cb9ee6cb297b573c224d39710b2d82e56f992f537c9c873f4225c4e,public trajectory or preregistered composed workload; 30 seeds are nested Monte Carlo repeats,5,CA-HMCD vs Greedy; CA-HMCD vs External-Auction; CA-HMCD vs No-Synergy; CA-HMCD vs No-Stability; CA-HMCD vs Random,"Holm step-down within this family, two-sided family-wise alpha=0.05",computational_boundary.fallback.anti_uav410.load_4,computational boundary,fallback,anti_uav410,4,anti_uav410.load_4,public trajectory or preregistered composed workload; 30 seeds are nested Monte Carlo repeats,All five prespecified contrasts of CA-HMCD against the other methods for Within-run proportion of decision periods using fallback.,5,CA-HMCD vs Greedy; CA-HMCD vs External-Auction; CA-HMCD vs No-Synergy; CA-HMCD vs No-Stability; CA-HMCD vs Random,"Holm step-down within this family, two-sided family-wise alpha=0.05",,,,
primary_public_replay::family::023,primary_public_replay,primary_public_replay::primary_performance.external_objective.anti_uav410.load_6,primary_performance.external_objective.anti_uav410.load_6,ca_hmcd_stage5_statistics_20260916\holm_family_registry.csv,fe5fdf7c8cb9ee6cb297b573c224d39710b2d82e56f992f537c9c873f4225c4e,public trajectory or preregistered composed workload; 30 seeds are nested Monte Carlo repeats,5,CA-HMCD vs Greedy; CA-HMCD vs External-Auction; CA-HMCD vs No-Synergy; CA-HMCD vs No-Stability; CA-HMCD vs Random,"Holm step-down within this family, two-sided family-wise alpha=0.05",primary_performance.external_objective.anti_uav410.load_6,primary performance,external_objective,anti_uav410,6,anti_uav410.load_6,public trajectory or preregistered composed workload; 30 seeds are nested Monte Carlo repeats,All five prespecified contrasts of CA-HMCD against the other methods for Complete externally evaluated objective.,5,CA-HMCD vs Greedy; CA-HMCD vs External-Auction; CA-HMCD vs No-Synergy; CA-HMCD vs No-Stability; CA-HMCD vs Random,"Holm step-down within this family, two-sided family-wise alpha=0.05",,,,
primary_public_replay::family::024,primary_public_replay,primary_public_replay::primary_performance.independent_service_score.anti_uav410.load_6,primary_performance.independent_service_score.anti_uav410.load_6,ca_hmcd_stage5_statistics_20260916\holm_family_registry.csv,fe5fdf7c8cb9ee6cb297b573c224d39710b2d82e56f992f537c9c873f4225c4e,public trajectory or preregistered composed workload; 30 seeds are nested Monte Carlo repeats,5,CA-HMCD vs Greedy; CA-HMCD vs External-Auction; CA-HMCD vs No-Synergy; CA-HMCD vs No-Stability; CA-HMCD vs Random,"Holm step-down within this family, two-sided family-wise alpha=0.05",primary_performance.independent_service_score.anti_uav410.load_6,primary performance,independent_service_score,anti_uav410,6,anti_uav410.load_6,public trajectory or preregistered composed workload; 30 seeds are nested Monte Carlo repeats,All five prespecified contrasts of CA-HMCD against the other methods for Unified service-quality score from the independent evaluator.,5,CA-HMCD vs Greedy; CA-HMCD vs External-Auction; CA-HMCD vs No-Synergy; CA-HMCD vs No-Stability; CA-HMCD vs Random,"Holm step-down within this family, two-sided family-wise alpha=0.05",,,,
primary_public_replay::family::025,primary_public_replay,primary_public_replay::primary_performance.independent_coverage.anti_uav410.load_6,primary_performance.independent_coverage.anti_uav410.load_6,ca_hmcd_stage5_statistics_20260916\holm_family_registry.csv,fe5fdf7c8cb9ee6cb297b573c224d39710b2d82e56f992f537c9c873f4225c4e,public trajectory or preregistered composed workload; 30 seeds are nested Monte Carlo repeats,5,CA-HMCD vs Greedy; CA-HMCD vs External-Auction; CA-HMCD vs No-Synergy; CA-HMCD vs No-Stability; CA-HMCD vs Random,"Holm step-down within this family, two-sided family-wise alpha=0.05",primary_performance.independent_coverage.anti_uav410.load_6,primary performance,independent_coverage,anti_uav410,6,anti_uav410.load_6,public trajectory or preregistered composed workload; 30 seeds are nested Monte Carlo repeats,All five prespecified contrasts of CA-HMCD against the other methods for Fraction of active demand served by the final feasible allocation.,5,CA-HMCD vs Greedy; CA-HMCD vs External-Auction; CA-HMCD vs No-Synergy; CA-HMCD vs No-Stability; CA-HMCD vs Random,"Holm step-down within this family, two-sided family-wise alpha=0.05",,,,
primary_public_replay::family::026,primary_public_replay,primary_public_replay::stability_mechanism.external_switch_count.anti_uav410.load_6,stability_mechanism.external_switch_count.anti_uav410.load_6,ca_hmcd_stage5_statistics_20260916\holm_family_registry.csv,fe5fdf7c8cb9ee6cb297b573c224d39710b2d82e56f992f537c9c873f4225c4e,public trajectory or preregistered composed workload; 30 seeds are nested Monte Carlo repeats,5,CA-HMCD vs Greedy; CA-HMCD vs External-Auction; CA-HMCD vs No-Synergy; CA-HMCD vs No-Stability; CA-HMCD vs Random,"Holm step-down within this family, two-sided family-wise alpha=0.05",stability_mechanism.external_switch_count.anti_uav410.load_6,stability mechanism,external_switch_count,anti_uav410,6,anti_uav410.load_6,public trajectory or preregistered composed workload; 30 seeds are nested Monte Carlo repeats,All five prespecified contrasts of CA-HMCD against the other methods for Allocation changes measured by the unified external evaluator.,5,CA-HMCD vs Greedy; CA-HMCD vs External-Auction; CA-HMCD vs No-Synergy; CA-HMCD vs No-Stability; CA-HMCD vs Random,"Holm step-down within this family, two-sided family-wise alpha=0.05",,,,
primary_public_replay::family::027,primary_public_replay,primary_public_replay::resource_efficiency.independent_physical_cost.anti_uav410.load_6,resource_efficiency.independent_physical_cost.anti_uav410.load_6,ca_hmcd_stage5_statistics_20260916\holm_family_registry.csv,fe5fdf7c8cb9ee6cb297b573c224d39710b2d82e56f992f537c9c873f4225c4e,public trajectory or preregistered composed workload; 30 seeds are nested Monte Carlo repeats,5,CA-HMCD vs Greedy; CA-HMCD vs External-Auction; CA-HMCD vs No-Synergy; CA-HMCD vs No-Stability; CA-HMCD vs Random,"Holm step-down within this family, two-sided family-wise alpha=0.05",resource_efficiency.independent_physical_cost.anti_uav410.load_6,resource efficiency,independent_physical_cost,anti_uav410,6,anti_uav410.load_6,public trajectory or preregistered composed workload; 30 seeds are nested Monte Carlo repeats,All five prespecified contrasts of CA-HMCD against the other methods for Physical resource expenditure from the independent evaluator.,5,CA-HMCD vs Greedy; CA-HMCD vs External-Auction; CA-HMCD vs No-Synergy; CA-HMCD vs No-Stability; CA-HMCD vs Random,"Holm step-down within this family, two-sided family-wise alpha=0.05",,,,
primary_public_replay::family::028,primary_public_replay,primary_public_replay::redundancy_mechanism.independent_same_type_pair_ratio.anti_uav410.load_6,redundancy_mechanism.independent_same_type_pair_ratio.anti_uav410.load_6,ca_hmcd_stage5_statistics_20260916\holm_family_registry.csv,fe5fdf7c8cb9ee6cb297b573c224d39710b2d82e56f992f537c9c873f4225c4e,public trajectory or preregistered composed workload; 30 seeds are nested Monte Carlo repeats,5,CA-HMCD vs Greedy; CA-HMCD vs External-Auction; CA-HMCD vs No-Synergy; CA-HMCD vs No-Stability; CA-HMCD vs Random,"Holm step-down within this family, two-sided family-wise alpha=0.05",redundancy_mechanism.independent_same_type_pair_ratio.anti_uav410.load_6,redundancy mechanism,independent_same_type_pair_ratio,anti_uav410,6,anti_uav410.load_6,public trajectory or preregistered composed workload; 30 seeds are nested Monte Carlo repeats,All five prespecified contrasts of CA-HMCD against the other methods for Same-type resource pairs among within-task allocated pairs.,5,CA-HMCD vs Greedy; CA-HMCD vs External-Auction; CA-HMCD vs No-Synergy; CA-HMCD vs No-Stability; CA-HMCD vs Random,"Holm step-down within this family, two-sided family-wise alpha=0.05",,,,
primary_public_replay::family::029,primary_public_replay,primary_public_replay::redundancy_mechanism.independent_capability_overlap.anti_uav410.load_6,redundancy_mechanism.independent_capability_overlap.anti_uav410.load_6,ca_hmcd_stage5_statistics_20260916\holm_family_registry.csv,fe5fdf7c8cb9ee6cb297b573c224d39710b2d82e56f992f537c9c873f4225c4e,public trajectory or preregistered composed workload; 30 seeds are nested Monte Carlo repeats,5,CA-HMCD vs Greedy; CA-HMCD vs External-Auction; CA-HMCD vs No-Synergy; CA-HMCD vs No-Stability; CA-HMCD vs Random,"Holm step-down within this family, two-sided family-wise alpha=0.05",redundancy_mechanism.independent_capability_overlap.anti_uav410.load_6,redundancy mechanism,independent_capability_overlap,anti_uav410,6,anti_uav410.load_6,public trajectory or preregistered composed workload; 30 seeds are nested Monte Carlo repeats,All five prespecified contrasts of CA-HMCD against the other methods for Capability overlap among jointly allocated resources.,5,CA-HMCD vs Greedy; CA-HMCD vs External-Auction; CA-HMCD vs No-Synergy; CA-HMCD vs No-Stability; CA-HMCD vs Random,"Holm step-down within this family, two-sided family-wise alpha=0.05",,,,
primary_public_replay::family::030,primary_public_replay,primary_public_replay::redundancy_mechanism.independent_marginal_gain_waste.anti_uav410.load_6,redundancy_mechanism.independent_marginal_gain_waste.anti_uav410.load_6,ca_hmcd_stage5_statistics_20260916\holm_family_registry.csv,fe5fdf7c8cb9ee6cb297b573c224d39710b2d82e56f992f537c9c873f4225c4e,public trajectory or preregistered composed workload; 30 seeds are nested Monte Carlo repeats,5,CA-HMCD vs Greedy; CA-HMCD vs External-Auction; CA-HMCD vs No-Synergy; CA-HMCD vs No-Stability; CA-HMCD vs Random,"Holm step-down within this family, two-sided family-wise alpha=0.05",redundancy_mechanism.independent_marginal_gain_waste.anti_uav410.load_6,redundancy mechanism,independent_marginal_gain_waste,anti_uav410,6,anti_uav410.load_6,public trajectory or preregistered composed workload; 30 seeds are nested Monte Carlo repeats,All five prespecified contrasts of CA-HMCD against the other methods for Standalone-success mass duplicated by overlapping resources.,5,CA-HMCD vs Greedy; CA-HMCD vs External-Auction; CA-HMCD vs No-Synergy; CA-HMCD vs No-Stability; CA-HMCD vs Random,"Holm step-down within this family, two-sided family-wise alpha=0.05",,,,
primary_public_replay::family::031,primary_public_replay,primary_public_replay::computational_boundary.end_to_end_runtime_ms.anti_uav410.load_6,computational_boundary.end_to_end_runtime_ms.anti_uav410.load_6,ca_hmcd_stage5_statistics_20260916\holm_family_registry.csv,fe5fdf7c8cb9ee6cb297b573c224d39710b2d82e56f992f537c9c873f4225c4e,public trajectory or preregistered composed workload; 30 seeds are nested Monte Carlo repeats,5,CA-HMCD vs Greedy; CA-HMCD vs External-Auction; CA-HMCD vs No-Synergy; CA-HMCD vs No-Stability; CA-HMCD vs Random,"Holm step-down within this family, two-sided family-wise alpha=0.05",computational_boundary.end_to_end_runtime_ms.anti_uav410.load_6,computational boundary,end_to_end_runtime_ms,anti_uav410,6,anti_uav410.load_6,public trajectory or preregistered composed workload; 30 seeds are nested Monte Carlo repeats,All five prespecified contrasts of CA-HMCD against the other methods for End-to-end decision time including candidate generation and evaluation.,5,CA-HMCD vs Greedy; CA-HMCD vs External-Auction; CA-HMCD vs No-Synergy; CA-HMCD vs No-Stability; CA-HMCD vs Random,"Holm step-down within this family, two-sided family-wise alpha=0.05",,,,
primary_public_replay::family::032,primary_public_replay,primary_public_replay::computational_boundary.fallback_run_indicator.anti_uav410.load_6,computational_boundary.fallback_run_indicator.anti_uav410.load_6,ca_hmcd_stage5_statistics_20260916\holm_family_registry.csv,fe5fdf7c8cb9ee6cb297b573c224d39710b2d82e56f992f537c9c873f4225c4e,public trajectory or preregistered composed workload; 30 seeds are nested Monte Carlo repeats,5,CA-HMCD vs Greedy; CA-HMCD vs External-Auction; CA-HMCD vs No-Synergy; CA-HMCD vs No-Stability; CA-HMCD vs Random,"Holm step-down within this family, two-sided family-wise alpha=0.05",computational_boundary.fallback_run_indicator.anti_uav410.load_6,computational boundary,fallback_run_indicator,anti_uav410,6,anti_uav410.load_6,public trajectory or preregistered composed workload; 30 seeds are nested Monte Carlo repeats,All five prespecified contrasts of CA-HMCD against the other methods for Indicator that at least one period in the run used bounded-search fallback.,5,CA-HMCD vs Greedy; CA-HMCD vs External-Auction; CA-HMCD vs No-Synergy; CA-HMCD vs No-Stability; CA-HMCD vs Random,"Holm step-down within this family, two-sided family-wise alpha=0.05",,,,
primary_public_replay::family::033,primary_public_replay,primary_public_replay::computational_boundary.fallback.anti_uav410.load_6,computational_boundary.fallback.anti_uav410.load_6,ca_hmcd_stage5_statistics_20260916\holm_family_registry.csv,fe5fdf7c8cb9ee6cb297b573c224d39710b2d82e56f992f537c9c873f4225c4e,public trajectory or preregistered composed workload; 30 seeds are nested Monte Carlo repeats,5,CA-HMCD vs Greedy; CA-HMCD vs External-Auction; CA-HMCD vs No-Synergy; CA-HMCD vs No-Stability; CA-HMCD vs Random,"Holm step-down within this family, two-sided family-wise alpha=0.05",computational_boundary.fallback.anti_uav410.load_6,computational boundary,fallback,anti_uav410,6,anti_uav410.load_6,public trajectory or preregistered composed workload; 30 seeds are nested Monte Carlo repeats,All five prespecified contrasts of CA-HMCD against the other methods for Within-run proportion of decision periods using fallback.,5,CA-HMCD vs Greedy; CA-HMCD vs External-Auction; CA-HMCD vs No-Synergy; CA-HMCD vs No-Stability; CA-HMCD vs Random,"Holm step-down within this family, two-sided family-wise alpha=0.05",,,,
primary_public_replay::family::034,primary_public_replay,primary_public_replay::primary_performance.external_objective.anti_uav410.load_8,primary_performance.external_objective.anti_uav410.load_8,ca_hmcd_stage5_statistics_20260916\holm_family_registry.csv,fe5fdf7c8cb9ee6cb297b573c224d39710b2d82e56f992f537c9c873f4225c4e,public trajectory or preregistered composed workload; 30 seeds are nested Monte Carlo repeats,5,CA-HMCD vs Greedy; CA-HMCD vs External-Auction; CA-HMCD vs No-Synergy; CA-HMCD vs No-Stability; CA-HMCD vs Random,"Holm step-down within this family, two-sided family-wise alpha=0.05",primary_performance.external_objective.anti_uav410.load_8,primary performance,external_objective,anti_uav410,8,anti_uav410.load_8,public trajectory or preregistered composed workload; 30 seeds are nested Monte Carlo repeats,All five prespecified contrasts of CA-HMCD against the other methods for Complete externally evaluated objective.,5,CA-HMCD vs Greedy; CA-HMCD vs External-Auction; CA-HMCD vs No-Synergy; CA-HMCD vs No-Stability; CA-HMCD vs Random,"Holm step-down within this family, two-sided family-wise alpha=0.05",,,,
primary_public_replay::family::035,primary_public_replay,primary_public_replay::primary_performance.independent_service_score.anti_uav410.load_8,primary_performance.independent_service_score.anti_uav410.load_8,ca_hmcd_stage5_statistics_20260916\holm_family_registry.csv,fe5fdf7c8cb9ee6cb297b573c224d39710b2d82e56f992f537c9c873f4225c4e,public trajectory or preregistered composed workload; 30 seeds are nested Monte Carlo repeats,5,CA-HMCD vs Greedy; CA-HMCD vs External-Auction; CA-HMCD vs No-Synergy; CA-HMCD vs No-Stability; CA-HMCD vs Random,"Holm step-down within this family, two-sided family-wise alpha=0.05",primary_performance.independent_service_score.anti_uav410.load_8,primary performance,independent_service_score,anti_uav410,8,anti_uav410.load_8,public trajectory or preregistered composed workload; 30 seeds are nested Monte Carlo repeats,All five prespecified contrasts of CA-HMCD against the other methods for Unified service-quality score from the independent evaluator.,5,CA-HMCD vs Greedy; CA-HMCD vs External-Auction; CA-HMCD vs No-Synergy; CA-HMCD vs No-Stability; CA-HMCD vs Random,"Holm step-down within this family, two-sided family-wise alpha=0.05",,,,
primary_public_replay::family::036,primary_public_replay,primary_public_replay::primary_performance.independent_coverage.anti_uav410.load_8,primary_performance.independent_coverage.anti_uav410.load_8,ca_hmcd_stage5_statistics_20260916\holm_family_registry.csv,fe5fdf7c8cb9ee6cb297b573c224d39710b2d82e56f992f537c9c873f4225c4e,public trajectory or preregistered composed workload; 30 seeds are nested Monte Carlo repeats,5,CA-HMCD vs Greedy; CA-HMCD vs External-Auction; CA-HMCD vs No-Synergy; CA-HMCD vs No-Stability; CA-HMCD vs Random,"Holm step-down within this family, two-sided family-wise alpha=0.05",primary_performance.independent_coverage.anti_uav410.load_8,primary performance,independent_coverage,anti_uav410,8,anti_uav410.load_8,public trajectory or preregistered composed workload; 30 seeds are nested Monte Carlo repeats,All five prespecified contrasts of CA-HMCD against the other methods for Fraction of active demand served by the final feasible allocation.,5,CA-HMCD vs Greedy; CA-HMCD vs External-Auction; CA-HMCD vs No-Synergy; CA-HMCD vs No-Stability; CA-HMCD vs Random,"Holm step-down within this family, two-sided family-wise alpha=0.05",,,,
primary_public_replay::family::037,primary_public_replay,primary_public_replay::stability_mechanism.external_switch_count.anti_uav410.load_8,stability_mechanism.external_switch_count.anti_uav410.load_8,ca_hmcd_stage5_statistics_20260916\holm_family_registry.csv,fe5fdf7c8cb9ee6cb297b573c224d39710b2d82e56f992f537c9c873f4225c4e,public trajectory or preregistered composed workload; 30 seeds are nested Monte Carlo repeats,5,CA-HMCD vs Greedy; CA-HMCD vs External-Auction; CA-HMCD vs No-Synergy; CA-HMCD vs No-Stability; CA-HMCD vs Random,"Holm step-down within this family, two-sided family-wise alpha=0.05",stability_mechanism.external_switch_count.anti_uav410.load_8,stability mechanism,external_switch_count,anti_uav410,8,anti_uav410.load_8,public trajectory or preregistered composed workload; 30 seeds are nested Monte Carlo repeats,All five prespecified contrasts of CA-HMCD against the other methods for Allocation changes measured by the unified external evaluator.,5,CA-HMCD vs Greedy; CA-HMCD vs External-Auction; CA-HMCD vs No-Synergy; CA-HMCD vs No-Stability; CA-HMCD vs Random,"Holm step-down within this family, two-sided family-wise alpha=0.05",,,,
primary_public_replay::family::038,primary_public_replay,primary_public_replay::resource_efficiency.independent_physical_cost.anti_uav410.load_8,resource_efficiency.independent_physical_cost.anti_uav410.load_8,ca_hmcd_stage5_statistics_20260916\holm_family_registry.csv,fe5fdf7c8cb9ee6cb297b573c224d39710b2d82e56f992f537c9c873f4225c4e,public trajectory or preregistered composed workload; 30 seeds are nested Monte Carlo repeats,5,CA-HMCD vs Greedy; CA-HMCD vs External-Auction; CA-HMCD vs No-Synergy; CA-HMCD vs No-Stability; CA-HMCD vs Random,"Holm step-down within this family, two-sided family-wise alpha=0.05",resource_efficiency.independent_physical_cost.anti_uav410.load_8,resource efficiency,independent_physical_cost,anti_uav410,8,anti_uav410.load_8,public trajectory or preregistered composed workload; 30 seeds are nested Monte Carlo repeats,All five prespecified contrasts of CA-HMCD against the other methods for Physical resource expenditure from the independent evaluator.,5,CA-HMCD vs Greedy; CA-HMCD vs External-Auction; CA-HMCD vs No-Synergy; CA-HMCD vs No-Stability; CA-HMCD vs Random,"Holm step-down within this family, two-sided family-wise alpha=0.05",,,,
primary_public_replay::family::039,primary_public_replay,primary_public_replay::redundancy_mechanism.independent_same_type_pair_ratio.anti_uav410.load_8,redundancy_mechanism.independent_same_type_pair_ratio.anti_uav410.load_8,ca_hmcd_stage5_statistics_20260916\holm_family_registry.csv,fe5fdf7c8cb9ee6cb297b573c224d39710b2d82e56f992f537c9c873f4225c4e,public trajectory or preregistered composed workload; 30 seeds are nested Monte Carlo repeats,5,CA-HMCD vs Greedy; CA-HMCD vs External-Auction; CA-HMCD vs No-Synergy; CA-HMCD vs No-Stability; CA-HMCD vs Random,"Holm step-down within this family, two-sided family-wise alpha=0.05",redundancy_mechanism.independent_same_type_pair_ratio.anti_uav410.load_8,redundancy mechanism,independent_same_type_pair_ratio,anti_uav410,8,anti_uav410.load_8,public trajectory or preregistered composed workload; 30 seeds are nested Monte Carlo repeats,All five prespecified contrasts of CA-HMCD against the other methods for Same-type resource pairs among within-task allocated pairs.,5,CA-HMCD vs Greedy; CA-HMCD vs External-Auction; CA-HMCD vs No-Synergy; CA-HMCD vs No-Stability; CA-HMCD vs Random,"Holm step-down within this family, two-sided family-wise alpha=0.05",,,,
primary_public_replay::family::040,primary_public_replay,primary_public_replay::redundancy_mechanism.independent_capability_overlap.anti_uav410.load_8,redundancy_mechanism.independent_capability_overlap.anti_uav410.load_8,ca_hmcd_stage5_statistics_20260916\holm_family_registry.csv,fe5fdf7c8cb9ee6cb297b573c224d39710b2d82e56f992f537c9c873f4225c4e,public trajectory or preregistered composed workload; 30 seeds are nested Monte Carlo repeats,5,CA-HMCD vs Greedy; CA-HMCD vs External-Auction; CA-HMCD vs No-Synergy; CA-HMCD vs No-Stability; CA-HMCD vs Random,"Holm step-down within this family, two-sided family-wise alpha=0.05",redundancy_mechanism.independent_capability_overlap.anti_uav410.load_8,redundancy mechanism,independent_capability_overlap,anti_uav410,8,anti_uav410.load_8,public trajectory or preregistered composed workload; 30 seeds are nested Monte Carlo repeats,All five prespecified contrasts of CA-HMCD against the other methods for Capability overlap among jointly allocated resources.,5,CA-HMCD vs Greedy; CA-HMCD vs External-Auction; CA-HMCD vs No-Synergy; CA-HMCD vs No-Stability; CA-HMCD vs Random,"Holm step-down within this family, two-sided family-wise alpha=0.05",,,,
primary_public_replay::family::041,primary_public_replay,primary_public_replay::redundancy_mechanism.independent_marginal_gain_waste.anti_uav410.load_8,redundancy_mechanism.independent_marginal_gain_waste.anti_uav410.load_8,ca_hmcd_stage5_statistics_20260916\holm_family_registry.csv,fe5fdf7c8cb9ee6cb297b573c224d39710b2d82e56f992f537c9c873f4225c4e,public trajectory or preregistered composed workload; 30 seeds are nested Monte Carlo repeats,5,CA-HMCD vs Greedy; CA-HMCD vs External-Auction; CA-HMCD vs No-Synergy; CA-HMCD vs No-Stability; CA-HMCD vs Random,"Holm step-down within this family, two-sided family-wise alpha=0.05",redundancy_mechanism.independent_marginal_gain_waste.anti_uav410.load_8,redundancy mechanism,independent_marginal_gain_waste,anti_uav410,8,anti_uav410.load_8,public trajectory or preregistered composed workload; 30 seeds are nested Monte Carlo repeats,All five prespecified contrasts of CA-HMCD against the other methods for Standalone-success mass duplicated by overlapping resources.,5,CA-HMCD vs Greedy; CA-HMCD vs External-Auction; CA-HMCD vs No-Synergy; CA-HMCD vs No-Stability; CA-HMCD vs Random,"Holm step-down within this family, two-sided family-wise alpha=0.05",,,,
primary_public_replay::family::042,primary_public_replay,primary_public_replay::computational_boundary.end_to_end_runtime_ms.anti_uav410.load_8,computational_boundary.end_to_end_runtime_ms.anti_uav410.load_8,ca_hmcd_stage5_statistics_20260916\holm_family_registry.csv,fe5fdf7c8cb9ee6cb297b573c224d39710b2d82e56f992f537c9c873f4225c4e,public trajectory or preregistered composed workload; 30 seeds are nested Monte Carlo repeats,5,CA-HMCD vs Greedy; CA-HMCD vs External-Auction; CA-HMCD vs No-Synergy; CA-HMCD vs No-Stability; CA-HMCD vs Random,"Holm step-down within this family, two-sided family-wise alpha=0.05",computational_boundary.end_to_end_runtime_ms.anti_uav410.load_8,computational boundary,end_to_end_runtime_ms,anti_uav410,8,anti_uav410.load_8,public trajectory or preregistered composed workload; 30 seeds are nested Monte Carlo repeats,All five prespecified contrasts of CA-HMCD against the other methods for End-to-end decision time including candidate generation and evaluation.,5,CA-HMCD vs Greedy; CA-HMCD vs External-Auction; CA-HMCD vs No-Synergy; CA-HMCD vs No-Stability; CA-HMCD vs Random,"Holm step-down within this family, two-sided family-wise alpha=0.05",,,,
primary_public_replay::family::043,primary_public_replay,primary_public_replay::computational_boundary.fallback_run_indicator.anti_uav410.load_8,computational_boundary.fallback_run_indicator.anti_uav410.load_8,ca_hmcd_stage5_statistics_20260916\holm_family_registry.csv,fe5fdf7c8cb9ee6cb297b573c224d39710b2d82e56f992f537c9c873f4225c4e,public trajectory or preregistered composed workload; 30 seeds are nested Monte Carlo repeats,5,CA-HMCD vs Greedy; CA-HMCD vs External-Auction; CA-HMCD vs No-Synergy; CA-HMCD vs No-Stability; CA-HMCD vs Random,"Holm step-down within this family, two-sided family-wise alpha=0.05",computational_boundary.fallback_run_indicator.anti_uav410.load_8,computational boundary,fallback_run_indicator,anti_uav410,8,anti_uav410.load_8,public trajectory or preregistered composed workload; 30 seeds are nested Monte Carlo repeats,All five prespecified contrasts of CA-HMCD against the other methods for Indicator that at least one period in the run used bounded-search fallback.,5,CA-HMCD vs Greedy; CA-HMCD vs External-Auction; CA-HMCD vs No-Synergy; CA-HMCD vs No-Stability; CA-HMCD vs Random,"Holm step-down within this family, two-sided family-wise alpha=0.05",,,,
primary_public_replay::family::044,primary_public_replay,primary_public_replay::computational_boundary.fallback.anti_uav410.load_8,computational_boundary.fallback.anti_uav410.load_8,ca_hmcd_stage5_statistics_20260916\holm_family_registry.csv,fe5fdf7c8cb9ee6cb297b573c224d39710b2d82e56f992f537c9c873f4225c4e,public trajectory or preregistered composed workload; 30 seeds are nested Monte Carlo repeats,5,CA-HMCD vs Greedy; CA-HMCD vs External-Auction; CA-HMCD vs No-Synergy; CA-HMCD vs No-Stability; CA-HMCD vs Random,"Holm step-down within this family, two-sided family-wise alpha=0.05",computational_boundary.fallback.anti_uav410.load_8,computational boundary,fallback,anti_uav410,8,anti_uav410.load_8,public trajectory or preregistered composed workload; 30 seeds are nested Monte Carlo repeats,All five prespecified contrasts of CA-HMCD against the other methods for Within-run proportion of decision periods using fallback.,5,CA-HMCD vs Greedy; CA-HMCD vs External-Auction; CA-HMCD vs No-Synergy; CA-HMCD vs No-Stability; CA-HMCD vs Random,"Holm step-down within this family, two-sided family-wise alpha=0.05",,,,
primary_public_replay::family::045,primary_public_replay,primary_public_replay::primary_performance.external_objective.uzh_fpv.load_1,primary_performance.external_objective.uzh_fpv.load_1,ca_hmcd_stage5_statistics_20260916\holm_family_registry.csv,fe5fdf7c8cb9ee6cb297b573c224d39710b2d82e56f992f537c9c873f4225c4e,public trajectory or preregistered composed workload; 30 seeds are nested Monte Carlo repeats,5,CA-HMCD vs Greedy; CA-HMCD vs External-Auction; CA-HMCD vs No-Synergy; CA-HMCD vs No-Stability; CA-HMCD vs Random,"Holm step-down within this family, two-sided family-wise alpha=0.05",primary_performance.external_objective.uzh_fpv.load_1,primary performance,external_objective,uzh_fpv,1,uzh_fpv.load_1,public trajectory or preregistered composed workload; 30 seeds are nested Monte Carlo repeats,All five prespecified contrasts of CA-HMCD against the other methods for Complete externally evaluated objective.,5,CA-HMCD vs Greedy; CA-HMCD vs External-Auction; CA-HMCD vs No-Synergy; CA-HMCD vs No-Stability; CA-HMCD vs Random,"Holm step-down within this family, two-sided family-wise alpha=0.05",,,,
primary_public_replay::family::046,primary_public_replay,primary_public_replay::primary_performance.independent_service_score.uzh_fpv.load_1,primary_performance.independent_service_score.uzh_fpv.load_1,ca_hmcd_stage5_statistics_20260916\holm_family_registry.csv,fe5fdf7c8cb9ee6cb297b573c224d39710b2d82e56f992f537c9c873f4225c4e,public trajectory or preregistered composed workload; 30 seeds are nested Monte Carlo repeats,5,CA-HMCD vs Greedy; CA-HMCD vs External-Auction; CA-HMCD vs No-Synergy; CA-HMCD vs No-Stability; CA-HMCD vs Random,"Holm step-down within this family, two-sided family-wise alpha=0.05",primary_performance.independent_service_score.uzh_fpv.load_1,primary performance,independent_service_score,uzh_fpv,1,uzh_fpv.load_1,public trajectory or preregistered composed workload; 30 seeds are nested Monte Carlo repeats,All five prespecified contrasts of CA-HMCD against the other methods for Unified service-quality score from the independent evaluator.,5,CA-HMCD vs Greedy; CA-HMCD vs External-Auction; CA-HMCD vs No-Synergy; CA-HMCD vs No-Stability; CA-HMCD vs Random,"Holm step-down within this family, two-sided family-wise alpha=0.05",,,,
primary_public_replay::family::047,primary_public_replay,primary_public_replay::primary_performance.independent_coverage.uzh_fpv.load_1,primary_performance.independent_coverage.uzh_fpv.load_1,ca_hmcd_stage5_statistics_20260916\holm_family_registry.csv,fe5fdf7c8cb9ee6cb297b573c224d39710b2d82e56f992f537c9c873f4225c4e,public trajectory or preregistered composed workload; 30 seeds are nested Monte Carlo repeats,5,CA-HMCD vs Greedy; CA-HMCD vs External-Auction; CA-HMCD vs No-Synergy; CA-HMCD vs No-Stability; CA-HMCD vs Random,"Holm step-down within this family, two-sided family-wise alpha=0.05",primary_performance.independent_coverage.uzh_fpv.load_1,primary performance,independent_coverage,uzh_fpv,1,uzh_fpv.load_1,public trajectory or preregistered composed workload; 30 seeds are nested Monte Carlo repeats,All five prespecified contrasts of CA-HMCD against the other methods for Fraction of active demand served by the final feasible allocation.,5,CA-HMCD vs Greedy; CA-HMCD vs External-Auction; CA-HMCD vs No-Synergy; CA-HMCD vs No-Stability; CA-HMCD vs Random,"Holm step-down within this family, two-sided family-wise alpha=0.05",,,,
primary_public_replay::family::048,primary_public_replay,primary_public_replay::stability_mechanism.external_switch_count.uzh_fpv.load_1,stability_mechanism.external_switch_count.uzh_fpv.load_1,ca_hmcd_stage5_statistics_20260916\holm_family_registry.csv,fe5fdf7c8cb9ee6cb297b573c224d39710b2d82e56f992f537c9c873f4225c4e,public trajectory or preregistered composed workload; 30 seeds are nested Monte Carlo repeats,5,CA-HMCD vs Greedy; CA-HMCD vs External-Auction; CA-HMCD vs No-Synergy; CA-HMCD vs No-Stability; CA-HMCD vs Random,"Holm step-down within this family, two-sided family-wise alpha=0.05",stability_mechanism.external_switch_count.uzh_fpv.load_1,stability mechanism,external_switch_count,uzh_fpv,1,uzh_fpv.load_1,public trajectory or preregistered composed workload; 30 seeds are nested Monte Carlo repeats,All five prespecified contrasts of CA-HMCD against the other methods for Allocation changes measured by the unified external evaluator.,5,CA-HMCD vs Greedy; CA-HMCD vs External-Auction; CA-HMCD vs No-Synergy; CA-HMCD vs No-Stability; CA-HMCD vs Random,"Holm step-down within this family, two-sided family-wise alpha=0.05",,,,
primary_public_replay::family::049,primary_public_replay,primary_public_replay::resource_efficiency.independent_physical_cost.uzh_fpv.load_1,resource_efficiency.independent_physical_cost.uzh_fpv.load_1,ca_hmcd_stage5_statistics_20260916\holm_family_registry.csv,fe5fdf7c8cb9ee6cb297b573c224d39710b2d82e56f992f537c9c873f4225c4e,public trajectory or preregistered composed workload; 30 seeds are nested Monte Carlo repeats,5,CA-HMCD vs Greedy; CA-HMCD vs External-Auction; CA-HMCD vs No-Synergy; CA-HMCD vs No-Stability; CA-HMCD vs Random,"Holm step-down within this family, two-sided family-wise alpha=0.05",resource_efficiency.independent_physical_cost.uzh_fpv.load_1,resource efficiency,independent_physical_cost,uzh_fpv,1,uzh_fpv.load_1,public trajectory or preregistered composed workload; 30 seeds are nested Monte Carlo repeats,All five prespecified contrasts of CA-HMCD against the other methods for Physical resource expenditure from the independent evaluator.,5,CA-HMCD vs Greedy; CA-HMCD vs External-Auction; CA-HMCD vs No-Synergy; CA-HMCD vs No-Stability; CA-HMCD vs Random,"Holm step-down within this family, two-sided family-wise alpha=0.05",,,,
primary_public_replay::family::050,primary_public_replay,primary_public_replay::redundancy_mechanism.independent_same_type_pair_ratio.uzh_fpv.load_1,redundancy_mechanism.independent_same_type_pair_ratio.uzh_fpv.load_1,ca_hmcd_stage5_statistics_20260916\holm_family_registry.csv,fe5fdf7c8cb9ee6cb297b573c224d39710b2d82e56f992f537c9c873f4225c4e,public trajectory or preregistered composed workload; 30 seeds are nested Monte Carlo repeats,5,CA-HMCD vs Greedy; CA-HMCD vs External-Auction; CA-HMCD vs No-Synergy; CA-HMCD vs No-Stability; CA-HMCD vs Random,"Holm step-down within this family, two-sided family-wise alpha=0.05",redundancy_mechanism.independent_same_type_pair_ratio.uzh_fpv.load_1,redundancy mechanism,independent_same_type_pair_ratio,uzh_fpv,1,uzh_fpv.load_1,public trajectory or preregistered composed workload; 30 seeds are nested Monte Carlo repeats,All five prespecified contrasts of CA-HMCD against the other methods for Same-type resource pairs among within-task allocated pairs.,5,CA-HMCD vs Greedy; CA-HMCD vs External-Auction; CA-HMCD vs No-Synergy; CA-HMCD vs No-Stability; CA-HMCD vs Random,"Holm step-down within this family, two-sided family-wise alpha=0.05",,,,
primary_public_replay::family::051,primary_public_replay,primary_public_replay::redundancy_mechanism.independent_capability_overlap.uzh_fpv.load_1,redundancy_mechanism.independent_capability_overlap.uzh_fpv.load_1,ca_hmcd_stage5_statistics_20260916\holm_family_registry.csv,fe5fdf7c8cb9ee6cb297b573c224d39710b2d82e56f992f537c9c873f4225c4e,public trajectory or preregistered composed workload; 30 seeds are nested Monte Carlo repeats,5,CA-HMCD vs Greedy; CA-HMCD vs External-Auction; CA-HMCD vs No-Synergy; CA-HMCD vs No-Stability; CA-HMCD vs Random,"Holm step-down within this family, two-sided family-wise alpha=0.05",redundancy_mechanism.independent_capability_overlap.uzh_fpv.load_1,redundancy mechanism,independent_capability_overlap,uzh_fpv,1,uzh_fpv.load_1,public trajectory or preregistered composed workload; 30 seeds are nested Monte Carlo repeats,All five prespecified contrasts of CA-HMCD against the other methods for Capability overlap among jointly allocated resources.,5,CA-HMCD vs Greedy; CA-HMCD vs External-Auction; CA-HMCD vs No-Synergy; CA-HMCD vs No-Stability; CA-HMCD vs Random,"Holm step-down within this family, two-sided family-wise alpha=0.05",,,,
primary_public_replay::family::052,primary_public_replay,primary_public_replay::redundancy_mechanism.independent_marginal_gain_waste.uzh_fpv.load_1,redundancy_mechanism.independent_marginal_gain_waste.uzh_fpv.load_1,ca_hmcd_stage5_statistics_20260916\holm_family_registry.csv,fe5fdf7c8cb9ee6cb297b573c224d39710b2d82e56f992f537c9c873f4225c4e,public trajectory or preregistered composed workload; 30 seeds are nested Monte Carlo repeats,5,CA-HMCD vs Greedy; CA-HMCD vs External-Auction; CA-HMCD vs No-Synergy; CA-HMCD vs No-Stability; CA-HMCD vs Random,"Holm step-down within this family, two-sided family-wise alpha=0.05",redundancy_mechanism.independent_marginal_gain_waste.uzh_fpv.load_1,redundancy mechanism,independent_marginal_gain_waste,uzh_fpv,1,uzh_fpv.load_1,public trajectory or preregistered composed workload; 30 seeds are nested Monte Carlo repeats,All five prespecified contrasts of CA-HMCD against the other methods for Standalone-success mass duplicated by overlapping resources.,5,CA-HMCD vs Greedy; CA-HMCD vs External-Auction; CA-HMCD vs No-Synergy; CA-HMCD vs No-Stability; CA-HMCD vs Random,"Holm step-down within this family, two-sided family-wise alpha=0.05",,,,
primary_public_replay::family::053,primary_public_replay,primary_public_replay::computational_boundary.end_to_end_runtime_ms.uzh_fpv.load_1,computational_boundary.end_to_end_runtime_ms.uzh_fpv.load_1,ca_hmcd_stage5_statistics_20260916\holm_family_registry.csv,fe5fdf7c8cb9ee6cb297b573c224d39710b2d82e56f992f537c9c873f4225c4e,public trajectory or preregistered composed workload; 30 seeds are nested Monte Carlo repeats,5,CA-HMCD vs Greedy; CA-HMCD vs External-Auction; CA-HMCD vs No-Synergy; CA-HMCD vs No-Stability; CA-HMCD vs Random,"Holm step-down within this family, two-sided family-wise alpha=0.05",computational_boundary.end_to_end_runtime_ms.uzh_fpv.load_1,computational boundary,end_to_end_runtime_ms,uzh_fpv,1,uzh_fpv.load_1,public trajectory or preregistered composed workload; 30 seeds are nested Monte Carlo repeats,All five prespecified contrasts of CA-HMCD against the other methods for End-to-end decision time including candidate generation and evaluation.,5,CA-HMCD vs Greedy; CA-HMCD vs External-Auction; CA-HMCD vs No-Synergy; CA-HMCD vs No-Stability; CA-HMCD vs Random,"Holm step-down within this family, two-sided family-wise alpha=0.05",,,,
primary_public_replay::family::054,primary_public_replay,primary_public_replay::computational_boundary.fallback_run_indicator.uzh_fpv.load_1,computational_boundary.fallback_run_indicator.uzh_fpv.load_1,ca_hmcd_stage5_statistics_20260916\holm_family_registry.csv,fe5fdf7c8cb9ee6cb297b573c224d39710b2d82e56f992f537c9c873f4225c4e,public trajectory or preregistered composed workload; 30 seeds are nested Monte Carlo repeats,5,CA-HMCD vs Greedy; CA-HMCD vs External-Auction; CA-HMCD vs No-Synergy; CA-HMCD vs No-Stability; CA-HMCD vs Random,"Holm step-down within this family, two-sided family-wise alpha=0.05",computational_boundary.fallback_run_indicator.uzh_fpv.load_1,computational boundary,fallback_run_indicator,uzh_fpv,1,uzh_fpv.load_1,public trajectory or preregistered composed workload; 30 seeds are nested Monte Carlo repeats,All five prespecified contrasts of CA-HMCD against the other methods for Indicator that at least one period in the run used bounded-search fallback.,5,CA-HMCD vs Greedy; CA-HMCD vs External-Auction; CA-HMCD vs No-Synergy; CA-HMCD vs No-Stability; CA-HMCD vs Random,"Holm step-down within this family, two-sided family-wise alpha=0.05",,,,
primary_public_replay::family::055,primary_public_replay,primary_public_replay::computational_boundary.fallback.uzh_fpv.load_1,computational_boundary.fallback.uzh_fpv.load_1,ca_hmcd_stage5_statistics_20260916\holm_family_registry.csv,fe5fdf7c8cb9ee6cb297b573c224d39710b2d82e56f992f537c9c873f4225c4e,public trajectory or preregistered composed workload; 30 seeds are nested Monte Carlo repeats,5,CA-HMCD vs Greedy; CA-HMCD vs External-Auction; CA-HMCD vs No-Synergy; CA-HMCD vs No-Stability; CA-HMCD vs Random,"Holm step-down within this family, two-sided family-wise alpha=0.05",computational_boundary.fallback.uzh_fpv.load_1,computational boundary,fallback,uzh_fpv,1,uzh_fpv.load_1,public trajectory or preregistered composed workload; 30 seeds are nested Monte Carlo repeats,All five prespecified contrasts of CA-HMCD against the other methods for Within-run proportion of decision periods using fallback.,5,CA-HMCD vs Greedy; CA-HMCD vs External-Auction; CA-HMCD vs No-Synergy; CA-HMCD vs No-Stability; CA-HMCD vs Random,"Holm step-down within this family, two-sided family-wise alpha=0.05",,,,
primary_public_replay::family::056,primary_public_replay,primary_public_replay::common_response_time.anti_uav410.load_2,common_response_time.anti_uav410.load_2,ca_hmcd_stage5_statistics_20260916\holm_family_registry.csv,fe5fdf7c8cb9ee6cb297b573c224d39710b2d82e56f992f537c9c873f4225c4e,public trajectory or preregistered composed workload; 30 seeds are nested Monte Carlo repeats,5,CA-HMCD vs Greedy; CA-HMCD vs External-Auction; CA-HMCD vs No-Synergy; CA-HMCD vs No-Stability; CA-HMCD vs Random,"Holm step-down within this family, two-sided family-wise alpha=0.05",common_response_time.anti_uav410.load_2,common-task response time,common_task_response_time,anti_uav410,2,anti_uav410.load_2,public trajectory or preregistered composed workload; 30 seeds are nested Monte Carlo repeats,All five prespecified contrasts conditional on task-periods served by both compared methods.,5,CA-HMCD vs Greedy; CA-HMCD vs External-Auction; CA-HMCD vs No-Synergy; CA-HMCD vs No-Stability; CA-HMCD vs Random,"Holm step-down within this family, two-sided family-wise alpha=0.05",,,,
primary_public_replay::family::057,primary_public_replay,primary_public_replay::common_response_time.anti_uav410.load_4,common_response_time.anti_uav410.load_4,ca_hmcd_stage5_statistics_20260916\holm_family_registry.csv,fe5fdf7c8cb9ee6cb297b573c224d39710b2d82e56f992f537c9c873f4225c4e,public trajectory or preregistered composed workload; 30 seeds are nested Monte Carlo repeats,5,CA-HMCD vs Greedy; CA-HMCD vs External-Auction; CA-HMCD vs No-Synergy; CA-HMCD vs No-Stability; CA-HMCD vs Random,"Holm step-down within this family, two-sided family-wise alpha=0.05",common_response_time.anti_uav410.load_4,common-task response time,common_task_response_time,anti_uav410,4,anti_uav410.load_4,public trajectory or preregistered composed workload; 30 seeds are nested Monte Carlo repeats,All five prespecified contrasts conditional on task-periods served by both compared methods.,5,CA-HMCD vs Greedy; CA-HMCD vs External-Auction; CA-HMCD vs No-Synergy; CA-HMCD vs No-Stability; CA-HMCD vs Random,"Holm step-down within this family, two-sided family-wise alpha=0.05",,,,
primary_public_replay::family::058,primary_public_replay,primary_public_replay::common_response_time.anti_uav410.load_6,common_response_time.anti_uav410.load_6,ca_hmcd_stage5_statistics_20260916\holm_family_registry.csv,fe5fdf7c8cb9ee6cb297b573c224d39710b2d82e56f992f537c9c873f4225c4e,public trajectory or preregistered composed workload; 30 seeds are nested Monte Carlo repeats,5,CA-HMCD vs Greedy; CA-HMCD vs External-Auction; CA-HMCD vs No-Synergy; CA-HMCD vs No-Stability; CA-HMCD vs Random,"Holm step-down within this family, two-sided family-wise alpha=0.05",common_response_time.anti_uav410.load_6,common-task response time,common_task_response_time,anti_uav410,6,anti_uav410.load_6,public trajectory or preregistered composed workload; 30 seeds are nested Monte Carlo repeats,All five prespecified contrasts conditional on task-periods served by both compared methods.,5,CA-HMCD vs Greedy; CA-HMCD vs External-Auction; CA-HMCD vs No-Synergy; CA-HMCD vs No-Stability; CA-HMCD vs Random,"Holm step-down within this family, two-sided family-wise alpha=0.05",,,,
primary_public_replay::family::059,primary_public_replay,primary_public_replay::common_response_time.anti_uav410.load_8,common_response_time.anti_uav410.load_8,ca_hmcd_stage5_statistics_20260916\holm_family_registry.csv,fe5fdf7c8cb9ee6cb297b573c224d39710b2d82e56f992f537c9c873f4225c4e,public trajectory or preregistered composed workload; 30 seeds are nested Monte Carlo repeats,5,CA-HMCD vs Greedy; CA-HMCD vs External-Auction; CA-HMCD vs No-Synergy; CA-HMCD vs No-Stability; CA-HMCD vs Random,"Holm step-down within this family, two-sided family-wise alpha=0.05",common_response_time.anti_uav410.load_8,common-task response time,common_task_response_time,anti_uav410,8,anti_uav410.load_8,public trajectory or preregistered composed workload; 30 seeds are nested Monte Carlo repeats,All five prespecified contrasts conditional on task-periods served by both compared methods.,5,CA-HMCD vs Greedy; CA-HMCD vs External-Auction; CA-HMCD vs No-Synergy; CA-HMCD vs No-Stability; CA-HMCD vs Random,"Holm step-down within this family, two-sided family-wise alpha=0.05",,,,
primary_public_replay::family::060,primary_public_replay,primary_public_replay::common_response_time.uzh_fpv.load_1,common_response_time.uzh_fpv.load_1,ca_hmcd_stage5_statistics_20260916\holm_family_registry.csv,fe5fdf7c8cb9ee6cb297b573c224d39710b2d82e56f992f537c9c873f4225c4e,public trajectory or preregistered composed workload; 30 seeds are nested Monte Carlo repeats,5,CA-HMCD vs Greedy; CA-HMCD vs External-Auction; CA-HMCD vs No-Synergy; CA-HMCD vs No-Stability; CA-HMCD vs Random,"Holm step-down within this family, two-sided family-wise alpha=0.05",common_response_time.uzh_fpv.load_1,common-task response time,common_task_response_time,uzh_fpv,1,uzh_fpv.load_1,public trajectory or preregistered composed workload; 30 seeds are nested Monte Carlo repeats,All five prespecified contrasts conditional on task-periods served by both compared methods.,5,CA-HMCD vs Greedy; CA-HMCD vs External-Auction; CA-HMCD vs No-Synergy; CA-HMCD vs No-Stability; CA-HMCD vs Random,"Holm step-down within this family, two-sided family-wise alpha=0.05",,,,
no_pruning_control::family::001,no_pruning_control,no_pruning_control::candidate_mechanism.anti_uav410.load_2,candidate_mechanism.anti_uav410.load_2,ca_hmcd_no_pruning_analysis_20260917\holm_family_registry.csv,d9b95c6aa461cb4013cfc6eb265dacd3457fd8e4132b6eee4977aa76bd395e74,public trajectory or preregistered composed workload; 30 stochastic seeds nested within each unit,4,candidate_feasible_before_dominance;candidate_after_dominance;candidate_after_diversity;nodes,Holm step-down within family,candidate_mechanism.anti_uav410.load_2,candidate mechanism,,anti_uav410,2,,,,4,,,candidate_feasible_before_dominance;candidate_after_dominance;candidate_after_diversity;nodes,Holm step-down within family,,
no_pruning_control::family::002,no_pruning_control,no_pruning_control::candidate_mechanism.anti_uav410.load_4,candidate_mechanism.anti_uav410.load_4,ca_hmcd_no_pruning_analysis_20260917\holm_family_registry.csv,d9b95c6aa461cb4013cfc6eb265dacd3457fd8e4132b6eee4977aa76bd395e74,public trajectory or preregistered composed workload; 30 stochastic seeds nested within each unit,4,candidate_feasible_before_dominance;candidate_after_dominance;candidate_after_diversity;nodes,Holm step-down within family,candidate_mechanism.anti_uav410.load_4,candidate mechanism,,anti_uav410,4,,,,4,,,candidate_feasible_before_dominance;candidate_after_dominance;candidate_after_diversity;nodes,Holm step-down within family,,
no_pruning_control::family::003,no_pruning_control,no_pruning_control::candidate_mechanism.anti_uav410.load_6,candidate_mechanism.anti_uav410.load_6,ca_hmcd_no_pruning_analysis_20260917\holm_family_registry.csv,d9b95c6aa461cb4013cfc6eb265dacd3457fd8e4132b6eee4977aa76bd395e74,public trajectory or preregistered composed workload; 30 stochastic seeds nested within each unit,4,candidate_feasible_before_dominance;candidate_after_dominance;candidate_after_diversity;nodes,Holm step-down within family,candidate_mechanism.anti_uav410.load_6,candidate mechanism,,anti_uav410,6,,,,4,,,candidate_feasible_before_dominance;candidate_after_dominance;candidate_after_diversity;nodes,Holm step-down within family,,
no_pruning_control::family::004,no_pruning_control,no_pruning_control::candidate_mechanism.anti_uav410.load_8,candidate_mechanism.anti_uav410.load_8,ca_hmcd_no_pruning_analysis_20260917\holm_family_registry.csv,d9b95c6aa461cb4013cfc6eb265dacd3457fd8e4132b6eee4977aa76bd395e74,public trajectory or preregistered composed workload; 30 stochastic seeds nested within each unit,4,candidate_feasible_before_dominance;candidate_after_dominance;candidate_after_diversity;nodes,Holm step-down within family,candidate_mechanism.anti_uav410.load_8,candidate mechanism,,anti_uav410,8,,,,4,,,candidate_feasible_before_dominance;candidate_after_dominance;candidate_after_diversity;nodes,Holm step-down within family,,
no_pruning_control::family::005,no_pruning_control,no_pruning_control::candidate_mechanism.uzh_fpv.load_1,candidate_mechanism.uzh_fpv.load_1,ca_hmcd_no_pruning_analysis_20260917\holm_family_registry.csv,d9b95c6aa461cb4013cfc6eb265dacd3457fd8e4132b6eee4977aa76bd395e74,public trajectory or preregistered composed workload; 30 stochastic seeds nested within each unit,4,candidate_feasible_before_dominance;candidate_after_dominance;candidate_after_diversity;nodes,Holm step-down within family,candidate_mechanism.uzh_fpv.load_1,candidate mechanism,,uzh_fpv,1,,,,4,,,candidate_feasible_before_dominance;candidate_after_dominance;candidate_after_diversity;nodes,Holm step-down within family,,
no_pruning_control::family::006,no_pruning_control,no_pruning_control::computational.anti_uav410.load_2,computational.anti_uav410.load_2,ca_hmcd_no_pruning_analysis_20260917\holm_family_registry.csv,d9b95c6aa461cb4013cfc6eb265dacd3457fd8e4132b6eee4977aa76bd395e74,public trajectory or preregistered composed workload; 30 stochastic seeds nested within each unit,4,end_to_end_runtime_ms;fallback;node_limit_run_indicator;fallback_optimality_gap_bound,Holm step-down within family,computational.anti_uav410.load_2,computational boundary,,anti_uav410,2,,,,4,,,end_to_end_runtime_ms;fallback;node_limit_run_indicator;fallback_optimality_gap_bound,Holm step-down within family,,
no_pruning_control::family::007,no_pruning_control,no_pruning_control::computational.anti_uav410.load_4,computational.anti_uav410.load_4,ca_hmcd_no_pruning_analysis_20260917\holm_family_registry.csv,d9b95c6aa461cb4013cfc6eb265dacd3457fd8e4132b6eee4977aa76bd395e74,public trajectory or preregistered composed workload; 30 stochastic seeds nested within each unit,4,end_to_end_runtime_ms;fallback;node_limit_run_indicator;fallback_optimality_gap_bound,Holm step-down within family,computational.anti_uav410.load_4,computational boundary,,anti_uav410,4,,,,4,,,end_to_end_runtime_ms;fallback;node_limit_run_indicator;fallback_optimality_gap_bound,Holm step-down within family,,
no_pruning_control::family::008,no_pruning_control,no_pruning_control::computational.anti_uav410.load_6,computational.anti_uav410.load_6,ca_hmcd_no_pruning_analysis_20260917\holm_family_registry.csv,d9b95c6aa461cb4013cfc6eb265dacd3457fd8e4132b6eee4977aa76bd395e74,public trajectory or preregistered composed workload; 30 stochastic seeds nested within each unit,4,end_to_end_runtime_ms;fallback;node_limit_run_indicator;fallback_optimality_gap_bound,Holm step-down within family,computational.anti_uav410.load_6,computational boundary,,anti_uav410,6,,,,4,,,end_to_end_runtime_ms;fallback;node_limit_run_indicator;fallback_optimality_gap_bound,Holm step-down within family,,
no_pruning_control::family::009,no_pruning_control,no_pruning_control::computational.anti_uav410.load_8,computational.anti_uav410.load_8,ca_hmcd_no_pruning_analysis_20260917\holm_family_registry.csv,d9b95c6aa461cb4013cfc6eb265dacd3457fd8e4132b6eee4977aa76bd395e74,public trajectory or preregistered composed workload; 30 stochastic seeds nested within each unit,4,end_to_end_runtime_ms;fallback;node_limit_run_indicator;fallback_optimality_gap_bound,Holm step-down within family,computational.anti_uav410.load_8,computational boundary,,anti_uav410,8,,,,4,,,end_to_end_runtime_ms;fallback;node_limit_run_indicator;fallback_optimality_gap_bound,Holm step-down within family,,
no_pruning_control::family::010,no_pruning_control,no_pruning_control::computational.uzh_fpv.load_1,computational.uzh_fpv.load_1,ca_hmcd_no_pruning_analysis_20260917\holm_family_registry.csv,d9b95c6aa461cb4013cfc6eb265dacd3457fd8e4132b6eee4977aa76bd395e74,public trajectory or preregistered composed workload; 30 stochastic seeds nested within each unit,4,end_to_end_runtime_ms;fallback;node_limit_run_indicator;fallback_optimality_gap_bound,Holm step-down within family,computational.uzh_fpv.load_1,computational boundary,,uzh_fpv,1,,,,4,,,end_to_end_runtime_ms;fallback;node_limit_run_indicator;fallback_optimality_gap_bound,Holm step-down within family,,
no_pruning_control::family::011,no_pruning_control,no_pruning_control::performance.anti_uav410.load_2,performance.anti_uav410.load_2,ca_hmcd_no_pruning_analysis_20260917\holm_family_registry.csv,d9b95c6aa461cb4013cfc6eb265dacd3457fd8e4132b6eee4977aa76bd395e74,public trajectory or preregistered composed workload; 30 stochastic seeds nested within each unit,4,external_objective;independent_service_score;independent_coverage;common_task_response_time,Holm step-down within family,performance.anti_uav410.load_2,primary performance,,anti_uav410,2,,,,4,,,external_objective;independent_service_score;independent_coverage;common_task_response_time,Holm step-down within family,,
no_pruning_control::family::012,no_pruning_control,no_pruning_control::performance.anti_uav410.load_4,performance.anti_uav410.load_4,ca_hmcd_no_pruning_analysis_20260917\holm_family_registry.csv,d9b95c6aa461cb4013cfc6eb265dacd3457fd8e4132b6eee4977aa76bd395e74,public trajectory or preregistered composed workload; 30 stochastic seeds nested within each unit,4,external_objective;independent_service_score;independent_coverage;common_task_response_time,Holm step-down within family,performance.anti_uav410.load_4,primary performance,,anti_uav410,4,,,,4,,,external_objective;independent_service_score;independent_coverage;common_task_response_time,Holm step-down within family,,
no_pruning_control::family::013,no_pruning_control,no_pruning_control::performance.anti_uav410.load_6,performance.anti_uav410.load_6,ca_hmcd_no_pruning_analysis_20260917\holm_family_registry.csv,d9b95c6aa461cb4013cfc6eb265dacd3457fd8e4132b6eee4977aa76bd395e74,public trajectory or preregistered composed workload; 30 stochastic seeds nested within each unit,4,external_objective;independent_service_score;independent_coverage;common_task_response_time,Holm step-down within family,performance.anti_uav410.load_6,primary performance,,anti_uav410,6,,,,4,,,external_objective;independent_service_score;independent_coverage;common_task_response_time,Holm step-down within family,,
no_pruning_control::family::014,no_pruning_control,no_pruning_control::performance.anti_uav410.load_8,performance.anti_uav410.load_8,ca_hmcd_no_pruning_analysis_20260917\holm_family_registry.csv,d9b95c6aa461cb4013cfc6eb265dacd3457fd8e4132b6eee4977aa76bd395e74,public trajectory or preregistered composed workload; 30 stochastic seeds nested within each unit,4,external_objective;independent_service_score;independent_coverage;common_task_response_time,Holm step-down within family,performance.anti_uav410.load_8,primary performance,,anti_uav410,8,,,,4,,,external_objective;independent_service_score;independent_coverage;common_task_response_time,Holm step-down within family,,
no_pruning_control::family::015,no_pruning_control,no_pruning_control::performance.uzh_fpv.load_1,performance.uzh_fpv.load_1,ca_hmcd_no_pruning_analysis_20260917\holm_family_registry.csv,d9b95c6aa461cb4013cfc6eb265dacd3457fd8e4132b6eee4977aa76bd395e74,public trajectory or preregistered composed workload; 30 stochastic seeds nested within each unit,4,external_objective;independent_service_score;independent_coverage;common_task_response_time,Holm step-down within family,performance.uzh_fpv.load_1,primary performance,,uzh_fpv,1,,,,4,,,external_objective;independent_service_score;independent_coverage;common_task_response_time,Holm step-down within family,,
external_full_candidate_baselines::family::001,external_full_candidate_baselines,external_full_candidate_baselines::computational.anti_uav410.load_2.end_to_end_runtime_ms,computational.anti_uav410.load_2.end_to_end_runtime_ms,ca_hmcd_external_baselines_analysis_20260917\holm_family_registry.csv,f4c228a40377443a704af5ad52470f36b9fea4e7fcb5cee181a09cf3d1e71d9b,public trajectory or preregistered composed workload; 30 stochastic seeds nested within each unit,2,CA-HMCD vs HiGHS-MILP;CA-HMCD vs Genetic-Algorithm,Holm step-down within metric and replay stratum,computational.anti_uav410.load_2.end_to_end_runtime_ms,computational boundary,,anti_uav410,2,,,,2,,,,Holm step-down within metric and replay stratum,end_to_end_runtime_ms,CA-HMCD vs HiGHS-MILP;CA-HMCD vs Genetic-Algorithm
external_full_candidate_baselines::family::002,external_full_candidate_baselines,external_full_candidate_baselines::computational.anti_uav410.load_2.fallback,computational.anti_uav410.load_2.fallback,ca_hmcd_external_baselines_analysis_20260917\holm_family_registry.csv,f4c228a40377443a704af5ad52470f36b9fea4e7fcb5cee181a09cf3d1e71d9b,public trajectory or preregistered composed workload; 30 stochastic seeds nested within each unit,2,CA-HMCD vs HiGHS-MILP;CA-HMCD vs Genetic-Algorithm,Holm step-down within metric and replay stratum,computational.anti_uav410.load_2.fallback,computational boundary,,anti_uav410,2,,,,2,,,,Holm step-down within metric and replay stratum,fallback,CA-HMCD vs HiGHS-MILP;CA-HMCD vs Genetic-Algorithm
external_full_candidate_baselines::family::003,external_full_candidate_baselines,external_full_candidate_baselines::computational.anti_uav410.load_2.node_limit_run_indicator,computational.anti_uav410.load_2.node_limit_run_indicator,ca_hmcd_external_baselines_analysis_20260917\holm_family_registry.csv,f4c228a40377443a704af5ad52470f36b9fea4e7fcb5cee181a09cf3d1e71d9b,public trajectory or preregistered composed workload; 30 stochastic seeds nested within each unit,2,CA-HMCD vs HiGHS-MILP;CA-HMCD vs Genetic-Algorithm,Holm step-down within metric and replay stratum,computational.anti_uav410.load_2.node_limit_run_indicator,computational boundary,,anti_uav410,2,,,,2,,,,Holm step-down within metric and replay stratum,node_limit_run_indicator,CA-HMCD vs HiGHS-MILP;CA-HMCD vs Genetic-Algorithm
external_full_candidate_baselines::family::004,external_full_candidate_baselines,external_full_candidate_baselines::computational.anti_uav410.load_2.solver_elapsed_ms,computational.anti_uav410.load_2.solver_elapsed_ms,ca_hmcd_external_baselines_analysis_20260917\holm_family_registry.csv,f4c228a40377443a704af5ad52470f36b9fea4e7fcb5cee181a09cf3d1e71d9b,public trajectory or preregistered composed workload; 30 stochastic seeds nested within each unit,2,CA-HMCD vs HiGHS-MILP;CA-HMCD vs Genetic-Algorithm,Holm step-down within metric and replay stratum,computational.anti_uav410.load_2.solver_elapsed_ms,computational boundary,,anti_uav410,2,,,,2,,,,Holm step-down within metric and replay stratum,solver_elapsed_ms,CA-HMCD vs HiGHS-MILP;CA-HMCD vs Genetic-Algorithm
external_full_candidate_baselines::family::005,external_full_candidate_baselines,external_full_candidate_baselines::computational.anti_uav410.load_4.end_to_end_runtime_ms,computational.anti_uav410.load_4.end_to_end_runtime_ms,ca_hmcd_external_baselines_analysis_20260917\holm_family_registry.csv,f4c228a40377443a704af5ad52470f36b9fea4e7fcb5cee181a09cf3d1e71d9b,public trajectory or preregistered composed workload; 30 stochastic seeds nested within each unit,2,CA-HMCD vs HiGHS-MILP;CA-HMCD vs Genetic-Algorithm,Holm step-down within metric and replay stratum,computational.anti_uav410.load_4.end_to_end_runtime_ms,computational boundary,,anti_uav410,4,,,,2,,,,Holm step-down within metric and replay stratum,end_to_end_runtime_ms,CA-HMCD vs HiGHS-MILP;CA-HMCD vs Genetic-Algorithm
external_full_candidate_baselines::family::006,external_full_candidate_baselines,external_full_candidate_baselines::computational.anti_uav410.load_4.fallback,computational.anti_uav410.load_4.fallback,ca_hmcd_external_baselines_analysis_20260917\holm_family_registry.csv,f4c228a40377443a704af5ad52470f36b9fea4e7fcb5cee181a09cf3d1e71d9b,public trajectory or preregistered composed workload; 30 stochastic seeds nested within each unit,2,CA-HMCD vs HiGHS-MILP;CA-HMCD vs Genetic-Algorithm,Holm step-down within metric and replay stratum,computational.anti_uav410.load_4.fallback,computational boundary,,anti_uav410,4,,,,2,,,,Holm step-down within metric and replay stratum,fallback,CA-HMCD vs HiGHS-MILP;CA-HMCD vs Genetic-Algorithm
external_full_candidate_baselines::family::007,external_full_candidate_baselines,external_full_candidate_baselines::computational.anti_uav410.load_4.node_limit_run_indicator,computational.anti_uav410.load_4.node_limit_run_indicator,ca_hmcd_external_baselines_analysis_20260917\holm_family_registry.csv,f4c228a40377443a704af5ad52470f36b9fea4e7fcb5cee181a09cf3d1e71d9b,public trajectory or preregistered composed workload; 30 stochastic seeds nested within each unit,2,CA-HMCD vs HiGHS-MILP;CA-HMCD vs Genetic-Algorithm,Holm step-down within metric and replay stratum,computational.anti_uav410.load_4.node_limit_run_indicator,computational boundary,,anti_uav410,4,,,,2,,,,Holm step-down within metric and replay stratum,node_limit_run_indicator,CA-HMCD vs HiGHS-MILP;CA-HMCD vs Genetic-Algorithm
external_full_candidate_baselines::family::008,external_full_candidate_baselines,external_full_candidate_baselines::computational.anti_uav410.load_4.solver_elapsed_ms,computational.anti_uav410.load_4.solver_elapsed_ms,ca_hmcd_external_baselines_analysis_20260917\holm_family_registry.csv,f4c228a40377443a704af5ad52470f36b9fea4e7fcb5cee181a09cf3d1e71d9b,public trajectory or preregistered composed workload; 30 stochastic seeds nested within each unit,2,CA-HMCD vs HiGHS-MILP;CA-HMCD vs Genetic-Algorithm,Holm step-down within metric and replay stratum,computational.anti_uav410.load_4.solver_elapsed_ms,computational boundary,,anti_uav410,4,,,,2,,,,Holm step-down within metric and replay stratum,solver_elapsed_ms,CA-HMCD vs HiGHS-MILP;CA-HMCD vs Genetic-Algorithm
external_full_candidate_baselines::family::009,external_full_candidate_baselines,external_full_candidate_baselines::computational.anti_uav410.load_6.end_to_end_runtime_ms,computational.anti_uav410.load_6.end_to_end_runtime_ms,ca_hmcd_external_baselines_analysis_20260917\holm_family_registry.csv,f4c228a40377443a704af5ad52470f36b9fea4e7fcb5cee181a09cf3d1e71d9b,public trajectory or preregistered composed workload; 30 stochastic seeds nested within each unit,2,CA-HMCD vs HiGHS-MILP;CA-HMCD vs Genetic-Algorithm,Holm step-down within metric and replay stratum,computational.anti_uav410.load_6.end_to_end_runtime_ms,computational boundary,,anti_uav410,6,,,,2,,,,Holm step-down within metric and replay stratum,end_to_end_runtime_ms,CA-HMCD vs HiGHS-MILP;CA-HMCD vs Genetic-Algorithm
external_full_candidate_baselines::family::010,external_full_candidate_baselines,external_full_candidate_baselines::computational.anti_uav410.load_6.fallback,computational.anti_uav410.load_6.fallback,ca_hmcd_external_baselines_analysis_20260917\holm_family_registry.csv,f4c228a40377443a704af5ad52470f36b9fea4e7fcb5cee181a09cf3d1e71d9b,public trajectory or preregistered composed workload; 30 stochastic seeds nested within each unit,2,CA-HMCD vs HiGHS-MILP;CA-HMCD vs Genetic-Algorithm,Holm step-down within metric and replay stratum,computational.anti_uav410.load_6.fallback,computational boundary,,anti_uav410,6,,,,2,,,,Holm step-down within metric and replay stratum,fallback,CA-HMCD vs HiGHS-MILP;CA-HMCD vs Genetic-Algorithm
external_full_candidate_baselines::family::011,external_full_candidate_baselines,external_full_candidate_baselines::computational.anti_uav410.load_6.node_limit_run_indicator,computational.anti_uav410.load_6.node_limit_run_indicator,ca_hmcd_external_baselines_analysis_20260917\holm_family_registry.csv,f4c228a40377443a704af5ad52470f36b9fea4e7fcb5cee181a09cf3d1e71d9b,public trajectory or preregistered composed workload; 30 stochastic seeds nested within each unit,2,CA-HMCD vs HiGHS-MILP;CA-HMCD vs Genetic-Algorithm,Holm step-down within metric and replay stratum,computational.anti_uav410.load_6.node_limit_run_indicator,computational boundary,,anti_uav410,6,,,,2,,,,Holm step-down within metric and replay stratum,node_limit_run_indicator,CA-HMCD vs HiGHS-MILP;CA-HMCD vs Genetic-Algorithm
external_full_candidate_baselines::family::012,external_full_candidate_baselines,external_full_candidate_baselines::computational.anti_uav410.load_6.solver_elapsed_ms,computational.anti_uav410.load_6.solver_elapsed_ms,ca_hmcd_external_baselines_analysis_20260917\holm_family_registry.csv,f4c228a40377443a704af5ad52470f36b9fea4e7fcb5cee181a09cf3d1e71d9b,public trajectory or preregistered composed workload; 30 stochastic seeds nested within each unit,2,CA-HMCD vs HiGHS-MILP;CA-HMCD vs Genetic-Algorithm,Holm step-down within metric and replay stratum,computational.anti_uav410.load_6.solver_elapsed_ms,computational boundary,,anti_uav410,6,,,,2,,,,Holm step-down within metric and replay stratum,solver_elapsed_ms,CA-HMCD vs HiGHS-MILP;CA-HMCD vs Genetic-Algorithm
external_full_candidate_baselines::family::013,external_full_candidate_baselines,external_full_candidate_baselines::computational.anti_uav410.load_8.end_to_end_runtime_ms,computational.anti_uav410.load_8.end_to_end_runtime_ms,ca_hmcd_external_baselines_analysis_20260917\holm_family_registry.csv,f4c228a40377443a704af5ad52470f36b9fea4e7fcb5cee181a09cf3d1e71d9b,public trajectory or preregistered composed workload; 30 stochastic seeds nested within each unit,2,CA-HMCD vs HiGHS-MILP;CA-HMCD vs Genetic-Algorithm,Holm step-down within metric and replay stratum,computational.anti_uav410.load_8.end_to_end_runtime_ms,computational boundary,,anti_uav410,8,,,,2,,,,Holm step-down within metric and replay stratum,end_to_end_runtime_ms,CA-HMCD vs HiGHS-MILP;CA-HMCD vs Genetic-Algorithm
external_full_candidate_baselines::family::014,external_full_candidate_baselines,external_full_candidate_baselines::computational.anti_uav410.load_8.fallback,computational.anti_uav410.load_8.fallback,ca_hmcd_external_baselines_analysis_20260917\holm_family_registry.csv,f4c228a40377443a704af5ad52470f36b9fea4e7fcb5cee181a09cf3d1e71d9b,public trajectory or preregistered composed workload; 30 stochastic seeds nested within each unit,2,CA-HMCD vs HiGHS-MILP;CA-HMCD vs Genetic-Algorithm,Holm step-down within metric and replay stratum,computational.anti_uav410.load_8.fallback,computational boundary,,anti_uav410,8,,,,2,,,,Holm step-down within metric and replay stratum,fallback,CA-HMCD vs HiGHS-MILP;CA-HMCD vs Genetic-Algorithm
external_full_candidate_baselines::family::015,external_full_candidate_baselines,external_full_candidate_baselines::computational.anti_uav410.load_8.node_limit_run_indicator,computational.anti_uav410.load_8.node_limit_run_indicator,ca_hmcd_external_baselines_analysis_20260917\holm_family_registry.csv,f4c228a40377443a704af5ad52470f36b9fea4e7fcb5cee181a09cf3d1e71d9b,public trajectory or preregistered composed workload; 30 stochastic seeds nested within each unit,2,CA-HMCD vs HiGHS-MILP;CA-HMCD vs Genetic-Algorithm,Holm step-down within metric and replay stratum,computational.anti_uav410.load_8.node_limit_run_indicator,computational boundary,,anti_uav410,8,,,,2,,,,Holm step-down within metric and replay stratum,node_limit_run_indicator,CA-HMCD vs HiGHS-MILP;CA-HMCD vs Genetic-Algorithm
external_full_candidate_baselines::family::016,external_full_candidate_baselines,external_full_candidate_baselines::computational.anti_uav410.load_8.solver_elapsed_ms,computational.anti_uav410.load_8.solver_elapsed_ms,ca_hmcd_external_baselines_analysis_20260917\holm_family_registry.csv,f4c228a40377443a704af5ad52470f36b9fea4e7fcb5cee181a09cf3d1e71d9b,public trajectory or preregistered composed workload; 30 stochastic seeds nested within each unit,2,CA-HMCD vs HiGHS-MILP;CA-HMCD vs Genetic-Algorithm,Holm step-down within metric and replay stratum,computational.anti_uav410.load_8.solver_elapsed_ms,computational boundary,,anti_uav410,8,,,,2,,,,Holm step-down within metric and replay stratum,solver_elapsed_ms,CA-HMCD vs HiGHS-MILP;CA-HMCD vs Genetic-Algorithm
external_full_candidate_baselines::family::017,external_full_candidate_baselines,external_full_candidate_baselines::computational.uzh_fpv.load_1.end_to_end_runtime_ms,computational.uzh_fpv.load_1.end_to_end_runtime_ms,ca_hmcd_external_baselines_analysis_20260917\holm_family_registry.csv,f4c228a40377443a704af5ad52470f36b9fea4e7fcb5cee181a09cf3d1e71d9b,public trajectory or preregistered composed workload; 30 stochastic seeds nested within each unit,2,CA-HMCD vs HiGHS-MILP;CA-HMCD vs Genetic-Algorithm,Holm step-down within metric and replay stratum,computational.uzh_fpv.load_1.end_to_end_runtime_ms,computational boundary,,uzh_fpv,1,,,,2,,,,Holm step-down within metric and replay stratum,end_to_end_runtime_ms,CA-HMCD vs HiGHS-MILP;CA-HMCD vs Genetic-Algorithm
external_full_candidate_baselines::family::018,external_full_candidate_baselines,external_full_candidate_baselines::computational.uzh_fpv.load_1.fallback,computational.uzh_fpv.load_1.fallback,ca_hmcd_external_baselines_analysis_20260917\holm_family_registry.csv,f4c228a40377443a704af5ad52470f36b9fea4e7fcb5cee181a09cf3d1e71d9b,public trajectory or preregistered composed workload; 30 stochastic seeds nested within each unit,2,CA-HMCD vs HiGHS-MILP;CA-HMCD vs Genetic-Algorithm,Holm step-down within metric and replay stratum,computational.uzh_fpv.load_1.fallback,computational boundary,,uzh_fpv,1,,,,2,,,,Holm step-down within metric and replay stratum,fallback,CA-HMCD vs HiGHS-MILP;CA-HMCD vs Genetic-Algorithm
external_full_candidate_baselines::family::019,external_full_candidate_baselines,external_full_candidate_baselines::computational.uzh_fpv.load_1.node_limit_run_indicator,computational.uzh_fpv.load_1.node_limit_run_indicator,ca_hmcd_external_baselines_analysis_20260917\holm_family_registry.csv,f4c228a40377443a704af5ad52470f36b9fea4e7fcb5cee181a09cf3d1e71d9b,public trajectory or preregistered composed workload; 30 stochastic seeds nested within each unit,2,CA-HMCD vs HiGHS-MILP;CA-HMCD vs Genetic-Algorithm,Holm step-down within metric and replay stratum,computational.uzh_fpv.load_1.node_limit_run_indicator,computational boundary,,uzh_fpv,1,,,,2,,,,Holm step-down within metric and replay stratum,node_limit_run_indicator,CA-HMCD vs HiGHS-MILP;CA-HMCD vs Genetic-Algorithm
external_full_candidate_baselines::family::020,external_full_candidate_baselines,external_full_candidate_baselines::computational.uzh_fpv.load_1.solver_elapsed_ms,computational.uzh_fpv.load_1.solver_elapsed_ms,ca_hmcd_external_baselines_analysis_20260917\holm_family_registry.csv,f4c228a40377443a704af5ad52470f36b9fea4e7fcb5cee181a09cf3d1e71d9b,public trajectory or preregistered composed workload; 30 stochastic seeds nested within each unit,2,CA-HMCD vs HiGHS-MILP;CA-HMCD vs Genetic-Algorithm,Holm step-down within metric and replay stratum,computational.uzh_fpv.load_1.solver_elapsed_ms,computational boundary,,uzh_fpv,1,,,,2,,,,Holm step-down within metric and replay stratum,solver_elapsed_ms,CA-HMCD vs HiGHS-MILP;CA-HMCD vs Genetic-Algorithm
external_full_candidate_baselines::family::021,external_full_candidate_baselines,external_full_candidate_baselines::mechanism.anti_uav410.load_2.candidate_after_diversity,mechanism.anti_uav410.load_2.candidate_after_diversity,ca_hmcd_external_baselines_analysis_20260917\holm_family_registry.csv,f4c228a40377443a704af5ad52470f36b9fea4e7fcb5cee181a09cf3d1e71d9b,public trajectory or preregistered composed workload; 30 stochastic seeds nested within each unit,2,CA-HMCD vs HiGHS-MILP;CA-HMCD vs Genetic-Algorithm,Holm step-down within metric and replay stratum,mechanism.anti_uav410.load_2.candidate_after_diversity,candidate mechanism,,anti_uav410,2,,,,2,,,,Holm step-down within metric and replay stratum,candidate_after_diversity,CA-HMCD vs HiGHS-MILP;CA-HMCD vs Genetic-Algorithm
external_full_candidate_baselines::family::022,external_full_candidate_baselines,external_full_candidate_baselines::mechanism.anti_uav410.load_2.candidate_feasible_before_dominance,mechanism.anti_uav410.load_2.candidate_feasible_before_dominance,ca_hmcd_external_baselines_analysis_20260917\holm_family_registry.csv,f4c228a40377443a704af5ad52470f36b9fea4e7fcb5cee181a09cf3d1e71d9b,public trajectory or preregistered composed workload; 30 stochastic seeds nested within each unit,2,CA-HMCD vs HiGHS-MILP;CA-HMCD vs Genetic-Algorithm,Holm step-down within metric and replay stratum,mechanism.anti_uav410.load_2.candidate_feasible_before_dominance,candidate mechanism,,anti_uav410,2,,,,2,,,,Holm step-down within metric and replay stratum,candidate_feasible_before_dominance,CA-HMCD vs HiGHS-MILP;CA-HMCD vs Genetic-Algorithm
external_full_candidate_baselines::family::023,external_full_candidate_baselines,external_full_candidate_baselines::mechanism.anti_uav410.load_2.nodes,mechanism.anti_uav410.load_2.nodes,ca_hmcd_external_baselines_analysis_20260917\holm_family_registry.csv,f4c228a40377443a704af5ad52470f36b9fea4e7fcb5cee181a09cf3d1e71d9b,public trajectory or preregistered composed workload; 30 stochastic seeds nested within each unit,2,CA-HMCD vs HiGHS-MILP;CA-HMCD vs Genetic-Algorithm,Holm step-down within metric and replay stratum,mechanism.anti_uav410.load_2.nodes,candidate mechanism,,anti_uav410,2,,,,2,,,,Holm step-down within metric and replay stratum,nodes,CA-HMCD vs HiGHS-MILP;CA-HMCD vs Genetic-Algorithm
external_full_candidate_baselines::family::024,external_full_candidate_baselines,external_full_candidate_baselines::mechanism.anti_uav410.load_2.repair_applied,mechanism.anti_uav410.load_2.repair_applied,ca_hmcd_external_baselines_analysis_20260917\holm_family_registry.csv,f4c228a40377443a704af5ad52470f36b9fea4e7fcb5cee181a09cf3d1e71d9b,public trajectory or preregistered composed workload; 30 stochastic seeds nested within each unit,2,CA-HMCD vs HiGHS-MILP;CA-HMCD vs Genetic-Algorithm,Holm step-down within metric and replay stratum,mechanism.anti_uav410.load_2.repair_applied,candidate mechanism,,anti_uav410,2,,,,2,,,,Holm step-down within metric and replay stratum,repair_applied,CA-HMCD vs HiGHS-MILP;CA-HMCD vs Genetic-Algorithm
external_full_candidate_baselines::family::025,external_full_candidate_baselines,external_full_candidate_baselines::mechanism.anti_uav410.load_4.candidate_after_diversity,mechanism.anti_uav410.load_4.candidate_after_diversity,ca_hmcd_external_baselines_analysis_20260917\holm_family_registry.csv,f4c228a40377443a704af5ad52470f36b9fea4e7fcb5cee181a09cf3d1e71d9b,public trajectory or preregistered composed workload; 30 stochastic seeds nested within each unit,2,CA-HMCD vs HiGHS-MILP;CA-HMCD vs Genetic-Algorithm,Holm step-down within metric and replay stratum,mechanism.anti_uav410.load_4.candidate_after_diversity,candidate mechanism,,anti_uav410,4,,,,2,,,,Holm step-down within metric and replay stratum,candidate_after_diversity,CA-HMCD vs HiGHS-MILP;CA-HMCD vs Genetic-Algorithm
external_full_candidate_baselines::family::026,external_full_candidate_baselines,external_full_candidate_baselines::mechanism.anti_uav410.load_4.candidate_feasible_before_dominance,mechanism.anti_uav410.load_4.candidate_feasible_before_dominance,ca_hmcd_external_baselines_analysis_20260917\holm_family_registry.csv,f4c228a40377443a704af5ad52470f36b9fea4e7fcb5cee181a09cf3d1e71d9b,public trajectory or preregistered composed workload; 30 stochastic seeds nested within each unit,2,CA-HMCD vs HiGHS-MILP;CA-HMCD vs Genetic-Algorithm,Holm step-down within metric and replay stratum,mechanism.anti_uav410.load_4.candidate_feasible_before_dominance,candidate mechanism,,anti_uav410,4,,,,2,,,,Holm step-down within metric and replay stratum,candidate_feasible_before_dominance,CA-HMCD vs HiGHS-MILP;CA-HMCD vs Genetic-Algorithm
external_full_candidate_baselines::family::027,external_full_candidate_baselines,external_full_candidate_baselines::mechanism.anti_uav410.load_4.nodes,mechanism.anti_uav410.load_4.nodes,ca_hmcd_external_baselines_analysis_20260917\holm_family_registry.csv,f4c228a40377443a704af5ad52470f36b9fea4e7fcb5cee181a09cf3d1e71d9b,public trajectory or preregistered composed workload; 30 stochastic seeds nested within each unit,2,CA-HMCD vs HiGHS-MILP;CA-HMCD vs Genetic-Algorithm,Holm step-down within metric and replay stratum,mechanism.anti_uav410.load_4.nodes,candidate mechanism,,anti_uav410,4,,,,2,,,,Holm step-down within metric and replay stratum,nodes,CA-HMCD vs HiGHS-MILP;CA-HMCD vs Genetic-Algorithm
external_full_candidate_baselines::family::028,external_full_candidate_baselines,external_full_candidate_baselines::mechanism.anti_uav410.load_4.repair_applied,mechanism.anti_uav410.load_4.repair_applied,ca_hmcd_external_baselines_analysis_20260917\holm_family_registry.csv,f4c228a40377443a704af5ad52470f36b9fea4e7fcb5cee181a09cf3d1e71d9b,public trajectory or preregistered composed workload; 30 stochastic seeds nested within each unit,2,CA-HMCD vs HiGHS-MILP;CA-HMCD vs Genetic-Algorithm,Holm step-down within metric and replay stratum,mechanism.anti_uav410.load_4.repair_applied,candidate mechanism,,anti_uav410,4,,,,2,,,,Holm step-down within metric and replay stratum,repair_applied,CA-HMCD vs HiGHS-MILP;CA-HMCD vs Genetic-Algorithm
external_full_candidate_baselines::family::029,external_full_candidate_baselines,external_full_candidate_baselines::mechanism.anti_uav410.load_6.candidate_after_diversity,mechanism.anti_uav410.load_6.candidate_after_diversity,ca_hmcd_external_baselines_analysis_20260917\holm_family_registry.csv,f4c228a40377443a704af5ad52470f36b9fea4e7fcb5cee181a09cf3d1e71d9b,public trajectory or preregistered composed workload; 30 stochastic seeds nested within each unit,2,CA-HMCD vs HiGHS-MILP;CA-HMCD vs Genetic-Algorithm,Holm step-down within metric and replay stratum,mechanism.anti_uav410.load_6.candidate_after_diversity,candidate mechanism,,anti_uav410,6,,,,2,,,,Holm step-down within metric and replay stratum,candidate_after_diversity,CA-HMCD vs HiGHS-MILP;CA-HMCD vs Genetic-Algorithm
external_full_candidate_baselines::family::030,external_full_candidate_baselines,external_full_candidate_baselines::mechanism.anti_uav410.load_6.candidate_feasible_before_dominance,mechanism.anti_uav410.load_6.candidate_feasible_before_dominance,ca_hmcd_external_baselines_analysis_20260917\holm_family_registry.csv,f4c228a40377443a704af5ad52470f36b9fea4e7fcb5cee181a09cf3d1e71d9b,public trajectory or preregistered composed workload; 30 stochastic seeds nested within each unit,2,CA-HMCD vs HiGHS-MILP;CA-HMCD vs Genetic-Algorithm,Holm step-down within metric and replay stratum,mechanism.anti_uav410.load_6.candidate_feasible_before_dominance,candidate mechanism,,anti_uav410,6,,,,2,,,,Holm step-down within metric and replay stratum,candidate_feasible_before_dominance,CA-HMCD vs HiGHS-MILP;CA-HMCD vs Genetic-Algorithm
external_full_candidate_baselines::family::031,external_full_candidate_baselines,external_full_candidate_baselines::mechanism.anti_uav410.load_6.nodes,mechanism.anti_uav410.load_6.nodes,ca_hmcd_external_baselines_analysis_20260917\holm_family_registry.csv,f4c228a40377443a704af5ad52470f36b9fea4e7fcb5cee181a09cf3d1e71d9b,public trajectory or preregistered composed workload; 30 stochastic seeds nested within each unit,2,CA-HMCD vs HiGHS-MILP;CA-HMCD vs Genetic-Algorithm,Holm step-down within metric and replay stratum,mechanism.anti_uav410.load_6.nodes,candidate mechanism,,anti_uav410,6,,,,2,,,,Holm step-down within metric and replay stratum,nodes,CA-HMCD vs HiGHS-MILP;CA-HMCD vs Genetic-Algorithm
external_full_candidate_baselines::family::032,external_full_candidate_baselines,external_full_candidate_baselines::mechanism.anti_uav410.load_6.repair_applied,mechanism.anti_uav410.load_6.repair_applied,ca_hmcd_external_baselines_analysis_20260917\holm_family_registry.csv,f4c228a40377443a704af5ad52470f36b9fea4e7fcb5cee181a09cf3d1e71d9b,public trajectory or preregistered composed workload; 30 stochastic seeds nested within each unit,2,CA-HMCD vs HiGHS-MILP;CA-HMCD vs Genetic-Algorithm,Holm step-down within metric and replay stratum,mechanism.anti_uav410.load_6.repair_applied,candidate mechanism,,anti_uav410,6,,,,2,,,,Holm step-down within metric and replay stratum,repair_applied,CA-HMCD vs HiGHS-MILP;CA-HMCD vs Genetic-Algorithm
external_full_candidate_baselines::family::033,external_full_candidate_baselines,external_full_candidate_baselines::mechanism.anti_uav410.load_8.candidate_after_diversity,mechanism.anti_uav410.load_8.candidate_after_diversity,ca_hmcd_external_baselines_analysis_20260917\holm_family_registry.csv,f4c228a40377443a704af5ad52470f36b9fea4e7fcb5cee181a09cf3d1e71d9b,public trajectory or preregistered composed workload; 30 stochastic seeds nested within each unit,2,CA-HMCD vs HiGHS-MILP;CA-HMCD vs Genetic-Algorithm,Holm step-down within metric and replay stratum,mechanism.anti_uav410.load_8.candidate_after_diversity,candidate mechanism,,anti_uav410,8,,,,2,,,,Holm step-down within metric and replay stratum,candidate_after_diversity,CA-HMCD vs HiGHS-MILP;CA-HMCD vs Genetic-Algorithm
external_full_candidate_baselines::family::034,external_full_candidate_baselines,external_full_candidate_baselines::mechanism.anti_uav410.load_8.candidate_feasible_before_dominance,mechanism.anti_uav410.load_8.candidate_feasible_before_dominance,ca_hmcd_external_baselines_analysis_20260917\holm_family_registry.csv,f4c228a40377443a704af5ad52470f36b9fea4e7fcb5cee181a09cf3d1e71d9b,public trajectory or preregistered composed workload; 30 stochastic seeds nested within each unit,2,CA-HMCD vs HiGHS-MILP;CA-HMCD vs Genetic-Algorithm,Holm step-down within metric and replay stratum,mechanism.anti_uav410.load_8.candidate_feasible_before_dominance,candidate mechanism,,anti_uav410,8,,,,2,,,,Holm step-down within metric and replay stratum,candidate_feasible_before_dominance,CA-HMCD vs HiGHS-MILP;CA-HMCD vs Genetic-Algorithm
external_full_candidate_baselines::family::035,external_full_candidate_baselines,external_full_candidate_baselines::mechanism.anti_uav410.load_8.nodes,mechanism.anti_uav410.load_8.nodes,ca_hmcd_external_baselines_analysis_20260917\holm_family_registry.csv,f4c228a40377443a704af5ad52470f36b9fea4e7fcb5cee181a09cf3d1e71d9b,public trajectory or preregistered composed workload; 30 stochastic seeds nested within each unit,2,CA-HMCD vs HiGHS-MILP;CA-HMCD vs Genetic-Algorithm,Holm step-down within metric and replay stratum,mechanism.anti_uav410.load_8.nodes,candidate mechanism,,anti_uav410,8,,,,2,,,,Holm step-down within metric and replay stratum,nodes,CA-HMCD vs HiGHS-MILP;CA-HMCD vs Genetic-Algorithm
external_full_candidate_baselines::family::036,external_full_candidate_baselines,external_full_candidate_baselines::mechanism.anti_uav410.load_8.repair_applied,mechanism.anti_uav410.load_8.repair_applied,ca_hmcd_external_baselines_analysis_20260917\holm_family_registry.csv,f4c228a40377443a704af5ad52470f36b9fea4e7fcb5cee181a09cf3d1e71d9b,public trajectory or preregistered composed workload; 30 stochastic seeds nested within each unit,2,CA-HMCD vs HiGHS-MILP;CA-HMCD vs Genetic-Algorithm,Holm step-down within metric and replay stratum,mechanism.anti_uav410.load_8.repair_applied,candidate mechanism,,anti_uav410,8,,,,2,,,,Holm step-down within metric and replay stratum,repair_applied,CA-HMCD vs HiGHS-MILP;CA-HMCD vs Genetic-Algorithm
external_full_candidate_baselines::family::037,external_full_candidate_baselines,external_full_candidate_baselines::mechanism.uzh_fpv.load_1.candidate_after_diversity,mechanism.uzh_fpv.load_1.candidate_after_diversity,ca_hmcd_external_baselines_analysis_20260917\holm_family_registry.csv,f4c228a40377443a704af5ad52470f36b9fea4e7fcb5cee181a09cf3d1e71d9b,public trajectory or preregistered composed workload; 30 stochastic seeds nested within each unit,2,CA-HMCD vs HiGHS-MILP;CA-HMCD vs Genetic-Algorithm,Holm step-down within metric and replay stratum,mechanism.uzh_fpv.load_1.candidate_after_diversity,candidate mechanism,,uzh_fpv,1,,,,2,,,,Holm step-down within metric and replay stratum,candidate_after_diversity,CA-HMCD vs HiGHS-MILP;CA-HMCD vs Genetic-Algorithm
external_full_candidate_baselines::family::038,external_full_candidate_baselines,external_full_candidate_baselines::mechanism.uzh_fpv.load_1.candidate_feasible_before_dominance,mechanism.uzh_fpv.load_1.candidate_feasible_before_dominance,ca_hmcd_external_baselines_analysis_20260917\holm_family_registry.csv,f4c228a40377443a704af5ad52470f36b9fea4e7fcb5cee181a09cf3d1e71d9b,public trajectory or preregistered composed workload; 30 stochastic seeds nested within each unit,2,CA-HMCD vs HiGHS-MILP;CA-HMCD vs Genetic-Algorithm,Holm step-down within metric and replay stratum,mechanism.uzh_fpv.load_1.candidate_feasible_before_dominance,candidate mechanism,,uzh_fpv,1,,,,2,,,,Holm step-down within metric and replay stratum,candidate_feasible_before_dominance,CA-HMCD vs HiGHS-MILP;CA-HMCD vs Genetic-Algorithm
external_full_candidate_baselines::family::039,external_full_candidate_baselines,external_full_candidate_baselines::mechanism.uzh_fpv.load_1.nodes,mechanism.uzh_fpv.load_1.nodes,ca_hmcd_external_baselines_analysis_20260917\holm_family_registry.csv,f4c228a40377443a704af5ad52470f36b9fea4e7fcb5cee181a09cf3d1e71d9b,public trajectory or preregistered composed workload; 30 stochastic seeds nested within each unit,2,CA-HMCD vs HiGHS-MILP;CA-HMCD vs Genetic-Algorithm,Holm step-down within metric and replay stratum,mechanism.uzh_fpv.load_1.nodes,candidate mechanism,,uzh_fpv,1,,,,2,,,,Holm step-down within metric and replay stratum,nodes,CA-HMCD vs HiGHS-MILP;CA-HMCD vs Genetic-Algorithm
external_full_candidate_baselines::family::040,external_full_candidate_baselines,external_full_candidate_baselines::mechanism.uzh_fpv.load_1.repair_applied,mechanism.uzh_fpv.load_1.repair_applied,ca_hmcd_external_baselines_analysis_20260917\holm_family_registry.csv,f4c228a40377443a704af5ad52470f36b9fea4e7fcb5cee181a09cf3d1e71d9b,public trajectory or preregistered composed workload; 30 stochastic seeds nested within each unit,2,CA-HMCD vs HiGHS-MILP;CA-HMCD vs Genetic-Algorithm,Holm step-down within metric and replay stratum,mechanism.uzh_fpv.load_1.repair_applied,candidate mechanism,,uzh_fpv,1,,,,2,,,,Holm step-down within metric and replay stratum,repair_applied,CA-HMCD vs HiGHS-MILP;CA-HMCD vs Genetic-Algorithm
external_full_candidate_baselines::family::041,external_full_candidate_baselines,external_full_candidate_baselines::performance.anti_uav410.load_2.common_task_response_time,performance.anti_uav410.load_2.common_task_response_time,ca_hmcd_external_baselines_analysis_20260917\holm_family_registry.csv,f4c228a40377443a704af5ad52470f36b9fea4e7fcb5cee181a09cf3d1e71d9b,public trajectory or preregistered composed workload; 30 stochastic seeds nested within each unit,2,CA-HMCD vs HiGHS-MILP;CA-HMCD vs Genetic-Algorithm,Holm step-down within metric and replay stratum,performance.anti_uav410.load_2.common_task_response_time,primary performance,,anti_uav410,2,,,,2,,,,Holm step-down within metric and replay stratum,common_task_response_time,CA-HMCD vs HiGHS-MILP;CA-HMCD vs Genetic-Algorithm
external_full_candidate_baselines::family::042,external_full_candidate_baselines,external_full_candidate_baselines::performance.anti_uav410.load_2.external_objective,performance.anti_uav410.load_2.external_objective,ca_hmcd_external_baselines_analysis_20260917\holm_family_registry.csv,f4c228a40377443a704af5ad52470f36b9fea4e7fcb5cee181a09cf3d1e71d9b,public trajectory or preregistered composed workload; 30 stochastic seeds nested within each unit,2,CA-HMCD vs HiGHS-MILP;CA-HMCD vs Genetic-Algorithm,Holm step-down within metric and replay stratum,performance.anti_uav410.load_2.external_objective,primary performance,,anti_uav410,2,,,,2,,,,Holm step-down within metric and replay stratum,external_objective,CA-HMCD vs HiGHS-MILP;CA-HMCD vs Genetic-Algorithm
external_full_candidate_baselines::family::043,external_full_candidate_baselines,external_full_candidate_baselines::performance.anti_uav410.load_2.independent_coverage,performance.anti_uav410.load_2.independent_coverage,ca_hmcd_external_baselines_analysis_20260917\holm_family_registry.csv,f4c228a40377443a704af5ad52470f36b9fea4e7fcb5cee181a09cf3d1e71d9b,public trajectory or preregistered composed workload; 30 stochastic seeds nested within each unit,2,CA-HMCD vs HiGHS-MILP;CA-HMCD vs Genetic-Algorithm,Holm step-down within metric and replay stratum,performance.anti_uav410.load_2.independent_coverage,primary performance,,anti_uav410,2,,,,2,,,,Holm step-down within metric and replay stratum,independent_coverage,CA-HMCD vs HiGHS-MILP;CA-HMCD vs Genetic-Algorithm
external_full_candidate_baselines::family::044,external_full_candidate_baselines,external_full_candidate_baselines::performance.anti_uav410.load_2.independent_service_score,performance.anti_uav410.load_2.independent_service_score,ca_hmcd_external_baselines_analysis_20260917\holm_family_registry.csv,f4c228a40377443a704af5ad52470f36b9fea4e7fcb5cee181a09cf3d1e71d9b,public trajectory or preregistered composed workload; 30 stochastic seeds nested within each unit,2,CA-HMCD vs HiGHS-MILP;CA-HMCD vs Genetic-Algorithm,Holm step-down within metric and replay stratum,performance.anti_uav410.load_2.independent_service_score,primary performance,,anti_uav410,2,,,,2,,,,Holm step-down within metric and replay stratum,independent_service_score,CA-HMCD vs HiGHS-MILP;CA-HMCD vs Genetic-Algorithm
external_full_candidate_baselines::family::045,external_full_candidate_baselines,external_full_candidate_baselines::performance.anti_uav410.load_4.common_task_response_time,performance.anti_uav410.load_4.common_task_response_time,ca_hmcd_external_baselines_analysis_20260917\holm_family_registry.csv,f4c228a40377443a704af5ad52470f36b9fea4e7fcb5cee181a09cf3d1e71d9b,public trajectory or preregistered composed workload; 30 stochastic seeds nested within each unit,2,CA-HMCD vs HiGHS-MILP;CA-HMCD vs Genetic-Algorithm,Holm step-down within metric and replay stratum,performance.anti_uav410.load_4.common_task_response_time,primary performance,,anti_uav410,4,,,,2,,,,Holm step-down within metric and replay stratum,common_task_response_time,CA-HMCD vs HiGHS-MILP;CA-HMCD vs Genetic-Algorithm
external_full_candidate_baselines::family::046,external_full_candidate_baselines,external_full_candidate_baselines::performance.anti_uav410.load_4.external_objective,performance.anti_uav410.load_4.external_objective,ca_hmcd_external_baselines_analysis_20260917\holm_family_registry.csv,f4c228a40377443a704af5ad52470f36b9fea4e7fcb5cee181a09cf3d1e71d9b,public trajectory or preregistered composed workload; 30 stochastic seeds nested within each unit,2,CA-HMCD vs HiGHS-MILP;CA-HMCD vs Genetic-Algorithm,Holm step-down within metric and replay stratum,performance.anti_uav410.load_4.external_objective,primary performance,,anti_uav410,4,,,,2,,,,Holm step-down within metric and replay stratum,external_objective,CA-HMCD vs HiGHS-MILP;CA-HMCD vs Genetic-Algorithm
external_full_candidate_baselines::family::047,external_full_candidate_baselines,external_full_candidate_baselines::performance.anti_uav410.load_4.independent_coverage,performance.anti_uav410.load_4.independent_coverage,ca_hmcd_external_baselines_analysis_20260917\holm_family_registry.csv,f4c228a40377443a704af5ad52470f36b9fea4e7fcb5cee181a09cf3d1e71d9b,public trajectory or preregistered composed workload; 30 stochastic seeds nested within each unit,2,CA-HMCD vs HiGHS-MILP;CA-HMCD vs Genetic-Algorithm,Holm step-down within metric and replay stratum,performance.anti_uav410.load_4.independent_coverage,primary performance,,anti_uav410,4,,,,2,,,,Holm step-down within metric and replay stratum,independent_coverage,CA-HMCD vs HiGHS-MILP;CA-HMCD vs Genetic-Algorithm
external_full_candidate_baselines::family::048,external_full_candidate_baselines,external_full_candidate_baselines::performance.anti_uav410.load_4.independent_service_score,performance.anti_uav410.load_4.independent_service_score,ca_hmcd_external_baselines_analysis_20260917\holm_family_registry.csv,f4c228a40377443a704af5ad52470f36b9fea4e7fcb5cee181a09cf3d1e71d9b,public trajectory or preregistered composed workload; 30 stochastic seeds nested within each unit,2,CA-HMCD vs HiGHS-MILP;CA-HMCD vs Genetic-Algorithm,Holm step-down within metric and replay stratum,performance.anti_uav410.load_4.independent_service_score,primary performance,,anti_uav410,4,,,,2,,,,Holm step-down within metric and replay stratum,independent_service_score,CA-HMCD vs HiGHS-MILP;CA-HMCD vs Genetic-Algorithm
external_full_candidate_baselines::family::049,external_full_candidate_baselines,external_full_candidate_baselines::performance.anti_uav410.load_6.common_task_response_time,performance.anti_uav410.load_6.common_task_response_time,ca_hmcd_external_baselines_analysis_20260917\holm_family_registry.csv,f4c228a40377443a704af5ad52470f36b9fea4e7fcb5cee181a09cf3d1e71d9b,public trajectory or preregistered composed workload; 30 stochastic seeds nested within each unit,2,CA-HMCD vs HiGHS-MILP;CA-HMCD vs Genetic-Algorithm,Holm step-down within metric and replay stratum,performance.anti_uav410.load_6.common_task_response_time,primary performance,,anti_uav410,6,,,,2,,,,Holm step-down within metric and replay stratum,common_task_response_time,CA-HMCD vs HiGHS-MILP;CA-HMCD vs Genetic-Algorithm
external_full_candidate_baselines::family::050,external_full_candidate_baselines,external_full_candidate_baselines::performance.anti_uav410.load_6.external_objective,performance.anti_uav410.load_6.external_objective,ca_hmcd_external_baselines_analysis_20260917\holm_family_registry.csv,f4c228a40377443a704af5ad52470f36b9fea4e7fcb5cee181a09cf3d1e71d9b,public trajectory or preregistered composed workload; 30 stochastic seeds nested within each unit,2,CA-HMCD vs HiGHS-MILP;CA-HMCD vs Genetic-Algorithm,Holm step-down within metric and replay stratum,performance.anti_uav410.load_6.external_objective,primary performance,,anti_uav410,6,,,,2,,,,Holm step-down within metric and replay stratum,external_objective,CA-HMCD vs HiGHS-MILP;CA-HMCD vs Genetic-Algorithm
external_full_candidate_baselines::family::051,external_full_candidate_baselines,external_full_candidate_baselines::performance.anti_uav410.load_6.independent_coverage,performance.anti_uav410.load_6.independent_coverage,ca_hmcd_external_baselines_analysis_20260917\holm_family_registry.csv,f4c228a40377443a704af5ad52470f36b9fea4e7fcb5cee181a09cf3d1e71d9b,public trajectory or preregistered composed workload; 30 stochastic seeds nested within each unit,2,CA-HMCD vs HiGHS-MILP;CA-HMCD vs Genetic-Algorithm,Holm step-down within metric and replay stratum,performance.anti_uav410.load_6.independent_coverage,primary performance,,anti_uav410,6,,,,2,,,,Holm step-down within metric and replay stratum,independent_coverage,CA-HMCD vs HiGHS-MILP;CA-HMCD vs Genetic-Algorithm
external_full_candidate_baselines::family::052,external_full_candidate_baselines,external_full_candidate_baselines::performance.anti_uav410.load_6.independent_service_score,performance.anti_uav410.load_6.independent_service_score,ca_hmcd_external_baselines_analysis_20260917\holm_family_registry.csv,f4c228a40377443a704af5ad52470f36b9fea4e7fcb5cee181a09cf3d1e71d9b,public trajectory or preregistered composed workload; 30 stochastic seeds nested within each unit,2,CA-HMCD vs HiGHS-MILP;CA-HMCD vs Genetic-Algorithm,Holm step-down within metric and replay stratum,performance.anti_uav410.load_6.independent_service_score,primary performance,,anti_uav410,6,,,,2,,,,Holm step-down within metric and replay stratum,independent_service_score,CA-HMCD vs HiGHS-MILP;CA-HMCD vs Genetic-Algorithm
external_full_candidate_baselines::family::053,external_full_candidate_baselines,external_full_candidate_baselines::performance.anti_uav410.load_8.common_task_response_time,performance.anti_uav410.load_8.common_task_response_time,ca_hmcd_external_baselines_analysis_20260917\holm_family_registry.csv,f4c228a40377443a704af5ad52470f36b9fea4e7fcb5cee181a09cf3d1e71d9b,public trajectory or preregistered composed workload; 30 stochastic seeds nested within each unit,2,CA-HMCD vs HiGHS-MILP;CA-HMCD vs Genetic-Algorithm,Holm step-down within metric and replay stratum,performance.anti_uav410.load_8.common_task_response_time,primary performance,,anti_uav410,8,,,,2,,,,Holm step-down within metric and replay stratum,common_task_response_time,CA-HMCD vs HiGHS-MILP;CA-HMCD vs Genetic-Algorithm
external_full_candidate_baselines::family::054,external_full_candidate_baselines,external_full_candidate_baselines::performance.anti_uav410.load_8.external_objective,performance.anti_uav410.load_8.external_objective,ca_hmcd_external_baselines_analysis_20260917\holm_family_registry.csv,f4c228a40377443a704af5ad52470f36b9fea4e7fcb5cee181a09cf3d1e71d9b,public trajectory or preregistered composed workload; 30 stochastic seeds nested within each unit,2,CA-HMCD vs HiGHS-MILP;CA-HMCD vs Genetic-Algorithm,Holm step-down within metric and replay stratum,performance.anti_uav410.load_8.external_objective,primary performance,,anti_uav410,8,,,,2,,,,Holm step-down within metric and replay stratum,external_objective,CA-HMCD vs HiGHS-MILP;CA-HMCD vs Genetic-Algorithm
external_full_candidate_baselines::family::055,external_full_candidate_baselines,external_full_candidate_baselines::performance.anti_uav410.load_8.independent_coverage,performance.anti_uav410.load_8.independent_coverage,ca_hmcd_external_baselines_analysis_20260917\holm_family_registry.csv,f4c228a40377443a704af5ad52470f36b9fea4e7fcb5cee181a09cf3d1e71d9b,public trajectory or preregistered composed workload; 30 stochastic seeds nested within each unit,2,CA-HMCD vs HiGHS-MILP;CA-HMCD vs Genetic-Algorithm,Holm step-down within metric and replay stratum,performance.anti_uav410.load_8.independent_coverage,primary performance,,anti_uav410,8,,,,2,,,,Holm step-down within metric and replay stratum,independent_coverage,CA-HMCD vs HiGHS-MILP;CA-HMCD vs Genetic-Algorithm
external_full_candidate_baselines::family::056,external_full_candidate_baselines,external_full_candidate_baselines::performance.anti_uav410.load_8.independent_service_score,performance.anti_uav410.load_8.independent_service_score,ca_hmcd_external_baselines_analysis_20260917\holm_family_registry.csv,f4c228a40377443a704af5ad52470f36b9fea4e7fcb5cee181a09cf3d1e71d9b,public trajectory or preregistered composed workload; 30 stochastic seeds nested within each unit,2,CA-HMCD vs HiGHS-MILP;CA-HMCD vs Genetic-Algorithm,Holm step-down within metric and replay stratum,performance.anti_uav410.load_8.independent_service_score,primary performance,,anti_uav410,8,,,,2,,,,Holm step-down within metric and replay stratum,independent_service_score,CA-HMCD vs HiGHS-MILP;CA-HMCD vs Genetic-Algorithm
external_full_candidate_baselines::family::057,external_full_candidate_baselines,external_full_candidate_baselines::performance.uzh_fpv.load_1.common_task_response_time,performance.uzh_fpv.load_1.common_task_response_time,ca_hmcd_external_baselines_analysis_20260917\holm_family_registry.csv,f4c228a40377443a704af5ad52470f36b9fea4e7fcb5cee181a09cf3d1e71d9b,public trajectory or preregistered composed workload; 30 stochastic seeds nested within each unit,2,CA-HMCD vs HiGHS-MILP;CA-HMCD vs Genetic-Algorithm,Holm step-down within metric and replay stratum,performance.uzh_fpv.load_1.common_task_response_time,primary performance,,uzh_fpv,1,,,,2,,,,Holm step-down within metric and replay stratum,common_task_response_time,CA-HMCD vs HiGHS-MILP;CA-HMCD vs Genetic-Algorithm
external_full_candidate_baselines::family::058,external_full_candidate_baselines,external_full_candidate_baselines::performance.uzh_fpv.load_1.external_objective,performance.uzh_fpv.load_1.external_objective,ca_hmcd_external_baselines_analysis_20260917\holm_family_registry.csv,f4c228a40377443a704af5ad52470f36b9fea4e7fcb5cee181a09cf3d1e71d9b,public trajectory or preregistered composed workload; 30 stochastic seeds nested within each unit,2,CA-HMCD vs HiGHS-MILP;CA-HMCD vs Genetic-Algorithm,Holm step-down within metric and replay stratum,performance.uzh_fpv.load_1.external_objective,primary performance,,uzh_fpv,1,,,,2,,,,Holm step-down within metric and replay stratum,external_objective,CA-HMCD vs HiGHS-MILP;CA-HMCD vs Genetic-Algorithm
external_full_candidate_baselines::family::059,external_full_candidate_baselines,external_full_candidate_baselines::performance.uzh_fpv.load_1.independent_coverage,performance.uzh_fpv.load_1.independent_coverage,ca_hmcd_external_baselines_analysis_20260917\holm_family_registry.csv,f4c228a40377443a704af5ad52470f36b9fea4e7fcb5cee181a09cf3d1e71d9b,public trajectory or preregistered composed workload; 30 stochastic seeds nested within each unit,2,CA-HMCD vs HiGHS-MILP;CA-HMCD vs Genetic-Algorithm,Holm step-down within metric and replay stratum,performance.uzh_fpv.load_1.independent_coverage,primary performance,,uzh_fpv,1,,,,2,,,,Holm step-down within metric and replay stratum,independent_coverage,CA-HMCD vs HiGHS-MILP;CA-HMCD vs Genetic-Algorithm
external_full_candidate_baselines::family::060,external_full_candidate_baselines,external_full_candidate_baselines::performance.uzh_fpv.load_1.independent_service_score,performance.uzh_fpv.load_1.independent_service_score,ca_hmcd_external_baselines_analysis_20260917\holm_family_registry.csv,f4c228a40377443a704af5ad52470f36b9fea4e7fcb5cee181a09cf3d1e71d9b,public trajectory or preregistered composed workload; 30 stochastic seeds nested within each unit,2,CA-HMCD vs HiGHS-MILP;CA-HMCD vs Genetic-Algorithm,Holm step-down within metric and replay stratum,performance.uzh_fpv.load_1.independent_service_score,primary performance,,uzh_fpv,1,,,,2,,,,Holm step-down within metric and replay stratum,independent_service_score,CA-HMCD vs HiGHS-MILP;CA-HMCD vs Genetic-Algorithm
parameter_robustness::family::001,parameter_robustness,parameter_robustness::parameter_robustness.alpha_cost.independent_service_score,parameter_robustness.alpha_cost.independent_service_score,ca_hmcd_parameter_robustness_analysis_20260917\holm_family_registry_6.csv,0350dd35860e4d7f8d6d501b840490d1bba2debb79c414be8101d2a9dfafee40,one complete seeded simulation trajectory,6,alpha_cost=0.06: CA-HMCD vs External-Auction; alpha_cost=0.06: CA-HMCD vs Greedy; alpha_cost=0.12: CA-HMCD vs External-Auction; alpha_cost=0.12: CA-HMCD vs Greedy; alpha_cost=0.24: CA-HMCD vs External-Auction; alpha_cost=0.24: CA-HMCD vs Greedy,"Holm step-down, two-sided family-wise alpha=0.05",parameter_robustness.alpha_cost.independent_service_score,parameter robustness,independent_service_score,,,,one complete seeded simulation trajectory,All three registered alpha_cost levels and both comparators within one six-member family.,6,alpha_cost=0.06: CA-HMCD vs External-Auction; alpha_cost=0.06: CA-HMCD vs Greedy; alpha_cost=0.12: CA-HMCD vs External-Auction; alpha_cost=0.12: CA-HMCD vs Greedy; alpha_cost=0.24: CA-HMCD vs External-Auction; alpha_cost=0.24: CA-HMCD vs Greedy,"Holm step-down, two-sided family-wise alpha=0.05",,,,
parameter_robustness::family::002,parameter_robustness,parameter_robustness::parameter_robustness.beta_time.independent_service_score,parameter_robustness.beta_time.independent_service_score,ca_hmcd_parameter_robustness_analysis_20260917\holm_family_registry_6.csv,0350dd35860e4d7f8d6d501b840490d1bba2debb79c414be8101d2a9dfafee40,one complete seeded simulation trajectory,6,beta_time=0.04: CA-HMCD vs External-Auction; beta_time=0.04: CA-HMCD vs Greedy; beta_time=0.08: CA-HMCD vs External-Auction; beta_time=0.08: CA-HMCD vs Greedy; beta_time=0.16: CA-HMCD vs External-Auction; beta_time=0.16: CA-HMCD vs Greedy,"Holm step-down, two-sided family-wise alpha=0.05",parameter_robustness.beta_time.independent_service_score,parameter robustness,independent_service_score,,,,one complete seeded simulation trajectory,All three registered beta_time levels and both comparators within one six-member family.,6,beta_time=0.04: CA-HMCD vs External-Auction; beta_time=0.04: CA-HMCD vs Greedy; beta_time=0.08: CA-HMCD vs External-Auction; beta_time=0.08: CA-HMCD vs Greedy; beta_time=0.16: CA-HMCD vs External-Auction; beta_time=0.16: CA-HMCD vs Greedy,"Holm step-down, two-sided family-wise alpha=0.05",,,,
parameter_robustness::family::003,parameter_robustness,parameter_robustness::parameter_robustness.gamma_unserved.independent_service_score,parameter_robustness.gamma_unserved.independent_service_score,ca_hmcd_parameter_robustness_analysis_20260917\holm_family_registry_6.csv,0350dd35860e4d7f8d6d501b840490d1bba2debb79c414be8101d2a9dfafee40,one complete seeded simulation trajectory,6,gamma_unserved=0.1: CA-HMCD vs External-Auction; gamma_unserved=0.1: CA-HMCD vs Greedy; gamma_unserved=0.2: CA-HMCD vs External-Auction; gamma_unserved=0.2: CA-HMCD vs Greedy; gamma_unserved=0.4: CA-HMCD vs External-Auction; gamma_unserved=0.4: CA-HMCD vs Greedy,"Holm step-down, two-sided family-wise alpha=0.05",parameter_robustness.gamma_unserved.independent_service_score,parameter robustness,independent_service_score,,,,one complete seeded simulation trajectory,All three registered gamma_unserved levels and both comparators within one six-member family.,6,gamma_unserved=0.1: CA-HMCD vs External-Auction; gamma_unserved=0.1: CA-HMCD vs Greedy; gamma_unserved=0.2: CA-HMCD vs External-Auction; gamma_unserved=0.2: CA-HMCD vs Greedy; gamma_unserved=0.4: CA-HMCD vs External-Auction; gamma_unserved=0.4: CA-HMCD vs Greedy,"Holm step-down, two-sided family-wise alpha=0.05",,,,
parameter_robustness::family::004,parameter_robustness,parameter_robustness::parameter_robustness.lambda_redundancy.independent_service_score,parameter_robustness.lambda_redundancy.independent_service_score,ca_hmcd_parameter_robustness_analysis_20260917\holm_family_registry_6.csv,0350dd35860e4d7f8d6d501b840490d1bba2debb79c414be8101d2a9dfafee40,one complete seeded simulation trajectory,6,lambda_redundancy=0.06: CA-HMCD vs External-Auction; lambda_redundancy=0.06: CA-HMCD vs Greedy; lambda_redundancy=0.12: CA-HMCD vs External-Auction; lambda_redundancy=0.12: CA-HMCD vs Greedy; lambda_redundancy=0.24: CA-HMCD vs External-Auction; lambda_redundancy=0.24: CA-HMCD vs Greedy,"Holm step-down, two-sided family-wise alpha=0.05",parameter_robustness.lambda_redundancy.independent_service_score,parameter robustness,independent_service_score,,,,one complete seeded simulation trajectory,All three registered lambda_redundancy levels and both comparators within one six-member family.,6,lambda_redundancy=0.06: CA-HMCD vs External-Auction; lambda_redundancy=0.06: CA-HMCD vs Greedy; lambda_redundancy=0.12: CA-HMCD vs External-Auction; lambda_redundancy=0.12: CA-HMCD vs Greedy; lambda_redundancy=0.24: CA-HMCD vs External-Auction; lambda_redundancy=0.24: CA-HMCD vs Greedy,"Holm step-down, two-sided family-wise alpha=0.05",,,,
parameter_robustness::family::005,parameter_robustness,parameter_robustness::parameter_robustness.lambda_switch.independent_service_score,parameter_robustness.lambda_switch.independent_service_score,ca_hmcd_parameter_robustness_analysis_20260917\holm_family_registry_6.csv,0350dd35860e4d7f8d6d501b840490d1bba2debb79c414be8101d2a9dfafee40,one complete seeded simulation trajectory,6,lambda_switch=0.05: CA-HMCD vs External-Auction; lambda_switch=0.05: CA-HMCD vs Greedy; lambda_switch=0.1: CA-HMCD vs External-Auction; lambda_switch=0.1: CA-HMCD vs Greedy; lambda_switch=0.2: CA-HMCD vs External-Auction; lambda_switch=0.2: CA-HMCD vs Greedy,"Holm step-down, two-sided family-wise alpha=0.05",parameter_robustness.lambda_switch.independent_service_score,parameter robustness,independent_service_score,,,,one complete seeded simulation trajectory,All three registered lambda_switch levels and both comparators within one six-member family.,6,lambda_switch=0.05: CA-HMCD vs External-Auction; lambda_switch=0.05: CA-HMCD vs Greedy; lambda_switch=0.1: CA-HMCD vs External-Auction; lambda_switch=0.1: CA-HMCD vs Greedy; lambda_switch=0.2: CA-HMCD vs External-Auction; lambda_switch=0.2: CA-HMCD vs Greedy,"Holm step-down, two-sided family-wise alpha=0.05",,,,
parameter_robustness::family::006,parameter_robustness,parameter_robustness::parameter_robustness.synergy_scale.independent_service_score,parameter_robustness.synergy_scale.independent_service_score,ca_hmcd_parameter_robustness_analysis_20260917\holm_family_registry_6.csv,0350dd35860e4d7f8d6d501b840490d1bba2debb79c414be8101d2a9dfafee40,one complete seeded simulation trajectory,6,synergy_scale=0.5: CA-HMCD vs External-Auction; synergy_scale=0.5: CA-HMCD vs Greedy; synergy_scale=1: CA-HMCD vs External-Auction; synergy_scale=1: CA-HMCD vs Greedy; synergy_scale=1.5: CA-HMCD vs External-Auction; synergy_scale=1.5: CA-HMCD vs Greedy,"Holm step-down, two-sided family-wise alpha=0.05",parameter_robustness.synergy_scale.independent_service_score,parameter robustness,independent_service_score,,,,one complete seeded simulation trajectory,All three registered synergy_scale levels and both comparators within one six-member family.,6,synergy_scale=0.5: CA-HMCD vs External-Auction; synergy_scale=0.5: CA-HMCD vs Greedy; synergy_scale=1: CA-HMCD vs External-Auction; synergy_scale=1: CA-HMCD vs Greedy; synergy_scale=1.5: CA-HMCD vs External-Auction; synergy_scale=1.5: CA-HMCD vs Greedy,"Holm step-down, two-sided family-wise alpha=0.05",,,,
