registry_record_id,evidence_block,registry_family_id,original_family_id,source_file,source_file_sha256,independent_unit_normalized,n_independent_units_normalized,nested_repeats_normalized,comparison_normalized,metric_normalized,method_a_normalized,method_b_normalized,mean_difference_normalized,ci95_low_normalized,ci95_high_normalized,p_unadjusted_normalized,p_holm_adjusted_normalized,cohen_dz_normalized,rank_biserial_normalized,win_rate_favorable_normalized,significant_after_holm_0_05_normalized,source__family_id,source__section,source__comparison,source__metric,source__method_a,source__method_b,source__favorable_direction_for_method_a,source__dataset,source__task_load,source__stratum_id,source__stratum_label,source__independent_unit,source__n_independent_cluster_pairs,source__nested_seeds_per_cluster,source__method_a_mean,source__method_b_mean,source__mean_difference_a_minus_b,source__mean_difference_ci95_low,source__mean_difference_ci95_high,source__ci_estimand,source__ci_method,source__wilcoxon_w,source__p_value_test,source__p_unadjusted,source__p_holm_adjusted,source__cohen_dz,source__rank_biserial,source__win_rate_favorable_to_method_a,source__cluster_ids,source__holm_family_size,source__significant_after_holm_0_05,source__common_task_periods_total,source__clusters_with_missing_common_task_seeds,source__n_independent_seed_pairs,source__win_rate,source__model_version,source__parameter,source__level,source__nested_decision_periods
primary_public_replay::0001,primary_public_replay,primary_public_replay::primary_performance.external_objective.anti_uav410.load_2,primary_performance.external_objective.anti_uav410.load_2,ca_hmcd_stage5_statistics_20260916\all_cluster_paired_statistics.csv,b47b91f5459632ccb3f7d8e3eba394e6109e41e6803665c7d15b1549d7e8bdd9,public trajectory or preregistered composed workload; 30 stochastic seeds nested within each unit,10,30,CA-HMCD vs Greedy,external_objective,CA-HMCD,Greedy,0.001160355,-0.0002113713,0.0037720964,0.4609375,0.75,0.3770796552,0.3333333333,0.6,False,primary_performance.external_objective.anti_uav410.load_2,primary performance,CA-HMCD vs Greedy,external_objective,CA-HMCD,Greedy,higher,anti_uav410,2,anti_uav410.load_2,Anti-UAV410 load 2,public trajectory or preregistered composed workload,10,30,0.0528106711,0.0516503161,0.001160355,-0.0002113713,0.0037720964,mean paired difference across independent clusters,"BCa paired cluster bootstrap, 10000 resamples",12.0,two-sided paired Wilcoxon signed-rank test,0.4609375,0.75,0.3770796552,0.3333333333,0.6,AU-L02-W01;AU-L02-W02;AU-L02-W03;AU-L02-W04;AU-L02-W05;AU-L02-W06;AU-L02-W07;AU-L02-W08;AU-L02-W09;AU-L02-W10,5,False,,,,,,,,
primary_public_replay::0002,primary_public_replay,primary_public_replay::primary_performance.external_objective.anti_uav410.load_2,primary_performance.external_objective.anti_uav410.load_2,ca_hmcd_stage5_statistics_20260916\all_cluster_paired_statistics.csv,b47b91f5459632ccb3f7d8e3eba394e6109e41e6803665c7d15b1549d7e8bdd9,public trajectory or preregistered composed workload; 30 stochastic seeds nested within each unit,10,30,CA-HMCD vs External-Auction,external_objective,CA-HMCD,External-Auction,0.0027911486,-0.000199935,0.0095695367,0.203125,0.609375,0.382219587,0.5111111111,0.75,False,primary_performance.external_objective.anti_uav410.load_2,primary performance,CA-HMCD vs External-Auction,external_objective,CA-HMCD,External-Auction,higher,anti_uav410,2,anti_uav410.load_2,Anti-UAV410 load 2,public trajectory or preregistered composed workload,10,30,0.0528106711,0.0500195225,0.0027911486,-0.000199935,0.0095695367,mean paired difference across independent clusters,"BCa paired cluster bootstrap, 10000 resamples",11.0,two-sided paired Wilcoxon signed-rank test,0.203125,0.609375,0.382219587,0.5111111111,0.75,AU-L02-W01;AU-L02-W02;AU-L02-W03;AU-L02-W04;AU-L02-W05;AU-L02-W06;AU-L02-W07;AU-L02-W08;AU-L02-W09;AU-L02-W10,5,False,,,,,,,,
primary_public_replay::0003,primary_public_replay,primary_public_replay::primary_performance.external_objective.anti_uav410.load_2,primary_performance.external_objective.anti_uav410.load_2,ca_hmcd_stage5_statistics_20260916\all_cluster_paired_statistics.csv,b47b91f5459632ccb3f7d8e3eba394e6109e41e6803665c7d15b1549d7e8bdd9,public trajectory or preregistered composed workload; 30 stochastic seeds nested within each unit,10,30,CA-HMCD vs No-Synergy,external_objective,CA-HMCD,No-Synergy,0.0004879214,0.0,0.0014594112,0.375,0.75,0.4473485633,0.6,0.6,False,primary_performance.external_objective.anti_uav410.load_2,primary performance,CA-HMCD vs No-Synergy,external_objective,CA-HMCD,No-Synergy,higher,anti_uav410,2,anti_uav410.load_2,Anti-UAV410 load 2,public trajectory or preregistered composed workload,10,30,0.0528106711,0.0523227497,0.0004879214,0.0,0.0014594112,mean paired difference across independent clusters,"BCa paired cluster bootstrap, 10000 resamples",2.0,two-sided paired Wilcoxon signed-rank test,0.375,0.75,0.4473485633,0.6,0.6,AU-L02-W01;AU-L02-W02;AU-L02-W03;AU-L02-W04;AU-L02-W05;AU-L02-W06;AU-L02-W07;AU-L02-W08;AU-L02-W09;AU-L02-W10,5,False,,,,,,,,
primary_public_replay::0004,primary_public_replay,primary_public_replay::primary_performance.external_objective.anti_uav410.load_2,primary_performance.external_objective.anti_uav410.load_2,ca_hmcd_stage5_statistics_20260916\all_cluster_paired_statistics.csv,b47b91f5459632ccb3f7d8e3eba394e6109e41e6803665c7d15b1549d7e8bdd9,public trajectory or preregistered composed workload; 30 stochastic seeds nested within each unit,10,30,CA-HMCD vs No-Stability,external_objective,CA-HMCD,No-Stability,0.1229493026,0.1044222317,0.1482447396,0.001953125,0.009765625,3.3751253358,1.0,1.0,True,primary_performance.external_objective.anti_uav410.load_2,primary performance,CA-HMCD vs No-Stability,external_objective,CA-HMCD,No-Stability,higher,anti_uav410,2,anti_uav410.load_2,Anti-UAV410 load 2,public trajectory or preregistered composed workload,10,30,0.0528106711,-0.0701386315,0.1229493026,0.1044222317,0.1482447396,mean paired difference across independent clusters,"BCa paired cluster bootstrap, 10000 resamples",0,two-sided paired Wilcoxon signed-rank test,0.001953125,0.009765625,3.3751253358,1.0,1.0,AU-L02-W01;AU-L02-W02;AU-L02-W03;AU-L02-W04;AU-L02-W05;AU-L02-W06;AU-L02-W07;AU-L02-W08;AU-L02-W09;AU-L02-W10,5,True,,,,,,,,
primary_public_replay::0005,primary_public_replay,primary_public_replay::primary_performance.external_objective.anti_uav410.load_2,primary_performance.external_objective.anti_uav410.load_2,ca_hmcd_stage5_statistics_20260916\all_cluster_paired_statistics.csv,b47b91f5459632ccb3f7d8e3eba394e6109e41e6803665c7d15b1549d7e8bdd9,public trajectory or preregistered composed workload; 30 stochastic seeds nested within each unit,10,30,CA-HMCD vs Random,external_objective,CA-HMCD,Random,0.2596377842,0.2164222258,0.2987055748,0.001953125,0.009765625,3.7064119888,1.0,1.0,True,primary_performance.external_objective.anti_uav410.load_2,primary performance,CA-HMCD vs Random,external_objective,CA-HMCD,Random,higher,anti_uav410,2,anti_uav410.load_2,Anti-UAV410 load 2,public trajectory or preregistered composed workload,10,30,0.0528106711,-0.2068271131,0.2596377842,0.2164222258,0.2987055748,mean paired difference across independent clusters,"BCa paired cluster bootstrap, 10000 resamples",0,two-sided paired Wilcoxon signed-rank test,0.001953125,0.009765625,3.7064119888,1.0,1.0,AU-L02-W01;AU-L02-W02;AU-L02-W03;AU-L02-W04;AU-L02-W05;AU-L02-W06;AU-L02-W07;AU-L02-W08;AU-L02-W09;AU-L02-W10,5,True,,,,,,,,
primary_public_replay::0006,primary_public_replay,primary_public_replay::primary_performance.independent_service_score.anti_uav410.load_2,primary_performance.independent_service_score.anti_uav410.load_2,ca_hmcd_stage5_statistics_20260916\all_cluster_paired_statistics.csv,b47b91f5459632ccb3f7d8e3eba394e6109e41e6803665c7d15b1549d7e8bdd9,public trajectory or preregistered composed workload; 30 stochastic seeds nested within each unit,10,30,CA-HMCD vs Greedy,independent_service_score,CA-HMCD,Greedy,-0.0019821049,-0.007725972,-0.0002719964,0.1953125,0.25,-0.4126172969,-0.5555555556,0.4,False,primary_performance.independent_service_score.anti_uav410.load_2,primary performance,CA-HMCD vs Greedy,independent_service_score,CA-HMCD,Greedy,higher,anti_uav410,2,anti_uav410.load_2,Anti-UAV410 load 2,public trajectory or preregistered composed workload,10,30,0.5519964607,0.5539785656,-0.0019821049,-0.007725972,-0.0002719964,mean paired difference across independent clusters,"BCa paired cluster bootstrap, 10000 resamples",8.0,two-sided paired Wilcoxon signed-rank test,0.1953125,0.25,-0.4126172969,-0.5555555556,0.4,AU-L02-W01;AU-L02-W02;AU-L02-W03;AU-L02-W04;AU-L02-W05;AU-L02-W06;AU-L02-W07;AU-L02-W08;AU-L02-W09;AU-L02-W10,5,False,,,,,,,,
primary_public_replay::0007,primary_public_replay,primary_public_replay::primary_performance.independent_service_score.anti_uav410.load_2,primary_performance.independent_service_score.anti_uav410.load_2,ca_hmcd_stage5_statistics_20260916\all_cluster_paired_statistics.csv,b47b91f5459632ccb3f7d8e3eba394e6109e41e6803665c7d15b1549d7e8bdd9,public trajectory or preregistered composed workload; 30 stochastic seeds nested within each unit,10,30,CA-HMCD vs External-Auction,independent_service_score,CA-HMCD,External-Auction,-0.0060875283,-0.0113165778,-0.0028963755,0.00390625,0.01171875,-0.8813017481,-1.0,0.05,True,primary_performance.independent_service_score.anti_uav410.load_2,primary performance,CA-HMCD vs External-Auction,independent_service_score,CA-HMCD,External-Auction,higher,anti_uav410,2,anti_uav410.load_2,Anti-UAV410 load 2,public trajectory or preregistered composed workload,10,30,0.5519964607,0.558083989,-0.0060875283,-0.0113165778,-0.0028963755,mean paired difference across independent clusters,"BCa paired cluster bootstrap, 10000 resamples",0,two-sided paired Wilcoxon signed-rank test,0.00390625,0.01171875,-0.8813017481,-1.0,0.05,AU-L02-W01;AU-L02-W02;AU-L02-W03;AU-L02-W04;AU-L02-W05;AU-L02-W06;AU-L02-W07;AU-L02-W08;AU-L02-W09;AU-L02-W10,5,True,,,,,,,,
primary_public_replay::0008,primary_public_replay,primary_public_replay::primary_performance.independent_service_score.anti_uav410.load_2,primary_performance.independent_service_score.anti_uav410.load_2,ca_hmcd_stage5_statistics_20260916\all_cluster_paired_statistics.csv,b47b91f5459632ccb3f7d8e3eba394e6109e41e6803665c7d15b1549d7e8bdd9,public trajectory or preregistered composed workload; 30 stochastic seeds nested within each unit,10,30,CA-HMCD vs No-Synergy,independent_service_score,CA-HMCD,No-Synergy,0.0009159037,4.18875e-05,0.0025585791,0.125,0.25,0.4892161911,1.0,0.7,False,primary_performance.independent_service_score.anti_uav410.load_2,primary performance,CA-HMCD vs No-Synergy,independent_service_score,CA-HMCD,No-Synergy,higher,anti_uav410,2,anti_uav410.load_2,Anti-UAV410 load 2,public trajectory or preregistered composed workload,10,30,0.5519964607,0.551080557,0.0009159037,4.18875e-05,0.0025585791,mean paired difference across independent clusters,"BCa paired cluster bootstrap, 10000 resamples",0,two-sided paired Wilcoxon signed-rank test,0.125,0.25,0.4892161911,1.0,0.7,AU-L02-W01;AU-L02-W02;AU-L02-W03;AU-L02-W04;AU-L02-W05;AU-L02-W06;AU-L02-W07;AU-L02-W08;AU-L02-W09;AU-L02-W10,5,False,,,,,,,,
primary_public_replay::0009,primary_public_replay,primary_public_replay::primary_performance.independent_service_score.anti_uav410.load_2,primary_performance.independent_service_score.anti_uav410.load_2,ca_hmcd_stage5_statistics_20260916\all_cluster_paired_statistics.csv,b47b91f5459632ccb3f7d8e3eba394e6109e41e6803665c7d15b1549d7e8bdd9,public trajectory or preregistered composed workload; 30 stochastic seeds nested within each unit,10,30,CA-HMCD vs No-Stability,independent_service_score,CA-HMCD,No-Stability,-0.1060094443,-0.1155169314,-0.0992195895,0.001953125,0.009765625,-7.738937752,-1.0,0.0,True,primary_performance.independent_service_score.anti_uav410.load_2,primary performance,CA-HMCD vs No-Stability,independent_service_score,CA-HMCD,No-Stability,higher,anti_uav410,2,anti_uav410.load_2,Anti-UAV410 load 2,public trajectory or preregistered composed workload,10,30,0.5519964607,0.658005905,-0.1060094443,-0.1155169314,-0.0992195895,mean paired difference across independent clusters,"BCa paired cluster bootstrap, 10000 resamples",0,two-sided paired Wilcoxon signed-rank test,0.001953125,0.009765625,-7.738937752,-1.0,0.0,AU-L02-W01;AU-L02-W02;AU-L02-W03;AU-L02-W04;AU-L02-W05;AU-L02-W06;AU-L02-W07;AU-L02-W08;AU-L02-W09;AU-L02-W10,5,True,,,,,,,,
primary_public_replay::0010,primary_public_replay,primary_public_replay::primary_performance.independent_service_score.anti_uav410.load_2,primary_performance.independent_service_score.anti_uav410.load_2,ca_hmcd_stage5_statistics_20260916\all_cluster_paired_statistics.csv,b47b91f5459632ccb3f7d8e3eba394e6109e41e6803665c7d15b1549d7e8bdd9,public trajectory or preregistered composed workload; 30 stochastic seeds nested within each unit,10,30,CA-HMCD vs Random,independent_service_score,CA-HMCD,Random,0.0819831198,0.0695377032,0.0901040202,0.001953125,0.009765625,4.7877619643,1.0,1.0,True,primary_performance.independent_service_score.anti_uav410.load_2,primary performance,CA-HMCD vs Random,independent_service_score,CA-HMCD,Random,higher,anti_uav410,2,anti_uav410.load_2,Anti-UAV410 load 2,public trajectory or preregistered composed workload,10,30,0.5519964607,0.4700133409,0.0819831198,0.0695377032,0.0901040202,mean paired difference across independent clusters,"BCa paired cluster bootstrap, 10000 resamples",0,two-sided paired Wilcoxon signed-rank test,0.001953125,0.009765625,4.7877619643,1.0,1.0,AU-L02-W01;AU-L02-W02;AU-L02-W03;AU-L02-W04;AU-L02-W05;AU-L02-W06;AU-L02-W07;AU-L02-W08;AU-L02-W09;AU-L02-W10,5,True,,,,,,,,
primary_public_replay::0011,primary_public_replay,primary_public_replay::primary_performance.independent_coverage.anti_uav410.load_2,primary_performance.independent_coverage.anti_uav410.load_2,ca_hmcd_stage5_statistics_20260916\all_cluster_paired_statistics.csv,b47b91f5459632ccb3f7d8e3eba394e6109e41e6803665c7d15b1549d7e8bdd9,public trajectory or preregistered composed workload; 30 stochastic seeds nested within each unit,10,30,CA-HMCD vs Greedy,independent_coverage,CA-HMCD,Greedy,0.0001388889,0.0,0.0006944444,1.0,1.0,0.316227766,1.0,0.55,False,primary_performance.independent_coverage.anti_uav410.load_2,primary performance,CA-HMCD vs Greedy,independent_coverage,CA-HMCD,Greedy,higher,anti_uav410,2,anti_uav410.load_2,Anti-UAV410 load 2,public trajectory or preregistered composed workload,10,30,0.8591666667,0.8590277778,0.0001388889,0.0,0.0006944444,mean paired difference across independent clusters,"BCa paired cluster bootstrap, 10000 resamples",0,two-sided paired Wilcoxon signed-rank test,1.0,1.0,0.316227766,1.0,0.55,AU-L02-W01;AU-L02-W02;AU-L02-W03;AU-L02-W04;AU-L02-W05;AU-L02-W06;AU-L02-W07;AU-L02-W08;AU-L02-W09;AU-L02-W10,5,False,,,,,,,,
primary_public_replay::0012,primary_public_replay,primary_public_replay::primary_performance.independent_coverage.anti_uav410.load_2,primary_performance.independent_coverage.anti_uav410.load_2,ca_hmcd_stage5_statistics_20260916\all_cluster_paired_statistics.csv,b47b91f5459632ccb3f7d8e3eba394e6109e41e6803665c7d15b1549d7e8bdd9,public trajectory or preregistered composed workload; 30 stochastic seeds nested within each unit,10,30,CA-HMCD vs External-Auction,independent_coverage,CA-HMCD,External-Auction,-0.0013888889,-0.0067916196,0.0,1.0,1.0,-0.316227766,-1.0,0.45,False,primary_performance.independent_coverage.anti_uav410.load_2,primary performance,CA-HMCD vs External-Auction,independent_coverage,CA-HMCD,External-Auction,higher,anti_uav410,2,anti_uav410.load_2,Anti-UAV410 load 2,public trajectory or preregistered composed workload,10,30,0.8591666667,0.8605555556,-0.0013888889,-0.0067916196,0.0,mean paired difference across independent clusters,"BCa paired cluster bootstrap, 10000 resamples",0,two-sided paired Wilcoxon signed-rank test,1.0,1.0,-0.316227766,-1.0,0.45,AU-L02-W01;AU-L02-W02;AU-L02-W03;AU-L02-W04;AU-L02-W05;AU-L02-W06;AU-L02-W07;AU-L02-W08;AU-L02-W09;AU-L02-W10,5,False,,,,,,,,
primary_public_replay::0013,primary_public_replay,primary_public_replay::primary_performance.independent_coverage.anti_uav410.load_2,primary_performance.independent_coverage.anti_uav410.load_2,ca_hmcd_stage5_statistics_20260916\all_cluster_paired_statistics.csv,b47b91f5459632ccb3f7d8e3eba394e6109e41e6803665c7d15b1549d7e8bdd9,public trajectory or preregistered composed workload; 30 stochastic seeds nested within each unit,10,30,CA-HMCD vs No-Synergy,independent_coverage,CA-HMCD,No-Synergy,0.0,0.0,0.0,1.0,1.0,0.0,0.0,0.5,False,primary_performance.independent_coverage.anti_uav410.load_2,primary performance,CA-HMCD vs No-Synergy,independent_coverage,CA-HMCD,No-Synergy,higher,anti_uav410,2,anti_uav410.load_2,Anti-UAV410 load 2,public trajectory or preregistered composed workload,10,30,0.8591666667,0.8591666667,0.0,0.0,0.0,mean paired difference across independent clusters,"BCa paired cluster bootstrap, 10000 resamples",0.0,two-sided paired Wilcoxon signed-rank test,1.0,1.0,0.0,0.0,0.5,AU-L02-W01;AU-L02-W02;AU-L02-W03;AU-L02-W04;AU-L02-W05;AU-L02-W06;AU-L02-W07;AU-L02-W08;AU-L02-W09;AU-L02-W10,5,False,,,,,,,,
primary_public_replay::0014,primary_public_replay,primary_public_replay::primary_performance.independent_coverage.anti_uav410.load_2,primary_performance.independent_coverage.anti_uav410.load_2,ca_hmcd_stage5_statistics_20260916\all_cluster_paired_statistics.csv,b47b91f5459632ccb3f7d8e3eba394e6109e41e6803665c7d15b1549d7e8bdd9,public trajectory or preregistered composed workload; 30 stochastic seeds nested within each unit,10,30,CA-HMCD vs No-Stability,independent_coverage,CA-HMCD,No-Stability,-0.0040277778,-0.0201388889,0.0,1.0,1.0,-0.316227766,-1.0,0.45,False,primary_performance.independent_coverage.anti_uav410.load_2,primary performance,CA-HMCD vs No-Stability,independent_coverage,CA-HMCD,No-Stability,higher,anti_uav410,2,anti_uav410.load_2,Anti-UAV410 load 2,public trajectory or preregistered composed workload,10,30,0.8591666667,0.8631944444,-0.0040277778,-0.0201388889,0.0,mean paired difference across independent clusters,"BCa paired cluster bootstrap, 10000 resamples",0,two-sided paired Wilcoxon signed-rank test,1.0,1.0,-0.316227766,-1.0,0.45,AU-L02-W01;AU-L02-W02;AU-L02-W03;AU-L02-W04;AU-L02-W05;AU-L02-W06;AU-L02-W07;AU-L02-W08;AU-L02-W09;AU-L02-W10,5,False,,,,,,,,
primary_public_replay::0015,primary_public_replay,primary_public_replay::primary_performance.independent_coverage.anti_uav410.load_2,primary_performance.independent_coverage.anti_uav410.load_2,ca_hmcd_stage5_statistics_20260916\all_cluster_paired_statistics.csv,b47b91f5459632ccb3f7d8e3eba394e6109e41e6803665c7d15b1549d7e8bdd9,public trajectory or preregistered composed workload; 30 stochastic seeds nested within each unit,10,30,CA-HMCD vs Random,independent_coverage,CA-HMCD,Random,0.21,0.1922222222,0.2276388889,0.001953125,0.009765625,6.8573171984,1.0,1.0,True,primary_performance.independent_coverage.anti_uav410.load_2,primary performance,CA-HMCD vs Random,independent_coverage,CA-HMCD,Random,higher,anti_uav410,2,anti_uav410.load_2,Anti-UAV410 load 2,public trajectory or preregistered composed workload,10,30,0.8591666667,0.6491666667,0.21,0.1922222222,0.2276388889,mean paired difference across independent clusters,"BCa paired cluster bootstrap, 10000 resamples",0,two-sided paired Wilcoxon signed-rank test,0.001953125,0.009765625,6.8573171984,1.0,1.0,AU-L02-W01;AU-L02-W02;AU-L02-W03;AU-L02-W04;AU-L02-W05;AU-L02-W06;AU-L02-W07;AU-L02-W08;AU-L02-W09;AU-L02-W10,5,True,,,,,,,,
primary_public_replay::0016,primary_public_replay,primary_public_replay::stability_mechanism.external_switch_count.anti_uav410.load_2,stability_mechanism.external_switch_count.anti_uav410.load_2,ca_hmcd_stage5_statistics_20260916\all_cluster_paired_statistics.csv,b47b91f5459632ccb3f7d8e3eba394e6109e41e6803665c7d15b1549d7e8bdd9,public trajectory or preregistered composed workload; 30 stochastic seeds nested within each unit,10,30,CA-HMCD vs Greedy,external_switch_count,CA-HMCD,Greedy,-0.0405555556,-0.1414070974,-0.0041666667,0.21875,0.4375,-0.4452636111,-0.619047619,0.7,False,stability_mechanism.external_switch_count.anti_uav410.load_2,stability mechanism,CA-HMCD vs Greedy,external_switch_count,CA-HMCD,Greedy,lower,anti_uav410,2,anti_uav410.load_2,Anti-UAV410 load 2,public trajectory or preregistered composed workload,10,30,0.7155555556,0.7561111111,-0.0405555556,-0.1414070974,-0.0041666667,mean paired difference across independent clusters,"BCa paired cluster bootstrap, 10000 resamples",4.0,two-sided paired Wilcoxon signed-rank test,0.21875,0.4375,-0.4452636111,-0.619047619,0.7,AU-L02-W01;AU-L02-W02;AU-L02-W03;AU-L02-W04;AU-L02-W05;AU-L02-W06;AU-L02-W07;AU-L02-W08;AU-L02-W09;AU-L02-W10,5,False,,,,,,,,
primary_public_replay::0017,primary_public_replay,primary_public_replay::stability_mechanism.external_switch_count.anti_uav410.load_2,stability_mechanism.external_switch_count.anti_uav410.load_2,ca_hmcd_stage5_statistics_20260916\all_cluster_paired_statistics.csv,b47b91f5459632ccb3f7d8e3eba394e6109e41e6803665c7d15b1549d7e8bdd9,public trajectory or preregistered composed workload; 30 stochastic seeds nested within each unit,10,30,CA-HMCD vs External-Auction,external_switch_count,CA-HMCD,External-Auction,-0.0986111111,-0.1988888889,-0.0386111111,0.0078125,0.0234375,-0.7754020741,-1.0,0.9,True,stability_mechanism.external_switch_count.anti_uav410.load_2,stability mechanism,CA-HMCD vs External-Auction,external_switch_count,CA-HMCD,External-Auction,lower,anti_uav410,2,anti_uav410.load_2,Anti-UAV410 load 2,public trajectory or preregistered composed workload,10,30,0.7155555556,0.8141666667,-0.0986111111,-0.1988888889,-0.0386111111,mean paired difference across independent clusters,"BCa paired cluster bootstrap, 10000 resamples",0,two-sided paired Wilcoxon signed-rank test,0.0078125,0.0234375,-0.7754020741,-1.0,0.9,AU-L02-W01;AU-L02-W02;AU-L02-W03;AU-L02-W04;AU-L02-W05;AU-L02-W06;AU-L02-W07;AU-L02-W08;AU-L02-W09;AU-L02-W10,5,True,,,,,,,,
primary_public_replay::0018,primary_public_replay,primary_public_replay::stability_mechanism.external_switch_count.anti_uav410.load_2,stability_mechanism.external_switch_count.anti_uav410.load_2,ca_hmcd_stage5_statistics_20260916\all_cluster_paired_statistics.csv,b47b91f5459632ccb3f7d8e3eba394e6109e41e6803665c7d15b1549d7e8bdd9,public trajectory or preregistered composed workload; 30 stochastic seeds nested within each unit,10,30,CA-HMCD vs No-Synergy,external_switch_count,CA-HMCD,No-Synergy,0.0108333333,0.0005945482,0.0308333333,0.25,0.4375,0.4940184193,1.0,0.35,False,stability_mechanism.external_switch_count.anti_uav410.load_2,stability mechanism,CA-HMCD vs No-Synergy,external_switch_count,CA-HMCD,No-Synergy,lower,anti_uav410,2,anti_uav410.load_2,Anti-UAV410 load 2,public trajectory or preregistered composed workload,10,30,0.7155555556,0.7047222222,0.0108333333,0.0005945482,0.0308333333,mean paired difference across independent clusters,"BCa paired cluster bootstrap, 10000 resamples",0,two-sided paired Wilcoxon signed-rank test,0.25,0.4375,0.4940184193,1.0,0.35,AU-L02-W01;AU-L02-W02;AU-L02-W03;AU-L02-W04;AU-L02-W05;AU-L02-W06;AU-L02-W07;AU-L02-W08;AU-L02-W09;AU-L02-W10,5,False,,,,,,,,
primary_public_replay::0019,primary_public_replay,primary_public_replay::stability_mechanism.external_switch_count.anti_uav410.load_2,stability_mechanism.external_switch_count.anti_uav410.load_2,ca_hmcd_stage5_statistics_20260916\all_cluster_paired_statistics.csv,b47b91f5459632ccb3f7d8e3eba394e6109e41e6803665c7d15b1549d7e8bdd9,public trajectory or preregistered composed workload; 30 stochastic seeds nested within each unit,10,30,CA-HMCD vs No-Stability,external_switch_count,CA-HMCD,No-Stability,-2.0558333333,-2.4104127018,-1.8105555556,0.001953125,0.009765625,-4.0923806645,-1.0,1.0,True,stability_mechanism.external_switch_count.anti_uav410.load_2,stability mechanism,CA-HMCD vs No-Stability,external_switch_count,CA-HMCD,No-Stability,lower,anti_uav410,2,anti_uav410.load_2,Anti-UAV410 load 2,public trajectory or preregistered composed workload,10,30,0.7155555556,2.7713888889,-2.0558333333,-2.4104127018,-1.8105555556,mean paired difference across independent clusters,"BCa paired cluster bootstrap, 10000 resamples",0,two-sided paired Wilcoxon signed-rank test,0.001953125,0.009765625,-4.0923806645,-1.0,1.0,AU-L02-W01;AU-L02-W02;AU-L02-W03;AU-L02-W04;AU-L02-W05;AU-L02-W06;AU-L02-W07;AU-L02-W08;AU-L02-W09;AU-L02-W10,5,True,,,,,,,,
primary_public_replay::0020,primary_public_replay,primary_public_replay::stability_mechanism.external_switch_count.anti_uav410.load_2,stability_mechanism.external_switch_count.anti_uav410.load_2,ca_hmcd_stage5_statistics_20260916\all_cluster_paired_statistics.csv,b47b91f5459632ccb3f7d8e3eba394e6109e41e6803665c7d15b1549d7e8bdd9,public trajectory or preregistered composed workload; 30 stochastic seeds nested within each unit,10,30,CA-HMCD vs Random,external_switch_count,CA-HMCD,Random,-2.0380555556,-2.3076715136,-1.6975,0.001953125,0.009765625,-3.9518259376,-1.0,1.0,True,stability_mechanism.external_switch_count.anti_uav410.load_2,stability mechanism,CA-HMCD vs Random,external_switch_count,CA-HMCD,Random,lower,anti_uav410,2,anti_uav410.load_2,Anti-UAV410 load 2,public trajectory or preregistered composed workload,10,30,0.7155555556,2.7536111111,-2.0380555556,-2.3076715136,-1.6975,mean paired difference across independent clusters,"BCa paired cluster bootstrap, 10000 resamples",0,two-sided paired Wilcoxon signed-rank test,0.001953125,0.009765625,-3.9518259376,-1.0,1.0,AU-L02-W01;AU-L02-W02;AU-L02-W03;AU-L02-W04;AU-L02-W05;AU-L02-W06;AU-L02-W07;AU-L02-W08;AU-L02-W09;AU-L02-W10,5,True,,,,,,,,
primary_public_replay::0021,primary_public_replay,primary_public_replay::resource_efficiency.independent_physical_cost.anti_uav410.load_2,resource_efficiency.independent_physical_cost.anti_uav410.load_2,ca_hmcd_stage5_statistics_20260916\all_cluster_paired_statistics.csv,b47b91f5459632ccb3f7d8e3eba394e6109e41e6803665c7d15b1549d7e8bdd9,public trajectory or preregistered composed workload; 30 stochastic seeds nested within each unit,10,30,CA-HMCD vs Greedy,independent_physical_cost,CA-HMCD,Greedy,-0.0231699858,-0.0850444595,-0.0052534928,0.015625,0.03125,-0.455669335,-1.0,0.85,True,resource_efficiency.independent_physical_cost.anti_uav410.load_2,resource efficiency,CA-HMCD vs Greedy,independent_physical_cost,CA-HMCD,Greedy,lower,anti_uav410,2,anti_uav410.load_2,Anti-UAV410 load 2,public trajectory or preregistered composed workload,10,30,0.6868457858,0.7100157715,-0.0231699858,-0.0850444595,-0.0052534928,mean paired difference across independent clusters,"BCa paired cluster bootstrap, 10000 resamples",0,two-sided paired Wilcoxon signed-rank test,0.015625,0.03125,-0.455669335,-1.0,0.85,AU-L02-W01;AU-L02-W02;AU-L02-W03;AU-L02-W04;AU-L02-W05;AU-L02-W06;AU-L02-W07;AU-L02-W08;AU-L02-W09;AU-L02-W10,5,True,,,,,,,,
primary_public_replay::0022,primary_public_replay,primary_public_replay::resource_efficiency.independent_physical_cost.anti_uav410.load_2,resource_efficiency.independent_physical_cost.anti_uav410.load_2,ca_hmcd_stage5_statistics_20260916\all_cluster_paired_statistics.csv,b47b91f5459632ccb3f7d8e3eba394e6109e41e6803665c7d15b1549d7e8bdd9,public trajectory or preregistered composed workload; 30 stochastic seeds nested within each unit,10,30,CA-HMCD vs External-Auction,independent_physical_cost,CA-HMCD,External-Auction,-0.0548176976,-0.1159563842,-0.02343099,0.00390625,0.01171875,-0.7605662166,-1.0,0.95,True,resource_efficiency.independent_physical_cost.anti_uav410.load_2,resource efficiency,CA-HMCD vs External-Auction,independent_physical_cost,CA-HMCD,External-Auction,lower,anti_uav410,2,anti_uav410.load_2,Anti-UAV410 load 2,public trajectory or preregistered composed workload,10,30,0.6868457858,0.7416634834,-0.0548176976,-0.1159563842,-0.02343099,mean paired difference across independent clusters,"BCa paired cluster bootstrap, 10000 resamples",0,two-sided paired Wilcoxon signed-rank test,0.00390625,0.01171875,-0.7605662166,-1.0,0.95,AU-L02-W01;AU-L02-W02;AU-L02-W03;AU-L02-W04;AU-L02-W05;AU-L02-W06;AU-L02-W07;AU-L02-W08;AU-L02-W09;AU-L02-W10,5,True,,,,,,,,
primary_public_replay::0023,primary_public_replay,primary_public_replay::resource_efficiency.independent_physical_cost.anti_uav410.load_2,resource_efficiency.independent_physical_cost.anti_uav410.load_2,ca_hmcd_stage5_statistics_20260916\all_cluster_paired_statistics.csv,b47b91f5459632ccb3f7d8e3eba394e6109e41e6803665c7d15b1549d7e8bdd9,public trajectory or preregistered composed workload; 30 stochastic seeds nested within each unit,10,30,CA-HMCD vs No-Synergy,independent_physical_cost,CA-HMCD,No-Synergy,0.0102284251,0.0003956356,0.0298365649,0.125,0.125,0.482566279,1.0,0.3,False,resource_efficiency.independent_physical_cost.anti_uav410.load_2,resource efficiency,CA-HMCD vs No-Synergy,independent_physical_cost,CA-HMCD,No-Synergy,lower,anti_uav410,2,anti_uav410.load_2,Anti-UAV410 load 2,public trajectory or preregistered composed workload,10,30,0.6868457858,0.6766173607,0.0102284251,0.0003956356,0.0298365649,mean paired difference across independent clusters,"BCa paired cluster bootstrap, 10000 resamples",0,two-sided paired Wilcoxon signed-rank test,0.125,0.125,0.482566279,1.0,0.3,AU-L02-W01;AU-L02-W02;AU-L02-W03;AU-L02-W04;AU-L02-W05;AU-L02-W06;AU-L02-W07;AU-L02-W08;AU-L02-W09;AU-L02-W10,5,False,,,,,,,,
primary_public_replay::0024,primary_public_replay,primary_public_replay::resource_efficiency.independent_physical_cost.anti_uav410.load_2,resource_efficiency.independent_physical_cost.anti_uav410.load_2,ca_hmcd_stage5_statistics_20260916\all_cluster_paired_statistics.csv,b47b91f5459632ccb3f7d8e3eba394e6109e41e6803665c7d15b1549d7e8bdd9,public trajectory or preregistered composed workload; 30 stochastic seeds nested within each unit,10,30,CA-HMCD vs No-Stability,independent_physical_cost,CA-HMCD,No-Stability,-0.9304007822,-0.9846610456,-0.8550998552,0.001953125,0.009765625,-8.4532392712,-1.0,1.0,True,resource_efficiency.independent_physical_cost.anti_uav410.load_2,resource efficiency,CA-HMCD vs No-Stability,independent_physical_cost,CA-HMCD,No-Stability,lower,anti_uav410,2,anti_uav410.load_2,Anti-UAV410 load 2,public trajectory or preregistered composed workload,10,30,0.6868457858,1.6172465679,-0.9304007822,-0.9846610456,-0.8550998552,mean paired difference across independent clusters,"BCa paired cluster bootstrap, 10000 resamples",0,two-sided paired Wilcoxon signed-rank test,0.001953125,0.009765625,-8.4532392712,-1.0,1.0,AU-L02-W01;AU-L02-W02;AU-L02-W03;AU-L02-W04;AU-L02-W05;AU-L02-W06;AU-L02-W07;AU-L02-W08;AU-L02-W09;AU-L02-W10,5,True,,,,,,,,
primary_public_replay::0025,primary_public_replay,primary_public_replay::resource_efficiency.independent_physical_cost.anti_uav410.load_2,resource_efficiency.independent_physical_cost.anti_uav410.load_2,ca_hmcd_stage5_statistics_20260916\all_cluster_paired_statistics.csv,b47b91f5459632ccb3f7d8e3eba394e6109e41e6803665c7d15b1549d7e8bdd9,public trajectory or preregistered composed workload; 30 stochastic seeds nested within each unit,10,30,CA-HMCD vs Random,independent_physical_cost,CA-HMCD,Random,-0.2790858058,-0.3298071062,-0.2462105323,0.001953125,0.009765625,-4.0586455735,-1.0,1.0,True,resource_efficiency.independent_physical_cost.anti_uav410.load_2,resource efficiency,CA-HMCD vs Random,independent_physical_cost,CA-HMCD,Random,lower,anti_uav410,2,anti_uav410.load_2,Anti-UAV410 load 2,public trajectory or preregistered composed workload,10,30,0.6868457858,0.9659315915,-0.2790858058,-0.3298071062,-0.2462105323,mean paired difference across independent clusters,"BCa paired cluster bootstrap, 10000 resamples",0,two-sided paired Wilcoxon signed-rank test,0.001953125,0.009765625,-4.0586455735,-1.0,1.0,AU-L02-W01;AU-L02-W02;AU-L02-W03;AU-L02-W04;AU-L02-W05;AU-L02-W06;AU-L02-W07;AU-L02-W08;AU-L02-W09;AU-L02-W10,5,True,,,,,,,,
primary_public_replay::0026,primary_public_replay,primary_public_replay::redundancy_mechanism.independent_same_type_pair_ratio.anti_uav410.load_2,redundancy_mechanism.independent_same_type_pair_ratio.anti_uav410.load_2,ca_hmcd_stage5_statistics_20260916\all_cluster_paired_statistics.csv,b47b91f5459632ccb3f7d8e3eba394e6109e41e6803665c7d15b1549d7e8bdd9,public trajectory or preregistered composed workload; 30 stochastic seeds nested within each unit,10,30,CA-HMCD vs Greedy,independent_same_type_pair_ratio,CA-HMCD,Greedy,-0.0416666667,-0.1591666667,-0.0069444444,0.0625,0.125,-0.4350720829,-1.0,0.75,False,redundancy_mechanism.independent_same_type_pair_ratio.anti_uav410.load_2,redundancy mechanism,CA-HMCD vs Greedy,independent_same_type_pair_ratio,CA-HMCD,Greedy,lower,anti_uav410,2,anti_uav410.load_2,Anti-UAV410 load 2,public trajectory or preregistered composed workload,10,30,0.0327777778,0.0744444444,-0.0416666667,-0.1591666667,-0.0069444444,mean paired difference across independent clusters,"BCa paired cluster bootstrap, 10000 resamples",0,two-sided paired Wilcoxon signed-rank test,0.0625,0.125,-0.4350720829,-1.0,0.75,AU-L02-W01;AU-L02-W02;AU-L02-W03;AU-L02-W04;AU-L02-W05;AU-L02-W06;AU-L02-W07;AU-L02-W08;AU-L02-W09;AU-L02-W10,5,False,,,,,,,,
primary_public_replay::0027,primary_public_replay,primary_public_replay::redundancy_mechanism.independent_same_type_pair_ratio.anti_uav410.load_2,redundancy_mechanism.independent_same_type_pair_ratio.anti_uav410.load_2,ca_hmcd_stage5_statistics_20260916\all_cluster_paired_statistics.csv,b47b91f5459632ccb3f7d8e3eba394e6109e41e6803665c7d15b1549d7e8bdd9,public trajectory or preregistered composed workload; 30 stochastic seeds nested within each unit,10,30,CA-HMCD vs External-Auction,independent_same_type_pair_ratio,CA-HMCD,External-Auction,-0.1170833333,-0.2540107321,-0.0536111111,0.00390625,0.01171875,-0.7707497139,-1.0,0.95,True,redundancy_mechanism.independent_same_type_pair_ratio.anti_uav410.load_2,redundancy mechanism,CA-HMCD vs External-Auction,independent_same_type_pair_ratio,CA-HMCD,External-Auction,lower,anti_uav410,2,anti_uav410.load_2,Anti-UAV410 load 2,public trajectory or preregistered composed workload,10,30,0.0327777778,0.1498611111,-0.1170833333,-0.2540107321,-0.0536111111,mean paired difference across independent clusters,"BCa paired cluster bootstrap, 10000 resamples",0,two-sided paired Wilcoxon signed-rank test,0.00390625,0.01171875,-0.7707497139,-1.0,0.95,AU-L02-W01;AU-L02-W02;AU-L02-W03;AU-L02-W04;AU-L02-W05;AU-L02-W06;AU-L02-W07;AU-L02-W08;AU-L02-W09;AU-L02-W10,5,True,,,,,,,,
primary_public_replay::0028,primary_public_replay,primary_public_replay::redundancy_mechanism.independent_same_type_pair_ratio.anti_uav410.load_2,redundancy_mechanism.independent_same_type_pair_ratio.anti_uav410.load_2,ca_hmcd_stage5_statistics_20260916\all_cluster_paired_statistics.csv,b47b91f5459632ccb3f7d8e3eba394e6109e41e6803665c7d15b1549d7e8bdd9,public trajectory or preregistered composed workload; 30 stochastic seeds nested within each unit,10,30,CA-HMCD vs No-Synergy,independent_same_type_pair_ratio,CA-HMCD,No-Synergy,-0.0013888889,-0.0055555556,0.0,0.5,0.5,-0.3939192986,-1.0,0.6,False,redundancy_mechanism.independent_same_type_pair_ratio.anti_uav410.load_2,redundancy mechanism,CA-HMCD vs No-Synergy,independent_same_type_pair_ratio,CA-HMCD,No-Synergy,lower,anti_uav410,2,anti_uav410.load_2,Anti-UAV410 load 2,public trajectory or preregistered composed workload,10,30,0.0327777778,0.0341666667,-0.0013888889,-0.0055555556,0.0,mean paired difference across independent clusters,"BCa paired cluster bootstrap, 10000 resamples",0,two-sided paired Wilcoxon signed-rank test,0.5,0.5,-0.3939192986,-1.0,0.6,AU-L02-W01;AU-L02-W02;AU-L02-W03;AU-L02-W04;AU-L02-W05;AU-L02-W06;AU-L02-W07;AU-L02-W08;AU-L02-W09;AU-L02-W10,5,False,,,,,,,,
primary_public_replay::0029,primary_public_replay,primary_public_replay::redundancy_mechanism.independent_same_type_pair_ratio.anti_uav410.load_2,redundancy_mechanism.independent_same_type_pair_ratio.anti_uav410.load_2,ca_hmcd_stage5_statistics_20260916\all_cluster_paired_statistics.csv,b47b91f5459632ccb3f7d8e3eba394e6109e41e6803665c7d15b1549d7e8bdd9,public trajectory or preregistered composed workload; 30 stochastic seeds nested within each unit,10,30,CA-HMCD vs No-Stability,independent_same_type_pair_ratio,CA-HMCD,No-Stability,-0.4091203704,-0.4729617164,-0.3365615748,0.001953125,0.009765625,-3.5132738339,-1.0,1.0,True,redundancy_mechanism.independent_same_type_pair_ratio.anti_uav410.load_2,redundancy mechanism,CA-HMCD vs No-Stability,independent_same_type_pair_ratio,CA-HMCD,No-Stability,lower,anti_uav410,2,anti_uav410.load_2,Anti-UAV410 load 2,public trajectory or preregistered composed workload,10,30,0.0327777778,0.4418981481,-0.4091203704,-0.4729617164,-0.3365615748,mean paired difference across independent clusters,"BCa paired cluster bootstrap, 10000 resamples",0,two-sided paired Wilcoxon signed-rank test,0.001953125,0.009765625,-3.5132738339,-1.0,1.0,AU-L02-W01;AU-L02-W02;AU-L02-W03;AU-L02-W04;AU-L02-W05;AU-L02-W06;AU-L02-W07;AU-L02-W08;AU-L02-W09;AU-L02-W10,5,True,,,,,,,,
primary_public_replay::0030,primary_public_replay,primary_public_replay::redundancy_mechanism.independent_same_type_pair_ratio.anti_uav410.load_2,redundancy_mechanism.independent_same_type_pair_ratio.anti_uav410.load_2,ca_hmcd_stage5_statistics_20260916\all_cluster_paired_statistics.csv,b47b91f5459632ccb3f7d8e3eba394e6109e41e6803665c7d15b1549d7e8bdd9,public trajectory or preregistered composed workload; 30 stochastic seeds nested within each unit,10,30,CA-HMCD vs Random,independent_same_type_pair_ratio,CA-HMCD,Random,-0.2472222222,-0.285,-0.1725654752,0.001953125,0.009765625,-2.8340956755,-1.0,1.0,True,redundancy_mechanism.independent_same_type_pair_ratio.anti_uav410.load_2,redundancy mechanism,CA-HMCD vs Random,independent_same_type_pair_ratio,CA-HMCD,Random,lower,anti_uav410,2,anti_uav410.load_2,Anti-UAV410 load 2,public trajectory or preregistered composed workload,10,30,0.0327777778,0.28,-0.2472222222,-0.285,-0.1725654752,mean paired difference across independent clusters,"BCa paired cluster bootstrap, 10000 resamples",0,two-sided paired Wilcoxon signed-rank test,0.001953125,0.009765625,-2.8340956755,-1.0,1.0,AU-L02-W01;AU-L02-W02;AU-L02-W03;AU-L02-W04;AU-L02-W05;AU-L02-W06;AU-L02-W07;AU-L02-W08;AU-L02-W09;AU-L02-W10,5,True,,,,,,,,
primary_public_replay::0031,primary_public_replay,primary_public_replay::redundancy_mechanism.independent_capability_overlap.anti_uav410.load_2,redundancy_mechanism.independent_capability_overlap.anti_uav410.load_2,ca_hmcd_stage5_statistics_20260916\all_cluster_paired_statistics.csv,b47b91f5459632ccb3f7d8e3eba394e6109e41e6803665c7d15b1549d7e8bdd9,public trajectory or preregistered composed workload; 30 stochastic seeds nested within each unit,10,30,CA-HMCD vs Greedy,independent_capability_overlap,CA-HMCD,Greedy,-0.0402935312,-0.1439242666,-0.0091320593,0.03125,0.0625,-0.4570101526,-1.0,0.8,False,redundancy_mechanism.independent_capability_overlap.anti_uav410.load_2,redundancy mechanism,CA-HMCD vs Greedy,independent_capability_overlap,CA-HMCD,Greedy,lower,anti_uav410,2,anti_uav410.load_2,Anti-UAV410 load 2,public trajectory or preregistered composed workload,10,30,0.052230488,0.0925240192,-0.0402935312,-0.1439242666,-0.0091320593,mean paired difference across independent clusters,"BCa paired cluster bootstrap, 10000 resamples",0,two-sided paired Wilcoxon signed-rank test,0.03125,0.0625,-0.4570101526,-1.0,0.8,AU-L02-W01;AU-L02-W02;AU-L02-W03;AU-L02-W04;AU-L02-W05;AU-L02-W06;AU-L02-W07;AU-L02-W08;AU-L02-W09;AU-L02-W10,5,False,,,,,,,,
primary_public_replay::0032,primary_public_replay,primary_public_replay::redundancy_mechanism.independent_capability_overlap.anti_uav410.load_2,redundancy_mechanism.independent_capability_overlap.anti_uav410.load_2,ca_hmcd_stage5_statistics_20260916\all_cluster_paired_statistics.csv,b47b91f5459632ccb3f7d8e3eba394e6109e41e6803665c7d15b1549d7e8bdd9,public trajectory or preregistered composed workload; 30 stochastic seeds nested within each unit,10,30,CA-HMCD vs External-Auction,independent_capability_overlap,CA-HMCD,External-Auction,-0.0970663682,-0.2013266163,-0.0412506305,0.00390625,0.01171875,-0.7570591616,-1.0,0.95,True,redundancy_mechanism.independent_capability_overlap.anti_uav410.load_2,redundancy mechanism,CA-HMCD vs External-Auction,independent_capability_overlap,CA-HMCD,External-Auction,lower,anti_uav410,2,anti_uav410.load_2,Anti-UAV410 load 2,public trajectory or preregistered composed workload,10,30,0.052230488,0.1492968562,-0.0970663682,-0.2013266163,-0.0412506305,mean paired difference across independent clusters,"BCa paired cluster bootstrap, 10000 resamples",0,two-sided paired Wilcoxon signed-rank test,0.00390625,0.01171875,-0.7570591616,-1.0,0.95,AU-L02-W01;AU-L02-W02;AU-L02-W03;AU-L02-W04;AU-L02-W05;AU-L02-W06;AU-L02-W07;AU-L02-W08;AU-L02-W09;AU-L02-W10,5,True,,,,,,,,
primary_public_replay::0033,primary_public_replay,primary_public_replay::redundancy_mechanism.independent_capability_overlap.anti_uav410.load_2,redundancy_mechanism.independent_capability_overlap.anti_uav410.load_2,ca_hmcd_stage5_statistics_20260916\all_cluster_paired_statistics.csv,b47b91f5459632ccb3f7d8e3eba394e6109e41e6803665c7d15b1549d7e8bdd9,public trajectory or preregistered composed workload; 30 stochastic seeds nested within each unit,10,30,CA-HMCD vs No-Synergy,independent_capability_overlap,CA-HMCD,No-Synergy,0.0166425465,0.0007577316,0.0461524536,0.125,0.125,0.4857077595,1.0,0.3,False,redundancy_mechanism.independent_capability_overlap.anti_uav410.load_2,redundancy mechanism,CA-HMCD vs No-Synergy,independent_capability_overlap,CA-HMCD,No-Synergy,lower,anti_uav410,2,anti_uav410.load_2,Anti-UAV410 load 2,public trajectory or preregistered composed workload,10,30,0.052230488,0.0355879415,0.0166425465,0.0007577316,0.0461524536,mean paired difference across independent clusters,"BCa paired cluster bootstrap, 10000 resamples",0,two-sided paired Wilcoxon signed-rank test,0.125,0.125,0.4857077595,1.0,0.3,AU-L02-W01;AU-L02-W02;AU-L02-W03;AU-L02-W04;AU-L02-W05;AU-L02-W06;AU-L02-W07;AU-L02-W08;AU-L02-W09;AU-L02-W10,5,False,,,,,,,,
primary_public_replay::0034,primary_public_replay,primary_public_replay::redundancy_mechanism.independent_capability_overlap.anti_uav410.load_2,redundancy_mechanism.independent_capability_overlap.anti_uav410.load_2,ca_hmcd_stage5_statistics_20260916\all_cluster_paired_statistics.csv,b47b91f5459632ccb3f7d8e3eba394e6109e41e6803665c7d15b1549d7e8bdd9,public trajectory or preregistered composed workload; 30 stochastic seeds nested within each unit,10,30,CA-HMCD vs No-Stability,independent_capability_overlap,CA-HMCD,No-Stability,-0.7691635192,-0.8280194706,-0.7027763637,0.001953125,0.009765625,-7.2059776753,-1.0,1.0,True,redundancy_mechanism.independent_capability_overlap.anti_uav410.load_2,redundancy mechanism,CA-HMCD vs No-Stability,independent_capability_overlap,CA-HMCD,No-Stability,lower,anti_uav410,2,anti_uav410.load_2,Anti-UAV410 load 2,public trajectory or preregistered composed workload,10,30,0.052230488,0.8213940072,-0.7691635192,-0.8280194706,-0.7027763637,mean paired difference across independent clusters,"BCa paired cluster bootstrap, 10000 resamples",0,two-sided paired Wilcoxon signed-rank test,0.001953125,0.009765625,-7.2059776753,-1.0,1.0,AU-L02-W01;AU-L02-W02;AU-L02-W03;AU-L02-W04;AU-L02-W05;AU-L02-W06;AU-L02-W07;AU-L02-W08;AU-L02-W09;AU-L02-W10,5,True,,,,,,,,
primary_public_replay::0035,primary_public_replay,primary_public_replay::redundancy_mechanism.independent_capability_overlap.anti_uav410.load_2,redundancy_mechanism.independent_capability_overlap.anti_uav410.load_2,ca_hmcd_stage5_statistics_20260916\all_cluster_paired_statistics.csv,b47b91f5459632ccb3f7d8e3eba394e6109e41e6803665c7d15b1549d7e8bdd9,public trajectory or preregistered composed workload; 30 stochastic seeds nested within each unit,10,30,CA-HMCD vs Random,independent_capability_overlap,CA-HMCD,Random,-0.4423024179,-0.4923237851,-0.3898911534,0.001953125,0.009765625,-5.1399305816,-1.0,1.0,True,redundancy_mechanism.independent_capability_overlap.anti_uav410.load_2,redundancy mechanism,CA-HMCD vs Random,independent_capability_overlap,CA-HMCD,Random,lower,anti_uav410,2,anti_uav410.load_2,Anti-UAV410 load 2,public trajectory or preregistered composed workload,10,30,0.052230488,0.4945329059,-0.4423024179,-0.4923237851,-0.3898911534,mean paired difference across independent clusters,"BCa paired cluster bootstrap, 10000 resamples",0,two-sided paired Wilcoxon signed-rank test,0.001953125,0.009765625,-5.1399305816,-1.0,1.0,AU-L02-W01;AU-L02-W02;AU-L02-W03;AU-L02-W04;AU-L02-W05;AU-L02-W06;AU-L02-W07;AU-L02-W08;AU-L02-W09;AU-L02-W10,5,True,,,,,,,,
primary_public_replay::0036,primary_public_replay,primary_public_replay::redundancy_mechanism.independent_marginal_gain_waste.anti_uav410.load_2,redundancy_mechanism.independent_marginal_gain_waste.anti_uav410.load_2,ca_hmcd_stage5_statistics_20260916\all_cluster_paired_statistics.csv,b47b91f5459632ccb3f7d8e3eba394e6109e41e6803665c7d15b1549d7e8bdd9,public trajectory or preregistered composed workload; 30 stochastic seeds nested within each unit,10,30,CA-HMCD vs Greedy,independent_marginal_gain_waste,CA-HMCD,Greedy,-0.0062067111,-0.0218431488,-0.0015396334,0.03125,0.0625,-0.4798805233,-1.0,0.8,False,redundancy_mechanism.independent_marginal_gain_waste.anti_uav410.load_2,redundancy mechanism,CA-HMCD vs Greedy,independent_marginal_gain_waste,CA-HMCD,Greedy,lower,anti_uav410,2,anti_uav410.load_2,Anti-UAV410 load 2,public trajectory or preregistered composed workload,10,30,0.0076836974,0.0138904085,-0.0062067111,-0.0218431488,-0.0015396334,mean paired difference across independent clusters,"BCa paired cluster bootstrap, 10000 resamples",0,two-sided paired Wilcoxon signed-rank test,0.03125,0.0625,-0.4798805233,-1.0,0.8,AU-L02-W01;AU-L02-W02;AU-L02-W03;AU-L02-W04;AU-L02-W05;AU-L02-W06;AU-L02-W07;AU-L02-W08;AU-L02-W09;AU-L02-W10,5,False,,,,,,,,
primary_public_replay::0037,primary_public_replay,primary_public_replay::redundancy_mechanism.independent_marginal_gain_waste.anti_uav410.load_2,redundancy_mechanism.independent_marginal_gain_waste.anti_uav410.load_2,ca_hmcd_stage5_statistics_20260916\all_cluster_paired_statistics.csv,b47b91f5459632ccb3f7d8e3eba394e6109e41e6803665c7d15b1549d7e8bdd9,public trajectory or preregistered composed workload; 30 stochastic seeds nested within each unit,10,30,CA-HMCD vs External-Auction,independent_marginal_gain_waste,CA-HMCD,External-Auction,-0.0151119886,-0.0310784401,-0.0065170156,0.00390625,0.01171875,-0.7864851986,-1.0,0.95,True,redundancy_mechanism.independent_marginal_gain_waste.anti_uav410.load_2,redundancy mechanism,CA-HMCD vs External-Auction,independent_marginal_gain_waste,CA-HMCD,External-Auction,lower,anti_uav410,2,anti_uav410.load_2,Anti-UAV410 load 2,public trajectory or preregistered composed workload,10,30,0.0076836974,0.022795686,-0.0151119886,-0.0310784401,-0.0065170156,mean paired difference across independent clusters,"BCa paired cluster bootstrap, 10000 resamples",0,two-sided paired Wilcoxon signed-rank test,0.00390625,0.01171875,-0.7864851986,-1.0,0.95,AU-L02-W01;AU-L02-W02;AU-L02-W03;AU-L02-W04;AU-L02-W05;AU-L02-W06;AU-L02-W07;AU-L02-W08;AU-L02-W09;AU-L02-W10,5,True,,,,,,,,
primary_public_replay::0038,primary_public_replay,primary_public_replay::redundancy_mechanism.independent_marginal_gain_waste.anti_uav410.load_2,redundancy_mechanism.independent_marginal_gain_waste.anti_uav410.load_2,ca_hmcd_stage5_statistics_20260916\all_cluster_paired_statistics.csv,b47b91f5459632ccb3f7d8e3eba394e6109e41e6803665c7d15b1549d7e8bdd9,public trajectory or preregistered composed workload; 30 stochastic seeds nested within each unit,10,30,CA-HMCD vs No-Synergy,independent_marginal_gain_waste,CA-HMCD,No-Synergy,0.0020586563,6.54768e-05,0.006064733,0.125,0.125,0.4782282707,1.0,0.3,False,redundancy_mechanism.independent_marginal_gain_waste.anti_uav410.load_2,redundancy mechanism,CA-HMCD vs No-Synergy,independent_marginal_gain_waste,CA-HMCD,No-Synergy,lower,anti_uav410,2,anti_uav410.load_2,Anti-UAV410 load 2,public trajectory or preregistered composed workload,10,30,0.0076836974,0.0056250411,0.0020586563,6.54768e-05,0.006064733,mean paired difference across independent clusters,"BCa paired cluster bootstrap, 10000 resamples",0,two-sided paired Wilcoxon signed-rank test,0.125,0.125,0.4782282707,1.0,0.3,AU-L02-W01;AU-L02-W02;AU-L02-W03;AU-L02-W04;AU-L02-W05;AU-L02-W06;AU-L02-W07;AU-L02-W08;AU-L02-W09;AU-L02-W10,5,False,,,,,,,,
primary_public_replay::0039,primary_public_replay,primary_public_replay::redundancy_mechanism.independent_marginal_gain_waste.anti_uav410.load_2,redundancy_mechanism.independent_marginal_gain_waste.anti_uav410.load_2,ca_hmcd_stage5_statistics_20260916\all_cluster_paired_statistics.csv,b47b91f5459632ccb3f7d8e3eba394e6109e41e6803665c7d15b1549d7e8bdd9,public trajectory or preregistered composed workload; 30 stochastic seeds nested within each unit,10,30,CA-HMCD vs No-Stability,independent_marginal_gain_waste,CA-HMCD,No-Stability,-0.2010320787,-0.2148667023,-0.1892419774,0.001953125,0.009765625,-9.1126171933,-1.0,1.0,True,redundancy_mechanism.independent_marginal_gain_waste.anti_uav410.load_2,redundancy mechanism,CA-HMCD vs No-Stability,independent_marginal_gain_waste,CA-HMCD,No-Stability,lower,anti_uav410,2,anti_uav410.load_2,Anti-UAV410 load 2,public trajectory or preregistered composed workload,10,30,0.0076836974,0.2087157761,-0.2010320787,-0.2148667023,-0.1892419774,mean paired difference across independent clusters,"BCa paired cluster bootstrap, 10000 resamples",0,two-sided paired Wilcoxon signed-rank test,0.001953125,0.009765625,-9.1126171933,-1.0,1.0,AU-L02-W01;AU-L02-W02;AU-L02-W03;AU-L02-W04;AU-L02-W05;AU-L02-W06;AU-L02-W07;AU-L02-W08;AU-L02-W09;AU-L02-W10,5,True,,,,,,,,
primary_public_replay::0040,primary_public_replay,primary_public_replay::redundancy_mechanism.independent_marginal_gain_waste.anti_uav410.load_2,redundancy_mechanism.independent_marginal_gain_waste.anti_uav410.load_2,ca_hmcd_stage5_statistics_20260916\all_cluster_paired_statistics.csv,b47b91f5459632ccb3f7d8e3eba394e6109e41e6803665c7d15b1549d7e8bdd9,public trajectory or preregistered composed workload; 30 stochastic seeds nested within each unit,10,30,CA-HMCD vs Random,independent_marginal_gain_waste,CA-HMCD,Random,-0.1037181581,-0.1139425669,-0.0942337103,0.001953125,0.009765625,-6.1676443348,-1.0,1.0,True,redundancy_mechanism.independent_marginal_gain_waste.anti_uav410.load_2,redundancy mechanism,CA-HMCD vs Random,independent_marginal_gain_waste,CA-HMCD,Random,lower,anti_uav410,2,anti_uav410.load_2,Anti-UAV410 load 2,public trajectory or preregistered composed workload,10,30,0.0076836974,0.1114018555,-0.1037181581,-0.1139425669,-0.0942337103,mean paired difference across independent clusters,"BCa paired cluster bootstrap, 10000 resamples",0,two-sided paired Wilcoxon signed-rank test,0.001953125,0.009765625,-6.1676443348,-1.0,1.0,AU-L02-W01;AU-L02-W02;AU-L02-W03;AU-L02-W04;AU-L02-W05;AU-L02-W06;AU-L02-W07;AU-L02-W08;AU-L02-W09;AU-L02-W10,5,True,,,,,,,,
primary_public_replay::0041,primary_public_replay,primary_public_replay::computational_boundary.end_to_end_runtime_ms.anti_uav410.load_2,computational_boundary.end_to_end_runtime_ms.anti_uav410.load_2,ca_hmcd_stage5_statistics_20260916\all_cluster_paired_statistics.csv,b47b91f5459632ccb3f7d8e3eba394e6109e41e6803665c7d15b1549d7e8bdd9,public trajectory or preregistered composed workload; 30 stochastic seeds nested within each unit,10,30,CA-HMCD vs Greedy,end_to_end_runtime_ms,CA-HMCD,Greedy,0.0448076667,-0.5191682405,0.5369580668,0.845703125,0.845703125,0.0497801951,0.0909090909,0.4,False,computational_boundary.end_to_end_runtime_ms.anti_uav410.load_2,computational boundary,CA-HMCD vs Greedy,end_to_end_runtime_ms,CA-HMCD,Greedy,lower,anti_uav410,2,anti_uav410.load_2,Anti-UAV410 load 2,public trajectory or preregistered composed workload,10,30,58.8473321111,58.8025244444,0.0448076667,-0.5191682405,0.5369580668,mean paired difference across independent clusters,"BCa paired cluster bootstrap, 10000 resamples",25.0,two-sided paired Wilcoxon signed-rank test,0.845703125,0.845703125,0.0497801951,0.0909090909,0.4,AU-L02-W01;AU-L02-W02;AU-L02-W03;AU-L02-W04;AU-L02-W05;AU-L02-W06;AU-L02-W07;AU-L02-W08;AU-L02-W09;AU-L02-W10,5,False,,,,,,,,
primary_public_replay::0042,primary_public_replay,primary_public_replay::computational_boundary.end_to_end_runtime_ms.anti_uav410.load_2,computational_boundary.end_to_end_runtime_ms.anti_uav410.load_2,ca_hmcd_stage5_statistics_20260916\all_cluster_paired_statistics.csv,b47b91f5459632ccb3f7d8e3eba394e6109e41e6803665c7d15b1549d7e8bdd9,public trajectory or preregistered composed workload; 30 stochastic seeds nested within each unit,10,30,CA-HMCD vs External-Auction,end_to_end_runtime_ms,CA-HMCD,External-Auction,2.3174654723,1.9130727492,2.8727553708,0.001953125,0.009765625,2.915949873,1.0,0.0,True,computational_boundary.end_to_end_runtime_ms.anti_uav410.load_2,computational boundary,CA-HMCD vs External-Auction,end_to_end_runtime_ms,CA-HMCD,External-Auction,lower,anti_uav410,2,anti_uav410.load_2,Anti-UAV410 load 2,public trajectory or preregistered composed workload,10,30,58.8473321111,56.5298666389,2.3174654723,1.9130727492,2.8727553708,mean paired difference across independent clusters,"BCa paired cluster bootstrap, 10000 resamples",0,two-sided paired Wilcoxon signed-rank test,0.001953125,0.009765625,2.915949873,1.0,0.0,AU-L02-W01;AU-L02-W02;AU-L02-W03;AU-L02-W04;AU-L02-W05;AU-L02-W06;AU-L02-W07;AU-L02-W08;AU-L02-W09;AU-L02-W10,5,True,,,,,,,,
primary_public_replay::0043,primary_public_replay,primary_public_replay::computational_boundary.end_to_end_runtime_ms.anti_uav410.load_2,computational_boundary.end_to_end_runtime_ms.anti_uav410.load_2,ca_hmcd_stage5_statistics_20260916\all_cluster_paired_statistics.csv,b47b91f5459632ccb3f7d8e3eba394e6109e41e6803665c7d15b1549d7e8bdd9,public trajectory or preregistered composed workload; 30 stochastic seeds nested within each unit,10,30,CA-HMCD vs No-Synergy,end_to_end_runtime_ms,CA-HMCD,No-Synergy,1.2223116111,0.7519351359,1.676833321,0.00390625,0.01171875,1.5715794492,0.9636363636,0.1,True,computational_boundary.end_to_end_runtime_ms.anti_uav410.load_2,computational boundary,CA-HMCD vs No-Synergy,end_to_end_runtime_ms,CA-HMCD,No-Synergy,lower,anti_uav410,2,anti_uav410.load_2,Anti-UAV410 load 2,public trajectory or preregistered composed workload,10,30,58.8473321111,57.6250205,1.2223116111,0.7519351359,1.676833321,mean paired difference across independent clusters,"BCa paired cluster bootstrap, 10000 resamples",1.0,two-sided paired Wilcoxon signed-rank test,0.00390625,0.01171875,1.5715794492,0.9636363636,0.1,AU-L02-W01;AU-L02-W02;AU-L02-W03;AU-L02-W04;AU-L02-W05;AU-L02-W06;AU-L02-W07;AU-L02-W08;AU-L02-W09;AU-L02-W10,5,True,,,,,,,,
primary_public_replay::0044,primary_public_replay,primary_public_replay::computational_boundary.end_to_end_runtime_ms.anti_uav410.load_2,computational_boundary.end_to_end_runtime_ms.anti_uav410.load_2,ca_hmcd_stage5_statistics_20260916\all_cluster_paired_statistics.csv,b47b91f5459632ccb3f7d8e3eba394e6109e41e6803665c7d15b1549d7e8bdd9,public trajectory or preregistered composed workload; 30 stochastic seeds nested within each unit,10,30,CA-HMCD vs No-Stability,end_to_end_runtime_ms,CA-HMCD,No-Stability,2.0535344446,1.6590888248,2.4756452128,0.001953125,0.009765625,2.9855019185,1.0,0.0,True,computational_boundary.end_to_end_runtime_ms.anti_uav410.load_2,computational boundary,CA-HMCD vs No-Stability,end_to_end_runtime_ms,CA-HMCD,No-Stability,lower,anti_uav410,2,anti_uav410.load_2,Anti-UAV410 load 2,public trajectory or preregistered composed workload,10,30,58.8473321111,56.7937976666,2.0535344446,1.6590888248,2.4756452128,mean paired difference across independent clusters,"BCa paired cluster bootstrap, 10000 resamples",0,two-sided paired Wilcoxon signed-rank test,0.001953125,0.009765625,2.9855019185,1.0,0.0,AU-L02-W01;AU-L02-W02;AU-L02-W03;AU-L02-W04;AU-L02-W05;AU-L02-W06;AU-L02-W07;AU-L02-W08;AU-L02-W09;AU-L02-W10,5,True,,,,,,,,
primary_public_replay::0045,primary_public_replay,primary_public_replay::computational_boundary.end_to_end_runtime_ms.anti_uav410.load_2,computational_boundary.end_to_end_runtime_ms.anti_uav410.load_2,ca_hmcd_stage5_statistics_20260916\all_cluster_paired_statistics.csv,b47b91f5459632ccb3f7d8e3eba394e6109e41e6803665c7d15b1549d7e8bdd9,public trajectory or preregistered composed workload; 30 stochastic seeds nested within each unit,10,30,CA-HMCD vs Random,end_to_end_runtime_ms,CA-HMCD,Random,2.3765004445,1.4966220884,3.347916866,0.00390625,0.01171875,1.495746313,0.9636363636,0.1,True,computational_boundary.end_to_end_runtime_ms.anti_uav410.load_2,computational boundary,CA-HMCD vs Random,end_to_end_runtime_ms,CA-HMCD,Random,lower,anti_uav410,2,anti_uav410.load_2,Anti-UAV410 load 2,public trajectory or preregistered composed workload,10,30,58.8473321111,56.4708316667,2.3765004445,1.4966220884,3.347916866,mean paired difference across independent clusters,"BCa paired cluster bootstrap, 10000 resamples",1.0,two-sided paired Wilcoxon signed-rank test,0.00390625,0.01171875,1.495746313,0.9636363636,0.1,AU-L02-W01;AU-L02-W02;AU-L02-W03;AU-L02-W04;AU-L02-W05;AU-L02-W06;AU-L02-W07;AU-L02-W08;AU-L02-W09;AU-L02-W10,5,True,,,,,,,,
primary_public_replay::0046,primary_public_replay,primary_public_replay::computational_boundary.fallback_run_indicator.anti_uav410.load_2,computational_boundary.fallback_run_indicator.anti_uav410.load_2,ca_hmcd_stage5_statistics_20260916\all_cluster_paired_statistics.csv,b47b91f5459632ccb3f7d8e3eba394e6109e41e6803665c7d15b1549d7e8bdd9,public trajectory or preregistered composed workload; 30 stochastic seeds nested within each unit,10,30,CA-HMCD vs Greedy,fallback_run_indicator,CA-HMCD,Greedy,0.0,0.0,0.0,1.0,1.0,0.0,0.0,0.5,False,computational_boundary.fallback_run_indicator.anti_uav410.load_2,computational boundary,CA-HMCD vs Greedy,fallback_run_indicator,CA-HMCD,Greedy,lower,anti_uav410,2,anti_uav410.load_2,Anti-UAV410 load 2,public trajectory or preregistered composed workload,10,30,0.0,0.0,0.0,0.0,0.0,mean paired difference across independent clusters,"BCa paired cluster bootstrap, 10000 resamples",0.0,two-sided paired Wilcoxon signed-rank test,1.0,1.0,0.0,0.0,0.5,AU-L02-W01;AU-L02-W02;AU-L02-W03;AU-L02-W04;AU-L02-W05;AU-L02-W06;AU-L02-W07;AU-L02-W08;AU-L02-W09;AU-L02-W10,5,False,,,,,,,,
primary_public_replay::0047,primary_public_replay,primary_public_replay::computational_boundary.fallback_run_indicator.anti_uav410.load_2,computational_boundary.fallback_run_indicator.anti_uav410.load_2,ca_hmcd_stage5_statistics_20260916\all_cluster_paired_statistics.csv,b47b91f5459632ccb3f7d8e3eba394e6109e41e6803665c7d15b1549d7e8bdd9,public trajectory or preregistered composed workload; 30 stochastic seeds nested within each unit,10,30,CA-HMCD vs External-Auction,fallback_run_indicator,CA-HMCD,External-Auction,0.0,0.0,0.0,1.0,1.0,0.0,0.0,0.5,False,computational_boundary.fallback_run_indicator.anti_uav410.load_2,computational boundary,CA-HMCD vs External-Auction,fallback_run_indicator,CA-HMCD,External-Auction,lower,anti_uav410,2,anti_uav410.load_2,Anti-UAV410 load 2,public trajectory or preregistered composed workload,10,30,0.0,0.0,0.0,0.0,0.0,mean paired difference across independent clusters,"BCa paired cluster bootstrap, 10000 resamples",0.0,two-sided paired Wilcoxon signed-rank test,1.0,1.0,0.0,0.0,0.5,AU-L02-W01;AU-L02-W02;AU-L02-W03;AU-L02-W04;AU-L02-W05;AU-L02-W06;AU-L02-W07;AU-L02-W08;AU-L02-W09;AU-L02-W10,5,False,,,,,,,,
primary_public_replay::0048,primary_public_replay,primary_public_replay::computational_boundary.fallback_run_indicator.anti_uav410.load_2,computational_boundary.fallback_run_indicator.anti_uav410.load_2,ca_hmcd_stage5_statistics_20260916\all_cluster_paired_statistics.csv,b47b91f5459632ccb3f7d8e3eba394e6109e41e6803665c7d15b1549d7e8bdd9,public trajectory or preregistered composed workload; 30 stochastic seeds nested within each unit,10,30,CA-HMCD vs No-Synergy,fallback_run_indicator,CA-HMCD,No-Synergy,0.0,0.0,0.0,1.0,1.0,0.0,0.0,0.5,False,computational_boundary.fallback_run_indicator.anti_uav410.load_2,computational boundary,CA-HMCD vs No-Synergy,fallback_run_indicator,CA-HMCD,No-Synergy,lower,anti_uav410,2,anti_uav410.load_2,Anti-UAV410 load 2,public trajectory or preregistered composed workload,10,30,0.0,0.0,0.0,0.0,0.0,mean paired difference across independent clusters,"BCa paired cluster bootstrap, 10000 resamples",0.0,two-sided paired Wilcoxon signed-rank test,1.0,1.0,0.0,0.0,0.5,AU-L02-W01;AU-L02-W02;AU-L02-W03;AU-L02-W04;AU-L02-W05;AU-L02-W06;AU-L02-W07;AU-L02-W08;AU-L02-W09;AU-L02-W10,5,False,,,,,,,,
primary_public_replay::0049,primary_public_replay,primary_public_replay::computational_boundary.fallback_run_indicator.anti_uav410.load_2,computational_boundary.fallback_run_indicator.anti_uav410.load_2,ca_hmcd_stage5_statistics_20260916\all_cluster_paired_statistics.csv,b47b91f5459632ccb3f7d8e3eba394e6109e41e6803665c7d15b1549d7e8bdd9,public trajectory or preregistered composed workload; 30 stochastic seeds nested within each unit,10,30,CA-HMCD vs No-Stability,fallback_run_indicator,CA-HMCD,No-Stability,0.0,0.0,0.0,1.0,1.0,0.0,0.0,0.5,False,computational_boundary.fallback_run_indicator.anti_uav410.load_2,computational boundary,CA-HMCD vs No-Stability,fallback_run_indicator,CA-HMCD,No-Stability,lower,anti_uav410,2,anti_uav410.load_2,Anti-UAV410 load 2,public trajectory or preregistered composed workload,10,30,0.0,0.0,0.0,0.0,0.0,mean paired difference across independent clusters,"BCa paired cluster bootstrap, 10000 resamples",0.0,two-sided paired Wilcoxon signed-rank test,1.0,1.0,0.0,0.0,0.5,AU-L02-W01;AU-L02-W02;AU-L02-W03;AU-L02-W04;AU-L02-W05;AU-L02-W06;AU-L02-W07;AU-L02-W08;AU-L02-W09;AU-L02-W10,5,False,,,,,,,,
primary_public_replay::0050,primary_public_replay,primary_public_replay::computational_boundary.fallback_run_indicator.anti_uav410.load_2,computational_boundary.fallback_run_indicator.anti_uav410.load_2,ca_hmcd_stage5_statistics_20260916\all_cluster_paired_statistics.csv,b47b91f5459632ccb3f7d8e3eba394e6109e41e6803665c7d15b1549d7e8bdd9,public trajectory or preregistered composed workload; 30 stochastic seeds nested within each unit,10,30,CA-HMCD vs Random,fallback_run_indicator,CA-HMCD,Random,0.0,0.0,0.0,1.0,1.0,0.0,0.0,0.5,False,computational_boundary.fallback_run_indicator.anti_uav410.load_2,computational boundary,CA-HMCD vs Random,fallback_run_indicator,CA-HMCD,Random,lower,anti_uav410,2,anti_uav410.load_2,Anti-UAV410 load 2,public trajectory or preregistered composed workload,10,30,0.0,0.0,0.0,0.0,0.0,mean paired difference across independent clusters,"BCa paired cluster bootstrap, 10000 resamples",0.0,two-sided paired Wilcoxon signed-rank test,1.0,1.0,0.0,0.0,0.5,AU-L02-W01;AU-L02-W02;AU-L02-W03;AU-L02-W04;AU-L02-W05;AU-L02-W06;AU-L02-W07;AU-L02-W08;AU-L02-W09;AU-L02-W10,5,False,,,,,,,,
primary_public_replay::0051,primary_public_replay,primary_public_replay::computational_boundary.fallback.anti_uav410.load_2,computational_boundary.fallback.anti_uav410.load_2,ca_hmcd_stage5_statistics_20260916\all_cluster_paired_statistics.csv,b47b91f5459632ccb3f7d8e3eba394e6109e41e6803665c7d15b1549d7e8bdd9,public trajectory or preregistered composed workload; 30 stochastic seeds nested within each unit,10,30,CA-HMCD vs Greedy,fallback,CA-HMCD,Greedy,0.0,0.0,0.0,1.0,1.0,0.0,0.0,0.5,False,computational_boundary.fallback.anti_uav410.load_2,computational boundary,CA-HMCD vs Greedy,fallback,CA-HMCD,Greedy,lower,anti_uav410,2,anti_uav410.load_2,Anti-UAV410 load 2,public trajectory or preregistered composed workload,10,30,0.0,0.0,0.0,0.0,0.0,mean paired difference across independent clusters,"BCa paired cluster bootstrap, 10000 resamples",0.0,two-sided paired Wilcoxon signed-rank test,1.0,1.0,0.0,0.0,0.5,AU-L02-W01;AU-L02-W02;AU-L02-W03;AU-L02-W04;AU-L02-W05;AU-L02-W06;AU-L02-W07;AU-L02-W08;AU-L02-W09;AU-L02-W10,5,False,,,,,,,,
primary_public_replay::0052,primary_public_replay,primary_public_replay::computational_boundary.fallback.anti_uav410.load_2,computational_boundary.fallback.anti_uav410.load_2,ca_hmcd_stage5_statistics_20260916\all_cluster_paired_statistics.csv,b47b91f5459632ccb3f7d8e3eba394e6109e41e6803665c7d15b1549d7e8bdd9,public trajectory or preregistered composed workload; 30 stochastic seeds nested within each unit,10,30,CA-HMCD vs External-Auction,fallback,CA-HMCD,External-Auction,0.0,0.0,0.0,1.0,1.0,0.0,0.0,0.5,False,computational_boundary.fallback.anti_uav410.load_2,computational boundary,CA-HMCD vs External-Auction,fallback,CA-HMCD,External-Auction,lower,anti_uav410,2,anti_uav410.load_2,Anti-UAV410 load 2,public trajectory or preregistered composed workload,10,30,0.0,0.0,0.0,0.0,0.0,mean paired difference across independent clusters,"BCa paired cluster bootstrap, 10000 resamples",0.0,two-sided paired Wilcoxon signed-rank test,1.0,1.0,0.0,0.0,0.5,AU-L02-W01;AU-L02-W02;AU-L02-W03;AU-L02-W04;AU-L02-W05;AU-L02-W06;AU-L02-W07;AU-L02-W08;AU-L02-W09;AU-L02-W10,5,False,,,,,,,,
primary_public_replay::0053,primary_public_replay,primary_public_replay::computational_boundary.fallback.anti_uav410.load_2,computational_boundary.fallback.anti_uav410.load_2,ca_hmcd_stage5_statistics_20260916\all_cluster_paired_statistics.csv,b47b91f5459632ccb3f7d8e3eba394e6109e41e6803665c7d15b1549d7e8bdd9,public trajectory or preregistered composed workload; 30 stochastic seeds nested within each unit,10,30,CA-HMCD vs No-Synergy,fallback,CA-HMCD,No-Synergy,0.0,0.0,0.0,1.0,1.0,0.0,0.0,0.5,False,computational_boundary.fallback.anti_uav410.load_2,computational boundary,CA-HMCD vs No-Synergy,fallback,CA-HMCD,No-Synergy,lower,anti_uav410,2,anti_uav410.load_2,Anti-UAV410 load 2,public trajectory or preregistered composed workload,10,30,0.0,0.0,0.0,0.0,0.0,mean paired difference across independent clusters,"BCa paired cluster bootstrap, 10000 resamples",0.0,two-sided paired Wilcoxon signed-rank test,1.0,1.0,0.0,0.0,0.5,AU-L02-W01;AU-L02-W02;AU-L02-W03;AU-L02-W04;AU-L02-W05;AU-L02-W06;AU-L02-W07;AU-L02-W08;AU-L02-W09;AU-L02-W10,5,False,,,,,,,,
primary_public_replay::0054,primary_public_replay,primary_public_replay::computational_boundary.fallback.anti_uav410.load_2,computational_boundary.fallback.anti_uav410.load_2,ca_hmcd_stage5_statistics_20260916\all_cluster_paired_statistics.csv,b47b91f5459632ccb3f7d8e3eba394e6109e41e6803665c7d15b1549d7e8bdd9,public trajectory or preregistered composed workload; 30 stochastic seeds nested within each unit,10,30,CA-HMCD vs No-Stability,fallback,CA-HMCD,No-Stability,0.0,0.0,0.0,1.0,1.0,0.0,0.0,0.5,False,computational_boundary.fallback.anti_uav410.load_2,computational boundary,CA-HMCD vs No-Stability,fallback,CA-HMCD,No-Stability,lower,anti_uav410,2,anti_uav410.load_2,Anti-UAV410 load 2,public trajectory or preregistered composed workload,10,30,0.0,0.0,0.0,0.0,0.0,mean paired difference across independent clusters,"BCa paired cluster bootstrap, 10000 resamples",0.0,two-sided paired Wilcoxon signed-rank test,1.0,1.0,0.0,0.0,0.5,AU-L02-W01;AU-L02-W02;AU-L02-W03;AU-L02-W04;AU-L02-W05;AU-L02-W06;AU-L02-W07;AU-L02-W08;AU-L02-W09;AU-L02-W10,5,False,,,,,,,,
primary_public_replay::0055,primary_public_replay,primary_public_replay::computational_boundary.fallback.anti_uav410.load_2,computational_boundary.fallback.anti_uav410.load_2,ca_hmcd_stage5_statistics_20260916\all_cluster_paired_statistics.csv,b47b91f5459632ccb3f7d8e3eba394e6109e41e6803665c7d15b1549d7e8bdd9,public trajectory or preregistered composed workload; 30 stochastic seeds nested within each unit,10,30,CA-HMCD vs Random,fallback,CA-HMCD,Random,0.0,0.0,0.0,1.0,1.0,0.0,0.0,0.5,False,computational_boundary.fallback.anti_uav410.load_2,computational boundary,CA-HMCD vs Random,fallback,CA-HMCD,Random,lower,anti_uav410,2,anti_uav410.load_2,Anti-UAV410 load 2,public trajectory or preregistered composed workload,10,30,0.0,0.0,0.0,0.0,0.0,mean paired difference across independent clusters,"BCa paired cluster bootstrap, 10000 resamples",0.0,two-sided paired Wilcoxon signed-rank test,1.0,1.0,0.0,0.0,0.5,AU-L02-W01;AU-L02-W02;AU-L02-W03;AU-L02-W04;AU-L02-W05;AU-L02-W06;AU-L02-W07;AU-L02-W08;AU-L02-W09;AU-L02-W10,5,False,,,,,,,,
primary_public_replay::0056,primary_public_replay,primary_public_replay::primary_performance.external_objective.anti_uav410.load_4,primary_performance.external_objective.anti_uav410.load_4,ca_hmcd_stage5_statistics_20260916\all_cluster_paired_statistics.csv,b47b91f5459632ccb3f7d8e3eba394e6109e41e6803665c7d15b1549d7e8bdd9,public trajectory or preregistered composed workload; 30 stochastic seeds nested within each unit,8,30,CA-HMCD vs Greedy,external_objective,CA-HMCD,Greedy,0.0128862951,0.0058597121,0.02105301,0.0234375,0.0390625,1.0924247837,0.8888888889,0.875,True,primary_performance.external_objective.anti_uav410.load_4,primary performance,CA-HMCD vs Greedy,external_objective,CA-HMCD,Greedy,higher,anti_uav410,4,anti_uav410.load_4,Anti-UAV410 load 4,public trajectory or preregistered composed workload,8,30,0.1197737464,0.1068874513,0.0128862951,0.0058597121,0.02105301,mean paired difference across independent clusters,"BCa paired cluster bootstrap, 10000 resamples",2.0,two-sided paired Wilcoxon signed-rank test,0.0234375,0.0390625,1.0924247837,0.8888888889,0.875,AU-L04-W01;AU-L04-W02;AU-L04-W03;AU-L04-W04;AU-L04-W05;AU-L04-W06;AU-L04-W07;AU-L04-W08,5,True,,,,,,,,
primary_public_replay::0057,primary_public_replay,primary_public_replay::primary_performance.external_objective.anti_uav410.load_4,primary_performance.external_objective.anti_uav410.load_4,ca_hmcd_stage5_statistics_20260916\all_cluster_paired_statistics.csv,b47b91f5459632ccb3f7d8e3eba394e6109e41e6803665c7d15b1549d7e8bdd9,public trajectory or preregistered composed workload; 30 stochastic seeds nested within each unit,8,30,CA-HMCD vs External-Auction,external_objective,CA-HMCD,External-Auction,0.0197527951,0.0120048407,0.0290593234,0.0078125,0.0390625,1.4911987071,1.0,1.0,True,primary_performance.external_objective.anti_uav410.load_4,primary performance,CA-HMCD vs External-Auction,external_objective,CA-HMCD,External-Auction,higher,anti_uav410,4,anti_uav410.load_4,Anti-UAV410 load 4,public trajectory or preregistered composed workload,8,30,0.1197737464,0.1000209513,0.0197527951,0.0120048407,0.0290593234,mean paired difference across independent clusters,"BCa paired cluster bootstrap, 10000 resamples",0,two-sided paired Wilcoxon signed-rank test,0.0078125,0.0390625,1.4911987071,1.0,1.0,AU-L04-W01;AU-L04-W02;AU-L04-W03;AU-L04-W04;AU-L04-W05;AU-L04-W06;AU-L04-W07;AU-L04-W08,5,True,,,,,,,,
primary_public_replay::0058,primary_public_replay,primary_public_replay::primary_performance.external_objective.anti_uav410.load_4,primary_performance.external_objective.anti_uav410.load_4,ca_hmcd_stage5_statistics_20260916\all_cluster_paired_statistics.csv,b47b91f5459632ccb3f7d8e3eba394e6109e41e6803665c7d15b1549d7e8bdd9,public trajectory or preregistered composed workload; 30 stochastic seeds nested within each unit,8,30,CA-HMCD vs No-Synergy,external_objective,CA-HMCD,No-Synergy,0.0048344179,0.0016316688,0.0099876315,0.015625,0.0390625,0.787137505,0.9444444444,0.875,True,primary_performance.external_objective.anti_uav410.load_4,primary performance,CA-HMCD vs No-Synergy,external_objective,CA-HMCD,No-Synergy,higher,anti_uav410,4,anti_uav410.load_4,Anti-UAV410 load 4,public trajectory or preregistered composed workload,8,30,0.1197737464,0.1149393285,0.0048344179,0.0016316688,0.0099876315,mean paired difference across independent clusters,"BCa paired cluster bootstrap, 10000 resamples",1.0,two-sided paired Wilcoxon signed-rank test,0.015625,0.0390625,0.787137505,0.9444444444,0.875,AU-L04-W01;AU-L04-W02;AU-L04-W03;AU-L04-W04;AU-L04-W05;AU-L04-W06;AU-L04-W07;AU-L04-W08,5,True,,,,,,,,
primary_public_replay::0059,primary_public_replay,primary_public_replay::primary_performance.external_objective.anti_uav410.load_4,primary_performance.external_objective.anti_uav410.load_4,ca_hmcd_stage5_statistics_20260916\all_cluster_paired_statistics.csv,b47b91f5459632ccb3f7d8e3eba394e6109e41e6803665c7d15b1549d7e8bdd9,public trajectory or preregistered composed workload; 30 stochastic seeds nested within each unit,8,30,CA-HMCD vs No-Stability,external_objective,CA-HMCD,No-Stability,0.3340412499,0.3170252815,0.3665499865,0.0078125,0.0390625,9.4239752539,1.0,1.0,True,primary_performance.external_objective.anti_uav410.load_4,primary performance,CA-HMCD vs No-Stability,external_objective,CA-HMCD,No-Stability,higher,anti_uav410,4,anti_uav410.load_4,Anti-UAV410 load 4,public trajectory or preregistered composed workload,8,30,0.1197737464,-0.2142675036,0.3340412499,0.3170252815,0.3665499865,mean paired difference across independent clusters,"BCa paired cluster bootstrap, 10000 resamples",0,two-sided paired Wilcoxon signed-rank test,0.0078125,0.0390625,9.4239752539,1.0,1.0,AU-L04-W01;AU-L04-W02;AU-L04-W03;AU-L04-W04;AU-L04-W05;AU-L04-W06;AU-L04-W07;AU-L04-W08,5,True,,,,,,,,
primary_public_replay::0060,primary_public_replay,primary_public_replay::primary_performance.external_objective.anti_uav410.load_4,primary_performance.external_objective.anti_uav410.load_4,ca_hmcd_stage5_statistics_20260916\all_cluster_paired_statistics.csv,b47b91f5459632ccb3f7d8e3eba394e6109e41e6803665c7d15b1549d7e8bdd9,public trajectory or preregistered composed workload; 30 stochastic seeds nested within each unit,8,30,CA-HMCD vs Random,external_objective,CA-HMCD,Random,0.4916919778,0.4587975318,0.5218570207,0.0078125,0.0390625,10.0753963409,1.0,1.0,True,primary_performance.external_objective.anti_uav410.load_4,primary performance,CA-HMCD vs Random,external_objective,CA-HMCD,Random,higher,anti_uav410,4,anti_uav410.load_4,Anti-UAV410 load 4,public trajectory or preregistered composed workload,8,30,0.1197737464,-0.3719182314,0.4916919778,0.4587975318,0.5218570207,mean paired difference across independent clusters,"BCa paired cluster bootstrap, 10000 resamples",0,two-sided paired Wilcoxon signed-rank test,0.0078125,0.0390625,10.0753963409,1.0,1.0,AU-L04-W01;AU-L04-W02;AU-L04-W03;AU-L04-W04;AU-L04-W05;AU-L04-W06;AU-L04-W07;AU-L04-W08,5,True,,,,,,,,
primary_public_replay::0061,primary_public_replay,primary_public_replay::primary_performance.independent_service_score.anti_uav410.load_4,primary_performance.independent_service_score.anti_uav410.load_4,ca_hmcd_stage5_statistics_20260916\all_cluster_paired_statistics.csv,b47b91f5459632ccb3f7d8e3eba394e6109e41e6803665c7d15b1549d7e8bdd9,public trajectory or preregistered composed workload; 30 stochastic seeds nested within each unit,8,30,CA-HMCD vs Greedy,independent_service_score,CA-HMCD,Greedy,-6.1377e-06,-0.0043230134,0.0020832933,0.546875,1.0,-0.00136715,0.2777777778,0.625,False,primary_performance.independent_service_score.anti_uav410.load_4,primary performance,CA-HMCD vs Greedy,independent_service_score,CA-HMCD,Greedy,higher,anti_uav410,4,anti_uav410.load_4,Anti-UAV410 load 4,public trajectory or preregistered composed workload,8,30,0.5632939358,0.5633000735,-6.1377e-06,-0.0043230134,0.0020832933,mean paired difference across independent clusters,"BCa paired cluster bootstrap, 10000 resamples",13.0,two-sided paired Wilcoxon signed-rank test,0.546875,1.0,-0.00136715,0.2777777778,0.625,AU-L04-W01;AU-L04-W02;AU-L04-W03;AU-L04-W04;AU-L04-W05;AU-L04-W06;AU-L04-W07;AU-L04-W08,5,False,,,,,,,,
primary_public_replay::0062,primary_public_replay,primary_public_replay::primary_performance.independent_service_score.anti_uav410.load_4,primary_performance.independent_service_score.anti_uav410.load_4,ca_hmcd_stage5_statistics_20260916\all_cluster_paired_statistics.csv,b47b91f5459632ccb3f7d8e3eba394e6109e41e6803665c7d15b1549d7e8bdd9,public trajectory or preregistered composed workload; 30 stochastic seeds nested within each unit,8,30,CA-HMCD vs External-Auction,independent_service_score,CA-HMCD,External-Auction,-0.0008660344,-0.0041394718,0.001678138,0.640625,1.0,-0.1942752717,-0.2222222222,0.375,False,primary_performance.independent_service_score.anti_uav410.load_4,primary performance,CA-HMCD vs External-Auction,independent_service_score,CA-HMCD,External-Auction,higher,anti_uav410,4,anti_uav410.load_4,Anti-UAV410 load 4,public trajectory or preregistered composed workload,8,30,0.5632939358,0.5641599702,-0.0008660344,-0.0041394718,0.001678138,mean paired difference across independent clusters,"BCa paired cluster bootstrap, 10000 resamples",14.0,two-sided paired Wilcoxon signed-rank test,0.640625,1.0,-0.1942752717,-0.2222222222,0.375,AU-L04-W01;AU-L04-W02;AU-L04-W03;AU-L04-W04;AU-L04-W05;AU-L04-W06;AU-L04-W07;AU-L04-W08,5,False,,,,,,,,
primary_public_replay::0063,primary_public_replay,primary_public_replay::primary_performance.independent_service_score.anti_uav410.load_4,primary_performance.independent_service_score.anti_uav410.load_4,ca_hmcd_stage5_statistics_20260916\all_cluster_paired_statistics.csv,b47b91f5459632ccb3f7d8e3eba394e6109e41e6803665c7d15b1549d7e8bdd9,public trajectory or preregistered composed workload; 30 stochastic seeds nested within each unit,8,30,CA-HMCD vs No-Synergy,independent_service_score,CA-HMCD,No-Synergy,0.0027848778,0.0012434679,0.0050724851,0.0078125,0.0390625,0.9746479806,1.0,1.0,True,primary_performance.independent_service_score.anti_uav410.load_4,primary performance,CA-HMCD vs No-Synergy,independent_service_score,CA-HMCD,No-Synergy,higher,anti_uav410,4,anti_uav410.load_4,Anti-UAV410 load 4,public trajectory or preregistered composed workload,8,30,0.5632939358,0.560509058,0.0027848778,0.0012434679,0.0050724851,mean paired difference across independent clusters,"BCa paired cluster bootstrap, 10000 resamples",0,two-sided paired Wilcoxon signed-rank test,0.0078125,0.0390625,0.9746479806,1.0,1.0,AU-L04-W01;AU-L04-W02;AU-L04-W03;AU-L04-W04;AU-L04-W05;AU-L04-W06;AU-L04-W07;AU-L04-W08,5,True,,,,,,,,
primary_public_replay::0064,primary_public_replay,primary_public_replay::primary_performance.independent_service_score.anti_uav410.load_4,primary_performance.independent_service_score.anti_uav410.load_4,ca_hmcd_stage5_statistics_20260916\all_cluster_paired_statistics.csv,b47b91f5459632ccb3f7d8e3eba394e6109e41e6803665c7d15b1549d7e8bdd9,public trajectory or preregistered composed workload; 30 stochastic seeds nested within each unit,8,30,CA-HMCD vs No-Stability,independent_service_score,CA-HMCD,No-Stability,-0.0593838976,-0.062652497,-0.0558179701,0.0078125,0.0390625,-11.3449740286,-1.0,0.0,True,primary_performance.independent_service_score.anti_uav410.load_4,primary performance,CA-HMCD vs No-Stability,independent_service_score,CA-HMCD,No-Stability,higher,anti_uav410,4,anti_uav410.load_4,Anti-UAV410 load 4,public trajectory or preregistered composed workload,8,30,0.5632939358,0.6226778334,-0.0593838976,-0.062652497,-0.0558179701,mean paired difference across independent clusters,"BCa paired cluster bootstrap, 10000 resamples",0,two-sided paired Wilcoxon signed-rank test,0.0078125,0.0390625,-11.3449740286,-1.0,0.0,AU-L04-W01;AU-L04-W02;AU-L04-W03;AU-L04-W04;AU-L04-W05;AU-L04-W06;AU-L04-W07;AU-L04-W08,5,True,,,,,,,,
primary_public_replay::0065,primary_public_replay,primary_public_replay::primary_performance.independent_service_score.anti_uav410.load_4,primary_performance.independent_service_score.anti_uav410.load_4,ca_hmcd_stage5_statistics_20260916\all_cluster_paired_statistics.csv,b47b91f5459632ccb3f7d8e3eba394e6109e41e6803665c7d15b1549d7e8bdd9,public trajectory or preregistered composed workload; 30 stochastic seeds nested within each unit,8,30,CA-HMCD vs Random,independent_service_score,CA-HMCD,Random,0.0850317251,0.081798074,0.0896119601,0.0078125,0.0390625,14.4245657849,1.0,1.0,True,primary_performance.independent_service_score.anti_uav410.load_4,primary performance,CA-HMCD vs Random,independent_service_score,CA-HMCD,Random,higher,anti_uav410,4,anti_uav410.load_4,Anti-UAV410 load 4,public trajectory or preregistered composed workload,8,30,0.5632939358,0.4782622107,0.0850317251,0.081798074,0.0896119601,mean paired difference across independent clusters,"BCa paired cluster bootstrap, 10000 resamples",0,two-sided paired Wilcoxon signed-rank test,0.0078125,0.0390625,14.4245657849,1.0,1.0,AU-L04-W01;AU-L04-W02;AU-L04-W03;AU-L04-W04;AU-L04-W05;AU-L04-W06;AU-L04-W07;AU-L04-W08,5,True,,,,,,,,
primary_public_replay::0066,primary_public_replay,primary_public_replay::primary_performance.independent_coverage.anti_uav410.load_4,primary_performance.independent_coverage.anti_uav410.load_4,ca_hmcd_stage5_statistics_20260916\all_cluster_paired_statistics.csv,b47b91f5459632ccb3f7d8e3eba394e6109e41e6803665c7d15b1549d7e8bdd9,public trajectory or preregistered composed workload; 30 stochastic seeds nested within each unit,8,30,CA-HMCD vs Greedy,independent_coverage,CA-HMCD,Greedy,0.011255787,0.007494213,0.0168113426,0.0078125,0.0390625,1.6021395062,1.0,1.0,True,primary_performance.independent_coverage.anti_uav410.load_4,primary performance,CA-HMCD vs Greedy,independent_coverage,CA-HMCD,Greedy,higher,anti_uav410,4,anti_uav410.load_4,Anti-UAV410 load 4,public trajectory or preregistered composed workload,8,30,0.8961226852,0.8848668981,0.011255787,0.007494213,0.0168113426,mean paired difference across independent clusters,"BCa paired cluster bootstrap, 10000 resamples",0,two-sided paired Wilcoxon signed-rank test,0.0078125,0.0390625,1.6021395062,1.0,1.0,AU-L04-W01;AU-L04-W02;AU-L04-W03;AU-L04-W04;AU-L04-W05;AU-L04-W06;AU-L04-W07;AU-L04-W08,5,True,,,,,,,,
primary_public_replay::0067,primary_public_replay,primary_public_replay::primary_performance.independent_coverage.anti_uav410.load_4,primary_performance.independent_coverage.anti_uav410.load_4,ca_hmcd_stage5_statistics_20260916\all_cluster_paired_statistics.csv,b47b91f5459632ccb3f7d8e3eba394e6109e41e6803665c7d15b1549d7e8bdd9,public trajectory or preregistered composed workload; 30 stochastic seeds nested within each unit,8,30,CA-HMCD vs External-Auction,independent_coverage,CA-HMCD,External-Auction,0.0138310185,0.0091435185,0.0205369118,0.0078125,0.0390625,1.6005238975,1.0,1.0,True,primary_performance.independent_coverage.anti_uav410.load_4,primary performance,CA-HMCD vs External-Auction,independent_coverage,CA-HMCD,External-Auction,higher,anti_uav410,4,anti_uav410.load_4,Anti-UAV410 load 4,public trajectory or preregistered composed workload,8,30,0.8961226852,0.8822916667,0.0138310185,0.0091435185,0.0205369118,mean paired difference across independent clusters,"BCa paired cluster bootstrap, 10000 resamples",0,two-sided paired Wilcoxon signed-rank test,0.0078125,0.0390625,1.6005238975,1.0,1.0,AU-L04-W01;AU-L04-W02;AU-L04-W03;AU-L04-W04;AU-L04-W05;AU-L04-W06;AU-L04-W07;AU-L04-W08,5,True,,,,,,,,
primary_public_replay::0068,primary_public_replay,primary_public_replay::primary_performance.independent_coverage.anti_uav410.load_4,primary_performance.independent_coverage.anti_uav410.load_4,ca_hmcd_stage5_statistics_20260916\all_cluster_paired_statistics.csv,b47b91f5459632ccb3f7d8e3eba394e6109e41e6803665c7d15b1549d7e8bdd9,public trajectory or preregistered composed workload; 30 stochastic seeds nested within each unit,8,30,CA-HMCD vs No-Synergy,independent_coverage,CA-HMCD,No-Synergy,-0.0017361111,-0.0032986111,-0.0007523148,0.015625,0.0390625,-0.9417135044,-1.0,0.0625,True,primary_performance.independent_coverage.anti_uav410.load_4,primary performance,CA-HMCD vs No-Synergy,independent_coverage,CA-HMCD,No-Synergy,higher,anti_uav410,4,anti_uav410.load_4,Anti-UAV410 load 4,public trajectory or preregistered composed workload,8,30,0.8961226852,0.8978587963,-0.0017361111,-0.0032986111,-0.0007523148,mean paired difference across independent clusters,"BCa paired cluster bootstrap, 10000 resamples",0,two-sided paired Wilcoxon signed-rank test,0.015625,0.0390625,-0.9417135044,-1.0,0.0625,AU-L04-W01;AU-L04-W02;AU-L04-W03;AU-L04-W04;AU-L04-W05;AU-L04-W06;AU-L04-W07;AU-L04-W08,5,True,,,,,,,,
primary_public_replay::0069,primary_public_replay,primary_public_replay::primary_performance.independent_coverage.anti_uav410.load_4,primary_performance.independent_coverage.anti_uav410.load_4,ca_hmcd_stage5_statistics_20260916\all_cluster_paired_statistics.csv,b47b91f5459632ccb3f7d8e3eba394e6109e41e6803665c7d15b1549d7e8bdd9,public trajectory or preregistered composed workload; 30 stochastic seeds nested within each unit,8,30,CA-HMCD vs No-Stability,independent_coverage,CA-HMCD,No-Stability,-0.0101273148,-0.0133339751,-0.0061631944,0.0078125,0.0390625,-1.863691867,-1.0,0.0,True,primary_performance.independent_coverage.anti_uav410.load_4,primary performance,CA-HMCD vs No-Stability,independent_coverage,CA-HMCD,No-Stability,higher,anti_uav410,4,anti_uav410.load_4,Anti-UAV410 load 4,public trajectory or preregistered composed workload,8,30,0.8961226852,0.90625,-0.0101273148,-0.0133339751,-0.0061631944,mean paired difference across independent clusters,"BCa paired cluster bootstrap, 10000 resamples",0,two-sided paired Wilcoxon signed-rank test,0.0078125,0.0390625,-1.863691867,-1.0,0.0,AU-L04-W01;AU-L04-W02;AU-L04-W03;AU-L04-W04;AU-L04-W05;AU-L04-W06;AU-L04-W07;AU-L04-W08,5,True,,,,,,,,
primary_public_replay::0070,primary_public_replay,primary_public_replay::primary_performance.independent_coverage.anti_uav410.load_4,primary_performance.independent_coverage.anti_uav410.load_4,ca_hmcd_stage5_statistics_20260916\all_cluster_paired_statistics.csv,b47b91f5459632ccb3f7d8e3eba394e6109e41e6803665c7d15b1549d7e8bdd9,public trajectory or preregistered composed workload; 30 stochastic seeds nested within each unit,8,30,CA-HMCD vs Random,independent_coverage,CA-HMCD,Random,0.2374710648,0.2228298611,0.2513020833,0.0078125,0.0390625,10.8762720086,1.0,1.0,True,primary_performance.independent_coverage.anti_uav410.load_4,primary performance,CA-HMCD vs Random,independent_coverage,CA-HMCD,Random,higher,anti_uav410,4,anti_uav410.load_4,Anti-UAV410 load 4,public trajectory or preregistered composed workload,8,30,0.8961226852,0.6586516204,0.2374710648,0.2228298611,0.2513020833,mean paired difference across independent clusters,"BCa paired cluster bootstrap, 10000 resamples",0,two-sided paired Wilcoxon signed-rank test,0.0078125,0.0390625,10.8762720086,1.0,1.0,AU-L04-W01;AU-L04-W02;AU-L04-W03;AU-L04-W04;AU-L04-W05;AU-L04-W06;AU-L04-W07;AU-L04-W08,5,True,,,,,,,,
primary_public_replay::0071,primary_public_replay,primary_public_replay::stability_mechanism.external_switch_count.anti_uav410.load_4,stability_mechanism.external_switch_count.anti_uav410.load_4,ca_hmcd_stage5_statistics_20260916\all_cluster_paired_statistics.csv,b47b91f5459632ccb3f7d8e3eba394e6109e41e6803665c7d15b1549d7e8bdd9,public trajectory or preregistered composed workload; 30 stochastic seeds nested within each unit,8,30,CA-HMCD vs Greedy,external_switch_count,CA-HMCD,Greedy,-0.1451388889,-0.23125,-0.0700234015,0.015625,0.0390625,-1.177912846,-1.0,0.9375,True,stability_mechanism.external_switch_count.anti_uav410.load_4,stability mechanism,CA-HMCD vs Greedy,external_switch_count,CA-HMCD,Greedy,lower,anti_uav410,4,anti_uav410.load_4,Anti-UAV410 load 4,public trajectory or preregistered composed workload,8,30,1.3277777778,1.4729166667,-0.1451388889,-0.23125,-0.0700234015,mean paired difference across independent clusters,"BCa paired cluster bootstrap, 10000 resamples",0,two-sided paired Wilcoxon signed-rank test,0.015625,0.0390625,-1.177912846,-1.0,0.9375,AU-L04-W01;AU-L04-W02;AU-L04-W03;AU-L04-W04;AU-L04-W05;AU-L04-W06;AU-L04-W07;AU-L04-W08,5,True,,,,,,,,
primary_public_replay::0072,primary_public_replay,primary_public_replay::stability_mechanism.external_switch_count.anti_uav410.load_4,stability_mechanism.external_switch_count.anti_uav410.load_4,ca_hmcd_stage5_statistics_20260916\all_cluster_paired_statistics.csv,b47b91f5459632ccb3f7d8e3eba394e6109e41e6803665c7d15b1549d7e8bdd9,public trajectory or preregistered composed workload; 30 stochastic seeds nested within each unit,8,30,CA-HMCD vs External-Auction,external_switch_count,CA-HMCD,External-Auction,-0.2076388889,-0.3302083333,-0.1159722222,0.0078125,0.0390625,-1.2715364615,-1.0,1.0,True,stability_mechanism.external_switch_count.anti_uav410.load_4,stability mechanism,CA-HMCD vs External-Auction,external_switch_count,CA-HMCD,External-Auction,lower,anti_uav410,4,anti_uav410.load_4,Anti-UAV410 load 4,public trajectory or preregistered composed workload,8,30,1.3277777778,1.5354166667,-0.2076388889,-0.3302083333,-0.1159722222,mean paired difference across independent clusters,"BCa paired cluster bootstrap, 10000 resamples",0,two-sided paired Wilcoxon signed-rank test,0.0078125,0.0390625,-1.2715364615,-1.0,1.0,AU-L04-W01;AU-L04-W02;AU-L04-W03;AU-L04-W04;AU-L04-W05;AU-L04-W06;AU-L04-W07;AU-L04-W08,5,True,,,,,,,,
primary_public_replay::0073,primary_public_replay,primary_public_replay::stability_mechanism.external_switch_count.anti_uav410.load_4,stability_mechanism.external_switch_count.anti_uav410.load_4,ca_hmcd_stage5_statistics_20260916\all_cluster_paired_statistics.csv,b47b91f5459632ccb3f7d8e3eba394e6109e41e6803665c7d15b1549d7e8bdd9,public trajectory or preregistered composed workload; 30 stochastic seeds nested within each unit,8,30,CA-HMCD vs No-Synergy,external_switch_count,CA-HMCD,No-Synergy,0.0357638889,0.021875,0.0621527778,0.0078125,0.0390625,1.2514796372,1.0,0.0,True,stability_mechanism.external_switch_count.anti_uav410.load_4,stability mechanism,CA-HMCD vs No-Synergy,external_switch_count,CA-HMCD,No-Synergy,lower,anti_uav410,4,anti_uav410.load_4,Anti-UAV410 load 4,public trajectory or preregistered composed workload,8,30,1.3277777778,1.2920138889,0.0357638889,0.021875,0.0621527778,mean paired difference across independent clusters,"BCa paired cluster bootstrap, 10000 resamples",0,two-sided paired Wilcoxon signed-rank test,0.0078125,0.0390625,1.2514796372,1.0,0.0,AU-L04-W01;AU-L04-W02;AU-L04-W03;AU-L04-W04;AU-L04-W05;AU-L04-W06;AU-L04-W07;AU-L04-W08,5,True,,,,,,,,
primary_public_replay::0074,primary_public_replay,primary_public_replay::stability_mechanism.external_switch_count.anti_uav410.load_4,stability_mechanism.external_switch_count.anti_uav410.load_4,ca_hmcd_stage5_statistics_20260916\all_cluster_paired_statistics.csv,b47b91f5459632ccb3f7d8e3eba394e6109e41e6803665c7d15b1549d7e8bdd9,public trajectory or preregistered composed workload; 30 stochastic seeds nested within each unit,8,30,CA-HMCD vs No-Stability,external_switch_count,CA-HMCD,No-Stability,-4.3684027778,-4.7006465601,-4.2177083333,0.0078125,0.0390625,-13.2388040029,-1.0,1.0,True,stability_mechanism.external_switch_count.anti_uav410.load_4,stability mechanism,CA-HMCD vs No-Stability,external_switch_count,CA-HMCD,No-Stability,lower,anti_uav410,4,anti_uav410.load_4,Anti-UAV410 load 4,public trajectory or preregistered composed workload,8,30,1.3277777778,5.6961805556,-4.3684027778,-4.7006465601,-4.2177083333,mean paired difference across independent clusters,"BCa paired cluster bootstrap, 10000 resamples",0,two-sided paired Wilcoxon signed-rank test,0.0078125,0.0390625,-13.2388040029,-1.0,1.0,AU-L04-W01;AU-L04-W02;AU-L04-W03;AU-L04-W04;AU-L04-W05;AU-L04-W06;AU-L04-W07;AU-L04-W08,5,True,,,,,,,,
primary_public_replay::0075,primary_public_replay,primary_public_replay::stability_mechanism.external_switch_count.anti_uav410.load_4,stability_mechanism.external_switch_count.anti_uav410.load_4,ca_hmcd_stage5_statistics_20260916\all_cluster_paired_statistics.csv,b47b91f5459632ccb3f7d8e3eba394e6109e41e6803665c7d15b1549d7e8bdd9,public trajectory or preregistered composed workload; 30 stochastic seeds nested within each unit,8,30,CA-HMCD vs Random,external_switch_count,CA-HMCD,Random,-3.5774305556,-3.8190972222,-3.2468076389,0.0078125,0.0390625,-8.2943866248,-1.0,1.0,True,stability_mechanism.external_switch_count.anti_uav410.load_4,stability mechanism,CA-HMCD vs Random,external_switch_count,CA-HMCD,Random,lower,anti_uav410,4,anti_uav410.load_4,Anti-UAV410 load 4,public trajectory or preregistered composed workload,8,30,1.3277777778,4.9052083333,-3.5774305556,-3.8190972222,-3.2468076389,mean paired difference across independent clusters,"BCa paired cluster bootstrap, 10000 resamples",0,two-sided paired Wilcoxon signed-rank test,0.0078125,0.0390625,-8.2943866248,-1.0,1.0,AU-L04-W01;AU-L04-W02;AU-L04-W03;AU-L04-W04;AU-L04-W05;AU-L04-W06;AU-L04-W07;AU-L04-W08,5,True,,,,,,,,
primary_public_replay::0076,primary_public_replay,primary_public_replay::resource_efficiency.independent_physical_cost.anti_uav410.load_4,resource_efficiency.independent_physical_cost.anti_uav410.load_4,ca_hmcd_stage5_statistics_20260916\all_cluster_paired_statistics.csv,b47b91f5459632ccb3f7d8e3eba394e6109e41e6803665c7d15b1549d7e8bdd9,public trajectory or preregistered composed workload; 30 stochastic seeds nested within each unit,8,30,CA-HMCD vs Greedy,independent_physical_cost,CA-HMCD,Greedy,-0.0867522745,-0.1585792212,-0.0580287583,0.0078125,0.0390625,-1.2919373542,-1.0,1.0,True,resource_efficiency.independent_physical_cost.anti_uav410.load_4,resource efficiency,CA-HMCD vs Greedy,independent_physical_cost,CA-HMCD,Greedy,lower,anti_uav410,4,anti_uav410.load_4,Anti-UAV410 load 4,public trajectory or preregistered composed workload,8,30,1.4860650647,1.5728173391,-0.0867522745,-0.1585792212,-0.0580287583,mean paired difference across independent clusters,"BCa paired cluster bootstrap, 10000 resamples",0,two-sided paired Wilcoxon signed-rank test,0.0078125,0.0390625,-1.2919373542,-1.0,1.0,AU-L04-W01;AU-L04-W02;AU-L04-W03;AU-L04-W04;AU-L04-W05;AU-L04-W06;AU-L04-W07;AU-L04-W08,5,True,,,,,,,,
primary_public_replay::0077,primary_public_replay,primary_public_replay::resource_efficiency.independent_physical_cost.anti_uav410.load_4,resource_efficiency.independent_physical_cost.anti_uav410.load_4,ca_hmcd_stage5_statistics_20260916\all_cluster_paired_statistics.csv,b47b91f5459632ccb3f7d8e3eba394e6109e41e6803665c7d15b1549d7e8bdd9,public trajectory or preregistered composed workload; 30 stochastic seeds nested within each unit,8,30,CA-HMCD vs External-Auction,independent_physical_cost,CA-HMCD,External-Auction,-0.1361102985,-0.186248691,-0.0664099719,0.015625,0.0390625,-1.5137859379,-0.9444444444,0.875,True,resource_efficiency.independent_physical_cost.anti_uav410.load_4,resource efficiency,CA-HMCD vs External-Auction,independent_physical_cost,CA-HMCD,External-Auction,lower,anti_uav410,4,anti_uav410.load_4,Anti-UAV410 load 4,public trajectory or preregistered composed workload,8,30,1.4860650647,1.6221753632,-0.1361102985,-0.186248691,-0.0664099719,mean paired difference across independent clusters,"BCa paired cluster bootstrap, 10000 resamples",1.0,two-sided paired Wilcoxon signed-rank test,0.015625,0.0390625,-1.5137859379,-0.9444444444,0.875,AU-L04-W01;AU-L04-W02;AU-L04-W03;AU-L04-W04;AU-L04-W05;AU-L04-W06;AU-L04-W07;AU-L04-W08,5,True,,,,,,,,
primary_public_replay::0078,primary_public_replay,primary_public_replay::resource_efficiency.independent_physical_cost.anti_uav410.load_4,resource_efficiency.independent_physical_cost.anti_uav410.load_4,ca_hmcd_stage5_statistics_20260916\all_cluster_paired_statistics.csv,b47b91f5459632ccb3f7d8e3eba394e6109e41e6803665c7d15b1549d7e8bdd9,public trajectory or preregistered composed workload; 30 stochastic seeds nested within each unit,8,30,CA-HMCD vs No-Synergy,independent_physical_cost,CA-HMCD,No-Synergy,0.0529713626,0.0274633759,0.0858479151,0.0078125,0.0390625,1.1919394089,1.0,0.0,True,resource_efficiency.independent_physical_cost.anti_uav410.load_4,resource efficiency,CA-HMCD vs No-Synergy,independent_physical_cost,CA-HMCD,No-Synergy,lower,anti_uav410,4,anti_uav410.load_4,Anti-UAV410 load 4,public trajectory or preregistered composed workload,8,30,1.4860650647,1.4330937021,0.0529713626,0.0274633759,0.0858479151,mean paired difference across independent clusters,"BCa paired cluster bootstrap, 10000 resamples",0,two-sided paired Wilcoxon signed-rank test,0.0078125,0.0390625,1.1919394089,1.0,0.0,AU-L04-W01;AU-L04-W02;AU-L04-W03;AU-L04-W04;AU-L04-W05;AU-L04-W06;AU-L04-W07;AU-L04-W08,5,True,,,,,,,,
primary_public_replay::0079,primary_public_replay,primary_public_replay::resource_efficiency.independent_physical_cost.anti_uav410.load_4,resource_efficiency.independent_physical_cost.anti_uav410.load_4,ca_hmcd_stage5_statistics_20260916\all_cluster_paired_statistics.csv,b47b91f5459632ccb3f7d8e3eba394e6109e41e6803665c7d15b1549d7e8bdd9,public trajectory or preregistered composed workload; 30 stochastic seeds nested within each unit,8,30,CA-HMCD vs No-Stability,independent_physical_cost,CA-HMCD,No-Stability,-1.0151023188,-1.0696831173,-0.9584179942,0.0078125,0.0390625,-11.8012615115,-1.0,1.0,True,resource_efficiency.independent_physical_cost.anti_uav410.load_4,resource efficiency,CA-HMCD vs No-Stability,independent_physical_cost,CA-HMCD,No-Stability,lower,anti_uav410,4,anti_uav410.load_4,Anti-UAV410 load 4,public trajectory or preregistered composed workload,8,30,1.4860650647,2.5011673835,-1.0151023188,-1.0696831173,-0.9584179942,mean paired difference across independent clusters,"BCa paired cluster bootstrap, 10000 resamples",0,two-sided paired Wilcoxon signed-rank test,0.0078125,0.0390625,-11.8012615115,-1.0,1.0,AU-L04-W01;AU-L04-W02;AU-L04-W03;AU-L04-W04;AU-L04-W05;AU-L04-W06;AU-L04-W07;AU-L04-W08,5,True,,,,,,,,
primary_public_replay::0080,primary_public_replay,primary_public_replay::resource_efficiency.independent_physical_cost.anti_uav410.load_4,resource_efficiency.independent_physical_cost.anti_uav410.load_4,ca_hmcd_stage5_statistics_20260916\all_cluster_paired_statistics.csv,b47b91f5459632ccb3f7d8e3eba394e6109e41e6803665c7d15b1549d7e8bdd9,public trajectory or preregistered composed workload; 30 stochastic seeds nested within each unit,8,30,CA-HMCD vs Random,independent_physical_cost,CA-HMCD,Random,-0.174670486,-0.2163768582,-0.1408755916,0.0078125,0.0390625,-3.0194832183,-1.0,1.0,True,resource_efficiency.independent_physical_cost.anti_uav410.load_4,resource efficiency,CA-HMCD vs Random,independent_physical_cost,CA-HMCD,Random,lower,anti_uav410,4,anti_uav410.load_4,Anti-UAV410 load 4,public trajectory or preregistered composed workload,8,30,1.4860650647,1.6607355507,-0.174670486,-0.2163768582,-0.1408755916,mean paired difference across independent clusters,"BCa paired cluster bootstrap, 10000 resamples",0,two-sided paired Wilcoxon signed-rank test,0.0078125,0.0390625,-3.0194832183,-1.0,1.0,AU-L04-W01;AU-L04-W02;AU-L04-W03;AU-L04-W04;AU-L04-W05;AU-L04-W06;AU-L04-W07;AU-L04-W08,5,True,,,,,,,,
primary_public_replay::0081,primary_public_replay,primary_public_replay::redundancy_mechanism.independent_same_type_pair_ratio.anti_uav410.load_4,redundancy_mechanism.independent_same_type_pair_ratio.anti_uav410.load_4,ca_hmcd_stage5_statistics_20260916\all_cluster_paired_statistics.csv,b47b91f5459632ccb3f7d8e3eba394e6109e41e6803665c7d15b1549d7e8bdd9,public trajectory or preregistered composed workload; 30 stochastic seeds nested within each unit,8,30,CA-HMCD vs Greedy,independent_same_type_pair_ratio,CA-HMCD,Greedy,-0.1048611111,-0.1873874914,-0.0475694444,0.0078125,0.0390625,-1.0047419573,-1.0,1.0,True,redundancy_mechanism.independent_same_type_pair_ratio.anti_uav410.load_4,redundancy mechanism,CA-HMCD vs Greedy,independent_same_type_pair_ratio,CA-HMCD,Greedy,lower,anti_uav410,4,anti_uav410.load_4,Anti-UAV410 load 4,public trajectory or preregistered composed workload,8,30,0.0232638889,0.128125,-0.1048611111,-0.1873874914,-0.0475694444,mean paired difference across independent clusters,"BCa paired cluster bootstrap, 10000 resamples",0,two-sided paired Wilcoxon signed-rank test,0.0078125,0.0390625,-1.0047419573,-1.0,1.0,AU-L04-W01;AU-L04-W02;AU-L04-W03;AU-L04-W04;AU-L04-W05;AU-L04-W06;AU-L04-W07;AU-L04-W08,5,True,,,,,,,,
primary_public_replay::0082,primary_public_replay,primary_public_replay::redundancy_mechanism.independent_same_type_pair_ratio.anti_uav410.load_4,redundancy_mechanism.independent_same_type_pair_ratio.anti_uav410.load_4,ca_hmcd_stage5_statistics_20260916\all_cluster_paired_statistics.csv,b47b91f5459632ccb3f7d8e3eba394e6109e41e6803665c7d15b1549d7e8bdd9,public trajectory or preregistered composed workload; 30 stochastic seeds nested within each unit,8,30,CA-HMCD vs External-Auction,independent_same_type_pair_ratio,CA-HMCD,External-Auction,-0.3329861111,-0.4486765974,-0.2210069444,0.0078125,0.0390625,-1.8783979271,-1.0,1.0,True,redundancy_mechanism.independent_same_type_pair_ratio.anti_uav410.load_4,redundancy mechanism,CA-HMCD vs External-Auction,independent_same_type_pair_ratio,CA-HMCD,External-Auction,lower,anti_uav410,4,anti_uav410.load_4,Anti-UAV410 load 4,public trajectory or preregistered composed workload,8,30,0.0232638889,0.35625,-0.3329861111,-0.4486765974,-0.2210069444,mean paired difference across independent clusters,"BCa paired cluster bootstrap, 10000 resamples",0,two-sided paired Wilcoxon signed-rank test,0.0078125,0.0390625,-1.8783979271,-1.0,1.0,AU-L04-W01;AU-L04-W02;AU-L04-W03;AU-L04-W04;AU-L04-W05;AU-L04-W06;AU-L04-W07;AU-L04-W08,5,True,,,,,,,,
primary_public_replay::0083,primary_public_replay,primary_public_replay::redundancy_mechanism.independent_same_type_pair_ratio.anti_uav410.load_4,redundancy_mechanism.independent_same_type_pair_ratio.anti_uav410.load_4,ca_hmcd_stage5_statistics_20260916\all_cluster_paired_statistics.csv,b47b91f5459632ccb3f7d8e3eba394e6109e41e6803665c7d15b1549d7e8bdd9,public trajectory or preregistered composed workload; 30 stochastic seeds nested within each unit,8,30,CA-HMCD vs No-Synergy,independent_same_type_pair_ratio,CA-HMCD,No-Synergy,-0.0149305556,-0.0416666667,0.0013888889,0.3125,0.3125,-0.4777946315,-0.6,0.6875,False,redundancy_mechanism.independent_same_type_pair_ratio.anti_uav410.load_4,redundancy mechanism,CA-HMCD vs No-Synergy,independent_same_type_pair_ratio,CA-HMCD,No-Synergy,lower,anti_uav410,4,anti_uav410.load_4,Anti-UAV410 load 4,public trajectory or preregistered composed workload,8,30,0.0232638889,0.0381944444,-0.0149305556,-0.0416666667,0.0013888889,mean paired difference across independent clusters,"BCa paired cluster bootstrap, 10000 resamples",3.0,two-sided paired Wilcoxon signed-rank test,0.3125,0.3125,-0.4777946315,-0.6,0.6875,AU-L04-W01;AU-L04-W02;AU-L04-W03;AU-L04-W04;AU-L04-W05;AU-L04-W06;AU-L04-W07;AU-L04-W08,5,False,,,,,,,,
primary_public_replay::0084,primary_public_replay,primary_public_replay::redundancy_mechanism.independent_same_type_pair_ratio.anti_uav410.load_4,redundancy_mechanism.independent_same_type_pair_ratio.anti_uav410.load_4,ca_hmcd_stage5_statistics_20260916\all_cluster_paired_statistics.csv,b47b91f5459632ccb3f7d8e3eba394e6109e41e6803665c7d15b1549d7e8bdd9,public trajectory or preregistered composed workload; 30 stochastic seeds nested within each unit,8,30,CA-HMCD vs No-Stability,independent_same_type_pair_ratio,CA-HMCD,No-Stability,-0.2227719907,-0.2678216934,-0.1802083333,0.0078125,0.0390625,-3.2842314964,-1.0,1.0,True,redundancy_mechanism.independent_same_type_pair_ratio.anti_uav410.load_4,redundancy mechanism,CA-HMCD vs No-Stability,independent_same_type_pair_ratio,CA-HMCD,No-Stability,lower,anti_uav410,4,anti_uav410.load_4,Anti-UAV410 load 4,public trajectory or preregistered composed workload,8,30,0.0232638889,0.2460358796,-0.2227719907,-0.2678216934,-0.1802083333,mean paired difference across independent clusters,"BCa paired cluster bootstrap, 10000 resamples",0,two-sided paired Wilcoxon signed-rank test,0.0078125,0.0390625,-3.2842314964,-1.0,1.0,AU-L04-W01;AU-L04-W02;AU-L04-W03;AU-L04-W04;AU-L04-W05;AU-L04-W06;AU-L04-W07;AU-L04-W08,5,True,,,,,,,,
primary_public_replay::0085,primary_public_replay,primary_public_replay::redundancy_mechanism.independent_same_type_pair_ratio.anti_uav410.load_4,redundancy_mechanism.independent_same_type_pair_ratio.anti_uav410.load_4,ca_hmcd_stage5_statistics_20260916\all_cluster_paired_statistics.csv,b47b91f5459632ccb3f7d8e3eba394e6109e41e6803665c7d15b1549d7e8bdd9,public trajectory or preregistered composed workload; 30 stochastic seeds nested within each unit,8,30,CA-HMCD vs Random,independent_same_type_pair_ratio,CA-HMCD,Random,-0.3333622685,-0.3824873117,-0.2841286652,0.0078125,0.0390625,-4.4027584866,-1.0,1.0,True,redundancy_mechanism.independent_same_type_pair_ratio.anti_uav410.load_4,redundancy mechanism,CA-HMCD vs Random,independent_same_type_pair_ratio,CA-HMCD,Random,lower,anti_uav410,4,anti_uav410.load_4,Anti-UAV410 load 4,public trajectory or preregistered composed workload,8,30,0.0232638889,0.3566261574,-0.3333622685,-0.3824873117,-0.2841286652,mean paired difference across independent clusters,"BCa paired cluster bootstrap, 10000 resamples",0,two-sided paired Wilcoxon signed-rank test,0.0078125,0.0390625,-4.4027584866,-1.0,1.0,AU-L04-W01;AU-L04-W02;AU-L04-W03;AU-L04-W04;AU-L04-W05;AU-L04-W06;AU-L04-W07;AU-L04-W08,5,True,,,,,,,,
primary_public_replay::0086,primary_public_replay,primary_public_replay::redundancy_mechanism.independent_capability_overlap.anti_uav410.load_4,redundancy_mechanism.independent_capability_overlap.anti_uav410.load_4,ca_hmcd_stage5_statistics_20260916\all_cluster_paired_statistics.csv,b47b91f5459632ccb3f7d8e3eba394e6109e41e6803665c7d15b1549d7e8bdd9,public trajectory or preregistered composed workload; 30 stochastic seeds nested within each unit,8,30,CA-HMCD vs Greedy,independent_capability_overlap,CA-HMCD,Greedy,-0.1348512924,-0.1938141634,-0.1064639577,0.0078125,0.0390625,-2.1792313299,-1.0,1.0,True,redundancy_mechanism.independent_capability_overlap.anti_uav410.load_4,redundancy mechanism,CA-HMCD vs Greedy,independent_capability_overlap,CA-HMCD,Greedy,lower,anti_uav410,4,anti_uav410.load_4,Anti-UAV410 load 4,public trajectory or preregistered composed workload,8,30,0.1480852874,0.2829365798,-0.1348512924,-0.1938141634,-0.1064639577,mean paired difference across independent clusters,"BCa paired cluster bootstrap, 10000 resamples",0,two-sided paired Wilcoxon signed-rank test,0.0078125,0.0390625,-2.1792313299,-1.0,1.0,AU-L04-W01;AU-L04-W02;AU-L04-W03;AU-L04-W04;AU-L04-W05;AU-L04-W06;AU-L04-W07;AU-L04-W08,5,True,,,,,,,,
primary_public_replay::0087,primary_public_replay,primary_public_replay::redundancy_mechanism.independent_capability_overlap.anti_uav410.load_4,redundancy_mechanism.independent_capability_overlap.anti_uav410.load_4,ca_hmcd_stage5_statistics_20260916\all_cluster_paired_statistics.csv,b47b91f5459632ccb3f7d8e3eba394e6109e41e6803665c7d15b1549d7e8bdd9,public trajectory or preregistered composed workload; 30 stochastic seeds nested within each unit,8,30,CA-HMCD vs External-Auction,independent_capability_overlap,CA-HMCD,External-Auction,-0.2401703243,-0.3275230141,-0.1282261832,0.015625,0.0390625,-1.5663121944,-0.9444444444,0.875,True,redundancy_mechanism.independent_capability_overlap.anti_uav410.load_4,redundancy mechanism,CA-HMCD vs External-Auction,independent_capability_overlap,CA-HMCD,External-Auction,lower,anti_uav410,4,anti_uav410.load_4,Anti-UAV410 load 4,public trajectory or preregistered composed workload,8,30,0.1480852874,0.3882556116,-0.2401703243,-0.3275230141,-0.1282261832,mean paired difference across independent clusters,"BCa paired cluster bootstrap, 10000 resamples",1.0,two-sided paired Wilcoxon signed-rank test,0.015625,0.0390625,-1.5663121944,-0.9444444444,0.875,AU-L04-W01;AU-L04-W02;AU-L04-W03;AU-L04-W04;AU-L04-W05;AU-L04-W06;AU-L04-W07;AU-L04-W08,5,True,,,,,,,,
primary_public_replay::0088,primary_public_replay,primary_public_replay::redundancy_mechanism.independent_capability_overlap.anti_uav410.load_4,redundancy_mechanism.independent_capability_overlap.anti_uav410.load_4,ca_hmcd_stage5_statistics_20260916\all_cluster_paired_statistics.csv,b47b91f5459632ccb3f7d8e3eba394e6109e41e6803665c7d15b1549d7e8bdd9,public trajectory or preregistered composed workload; 30 stochastic seeds nested within each unit,8,30,CA-HMCD vs No-Synergy,independent_capability_overlap,CA-HMCD,No-Synergy,0.0843511424,0.0443580803,0.1316659653,0.0078125,0.0390625,1.2406807423,1.0,0.0,True,redundancy_mechanism.independent_capability_overlap.anti_uav410.load_4,redundancy mechanism,CA-HMCD vs No-Synergy,independent_capability_overlap,CA-HMCD,No-Synergy,lower,anti_uav410,4,anti_uav410.load_4,Anti-UAV410 load 4,public trajectory or preregistered composed workload,8,30,0.1480852874,0.063734145,0.0843511424,0.0443580803,0.1316659653,mean paired difference across independent clusters,"BCa paired cluster bootstrap, 10000 resamples",0,two-sided paired Wilcoxon signed-rank test,0.0078125,0.0390625,1.2406807423,1.0,0.0,AU-L04-W01;AU-L04-W02;AU-L04-W03;AU-L04-W04;AU-L04-W05;AU-L04-W06;AU-L04-W07;AU-L04-W08,5,True,,,,,,,,
primary_public_replay::0089,primary_public_replay,primary_public_replay::redundancy_mechanism.independent_capability_overlap.anti_uav410.load_4,redundancy_mechanism.independent_capability_overlap.anti_uav410.load_4,ca_hmcd_stage5_statistics_20260916\all_cluster_paired_statistics.csv,b47b91f5459632ccb3f7d8e3eba394e6109e41e6803665c7d15b1549d7e8bdd9,public trajectory or preregistered composed workload; 30 stochastic seeds nested within each unit,8,30,CA-HMCD vs No-Stability,independent_capability_overlap,CA-HMCD,No-Stability,-0.693060804,-0.7507566141,-0.6509759915,0.0078125,0.0390625,-9.1231305715,-1.0,1.0,True,redundancy_mechanism.independent_capability_overlap.anti_uav410.load_4,redundancy mechanism,CA-HMCD vs No-Stability,independent_capability_overlap,CA-HMCD,No-Stability,lower,anti_uav410,4,anti_uav410.load_4,Anti-UAV410 load 4,public trajectory or preregistered composed workload,8,30,0.1480852874,0.8411460913,-0.693060804,-0.7507566141,-0.6509759915,mean paired difference across independent clusters,"BCa paired cluster bootstrap, 10000 resamples",0,two-sided paired Wilcoxon signed-rank test,0.0078125,0.0390625,-9.1231305715,-1.0,1.0,AU-L04-W01;AU-L04-W02;AU-L04-W03;AU-L04-W04;AU-L04-W05;AU-L04-W06;AU-L04-W07;AU-L04-W08,5,True,,,,,,,,
primary_public_replay::0090,primary_public_replay,primary_public_replay::redundancy_mechanism.independent_capability_overlap.anti_uav410.load_4,redundancy_mechanism.independent_capability_overlap.anti_uav410.load_4,ca_hmcd_stage5_statistics_20260916\all_cluster_paired_statistics.csv,b47b91f5459632ccb3f7d8e3eba394e6109e41e6803665c7d15b1549d7e8bdd9,public trajectory or preregistered composed workload; 30 stochastic seeds nested within each unit,8,30,CA-HMCD vs Random,independent_capability_overlap,CA-HMCD,Random,-0.5232689475,-0.5910498841,-0.4714772422,0.0078125,0.0390625,-5.7153714875,-1.0,1.0,True,redundancy_mechanism.independent_capability_overlap.anti_uav410.load_4,redundancy mechanism,CA-HMCD vs Random,independent_capability_overlap,CA-HMCD,Random,lower,anti_uav410,4,anti_uav410.load_4,Anti-UAV410 load 4,public trajectory or preregistered composed workload,8,30,0.1480852874,0.6713542349,-0.5232689475,-0.5910498841,-0.4714772422,mean paired difference across independent clusters,"BCa paired cluster bootstrap, 10000 resamples",0,two-sided paired Wilcoxon signed-rank test,0.0078125,0.0390625,-5.7153714875,-1.0,1.0,AU-L04-W01;AU-L04-W02;AU-L04-W03;AU-L04-W04;AU-L04-W05;AU-L04-W06;AU-L04-W07;AU-L04-W08,5,True,,,,,,,,
primary_public_replay::0091,primary_public_replay,primary_public_replay::redundancy_mechanism.independent_marginal_gain_waste.anti_uav410.load_4,redundancy_mechanism.independent_marginal_gain_waste.anti_uav410.load_4,ca_hmcd_stage5_statistics_20260916\all_cluster_paired_statistics.csv,b47b91f5459632ccb3f7d8e3eba394e6109e41e6803665c7d15b1549d7e8bdd9,public trajectory or preregistered composed workload; 30 stochastic seeds nested within each unit,8,30,CA-HMCD vs Greedy,independent_marginal_gain_waste,CA-HMCD,Greedy,-0.0156516205,-0.023107211,-0.0116349998,0.0078125,0.0390625,-1.8937245176,-1.0,1.0,True,redundancy_mechanism.independent_marginal_gain_waste.anti_uav410.load_4,redundancy mechanism,CA-HMCD vs Greedy,independent_marginal_gain_waste,CA-HMCD,Greedy,lower,anti_uav410,4,anti_uav410.load_4,Anti-UAV410 load 4,public trajectory or preregistered composed workload,8,30,0.0148161499,0.0304677704,-0.0156516205,-0.023107211,-0.0116349998,mean paired difference across independent clusters,"BCa paired cluster bootstrap, 10000 resamples",0,two-sided paired Wilcoxon signed-rank test,0.0078125,0.0390625,-1.8937245176,-1.0,1.0,AU-L04-W01;AU-L04-W02;AU-L04-W03;AU-L04-W04;AU-L04-W05;AU-L04-W06;AU-L04-W07;AU-L04-W08,5,True,,,,,,,,
primary_public_replay::0092,primary_public_replay,primary_public_replay::redundancy_mechanism.independent_marginal_gain_waste.anti_uav410.load_4,redundancy_mechanism.independent_marginal_gain_waste.anti_uav410.load_4,ca_hmcd_stage5_statistics_20260916\all_cluster_paired_statistics.csv,b47b91f5459632ccb3f7d8e3eba394e6109e41e6803665c7d15b1549d7e8bdd9,public trajectory or preregistered composed workload; 30 stochastic seeds nested within each unit,8,30,CA-HMCD vs External-Auction,independent_marginal_gain_waste,CA-HMCD,External-Auction,-0.0295968347,-0.0385171424,-0.0162513303,0.015625,0.0390625,-1.7826902228,-0.9444444444,0.875,True,redundancy_mechanism.independent_marginal_gain_waste.anti_uav410.load_4,redundancy mechanism,CA-HMCD vs External-Auction,independent_marginal_gain_waste,CA-HMCD,External-Auction,lower,anti_uav410,4,anti_uav410.load_4,Anti-UAV410 load 4,public trajectory or preregistered composed workload,8,30,0.0148161499,0.0444129846,-0.0295968347,-0.0385171424,-0.0162513303,mean paired difference across independent clusters,"BCa paired cluster bootstrap, 10000 resamples",1.0,two-sided paired Wilcoxon signed-rank test,0.015625,0.0390625,-1.7826902228,-0.9444444444,0.875,AU-L04-W01;AU-L04-W02;AU-L04-W03;AU-L04-W04;AU-L04-W05;AU-L04-W06;AU-L04-W07;AU-L04-W08,5,True,,,,,,,,
primary_public_replay::0093,primary_public_replay,primary_public_replay::redundancy_mechanism.independent_marginal_gain_waste.anti_uav410.load_4,redundancy_mechanism.independent_marginal_gain_waste.anti_uav410.load_4,ca_hmcd_stage5_statistics_20260916\all_cluster_paired_statistics.csv,b47b91f5459632ccb3f7d8e3eba394e6109e41e6803665c7d15b1549d7e8bdd9,public trajectory or preregistered composed workload; 30 stochastic seeds nested within each unit,8,30,CA-HMCD vs No-Synergy,independent_marginal_gain_waste,CA-HMCD,No-Synergy,0.0076427628,0.0035218251,0.0119395935,0.0078125,0.0390625,1.1684644882,1.0,0.0,True,redundancy_mechanism.independent_marginal_gain_waste.anti_uav410.load_4,redundancy mechanism,CA-HMCD vs No-Synergy,independent_marginal_gain_waste,CA-HMCD,No-Synergy,lower,anti_uav410,4,anti_uav410.load_4,Anti-UAV410 load 4,public trajectory or preregistered composed workload,8,30,0.0148161499,0.0071733871,0.0076427628,0.0035218251,0.0119395935,mean paired difference across independent clusters,"BCa paired cluster bootstrap, 10000 resamples",0,two-sided paired Wilcoxon signed-rank test,0.0078125,0.0390625,1.1684644882,1.0,0.0,AU-L04-W01;AU-L04-W02;AU-L04-W03;AU-L04-W04;AU-L04-W05;AU-L04-W06;AU-L04-W07;AU-L04-W08,5,True,,,,,,,,
primary_public_replay::0094,primary_public_replay,primary_public_replay::redundancy_mechanism.independent_marginal_gain_waste.anti_uav410.load_4,redundancy_mechanism.independent_marginal_gain_waste.anti_uav410.load_4,ca_hmcd_stage5_statistics_20260916\all_cluster_paired_statistics.csv,b47b91f5459632ccb3f7d8e3eba394e6109e41e6803665c7d15b1549d7e8bdd9,public trajectory or preregistered composed workload; 30 stochastic seeds nested within each unit,8,30,CA-HMCD vs No-Stability,independent_marginal_gain_waste,CA-HMCD,No-Stability,-0.134867039,-0.1459937004,-0.1248964044,0.0078125,0.0390625,-8.2898594048,-1.0,1.0,True,redundancy_mechanism.independent_marginal_gain_waste.anti_uav410.load_4,redundancy mechanism,CA-HMCD vs No-Stability,independent_marginal_gain_waste,CA-HMCD,No-Stability,lower,anti_uav410,4,anti_uav410.load_4,Anti-UAV410 load 4,public trajectory or preregistered composed workload,8,30,0.0148161499,0.1496831888,-0.134867039,-0.1459937004,-0.1248964044,mean paired difference across independent clusters,"BCa paired cluster bootstrap, 10000 resamples",0,two-sided paired Wilcoxon signed-rank test,0.0078125,0.0390625,-8.2898594048,-1.0,1.0,AU-L04-W01;AU-L04-W02;AU-L04-W03;AU-L04-W04;AU-L04-W05;AU-L04-W06;AU-L04-W07;AU-L04-W08,5,True,,,,,,,,
primary_public_replay::0095,primary_public_replay,primary_public_replay::redundancy_mechanism.independent_marginal_gain_waste.anti_uav410.load_4,redundancy_mechanism.independent_marginal_gain_waste.anti_uav410.load_4,ca_hmcd_stage5_statistics_20260916\all_cluster_paired_statistics.csv,b47b91f5459632ccb3f7d8e3eba394e6109e41e6803665c7d15b1549d7e8bdd9,public trajectory or preregistered composed workload; 30 stochastic seeds nested within each unit,8,30,CA-HMCD vs Random,independent_marginal_gain_waste,CA-HMCD,Random,-0.1091464366,-0.1153576104,-0.1037891778,0.0078125,0.0390625,-12.018741601,-1.0,1.0,True,redundancy_mechanism.independent_marginal_gain_waste.anti_uav410.load_4,redundancy mechanism,CA-HMCD vs Random,independent_marginal_gain_waste,CA-HMCD,Random,lower,anti_uav410,4,anti_uav410.load_4,Anti-UAV410 load 4,public trajectory or preregistered composed workload,8,30,0.0148161499,0.1239625865,-0.1091464366,-0.1153576104,-0.1037891778,mean paired difference across independent clusters,"BCa paired cluster bootstrap, 10000 resamples",0,two-sided paired Wilcoxon signed-rank test,0.0078125,0.0390625,-12.018741601,-1.0,1.0,AU-L04-W01;AU-L04-W02;AU-L04-W03;AU-L04-W04;AU-L04-W05;AU-L04-W06;AU-L04-W07;AU-L04-W08,5,True,,,,,,,,
primary_public_replay::0096,primary_public_replay,primary_public_replay::computational_boundary.end_to_end_runtime_ms.anti_uav410.load_4,computational_boundary.end_to_end_runtime_ms.anti_uav410.load_4,ca_hmcd_stage5_statistics_20260916\all_cluster_paired_statistics.csv,b47b91f5459632ccb3f7d8e3eba394e6109e41e6803665c7d15b1549d7e8bdd9,public trajectory or preregistered composed workload; 30 stochastic seeds nested within each unit,8,30,CA-HMCD vs Greedy,end_to_end_runtime_ms,CA-HMCD,Greedy,2.6924980902,1.2577250569,3.7326466319,0.015625,0.0390625,1.423368236,0.9444444444,0.125,True,computational_boundary.end_to_end_runtime_ms.anti_uav410.load_4,computational boundary,CA-HMCD vs Greedy,end_to_end_runtime_ms,CA-HMCD,Greedy,lower,anti_uav410,4,anti_uav410.load_4,Anti-UAV410 load 4,public trajectory or preregistered composed workload,8,30,136.4452275347,133.7527294445,2.6924980902,1.2577250569,3.7326466319,mean paired difference across independent clusters,"BCa paired cluster bootstrap, 10000 resamples",1.0,two-sided paired Wilcoxon signed-rank test,0.015625,0.0390625,1.423368236,0.9444444444,0.125,AU-L04-W01;AU-L04-W02;AU-L04-W03;AU-L04-W04;AU-L04-W05;AU-L04-W06;AU-L04-W07;AU-L04-W08,5,True,,,,,,,,
primary_public_replay::0097,primary_public_replay,primary_public_replay::computational_boundary.end_to_end_runtime_ms.anti_uav410.load_4,computational_boundary.end_to_end_runtime_ms.anti_uav410.load_4,ca_hmcd_stage5_statistics_20260916\all_cluster_paired_statistics.csv,b47b91f5459632ccb3f7d8e3eba394e6109e41e6803665c7d15b1549d7e8bdd9,public trajectory or preregistered composed workload; 30 stochastic seeds nested within each unit,8,30,CA-HMCD vs External-Auction,end_to_end_runtime_ms,CA-HMCD,External-Auction,7.738663993,6.6987598957,8.784874861,0.0078125,0.0390625,4.7572215816,1.0,0.0,True,computational_boundary.end_to_end_runtime_ms.anti_uav410.load_4,computational boundary,CA-HMCD vs External-Auction,end_to_end_runtime_ms,CA-HMCD,External-Auction,lower,anti_uav410,4,anti_uav410.load_4,Anti-UAV410 load 4,public trajectory or preregistered composed workload,8,30,136.4452275347,128.7065635417,7.738663993,6.6987598957,8.784874861,mean paired difference across independent clusters,"BCa paired cluster bootstrap, 10000 resamples",0,two-sided paired Wilcoxon signed-rank test,0.0078125,0.0390625,4.7572215816,1.0,0.0,AU-L04-W01;AU-L04-W02;AU-L04-W03;AU-L04-W04;AU-L04-W05;AU-L04-W06;AU-L04-W07;AU-L04-W08,5,True,,,,,,,,
primary_public_replay::0098,primary_public_replay,primary_public_replay::computational_boundary.end_to_end_runtime_ms.anti_uav410.load_4,computational_boundary.end_to_end_runtime_ms.anti_uav410.load_4,ca_hmcd_stage5_statistics_20260916\all_cluster_paired_statistics.csv,b47b91f5459632ccb3f7d8e3eba394e6109e41e6803665c7d15b1549d7e8bdd9,public trajectory or preregistered composed workload; 30 stochastic seeds nested within each unit,8,30,CA-HMCD vs No-Synergy,end_to_end_runtime_ms,CA-HMCD,No-Synergy,2.5115557292,-1.483161777,4.1700993751,0.1953125,0.1953125,0.657924566,0.5555555556,0.125,False,computational_boundary.end_to_end_runtime_ms.anti_uav410.load_4,computational boundary,CA-HMCD vs No-Synergy,end_to_end_runtime_ms,CA-HMCD,No-Synergy,lower,anti_uav410,4,anti_uav410.load_4,Anti-UAV410 load 4,public trajectory or preregistered composed workload,8,30,136.4452275347,133.9336718055,2.5115557292,-1.483161777,4.1700993751,mean paired difference across independent clusters,"BCa paired cluster bootstrap, 10000 resamples",8.0,two-sided paired Wilcoxon signed-rank test,0.1953125,0.1953125,0.657924566,0.5555555556,0.125,AU-L04-W01;AU-L04-W02;AU-L04-W03;AU-L04-W04;AU-L04-W05;AU-L04-W06;AU-L04-W07;AU-L04-W08,5,False,,,,,,,,
primary_public_replay::0099,primary_public_replay,primary_public_replay::computational_boundary.end_to_end_runtime_ms.anti_uav410.load_4,computational_boundary.end_to_end_runtime_ms.anti_uav410.load_4,ca_hmcd_stage5_statistics_20260916\all_cluster_paired_statistics.csv,b47b91f5459632ccb3f7d8e3eba394e6109e41e6803665c7d15b1549d7e8bdd9,public trajectory or preregistered composed workload; 30 stochastic seeds nested within each unit,8,30,CA-HMCD vs No-Stability,end_to_end_runtime_ms,CA-HMCD,No-Stability,7.5178630208,6.6699051077,8.4516409027,0.0078125,0.0390625,5.4289027402,1.0,0.0,True,computational_boundary.end_to_end_runtime_ms.anti_uav410.load_4,computational boundary,CA-HMCD vs No-Stability,end_to_end_runtime_ms,CA-HMCD,No-Stability,lower,anti_uav410,4,anti_uav410.load_4,Anti-UAV410 load 4,public trajectory or preregistered composed workload,8,30,136.4452275347,128.9273645139,7.5178630208,6.6699051077,8.4516409027,mean paired difference across independent clusters,"BCa paired cluster bootstrap, 10000 resamples",0,two-sided paired Wilcoxon signed-rank test,0.0078125,0.0390625,5.4289027402,1.0,0.0,AU-L04-W01;AU-L04-W02;AU-L04-W03;AU-L04-W04;AU-L04-W05;AU-L04-W06;AU-L04-W07;AU-L04-W08,5,True,,,,,,,,
primary_public_replay::0100,primary_public_replay,primary_public_replay::computational_boundary.end_to_end_runtime_ms.anti_uav410.load_4,computational_boundary.end_to_end_runtime_ms.anti_uav410.load_4,ca_hmcd_stage5_statistics_20260916\all_cluster_paired_statistics.csv,b47b91f5459632ccb3f7d8e3eba394e6109e41e6803665c7d15b1549d7e8bdd9,public trajectory or preregistered composed workload; 30 stochastic seeds nested within each unit,8,30,CA-HMCD vs Random,end_to_end_runtime_ms,CA-HMCD,Random,8.2290440277,7.0885942313,9.5383775963,0.0078125,0.0390625,4.3672360872,1.0,0.0,True,computational_boundary.end_to_end_runtime_ms.anti_uav410.load_4,computational boundary,CA-HMCD vs Random,end_to_end_runtime_ms,CA-HMCD,Random,lower,anti_uav410,4,anti_uav410.load_4,Anti-UAV410 load 4,public trajectory or preregistered composed workload,8,30,136.4452275347,128.2161835071,8.2290440277,7.0885942313,9.5383775963,mean paired difference across independent clusters,"BCa paired cluster bootstrap, 10000 resamples",0,two-sided paired Wilcoxon signed-rank test,0.0078125,0.0390625,4.3672360872,1.0,0.0,AU-L04-W01;AU-L04-W02;AU-L04-W03;AU-L04-W04;AU-L04-W05;AU-L04-W06;AU-L04-W07;AU-L04-W08,5,True,,,,,,,,
primary_public_replay::0101,primary_public_replay,primary_public_replay::computational_boundary.fallback_run_indicator.anti_uav410.load_4,computational_boundary.fallback_run_indicator.anti_uav410.load_4,ca_hmcd_stage5_statistics_20260916\all_cluster_paired_statistics.csv,b47b91f5459632ccb3f7d8e3eba394e6109e41e6803665c7d15b1549d7e8bdd9,public trajectory or preregistered composed workload; 30 stochastic seeds nested within each unit,8,30,CA-HMCD vs Greedy,fallback_run_indicator,CA-HMCD,Greedy,0.0,0.0,0.0,1.0,1.0,0.0,0.0,0.5,False,computational_boundary.fallback_run_indicator.anti_uav410.load_4,computational boundary,CA-HMCD vs Greedy,fallback_run_indicator,CA-HMCD,Greedy,lower,anti_uav410,4,anti_uav410.load_4,Anti-UAV410 load 4,public trajectory or preregistered composed workload,8,30,0.0,0.0,0.0,0.0,0.0,mean paired difference across independent clusters,"BCa paired cluster bootstrap, 10000 resamples",0.0,two-sided paired Wilcoxon signed-rank test,1.0,1.0,0.0,0.0,0.5,AU-L04-W01;AU-L04-W02;AU-L04-W03;AU-L04-W04;AU-L04-W05;AU-L04-W06;AU-L04-W07;AU-L04-W08,5,False,,,,,,,,
primary_public_replay::0102,primary_public_replay,primary_public_replay::computational_boundary.fallback_run_indicator.anti_uav410.load_4,computational_boundary.fallback_run_indicator.anti_uav410.load_4,ca_hmcd_stage5_statistics_20260916\all_cluster_paired_statistics.csv,b47b91f5459632ccb3f7d8e3eba394e6109e41e6803665c7d15b1549d7e8bdd9,public trajectory or preregistered composed workload; 30 stochastic seeds nested within each unit,8,30,CA-HMCD vs External-Auction,fallback_run_indicator,CA-HMCD,External-Auction,0.0,0.0,0.0,1.0,1.0,0.0,0.0,0.5,False,computational_boundary.fallback_run_indicator.anti_uav410.load_4,computational boundary,CA-HMCD vs External-Auction,fallback_run_indicator,CA-HMCD,External-Auction,lower,anti_uav410,4,anti_uav410.load_4,Anti-UAV410 load 4,public trajectory or preregistered composed workload,8,30,0.0,0.0,0.0,0.0,0.0,mean paired difference across independent clusters,"BCa paired cluster bootstrap, 10000 resamples",0.0,two-sided paired Wilcoxon signed-rank test,1.0,1.0,0.0,0.0,0.5,AU-L04-W01;AU-L04-W02;AU-L04-W03;AU-L04-W04;AU-L04-W05;AU-L04-W06;AU-L04-W07;AU-L04-W08,5,False,,,,,,,,
primary_public_replay::0103,primary_public_replay,primary_public_replay::computational_boundary.fallback_run_indicator.anti_uav410.load_4,computational_boundary.fallback_run_indicator.anti_uav410.load_4,ca_hmcd_stage5_statistics_20260916\all_cluster_paired_statistics.csv,b47b91f5459632ccb3f7d8e3eba394e6109e41e6803665c7d15b1549d7e8bdd9,public trajectory or preregistered composed workload; 30 stochastic seeds nested within each unit,8,30,CA-HMCD vs No-Synergy,fallback_run_indicator,CA-HMCD,No-Synergy,0.0,0.0,0.0,1.0,1.0,0.0,0.0,0.5,False,computational_boundary.fallback_run_indicator.anti_uav410.load_4,computational boundary,CA-HMCD vs No-Synergy,fallback_run_indicator,CA-HMCD,No-Synergy,lower,anti_uav410,4,anti_uav410.load_4,Anti-UAV410 load 4,public trajectory or preregistered composed workload,8,30,0.0,0.0,0.0,0.0,0.0,mean paired difference across independent clusters,"BCa paired cluster bootstrap, 10000 resamples",0.0,two-sided paired Wilcoxon signed-rank test,1.0,1.0,0.0,0.0,0.5,AU-L04-W01;AU-L04-W02;AU-L04-W03;AU-L04-W04;AU-L04-W05;AU-L04-W06;AU-L04-W07;AU-L04-W08,5,False,,,,,,,,
primary_public_replay::0104,primary_public_replay,primary_public_replay::computational_boundary.fallback_run_indicator.anti_uav410.load_4,computational_boundary.fallback_run_indicator.anti_uav410.load_4,ca_hmcd_stage5_statistics_20260916\all_cluster_paired_statistics.csv,b47b91f5459632ccb3f7d8e3eba394e6109e41e6803665c7d15b1549d7e8bdd9,public trajectory or preregistered composed workload; 30 stochastic seeds nested within each unit,8,30,CA-HMCD vs No-Stability,fallback_run_indicator,CA-HMCD,No-Stability,0.0,0.0,0.0,1.0,1.0,0.0,0.0,0.5,False,computational_boundary.fallback_run_indicator.anti_uav410.load_4,computational boundary,CA-HMCD vs No-Stability,fallback_run_indicator,CA-HMCD,No-Stability,lower,anti_uav410,4,anti_uav410.load_4,Anti-UAV410 load 4,public trajectory or preregistered composed workload,8,30,0.0,0.0,0.0,0.0,0.0,mean paired difference across independent clusters,"BCa paired cluster bootstrap, 10000 resamples",0.0,two-sided paired Wilcoxon signed-rank test,1.0,1.0,0.0,0.0,0.5,AU-L04-W01;AU-L04-W02;AU-L04-W03;AU-L04-W04;AU-L04-W05;AU-L04-W06;AU-L04-W07;AU-L04-W08,5,False,,,,,,,,
primary_public_replay::0105,primary_public_replay,primary_public_replay::computational_boundary.fallback_run_indicator.anti_uav410.load_4,computational_boundary.fallback_run_indicator.anti_uav410.load_4,ca_hmcd_stage5_statistics_20260916\all_cluster_paired_statistics.csv,b47b91f5459632ccb3f7d8e3eba394e6109e41e6803665c7d15b1549d7e8bdd9,public trajectory or preregistered composed workload; 30 stochastic seeds nested within each unit,8,30,CA-HMCD vs Random,fallback_run_indicator,CA-HMCD,Random,0.0,0.0,0.0,1.0,1.0,0.0,0.0,0.5,False,computational_boundary.fallback_run_indicator.anti_uav410.load_4,computational boundary,CA-HMCD vs Random,fallback_run_indicator,CA-HMCD,Random,lower,anti_uav410,4,anti_uav410.load_4,Anti-UAV410 load 4,public trajectory or preregistered composed workload,8,30,0.0,0.0,0.0,0.0,0.0,mean paired difference across independent clusters,"BCa paired cluster bootstrap, 10000 resamples",0.0,two-sided paired Wilcoxon signed-rank test,1.0,1.0,0.0,0.0,0.5,AU-L04-W01;AU-L04-W02;AU-L04-W03;AU-L04-W04;AU-L04-W05;AU-L04-W06;AU-L04-W07;AU-L04-W08,5,False,,,,,,,,
primary_public_replay::0106,primary_public_replay,primary_public_replay::computational_boundary.fallback.anti_uav410.load_4,computational_boundary.fallback.anti_uav410.load_4,ca_hmcd_stage5_statistics_20260916\all_cluster_paired_statistics.csv,b47b91f5459632ccb3f7d8e3eba394e6109e41e6803665c7d15b1549d7e8bdd9,public trajectory or preregistered composed workload; 30 stochastic seeds nested within each unit,8,30,CA-HMCD vs Greedy,fallback,CA-HMCD,Greedy,0.0,0.0,0.0,1.0,1.0,0.0,0.0,0.5,False,computational_boundary.fallback.anti_uav410.load_4,computational boundary,CA-HMCD vs Greedy,fallback,CA-HMCD,Greedy,lower,anti_uav410,4,anti_uav410.load_4,Anti-UAV410 load 4,public trajectory or preregistered composed workload,8,30,0.0,0.0,0.0,0.0,0.0,mean paired difference across independent clusters,"BCa paired cluster bootstrap, 10000 resamples",0.0,two-sided paired Wilcoxon signed-rank test,1.0,1.0,0.0,0.0,0.5,AU-L04-W01;AU-L04-W02;AU-L04-W03;AU-L04-W04;AU-L04-W05;AU-L04-W06;AU-L04-W07;AU-L04-W08,5,False,,,,,,,,
primary_public_replay::0107,primary_public_replay,primary_public_replay::computational_boundary.fallback.anti_uav410.load_4,computational_boundary.fallback.anti_uav410.load_4,ca_hmcd_stage5_statistics_20260916\all_cluster_paired_statistics.csv,b47b91f5459632ccb3f7d8e3eba394e6109e41e6803665c7d15b1549d7e8bdd9,public trajectory or preregistered composed workload; 30 stochastic seeds nested within each unit,8,30,CA-HMCD vs External-Auction,fallback,CA-HMCD,External-Auction,0.0,0.0,0.0,1.0,1.0,0.0,0.0,0.5,False,computational_boundary.fallback.anti_uav410.load_4,computational boundary,CA-HMCD vs External-Auction,fallback,CA-HMCD,External-Auction,lower,anti_uav410,4,anti_uav410.load_4,Anti-UAV410 load 4,public trajectory or preregistered composed workload,8,30,0.0,0.0,0.0,0.0,0.0,mean paired difference across independent clusters,"BCa paired cluster bootstrap, 10000 resamples",0.0,two-sided paired Wilcoxon signed-rank test,1.0,1.0,0.0,0.0,0.5,AU-L04-W01;AU-L04-W02;AU-L04-W03;AU-L04-W04;AU-L04-W05;AU-L04-W06;AU-L04-W07;AU-L04-W08,5,False,,,,,,,,
primary_public_replay::0108,primary_public_replay,primary_public_replay::computational_boundary.fallback.anti_uav410.load_4,computational_boundary.fallback.anti_uav410.load_4,ca_hmcd_stage5_statistics_20260916\all_cluster_paired_statistics.csv,b47b91f5459632ccb3f7d8e3eba394e6109e41e6803665c7d15b1549d7e8bdd9,public trajectory or preregistered composed workload; 30 stochastic seeds nested within each unit,8,30,CA-HMCD vs No-Synergy,fallback,CA-HMCD,No-Synergy,0.0,0.0,0.0,1.0,1.0,0.0,0.0,0.5,False,computational_boundary.fallback.anti_uav410.load_4,computational boundary,CA-HMCD vs No-Synergy,fallback,CA-HMCD,No-Synergy,lower,anti_uav410,4,anti_uav410.load_4,Anti-UAV410 load 4,public trajectory or preregistered composed workload,8,30,0.0,0.0,0.0,0.0,0.0,mean paired difference across independent clusters,"BCa paired cluster bootstrap, 10000 resamples",0.0,two-sided paired Wilcoxon signed-rank test,1.0,1.0,0.0,0.0,0.5,AU-L04-W01;AU-L04-W02;AU-L04-W03;AU-L04-W04;AU-L04-W05;AU-L04-W06;AU-L04-W07;AU-L04-W08,5,False,,,,,,,,
primary_public_replay::0109,primary_public_replay,primary_public_replay::computational_boundary.fallback.anti_uav410.load_4,computational_boundary.fallback.anti_uav410.load_4,ca_hmcd_stage5_statistics_20260916\all_cluster_paired_statistics.csv,b47b91f5459632ccb3f7d8e3eba394e6109e41e6803665c7d15b1549d7e8bdd9,public trajectory or preregistered composed workload; 30 stochastic seeds nested within each unit,8,30,CA-HMCD vs No-Stability,fallback,CA-HMCD,No-Stability,0.0,0.0,0.0,1.0,1.0,0.0,0.0,0.5,False,computational_boundary.fallback.anti_uav410.load_4,computational boundary,CA-HMCD vs No-Stability,fallback,CA-HMCD,No-Stability,lower,anti_uav410,4,anti_uav410.load_4,Anti-UAV410 load 4,public trajectory or preregistered composed workload,8,30,0.0,0.0,0.0,0.0,0.0,mean paired difference across independent clusters,"BCa paired cluster bootstrap, 10000 resamples",0.0,two-sided paired Wilcoxon signed-rank test,1.0,1.0,0.0,0.0,0.5,AU-L04-W01;AU-L04-W02;AU-L04-W03;AU-L04-W04;AU-L04-W05;AU-L04-W06;AU-L04-W07;AU-L04-W08,5,False,,,,,,,,
primary_public_replay::0110,primary_public_replay,primary_public_replay::computational_boundary.fallback.anti_uav410.load_4,computational_boundary.fallback.anti_uav410.load_4,ca_hmcd_stage5_statistics_20260916\all_cluster_paired_statistics.csv,b47b91f5459632ccb3f7d8e3eba394e6109e41e6803665c7d15b1549d7e8bdd9,public trajectory or preregistered composed workload; 30 stochastic seeds nested within each unit,8,30,CA-HMCD vs Random,fallback,CA-HMCD,Random,0.0,0.0,0.0,1.0,1.0,0.0,0.0,0.5,False,computational_boundary.fallback.anti_uav410.load_4,computational boundary,CA-HMCD vs Random,fallback,CA-HMCD,Random,lower,anti_uav410,4,anti_uav410.load_4,Anti-UAV410 load 4,public trajectory or preregistered composed workload,8,30,0.0,0.0,0.0,0.0,0.0,mean paired difference across independent clusters,"BCa paired cluster bootstrap, 10000 resamples",0.0,two-sided paired Wilcoxon signed-rank test,1.0,1.0,0.0,0.0,0.5,AU-L04-W01;AU-L04-W02;AU-L04-W03;AU-L04-W04;AU-L04-W05;AU-L04-W06;AU-L04-W07;AU-L04-W08,5,False,,,,,,,,
primary_public_replay::0111,primary_public_replay,primary_public_replay::primary_performance.external_objective.anti_uav410.load_6,primary_performance.external_objective.anti_uav410.load_6,ca_hmcd_stage5_statistics_20260916\all_cluster_paired_statistics.csv,b47b91f5459632ccb3f7d8e3eba394e6109e41e6803665c7d15b1549d7e8bdd9,public trajectory or preregistered composed workload; 30 stochastic seeds nested within each unit,6,30,CA-HMCD vs Greedy,external_objective,CA-HMCD,Greedy,0.0480760268,0.0306325137,0.072623885,0.03125,0.15625,1.7028925561,1.0,1.0,False,primary_performance.external_objective.anti_uav410.load_6,primary performance,CA-HMCD vs Greedy,external_objective,CA-HMCD,Greedy,higher,anti_uav410,6,anti_uav410.load_6,Anti-UAV410 load 6,public trajectory or preregistered composed workload,6,30,0.1428194884,0.0947434615,0.0480760268,0.0306325137,0.072623885,mean paired difference across independent clusters,"BCa paired cluster bootstrap, 10000 resamples",0,two-sided paired Wilcoxon signed-rank test,0.03125,0.15625,1.7028925561,1.0,1.0,AU-L06-W01;AU-L06-W02;AU-L06-W03;AU-L06-W04;AU-L06-W05;AU-L06-W06,5,False,,,,,,,,
primary_public_replay::0112,primary_public_replay,primary_public_replay::primary_performance.external_objective.anti_uav410.load_6,primary_performance.external_objective.anti_uav410.load_6,ca_hmcd_stage5_statistics_20260916\all_cluster_paired_statistics.csv,b47b91f5459632ccb3f7d8e3eba394e6109e41e6803665c7d15b1549d7e8bdd9,public trajectory or preregistered composed workload; 30 stochastic seeds nested within each unit,6,30,CA-HMCD vs External-Auction,external_objective,CA-HMCD,External-Auction,0.0445935267,0.0246008974,0.0639886441,0.03125,0.15625,1.6693451361,1.0,1.0,False,primary_performance.external_objective.anti_uav410.load_6,primary performance,CA-HMCD vs External-Auction,external_objective,CA-HMCD,External-Auction,higher,anti_uav410,6,anti_uav410.load_6,Anti-UAV410 load 6,public trajectory or preregistered composed workload,6,30,0.1428194884,0.0982259616,0.0445935267,0.0246008974,0.0639886441,mean paired difference across independent clusters,"BCa paired cluster bootstrap, 10000 resamples",0,two-sided paired Wilcoxon signed-rank test,0.03125,0.15625,1.6693451361,1.0,1.0,AU-L06-W01;AU-L06-W02;AU-L06-W03;AU-L06-W04;AU-L06-W05;AU-L06-W06,5,False,,,,,,,,
primary_public_replay::0113,primary_public_replay,primary_public_replay::primary_performance.external_objective.anti_uav410.load_6,primary_performance.external_objective.anti_uav410.load_6,ca_hmcd_stage5_statistics_20260916\all_cluster_paired_statistics.csv,b47b91f5459632ccb3f7d8e3eba394e6109e41e6803665c7d15b1549d7e8bdd9,public trajectory or preregistered composed workload; 30 stochastic seeds nested within each unit,6,30,CA-HMCD vs No-Synergy,external_objective,CA-HMCD,No-Synergy,-0.0015470908,-0.0043393972,0.0007772236,0.4375,0.4375,-0.4486239185,-0.4285714286,0.3333333333,False,primary_performance.external_objective.anti_uav410.load_6,primary performance,CA-HMCD vs No-Synergy,external_objective,CA-HMCD,No-Synergy,higher,anti_uav410,6,anti_uav410.load_6,Anti-UAV410 load 6,public trajectory or preregistered composed workload,6,30,0.1428194884,0.1443665792,-0.0015470908,-0.0043393972,0.0007772236,mean paired difference across independent clusters,"BCa paired cluster bootstrap, 10000 resamples",6.0,two-sided paired Wilcoxon signed-rank test,0.4375,0.4375,-0.4486239185,-0.4285714286,0.3333333333,AU-L06-W01;AU-L06-W02;AU-L06-W03;AU-L06-W04;AU-L06-W05;AU-L06-W06,5,False,,,,,,,,
primary_public_replay::0114,primary_public_replay,primary_public_replay::primary_performance.external_objective.anti_uav410.load_6,primary_performance.external_objective.anti_uav410.load_6,ca_hmcd_stage5_statistics_20260916\all_cluster_paired_statistics.csv,b47b91f5459632ccb3f7d8e3eba394e6109e41e6803665c7d15b1549d7e8bdd9,public trajectory or preregistered composed workload; 30 stochastic seeds nested within each unit,6,30,CA-HMCD vs No-Stability,external_objective,CA-HMCD,No-Stability,0.4267864429,0.3593976399,0.4585468777,0.03125,0.15625,7.0253393023,1.0,1.0,False,primary_performance.external_objective.anti_uav410.load_6,primary performance,CA-HMCD vs No-Stability,external_objective,CA-HMCD,No-Stability,higher,anti_uav410,6,anti_uav410.load_6,Anti-UAV410 load 6,public trajectory or preregistered composed workload,6,30,0.1428194884,-0.2839669546,0.4267864429,0.3593976399,0.4585468777,mean paired difference across independent clusters,"BCa paired cluster bootstrap, 10000 resamples",0,two-sided paired Wilcoxon signed-rank test,0.03125,0.15625,7.0253393023,1.0,1.0,AU-L06-W01;AU-L06-W02;AU-L06-W03;AU-L06-W04;AU-L06-W05;AU-L06-W06,5,False,,,,,,,,
primary_public_replay::0115,primary_public_replay,primary_public_replay::primary_performance.external_objective.anti_uav410.load_6,primary_performance.external_objective.anti_uav410.load_6,ca_hmcd_stage5_statistics_20260916\all_cluster_paired_statistics.csv,b47b91f5459632ccb3f7d8e3eba394e6109e41e6803665c7d15b1549d7e8bdd9,public trajectory or preregistered composed workload; 30 stochastic seeds nested within each unit,6,30,CA-HMCD vs Random,external_objective,CA-HMCD,Random,0.7015421155,0.640744769,0.7497965313,0.03125,0.15625,9.411285404,1.0,1.0,False,primary_performance.external_objective.anti_uav410.load_6,primary performance,CA-HMCD vs Random,external_objective,CA-HMCD,Random,higher,anti_uav410,6,anti_uav410.load_6,Anti-UAV410 load 6,public trajectory or preregistered composed workload,6,30,0.1428194884,-0.5587226272,0.7015421155,0.640744769,0.7497965313,mean paired difference across independent clusters,"BCa paired cluster bootstrap, 10000 resamples",0,two-sided paired Wilcoxon signed-rank test,0.03125,0.15625,9.411285404,1.0,1.0,AU-L06-W01;AU-L06-W02;AU-L06-W03;AU-L06-W04;AU-L06-W05;AU-L06-W06,5,False,,,,,,,,
primary_public_replay::0116,primary_public_replay,primary_public_replay::primary_performance.independent_service_score.anti_uav410.load_6,primary_performance.independent_service_score.anti_uav410.load_6,ca_hmcd_stage5_statistics_20260916\all_cluster_paired_statistics.csv,b47b91f5459632ccb3f7d8e3eba394e6109e41e6803665c7d15b1549d7e8bdd9,public trajectory or preregistered composed workload; 30 stochastic seeds nested within each unit,6,30,CA-HMCD vs Greedy,independent_service_score,CA-HMCD,Greedy,0.0135054725,0.0093471013,0.0206444516,0.03125,0.15625,1.7452757753,1.0,1.0,False,primary_performance.independent_service_score.anti_uav410.load_6,primary performance,CA-HMCD vs Greedy,independent_service_score,CA-HMCD,Greedy,higher,anti_uav410,6,anti_uav410.load_6,Anti-UAV410 load 6,public trajectory or preregistered composed workload,6,30,0.5286678814,0.5151624089,0.0135054725,0.0093471013,0.0206444516,mean paired difference across independent clusters,"BCa paired cluster bootstrap, 10000 resamples",0,two-sided paired Wilcoxon signed-rank test,0.03125,0.15625,1.7452757753,1.0,1.0,AU-L06-W01;AU-L06-W02;AU-L06-W03;AU-L06-W04;AU-L06-W05;AU-L06-W06,5,False,,,,,,,,
primary_public_replay::0117,primary_public_replay,primary_public_replay::primary_performance.independent_service_score.anti_uav410.load_6,primary_performance.independent_service_score.anti_uav410.load_6,ca_hmcd_stage5_statistics_20260916\all_cluster_paired_statistics.csv,b47b91f5459632ccb3f7d8e3eba394e6109e41e6803665c7d15b1549d7e8bdd9,public trajectory or preregistered composed workload; 30 stochastic seeds nested within each unit,6,30,CA-HMCD vs External-Auction,independent_service_score,CA-HMCD,External-Auction,0.0112358588,0.006642341,0.0186334226,0.03125,0.15625,1.4069165398,1.0,1.0,False,primary_performance.independent_service_score.anti_uav410.load_6,primary performance,CA-HMCD vs External-Auction,independent_service_score,CA-HMCD,External-Auction,higher,anti_uav410,6,anti_uav410.load_6,Anti-UAV410 load 6,public trajectory or preregistered composed workload,6,30,0.5286678814,0.5174320226,0.0112358588,0.006642341,0.0186334226,mean paired difference across independent clusters,"BCa paired cluster bootstrap, 10000 resamples",0,two-sided paired Wilcoxon signed-rank test,0.03125,0.15625,1.4069165398,1.0,1.0,AU-L06-W01;AU-L06-W02;AU-L06-W03;AU-L06-W04;AU-L06-W05;AU-L06-W06,5,False,,,,,,,,
primary_public_replay::0118,primary_public_replay,primary_public_replay::primary_performance.independent_service_score.anti_uav410.load_6,primary_performance.independent_service_score.anti_uav410.load_6,ca_hmcd_stage5_statistics_20260916\all_cluster_paired_statistics.csv,b47b91f5459632ccb3f7d8e3eba394e6109e41e6803665c7d15b1549d7e8bdd9,public trajectory or preregistered composed workload; 30 stochastic seeds nested within each unit,6,30,CA-HMCD vs No-Synergy,independent_service_score,CA-HMCD,No-Synergy,-0.0008207182,-0.0024067632,9.48081e-05,0.21875,0.21875,-0.5171770946,-0.619047619,0.1666666667,False,primary_performance.independent_service_score.anti_uav410.load_6,primary performance,CA-HMCD vs No-Synergy,independent_service_score,CA-HMCD,No-Synergy,higher,anti_uav410,6,anti_uav410.load_6,Anti-UAV410 load 6,public trajectory or preregistered composed workload,6,30,0.5286678814,0.5294885996,-0.0008207182,-0.0024067632,9.48081e-05,mean paired difference across independent clusters,"BCa paired cluster bootstrap, 10000 resamples",4.0,two-sided paired Wilcoxon signed-rank test,0.21875,0.21875,-0.5171770946,-0.619047619,0.1666666667,AU-L06-W01;AU-L06-W02;AU-L06-W03;AU-L06-W04;AU-L06-W05;AU-L06-W06,5,False,,,,,,,,
primary_public_replay::0119,primary_public_replay,primary_public_replay::primary_performance.independent_service_score.anti_uav410.load_6,primary_performance.independent_service_score.anti_uav410.load_6,ca_hmcd_stage5_statistics_20260916\all_cluster_paired_statistics.csv,b47b91f5459632ccb3f7d8e3eba394e6109e41e6803665c7d15b1549d7e8bdd9,public trajectory or preregistered composed workload; 30 stochastic seeds nested within each unit,6,30,CA-HMCD vs No-Stability,independent_service_score,CA-HMCD,No-Stability,-0.0320745856,-0.0380088266,-0.028588989,0.03125,0.15625,-5.1071670431,-1.0,0.0,False,primary_performance.independent_service_score.anti_uav410.load_6,primary performance,CA-HMCD vs No-Stability,independent_service_score,CA-HMCD,No-Stability,higher,anti_uav410,6,anti_uav410.load_6,Anti-UAV410 load 6,public trajectory or preregistered composed workload,6,30,0.5286678814,0.5607424669,-0.0320745856,-0.0380088266,-0.028588989,mean paired difference across independent clusters,"BCa paired cluster bootstrap, 10000 resamples",0,two-sided paired Wilcoxon signed-rank test,0.03125,0.15625,-5.1071670431,-1.0,0.0,AU-L06-W01;AU-L06-W02;AU-L06-W03;AU-L06-W04;AU-L06-W05;AU-L06-W06,5,False,,,,,,,,
primary_public_replay::0120,primary_public_replay,primary_public_replay::primary_performance.independent_service_score.anti_uav410.load_6,primary_performance.independent_service_score.anti_uav410.load_6,ca_hmcd_stage5_statistics_20260916\all_cluster_paired_statistics.csv,b47b91f5459632ccb3f7d8e3eba394e6109e41e6803665c7d15b1549d7e8bdd9,public trajectory or preregistered composed workload; 30 stochastic seeds nested within each unit,6,30,CA-HMCD vs Random,independent_service_score,CA-HMCD,Random,0.0933845294,0.0901829832,0.0972051748,0.03125,0.15625,19.0593409142,1.0,1.0,False,primary_performance.independent_service_score.anti_uav410.load_6,primary performance,CA-HMCD vs Random,independent_service_score,CA-HMCD,Random,higher,anti_uav410,6,anti_uav410.load_6,Anti-UAV410 load 6,public trajectory or preregistered composed workload,6,30,0.5286678814,0.435283352,0.0933845294,0.0901829832,0.0972051748,mean paired difference across independent clusters,"BCa paired cluster bootstrap, 10000 resamples",0,two-sided paired Wilcoxon signed-rank test,0.03125,0.15625,19.0593409142,1.0,1.0,AU-L06-W01;AU-L06-W02;AU-L06-W03;AU-L06-W04;AU-L06-W05;AU-L06-W06,5,False,,,,,,,,
primary_public_replay::0121,primary_public_replay,primary_public_replay::primary_performance.independent_coverage.anti_uav410.load_6,primary_performance.independent_coverage.anti_uav410.load_6,ca_hmcd_stage5_statistics_20260916\all_cluster_paired_statistics.csv,b47b91f5459632ccb3f7d8e3eba394e6109e41e6803665c7d15b1549d7e8bdd9,public trajectory or preregistered composed workload; 30 stochastic seeds nested within each unit,6,30,CA-HMCD vs Greedy,independent_coverage,CA-HMCD,Greedy,0.0536496914,0.039683642,0.0751234568,0.03125,0.15625,2.2423147945,1.0,1.0,False,primary_performance.independent_coverage.anti_uav410.load_6,primary performance,CA-HMCD vs Greedy,independent_coverage,CA-HMCD,Greedy,higher,anti_uav410,6,anti_uav410.load_6,Anti-UAV410 load 6,public trajectory or preregistered composed workload,6,30,0.8483873457,0.7947376543,0.0536496914,0.039683642,0.0751234568,mean paired difference across independent clusters,"BCa paired cluster bootstrap, 10000 resamples",0,two-sided paired Wilcoxon signed-rank test,0.03125,0.15625,2.2423147945,1.0,1.0,AU-L06-W01;AU-L06-W02;AU-L06-W03;AU-L06-W04;AU-L06-W05;AU-L06-W06,5,False,,,,,,,,
primary_public_replay::0122,primary_public_replay,primary_public_replay::primary_performance.independent_coverage.anti_uav410.load_6,primary_performance.independent_coverage.anti_uav410.load_6,ca_hmcd_stage5_statistics_20260916\all_cluster_paired_statistics.csv,b47b91f5459632ccb3f7d8e3eba394e6109e41e6803665c7d15b1549d7e8bdd9,public trajectory or preregistered composed workload; 30 stochastic seeds nested within each unit,6,30,CA-HMCD vs External-Auction,independent_coverage,CA-HMCD,External-Auction,0.0514737654,0.0389506173,0.080398622,0.03125,0.15625,2.0372374045,1.0,1.0,False,primary_performance.independent_coverage.anti_uav410.load_6,primary performance,CA-HMCD vs External-Auction,independent_coverage,CA-HMCD,External-Auction,higher,anti_uav410,6,anti_uav410.load_6,Anti-UAV410 load 6,public trajectory or preregistered composed workload,6,30,0.8483873457,0.7969135802,0.0514737654,0.0389506173,0.080398622,mean paired difference across independent clusters,"BCa paired cluster bootstrap, 10000 resamples",0,two-sided paired Wilcoxon signed-rank test,0.03125,0.15625,2.0372374045,1.0,1.0,AU-L06-W01;AU-L06-W02;AU-L06-W03;AU-L06-W04;AU-L06-W05;AU-L06-W06,5,False,,,,,,,,
primary_public_replay::0123,primary_public_replay,primary_public_replay::primary_performance.independent_coverage.anti_uav410.load_6,primary_performance.independent_coverage.anti_uav410.load_6,ca_hmcd_stage5_statistics_20260916\all_cluster_paired_statistics.csv,b47b91f5459632ccb3f7d8e3eba394e6109e41e6803665c7d15b1549d7e8bdd9,public trajectory or preregistered composed workload; 30 stochastic seeds nested within each unit,6,30,CA-HMCD vs No-Synergy,independent_coverage,CA-HMCD,No-Synergy,-0.0110030864,-0.0189737654,-0.004691358,0.03125,0.15625,-1.1301293009,-1.0,0.0,False,primary_performance.independent_coverage.anti_uav410.load_6,primary performance,CA-HMCD vs No-Synergy,independent_coverage,CA-HMCD,No-Synergy,higher,anti_uav410,6,anti_uav410.load_6,Anti-UAV410 load 6,public trajectory or preregistered composed workload,6,30,0.8483873457,0.8593904321,-0.0110030864,-0.0189737654,-0.004691358,mean paired difference across independent clusters,"BCa paired cluster bootstrap, 10000 resamples",0,two-sided paired Wilcoxon signed-rank test,0.03125,0.15625,-1.1301293009,-1.0,0.0,AU-L06-W01;AU-L06-W02;AU-L06-W03;AU-L06-W04;AU-L06-W05;AU-L06-W06,5,False,,,,,,,,
primary_public_replay::0124,primary_public_replay,primary_public_replay::primary_performance.independent_coverage.anti_uav410.load_6,primary_performance.independent_coverage.anti_uav410.load_6,ca_hmcd_stage5_statistics_20260916\all_cluster_paired_statistics.csv,b47b91f5459632ccb3f7d8e3eba394e6109e41e6803665c7d15b1549d7e8bdd9,public trajectory or preregistered composed workload; 30 stochastic seeds nested within each unit,6,30,CA-HMCD vs No-Stability,independent_coverage,CA-HMCD,No-Stability,-0.0275462963,-0.0423070988,-0.0199845679,0.03125,0.15625,-1.9463285783,-1.0,0.0,False,primary_performance.independent_coverage.anti_uav410.load_6,primary performance,CA-HMCD vs No-Stability,independent_coverage,CA-HMCD,No-Stability,higher,anti_uav410,6,anti_uav410.load_6,Anti-UAV410 load 6,public trajectory or preregistered composed workload,6,30,0.8483873457,0.875933642,-0.0275462963,-0.0423070988,-0.0199845679,mean paired difference across independent clusters,"BCa paired cluster bootstrap, 10000 resamples",0,two-sided paired Wilcoxon signed-rank test,0.03125,0.15625,-1.9463285783,-1.0,0.0,AU-L06-W01;AU-L06-W02;AU-L06-W03;AU-L06-W04;AU-L06-W05;AU-L06-W06,5,False,,,,,,,,
primary_public_replay::0125,primary_public_replay,primary_public_replay::primary_performance.independent_coverage.anti_uav410.load_6,primary_performance.independent_coverage.anti_uav410.load_6,ca_hmcd_stage5_statistics_20260916\all_cluster_paired_statistics.csv,b47b91f5459632ccb3f7d8e3eba394e6109e41e6803665c7d15b1549d7e8bdd9,public trajectory or preregistered composed workload; 30 stochastic seeds nested within each unit,6,30,CA-HMCD vs Random,independent_coverage,CA-HMCD,Random,0.2585030864,0.247662037,0.2678626543,0.03125,0.15625,18.0193798034,1.0,1.0,False,primary_performance.independent_coverage.anti_uav410.load_6,primary performance,CA-HMCD vs Random,independent_coverage,CA-HMCD,Random,higher,anti_uav410,6,anti_uav410.load_6,Anti-UAV410 load 6,public trajectory or preregistered composed workload,6,30,0.8483873457,0.5898842593,0.2585030864,0.247662037,0.2678626543,mean paired difference across independent clusters,"BCa paired cluster bootstrap, 10000 resamples",0,two-sided paired Wilcoxon signed-rank test,0.03125,0.15625,18.0193798034,1.0,1.0,AU-L06-W01;AU-L06-W02;AU-L06-W03;AU-L06-W04;AU-L06-W05;AU-L06-W06,5,False,,,,,,,,
primary_public_replay::0126,primary_public_replay,primary_public_replay::stability_mechanism.external_switch_count.anti_uav410.load_6,stability_mechanism.external_switch_count.anti_uav410.load_6,ca_hmcd_stage5_statistics_20260916\all_cluster_paired_statistics.csv,b47b91f5459632ccb3f7d8e3eba394e6109e41e6803665c7d15b1549d7e8bdd9,public trajectory or preregistered composed workload; 30 stochastic seeds nested within each unit,6,30,CA-HMCD vs Greedy,external_switch_count,CA-HMCD,Greedy,-0.2162037037,-0.2912037037,-0.1166666667,0.03125,0.15625,-1.8201627863,-1.0,1.0,False,stability_mechanism.external_switch_count.anti_uav410.load_6,stability mechanism,CA-HMCD vs Greedy,external_switch_count,CA-HMCD,Greedy,lower,anti_uav410,6,anti_uav410.load_6,Anti-UAV410 load 6,public trajectory or preregistered composed workload,6,30,1.7314814815,1.9476851852,-0.2162037037,-0.2912037037,-0.1166666667,mean paired difference across independent clusters,"BCa paired cluster bootstrap, 10000 resamples",0,two-sided paired Wilcoxon signed-rank test,0.03125,0.15625,-1.8201627863,-1.0,1.0,AU-L06-W01;AU-L06-W02;AU-L06-W03;AU-L06-W04;AU-L06-W05;AU-L06-W06,5,False,,,,,,,,
primary_public_replay::0127,primary_public_replay,primary_public_replay::stability_mechanism.external_switch_count.anti_uav410.load_6,stability_mechanism.external_switch_count.anti_uav410.load_6,ca_hmcd_stage5_statistics_20260916\all_cluster_paired_statistics.csv,b47b91f5459632ccb3f7d8e3eba394e6109e41e6803665c7d15b1549d7e8bdd9,public trajectory or preregistered composed workload; 30 stochastic seeds nested within each unit,6,30,CA-HMCD vs External-Auction,external_switch_count,CA-HMCD,External-Auction,-0.1699074074,-0.2541666667,-0.0652777778,0.0625,0.15625,-1.368081713,-0.9047619048,0.8333333333,False,stability_mechanism.external_switch_count.anti_uav410.load_6,stability mechanism,CA-HMCD vs External-Auction,external_switch_count,CA-HMCD,External-Auction,lower,anti_uav410,6,anti_uav410.load_6,Anti-UAV410 load 6,public trajectory or preregistered composed workload,6,30,1.7314814815,1.9013888889,-0.1699074074,-0.2541666667,-0.0652777778,mean paired difference across independent clusters,"BCa paired cluster bootstrap, 10000 resamples",1.0,two-sided paired Wilcoxon signed-rank test,0.0625,0.15625,-1.368081713,-0.9047619048,0.8333333333,AU-L06-W01;AU-L06-W02;AU-L06-W03;AU-L06-W04;AU-L06-W05;AU-L06-W06,5,False,,,,,,,,
primary_public_replay::0128,primary_public_replay,primary_public_replay::stability_mechanism.external_switch_count.anti_uav410.load_6,stability_mechanism.external_switch_count.anti_uav410.load_6,ca_hmcd_stage5_statistics_20260916\all_cluster_paired_statistics.csv,b47b91f5459632ccb3f7d8e3eba394e6109e41e6803665c7d15b1549d7e8bdd9,public trajectory or preregistered composed workload; 30 stochastic seeds nested within each unit,6,30,CA-HMCD vs No-Synergy,external_switch_count,CA-HMCD,No-Synergy,0.0439814815,0.0175925926,0.087962963,0.03125,0.15625,0.9726951127,1.0,0.0,False,stability_mechanism.external_switch_count.anti_uav410.load_6,stability mechanism,CA-HMCD vs No-Synergy,external_switch_count,CA-HMCD,No-Synergy,lower,anti_uav410,6,anti_uav410.load_6,Anti-UAV410 load 6,public trajectory or preregistered composed workload,6,30,1.7314814815,1.6875,0.0439814815,0.0175925926,0.087962963,mean paired difference across independent clusters,"BCa paired cluster bootstrap, 10000 resamples",0,two-sided paired Wilcoxon signed-rank test,0.03125,0.15625,0.9726951127,1.0,0.0,AU-L06-W01;AU-L06-W02;AU-L06-W03;AU-L06-W04;AU-L06-W05;AU-L06-W06,5,False,,,,,,,,
primary_public_replay::0129,primary_public_replay,primary_public_replay::stability_mechanism.external_switch_count.anti_uav410.load_6,stability_mechanism.external_switch_count.anti_uav410.load_6,ca_hmcd_stage5_statistics_20260916\all_cluster_paired_statistics.csv,b47b91f5459632ccb3f7d8e3eba394e6109e41e6803665c7d15b1549d7e8bdd9,public trajectory or preregistered composed workload; 30 stochastic seeds nested within each unit,6,30,CA-HMCD vs No-Stability,external_switch_count,CA-HMCD,No-Stability,-5.2342592593,-5.6407407407,-4.5361111111,0.03125,0.15625,-7.2536692917,-1.0,1.0,False,stability_mechanism.external_switch_count.anti_uav410.load_6,stability mechanism,CA-HMCD vs No-Stability,external_switch_count,CA-HMCD,No-Stability,lower,anti_uav410,6,anti_uav410.load_6,Anti-UAV410 load 6,public trajectory or preregistered composed workload,6,30,1.7314814815,6.9657407407,-5.2342592593,-5.6407407407,-4.5361111111,mean paired difference across independent clusters,"BCa paired cluster bootstrap, 10000 resamples",0,two-sided paired Wilcoxon signed-rank test,0.03125,0.15625,-7.2536692917,-1.0,1.0,AU-L06-W01;AU-L06-W02;AU-L06-W03;AU-L06-W04;AU-L06-W05;AU-L06-W06,5,False,,,,,,,,
primary_public_replay::0130,primary_public_replay,primary_public_replay::stability_mechanism.external_switch_count.anti_uav410.load_6,stability_mechanism.external_switch_count.anti_uav410.load_6,ca_hmcd_stage5_statistics_20260916\all_cluster_paired_statistics.csv,b47b91f5459632ccb3f7d8e3eba394e6109e41e6803665c7d15b1549d7e8bdd9,public trajectory or preregistered composed workload; 30 stochastic seeds nested within each unit,6,30,CA-HMCD vs Random,external_switch_count,CA-HMCD,Random,-4.6902777778,-5.0537037037,-4.1722222222,0.03125,0.15625,-8.2684713624,-1.0,1.0,False,stability_mechanism.external_switch_count.anti_uav410.load_6,stability mechanism,CA-HMCD vs Random,external_switch_count,CA-HMCD,Random,lower,anti_uav410,6,anti_uav410.load_6,Anti-UAV410 load 6,public trajectory or preregistered composed workload,6,30,1.7314814815,6.4217592593,-4.6902777778,-5.0537037037,-4.1722222222,mean paired difference across independent clusters,"BCa paired cluster bootstrap, 10000 resamples",0,two-sided paired Wilcoxon signed-rank test,0.03125,0.15625,-8.2684713624,-1.0,1.0,AU-L06-W01;AU-L06-W02;AU-L06-W03;AU-L06-W04;AU-L06-W05;AU-L06-W06,5,False,,,,,,,,
primary_public_replay::0131,primary_public_replay,primary_public_replay::resource_efficiency.independent_physical_cost.anti_uav410.load_6,resource_efficiency.independent_physical_cost.anti_uav410.load_6,ca_hmcd_stage5_statistics_20260916\all_cluster_paired_statistics.csv,b47b91f5459632ccb3f7d8e3eba394e6109e41e6803665c7d15b1549d7e8bdd9,public trajectory or preregistered composed workload; 30 stochastic seeds nested within each unit,6,30,CA-HMCD vs Greedy,independent_physical_cost,CA-HMCD,Greedy,-0.0871633145,-0.1539791746,-0.0356636005,0.03125,0.15625,-1.0766350389,-1.0,1.0,False,resource_efficiency.independent_physical_cost.anti_uav410.load_6,resource efficiency,CA-HMCD vs Greedy,independent_physical_cost,CA-HMCD,Greedy,lower,anti_uav410,6,anti_uav410.load_6,Anti-UAV410 load 6,public trajectory or preregistered composed workload,6,30,2.2684457829,2.3556090974,-0.0871633145,-0.1539791746,-0.0356636005,mean paired difference across independent clusters,"BCa paired cluster bootstrap, 10000 resamples",0,two-sided paired Wilcoxon signed-rank test,0.03125,0.15625,-1.0766350389,-1.0,1.0,AU-L06-W01;AU-L06-W02;AU-L06-W03;AU-L06-W04;AU-L06-W05;AU-L06-W06,5,False,,,,,,,,
primary_public_replay::0132,primary_public_replay,primary_public_replay::resource_efficiency.independent_physical_cost.anti_uav410.load_6,resource_efficiency.independent_physical_cost.anti_uav410.load_6,ca_hmcd_stage5_statistics_20260916\all_cluster_paired_statistics.csv,b47b91f5459632ccb3f7d8e3eba394e6109e41e6803665c7d15b1549d7e8bdd9,public trajectory or preregistered composed workload; 30 stochastic seeds nested within each unit,6,30,CA-HMCD vs External-Auction,independent_physical_cost,CA-HMCD,External-Auction,-0.1410557904,-0.192207844,-0.0818606149,0.03125,0.15625,-1.8584595205,-1.0,1.0,False,resource_efficiency.independent_physical_cost.anti_uav410.load_6,resource efficiency,CA-HMCD vs External-Auction,independent_physical_cost,CA-HMCD,External-Auction,lower,anti_uav410,6,anti_uav410.load_6,Anti-UAV410 load 6,public trajectory or preregistered composed workload,6,30,2.2684457829,2.4095015733,-0.1410557904,-0.192207844,-0.0818606149,mean paired difference across independent clusters,"BCa paired cluster bootstrap, 10000 resamples",0,two-sided paired Wilcoxon signed-rank test,0.03125,0.15625,-1.8584595205,-1.0,1.0,AU-L06-W01;AU-L06-W02;AU-L06-W03;AU-L06-W04;AU-L06-W05;AU-L06-W06,5,False,,,,,,,,
primary_public_replay::0133,primary_public_replay,primary_public_replay::resource_efficiency.independent_physical_cost.anti_uav410.load_6,resource_efficiency.independent_physical_cost.anti_uav410.load_6,ca_hmcd_stage5_statistics_20260916\all_cluster_paired_statistics.csv,b47b91f5459632ccb3f7d8e3eba394e6109e41e6803665c7d15b1549d7e8bdd9,public trajectory or preregistered composed workload; 30 stochastic seeds nested within each unit,6,30,CA-HMCD vs No-Synergy,independent_physical_cost,CA-HMCD,No-Synergy,0.0678330939,0.0460357933,0.1167564833,0.03125,0.15625,1.5912973324,1.0,0.0,False,resource_efficiency.independent_physical_cost.anti_uav410.load_6,resource efficiency,CA-HMCD vs No-Synergy,independent_physical_cost,CA-HMCD,No-Synergy,lower,anti_uav410,6,anti_uav410.load_6,Anti-UAV410 load 6,public trajectory or preregistered composed workload,6,30,2.2684457829,2.2006126891,0.0678330939,0.0460357933,0.1167564833,mean paired difference across independent clusters,"BCa paired cluster bootstrap, 10000 resamples",0,two-sided paired Wilcoxon signed-rank test,0.03125,0.15625,1.5912973324,1.0,0.0,AU-L06-W01;AU-L06-W02;AU-L06-W03;AU-L06-W04;AU-L06-W05;AU-L06-W06,5,False,,,,,,,,
primary_public_replay::0134,primary_public_replay,primary_public_replay::resource_efficiency.independent_physical_cost.anti_uav410.load_6,resource_efficiency.independent_physical_cost.anti_uav410.load_6,ca_hmcd_stage5_statistics_20260916\all_cluster_paired_statistics.csv,b47b91f5459632ccb3f7d8e3eba394e6109e41e6803665c7d15b1549d7e8bdd9,public trajectory or preregistered composed workload; 30 stochastic seeds nested within each unit,6,30,CA-HMCD vs No-Stability,independent_physical_cost,CA-HMCD,No-Stability,-0.6713495748,-0.7626682597,-0.5904971427,0.03125,0.15625,-5.6533119319,-1.0,1.0,False,resource_efficiency.independent_physical_cost.anti_uav410.load_6,resource efficiency,CA-HMCD vs No-Stability,independent_physical_cost,CA-HMCD,No-Stability,lower,anti_uav410,6,anti_uav410.load_6,Anti-UAV410 load 6,public trajectory or preregistered composed workload,6,30,2.2684457829,2.9397953577,-0.6713495748,-0.7626682597,-0.5904971427,mean paired difference across independent clusters,"BCa paired cluster bootstrap, 10000 resamples",0,two-sided paired Wilcoxon signed-rank test,0.03125,0.15625,-5.6533119319,-1.0,1.0,AU-L06-W01;AU-L06-W02;AU-L06-W03;AU-L06-W04;AU-L06-W05;AU-L06-W06,5,False,,,,,,,,
primary_public_replay::0135,primary_public_replay,primary_public_replay::resource_efficiency.independent_physical_cost.anti_uav410.load_6,resource_efficiency.independent_physical_cost.anti_uav410.load_6,ca_hmcd_stage5_statistics_20260916\all_cluster_paired_statistics.csv,b47b91f5459632ccb3f7d8e3eba394e6109e41e6803665c7d15b1549d7e8bdd9,public trajectory or preregistered composed workload; 30 stochastic seeds nested within each unit,6,30,CA-HMCD vs Random,independent_physical_cost,CA-HMCD,Random,0.1276758362,0.0206118362,0.1914501756,0.0625,0.15625,1.1459342465,0.9047619048,0.1666666667,False,resource_efficiency.independent_physical_cost.anti_uav410.load_6,resource efficiency,CA-HMCD vs Random,independent_physical_cost,CA-HMCD,Random,lower,anti_uav410,6,anti_uav410.load_6,Anti-UAV410 load 6,public trajectory or preregistered composed workload,6,30,2.2684457829,2.1407699467,0.1276758362,0.0206118362,0.1914501756,mean paired difference across independent clusters,"BCa paired cluster bootstrap, 10000 resamples",1.0,two-sided paired Wilcoxon signed-rank test,0.0625,0.15625,1.1459342465,0.9047619048,0.1666666667,AU-L06-W01;AU-L06-W02;AU-L06-W03;AU-L06-W04;AU-L06-W05;AU-L06-W06,5,False,,,,,,,,
primary_public_replay::0136,primary_public_replay,primary_public_replay::redundancy_mechanism.independent_same_type_pair_ratio.anti_uav410.load_6,redundancy_mechanism.independent_same_type_pair_ratio.anti_uav410.load_6,ca_hmcd_stage5_statistics_20260916\all_cluster_paired_statistics.csv,b47b91f5459632ccb3f7d8e3eba394e6109e41e6803665c7d15b1549d7e8bdd9,public trajectory or preregistered composed workload; 30 stochastic seeds nested within each unit,6,30,CA-HMCD vs Greedy,independent_same_type_pair_ratio,CA-HMCD,Greedy,-0.1236111111,-0.1756944444,-0.1006944444,0.03125,0.15625,-2.7382671122,-1.0,1.0,False,redundancy_mechanism.independent_same_type_pair_ratio.anti_uav410.load_6,redundancy mechanism,CA-HMCD vs Greedy,independent_same_type_pair_ratio,CA-HMCD,Greedy,lower,anti_uav410,6,anti_uav410.load_6,Anti-UAV410 load 6,public trajectory or preregistered composed workload,6,30,0.0231481481,0.1467592593,-0.1236111111,-0.1756944444,-0.1006944444,mean paired difference across independent clusters,"BCa paired cluster bootstrap, 10000 resamples",0,two-sided paired Wilcoxon signed-rank test,0.03125,0.15625,-2.7382671122,-1.0,1.0,AU-L06-W01;AU-L06-W02;AU-L06-W03;AU-L06-W04;AU-L06-W05;AU-L06-W06,5,False,,,,,,,,
primary_public_replay::0137,primary_public_replay,primary_public_replay::redundancy_mechanism.independent_same_type_pair_ratio.anti_uav410.load_6,redundancy_mechanism.independent_same_type_pair_ratio.anti_uav410.load_6,ca_hmcd_stage5_statistics_20260916\all_cluster_paired_statistics.csv,b47b91f5459632ccb3f7d8e3eba394e6109e41e6803665c7d15b1549d7e8bdd9,public trajectory or preregistered composed workload; 30 stochastic seeds nested within each unit,6,30,CA-HMCD vs External-Auction,independent_same_type_pair_ratio,CA-HMCD,External-Auction,-0.4497685185,-0.5319444444,-0.3347222222,0.03125,0.15625,-3.3591934437,-1.0,1.0,False,redundancy_mechanism.independent_same_type_pair_ratio.anti_uav410.load_6,redundancy mechanism,CA-HMCD vs External-Auction,independent_same_type_pair_ratio,CA-HMCD,External-Auction,lower,anti_uav410,6,anti_uav410.load_6,Anti-UAV410 load 6,public trajectory or preregistered composed workload,6,30,0.0231481481,0.4729166667,-0.4497685185,-0.5319444444,-0.3347222222,mean paired difference across independent clusters,"BCa paired cluster bootstrap, 10000 resamples",0,two-sided paired Wilcoxon signed-rank test,0.03125,0.15625,-3.3591934437,-1.0,1.0,AU-L06-W01;AU-L06-W02;AU-L06-W03;AU-L06-W04;AU-L06-W05;AU-L06-W06,5,False,,,,,,,,
primary_public_replay::0138,primary_public_replay,primary_public_replay::redundancy_mechanism.independent_same_type_pair_ratio.anti_uav410.load_6,redundancy_mechanism.independent_same_type_pair_ratio.anti_uav410.load_6,ca_hmcd_stage5_statistics_20260916\all_cluster_paired_statistics.csv,b47b91f5459632ccb3f7d8e3eba394e6109e41e6803665c7d15b1549d7e8bdd9,public trajectory or preregistered composed workload; 30 stochastic seeds nested within each unit,6,30,CA-HMCD vs No-Synergy,independent_same_type_pair_ratio,CA-HMCD,No-Synergy,-0.0138888889,-0.0375,-0.0027777778,0.25,0.25,-0.6779076807,-1.0,0.75,False,redundancy_mechanism.independent_same_type_pair_ratio.anti_uav410.load_6,redundancy mechanism,CA-HMCD vs No-Synergy,independent_same_type_pair_ratio,CA-HMCD,No-Synergy,lower,anti_uav410,6,anti_uav410.load_6,Anti-UAV410 load 6,public trajectory or preregistered composed workload,6,30,0.0231481481,0.037037037,-0.0138888889,-0.0375,-0.0027777778,mean paired difference across independent clusters,"BCa paired cluster bootstrap, 10000 resamples",0,two-sided paired Wilcoxon signed-rank test,0.25,0.25,-0.6779076807,-1.0,0.75,AU-L06-W01;AU-L06-W02;AU-L06-W03;AU-L06-W04;AU-L06-W05;AU-L06-W06,5,False,,,,,,,,
primary_public_replay::0139,primary_public_replay,primary_public_replay::redundancy_mechanism.independent_same_type_pair_ratio.anti_uav410.load_6,redundancy_mechanism.independent_same_type_pair_ratio.anti_uav410.load_6,ca_hmcd_stage5_statistics_20260916\all_cluster_paired_statistics.csv,b47b91f5459632ccb3f7d8e3eba394e6109e41e6803665c7d15b1549d7e8bdd9,public trajectory or preregistered composed workload; 30 stochastic seeds nested within each unit,6,30,CA-HMCD vs No-Stability,independent_same_type_pair_ratio,CA-HMCD,No-Stability,-0.0769290123,-0.1249228395,-0.0505401235,0.03125,0.15625,-1.6509971772,-1.0,1.0,False,redundancy_mechanism.independent_same_type_pair_ratio.anti_uav410.load_6,redundancy mechanism,CA-HMCD vs No-Stability,independent_same_type_pair_ratio,CA-HMCD,No-Stability,lower,anti_uav410,6,anti_uav410.load_6,Anti-UAV410 load 6,public trajectory or preregistered composed workload,6,30,0.0231481481,0.1000771605,-0.0769290123,-0.1249228395,-0.0505401235,mean paired difference across independent clusters,"BCa paired cluster bootstrap, 10000 resamples",0,two-sided paired Wilcoxon signed-rank test,0.03125,0.15625,-1.6509971772,-1.0,1.0,AU-L06-W01;AU-L06-W02;AU-L06-W03;AU-L06-W04;AU-L06-W05;AU-L06-W06,5,False,,,,,,,,
primary_public_replay::0140,primary_public_replay,primary_public_replay::redundancy_mechanism.independent_same_type_pair_ratio.anti_uav410.load_6,redundancy_mechanism.independent_same_type_pair_ratio.anti_uav410.load_6,ca_hmcd_stage5_statistics_20260916\all_cluster_paired_statistics.csv,b47b91f5459632ccb3f7d8e3eba394e6109e41e6803665c7d15b1549d7e8bdd9,public trajectory or preregistered composed workload; 30 stochastic seeds nested within each unit,6,30,CA-HMCD vs Random,independent_same_type_pair_ratio,CA-HMCD,Random,-0.3452546296,-0.3804398148,-0.3084490741,0.03125,0.15625,-6.8582795542,-1.0,1.0,False,redundancy_mechanism.independent_same_type_pair_ratio.anti_uav410.load_6,redundancy mechanism,CA-HMCD vs Random,independent_same_type_pair_ratio,CA-HMCD,Random,lower,anti_uav410,6,anti_uav410.load_6,Anti-UAV410 load 6,public trajectory or preregistered composed workload,6,30,0.0231481481,0.3684027778,-0.3452546296,-0.3804398148,-0.3084490741,mean paired difference across independent clusters,"BCa paired cluster bootstrap, 10000 resamples",0,two-sided paired Wilcoxon signed-rank test,0.03125,0.15625,-6.8582795542,-1.0,1.0,AU-L06-W01;AU-L06-W02;AU-L06-W03;AU-L06-W04;AU-L06-W05;AU-L06-W06,5,False,,,,,,,,
primary_public_replay::0141,primary_public_replay,primary_public_replay::redundancy_mechanism.independent_capability_overlap.anti_uav410.load_6,redundancy_mechanism.independent_capability_overlap.anti_uav410.load_6,ca_hmcd_stage5_statistics_20260916\all_cluster_paired_statistics.csv,b47b91f5459632ccb3f7d8e3eba394e6109e41e6803665c7d15b1549d7e8bdd9,public trajectory or preregistered composed workload; 30 stochastic seeds nested within each unit,6,30,CA-HMCD vs Greedy,independent_capability_overlap,CA-HMCD,Greedy,-0.26308713,-0.3305107495,-0.2000416252,0.03125,0.15625,-2.9184687566,-1.0,1.0,False,redundancy_mechanism.independent_capability_overlap.anti_uav410.load_6,redundancy mechanism,CA-HMCD vs Greedy,independent_capability_overlap,CA-HMCD,Greedy,lower,anti_uav410,6,anti_uav410.load_6,Anti-UAV410 load 6,public trajectory or preregistered composed workload,6,30,0.2298730312,0.4929601612,-0.26308713,-0.3305107495,-0.2000416252,mean paired difference across independent clusters,"BCa paired cluster bootstrap, 10000 resamples",0,two-sided paired Wilcoxon signed-rank test,0.03125,0.15625,-2.9184687566,-1.0,1.0,AU-L06-W01;AU-L06-W02;AU-L06-W03;AU-L06-W04;AU-L06-W05;AU-L06-W06,5,False,,,,,,,,
primary_public_replay::0142,primary_public_replay,primary_public_replay::redundancy_mechanism.independent_capability_overlap.anti_uav410.load_6,redundancy_mechanism.independent_capability_overlap.anti_uav410.load_6,ca_hmcd_stage5_statistics_20260916\all_cluster_paired_statistics.csv,b47b91f5459632ccb3f7d8e3eba394e6109e41e6803665c7d15b1549d7e8bdd9,public trajectory or preregistered composed workload; 30 stochastic seeds nested within each unit,6,30,CA-HMCD vs External-Auction,independent_capability_overlap,CA-HMCD,External-Auction,-0.3691279024,-0.4732989656,-0.2973280834,0.03125,0.15625,-3.0915141596,-1.0,1.0,False,redundancy_mechanism.independent_capability_overlap.anti_uav410.load_6,redundancy mechanism,CA-HMCD vs External-Auction,independent_capability_overlap,CA-HMCD,External-Auction,lower,anti_uav410,6,anti_uav410.load_6,Anti-UAV410 load 6,public trajectory or preregistered composed workload,6,30,0.2298730312,0.5990009336,-0.3691279024,-0.4732989656,-0.2973280834,mean paired difference across independent clusters,"BCa paired cluster bootstrap, 10000 resamples",0,two-sided paired Wilcoxon signed-rank test,0.03125,0.15625,-3.0915141596,-1.0,1.0,AU-L06-W01;AU-L06-W02;AU-L06-W03;AU-L06-W04;AU-L06-W05;AU-L06-W06,5,False,,,,,,,,
primary_public_replay::0143,primary_public_replay,primary_public_replay::redundancy_mechanism.independent_capability_overlap.anti_uav410.load_6,redundancy_mechanism.independent_capability_overlap.anti_uav410.load_6,ca_hmcd_stage5_statistics_20260916\all_cluster_paired_statistics.csv,b47b91f5459632ccb3f7d8e3eba394e6109e41e6803665c7d15b1549d7e8bdd9,public trajectory or preregistered composed workload; 30 stochastic seeds nested within each unit,6,30,CA-HMCD vs No-Synergy,independent_capability_overlap,CA-HMCD,No-Synergy,0.1334151789,0.0758249094,0.2179558017,0.03125,0.15625,1.4099307417,1.0,0.0,False,redundancy_mechanism.independent_capability_overlap.anti_uav410.load_6,redundancy mechanism,CA-HMCD vs No-Synergy,independent_capability_overlap,CA-HMCD,No-Synergy,lower,anti_uav410,6,anti_uav410.load_6,Anti-UAV410 load 6,public trajectory or preregistered composed workload,6,30,0.2298730312,0.0964578523,0.1334151789,0.0758249094,0.2179558017,mean paired difference across independent clusters,"BCa paired cluster bootstrap, 10000 resamples",0,two-sided paired Wilcoxon signed-rank test,0.03125,0.15625,1.4099307417,1.0,0.0,AU-L06-W01;AU-L06-W02;AU-L06-W03;AU-L06-W04;AU-L06-W05;AU-L06-W06,5,False,,,,,,,,
primary_public_replay::0144,primary_public_replay,primary_public_replay::redundancy_mechanism.independent_capability_overlap.anti_uav410.load_6,redundancy_mechanism.independent_capability_overlap.anti_uav410.load_6,ca_hmcd_stage5_statistics_20260916\all_cluster_paired_statistics.csv,b47b91f5459632ccb3f7d8e3eba394e6109e41e6803665c7d15b1549d7e8bdd9,public trajectory or preregistered composed workload; 30 stochastic seeds nested within each unit,6,30,CA-HMCD vs No-Stability,independent_capability_overlap,CA-HMCD,No-Stability,-0.4204871555,-0.4935402904,-0.3213040598,0.03125,0.15625,-3.6066810099,-1.0,1.0,False,redundancy_mechanism.independent_capability_overlap.anti_uav410.load_6,redundancy mechanism,CA-HMCD vs No-Stability,independent_capability_overlap,CA-HMCD,No-Stability,lower,anti_uav410,6,anti_uav410.load_6,Anti-UAV410 load 6,public trajectory or preregistered composed workload,6,30,0.2298730312,0.6503601867,-0.4204871555,-0.4935402904,-0.3213040598,mean paired difference across independent clusters,"BCa paired cluster bootstrap, 10000 resamples",0,two-sided paired Wilcoxon signed-rank test,0.03125,0.15625,-3.6066810099,-1.0,1.0,AU-L06-W01;AU-L06-W02;AU-L06-W03;AU-L06-W04;AU-L06-W05;AU-L06-W06,5,False,,,,,,,,
primary_public_replay::0145,primary_public_replay,primary_public_replay::redundancy_mechanism.independent_capability_overlap.anti_uav410.load_6,redundancy_mechanism.independent_capability_overlap.anti_uav410.load_6,ca_hmcd_stage5_statistics_20260916\all_cluster_paired_statistics.csv,b47b91f5459632ccb3f7d8e3eba394e6109e41e6803665c7d15b1549d7e8bdd9,public trajectory or preregistered composed workload; 30 stochastic seeds nested within each unit,6,30,CA-HMCD vs Random,independent_capability_overlap,CA-HMCD,Random,-0.5057740379,-0.566144759,-0.4213366605,0.03125,0.15625,-5.2379784889,-1.0,1.0,False,redundancy_mechanism.independent_capability_overlap.anti_uav410.load_6,redundancy mechanism,CA-HMCD vs Random,independent_capability_overlap,CA-HMCD,Random,lower,anti_uav410,6,anti_uav410.load_6,Anti-UAV410 load 6,public trajectory or preregistered composed workload,6,30,0.2298730312,0.7356470691,-0.5057740379,-0.566144759,-0.4213366605,mean paired difference across independent clusters,"BCa paired cluster bootstrap, 10000 resamples",0,two-sided paired Wilcoxon signed-rank test,0.03125,0.15625,-5.2379784889,-1.0,1.0,AU-L06-W01;AU-L06-W02;AU-L06-W03;AU-L06-W04;AU-L06-W05;AU-L06-W06,5,False,,,,,,,,
primary_public_replay::0146,primary_public_replay,primary_public_replay::redundancy_mechanism.independent_marginal_gain_waste.anti_uav410.load_6,redundancy_mechanism.independent_marginal_gain_waste.anti_uav410.load_6,ca_hmcd_stage5_statistics_20260916\all_cluster_paired_statistics.csv,b47b91f5459632ccb3f7d8e3eba394e6109e41e6803665c7d15b1549d7e8bdd9,public trajectory or preregistered composed workload; 30 stochastic seeds nested within each unit,6,30,CA-HMCD vs Greedy,independent_marginal_gain_waste,CA-HMCD,Greedy,-0.0308484806,-0.0383315045,-0.0241952122,0.03125,0.15625,-3.2161725059,-1.0,1.0,False,redundancy_mechanism.independent_marginal_gain_waste.anti_uav410.load_6,redundancy mechanism,CA-HMCD vs Greedy,independent_marginal_gain_waste,CA-HMCD,Greedy,lower,anti_uav410,6,anti_uav410.load_6,Anti-UAV410 load 6,public trajectory or preregistered composed workload,6,30,0.0195125791,0.0503610596,-0.0308484806,-0.0383315045,-0.0241952122,mean paired difference across independent clusters,"BCa paired cluster bootstrap, 10000 resamples",0,two-sided paired Wilcoxon signed-rank test,0.03125,0.15625,-3.2161725059,-1.0,1.0,AU-L06-W01;AU-L06-W02;AU-L06-W03;AU-L06-W04;AU-L06-W05;AU-L06-W06,5,False,,,,,,,,
primary_public_replay::0147,primary_public_replay,primary_public_replay::redundancy_mechanism.independent_marginal_gain_waste.anti_uav410.load_6,redundancy_mechanism.independent_marginal_gain_waste.anti_uav410.load_6,ca_hmcd_stage5_statistics_20260916\all_cluster_paired_statistics.csv,b47b91f5459632ccb3f7d8e3eba394e6109e41e6803665c7d15b1549d7e8bdd9,public trajectory or preregistered composed workload; 30 stochastic seeds nested within each unit,6,30,CA-HMCD vs External-Auction,independent_marginal_gain_waste,CA-HMCD,External-Auction,-0.0452685513,-0.0600668766,-0.0348434152,0.03125,0.15625,-2.6425166643,-1.0,1.0,False,redundancy_mechanism.independent_marginal_gain_waste.anti_uav410.load_6,redundancy mechanism,CA-HMCD vs External-Auction,independent_marginal_gain_waste,CA-HMCD,External-Auction,lower,anti_uav410,6,anti_uav410.load_6,Anti-UAV410 load 6,public trajectory or preregistered composed workload,6,30,0.0195125791,0.0647811303,-0.0452685513,-0.0600668766,-0.0348434152,mean paired difference across independent clusters,"BCa paired cluster bootstrap, 10000 resamples",0,two-sided paired Wilcoxon signed-rank test,0.03125,0.15625,-2.6425166643,-1.0,1.0,AU-L06-W01;AU-L06-W02;AU-L06-W03;AU-L06-W04;AU-L06-W05;AU-L06-W06,5,False,,,,,,,,
primary_public_replay::0148,primary_public_replay,primary_public_replay::redundancy_mechanism.independent_marginal_gain_waste.anti_uav410.load_6,redundancy_mechanism.independent_marginal_gain_waste.anti_uav410.load_6,ca_hmcd_stage5_statistics_20260916\all_cluster_paired_statistics.csv,b47b91f5459632ccb3f7d8e3eba394e6109e41e6803665c7d15b1549d7e8bdd9,public trajectory or preregistered composed workload; 30 stochastic seeds nested within each unit,6,30,CA-HMCD vs No-Synergy,independent_marginal_gain_waste,CA-HMCD,No-Synergy,0.0109028562,0.0058955446,0.0200970523,0.03125,0.15625,1.2189360073,1.0,0.0,False,redundancy_mechanism.independent_marginal_gain_waste.anti_uav410.load_6,redundancy mechanism,CA-HMCD vs No-Synergy,independent_marginal_gain_waste,CA-HMCD,No-Synergy,lower,anti_uav410,6,anti_uav410.load_6,Anti-UAV410 load 6,public trajectory or preregistered composed workload,6,30,0.0195125791,0.0086097229,0.0109028562,0.0058955446,0.0200970523,mean paired difference across independent clusters,"BCa paired cluster bootstrap, 10000 resamples",0,two-sided paired Wilcoxon signed-rank test,0.03125,0.15625,1.2189360073,1.0,0.0,AU-L06-W01;AU-L06-W02;AU-L06-W03;AU-L06-W04;AU-L06-W05;AU-L06-W06,5,False,,,,,,,,
primary_public_replay::0149,primary_public_replay,primary_public_replay::redundancy_mechanism.independent_marginal_gain_waste.anti_uav410.load_6,redundancy_mechanism.independent_marginal_gain_waste.anti_uav410.load_6,ca_hmcd_stage5_statistics_20260916\all_cluster_paired_statistics.csv,b47b91f5459632ccb3f7d8e3eba394e6109e41e6803665c7d15b1549d7e8bdd9,public trajectory or preregistered composed workload; 30 stochastic seeds nested within each unit,6,30,CA-HMCD vs No-Stability,independent_marginal_gain_waste,CA-HMCD,No-Stability,-0.0601069202,-0.0700713899,-0.0537840611,0.03125,0.15625,-5.6361058093,-1.0,1.0,False,redundancy_mechanism.independent_marginal_gain_waste.anti_uav410.load_6,redundancy mechanism,CA-HMCD vs No-Stability,independent_marginal_gain_waste,CA-HMCD,No-Stability,lower,anti_uav410,6,anti_uav410.load_6,Anti-UAV410 load 6,public trajectory or preregistered composed workload,6,30,0.0195125791,0.0796194992,-0.0601069202,-0.0700713899,-0.0537840611,mean paired difference across independent clusters,"BCa paired cluster bootstrap, 10000 resamples",0,two-sided paired Wilcoxon signed-rank test,0.03125,0.15625,-5.6361058093,-1.0,1.0,AU-L06-W01;AU-L06-W02;AU-L06-W03;AU-L06-W04;AU-L06-W05;AU-L06-W06,5,False,,,,,,,,
primary_public_replay::0150,primary_public_replay,primary_public_replay::redundancy_mechanism.independent_marginal_gain_waste.anti_uav410.load_6,redundancy_mechanism.independent_marginal_gain_waste.anti_uav410.load_6,ca_hmcd_stage5_statistics_20260916\all_cluster_paired_statistics.csv,b47b91f5459632ccb3f7d8e3eba394e6109e41e6803665c7d15b1549d7e8bdd9,public trajectory or preregistered composed workload; 30 stochastic seeds nested within each unit,6,30,CA-HMCD vs Random,independent_marginal_gain_waste,CA-HMCD,Random,-0.1000594293,-0.1081287228,-0.0906676151,0.03125,0.15625,-8.2956970664,-1.0,1.0,False,redundancy_mechanism.independent_marginal_gain_waste.anti_uav410.load_6,redundancy mechanism,CA-HMCD vs Random,independent_marginal_gain_waste,CA-HMCD,Random,lower,anti_uav410,6,anti_uav410.load_6,Anti-UAV410 load 6,public trajectory or preregistered composed workload,6,30,0.0195125791,0.1195720084,-0.1000594293,-0.1081287228,-0.0906676151,mean paired difference across independent clusters,"BCa paired cluster bootstrap, 10000 resamples",0,two-sided paired Wilcoxon signed-rank test,0.03125,0.15625,-8.2956970664,-1.0,1.0,AU-L06-W01;AU-L06-W02;AU-L06-W03;AU-L06-W04;AU-L06-W05;AU-L06-W06,5,False,,,,,,,,
primary_public_replay::0151,primary_public_replay,primary_public_replay::computational_boundary.end_to_end_runtime_ms.anti_uav410.load_6,computational_boundary.end_to_end_runtime_ms.anti_uav410.load_6,ca_hmcd_stage5_statistics_20260916\all_cluster_paired_statistics.csv,b47b91f5459632ccb3f7d8e3eba394e6109e41e6803665c7d15b1549d7e8bdd9,public trajectory or preregistered composed workload; 30 stochastic seeds nested within each unit,6,30,CA-HMCD vs Greedy,end_to_end_runtime_ms,CA-HMCD,Greedy,13.9346985185,9.9758636573,16.1520832721,0.03125,0.15625,3.4428112341,1.0,0.0,False,computational_boundary.end_to_end_runtime_ms.anti_uav410.load_6,computational boundary,CA-HMCD vs Greedy,end_to_end_runtime_ms,CA-HMCD,Greedy,lower,anti_uav410,6,anti_uav410.load_6,Anti-UAV410 load 6,public trajectory or preregistered composed workload,6,30,194.6008415741,180.6661430556,13.9346985185,9.9758636573,16.1520832721,mean paired difference across independent clusters,"BCa paired cluster bootstrap, 10000 resamples",0,two-sided paired Wilcoxon signed-rank test,0.03125,0.15625,3.4428112341,1.0,0.0,AU-L06-W01;AU-L06-W02;AU-L06-W03;AU-L06-W04;AU-L06-W05;AU-L06-W06,5,False,,,,,,,,
primary_public_replay::0152,primary_public_replay,primary_public_replay::computational_boundary.end_to_end_runtime_ms.anti_uav410.load_6,computational_boundary.end_to_end_runtime_ms.anti_uav410.load_6,ca_hmcd_stage5_statistics_20260916\all_cluster_paired_statistics.csv,b47b91f5459632ccb3f7d8e3eba394e6109e41e6803665c7d15b1549d7e8bdd9,public trajectory or preregistered composed workload; 30 stochastic seeds nested within each unit,6,30,CA-HMCD vs External-Auction,end_to_end_runtime_ms,CA-HMCD,External-Auction,21.0296728705,16.7909471759,24.0529403707,0.03125,0.15625,4.1805423536,1.0,0.0,False,computational_boundary.end_to_end_runtime_ms.anti_uav410.load_6,computational boundary,CA-HMCD vs External-Auction,end_to_end_runtime_ms,CA-HMCD,External-Auction,lower,anti_uav410,6,anti_uav410.load_6,Anti-UAV410 load 6,public trajectory or preregistered composed workload,6,30,194.6008415741,173.5711687036,21.0296728705,16.7909471759,24.0529403707,mean paired difference across independent clusters,"BCa paired cluster bootstrap, 10000 resamples",0,two-sided paired Wilcoxon signed-rank test,0.03125,0.15625,4.1805423536,1.0,0.0,AU-L06-W01;AU-L06-W02;AU-L06-W03;AU-L06-W04;AU-L06-W05;AU-L06-W06,5,False,,,,,,,,
primary_public_replay::0153,primary_public_replay,primary_public_replay::computational_boundary.end_to_end_runtime_ms.anti_uav410.load_6,computational_boundary.end_to_end_runtime_ms.anti_uav410.load_6,ca_hmcd_stage5_statistics_20260916\all_cluster_paired_statistics.csv,b47b91f5459632ccb3f7d8e3eba394e6109e41e6803665c7d15b1549d7e8bdd9,public trajectory or preregistered composed workload; 30 stochastic seeds nested within each unit,6,30,CA-HMCD vs No-Synergy,end_to_end_runtime_ms,CA-HMCD,No-Synergy,4.4203837964,1.9243889732,5.6327310185,0.03125,0.15625,1.9038735124,1.0,0.0,False,computational_boundary.end_to_end_runtime_ms.anti_uav410.load_6,computational boundary,CA-HMCD vs No-Synergy,end_to_end_runtime_ms,CA-HMCD,No-Synergy,lower,anti_uav410,6,anti_uav410.load_6,Anti-UAV410 load 6,public trajectory or preregistered composed workload,6,30,194.6008415741,190.1804577777,4.4203837964,1.9243889732,5.6327310185,mean paired difference across independent clusters,"BCa paired cluster bootstrap, 10000 resamples",0,two-sided paired Wilcoxon signed-rank test,0.03125,0.15625,1.9038735124,1.0,0.0,AU-L06-W01;AU-L06-W02;AU-L06-W03;AU-L06-W04;AU-L06-W05;AU-L06-W06,5,False,,,,,,,,
primary_public_replay::0154,primary_public_replay,primary_public_replay::computational_boundary.end_to_end_runtime_ms.anti_uav410.load_6,computational_boundary.end_to_end_runtime_ms.anti_uav410.load_6,ca_hmcd_stage5_statistics_20260916\all_cluster_paired_statistics.csv,b47b91f5459632ccb3f7d8e3eba394e6109e41e6803665c7d15b1549d7e8bdd9,public trajectory or preregistered composed workload; 30 stochastic seeds nested within each unit,6,30,CA-HMCD vs No-Stability,end_to_end_runtime_ms,CA-HMCD,No-Stability,17.6212431482,13.4027677315,19.6244725001,0.03125,0.15625,4.5343856609,1.0,0.0,False,computational_boundary.end_to_end_runtime_ms.anti_uav410.load_6,computational boundary,CA-HMCD vs No-Stability,end_to_end_runtime_ms,CA-HMCD,No-Stability,lower,anti_uav410,6,anti_uav410.load_6,Anti-UAV410 load 6,public trajectory or preregistered composed workload,6,30,194.6008415741,176.9795984259,17.6212431482,13.4027677315,19.6244725001,mean paired difference across independent clusters,"BCa paired cluster bootstrap, 10000 resamples",0,two-sided paired Wilcoxon signed-rank test,0.03125,0.15625,4.5343856609,1.0,0.0,AU-L06-W01;AU-L06-W02;AU-L06-W03;AU-L06-W04;AU-L06-W05;AU-L06-W06,5,False,,,,,,,,
primary_public_replay::0155,primary_public_replay,primary_public_replay::computational_boundary.end_to_end_runtime_ms.anti_uav410.load_6,computational_boundary.end_to_end_runtime_ms.anti_uav410.load_6,ca_hmcd_stage5_statistics_20260916\all_cluster_paired_statistics.csv,b47b91f5459632ccb3f7d8e3eba394e6109e41e6803665c7d15b1549d7e8bdd9,public trajectory or preregistered composed workload; 30 stochastic seeds nested within each unit,6,30,CA-HMCD vs Random,end_to_end_runtime_ms,CA-HMCD,Random,21.1425881482,16.4943147685,23.6845983798,0.03125,0.15625,4.5609454894,1.0,0.0,False,computational_boundary.end_to_end_runtime_ms.anti_uav410.load_6,computational boundary,CA-HMCD vs Random,end_to_end_runtime_ms,CA-HMCD,Random,lower,anti_uav410,6,anti_uav410.load_6,Anti-UAV410 load 6,public trajectory or preregistered composed workload,6,30,194.6008415741,173.4582534259,21.1425881482,16.4943147685,23.6845983798,mean paired difference across independent clusters,"BCa paired cluster bootstrap, 10000 resamples",0,two-sided paired Wilcoxon signed-rank test,0.03125,0.15625,4.5609454894,1.0,0.0,AU-L06-W01;AU-L06-W02;AU-L06-W03;AU-L06-W04;AU-L06-W05;AU-L06-W06,5,False,,,,,,,,
primary_public_replay::0156,primary_public_replay,primary_public_replay::computational_boundary.fallback_run_indicator.anti_uav410.load_6,computational_boundary.fallback_run_indicator.anti_uav410.load_6,ca_hmcd_stage5_statistics_20260916\all_cluster_paired_statistics.csv,b47b91f5459632ccb3f7d8e3eba394e6109e41e6803665c7d15b1549d7e8bdd9,public trajectory or preregistered composed workload; 30 stochastic seeds nested within each unit,6,30,CA-HMCD vs Greedy,fallback_run_indicator,CA-HMCD,Greedy,0.7666666667,0.6222222222,0.8777777778,0.03125,0.15625,4.4428376034,1.0,0.0,False,computational_boundary.fallback_run_indicator.anti_uav410.load_6,computational boundary,CA-HMCD vs Greedy,fallback_run_indicator,CA-HMCD,Greedy,lower,anti_uav410,6,anti_uav410.load_6,Anti-UAV410 load 6,public trajectory or preregistered composed workload,6,30,0.7666666667,0.0,0.7666666667,0.6222222222,0.8777777778,mean paired difference across independent clusters,"BCa paired cluster bootstrap, 10000 resamples",0,two-sided paired Wilcoxon signed-rank test,0.03125,0.15625,4.4428376034,1.0,0.0,AU-L06-W01;AU-L06-W02;AU-L06-W03;AU-L06-W04;AU-L06-W05;AU-L06-W06,5,False,,,,,,,,
primary_public_replay::0157,primary_public_replay,primary_public_replay::computational_boundary.fallback_run_indicator.anti_uav410.load_6,computational_boundary.fallback_run_indicator.anti_uav410.load_6,ca_hmcd_stage5_statistics_20260916\all_cluster_paired_statistics.csv,b47b91f5459632ccb3f7d8e3eba394e6109e41e6803665c7d15b1549d7e8bdd9,public trajectory or preregistered composed workload; 30 stochastic seeds nested within each unit,6,30,CA-HMCD vs External-Auction,fallback_run_indicator,CA-HMCD,External-Auction,0.7666666667,0.6222222222,0.8833333333,0.03125,0.15625,4.4428376034,1.0,0.0,False,computational_boundary.fallback_run_indicator.anti_uav410.load_6,computational boundary,CA-HMCD vs External-Auction,fallback_run_indicator,CA-HMCD,External-Auction,lower,anti_uav410,6,anti_uav410.load_6,Anti-UAV410 load 6,public trajectory or preregistered composed workload,6,30,0.7666666667,0.0,0.7666666667,0.6222222222,0.8833333333,mean paired difference across independent clusters,"BCa paired cluster bootstrap, 10000 resamples",0,two-sided paired Wilcoxon signed-rank test,0.03125,0.15625,4.4428376034,1.0,0.0,AU-L06-W01;AU-L06-W02;AU-L06-W03;AU-L06-W04;AU-L06-W05;AU-L06-W06,5,False,,,,,,,,
primary_public_replay::0158,primary_public_replay,primary_public_replay::computational_boundary.fallback_run_indicator.anti_uav410.load_6,computational_boundary.fallback_run_indicator.anti_uav410.load_6,ca_hmcd_stage5_statistics_20260916\all_cluster_paired_statistics.csv,b47b91f5459632ccb3f7d8e3eba394e6109e41e6803665c7d15b1549d7e8bdd9,public trajectory or preregistered composed workload; 30 stochastic seeds nested within each unit,6,30,CA-HMCD vs No-Synergy,fallback_run_indicator,CA-HMCD,No-Synergy,0.0555555556,-0.0055555556,0.0944444444,0.15625,0.15625,0.8068715305,0.7142857143,0.1666666667,False,computational_boundary.fallback_run_indicator.anti_uav410.load_6,computational boundary,CA-HMCD vs No-Synergy,fallback_run_indicator,CA-HMCD,No-Synergy,lower,anti_uav410,6,anti_uav410.load_6,Anti-UAV410 load 6,public trajectory or preregistered composed workload,6,30,0.7666666667,0.7111111111,0.0555555556,-0.0055555556,0.0944444444,mean paired difference across independent clusters,"BCa paired cluster bootstrap, 10000 resamples",3.0,two-sided paired Wilcoxon signed-rank test,0.15625,0.15625,0.8068715305,0.7142857143,0.1666666667,AU-L06-W01;AU-L06-W02;AU-L06-W03;AU-L06-W04;AU-L06-W05;AU-L06-W06,5,False,,,,,,,,
primary_public_replay::0159,primary_public_replay,primary_public_replay::computational_boundary.fallback_run_indicator.anti_uav410.load_6,computational_boundary.fallback_run_indicator.anti_uav410.load_6,ca_hmcd_stage5_statistics_20260916\all_cluster_paired_statistics.csv,b47b91f5459632ccb3f7d8e3eba394e6109e41e6803665c7d15b1549d7e8bdd9,public trajectory or preregistered composed workload; 30 stochastic seeds nested within each unit,6,30,CA-HMCD vs No-Stability,fallback_run_indicator,CA-HMCD,No-Stability,0.7666666667,0.6222222222,0.8777777778,0.03125,0.15625,4.4428376034,1.0,0.0,False,computational_boundary.fallback_run_indicator.anti_uav410.load_6,computational boundary,CA-HMCD vs No-Stability,fallback_run_indicator,CA-HMCD,No-Stability,lower,anti_uav410,6,anti_uav410.load_6,Anti-UAV410 load 6,public trajectory or preregistered composed workload,6,30,0.7666666667,0.0,0.7666666667,0.6222222222,0.8777777778,mean paired difference across independent clusters,"BCa paired cluster bootstrap, 10000 resamples",0,two-sided paired Wilcoxon signed-rank test,0.03125,0.15625,4.4428376034,1.0,0.0,AU-L06-W01;AU-L06-W02;AU-L06-W03;AU-L06-W04;AU-L06-W05;AU-L06-W06,5,False,,,,,,,,
primary_public_replay::0160,primary_public_replay,primary_public_replay::computational_boundary.fallback_run_indicator.anti_uav410.load_6,computational_boundary.fallback_run_indicator.anti_uav410.load_6,ca_hmcd_stage5_statistics_20260916\all_cluster_paired_statistics.csv,b47b91f5459632ccb3f7d8e3eba394e6109e41e6803665c7d15b1549d7e8bdd9,public trajectory or preregistered composed workload; 30 stochastic seeds nested within each unit,6,30,CA-HMCD vs Random,fallback_run_indicator,CA-HMCD,Random,0.7666666667,0.6222222222,0.8777777778,0.03125,0.15625,4.4428376034,1.0,0.0,False,computational_boundary.fallback_run_indicator.anti_uav410.load_6,computational boundary,CA-HMCD vs Random,fallback_run_indicator,CA-HMCD,Random,lower,anti_uav410,6,anti_uav410.load_6,Anti-UAV410 load 6,public trajectory or preregistered composed workload,6,30,0.7666666667,0.0,0.7666666667,0.6222222222,0.8777777778,mean paired difference across independent clusters,"BCa paired cluster bootstrap, 10000 resamples",0,two-sided paired Wilcoxon signed-rank test,0.03125,0.15625,4.4428376034,1.0,0.0,AU-L06-W01;AU-L06-W02;AU-L06-W03;AU-L06-W04;AU-L06-W05;AU-L06-W06,5,False,,,,,,,,
primary_public_replay::0161,primary_public_replay,primary_public_replay::computational_boundary.fallback.anti_uav410.load_6,computational_boundary.fallback.anti_uav410.load_6,ca_hmcd_stage5_statistics_20260916\all_cluster_paired_statistics.csv,b47b91f5459632ccb3f7d8e3eba394e6109e41e6803665c7d15b1549d7e8bdd9,public trajectory or preregistered composed workload; 30 stochastic seeds nested within each unit,6,30,CA-HMCD vs Greedy,fallback,CA-HMCD,Greedy,0.1486111111,0.0953703704,0.2078703704,0.03125,0.15625,1.971099043,1.0,0.0,False,computational_boundary.fallback.anti_uav410.load_6,computational boundary,CA-HMCD vs Greedy,fallback,CA-HMCD,Greedy,lower,anti_uav410,6,anti_uav410.load_6,Anti-UAV410 load 6,public trajectory or preregistered composed workload,6,30,0.1486111111,0.0,0.1486111111,0.0953703704,0.2078703704,mean paired difference across independent clusters,"BCa paired cluster bootstrap, 10000 resamples",0,two-sided paired Wilcoxon signed-rank test,0.03125,0.15625,1.971099043,1.0,0.0,AU-L06-W01;AU-L06-W02;AU-L06-W03;AU-L06-W04;AU-L06-W05;AU-L06-W06,5,False,,,,,,,,
primary_public_replay::0162,primary_public_replay,primary_public_replay::computational_boundary.fallback.anti_uav410.load_6,computational_boundary.fallback.anti_uav410.load_6,ca_hmcd_stage5_statistics_20260916\all_cluster_paired_statistics.csv,b47b91f5459632ccb3f7d8e3eba394e6109e41e6803665c7d15b1549d7e8bdd9,public trajectory or preregistered composed workload; 30 stochastic seeds nested within each unit,6,30,CA-HMCD vs External-Auction,fallback,CA-HMCD,External-Auction,0.1486111111,0.0944444444,0.2083333333,0.03125,0.15625,1.971099043,1.0,0.0,False,computational_boundary.fallback.anti_uav410.load_6,computational boundary,CA-HMCD vs External-Auction,fallback,CA-HMCD,External-Auction,lower,anti_uav410,6,anti_uav410.load_6,Anti-UAV410 load 6,public trajectory or preregistered composed workload,6,30,0.1486111111,0.0,0.1486111111,0.0944444444,0.2083333333,mean paired difference across independent clusters,"BCa paired cluster bootstrap, 10000 resamples",0,two-sided paired Wilcoxon signed-rank test,0.03125,0.15625,1.971099043,1.0,0.0,AU-L06-W01;AU-L06-W02;AU-L06-W03;AU-L06-W04;AU-L06-W05;AU-L06-W06,5,False,,,,,,,,
primary_public_replay::0163,primary_public_replay,primary_public_replay::computational_boundary.fallback.anti_uav410.load_6,computational_boundary.fallback.anti_uav410.load_6,ca_hmcd_stage5_statistics_20260916\all_cluster_paired_statistics.csv,b47b91f5459632ccb3f7d8e3eba394e6109e41e6803665c7d15b1549d7e8bdd9,public trajectory or preregistered composed workload; 30 stochastic seeds nested within each unit,6,30,CA-HMCD vs No-Synergy,fallback,CA-HMCD,No-Synergy,0.0222222222,0.0064814815,0.0342592593,0.09375,0.15625,1.2006004504,0.8571428571,0.1666666667,False,computational_boundary.fallback.anti_uav410.load_6,computational boundary,CA-HMCD vs No-Synergy,fallback,CA-HMCD,No-Synergy,lower,anti_uav410,6,anti_uav410.load_6,Anti-UAV410 load 6,public trajectory or preregistered composed workload,6,30,0.1486111111,0.1263888889,0.0222222222,0.0064814815,0.0342592593,mean paired difference across independent clusters,"BCa paired cluster bootstrap, 10000 resamples",1.5,two-sided paired Wilcoxon signed-rank test,0.09375,0.15625,1.2006004504,0.8571428571,0.1666666667,AU-L06-W01;AU-L06-W02;AU-L06-W03;AU-L06-W04;AU-L06-W05;AU-L06-W06,5,False,,,,,,,,
primary_public_replay::0164,primary_public_replay,primary_public_replay::computational_boundary.fallback.anti_uav410.load_6,computational_boundary.fallback.anti_uav410.load_6,ca_hmcd_stage5_statistics_20260916\all_cluster_paired_statistics.csv,b47b91f5459632ccb3f7d8e3eba394e6109e41e6803665c7d15b1549d7e8bdd9,public trajectory or preregistered composed workload; 30 stochastic seeds nested within each unit,6,30,CA-HMCD vs No-Stability,fallback,CA-HMCD,No-Stability,0.1486111111,0.0972222222,0.2060185185,0.03125,0.15625,1.971099043,1.0,0.0,False,computational_boundary.fallback.anti_uav410.load_6,computational boundary,CA-HMCD vs No-Stability,fallback,CA-HMCD,No-Stability,lower,anti_uav410,6,anti_uav410.load_6,Anti-UAV410 load 6,public trajectory or preregistered composed workload,6,30,0.1486111111,0.0,0.1486111111,0.0972222222,0.2060185185,mean paired difference across independent clusters,"BCa paired cluster bootstrap, 10000 resamples",0,two-sided paired Wilcoxon signed-rank test,0.03125,0.15625,1.971099043,1.0,0.0,AU-L06-W01;AU-L06-W02;AU-L06-W03;AU-L06-W04;AU-L06-W05;AU-L06-W06,5,False,,,,,,,,
primary_public_replay::0165,primary_public_replay,primary_public_replay::computational_boundary.fallback.anti_uav410.load_6,computational_boundary.fallback.anti_uav410.load_6,ca_hmcd_stage5_statistics_20260916\all_cluster_paired_statistics.csv,b47b91f5459632ccb3f7d8e3eba394e6109e41e6803665c7d15b1549d7e8bdd9,public trajectory or preregistered composed workload; 30 stochastic seeds nested within each unit,6,30,CA-HMCD vs Random,fallback,CA-HMCD,Random,0.1486111111,0.0981481481,0.2055555556,0.03125,0.15625,1.971099043,1.0,0.0,False,computational_boundary.fallback.anti_uav410.load_6,computational boundary,CA-HMCD vs Random,fallback,CA-HMCD,Random,lower,anti_uav410,6,anti_uav410.load_6,Anti-UAV410 load 6,public trajectory or preregistered composed workload,6,30,0.1486111111,0.0,0.1486111111,0.0981481481,0.2055555556,mean paired difference across independent clusters,"BCa paired cluster bootstrap, 10000 resamples",0,two-sided paired Wilcoxon signed-rank test,0.03125,0.15625,1.971099043,1.0,0.0,AU-L06-W01;AU-L06-W02;AU-L06-W03;AU-L06-W04;AU-L06-W05;AU-L06-W06,5,False,,,,,,,,
primary_public_replay::0166,primary_public_replay,primary_public_replay::primary_performance.external_objective.anti_uav410.load_8,primary_performance.external_objective.anti_uav410.load_8,ca_hmcd_stage5_statistics_20260916\all_cluster_paired_statistics.csv,b47b91f5459632ccb3f7d8e3eba394e6109e41e6803665c7d15b1549d7e8bdd9,public trajectory or preregistered composed workload; 30 stochastic seeds nested within each unit,4,30,CA-HMCD vs Greedy,external_objective,CA-HMCD,Greedy,0.0719675099,0.0264684799,0.1174665399,0.125,0.625,1.3527294264,1.0,1.0,False,primary_performance.external_objective.anti_uav410.load_8,primary performance,CA-HMCD vs Greedy,external_objective,CA-HMCD,Greedy,higher,anti_uav410,8,anti_uav410.load_8,Anti-UAV410 load 8,public trajectory or preregistered composed workload,4,30,0.0943728316,0.0224053217,0.0719675099,0.0264684799,0.1174665399,mean paired difference across independent clusters,"BCa paired cluster bootstrap, 10000 resamples",0,two-sided paired Wilcoxon signed-rank test,0.125,0.625,1.3527294264,1.0,1.0,AU-L08-W01;AU-L08-W02;AU-L08-W03;AU-L08-W04,5,False,,,,,,,,
primary_public_replay::0167,primary_public_replay,primary_public_replay::primary_performance.external_objective.anti_uav410.load_8,primary_performance.external_objective.anti_uav410.load_8,ca_hmcd_stage5_statistics_20260916\all_cluster_paired_statistics.csv,b47b91f5459632ccb3f7d8e3eba394e6109e41e6803665c7d15b1549d7e8bdd9,public trajectory or preregistered composed workload; 30 stochastic seeds nested within each unit,4,30,CA-HMCD vs External-Auction,external_objective,CA-HMCD,External-Auction,0.0762014179,0.0323767999,0.1200260359,0.125,0.625,1.4564727849,1.0,1.0,False,primary_performance.external_objective.anti_uav410.load_8,primary performance,CA-HMCD vs External-Auction,external_objective,CA-HMCD,External-Auction,higher,anti_uav410,8,anti_uav410.load_8,Anti-UAV410 load 8,public trajectory or preregistered composed workload,4,30,0.0943728316,0.0181714137,0.0762014179,0.0323767999,0.1200260359,mean paired difference across independent clusters,"BCa paired cluster bootstrap, 10000 resamples",0,two-sided paired Wilcoxon signed-rank test,0.125,0.625,1.4564727849,1.0,1.0,AU-L08-W01;AU-L08-W02;AU-L08-W03;AU-L08-W04,5,False,,,,,,,,
primary_public_replay::0168,primary_public_replay,primary_public_replay::primary_performance.external_objective.anti_uav410.load_8,primary_performance.external_objective.anti_uav410.load_8,ca_hmcd_stage5_statistics_20260916\all_cluster_paired_statistics.csv,b47b91f5459632ccb3f7d8e3eba394e6109e41e6803665c7d15b1549d7e8bdd9,public trajectory or preregistered composed workload; 30 stochastic seeds nested within each unit,4,30,CA-HMCD vs No-Synergy,external_objective,CA-HMCD,No-Synergy,-0.0023524661,-0.0035886895,-0.001573526,0.125,0.625,-1.9383351777,-1.0,0.0,False,primary_performance.external_objective.anti_uav410.load_8,primary performance,CA-HMCD vs No-Synergy,external_objective,CA-HMCD,No-Synergy,higher,anti_uav410,8,anti_uav410.load_8,Anti-UAV410 load 8,public trajectory or preregistered composed workload,4,30,0.0943728316,0.0967252977,-0.0023524661,-0.0035886895,-0.001573526,mean paired difference across independent clusters,"BCa paired cluster bootstrap, 10000 resamples",0,two-sided paired Wilcoxon signed-rank test,0.125,0.625,-1.9383351777,-1.0,0.0,AU-L08-W01;AU-L08-W02;AU-L08-W03;AU-L08-W04,5,False,,,,,,,,
primary_public_replay::0169,primary_public_replay,primary_public_replay::primary_performance.external_objective.anti_uav410.load_8,primary_performance.external_objective.anti_uav410.load_8,ca_hmcd_stage5_statistics_20260916\all_cluster_paired_statistics.csv,b47b91f5459632ccb3f7d8e3eba394e6109e41e6803665c7d15b1549d7e8bdd9,public trajectory or preregistered composed workload; 30 stochastic seeds nested within each unit,4,30,CA-HMCD vs No-Stability,external_objective,CA-HMCD,No-Stability,0.4993335992,0.475792279,0.5370237314,0.125,0.625,13.8244057011,1.0,1.0,False,primary_performance.external_objective.anti_uav410.load_8,primary performance,CA-HMCD vs No-Stability,external_objective,CA-HMCD,No-Stability,higher,anti_uav410,8,anti_uav410.load_8,Anti-UAV410 load 8,public trajectory or preregistered composed workload,4,30,0.0943728316,-0.4049607676,0.4993335992,0.475792279,0.5370237314,mean paired difference across independent clusters,"BCa paired cluster bootstrap, 10000 resamples",0,two-sided paired Wilcoxon signed-rank test,0.125,0.625,13.8244057011,1.0,1.0,AU-L08-W01;AU-L08-W02;AU-L08-W03;AU-L08-W04,5,False,,,,,,,,
primary_public_replay::0170,primary_public_replay,primary_public_replay::primary_performance.external_objective.anti_uav410.load_8,primary_performance.external_objective.anti_uav410.load_8,ca_hmcd_stage5_statistics_20260916\all_cluster_paired_statistics.csv,b47b91f5459632ccb3f7d8e3eba394e6109e41e6803665c7d15b1549d7e8bdd9,public trajectory or preregistered composed workload; 30 stochastic seeds nested within each unit,4,30,CA-HMCD vs Random,external_objective,CA-HMCD,Random,0.8513213044,0.8017208894,0.914730241,0.125,0.625,13.6455099165,1.0,1.0,False,primary_performance.external_objective.anti_uav410.load_8,primary performance,CA-HMCD vs Random,external_objective,CA-HMCD,Random,higher,anti_uav410,8,anti_uav410.load_8,Anti-UAV410 load 8,public trajectory or preregistered composed workload,4,30,0.0943728316,-0.7569484728,0.8513213044,0.8017208894,0.914730241,mean paired difference across independent clusters,"BCa paired cluster bootstrap, 10000 resamples",0,two-sided paired Wilcoxon signed-rank test,0.125,0.625,13.6455099165,1.0,1.0,AU-L08-W01;AU-L08-W02;AU-L08-W03;AU-L08-W04,5,False,,,,,,,,
primary_public_replay::0171,primary_public_replay,primary_public_replay::primary_performance.independent_service_score.anti_uav410.load_8,primary_performance.independent_service_score.anti_uav410.load_8,ca_hmcd_stage5_statistics_20260916\all_cluster_paired_statistics.csv,b47b91f5459632ccb3f7d8e3eba394e6109e41e6803665c7d15b1549d7e8bdd9,public trajectory or preregistered composed workload; 30 stochastic seeds nested within each unit,4,30,CA-HMCD vs Greedy,independent_service_score,CA-HMCD,Greedy,0.021664227,0.0143925952,0.0289358589,0.125,0.625,2.4701332466,1.0,1.0,False,primary_performance.independent_service_score.anti_uav410.load_8,primary performance,CA-HMCD vs Greedy,independent_service_score,CA-HMCD,Greedy,higher,anti_uav410,8,anti_uav410.load_8,Anti-UAV410 load 8,public trajectory or preregistered composed workload,4,30,0.5004035771,0.4787393501,0.021664227,0.0143925952,0.0289358589,mean paired difference across independent clusters,"BCa paired cluster bootstrap, 10000 resamples",0,two-sided paired Wilcoxon signed-rank test,0.125,0.625,2.4701332466,1.0,1.0,AU-L08-W01;AU-L08-W02;AU-L08-W03;AU-L08-W04,5,False,,,,,,,,
primary_public_replay::0172,primary_public_replay,primary_public_replay::primary_performance.independent_service_score.anti_uav410.load_8,primary_performance.independent_service_score.anti_uav410.load_8,ca_hmcd_stage5_statistics_20260916\all_cluster_paired_statistics.csv,b47b91f5459632ccb3f7d8e3eba394e6109e41e6803665c7d15b1549d7e8bdd9,public trajectory or preregistered composed workload; 30 stochastic seeds nested within each unit,4,30,CA-HMCD vs External-Auction,independent_service_score,CA-HMCD,External-Auction,0.0214901233,0.0151264481,0.0300803119,0.125,0.625,2.554896492,1.0,1.0,False,primary_performance.independent_service_score.anti_uav410.load_8,primary performance,CA-HMCD vs External-Auction,independent_service_score,CA-HMCD,External-Auction,higher,anti_uav410,8,anti_uav410.load_8,Anti-UAV410 load 8,public trajectory or preregistered composed workload,4,30,0.5004035771,0.4789134538,0.0214901233,0.0151264481,0.0300803119,mean paired difference across independent clusters,"BCa paired cluster bootstrap, 10000 resamples",0,two-sided paired Wilcoxon signed-rank test,0.125,0.625,2.554896492,1.0,1.0,AU-L08-W01;AU-L08-W02;AU-L08-W03;AU-L08-W04,5,False,,,,,,,,
primary_public_replay::0173,primary_public_replay,primary_public_replay::primary_performance.independent_service_score.anti_uav410.load_8,primary_performance.independent_service_score.anti_uav410.load_8,ca_hmcd_stage5_statistics_20260916\all_cluster_paired_statistics.csv,b47b91f5459632ccb3f7d8e3eba394e6109e41e6803665c7d15b1549d7e8bdd9,public trajectory or preregistered composed workload; 30 stochastic seeds nested within each unit,4,30,CA-HMCD vs No-Synergy,independent_service_score,CA-HMCD,No-Synergy,0.0004617823,0.000263301,0.0006602636,0.125,0.625,1.9529414025,1.0,1.0,False,primary_performance.independent_service_score.anti_uav410.load_8,primary performance,CA-HMCD vs No-Synergy,independent_service_score,CA-HMCD,No-Synergy,higher,anti_uav410,8,anti_uav410.load_8,Anti-UAV410 load 8,public trajectory or preregistered composed workload,4,30,0.5004035771,0.4999417948,0.0004617823,0.000263301,0.0006602636,mean paired difference across independent clusters,"BCa paired cluster bootstrap, 10000 resamples",0,two-sided paired Wilcoxon signed-rank test,0.125,0.625,1.9529414025,1.0,1.0,AU-L08-W01;AU-L08-W02;AU-L08-W03;AU-L08-W04,5,False,,,,,,,,
primary_public_replay::0174,primary_public_replay,primary_public_replay::primary_performance.independent_service_score.anti_uav410.load_8,primary_performance.independent_service_score.anti_uav410.load_8,ca_hmcd_stage5_statistics_20260916\all_cluster_paired_statistics.csv,b47b91f5459632ccb3f7d8e3eba394e6109e41e6803665c7d15b1549d7e8bdd9,public trajectory or preregistered composed workload; 30 stochastic seeds nested within each unit,4,30,CA-HMCD vs No-Stability,independent_service_score,CA-HMCD,No-Stability,-0.0167037561,-0.0202416572,-0.0141443936,0.125,0.625,-4.9557626354,-1.0,0.0,False,primary_performance.independent_service_score.anti_uav410.load_8,primary performance,CA-HMCD vs No-Stability,independent_service_score,CA-HMCD,No-Stability,higher,anti_uav410,8,anti_uav410.load_8,Anti-UAV410 load 8,public trajectory or preregistered composed workload,4,30,0.5004035771,0.5171073332,-0.0167037561,-0.0202416572,-0.0141443936,mean paired difference across independent clusters,"BCa paired cluster bootstrap, 10000 resamples",0,two-sided paired Wilcoxon signed-rank test,0.125,0.625,-4.9557626354,-1.0,0.0,AU-L08-W01;AU-L08-W02;AU-L08-W03;AU-L08-W04,5,False,,,,,,,,
primary_public_replay::0175,primary_public_replay,primary_public_replay::primary_performance.independent_service_score.anti_uav410.load_8,primary_performance.independent_service_score.anti_uav410.load_8,ca_hmcd_stage5_statistics_20260916\all_cluster_paired_statistics.csv,b47b91f5459632ccb3f7d8e3eba394e6109e41e6803665c7d15b1549d7e8bdd9,public trajectory or preregistered composed workload; 30 stochastic seeds nested within each unit,4,30,CA-HMCD vs Random,independent_service_score,CA-HMCD,Random,0.0900271725,0.0825134485,0.0943183798,0.125,0.625,12.405547567,1.0,1.0,False,primary_performance.independent_service_score.anti_uav410.load_8,primary performance,CA-HMCD vs Random,independent_service_score,CA-HMCD,Random,higher,anti_uav410,8,anti_uav410.load_8,Anti-UAV410 load 8,public trajectory or preregistered composed workload,4,30,0.5004035771,0.4103764046,0.0900271725,0.0825134485,0.0943183798,mean paired difference across independent clusters,"BCa paired cluster bootstrap, 10000 resamples",0,two-sided paired Wilcoxon signed-rank test,0.125,0.625,12.405547567,1.0,1.0,AU-L08-W01;AU-L08-W02;AU-L08-W03;AU-L08-W04,5,False,,,,,,,,
primary_public_replay::0176,primary_public_replay,primary_public_replay::primary_performance.independent_coverage.anti_uav410.load_8,primary_performance.independent_coverage.anti_uav410.load_8,ca_hmcd_stage5_statistics_20260916\all_cluster_paired_statistics.csv,b47b91f5459632ccb3f7d8e3eba394e6109e41e6803665c7d15b1549d7e8bdd9,public trajectory or preregistered composed workload; 30 stochastic seeds nested within each unit,4,30,CA-HMCD vs Greedy,independent_coverage,CA-HMCD,Greedy,0.072181713,0.0490740741,0.0952893519,0.125,0.625,2.6482253955,1.0,1.0,False,primary_performance.independent_coverage.anti_uav410.load_8,primary performance,CA-HMCD vs Greedy,independent_coverage,CA-HMCD,Greedy,higher,anti_uav410,8,anti_uav410.load_8,Anti-UAV410 load 8,public trajectory or preregistered composed workload,4,30,0.8039054233,0.7317237103,0.072181713,0.0490740741,0.0952893519,mean paired difference across independent clusters,"BCa paired cluster bootstrap, 10000 resamples",0,two-sided paired Wilcoxon signed-rank test,0.125,0.625,2.6482253955,1.0,1.0,AU-L08-W01;AU-L08-W02;AU-L08-W03;AU-L08-W04,5,False,,,,,,,,
primary_public_replay::0177,primary_public_replay,primary_public_replay::primary_performance.independent_coverage.anti_uav410.load_8,primary_performance.independent_coverage.anti_uav410.load_8,ca_hmcd_stage5_statistics_20260916\all_cluster_paired_statistics.csv,b47b91f5459632ccb3f7d8e3eba394e6109e41e6803665c7d15b1549d7e8bdd9,public trajectory or preregistered composed workload; 30 stochastic seeds nested within each unit,4,30,CA-HMCD vs External-Auction,independent_coverage,CA-HMCD,External-Auction,0.071963459,0.0525876323,0.0982986111,0.125,0.625,2.8247555695,1.0,1.0,False,primary_performance.independent_coverage.anti_uav410.load_8,primary performance,CA-HMCD vs External-Auction,independent_coverage,CA-HMCD,External-Auction,higher,anti_uav410,8,anti_uav410.load_8,Anti-UAV410 load 8,public trajectory or preregistered composed workload,4,30,0.8039054233,0.7319419643,0.071963459,0.0525876323,0.0982986111,mean paired difference across independent clusters,"BCa paired cluster bootstrap, 10000 resamples",0,two-sided paired Wilcoxon signed-rank test,0.125,0.625,2.8247555695,1.0,1.0,AU-L08-W01;AU-L08-W02;AU-L08-W03;AU-L08-W04,5,False,,,,,,,,
primary_public_replay::0178,primary_public_replay,primary_public_replay::primary_performance.independent_coverage.anti_uav410.load_8,primary_performance.independent_coverage.anti_uav410.load_8,ca_hmcd_stage5_statistics_20260916\all_cluster_paired_statistics.csv,b47b91f5459632ccb3f7d8e3eba394e6109e41e6803665c7d15b1549d7e8bdd9,public trajectory or preregistered composed workload; 30 stochastic seeds nested within each unit,4,30,CA-HMCD vs No-Synergy,independent_coverage,CA-HMCD,No-Synergy,-0.0002670304,-0.0012037037,0.0011780754,0.625,1.0,-0.1790196112,-0.4,0.25,False,primary_performance.independent_coverage.anti_uav410.load_8,primary performance,CA-HMCD vs No-Synergy,independent_coverage,CA-HMCD,No-Synergy,higher,anti_uav410,8,anti_uav410.load_8,Anti-UAV410 load 8,public trajectory or preregistered composed workload,4,30,0.8039054233,0.8041724537,-0.0002670304,-0.0012037037,0.0011780754,mean paired difference across independent clusters,"BCa paired cluster bootstrap, 10000 resamples",3.0,two-sided paired Wilcoxon signed-rank test,0.625,1.0,-0.1790196112,-0.4,0.25,AU-L08-W01;AU-L08-W02;AU-L08-W03;AU-L08-W04,5,False,,,,,,,,
primary_public_replay::0179,primary_public_replay,primary_public_replay::primary_performance.independent_coverage.anti_uav410.load_8,primary_performance.independent_coverage.anti_uav410.load_8,ca_hmcd_stage5_statistics_20260916\all_cluster_paired_statistics.csv,b47b91f5459632ccb3f7d8e3eba394e6109e41e6803665c7d15b1549d7e8bdd9,public trajectory or preregistered composed workload; 30 stochastic seeds nested within each unit,4,30,CA-HMCD vs No-Stability,independent_coverage,CA-HMCD,No-Stability,0.0005977183,-0.0084986772,0.0096941138,1.0,1.0,0.0537249188,0.0,0.5,False,primary_performance.independent_coverage.anti_uav410.load_8,primary performance,CA-HMCD vs No-Stability,independent_coverage,CA-HMCD,No-Stability,higher,anti_uav410,8,anti_uav410.load_8,Anti-UAV410 load 8,public trajectory or preregistered composed workload,4,30,0.8039054233,0.803307705,0.0005977183,-0.0084986772,0.0096941138,mean paired difference across independent clusters,"BCa paired cluster bootstrap, 10000 resamples",5.0,two-sided paired Wilcoxon signed-rank test,1.0,1.0,0.0537249188,0.0,0.5,AU-L08-W01;AU-L08-W02;AU-L08-W03;AU-L08-W04,5,False,,,,,,,,
primary_public_replay::0180,primary_public_replay,primary_public_replay::primary_performance.independent_coverage.anti_uav410.load_8,primary_performance.independent_coverage.anti_uav410.load_8,ca_hmcd_stage5_statistics_20260916\all_cluster_paired_statistics.csv,b47b91f5459632ccb3f7d8e3eba394e6109e41e6803665c7d15b1549d7e8bdd9,public trajectory or preregistered composed workload; 30 stochastic seeds nested within each unit,4,30,CA-HMCD vs Random,independent_coverage,CA-HMCD,Random,0.2620171958,0.2442005622,0.2724884259,0.125,0.625,15.1306773376,1.0,1.0,False,primary_performance.independent_coverage.anti_uav410.load_8,primary performance,CA-HMCD vs Random,independent_coverage,CA-HMCD,Random,higher,anti_uav410,8,anti_uav410.load_8,Anti-UAV410 load 8,public trajectory or preregistered composed workload,4,30,0.8039054233,0.5418882275,0.2620171958,0.2442005622,0.2724884259,mean paired difference across independent clusters,"BCa paired cluster bootstrap, 10000 resamples",0,two-sided paired Wilcoxon signed-rank test,0.125,0.625,15.1306773376,1.0,1.0,AU-L08-W01;AU-L08-W02;AU-L08-W03;AU-L08-W04,5,False,,,,,,,,
primary_public_replay::0181,primary_public_replay,primary_public_replay::stability_mechanism.external_switch_count.anti_uav410.load_8,stability_mechanism.external_switch_count.anti_uav410.load_8,ca_hmcd_stage5_statistics_20260916\all_cluster_paired_statistics.csv,b47b91f5459632ccb3f7d8e3eba394e6109e41e6803665c7d15b1549d7e8bdd9,public trajectory or preregistered composed workload; 30 stochastic seeds nested within each unit,4,30,CA-HMCD vs Greedy,external_switch_count,CA-HMCD,Greedy,0.0138888889,-0.1,0.1277777778,1.0,1.0,0.1022326025,0.0,0.5,False,stability_mechanism.external_switch_count.anti_uav410.load_8,stability mechanism,CA-HMCD vs Greedy,external_switch_count,CA-HMCD,Greedy,lower,anti_uav410,8,anti_uav410.load_8,Anti-UAV410 load 8,public trajectory or preregistered composed workload,4,30,2.0993055556,2.0854166667,0.0138888889,-0.1,0.1277777778,mean paired difference across independent clusters,"BCa paired cluster bootstrap, 10000 resamples",5.0,two-sided paired Wilcoxon signed-rank test,1.0,1.0,0.1022326025,0.0,0.5,AU-L08-W01;AU-L08-W02;AU-L08-W03;AU-L08-W04,5,False,,,,,,,,
primary_public_replay::0182,primary_public_replay,primary_public_replay::stability_mechanism.external_switch_count.anti_uav410.load_8,stability_mechanism.external_switch_count.anti_uav410.load_8,ca_hmcd_stage5_statistics_20260916\all_cluster_paired_statistics.csv,b47b91f5459632ccb3f7d8e3eba394e6109e41e6803665c7d15b1549d7e8bdd9,public trajectory or preregistered composed workload; 30 stochastic seeds nested within each unit,4,30,CA-HMCD vs External-Auction,external_switch_count,CA-HMCD,External-Auction,-0.0090277778,-0.1305555556,0.1125,1.0,1.0,-0.0607759817,0.0,0.5,False,stability_mechanism.external_switch_count.anti_uav410.load_8,stability mechanism,CA-HMCD vs External-Auction,external_switch_count,CA-HMCD,External-Auction,lower,anti_uav410,8,anti_uav410.load_8,Anti-UAV410 load 8,public trajectory or preregistered composed workload,4,30,2.0993055556,2.1083333333,-0.0090277778,-0.1305555556,0.1125,mean paired difference across independent clusters,"BCa paired cluster bootstrap, 10000 resamples",5.0,two-sided paired Wilcoxon signed-rank test,1.0,1.0,-0.0607759817,0.0,0.5,AU-L08-W01;AU-L08-W02;AU-L08-W03;AU-L08-W04,5,False,,,,,,,,
primary_public_replay::0183,primary_public_replay,primary_public_replay::stability_mechanism.external_switch_count.anti_uav410.load_8,stability_mechanism.external_switch_count.anti_uav410.load_8,ca_hmcd_stage5_statistics_20260916\all_cluster_paired_statistics.csv,b47b91f5459632ccb3f7d8e3eba394e6109e41e6803665c7d15b1549d7e8bdd9,public trajectory or preregistered composed workload; 30 stochastic seeds nested within each unit,4,30,CA-HMCD vs No-Synergy,external_switch_count,CA-HMCD,No-Synergy,0.0645833333,0.0472222222,0.0819444444,0.125,0.625,3.0290320831,1.0,0.0,False,stability_mechanism.external_switch_count.anti_uav410.load_8,stability mechanism,CA-HMCD vs No-Synergy,external_switch_count,CA-HMCD,No-Synergy,lower,anti_uav410,8,anti_uav410.load_8,Anti-UAV410 load 8,public trajectory or preregistered composed workload,4,30,2.0993055556,2.0347222222,0.0645833333,0.0472222222,0.0819444444,mean paired difference across independent clusters,"BCa paired cluster bootstrap, 10000 resamples",0,two-sided paired Wilcoxon signed-rank test,0.125,0.625,3.0290320831,1.0,0.0,AU-L08-W01;AU-L08-W02;AU-L08-W03;AU-L08-W04,5,False,,,,,,,,
primary_public_replay::0184,primary_public_replay,primary_public_replay::stability_mechanism.external_switch_count.anti_uav410.load_8,stability_mechanism.external_switch_count.anti_uav410.load_8,ca_hmcd_stage5_statistics_20260916\all_cluster_paired_statistics.csv,b47b91f5459632ccb3f7d8e3eba394e6109e41e6803665c7d15b1549d7e8bdd9,public trajectory or preregistered composed workload; 30 stochastic seeds nested within each unit,4,30,CA-HMCD vs No-Stability,external_switch_count,CA-HMCD,No-Stability,-5.69375,-6.0798611111,-5.4861111111,0.125,0.625,-15.0089670531,-1.0,1.0,False,stability_mechanism.external_switch_count.anti_uav410.load_8,stability mechanism,CA-HMCD vs No-Stability,external_switch_count,CA-HMCD,No-Stability,lower,anti_uav410,8,anti_uav410.load_8,Anti-UAV410 load 8,public trajectory or preregistered composed workload,4,30,2.0993055556,7.7930555556,-5.69375,-6.0798611111,-5.4861111111,mean paired difference across independent clusters,"BCa paired cluster bootstrap, 10000 resamples",0,two-sided paired Wilcoxon signed-rank test,0.125,0.625,-15.0089670531,-1.0,1.0,AU-L08-W01;AU-L08-W02;AU-L08-W03;AU-L08-W04,5,False,,,,,,,,
primary_public_replay::0185,primary_public_replay,primary_public_replay::stability_mechanism.external_switch_count.anti_uav410.load_8,stability_mechanism.external_switch_count.anti_uav410.load_8,ca_hmcd_stage5_statistics_20260916\all_cluster_paired_statistics.csv,b47b91f5459632ccb3f7d8e3eba394e6109e41e6803665c7d15b1549d7e8bdd9,public trajectory or preregistered composed workload; 30 stochastic seeds nested within each unit,4,30,CA-HMCD vs Random,external_switch_count,CA-HMCD,Random,-5.5833333333,-5.9513888889,-5.3388888889,0.125,0.625,-15.3804512071,-1.0,1.0,False,stability_mechanism.external_switch_count.anti_uav410.load_8,stability mechanism,CA-HMCD vs Random,external_switch_count,CA-HMCD,Random,lower,anti_uav410,8,anti_uav410.load_8,Anti-UAV410 load 8,public trajectory or preregistered composed workload,4,30,2.0993055556,7.6826388889,-5.5833333333,-5.9513888889,-5.3388888889,mean paired difference across independent clusters,"BCa paired cluster bootstrap, 10000 resamples",0,two-sided paired Wilcoxon signed-rank test,0.125,0.625,-15.3804512071,-1.0,1.0,AU-L08-W01;AU-L08-W02;AU-L08-W03;AU-L08-W04,5,False,,,,,,,,
primary_public_replay::0186,primary_public_replay,primary_public_replay::resource_efficiency.independent_physical_cost.anti_uav410.load_8,resource_efficiency.independent_physical_cost.anti_uav410.load_8,ca_hmcd_stage5_statistics_20260916\all_cluster_paired_statistics.csv,b47b91f5459632ccb3f7d8e3eba394e6109e41e6803665c7d15b1549d7e8bdd9,public trajectory or preregistered composed workload; 30 stochastic seeds nested within each unit,4,30,CA-HMCD vs Greedy,independent_physical_cost,CA-HMCD,Greedy,-0.0320473441,-0.0842643806,0.0496858808,0.625,0.625,-0.4095677233,-0.4,0.75,False,resource_efficiency.independent_physical_cost.anti_uav410.load_8,resource efficiency,CA-HMCD vs Greedy,independent_physical_cost,CA-HMCD,Greedy,lower,anti_uav410,8,anti_uav410.load_8,Anti-UAV410 load 8,public trajectory or preregistered composed workload,4,30,2.8040762161,2.8361235602,-0.0320473441,-0.0842643806,0.0496858808,mean paired difference across independent clusters,"BCa paired cluster bootstrap, 10000 resamples",3.0,two-sided paired Wilcoxon signed-rank test,0.625,0.625,-0.4095677233,-0.4,0.75,AU-L08-W01;AU-L08-W02;AU-L08-W03;AU-L08-W04,5,False,,,,,,,,
primary_public_replay::0187,primary_public_replay,primary_public_replay::resource_efficiency.independent_physical_cost.anti_uav410.load_8,resource_efficiency.independent_physical_cost.anti_uav410.load_8,ca_hmcd_stage5_statistics_20260916\all_cluster_paired_statistics.csv,b47b91f5459632ccb3f7d8e3eba394e6109e41e6803665c7d15b1549d7e8bdd9,public trajectory or preregistered composed workload; 30 stochastic seeds nested within each unit,4,30,CA-HMCD vs External-Auction,independent_physical_cost,CA-HMCD,External-Auction,-0.0488581599,-0.0847256487,-0.0265749735,0.125,0.625,-1.4154173522,-1.0,1.0,False,resource_efficiency.independent_physical_cost.anti_uav410.load_8,resource efficiency,CA-HMCD vs External-Auction,independent_physical_cost,CA-HMCD,External-Auction,lower,anti_uav410,8,anti_uav410.load_8,Anti-UAV410 load 8,public trajectory or preregistered composed workload,4,30,2.8040762161,2.852934376,-0.0488581599,-0.0847256487,-0.0265749735,mean paired difference across independent clusters,"BCa paired cluster bootstrap, 10000 resamples",0,two-sided paired Wilcoxon signed-rank test,0.125,0.625,-1.4154173522,-1.0,1.0,AU-L08-W01;AU-L08-W02;AU-L08-W03;AU-L08-W04,5,False,,,,,,,,
primary_public_replay::0188,primary_public_replay,primary_public_replay::resource_efficiency.independent_physical_cost.anti_uav410.load_8,resource_efficiency.independent_physical_cost.anti_uav410.load_8,ca_hmcd_stage5_statistics_20260916\all_cluster_paired_statistics.csv,b47b91f5459632ccb3f7d8e3eba394e6109e41e6803665c7d15b1549d7e8bdd9,public trajectory or preregistered composed workload; 30 stochastic seeds nested within each unit,4,30,CA-HMCD vs No-Synergy,independent_physical_cost,CA-HMCD,No-Synergy,0.0181161618,0.0134048729,0.0266539698,0.125,0.625,2.161178552,1.0,0.0,False,resource_efficiency.independent_physical_cost.anti_uav410.load_8,resource efficiency,CA-HMCD vs No-Synergy,independent_physical_cost,CA-HMCD,No-Synergy,lower,anti_uav410,8,anti_uav410.load_8,Anti-UAV410 load 8,public trajectory or preregistered composed workload,4,30,2.8040762161,2.7859600543,0.0181161618,0.0134048729,0.0266539698,mean paired difference across independent clusters,"BCa paired cluster bootstrap, 10000 resamples",0,two-sided paired Wilcoxon signed-rank test,0.125,0.625,2.161178552,1.0,0.0,AU-L08-W01;AU-L08-W02;AU-L08-W03;AU-L08-W04,5,False,,,,,,,,
primary_public_replay::0189,primary_public_replay,primary_public_replay::resource_efficiency.independent_physical_cost.anti_uav410.load_8,resource_efficiency.independent_physical_cost.anti_uav410.load_8,ca_hmcd_stage5_statistics_20260916\all_cluster_paired_statistics.csv,b47b91f5459632ccb3f7d8e3eba394e6109e41e6803665c7d15b1549d7e8bdd9,public trajectory or preregistered composed workload; 30 stochastic seeds nested within each unit,4,30,CA-HMCD vs No-Stability,independent_physical_cost,CA-HMCD,No-Stability,-0.4809509797,-0.5852838199,-0.3884949281,0.125,0.625,-3.9910389503,-1.0,1.0,False,resource_efficiency.independent_physical_cost.anti_uav410.load_8,resource efficiency,CA-HMCD vs No-Stability,independent_physical_cost,CA-HMCD,No-Stability,lower,anti_uav410,8,anti_uav410.load_8,Anti-UAV410 load 8,public trajectory or preregistered composed workload,4,30,2.8040762161,3.2850271958,-0.4809509797,-0.5852838199,-0.3884949281,mean paired difference across independent clusters,"BCa paired cluster bootstrap, 10000 resamples",0,two-sided paired Wilcoxon signed-rank test,0.125,0.625,-3.9910389503,-1.0,1.0,AU-L08-W01;AU-L08-W02;AU-L08-W03;AU-L08-W04,5,False,,,,,,,,
primary_public_replay::0190,primary_public_replay,primary_public_replay::resource_efficiency.independent_physical_cost.anti_uav410.load_8,resource_efficiency.independent_physical_cost.anti_uav410.load_8,ca_hmcd_stage5_statistics_20260916\all_cluster_paired_statistics.csv,b47b91f5459632ccb3f7d8e3eba394e6109e41e6803665c7d15b1549d7e8bdd9,public trajectory or preregistered composed workload; 30 stochastic seeds nested within each unit,4,30,CA-HMCD vs Random,independent_physical_cost,CA-HMCD,Random,0.2326572485,0.1258449497,0.3153269428,0.125,0.625,2.1565545498,1.0,0.0,False,resource_efficiency.independent_physical_cost.anti_uav410.load_8,resource efficiency,CA-HMCD vs Random,independent_physical_cost,CA-HMCD,Random,lower,anti_uav410,8,anti_uav410.load_8,Anti-UAV410 load 8,public trajectory or preregistered composed workload,4,30,2.8040762161,2.5714189675,0.2326572485,0.1258449497,0.3153269428,mean paired difference across independent clusters,"BCa paired cluster bootstrap, 10000 resamples",0,two-sided paired Wilcoxon signed-rank test,0.125,0.625,2.1565545498,1.0,0.0,AU-L08-W01;AU-L08-W02;AU-L08-W03;AU-L08-W04,5,False,,,,,,,,
primary_public_replay::0191,primary_public_replay,primary_public_replay::redundancy_mechanism.independent_same_type_pair_ratio.anti_uav410.load_8,redundancy_mechanism.independent_same_type_pair_ratio.anti_uav410.load_8,ca_hmcd_stage5_statistics_20260916\all_cluster_paired_statistics.csv,b47b91f5459632ccb3f7d8e3eba394e6109e41e6803665c7d15b1549d7e8bdd9,public trajectory or preregistered composed workload; 30 stochastic seeds nested within each unit,4,30,CA-HMCD vs Greedy,independent_same_type_pair_ratio,CA-HMCD,Greedy,-0.1385416667,-0.2510416667,-0.0739583333,0.125,0.625,-1.2967766382,-1.0,1.0,False,redundancy_mechanism.independent_same_type_pair_ratio.anti_uav410.load_8,redundancy mechanism,CA-HMCD vs Greedy,independent_same_type_pair_ratio,CA-HMCD,Greedy,lower,anti_uav410,8,anti_uav410.load_8,Anti-UAV410 load 8,public trajectory or preregistered composed workload,4,30,0.0076388889,0.1461805556,-0.1385416667,-0.2510416667,-0.0739583333,mean paired difference across independent clusters,"BCa paired cluster bootstrap, 10000 resamples",0,two-sided paired Wilcoxon signed-rank test,0.125,0.625,-1.2967766382,-1.0,1.0,AU-L08-W01;AU-L08-W02;AU-L08-W03;AU-L08-W04,5,False,,,,,,,,
primary_public_replay::0192,primary_public_replay,primary_public_replay::redundancy_mechanism.independent_same_type_pair_ratio.anti_uav410.load_8,redundancy_mechanism.independent_same_type_pair_ratio.anti_uav410.load_8,ca_hmcd_stage5_statistics_20260916\all_cluster_paired_statistics.csv,b47b91f5459632ccb3f7d8e3eba394e6109e41e6803665c7d15b1549d7e8bdd9,public trajectory or preregistered composed workload; 30 stochastic seeds nested within each unit,4,30,CA-HMCD vs External-Auction,independent_same_type_pair_ratio,CA-HMCD,External-Auction,-0.3340277778,-0.425,-0.2430555556,0.125,0.625,-2.8568264908,-1.0,1.0,False,redundancy_mechanism.independent_same_type_pair_ratio.anti_uav410.load_8,redundancy mechanism,CA-HMCD vs External-Auction,independent_same_type_pair_ratio,CA-HMCD,External-Auction,lower,anti_uav410,8,anti_uav410.load_8,Anti-UAV410 load 8,public trajectory or preregistered composed workload,4,30,0.0076388889,0.3416666667,-0.3340277778,-0.425,-0.2430555556,mean paired difference across independent clusters,"BCa paired cluster bootstrap, 10000 resamples",0,two-sided paired Wilcoxon signed-rank test,0.125,0.625,-2.8568264908,-1.0,1.0,AU-L08-W01;AU-L08-W02;AU-L08-W03;AU-L08-W04,5,False,,,,,,,,
primary_public_replay::0193,primary_public_replay,primary_public_replay::redundancy_mechanism.independent_same_type_pair_ratio.anti_uav410.load_8,redundancy_mechanism.independent_same_type_pair_ratio.anti_uav410.load_8,ca_hmcd_stage5_statistics_20260916\all_cluster_paired_statistics.csv,b47b91f5459632ccb3f7d8e3eba394e6109e41e6803665c7d15b1549d7e8bdd9,public trajectory or preregistered composed workload; 30 stochastic seeds nested within each unit,4,30,CA-HMCD vs No-Synergy,independent_same_type_pair_ratio,CA-HMCD,No-Synergy,-0.0017361111,-0.0052083333,0.0,1.0,1.0,-0.5,-1.0,0.625,False,redundancy_mechanism.independent_same_type_pair_ratio.anti_uav410.load_8,redundancy mechanism,CA-HMCD vs No-Synergy,independent_same_type_pair_ratio,CA-HMCD,No-Synergy,lower,anti_uav410,8,anti_uav410.load_8,Anti-UAV410 load 8,public trajectory or preregistered composed workload,4,30,0.0076388889,0.009375,-0.0017361111,-0.0052083333,0.0,mean paired difference across independent clusters,"BCa paired cluster bootstrap, 10000 resamples",0,two-sided paired Wilcoxon signed-rank test,1.0,1.0,-0.5,-1.0,0.625,AU-L08-W01;AU-L08-W02;AU-L08-W03;AU-L08-W04,5,False,,,,,,,,
primary_public_replay::0194,primary_public_replay,primary_public_replay::redundancy_mechanism.independent_same_type_pair_ratio.anti_uav410.load_8,redundancy_mechanism.independent_same_type_pair_ratio.anti_uav410.load_8,ca_hmcd_stage5_statistics_20260916\all_cluster_paired_statistics.csv,b47b91f5459632ccb3f7d8e3eba394e6109e41e6803665c7d15b1549d7e8bdd9,public trajectory or preregistered composed workload; 30 stochastic seeds nested within each unit,4,30,CA-HMCD vs No-Stability,independent_same_type_pair_ratio,CA-HMCD,No-Stability,-0.0491898148,-0.0543981481,-0.044212963,0.125,0.625,-8.0838809797,-1.0,1.0,False,redundancy_mechanism.independent_same_type_pair_ratio.anti_uav410.load_8,redundancy mechanism,CA-HMCD vs No-Stability,independent_same_type_pair_ratio,CA-HMCD,No-Stability,lower,anti_uav410,8,anti_uav410.load_8,Anti-UAV410 load 8,public trajectory or preregistered composed workload,4,30,0.0076388889,0.0568287037,-0.0491898148,-0.0543981481,-0.044212963,mean paired difference across independent clusters,"BCa paired cluster bootstrap, 10000 resamples",0,two-sided paired Wilcoxon signed-rank test,0.125,0.625,-8.0838809797,-1.0,1.0,AU-L08-W01;AU-L08-W02;AU-L08-W03;AU-L08-W04,5,False,,,,,,,,
primary_public_replay::0195,primary_public_replay,primary_public_replay::redundancy_mechanism.independent_same_type_pair_ratio.anti_uav410.load_8,redundancy_mechanism.independent_same_type_pair_ratio.anti_uav410.load_8,ca_hmcd_stage5_statistics_20260916\all_cluster_paired_statistics.csv,b47b91f5459632ccb3f7d8e3eba394e6109e41e6803665c7d15b1549d7e8bdd9,public trajectory or preregistered composed workload; 30 stochastic seeds nested within each unit,4,30,CA-HMCD vs Random,independent_same_type_pair_ratio,CA-HMCD,Random,-0.4080439815,-0.4334490741,-0.3826388889,0.125,0.625,-13.4282596448,-1.0,1.0,False,redundancy_mechanism.independent_same_type_pair_ratio.anti_uav410.load_8,redundancy mechanism,CA-HMCD vs Random,independent_same_type_pair_ratio,CA-HMCD,Random,lower,anti_uav410,8,anti_uav410.load_8,Anti-UAV410 load 8,public trajectory or preregistered composed workload,4,30,0.0076388889,0.4156828704,-0.4080439815,-0.4334490741,-0.3826388889,mean paired difference across independent clusters,"BCa paired cluster bootstrap, 10000 resamples",0,two-sided paired Wilcoxon signed-rank test,0.125,0.625,-13.4282596448,-1.0,1.0,AU-L08-W01;AU-L08-W02;AU-L08-W03;AU-L08-W04,5,False,,,,,,,,
primary_public_replay::0196,primary_public_replay,primary_public_replay::redundancy_mechanism.independent_capability_overlap.anti_uav410.load_8,redundancy_mechanism.independent_capability_overlap.anti_uav410.load_8,ca_hmcd_stage5_statistics_20260916\all_cluster_paired_statistics.csv,b47b91f5459632ccb3f7d8e3eba394e6109e41e6803665c7d15b1549d7e8bdd9,public trajectory or preregistered composed workload; 30 stochastic seeds nested within each unit,4,30,CA-HMCD vs Greedy,independent_capability_overlap,CA-HMCD,Greedy,-0.3499083715,-0.4892177624,-0.2235126617,0.125,0.625,-2.1496321898,-1.0,1.0,False,redundancy_mechanism.independent_capability_overlap.anti_uav410.load_8,redundancy mechanism,CA-HMCD vs Greedy,independent_capability_overlap,CA-HMCD,Greedy,lower,anti_uav410,8,anti_uav410.load_8,Anti-UAV410 load 8,public trajectory or preregistered composed workload,4,30,0.0631828849,0.4130912564,-0.3499083715,-0.4892177624,-0.2235126617,mean paired difference across independent clusters,"BCa paired cluster bootstrap, 10000 resamples",0,two-sided paired Wilcoxon signed-rank test,0.125,0.625,-2.1496321898,-1.0,1.0,AU-L08-W01;AU-L08-W02;AU-L08-W03;AU-L08-W04,5,False,,,,,,,,
primary_public_replay::0197,primary_public_replay,primary_public_replay::redundancy_mechanism.independent_capability_overlap.anti_uav410.load_8,redundancy_mechanism.independent_capability_overlap.anti_uav410.load_8,ca_hmcd_stage5_statistics_20260916\all_cluster_paired_statistics.csv,b47b91f5459632ccb3f7d8e3eba394e6109e41e6803665c7d15b1549d7e8bdd9,public trajectory or preregistered composed workload; 30 stochastic seeds nested within each unit,4,30,CA-HMCD vs External-Auction,independent_capability_overlap,CA-HMCD,External-Auction,-0.4180808853,-0.5647067609,-0.3280880647,0.125,0.625,-2.968382302,-1.0,1.0,False,redundancy_mechanism.independent_capability_overlap.anti_uav410.load_8,redundancy mechanism,CA-HMCD vs External-Auction,independent_capability_overlap,CA-HMCD,External-Auction,lower,anti_uav410,8,anti_uav410.load_8,Anti-UAV410 load 8,public trajectory or preregistered composed workload,4,30,0.0631828849,0.4812637703,-0.4180808853,-0.5647067609,-0.3280880647,mean paired difference across independent clusters,"BCa paired cluster bootstrap, 10000 resamples",0,two-sided paired Wilcoxon signed-rank test,0.125,0.625,-2.968382302,-1.0,1.0,AU-L08-W01;AU-L08-W02;AU-L08-W03;AU-L08-W04,5,False,,,,,,,,
primary_public_replay::0198,primary_public_replay,primary_public_replay::redundancy_mechanism.independent_capability_overlap.anti_uav410.load_8,redundancy_mechanism.independent_capability_overlap.anti_uav410.load_8,ca_hmcd_stage5_statistics_20260916\all_cluster_paired_statistics.csv,b47b91f5459632ccb3f7d8e3eba394e6109e41e6803665c7d15b1549d7e8bdd9,public trajectory or preregistered composed workload; 30 stochastic seeds nested within each unit,4,30,CA-HMCD vs No-Synergy,independent_capability_overlap,CA-HMCD,No-Synergy,0.0209464522,0.0115702137,0.0356490507,0.125,0.625,1.4326092321,1.0,0.0,False,redundancy_mechanism.independent_capability_overlap.anti_uav410.load_8,redundancy mechanism,CA-HMCD vs No-Synergy,independent_capability_overlap,CA-HMCD,No-Synergy,lower,anti_uav410,8,anti_uav410.load_8,Anti-UAV410 load 8,public trajectory or preregistered composed workload,4,30,0.0631828849,0.0422364327,0.0209464522,0.0115702137,0.0356490507,mean paired difference across independent clusters,"BCa paired cluster bootstrap, 10000 resamples",0,two-sided paired Wilcoxon signed-rank test,0.125,0.625,1.4326092321,1.0,0.0,AU-L08-W01;AU-L08-W02;AU-L08-W03;AU-L08-W04,5,False,,,,,,,,
primary_public_replay::0199,primary_public_replay,primary_public_replay::redundancy_mechanism.independent_capability_overlap.anti_uav410.load_8,redundancy_mechanism.independent_capability_overlap.anti_uav410.load_8,ca_hmcd_stage5_statistics_20260916\all_cluster_paired_statistics.csv,b47b91f5459632ccb3f7d8e3eba394e6109e41e6803665c7d15b1549d7e8bdd9,public trajectory or preregistered composed workload; 30 stochastic seeds nested within each unit,4,30,CA-HMCD vs No-Stability,independent_capability_overlap,CA-HMCD,No-Stability,-0.4546978471,-0.4989522231,-0.3717980079,0.125,0.625,-5.79352821,-1.0,1.0,False,redundancy_mechanism.independent_capability_overlap.anti_uav410.load_8,redundancy mechanism,CA-HMCD vs No-Stability,independent_capability_overlap,CA-HMCD,No-Stability,lower,anti_uav410,8,anti_uav410.load_8,Anti-UAV410 load 8,public trajectory or preregistered composed workload,4,30,0.0631828849,0.517880732,-0.4546978471,-0.4989522231,-0.3717980079,mean paired difference across independent clusters,"BCa paired cluster bootstrap, 10000 resamples",0,two-sided paired Wilcoxon signed-rank test,0.125,0.625,-5.79352821,-1.0,1.0,AU-L08-W01;AU-L08-W02;AU-L08-W03;AU-L08-W04,5,False,,,,,,,,
primary_public_replay::0200,primary_public_replay,primary_public_replay::redundancy_mechanism.independent_capability_overlap.anti_uav410.load_8,redundancy_mechanism.independent_capability_overlap.anti_uav410.load_8,ca_hmcd_stage5_statistics_20260916\all_cluster_paired_statistics.csv,b47b91f5459632ccb3f7d8e3eba394e6109e41e6803665c7d15b1549d7e8bdd9,public trajectory or preregistered composed workload; 30 stochastic seeds nested within each unit,4,30,CA-HMCD vs Random,independent_capability_overlap,CA-HMCD,Random,-0.703212118,-0.7354713846,-0.6409781753,0.125,0.625,-11.4145963115,-1.0,1.0,False,redundancy_mechanism.independent_capability_overlap.anti_uav410.load_8,redundancy mechanism,CA-HMCD vs Random,independent_capability_overlap,CA-HMCD,Random,lower,anti_uav410,8,anti_uav410.load_8,Anti-UAV410 load 8,public trajectory or preregistered composed workload,4,30,0.0631828849,0.7663950029,-0.703212118,-0.7354713846,-0.6409781753,mean paired difference across independent clusters,"BCa paired cluster bootstrap, 10000 resamples",0,two-sided paired Wilcoxon signed-rank test,0.125,0.625,-11.4145963115,-1.0,1.0,AU-L08-W01;AU-L08-W02;AU-L08-W03;AU-L08-W04,5,False,,,,,,,,
primary_public_replay::0201,primary_public_replay,primary_public_replay::redundancy_mechanism.independent_marginal_gain_waste.anti_uav410.load_8,redundancy_mechanism.independent_marginal_gain_waste.anti_uav410.load_8,ca_hmcd_stage5_statistics_20260916\all_cluster_paired_statistics.csv,b47b91f5459632ccb3f7d8e3eba394e6109e41e6803665c7d15b1549d7e8bdd9,public trajectory or preregistered composed workload; 30 stochastic seeds nested within each unit,4,30,CA-HMCD vs Greedy,independent_marginal_gain_waste,CA-HMCD,Greedy,-0.0327627521,-0.0459831752,-0.019542329,0.125,0.625,-2.1024126628,-1.0,1.0,False,redundancy_mechanism.independent_marginal_gain_waste.anti_uav410.load_8,redundancy mechanism,CA-HMCD vs Greedy,independent_marginal_gain_waste,CA-HMCD,Greedy,lower,anti_uav410,8,anti_uav410.load_8,Anti-UAV410 load 8,public trajectory or preregistered composed workload,4,30,0.0057002332,0.0384629853,-0.0327627521,-0.0459831752,-0.019542329,mean paired difference across independent clusters,"BCa paired cluster bootstrap, 10000 resamples",0,two-sided paired Wilcoxon signed-rank test,0.125,0.625,-2.1024126628,-1.0,1.0,AU-L08-W01;AU-L08-W02;AU-L08-W03;AU-L08-W04,5,False,,,,,,,,
primary_public_replay::0202,primary_public_replay,primary_public_replay::redundancy_mechanism.independent_marginal_gain_waste.anti_uav410.load_8,redundancy_mechanism.independent_marginal_gain_waste.anti_uav410.load_8,ca_hmcd_stage5_statistics_20260916\all_cluster_paired_statistics.csv,b47b91f5459632ccb3f7d8e3eba394e6109e41e6803665c7d15b1549d7e8bdd9,public trajectory or preregistered composed workload; 30 stochastic seeds nested within each unit,4,30,CA-HMCD vs External-Auction,independent_marginal_gain_waste,CA-HMCD,External-Auction,-0.0393241679,-0.047911218,-0.0312813687,0.125,0.625,-3.8192281155,-1.0,1.0,False,redundancy_mechanism.independent_marginal_gain_waste.anti_uav410.load_8,redundancy mechanism,CA-HMCD vs External-Auction,independent_marginal_gain_waste,CA-HMCD,External-Auction,lower,anti_uav410,8,anti_uav410.load_8,Anti-UAV410 load 8,public trajectory or preregistered composed workload,4,30,0.0057002332,0.0450244011,-0.0393241679,-0.047911218,-0.0312813687,mean paired difference across independent clusters,"BCa paired cluster bootstrap, 10000 resamples",0,two-sided paired Wilcoxon signed-rank test,0.125,0.625,-3.8192281155,-1.0,1.0,AU-L08-W01;AU-L08-W02;AU-L08-W03;AU-L08-W04,5,False,,,,,,,,
primary_public_replay::0203,primary_public_replay,primary_public_replay::redundancy_mechanism.independent_marginal_gain_waste.anti_uav410.load_8,redundancy_mechanism.independent_marginal_gain_waste.anti_uav410.load_8,ca_hmcd_stage5_statistics_20260916\all_cluster_paired_statistics.csv,b47b91f5459632ccb3f7d8e3eba394e6109e41e6803665c7d15b1549d7e8bdd9,public trajectory or preregistered composed workload; 30 stochastic seeds nested within each unit,4,30,CA-HMCD vs No-Synergy,independent_marginal_gain_waste,CA-HMCD,No-Synergy,0.0018325844,0.0007807375,0.0036849779,0.125,0.625,1.0051710763,1.0,0.0,False,redundancy_mechanism.independent_marginal_gain_waste.anti_uav410.load_8,redundancy mechanism,CA-HMCD vs No-Synergy,independent_marginal_gain_waste,CA-HMCD,No-Synergy,lower,anti_uav410,8,anti_uav410.load_8,Anti-UAV410 load 8,public trajectory or preregistered composed workload,4,30,0.0057002332,0.0038676488,0.0018325844,0.0007807375,0.0036849779,mean paired difference across independent clusters,"BCa paired cluster bootstrap, 10000 resamples",0,two-sided paired Wilcoxon signed-rank test,0.125,0.625,1.0051710763,1.0,0.0,AU-L08-W01;AU-L08-W02;AU-L08-W03;AU-L08-W04,5,False,,,,,,,,
primary_public_replay::0204,primary_public_replay,primary_public_replay::redundancy_mechanism.independent_marginal_gain_waste.anti_uav410.load_8,redundancy_mechanism.independent_marginal_gain_waste.anti_uav410.load_8,ca_hmcd_stage5_statistics_20260916\all_cluster_paired_statistics.csv,b47b91f5459632ccb3f7d8e3eba394e6109e41e6803665c7d15b1549d7e8bdd9,public trajectory or preregistered composed workload; 30 stochastic seeds nested within each unit,4,30,CA-HMCD vs No-Stability,independent_marginal_gain_waste,CA-HMCD,No-Stability,-0.0430164411,-0.0476182695,-0.0367606095,0.125,0.625,-6.9724310969,-1.0,1.0,False,redundancy_mechanism.independent_marginal_gain_waste.anti_uav410.load_8,redundancy mechanism,CA-HMCD vs No-Stability,independent_marginal_gain_waste,CA-HMCD,No-Stability,lower,anti_uav410,8,anti_uav410.load_8,Anti-UAV410 load 8,public trajectory or preregistered composed workload,4,30,0.0057002332,0.0487166743,-0.0430164411,-0.0476182695,-0.0367606095,mean paired difference across independent clusters,"BCa paired cluster bootstrap, 10000 resamples",0,two-sided paired Wilcoxon signed-rank test,0.125,0.625,-6.9724310969,-1.0,1.0,AU-L08-W01;AU-L08-W02;AU-L08-W03;AU-L08-W04,5,False,,,,,,,,
primary_public_replay::0205,primary_public_replay,primary_public_replay::redundancy_mechanism.independent_marginal_gain_waste.anti_uav410.load_8,redundancy_mechanism.independent_marginal_gain_waste.anti_uav410.load_8,ca_hmcd_stage5_statistics_20260916\all_cluster_paired_statistics.csv,b47b91f5459632ccb3f7d8e3eba394e6109e41e6803665c7d15b1549d7e8bdd9,public trajectory or preregistered composed workload; 30 stochastic seeds nested within each unit,4,30,CA-HMCD vs Random,independent_marginal_gain_waste,CA-HMCD,Random,-0.1090138216,-0.1138537078,-0.1044670722,0.125,0.625,-19.7665660269,-1.0,1.0,False,redundancy_mechanism.independent_marginal_gain_waste.anti_uav410.load_8,redundancy mechanism,CA-HMCD vs Random,independent_marginal_gain_waste,CA-HMCD,Random,lower,anti_uav410,8,anti_uav410.load_8,Anti-UAV410 load 8,public trajectory or preregistered composed workload,4,30,0.0057002332,0.1147140548,-0.1090138216,-0.1138537078,-0.1044670722,mean paired difference across independent clusters,"BCa paired cluster bootstrap, 10000 resamples",0,two-sided paired Wilcoxon signed-rank test,0.125,0.625,-19.7665660269,-1.0,1.0,AU-L08-W01;AU-L08-W02;AU-L08-W03;AU-L08-W04,5,False,,,,,,,,
primary_public_replay::0206,primary_public_replay,primary_public_replay::computational_boundary.end_to_end_runtime_ms.anti_uav410.load_8,computational_boundary.end_to_end_runtime_ms.anti_uav410.load_8,ca_hmcd_stage5_statistics_20260916\all_cluster_paired_statistics.csv,b47b91f5459632ccb3f7d8e3eba394e6109e41e6803665c7d15b1549d7e8bdd9,public trajectory or preregistered composed workload; 30 stochastic seeds nested within each unit,4,30,CA-HMCD vs Greedy,end_to_end_runtime_ms,CA-HMCD,Greedy,31.1646764582,28.9072534722,35.1835679164,0.125,0.625,7.9867479457,1.0,0.0,False,computational_boundary.end_to_end_runtime_ms.anti_uav410.load_8,computational boundary,CA-HMCD vs Greedy,end_to_end_runtime_ms,CA-HMCD,Greedy,lower,anti_uav410,8,anti_uav410.load_8,Anti-UAV410 load 8,public trajectory or preregistered composed workload,4,30,299.7963797221,268.6317032639,31.1646764582,28.9072534722,35.1835679164,mean paired difference across independent clusters,"BCa paired cluster bootstrap, 10000 resamples",0,two-sided paired Wilcoxon signed-rank test,0.125,0.625,7.9867479457,1.0,0.0,AU-L08-W01;AU-L08-W02;AU-L08-W03;AU-L08-W04,5,False,,,,,,,,
primary_public_replay::0207,primary_public_replay,primary_public_replay::computational_boundary.end_to_end_runtime_ms.anti_uav410.load_8,computational_boundary.end_to_end_runtime_ms.anti_uav410.load_8,ca_hmcd_stage5_statistics_20260916\all_cluster_paired_statistics.csv,b47b91f5459632ccb3f7d8e3eba394e6109e41e6803665c7d15b1549d7e8bdd9,public trajectory or preregistered composed workload; 30 stochastic seeds nested within each unit,4,30,CA-HMCD vs External-Auction,end_to_end_runtime_ms,CA-HMCD,External-Auction,39.642763125,38.3557456945,41.6995161111,0.125,0.625,19.8533302484,1.0,0.0,False,computational_boundary.end_to_end_runtime_ms.anti_uav410.load_8,computational boundary,CA-HMCD vs External-Auction,end_to_end_runtime_ms,CA-HMCD,External-Auction,lower,anti_uav410,8,anti_uav410.load_8,Anti-UAV410 load 8,public trajectory or preregistered composed workload,4,30,299.7963797221,260.1536165971,39.642763125,38.3557456945,41.6995161111,mean paired difference across independent clusters,"BCa paired cluster bootstrap, 10000 resamples",0,two-sided paired Wilcoxon signed-rank test,0.125,0.625,19.8533302484,1.0,0.0,AU-L08-W01;AU-L08-W02;AU-L08-W03;AU-L08-W04,5,False,,,,,,,,
primary_public_replay::0208,primary_public_replay,primary_public_replay::computational_boundary.end_to_end_runtime_ms.anti_uav410.load_8,computational_boundary.end_to_end_runtime_ms.anti_uav410.load_8,ca_hmcd_stage5_statistics_20260916\all_cluster_paired_statistics.csv,b47b91f5459632ccb3f7d8e3eba394e6109e41e6803665c7d15b1549d7e8bdd9,public trajectory or preregistered composed workload; 30 stochastic seeds nested within each unit,4,30,CA-HMCD vs No-Synergy,end_to_end_runtime_ms,CA-HMCD,No-Synergy,7.1024758334,6.635895139,7.8418574305,0.125,0.625,9.8638553192,1.0,0.0,False,computational_boundary.end_to_end_runtime_ms.anti_uav410.load_8,computational boundary,CA-HMCD vs No-Synergy,end_to_end_runtime_ms,CA-HMCD,No-Synergy,lower,anti_uav410,8,anti_uav410.load_8,Anti-UAV410 load 8,public trajectory or preregistered composed workload,4,30,299.7963797221,292.6939038888,7.1024758334,6.635895139,7.8418574305,mean paired difference across independent clusters,"BCa paired cluster bootstrap, 10000 resamples",0,two-sided paired Wilcoxon signed-rank test,0.125,0.625,9.8638553192,1.0,0.0,AU-L08-W01;AU-L08-W02;AU-L08-W03;AU-L08-W04,5,False,,,,,,,,
primary_public_replay::0209,primary_public_replay,primary_public_replay::computational_boundary.end_to_end_runtime_ms.anti_uav410.load_8,computational_boundary.end_to_end_runtime_ms.anti_uav410.load_8,ca_hmcd_stage5_statistics_20260916\all_cluster_paired_statistics.csv,b47b91f5459632ccb3f7d8e3eba394e6109e41e6803665c7d15b1549d7e8bdd9,public trajectory or preregistered composed workload; 30 stochastic seeds nested within each unit,4,30,CA-HMCD vs No-Stability,end_to_end_runtime_ms,CA-HMCD,No-Stability,30.0850253471,26.5551681944,34.8411376385,0.125,0.625,6.42651259,1.0,0.0,False,computational_boundary.end_to_end_runtime_ms.anti_uav410.load_8,computational boundary,CA-HMCD vs No-Stability,end_to_end_runtime_ms,CA-HMCD,No-Stability,lower,anti_uav410,8,anti_uav410.load_8,Anti-UAV410 load 8,public trajectory or preregistered composed workload,4,30,299.7963797221,269.7113543751,30.0850253471,26.5551681944,34.8411376385,mean paired difference across independent clusters,"BCa paired cluster bootstrap, 10000 resamples",0,two-sided paired Wilcoxon signed-rank test,0.125,0.625,6.42651259,1.0,0.0,AU-L08-W01;AU-L08-W02;AU-L08-W03;AU-L08-W04,5,False,,,,,,,,
primary_public_replay::0210,primary_public_replay,primary_public_replay::computational_boundary.end_to_end_runtime_ms.anti_uav410.load_8,computational_boundary.end_to_end_runtime_ms.anti_uav410.load_8,ca_hmcd_stage5_statistics_20260916\all_cluster_paired_statistics.csv,b47b91f5459632ccb3f7d8e3eba394e6109e41e6803665c7d15b1549d7e8bdd9,public trajectory or preregistered composed workload; 30 stochastic seeds nested within each unit,4,30,CA-HMCD vs Random,end_to_end_runtime_ms,CA-HMCD,Random,39.7873958332,36.0290165275,43.5480845833,0.125,0.625,9.1716338061,1.0,0.0,False,computational_boundary.end_to_end_runtime_ms.anti_uav410.load_8,computational boundary,CA-HMCD vs Random,end_to_end_runtime_ms,CA-HMCD,Random,lower,anti_uav410,8,anti_uav410.load_8,Anti-UAV410 load 8,public trajectory or preregistered composed workload,4,30,299.7963797221,260.008983889,39.7873958332,36.0290165275,43.5480845833,mean paired difference across independent clusters,"BCa paired cluster bootstrap, 10000 resamples",0,two-sided paired Wilcoxon signed-rank test,0.125,0.625,9.1716338061,1.0,0.0,AU-L08-W01;AU-L08-W02;AU-L08-W03;AU-L08-W04,5,False,,,,,,,,
primary_public_replay::0211,primary_public_replay,primary_public_replay::computational_boundary.fallback_run_indicator.anti_uav410.load_8,computational_boundary.fallback_run_indicator.anti_uav410.load_8,ca_hmcd_stage5_statistics_20260916\all_cluster_paired_statistics.csv,b47b91f5459632ccb3f7d8e3eba394e6109e41e6803665c7d15b1549d7e8bdd9,public trajectory or preregistered composed workload; 30 stochastic seeds nested within each unit,4,30,CA-HMCD vs Greedy,fallback_run_indicator,CA-HMCD,Greedy,1.0,1.0,1.0,0.125,0.625,0.0,1.0,0.0,False,computational_boundary.fallback_run_indicator.anti_uav410.load_8,computational boundary,CA-HMCD vs Greedy,fallback_run_indicator,CA-HMCD,Greedy,lower,anti_uav410,8,anti_uav410.load_8,Anti-UAV410 load 8,public trajectory or preregistered composed workload,4,30,1.0,0.0,1.0,1.0,1.0,mean paired difference across independent clusters,"BCa paired cluster bootstrap, 10000 resamples",0,two-sided paired Wilcoxon signed-rank test,0.125,0.625,0.0,1.0,0.0,AU-L08-W01;AU-L08-W02;AU-L08-W03;AU-L08-W04,5,False,,,,,,,,
primary_public_replay::0212,primary_public_replay,primary_public_replay::computational_boundary.fallback_run_indicator.anti_uav410.load_8,computational_boundary.fallback_run_indicator.anti_uav410.load_8,ca_hmcd_stage5_statistics_20260916\all_cluster_paired_statistics.csv,b47b91f5459632ccb3f7d8e3eba394e6109e41e6803665c7d15b1549d7e8bdd9,public trajectory or preregistered composed workload; 30 stochastic seeds nested within each unit,4,30,CA-HMCD vs External-Auction,fallback_run_indicator,CA-HMCD,External-Auction,1.0,1.0,1.0,0.125,0.625,0.0,1.0,0.0,False,computational_boundary.fallback_run_indicator.anti_uav410.load_8,computational boundary,CA-HMCD vs External-Auction,fallback_run_indicator,CA-HMCD,External-Auction,lower,anti_uav410,8,anti_uav410.load_8,Anti-UAV410 load 8,public trajectory or preregistered composed workload,4,30,1.0,0.0,1.0,1.0,1.0,mean paired difference across independent clusters,"BCa paired cluster bootstrap, 10000 resamples",0,two-sided paired Wilcoxon signed-rank test,0.125,0.625,0.0,1.0,0.0,AU-L08-W01;AU-L08-W02;AU-L08-W03;AU-L08-W04,5,False,,,,,,,,
primary_public_replay::0213,primary_public_replay,primary_public_replay::computational_boundary.fallback_run_indicator.anti_uav410.load_8,computational_boundary.fallback_run_indicator.anti_uav410.load_8,ca_hmcd_stage5_statistics_20260916\all_cluster_paired_statistics.csv,b47b91f5459632ccb3f7d8e3eba394e6109e41e6803665c7d15b1549d7e8bdd9,public trajectory or preregistered composed workload; 30 stochastic seeds nested within each unit,4,30,CA-HMCD vs No-Synergy,fallback_run_indicator,CA-HMCD,No-Synergy,0.0,0.0,0.0,1.0,1.0,0.0,0.0,0.5,False,computational_boundary.fallback_run_indicator.anti_uav410.load_8,computational boundary,CA-HMCD vs No-Synergy,fallback_run_indicator,CA-HMCD,No-Synergy,lower,anti_uav410,8,anti_uav410.load_8,Anti-UAV410 load 8,public trajectory or preregistered composed workload,4,30,1.0,1.0,0.0,0.0,0.0,mean paired difference across independent clusters,"BCa paired cluster bootstrap, 10000 resamples",0.0,two-sided paired Wilcoxon signed-rank test,1.0,1.0,0.0,0.0,0.5,AU-L08-W01;AU-L08-W02;AU-L08-W03;AU-L08-W04,5,False,,,,,,,,
primary_public_replay::0214,primary_public_replay,primary_public_replay::computational_boundary.fallback_run_indicator.anti_uav410.load_8,computational_boundary.fallback_run_indicator.anti_uav410.load_8,ca_hmcd_stage5_statistics_20260916\all_cluster_paired_statistics.csv,b47b91f5459632ccb3f7d8e3eba394e6109e41e6803665c7d15b1549d7e8bdd9,public trajectory or preregistered composed workload; 30 stochastic seeds nested within each unit,4,30,CA-HMCD vs No-Stability,fallback_run_indicator,CA-HMCD,No-Stability,0.45,0.0333333333,0.8666666667,0.25,0.625,0.9108601215,1.0,0.125,False,computational_boundary.fallback_run_indicator.anti_uav410.load_8,computational boundary,CA-HMCD vs No-Stability,fallback_run_indicator,CA-HMCD,No-Stability,lower,anti_uav410,8,anti_uav410.load_8,Anti-UAV410 load 8,public trajectory or preregistered composed workload,4,30,1.0,0.55,0.45,0.0333333333,0.8666666667,mean paired difference across independent clusters,"BCa paired cluster bootstrap, 10000 resamples",0,two-sided paired Wilcoxon signed-rank test,0.25,0.625,0.9108601215,1.0,0.125,AU-L08-W01;AU-L08-W02;AU-L08-W03;AU-L08-W04,5,False,,,,,,,,
primary_public_replay::0215,primary_public_replay,primary_public_replay::computational_boundary.fallback_run_indicator.anti_uav410.load_8,computational_boundary.fallback_run_indicator.anti_uav410.load_8,ca_hmcd_stage5_statistics_20260916\all_cluster_paired_statistics.csv,b47b91f5459632ccb3f7d8e3eba394e6109e41e6803665c7d15b1549d7e8bdd9,public trajectory or preregistered composed workload; 30 stochastic seeds nested within each unit,4,30,CA-HMCD vs Random,fallback_run_indicator,CA-HMCD,Random,1.0,1.0,1.0,0.125,0.625,0.0,1.0,0.0,False,computational_boundary.fallback_run_indicator.anti_uav410.load_8,computational boundary,CA-HMCD vs Random,fallback_run_indicator,CA-HMCD,Random,lower,anti_uav410,8,anti_uav410.load_8,Anti-UAV410 load 8,public trajectory or preregistered composed workload,4,30,1.0,0.0,1.0,1.0,1.0,mean paired difference across independent clusters,"BCa paired cluster bootstrap, 10000 resamples",0,two-sided paired Wilcoxon signed-rank test,0.125,0.625,0.0,1.0,0.0,AU-L08-W01;AU-L08-W02;AU-L08-W03;AU-L08-W04,5,False,,,,,,,,
primary_public_replay::0216,primary_public_replay,primary_public_replay::computational_boundary.fallback.anti_uav410.load_8,computational_boundary.fallback.anti_uav410.load_8,ca_hmcd_stage5_statistics_20260916\all_cluster_paired_statistics.csv,b47b91f5459632ccb3f7d8e3eba394e6109e41e6803665c7d15b1549d7e8bdd9,public trajectory or preregistered composed workload; 30 stochastic seeds nested within each unit,4,30,CA-HMCD vs Greedy,fallback,CA-HMCD,Greedy,0.6583333333,0.6027777778,0.6972222222,0.125,0.625,12.0009614999,1.0,0.0,False,computational_boundary.fallback.anti_uav410.load_8,computational boundary,CA-HMCD vs Greedy,fallback,CA-HMCD,Greedy,lower,anti_uav410,8,anti_uav410.load_8,Anti-UAV410 load 8,public trajectory or preregistered composed workload,4,30,0.6583333333,0.0,0.6583333333,0.6027777778,0.6972222222,mean paired difference across independent clusters,"BCa paired cluster bootstrap, 10000 resamples",0,two-sided paired Wilcoxon signed-rank test,0.125,0.625,12.0009614999,1.0,0.0,AU-L08-W01;AU-L08-W02;AU-L08-W03;AU-L08-W04,5,False,,,,,,,,
primary_public_replay::0217,primary_public_replay,primary_public_replay::computational_boundary.fallback.anti_uav410.load_8,computational_boundary.fallback.anti_uav410.load_8,ca_hmcd_stage5_statistics_20260916\all_cluster_paired_statistics.csv,b47b91f5459632ccb3f7d8e3eba394e6109e41e6803665c7d15b1549d7e8bdd9,public trajectory or preregistered composed workload; 30 stochastic seeds nested within each unit,4,30,CA-HMCD vs External-Auction,fallback,CA-HMCD,External-Auction,0.6583333333,0.6027777778,0.6972222222,0.125,0.625,12.0009614999,1.0,0.0,False,computational_boundary.fallback.anti_uav410.load_8,computational boundary,CA-HMCD vs External-Auction,fallback,CA-HMCD,External-Auction,lower,anti_uav410,8,anti_uav410.load_8,Anti-UAV410 load 8,public trajectory or preregistered composed workload,4,30,0.6583333333,0.0,0.6583333333,0.6027777778,0.6972222222,mean paired difference across independent clusters,"BCa paired cluster bootstrap, 10000 resamples",0,two-sided paired Wilcoxon signed-rank test,0.125,0.625,12.0009614999,1.0,0.0,AU-L08-W01;AU-L08-W02;AU-L08-W03;AU-L08-W04,5,False,,,,,,,,
primary_public_replay::0218,primary_public_replay,primary_public_replay::computational_boundary.fallback.anti_uav410.load_8,computational_boundary.fallback.anti_uav410.load_8,ca_hmcd_stage5_statistics_20260916\all_cluster_paired_statistics.csv,b47b91f5459632ccb3f7d8e3eba394e6109e41e6803665c7d15b1549d7e8bdd9,public trajectory or preregistered composed workload; 30 stochastic seeds nested within each unit,4,30,CA-HMCD vs No-Synergy,fallback,CA-HMCD,No-Synergy,0.0305555556,0.0138888889,0.0416666667,0.125,0.625,1.9445436483,1.0,0.0,False,computational_boundary.fallback.anti_uav410.load_8,computational boundary,CA-HMCD vs No-Synergy,fallback,CA-HMCD,No-Synergy,lower,anti_uav410,8,anti_uav410.load_8,Anti-UAV410 load 8,public trajectory or preregistered composed workload,4,30,0.6583333333,0.6277777778,0.0305555556,0.0138888889,0.0416666667,mean paired difference across independent clusters,"BCa paired cluster bootstrap, 10000 resamples",0,two-sided paired Wilcoxon signed-rank test,0.125,0.625,1.9445436483,1.0,0.0,AU-L08-W01;AU-L08-W02;AU-L08-W03;AU-L08-W04,5,False,,,,,,,,
primary_public_replay::0219,primary_public_replay,primary_public_replay::computational_boundary.fallback.anti_uav410.load_8,computational_boundary.fallback.anti_uav410.load_8,ca_hmcd_stage5_statistics_20260916\all_cluster_paired_statistics.csv,b47b91f5459632ccb3f7d8e3eba394e6109e41e6803665c7d15b1549d7e8bdd9,public trajectory or preregistered composed workload; 30 stochastic seeds nested within each unit,4,30,CA-HMCD vs No-Stability,fallback,CA-HMCD,No-Stability,0.5555555556,0.3916666667,0.6527777778,0.125,0.625,3.5525977507,1.0,0.0,False,computational_boundary.fallback.anti_uav410.load_8,computational boundary,CA-HMCD vs No-Stability,fallback,CA-HMCD,No-Stability,lower,anti_uav410,8,anti_uav410.load_8,Anti-UAV410 load 8,public trajectory or preregistered composed workload,4,30,0.6583333333,0.1027777778,0.5555555556,0.3916666667,0.6527777778,mean paired difference across independent clusters,"BCa paired cluster bootstrap, 10000 resamples",0,two-sided paired Wilcoxon signed-rank test,0.125,0.625,3.5525977507,1.0,0.0,AU-L08-W01;AU-L08-W02;AU-L08-W03;AU-L08-W04,5,False,,,,,,,,
primary_public_replay::0220,primary_public_replay,primary_public_replay::computational_boundary.fallback.anti_uav410.load_8,computational_boundary.fallback.anti_uav410.load_8,ca_hmcd_stage5_statistics_20260916\all_cluster_paired_statistics.csv,b47b91f5459632ccb3f7d8e3eba394e6109e41e6803665c7d15b1549d7e8bdd9,public trajectory or preregistered composed workload; 30 stochastic seeds nested within each unit,4,30,CA-HMCD vs Random,fallback,CA-HMCD,Random,0.6583333333,0.6027777778,0.6972222222,0.125,0.625,12.0009614999,1.0,0.0,False,computational_boundary.fallback.anti_uav410.load_8,computational boundary,CA-HMCD vs Random,fallback,CA-HMCD,Random,lower,anti_uav410,8,anti_uav410.load_8,Anti-UAV410 load 8,public trajectory or preregistered composed workload,4,30,0.6583333333,0.0,0.6583333333,0.6027777778,0.6972222222,mean paired difference across independent clusters,"BCa paired cluster bootstrap, 10000 resamples",0,two-sided paired Wilcoxon signed-rank test,0.125,0.625,12.0009614999,1.0,0.0,AU-L08-W01;AU-L08-W02;AU-L08-W03;AU-L08-W04,5,False,,,,,,,,
primary_public_replay::0221,primary_public_replay,primary_public_replay::primary_performance.external_objective.uzh_fpv.load_1,primary_performance.external_objective.uzh_fpv.load_1,ca_hmcd_stage5_statistics_20260916\all_cluster_paired_statistics.csv,b47b91f5459632ccb3f7d8e3eba394e6109e41e6803665c7d15b1549d7e8bdd9,public trajectory or preregistered composed workload; 30 stochastic seeds nested within each unit,16,30,CA-HMCD vs Greedy,external_objective,CA-HMCD,Greedy,0.0,0.0,0.0,1.0,1.0,0.0,0.0,0.5,False,primary_performance.external_objective.uzh_fpv.load_1,primary performance,CA-HMCD vs Greedy,external_objective,CA-HMCD,Greedy,higher,uzh_fpv,1,uzh_fpv.load_1,UZH-FPV single-target replay,public trajectory or preregistered composed workload,16,30,-0.0018483716,-0.0018483716,0.0,0.0,0.0,mean paired difference across independent clusters,"BCa paired cluster bootstrap, 10000 resamples",0.0,two-sided paired Wilcoxon signed-rank test,1.0,1.0,0.0,0.0,0.5,indoor_45_12;indoor_45_13;indoor_45_14;indoor_45_2;indoor_45_4;indoor_45_9;indoor_forward_10;indoor_forward_3;indoor_forward_5;indoor_forward_6;indoor_forward_7;indoor_forward_9;outdoor_45_1;outdoor_forward_1;outdoor_forward_3;outdoor_forward_5,5,False,,,,,,,,
primary_public_replay::0222,primary_public_replay,primary_public_replay::primary_performance.external_objective.uzh_fpv.load_1,primary_performance.external_objective.uzh_fpv.load_1,ca_hmcd_stage5_statistics_20260916\all_cluster_paired_statistics.csv,b47b91f5459632ccb3f7d8e3eba394e6109e41e6803665c7d15b1549d7e8bdd9,public trajectory or preregistered composed workload; 30 stochastic seeds nested within each unit,16,30,CA-HMCD vs External-Auction,external_objective,CA-HMCD,External-Auction,-0.0004602149,-0.0009477848,-0.0001674854,0.0170898438,0.0512695312,-0.5860930338,-0.7362637363,0.28125,False,primary_performance.external_objective.uzh_fpv.load_1,primary performance,CA-HMCD vs External-Auction,external_objective,CA-HMCD,External-Auction,higher,uzh_fpv,1,uzh_fpv.load_1,UZH-FPV single-target replay,public trajectory or preregistered composed workload,16,30,-0.0018483716,-0.0013881567,-0.0004602149,-0.0009477848,-0.0001674854,mean paired difference across independent clusters,"BCa paired cluster bootstrap, 10000 resamples",12.0,two-sided paired Wilcoxon signed-rank test,0.0170898438,0.0512695312,-0.5860930338,-0.7362637363,0.28125,indoor_45_12;indoor_45_13;indoor_45_14;indoor_45_2;indoor_45_4;indoor_45_9;indoor_forward_10;indoor_forward_3;indoor_forward_5;indoor_forward_6;indoor_forward_7;indoor_forward_9;outdoor_45_1;outdoor_forward_1;outdoor_forward_3;outdoor_forward_5,5,False,,,,,,,,
primary_public_replay::0223,primary_public_replay,primary_public_replay::primary_performance.external_objective.uzh_fpv.load_1,primary_performance.external_objective.uzh_fpv.load_1,ca_hmcd_stage5_statistics_20260916\all_cluster_paired_statistics.csv,b47b91f5459632ccb3f7d8e3eba394e6109e41e6803665c7d15b1549d7e8bdd9,public trajectory or preregistered composed workload; 30 stochastic seeds nested within each unit,16,30,CA-HMCD vs No-Synergy,external_objective,CA-HMCD,No-Synergy,0.0,0.0,0.0,1.0,1.0,0.0,0.0,0.5,False,primary_performance.external_objective.uzh_fpv.load_1,primary performance,CA-HMCD vs No-Synergy,external_objective,CA-HMCD,No-Synergy,higher,uzh_fpv,1,uzh_fpv.load_1,UZH-FPV single-target replay,public trajectory or preregistered composed workload,16,30,-0.0018483716,-0.0018483716,0.0,0.0,0.0,mean paired difference across independent clusters,"BCa paired cluster bootstrap, 10000 resamples",0.0,two-sided paired Wilcoxon signed-rank test,1.0,1.0,0.0,0.0,0.5,indoor_45_12;indoor_45_13;indoor_45_14;indoor_45_2;indoor_45_4;indoor_45_9;indoor_forward_10;indoor_forward_3;indoor_forward_5;indoor_forward_6;indoor_forward_7;indoor_forward_9;outdoor_45_1;outdoor_forward_1;outdoor_forward_3;outdoor_forward_5,5,False,,,,,,,,
primary_public_replay::0224,primary_public_replay,primary_public_replay::primary_performance.external_objective.uzh_fpv.load_1,primary_performance.external_objective.uzh_fpv.load_1,ca_hmcd_stage5_statistics_20260916\all_cluster_paired_statistics.csv,b47b91f5459632ccb3f7d8e3eba394e6109e41e6803665c7d15b1549d7e8bdd9,public trajectory or preregistered composed workload; 30 stochastic seeds nested within each unit,16,30,CA-HMCD vs No-Stability,external_objective,CA-HMCD,No-Stability,0.0318943952,0.0270447255,0.0373976181,3.05176e-05,0.0001525879,2.9199718263,1.0,1.0,True,primary_performance.external_objective.uzh_fpv.load_1,primary performance,CA-HMCD vs No-Stability,external_objective,CA-HMCD,No-Stability,higher,uzh_fpv,1,uzh_fpv.load_1,UZH-FPV single-target replay,public trajectory or preregistered composed workload,16,30,-0.0018483716,-0.0337427669,0.0318943952,0.0270447255,0.0373976181,mean paired difference across independent clusters,"BCa paired cluster bootstrap, 10000 resamples",0,two-sided paired Wilcoxon signed-rank test,3.05176e-05,0.0001525879,2.9199718263,1.0,1.0,indoor_45_12;indoor_45_13;indoor_45_14;indoor_45_2;indoor_45_4;indoor_45_9;indoor_forward_10;indoor_forward_3;indoor_forward_5;indoor_forward_6;indoor_forward_7;indoor_forward_9;outdoor_45_1;outdoor_forward_1;outdoor_forward_3;outdoor_forward_5,5,True,,,,,,,,
primary_public_replay::0225,primary_public_replay,primary_public_replay::primary_performance.external_objective.uzh_fpv.load_1,primary_performance.external_objective.uzh_fpv.load_1,ca_hmcd_stage5_statistics_20260916\all_cluster_paired_statistics.csv,b47b91f5459632ccb3f7d8e3eba394e6109e41e6803665c7d15b1549d7e8bdd9,public trajectory or preregistered composed workload; 30 stochastic seeds nested within each unit,16,30,CA-HMCD vs Random,external_objective,CA-HMCD,Random,0.1776346681,0.1654367537,0.1869502164,3.05176e-05,0.0001525879,7.8786814526,1.0,1.0,True,primary_performance.external_objective.uzh_fpv.load_1,primary performance,CA-HMCD vs Random,external_objective,CA-HMCD,Random,higher,uzh_fpv,1,uzh_fpv.load_1,UZH-FPV single-target replay,public trajectory or preregistered composed workload,16,30,-0.0018483716,-0.1794830398,0.1776346681,0.1654367537,0.1869502164,mean paired difference across independent clusters,"BCa paired cluster bootstrap, 10000 resamples",0,two-sided paired Wilcoxon signed-rank test,3.05176e-05,0.0001525879,7.8786814526,1.0,1.0,indoor_45_12;indoor_45_13;indoor_45_14;indoor_45_2;indoor_45_4;indoor_45_9;indoor_forward_10;indoor_forward_3;indoor_forward_5;indoor_forward_6;indoor_forward_7;indoor_forward_9;outdoor_45_1;outdoor_forward_1;outdoor_forward_3;outdoor_forward_5,5,True,,,,,,,,
primary_public_replay::0226,primary_public_replay,primary_public_replay::primary_performance.independent_service_score.uzh_fpv.load_1,primary_performance.independent_service_score.uzh_fpv.load_1,ca_hmcd_stage5_statistics_20260916\all_cluster_paired_statistics.csv,b47b91f5459632ccb3f7d8e3eba394e6109e41e6803665c7d15b1549d7e8bdd9,public trajectory or preregistered composed workload; 30 stochastic seeds nested within each unit,16,30,CA-HMCD vs Greedy,independent_service_score,CA-HMCD,Greedy,0.0,0.0,0.0,1.0,1.0,0.0,0.0,0.5,False,primary_performance.independent_service_score.uzh_fpv.load_1,primary performance,CA-HMCD vs Greedy,independent_service_score,CA-HMCD,Greedy,higher,uzh_fpv,1,uzh_fpv.load_1,UZH-FPV single-target replay,public trajectory or preregistered composed workload,16,30,0.5154212582,0.5154212582,0.0,0.0,0.0,mean paired difference across independent clusters,"BCa paired cluster bootstrap, 10000 resamples",0.0,two-sided paired Wilcoxon signed-rank test,1.0,1.0,0.0,0.0,0.5,indoor_45_12;indoor_45_13;indoor_45_14;indoor_45_2;indoor_45_4;indoor_45_9;indoor_forward_10;indoor_forward_3;indoor_forward_5;indoor_forward_6;indoor_forward_7;indoor_forward_9;outdoor_45_1;outdoor_forward_1;outdoor_forward_3;outdoor_forward_5,5,False,,,,,,,,
primary_public_replay::0227,primary_public_replay,primary_public_replay::primary_performance.independent_service_score.uzh_fpv.load_1,primary_performance.independent_service_score.uzh_fpv.load_1,ca_hmcd_stage5_statistics_20260916\all_cluster_paired_statistics.csv,b47b91f5459632ccb3f7d8e3eba394e6109e41e6803665c7d15b1549d7e8bdd9,public trajectory or preregistered composed workload; 30 stochastic seeds nested within each unit,16,30,CA-HMCD vs External-Auction,independent_service_score,CA-HMCD,External-Auction,-0.0096452278,-0.0149977237,-0.0055906081,0.0002441406,0.0007324219,-0.9807767717,-1.0,0.09375,True,primary_performance.independent_service_score.uzh_fpv.load_1,primary performance,CA-HMCD vs External-Auction,independent_service_score,CA-HMCD,External-Auction,higher,uzh_fpv,1,uzh_fpv.load_1,UZH-FPV single-target replay,public trajectory or preregistered composed workload,16,30,0.5154212582,0.525066486,-0.0096452278,-0.0149977237,-0.0055906081,mean paired difference across independent clusters,"BCa paired cluster bootstrap, 10000 resamples",0,two-sided paired Wilcoxon signed-rank test,0.0002441406,0.0007324219,-0.9807767717,-1.0,0.09375,indoor_45_12;indoor_45_13;indoor_45_14;indoor_45_2;indoor_45_4;indoor_45_9;indoor_forward_10;indoor_forward_3;indoor_forward_5;indoor_forward_6;indoor_forward_7;indoor_forward_9;outdoor_45_1;outdoor_forward_1;outdoor_forward_3;outdoor_forward_5,5,True,,,,,,,,
primary_public_replay::0228,primary_public_replay,primary_public_replay::primary_performance.independent_service_score.uzh_fpv.load_1,primary_performance.independent_service_score.uzh_fpv.load_1,ca_hmcd_stage5_statistics_20260916\all_cluster_paired_statistics.csv,b47b91f5459632ccb3f7d8e3eba394e6109e41e6803665c7d15b1549d7e8bdd9,public trajectory or preregistered composed workload; 30 stochastic seeds nested within each unit,16,30,CA-HMCD vs No-Synergy,independent_service_score,CA-HMCD,No-Synergy,0.0,0.0,0.0,1.0,1.0,0.0,0.0,0.5,False,primary_performance.independent_service_score.uzh_fpv.load_1,primary performance,CA-HMCD vs No-Synergy,independent_service_score,CA-HMCD,No-Synergy,higher,uzh_fpv,1,uzh_fpv.load_1,UZH-FPV single-target replay,public trajectory or preregistered composed workload,16,30,0.5154212582,0.5154212582,0.0,0.0,0.0,mean paired difference across independent clusters,"BCa paired cluster bootstrap, 10000 resamples",0.0,two-sided paired Wilcoxon signed-rank test,1.0,1.0,0.0,0.0,0.5,indoor_45_12;indoor_45_13;indoor_45_14;indoor_45_2;indoor_45_4;indoor_45_9;indoor_forward_10;indoor_forward_3;indoor_forward_5;indoor_forward_6;indoor_forward_7;indoor_forward_9;outdoor_45_1;outdoor_forward_1;outdoor_forward_3;outdoor_forward_5,5,False,,,,,,,,
primary_public_replay::0229,primary_public_replay,primary_public_replay::primary_performance.independent_service_score.uzh_fpv.load_1,primary_performance.independent_service_score.uzh_fpv.load_1,ca_hmcd_stage5_statistics_20260916\all_cluster_paired_statistics.csv,b47b91f5459632ccb3f7d8e3eba394e6109e41e6803665c7d15b1549d7e8bdd9,public trajectory or preregistered composed workload; 30 stochastic seeds nested within each unit,16,30,CA-HMCD vs No-Stability,independent_service_score,CA-HMCD,No-Stability,-0.1304380864,-0.138658942,-0.1224898398,3.05176e-05,0.0001525879,-7.7333225498,-1.0,0.0,True,primary_performance.independent_service_score.uzh_fpv.load_1,primary performance,CA-HMCD vs No-Stability,independent_service_score,CA-HMCD,No-Stability,higher,uzh_fpv,1,uzh_fpv.load_1,UZH-FPV single-target replay,public trajectory or preregistered composed workload,16,30,0.5154212582,0.6458593446,-0.1304380864,-0.138658942,-0.1224898398,mean paired difference across independent clusters,"BCa paired cluster bootstrap, 10000 resamples",0,two-sided paired Wilcoxon signed-rank test,3.05176e-05,0.0001525879,-7.7333225498,-1.0,0.0,indoor_45_12;indoor_45_13;indoor_45_14;indoor_45_2;indoor_45_4;indoor_45_9;indoor_forward_10;indoor_forward_3;indoor_forward_5;indoor_forward_6;indoor_forward_7;indoor_forward_9;outdoor_45_1;outdoor_forward_1;outdoor_forward_3;outdoor_forward_5,5,True,,,,,,,,
primary_public_replay::0230,primary_public_replay,primary_public_replay::primary_performance.independent_service_score.uzh_fpv.load_1,primary_performance.independent_service_score.uzh_fpv.load_1,ca_hmcd_stage5_statistics_20260916\all_cluster_paired_statistics.csv,b47b91f5459632ccb3f7d8e3eba394e6109e41e6803665c7d15b1549d7e8bdd9,public trajectory or preregistered composed workload; 30 stochastic seeds nested within each unit,16,30,CA-HMCD vs Random,independent_service_score,CA-HMCD,Random,0.0625214387,0.0466504104,0.0753156644,3.05176e-05,0.0001525879,2.0805369938,1.0,1.0,True,primary_performance.independent_service_score.uzh_fpv.load_1,primary performance,CA-HMCD vs Random,independent_service_score,CA-HMCD,Random,higher,uzh_fpv,1,uzh_fpv.load_1,UZH-FPV single-target replay,public trajectory or preregistered composed workload,16,30,0.5154212582,0.4528998194,0.0625214387,0.0466504104,0.0753156644,mean paired difference across independent clusters,"BCa paired cluster bootstrap, 10000 resamples",0,two-sided paired Wilcoxon signed-rank test,3.05176e-05,0.0001525879,2.0805369938,1.0,1.0,indoor_45_12;indoor_45_13;indoor_45_14;indoor_45_2;indoor_45_4;indoor_45_9;indoor_forward_10;indoor_forward_3;indoor_forward_5;indoor_forward_6;indoor_forward_7;indoor_forward_9;outdoor_45_1;outdoor_forward_1;outdoor_forward_3;outdoor_forward_5,5,True,,,,,,,,
primary_public_replay::0231,primary_public_replay,primary_public_replay::primary_performance.independent_coverage.uzh_fpv.load_1,primary_performance.independent_coverage.uzh_fpv.load_1,ca_hmcd_stage5_statistics_20260916\all_cluster_paired_statistics.csv,b47b91f5459632ccb3f7d8e3eba394e6109e41e6803665c7d15b1549d7e8bdd9,public trajectory or preregistered composed workload; 30 stochastic seeds nested within each unit,16,30,CA-HMCD vs Greedy,independent_coverage,CA-HMCD,Greedy,0.0,0.0,0.0,1.0,1.0,0.0,0.0,0.5,False,primary_performance.independent_coverage.uzh_fpv.load_1,primary performance,CA-HMCD vs Greedy,independent_coverage,CA-HMCD,Greedy,higher,uzh_fpv,1,uzh_fpv.load_1,UZH-FPV single-target replay,public trajectory or preregistered composed workload,16,30,0.8291666667,0.8291666667,0.0,0.0,0.0,mean paired difference across independent clusters,"BCa paired cluster bootstrap, 10000 resamples",0.0,two-sided paired Wilcoxon signed-rank test,1.0,1.0,0.0,0.0,0.5,indoor_45_12;indoor_45_13;indoor_45_14;indoor_45_2;indoor_45_4;indoor_45_9;indoor_forward_10;indoor_forward_3;indoor_forward_5;indoor_forward_6;indoor_forward_7;indoor_forward_9;outdoor_45_1;outdoor_forward_1;outdoor_forward_3;outdoor_forward_5,5,False,,,,,,,,
primary_public_replay::0232,primary_public_replay,primary_public_replay::primary_performance.independent_coverage.uzh_fpv.load_1,primary_performance.independent_coverage.uzh_fpv.load_1,ca_hmcd_stage5_statistics_20260916\all_cluster_paired_statistics.csv,b47b91f5459632ccb3f7d8e3eba394e6109e41e6803665c7d15b1549d7e8bdd9,public trajectory or preregistered composed workload; 30 stochastic seeds nested within each unit,16,30,CA-HMCD vs External-Auction,independent_coverage,CA-HMCD,External-Auction,-0.0152777778,-0.0239583333,-0.0086805556,0.0002441406,0.0007324219,-0.9564614725,-1.0,0.09375,True,primary_performance.independent_coverage.uzh_fpv.load_1,primary performance,CA-HMCD vs External-Auction,independent_coverage,CA-HMCD,External-Auction,higher,uzh_fpv,1,uzh_fpv.load_1,UZH-FPV single-target replay,public trajectory or preregistered composed workload,16,30,0.8291666667,0.8444444444,-0.0152777778,-0.0239583333,-0.0086805556,mean paired difference across independent clusters,"BCa paired cluster bootstrap, 10000 resamples",0,two-sided paired Wilcoxon signed-rank test,0.0002441406,0.0007324219,-0.9564614725,-1.0,0.09375,indoor_45_12;indoor_45_13;indoor_45_14;indoor_45_2;indoor_45_4;indoor_45_9;indoor_forward_10;indoor_forward_3;indoor_forward_5;indoor_forward_6;indoor_forward_7;indoor_forward_9;outdoor_45_1;outdoor_forward_1;outdoor_forward_3;outdoor_forward_5,5,True,,,,,,,,
primary_public_replay::0233,primary_public_replay,primary_public_replay::primary_performance.independent_coverage.uzh_fpv.load_1,primary_performance.independent_coverage.uzh_fpv.load_1,ca_hmcd_stage5_statistics_20260916\all_cluster_paired_statistics.csv,b47b91f5459632ccb3f7d8e3eba394e6109e41e6803665c7d15b1549d7e8bdd9,public trajectory or preregistered composed workload; 30 stochastic seeds nested within each unit,16,30,CA-HMCD vs No-Synergy,independent_coverage,CA-HMCD,No-Synergy,0.0,0.0,0.0,1.0,1.0,0.0,0.0,0.5,False,primary_performance.independent_coverage.uzh_fpv.load_1,primary performance,CA-HMCD vs No-Synergy,independent_coverage,CA-HMCD,No-Synergy,higher,uzh_fpv,1,uzh_fpv.load_1,UZH-FPV single-target replay,public trajectory or preregistered composed workload,16,30,0.8291666667,0.8291666667,0.0,0.0,0.0,mean paired difference across independent clusters,"BCa paired cluster bootstrap, 10000 resamples",0.0,two-sided paired Wilcoxon signed-rank test,1.0,1.0,0.0,0.0,0.5,indoor_45_12;indoor_45_13;indoor_45_14;indoor_45_2;indoor_45_4;indoor_45_9;indoor_forward_10;indoor_forward_3;indoor_forward_5;indoor_forward_6;indoor_forward_7;indoor_forward_9;outdoor_45_1;outdoor_forward_1;outdoor_forward_3;outdoor_forward_5,5,False,,,,,,,,
primary_public_replay::0234,primary_public_replay,primary_public_replay::primary_performance.independent_coverage.uzh_fpv.load_1,primary_performance.independent_coverage.uzh_fpv.load_1,ca_hmcd_stage5_statistics_20260916\all_cluster_paired_statistics.csv,b47b91f5459632ccb3f7d8e3eba394e6109e41e6803665c7d15b1549d7e8bdd9,public trajectory or preregistered composed workload; 30 stochastic seeds nested within each unit,16,30,CA-HMCD vs No-Stability,independent_coverage,CA-HMCD,No-Stability,-0.0399305556,-0.0572916667,-0.0263888889,3.05176e-05,0.0001525879,-1.2443672263,-1.0,0.0,True,primary_performance.independent_coverage.uzh_fpv.load_1,primary performance,CA-HMCD vs No-Stability,independent_coverage,CA-HMCD,No-Stability,higher,uzh_fpv,1,uzh_fpv.load_1,UZH-FPV single-target replay,public trajectory or preregistered composed workload,16,30,0.8291666667,0.8690972222,-0.0399305556,-0.0572916667,-0.0263888889,mean paired difference across independent clusters,"BCa paired cluster bootstrap, 10000 resamples",0,two-sided paired Wilcoxon signed-rank test,3.05176e-05,0.0001525879,-1.2443672263,-1.0,0.0,indoor_45_12;indoor_45_13;indoor_45_14;indoor_45_2;indoor_45_4;indoor_45_9;indoor_forward_10;indoor_forward_3;indoor_forward_5;indoor_forward_6;indoor_forward_7;indoor_forward_9;outdoor_45_1;outdoor_forward_1;outdoor_forward_3;outdoor_forward_5,5,True,,,,,,,,
primary_public_replay::0235,primary_public_replay,primary_public_replay::primary_performance.independent_coverage.uzh_fpv.load_1,primary_performance.independent_coverage.uzh_fpv.load_1,ca_hmcd_stage5_statistics_20260916\all_cluster_paired_statistics.csv,b47b91f5459632ccb3f7d8e3eba394e6109e41e6803665c7d15b1549d7e8bdd9,public trajectory or preregistered composed workload; 30 stochastic seeds nested within each unit,16,30,CA-HMCD vs Random,independent_coverage,CA-HMCD,Random,0.1803819444,0.1508680556,0.2027777778,3.05176e-05,0.0001525879,3.3204820369,1.0,1.0,True,primary_performance.independent_coverage.uzh_fpv.load_1,primary performance,CA-HMCD vs Random,independent_coverage,CA-HMCD,Random,higher,uzh_fpv,1,uzh_fpv.load_1,UZH-FPV single-target replay,public trajectory or preregistered composed workload,16,30,0.8291666667,0.6487847222,0.1803819444,0.1508680556,0.2027777778,mean paired difference across independent clusters,"BCa paired cluster bootstrap, 10000 resamples",0,two-sided paired Wilcoxon signed-rank test,3.05176e-05,0.0001525879,3.3204820369,1.0,1.0,indoor_45_12;indoor_45_13;indoor_45_14;indoor_45_2;indoor_45_4;indoor_45_9;indoor_forward_10;indoor_forward_3;indoor_forward_5;indoor_forward_6;indoor_forward_7;indoor_forward_9;outdoor_45_1;outdoor_forward_1;outdoor_forward_3;outdoor_forward_5,5,True,,,,,,,,
primary_public_replay::0236,primary_public_replay,primary_public_replay::stability_mechanism.external_switch_count.uzh_fpv.load_1,stability_mechanism.external_switch_count.uzh_fpv.load_1,ca_hmcd_stage5_statistics_20260916\all_cluster_paired_statistics.csv,b47b91f5459632ccb3f7d8e3eba394e6109e41e6803665c7d15b1549d7e8bdd9,public trajectory or preregistered composed workload; 30 stochastic seeds nested within each unit,16,30,CA-HMCD vs Greedy,external_switch_count,CA-HMCD,Greedy,0.0,0.0,0.0,1.0,1.0,0.0,0.0,0.5,False,stability_mechanism.external_switch_count.uzh_fpv.load_1,stability mechanism,CA-HMCD vs Greedy,external_switch_count,CA-HMCD,Greedy,lower,uzh_fpv,1,uzh_fpv.load_1,UZH-FPV single-target replay,public trajectory or preregistered composed workload,16,30,0.28125,0.28125,0.0,0.0,0.0,mean paired difference across independent clusters,"BCa paired cluster bootstrap, 10000 resamples",0.0,two-sided paired Wilcoxon signed-rank test,1.0,1.0,0.0,0.0,0.5,indoor_45_12;indoor_45_13;indoor_45_14;indoor_45_2;indoor_45_4;indoor_45_9;indoor_forward_10;indoor_forward_3;indoor_forward_5;indoor_forward_6;indoor_forward_7;indoor_forward_9;outdoor_45_1;outdoor_forward_1;outdoor_forward_3;outdoor_forward_5,5,False,,,,,,,,
primary_public_replay::0237,primary_public_replay,primary_public_replay::stability_mechanism.external_switch_count.uzh_fpv.load_1,stability_mechanism.external_switch_count.uzh_fpv.load_1,ca_hmcd_stage5_statistics_20260916\all_cluster_paired_statistics.csv,b47b91f5459632ccb3f7d8e3eba394e6109e41e6803665c7d15b1549d7e8bdd9,public trajectory or preregistered composed workload; 30 stochastic seeds nested within each unit,16,30,CA-HMCD vs External-Auction,external_switch_count,CA-HMCD,External-Auction,-0.0107638889,-0.0166666667,-0.00625,0.0004882812,0.0014648438,-0.9774431011,-1.0,0.875,True,stability_mechanism.external_switch_count.uzh_fpv.load_1,stability mechanism,CA-HMCD vs External-Auction,external_switch_count,CA-HMCD,External-Auction,lower,uzh_fpv,1,uzh_fpv.load_1,UZH-FPV single-target replay,public trajectory or preregistered composed workload,16,30,0.28125,0.2920138889,-0.0107638889,-0.0166666667,-0.00625,mean paired difference across independent clusters,"BCa paired cluster bootstrap, 10000 resamples",0,two-sided paired Wilcoxon signed-rank test,0.0004882812,0.0014648438,-0.9774431011,-1.0,0.875,indoor_45_12;indoor_45_13;indoor_45_14;indoor_45_2;indoor_45_4;indoor_45_9;indoor_forward_10;indoor_forward_3;indoor_forward_5;indoor_forward_6;indoor_forward_7;indoor_forward_9;outdoor_45_1;outdoor_forward_1;outdoor_forward_3;outdoor_forward_5,5,True,,,,,,,,
primary_public_replay::0238,primary_public_replay,primary_public_replay::stability_mechanism.external_switch_count.uzh_fpv.load_1,stability_mechanism.external_switch_count.uzh_fpv.load_1,ca_hmcd_stage5_statistics_20260916\all_cluster_paired_statistics.csv,b47b91f5459632ccb3f7d8e3eba394e6109e41e6803665c7d15b1549d7e8bdd9,public trajectory or preregistered composed workload; 30 stochastic seeds nested within each unit,16,30,CA-HMCD vs No-Synergy,external_switch_count,CA-HMCD,No-Synergy,0.0,0.0,0.0,1.0,1.0,0.0,0.0,0.5,False,stability_mechanism.external_switch_count.uzh_fpv.load_1,stability mechanism,CA-HMCD vs No-Synergy,external_switch_count,CA-HMCD,No-Synergy,lower,uzh_fpv,1,uzh_fpv.load_1,UZH-FPV single-target replay,public trajectory or preregistered composed workload,16,30,0.28125,0.28125,0.0,0.0,0.0,mean paired difference across independent clusters,"BCa paired cluster bootstrap, 10000 resamples",0.0,two-sided paired Wilcoxon signed-rank test,1.0,1.0,0.0,0.0,0.5,indoor_45_12;indoor_45_13;indoor_45_14;indoor_45_2;indoor_45_4;indoor_45_9;indoor_forward_10;indoor_forward_3;indoor_forward_5;indoor_forward_6;indoor_forward_7;indoor_forward_9;outdoor_45_1;outdoor_forward_1;outdoor_forward_3;outdoor_forward_5,5,False,,,,,,,,
primary_public_replay::0239,primary_public_replay,primary_public_replay::stability_mechanism.external_switch_count.uzh_fpv.load_1,stability_mechanism.external_switch_count.uzh_fpv.load_1,ca_hmcd_stage5_statistics_20260916\all_cluster_paired_statistics.csv,b47b91f5459632ccb3f7d8e3eba394e6109e41e6803665c7d15b1549d7e8bdd9,public trajectory or preregistered composed workload; 30 stochastic seeds nested within each unit,16,30,CA-HMCD vs No-Stability,external_switch_count,CA-HMCD,No-Stability,-0.6569444444,-0.7503472222,-0.5534722222,3.05176e-05,0.0001525879,-3.1536884353,-1.0,1.0,True,stability_mechanism.external_switch_count.uzh_fpv.load_1,stability mechanism,CA-HMCD vs No-Stability,external_switch_count,CA-HMCD,No-Stability,lower,uzh_fpv,1,uzh_fpv.load_1,UZH-FPV single-target replay,public trajectory or preregistered composed workload,16,30,0.28125,0.9381944444,-0.6569444444,-0.7503472222,-0.5534722222,mean paired difference across independent clusters,"BCa paired cluster bootstrap, 10000 resamples",0,two-sided paired Wilcoxon signed-rank test,3.05176e-05,0.0001525879,-3.1536884353,-1.0,1.0,indoor_45_12;indoor_45_13;indoor_45_14;indoor_45_2;indoor_45_4;indoor_45_9;indoor_forward_10;indoor_forward_3;indoor_forward_5;indoor_forward_6;indoor_forward_7;indoor_forward_9;outdoor_45_1;outdoor_forward_1;outdoor_forward_3;outdoor_forward_5,5,True,,,,,,,,
primary_public_replay::0240,primary_public_replay,primary_public_replay::stability_mechanism.external_switch_count.uzh_fpv.load_1,stability_mechanism.external_switch_count.uzh_fpv.load_1,ca_hmcd_stage5_statistics_20260916\all_cluster_paired_statistics.csv,b47b91f5459632ccb3f7d8e3eba394e6109e41e6803665c7d15b1549d7e8bdd9,public trajectory or preregistered composed workload; 30 stochastic seeds nested within each unit,16,30,CA-HMCD vs Random,external_switch_count,CA-HMCD,Random,-1.5319444444,-1.6072916667,-1.4357638889,3.05176e-05,0.0001525879,-8.7005710226,-1.0,1.0,True,stability_mechanism.external_switch_count.uzh_fpv.load_1,stability mechanism,CA-HMCD vs Random,external_switch_count,CA-HMCD,Random,lower,uzh_fpv,1,uzh_fpv.load_1,UZH-FPV single-target replay,public trajectory or preregistered composed workload,16,30,0.28125,1.8131944444,-1.5319444444,-1.6072916667,-1.4357638889,mean paired difference across independent clusters,"BCa paired cluster bootstrap, 10000 resamples",0,two-sided paired Wilcoxon signed-rank test,3.05176e-05,0.0001525879,-8.7005710226,-1.0,1.0,indoor_45_12;indoor_45_13;indoor_45_14;indoor_45_2;indoor_45_4;indoor_45_9;indoor_forward_10;indoor_forward_3;indoor_forward_5;indoor_forward_6;indoor_forward_7;indoor_forward_9;outdoor_45_1;outdoor_forward_1;outdoor_forward_3;outdoor_forward_5,5,True,,,,,,,,
primary_public_replay::0241,primary_public_replay,primary_public_replay::resource_efficiency.independent_physical_cost.uzh_fpv.load_1,resource_efficiency.independent_physical_cost.uzh_fpv.load_1,ca_hmcd_stage5_statistics_20260916\all_cluster_paired_statistics.csv,b47b91f5459632ccb3f7d8e3eba394e6109e41e6803665c7d15b1549d7e8bdd9,public trajectory or preregistered composed workload; 30 stochastic seeds nested within each unit,16,30,CA-HMCD vs Greedy,independent_physical_cost,CA-HMCD,Greedy,0.0,0.0,0.0,1.0,1.0,0.0,0.0,0.5,False,resource_efficiency.independent_physical_cost.uzh_fpv.load_1,resource efficiency,CA-HMCD vs Greedy,independent_physical_cost,CA-HMCD,Greedy,lower,uzh_fpv,1,uzh_fpv.load_1,UZH-FPV single-target replay,public trajectory or preregistered composed workload,16,30,0.3923991194,0.3923991194,0.0,0.0,0.0,mean paired difference across independent clusters,"BCa paired cluster bootstrap, 10000 resamples",0.0,two-sided paired Wilcoxon signed-rank test,1.0,1.0,0.0,0.0,0.5,indoor_45_12;indoor_45_13;indoor_45_14;indoor_45_2;indoor_45_4;indoor_45_9;indoor_forward_10;indoor_forward_3;indoor_forward_5;indoor_forward_6;indoor_forward_7;indoor_forward_9;outdoor_45_1;outdoor_forward_1;outdoor_forward_3;outdoor_forward_5,5,False,,,,,,,,
primary_public_replay::0242,primary_public_replay,primary_public_replay::resource_efficiency.independent_physical_cost.uzh_fpv.load_1,resource_efficiency.independent_physical_cost.uzh_fpv.load_1,ca_hmcd_stage5_statistics_20260916\all_cluster_paired_statistics.csv,b47b91f5459632ccb3f7d8e3eba394e6109e41e6803665c7d15b1549d7e8bdd9,public trajectory or preregistered composed workload; 30 stochastic seeds nested within each unit,16,30,CA-HMCD vs External-Auction,independent_physical_cost,CA-HMCD,External-Auction,-0.0079293113,-0.0119726045,-0.0046960268,0.0002441406,0.0007324219,-1.0451870216,-1.0,0.90625,True,resource_efficiency.independent_physical_cost.uzh_fpv.load_1,resource efficiency,CA-HMCD vs External-Auction,independent_physical_cost,CA-HMCD,External-Auction,lower,uzh_fpv,1,uzh_fpv.load_1,UZH-FPV single-target replay,public trajectory or preregistered composed workload,16,30,0.3923991194,0.4003284307,-0.0079293113,-0.0119726045,-0.0046960268,mean paired difference across independent clusters,"BCa paired cluster bootstrap, 10000 resamples",0,two-sided paired Wilcoxon signed-rank test,0.0002441406,0.0007324219,-1.0451870216,-1.0,0.90625,indoor_45_12;indoor_45_13;indoor_45_14;indoor_45_2;indoor_45_4;indoor_45_9;indoor_forward_10;indoor_forward_3;indoor_forward_5;indoor_forward_6;indoor_forward_7;indoor_forward_9;outdoor_45_1;outdoor_forward_1;outdoor_forward_3;outdoor_forward_5,5,True,,,,,,,,
primary_public_replay::0243,primary_public_replay,primary_public_replay::resource_efficiency.independent_physical_cost.uzh_fpv.load_1,resource_efficiency.independent_physical_cost.uzh_fpv.load_1,ca_hmcd_stage5_statistics_20260916\all_cluster_paired_statistics.csv,b47b91f5459632ccb3f7d8e3eba394e6109e41e6803665c7d15b1549d7e8bdd9,public trajectory or preregistered composed workload; 30 stochastic seeds nested within each unit,16,30,CA-HMCD vs No-Synergy,independent_physical_cost,CA-HMCD,No-Synergy,0.0,0.0,0.0,1.0,1.0,0.0,0.0,0.5,False,resource_efficiency.independent_physical_cost.uzh_fpv.load_1,resource efficiency,CA-HMCD vs No-Synergy,independent_physical_cost,CA-HMCD,No-Synergy,lower,uzh_fpv,1,uzh_fpv.load_1,UZH-FPV single-target replay,public trajectory or preregistered composed workload,16,30,0.3923991194,0.3923991194,0.0,0.0,0.0,mean paired difference across independent clusters,"BCa paired cluster bootstrap, 10000 resamples",0.0,two-sided paired Wilcoxon signed-rank test,1.0,1.0,0.0,0.0,0.5,indoor_45_12;indoor_45_13;indoor_45_14;indoor_45_2;indoor_45_4;indoor_45_9;indoor_forward_10;indoor_forward_3;indoor_forward_5;indoor_forward_6;indoor_forward_7;indoor_forward_9;outdoor_45_1;outdoor_forward_1;outdoor_forward_3;outdoor_forward_5,5,False,,,,,,,,
primary_public_replay::0244,primary_public_replay,primary_public_replay::resource_efficiency.independent_physical_cost.uzh_fpv.load_1,resource_efficiency.independent_physical_cost.uzh_fpv.load_1,ca_hmcd_stage5_statistics_20260916\all_cluster_paired_statistics.csv,b47b91f5459632ccb3f7d8e3eba394e6109e41e6803665c7d15b1549d7e8bdd9,public trajectory or preregistered composed workload; 30 stochastic seeds nested within each unit,16,30,CA-HMCD vs No-Stability,independent_physical_cost,CA-HMCD,No-Stability,-0.5586112144,-0.6101089632,-0.5133457876,3.05176e-05,0.0001525879,-5.4502611607,-1.0,1.0,True,resource_efficiency.independent_physical_cost.uzh_fpv.load_1,resource efficiency,CA-HMCD vs No-Stability,independent_physical_cost,CA-HMCD,No-Stability,lower,uzh_fpv,1,uzh_fpv.load_1,UZH-FPV single-target replay,public trajectory or preregistered composed workload,16,30,0.3923991194,0.9510103339,-0.5586112144,-0.6101089632,-0.5133457876,mean paired difference across independent clusters,"BCa paired cluster bootstrap, 10000 resamples",0,two-sided paired Wilcoxon signed-rank test,3.05176e-05,0.0001525879,-5.4502611607,-1.0,1.0,indoor_45_12;indoor_45_13;indoor_45_14;indoor_45_2;indoor_45_4;indoor_45_9;indoor_forward_10;indoor_forward_3;indoor_forward_5;indoor_forward_6;indoor_forward_7;indoor_forward_9;outdoor_45_1;outdoor_forward_1;outdoor_forward_3;outdoor_forward_5,5,True,,,,,,,,
primary_public_replay::0245,primary_public_replay,primary_public_replay::resource_efficiency.independent_physical_cost.uzh_fpv.load_1,resource_efficiency.independent_physical_cost.uzh_fpv.load_1,ca_hmcd_stage5_statistics_20260916\all_cluster_paired_statistics.csv,b47b91f5459632ccb3f7d8e3eba394e6109e41e6803665c7d15b1549d7e8bdd9,public trajectory or preregistered composed workload; 30 stochastic seeds nested within each unit,16,30,CA-HMCD vs Random,independent_physical_cost,CA-HMCD,Random,-0.2579709624,-0.2659264256,-0.2501108974,3.05176e-05,0.0001525879,-15.3154931222,-1.0,1.0,True,resource_efficiency.independent_physical_cost.uzh_fpv.load_1,resource efficiency,CA-HMCD vs Random,independent_physical_cost,CA-HMCD,Random,lower,uzh_fpv,1,uzh_fpv.load_1,UZH-FPV single-target replay,public trajectory or preregistered composed workload,16,30,0.3923991194,0.6503700818,-0.2579709624,-0.2659264256,-0.2501108974,mean paired difference across independent clusters,"BCa paired cluster bootstrap, 10000 resamples",0,two-sided paired Wilcoxon signed-rank test,3.05176e-05,0.0001525879,-15.3154931222,-1.0,1.0,indoor_45_12;indoor_45_13;indoor_45_14;indoor_45_2;indoor_45_4;indoor_45_9;indoor_forward_10;indoor_forward_3;indoor_forward_5;indoor_forward_6;indoor_forward_7;indoor_forward_9;outdoor_45_1;outdoor_forward_1;outdoor_forward_3;outdoor_forward_5,5,True,,,,,,,,
primary_public_replay::0246,primary_public_replay,primary_public_replay::redundancy_mechanism.independent_same_type_pair_ratio.uzh_fpv.load_1,redundancy_mechanism.independent_same_type_pair_ratio.uzh_fpv.load_1,ca_hmcd_stage5_statistics_20260916\all_cluster_paired_statistics.csv,b47b91f5459632ccb3f7d8e3eba394e6109e41e6803665c7d15b1549d7e8bdd9,public trajectory or preregistered composed workload; 30 stochastic seeds nested within each unit,16,30,CA-HMCD vs Greedy,independent_same_type_pair_ratio,CA-HMCD,Greedy,0.0,0.0,0.0,1.0,1.0,0.0,0.0,0.5,False,redundancy_mechanism.independent_same_type_pair_ratio.uzh_fpv.load_1,redundancy mechanism,CA-HMCD vs Greedy,independent_same_type_pair_ratio,CA-HMCD,Greedy,lower,uzh_fpv,1,uzh_fpv.load_1,UZH-FPV single-target replay,public trajectory or preregistered composed workload,16,30,0.0,0.0,0.0,0.0,0.0,mean paired difference across independent clusters,"BCa paired cluster bootstrap, 10000 resamples",0.0,two-sided paired Wilcoxon signed-rank test,1.0,1.0,0.0,0.0,0.5,indoor_45_12;indoor_45_13;indoor_45_14;indoor_45_2;indoor_45_4;indoor_45_9;indoor_forward_10;indoor_forward_3;indoor_forward_5;indoor_forward_6;indoor_forward_7;indoor_forward_9;outdoor_45_1;outdoor_forward_1;outdoor_forward_3;outdoor_forward_5,5,False,,,,,,,,
primary_public_replay::0247,primary_public_replay,primary_public_replay::redundancy_mechanism.independent_same_type_pair_ratio.uzh_fpv.load_1,redundancy_mechanism.independent_same_type_pair_ratio.uzh_fpv.load_1,ca_hmcd_stage5_statistics_20260916\all_cluster_paired_statistics.csv,b47b91f5459632ccb3f7d8e3eba394e6109e41e6803665c7d15b1549d7e8bdd9,public trajectory or preregistered composed workload; 30 stochastic seeds nested within each unit,16,30,CA-HMCD vs External-Auction,independent_same_type_pair_ratio,CA-HMCD,External-Auction,-0.0013888889,-0.0069444444,0.0,1.0,1.0,-0.25,-1.0,0.53125,False,redundancy_mechanism.independent_same_type_pair_ratio.uzh_fpv.load_1,redundancy mechanism,CA-HMCD vs External-Auction,independent_same_type_pair_ratio,CA-HMCD,External-Auction,lower,uzh_fpv,1,uzh_fpv.load_1,UZH-FPV single-target replay,public trajectory or preregistered composed workload,16,30,0.0,0.0013888889,-0.0013888889,-0.0069444444,0.0,mean paired difference across independent clusters,"BCa paired cluster bootstrap, 10000 resamples",0,two-sided paired Wilcoxon signed-rank test,1.0,1.0,-0.25,-1.0,0.53125,indoor_45_12;indoor_45_13;indoor_45_14;indoor_45_2;indoor_45_4;indoor_45_9;indoor_forward_10;indoor_forward_3;indoor_forward_5;indoor_forward_6;indoor_forward_7;indoor_forward_9;outdoor_45_1;outdoor_forward_1;outdoor_forward_3;outdoor_forward_5,5,False,,,,,,,,
primary_public_replay::0248,primary_public_replay,primary_public_replay::redundancy_mechanism.independent_same_type_pair_ratio.uzh_fpv.load_1,redundancy_mechanism.independent_same_type_pair_ratio.uzh_fpv.load_1,ca_hmcd_stage5_statistics_20260916\all_cluster_paired_statistics.csv,b47b91f5459632ccb3f7d8e3eba394e6109e41e6803665c7d15b1549d7e8bdd9,public trajectory or preregistered composed workload; 30 stochastic seeds nested within each unit,16,30,CA-HMCD vs No-Synergy,independent_same_type_pair_ratio,CA-HMCD,No-Synergy,0.0,0.0,0.0,1.0,1.0,0.0,0.0,0.5,False,redundancy_mechanism.independent_same_type_pair_ratio.uzh_fpv.load_1,redundancy mechanism,CA-HMCD vs No-Synergy,independent_same_type_pair_ratio,CA-HMCD,No-Synergy,lower,uzh_fpv,1,uzh_fpv.load_1,UZH-FPV single-target replay,public trajectory or preregistered composed workload,16,30,0.0,0.0,0.0,0.0,0.0,mean paired difference across independent clusters,"BCa paired cluster bootstrap, 10000 resamples",0.0,two-sided paired Wilcoxon signed-rank test,1.0,1.0,0.0,0.0,0.5,indoor_45_12;indoor_45_13;indoor_45_14;indoor_45_2;indoor_45_4;indoor_45_9;indoor_forward_10;indoor_forward_3;indoor_forward_5;indoor_forward_6;indoor_forward_7;indoor_forward_9;outdoor_45_1;outdoor_forward_1;outdoor_forward_3;outdoor_forward_5,5,False,,,,,,,,
primary_public_replay::0249,primary_public_replay,primary_public_replay::redundancy_mechanism.independent_same_type_pair_ratio.uzh_fpv.load_1,redundancy_mechanism.independent_same_type_pair_ratio.uzh_fpv.load_1,ca_hmcd_stage5_statistics_20260916\all_cluster_paired_statistics.csv,b47b91f5459632ccb3f7d8e3eba394e6109e41e6803665c7d15b1549d7e8bdd9,public trajectory or preregistered composed workload; 30 stochastic seeds nested within each unit,16,30,CA-HMCD vs No-Stability,independent_same_type_pair_ratio,CA-HMCD,No-Stability,-0.7398148148,-0.7959490741,-0.6827429793,3.05176e-05,0.0001525879,-6.1973871033,-1.0,1.0,True,redundancy_mechanism.independent_same_type_pair_ratio.uzh_fpv.load_1,redundancy mechanism,CA-HMCD vs No-Stability,independent_same_type_pair_ratio,CA-HMCD,No-Stability,lower,uzh_fpv,1,uzh_fpv.load_1,UZH-FPV single-target replay,public trajectory or preregistered composed workload,16,30,0.0,0.7398148148,-0.7398148148,-0.7959490741,-0.6827429793,mean paired difference across independent clusters,"BCa paired cluster bootstrap, 10000 resamples",0,two-sided paired Wilcoxon signed-rank test,3.05176e-05,0.0001525879,-6.1973871033,-1.0,1.0,indoor_45_12;indoor_45_13;indoor_45_14;indoor_45_2;indoor_45_4;indoor_45_9;indoor_forward_10;indoor_forward_3;indoor_forward_5;indoor_forward_6;indoor_forward_7;indoor_forward_9;outdoor_45_1;outdoor_forward_1;outdoor_forward_3;outdoor_forward_5,5,True,,,,,,,,
primary_public_replay::0250,primary_public_replay,primary_public_replay::redundancy_mechanism.independent_same_type_pair_ratio.uzh_fpv.load_1,redundancy_mechanism.independent_same_type_pair_ratio.uzh_fpv.load_1,ca_hmcd_stage5_statistics_20260916\all_cluster_paired_statistics.csv,b47b91f5459632ccb3f7d8e3eba394e6109e41e6803665c7d15b1549d7e8bdd9,public trajectory or preregistered composed workload; 30 stochastic seeds nested within each unit,16,30,CA-HMCD vs Random,independent_same_type_pair_ratio,CA-HMCD,Random,-0.2381365741,-0.2503472222,-0.2253472222,3.05176e-05,0.0001525879,-9.1026517053,-1.0,1.0,True,redundancy_mechanism.independent_same_type_pair_ratio.uzh_fpv.load_1,redundancy mechanism,CA-HMCD vs Random,independent_same_type_pair_ratio,CA-HMCD,Random,lower,uzh_fpv,1,uzh_fpv.load_1,UZH-FPV single-target replay,public trajectory or preregistered composed workload,16,30,0.0,0.2381365741,-0.2381365741,-0.2503472222,-0.2253472222,mean paired difference across independent clusters,"BCa paired cluster bootstrap, 10000 resamples",0,two-sided paired Wilcoxon signed-rank test,3.05176e-05,0.0001525879,-9.1026517053,-1.0,1.0,indoor_45_12;indoor_45_13;indoor_45_14;indoor_45_2;indoor_45_4;indoor_45_9;indoor_forward_10;indoor_forward_3;indoor_forward_5;indoor_forward_6;indoor_forward_7;indoor_forward_9;outdoor_45_1;outdoor_forward_1;outdoor_forward_3;outdoor_forward_5,5,True,,,,,,,,
primary_public_replay::0251,primary_public_replay,primary_public_replay::redundancy_mechanism.independent_capability_overlap.uzh_fpv.load_1,redundancy_mechanism.independent_capability_overlap.uzh_fpv.load_1,ca_hmcd_stage5_statistics_20260916\all_cluster_paired_statistics.csv,b47b91f5459632ccb3f7d8e3eba394e6109e41e6803665c7d15b1549d7e8bdd9,public trajectory or preregistered composed workload; 30 stochastic seeds nested within each unit,16,30,CA-HMCD vs Greedy,independent_capability_overlap,CA-HMCD,Greedy,0.0,0.0,0.0,1.0,1.0,0.0,0.0,0.5,False,redundancy_mechanism.independent_capability_overlap.uzh_fpv.load_1,redundancy mechanism,CA-HMCD vs Greedy,independent_capability_overlap,CA-HMCD,Greedy,lower,uzh_fpv,1,uzh_fpv.load_1,UZH-FPV single-target replay,public trajectory or preregistered composed workload,16,30,0.0,0.0,0.0,0.0,0.0,mean paired difference across independent clusters,"BCa paired cluster bootstrap, 10000 resamples",0.0,two-sided paired Wilcoxon signed-rank test,1.0,1.0,0.0,0.0,0.5,indoor_45_12;indoor_45_13;indoor_45_14;indoor_45_2;indoor_45_4;indoor_45_9;indoor_forward_10;indoor_forward_3;indoor_forward_5;indoor_forward_6;indoor_forward_7;indoor_forward_9;outdoor_45_1;outdoor_forward_1;outdoor_forward_3;outdoor_forward_5,5,False,,,,,,,,
primary_public_replay::0252,primary_public_replay,primary_public_replay::redundancy_mechanism.independent_capability_overlap.uzh_fpv.load_1,redundancy_mechanism.independent_capability_overlap.uzh_fpv.load_1,ca_hmcd_stage5_statistics_20260916\all_cluster_paired_statistics.csv,b47b91f5459632ccb3f7d8e3eba394e6109e41e6803665c7d15b1549d7e8bdd9,public trajectory or preregistered composed workload; 30 stochastic seeds nested within each unit,16,30,CA-HMCD vs External-Auction,independent_capability_overlap,CA-HMCD,External-Auction,-0.0013156078,-0.0065780388,0.0,1.0,1.0,-0.25,-1.0,0.53125,False,redundancy_mechanism.independent_capability_overlap.uzh_fpv.load_1,redundancy mechanism,CA-HMCD vs External-Auction,independent_capability_overlap,CA-HMCD,External-Auction,lower,uzh_fpv,1,uzh_fpv.load_1,UZH-FPV single-target replay,public trajectory or preregistered composed workload,16,30,0.0,0.0013156078,-0.0013156078,-0.0065780388,0.0,mean paired difference across independent clusters,"BCa paired cluster bootstrap, 10000 resamples",0,two-sided paired Wilcoxon signed-rank test,1.0,1.0,-0.25,-1.0,0.53125,indoor_45_12;indoor_45_13;indoor_45_14;indoor_45_2;indoor_45_4;indoor_45_9;indoor_forward_10;indoor_forward_3;indoor_forward_5;indoor_forward_6;indoor_forward_7;indoor_forward_9;outdoor_45_1;outdoor_forward_1;outdoor_forward_3;outdoor_forward_5,5,False,,,,,,,,
primary_public_replay::0253,primary_public_replay,primary_public_replay::redundancy_mechanism.independent_capability_overlap.uzh_fpv.load_1,redundancy_mechanism.independent_capability_overlap.uzh_fpv.load_1,ca_hmcd_stage5_statistics_20260916\all_cluster_paired_statistics.csv,b47b91f5459632ccb3f7d8e3eba394e6109e41e6803665c7d15b1549d7e8bdd9,public trajectory or preregistered composed workload; 30 stochastic seeds nested within each unit,16,30,CA-HMCD vs No-Synergy,independent_capability_overlap,CA-HMCD,No-Synergy,0.0,0.0,0.0,1.0,1.0,0.0,0.0,0.5,False,redundancy_mechanism.independent_capability_overlap.uzh_fpv.load_1,redundancy mechanism,CA-HMCD vs No-Synergy,independent_capability_overlap,CA-HMCD,No-Synergy,lower,uzh_fpv,1,uzh_fpv.load_1,UZH-FPV single-target replay,public trajectory or preregistered composed workload,16,30,0.0,0.0,0.0,0.0,0.0,mean paired difference across independent clusters,"BCa paired cluster bootstrap, 10000 resamples",0.0,two-sided paired Wilcoxon signed-rank test,1.0,1.0,0.0,0.0,0.5,indoor_45_12;indoor_45_13;indoor_45_14;indoor_45_2;indoor_45_4;indoor_45_9;indoor_forward_10;indoor_forward_3;indoor_forward_5;indoor_forward_6;indoor_forward_7;indoor_forward_9;outdoor_45_1;outdoor_forward_1;outdoor_forward_3;outdoor_forward_5,5,False,,,,,,,,
primary_public_replay::0254,primary_public_replay,primary_public_replay::redundancy_mechanism.independent_capability_overlap.uzh_fpv.load_1,redundancy_mechanism.independent_capability_overlap.uzh_fpv.load_1,ca_hmcd_stage5_statistics_20260916\all_cluster_paired_statistics.csv,b47b91f5459632ccb3f7d8e3eba394e6109e41e6803665c7d15b1549d7e8bdd9,public trajectory or preregistered composed workload; 30 stochastic seeds nested within each unit,16,30,CA-HMCD vs No-Stability,independent_capability_overlap,CA-HMCD,No-Stability,-0.7938328705,-0.8234512274,-0.7483702999,3.05176e-05,0.0001525879,-10.4365865046,-1.0,1.0,True,redundancy_mechanism.independent_capability_overlap.uzh_fpv.load_1,redundancy mechanism,CA-HMCD vs No-Stability,independent_capability_overlap,CA-HMCD,No-Stability,lower,uzh_fpv,1,uzh_fpv.load_1,UZH-FPV single-target replay,public trajectory or preregistered composed workload,16,30,0.0,0.7938328705,-0.7938328705,-0.8234512274,-0.7483702999,mean paired difference across independent clusters,"BCa paired cluster bootstrap, 10000 resamples",0,two-sided paired Wilcoxon signed-rank test,3.05176e-05,0.0001525879,-10.4365865046,-1.0,1.0,indoor_45_12;indoor_45_13;indoor_45_14;indoor_45_2;indoor_45_4;indoor_45_9;indoor_forward_10;indoor_forward_3;indoor_forward_5;indoor_forward_6;indoor_forward_7;indoor_forward_9;outdoor_45_1;outdoor_forward_1;outdoor_forward_3;outdoor_forward_5,5,True,,,,,,,,
primary_public_replay::0255,primary_public_replay,primary_public_replay::redundancy_mechanism.independent_capability_overlap.uzh_fpv.load_1,redundancy_mechanism.independent_capability_overlap.uzh_fpv.load_1,ca_hmcd_stage5_statistics_20260916\all_cluster_paired_statistics.csv,b47b91f5459632ccb3f7d8e3eba394e6109e41e6803665c7d15b1549d7e8bdd9,public trajectory or preregistered composed workload; 30 stochastic seeds nested within each unit,16,30,CA-HMCD vs Random,independent_capability_overlap,CA-HMCD,Random,-0.3813436125,-0.3957784726,-0.3621224449,3.05176e-05,0.0001525879,-10.9138813749,-1.0,1.0,True,redundancy_mechanism.independent_capability_overlap.uzh_fpv.load_1,redundancy mechanism,CA-HMCD vs Random,independent_capability_overlap,CA-HMCD,Random,lower,uzh_fpv,1,uzh_fpv.load_1,UZH-FPV single-target replay,public trajectory or preregistered composed workload,16,30,0.0,0.3813436125,-0.3813436125,-0.3957784726,-0.3621224449,mean paired difference across independent clusters,"BCa paired cluster bootstrap, 10000 resamples",0,two-sided paired Wilcoxon signed-rank test,3.05176e-05,0.0001525879,-10.9138813749,-1.0,1.0,indoor_45_12;indoor_45_13;indoor_45_14;indoor_45_2;indoor_45_4;indoor_45_9;indoor_forward_10;indoor_forward_3;indoor_forward_5;indoor_forward_6;indoor_forward_7;indoor_forward_9;outdoor_45_1;outdoor_forward_1;outdoor_forward_3;outdoor_forward_5,5,True,,,,,,,,
primary_public_replay::0256,primary_public_replay,primary_public_replay::redundancy_mechanism.independent_marginal_gain_waste.uzh_fpv.load_1,redundancy_mechanism.independent_marginal_gain_waste.uzh_fpv.load_1,ca_hmcd_stage5_statistics_20260916\all_cluster_paired_statistics.csv,b47b91f5459632ccb3f7d8e3eba394e6109e41e6803665c7d15b1549d7e8bdd9,public trajectory or preregistered composed workload; 30 stochastic seeds nested within each unit,16,30,CA-HMCD vs Greedy,independent_marginal_gain_waste,CA-HMCD,Greedy,0.0,0.0,0.0,1.0,1.0,0.0,0.0,0.5,False,redundancy_mechanism.independent_marginal_gain_waste.uzh_fpv.load_1,redundancy mechanism,CA-HMCD vs Greedy,independent_marginal_gain_waste,CA-HMCD,Greedy,lower,uzh_fpv,1,uzh_fpv.load_1,UZH-FPV single-target replay,public trajectory or preregistered composed workload,16,30,0.0,0.0,0.0,0.0,0.0,mean paired difference across independent clusters,"BCa paired cluster bootstrap, 10000 resamples",0.0,two-sided paired Wilcoxon signed-rank test,1.0,1.0,0.0,0.0,0.5,indoor_45_12;indoor_45_13;indoor_45_14;indoor_45_2;indoor_45_4;indoor_45_9;indoor_forward_10;indoor_forward_3;indoor_forward_5;indoor_forward_6;indoor_forward_7;indoor_forward_9;outdoor_45_1;outdoor_forward_1;outdoor_forward_3;outdoor_forward_5,5,False,,,,,,,,
primary_public_replay::0257,primary_public_replay,primary_public_replay::redundancy_mechanism.independent_marginal_gain_waste.uzh_fpv.load_1,redundancy_mechanism.independent_marginal_gain_waste.uzh_fpv.load_1,ca_hmcd_stage5_statistics_20260916\all_cluster_paired_statistics.csv,b47b91f5459632ccb3f7d8e3eba394e6109e41e6803665c7d15b1549d7e8bdd9,public trajectory or preregistered composed workload; 30 stochastic seeds nested within each unit,16,30,CA-HMCD vs External-Auction,independent_marginal_gain_waste,CA-HMCD,External-Auction,-0.000221062,-0.000663186,-0.0,1.0,1.0,-0.25,-1.0,0.53125,False,redundancy_mechanism.independent_marginal_gain_waste.uzh_fpv.load_1,redundancy mechanism,CA-HMCD vs External-Auction,independent_marginal_gain_waste,CA-HMCD,External-Auction,lower,uzh_fpv,1,uzh_fpv.load_1,UZH-FPV single-target replay,public trajectory or preregistered composed workload,16,30,0.0,0.000221062,-0.000221062,-0.000663186,-0.0,mean paired difference across independent clusters,"BCa paired cluster bootstrap, 10000 resamples",0,two-sided paired Wilcoxon signed-rank test,1.0,1.0,-0.25,-1.0,0.53125,indoor_45_12;indoor_45_13;indoor_45_14;indoor_45_2;indoor_45_4;indoor_45_9;indoor_forward_10;indoor_forward_3;indoor_forward_5;indoor_forward_6;indoor_forward_7;indoor_forward_9;outdoor_45_1;outdoor_forward_1;outdoor_forward_3;outdoor_forward_5,5,False,,,,,,,,
primary_public_replay::0258,primary_public_replay,primary_public_replay::redundancy_mechanism.independent_marginal_gain_waste.uzh_fpv.load_1,redundancy_mechanism.independent_marginal_gain_waste.uzh_fpv.load_1,ca_hmcd_stage5_statistics_20260916\all_cluster_paired_statistics.csv,b47b91f5459632ccb3f7d8e3eba394e6109e41e6803665c7d15b1549d7e8bdd9,public trajectory or preregistered composed workload; 30 stochastic seeds nested within each unit,16,30,CA-HMCD vs No-Synergy,independent_marginal_gain_waste,CA-HMCD,No-Synergy,0.0,0.0,0.0,1.0,1.0,0.0,0.0,0.5,False,redundancy_mechanism.independent_marginal_gain_waste.uzh_fpv.load_1,redundancy mechanism,CA-HMCD vs No-Synergy,independent_marginal_gain_waste,CA-HMCD,No-Synergy,lower,uzh_fpv,1,uzh_fpv.load_1,UZH-FPV single-target replay,public trajectory or preregistered composed workload,16,30,0.0,0.0,0.0,0.0,0.0,mean paired difference across independent clusters,"BCa paired cluster bootstrap, 10000 resamples",0.0,two-sided paired Wilcoxon signed-rank test,1.0,1.0,0.0,0.0,0.5,indoor_45_12;indoor_45_13;indoor_45_14;indoor_45_2;indoor_45_4;indoor_45_9;indoor_forward_10;indoor_forward_3;indoor_forward_5;indoor_forward_6;indoor_forward_7;indoor_forward_9;outdoor_45_1;outdoor_forward_1;outdoor_forward_3;outdoor_forward_5,5,False,,,,,,,,
primary_public_replay::0259,primary_public_replay,primary_public_replay::redundancy_mechanism.independent_marginal_gain_waste.uzh_fpv.load_1,redundancy_mechanism.independent_marginal_gain_waste.uzh_fpv.load_1,ca_hmcd_stage5_statistics_20260916\all_cluster_paired_statistics.csv,b47b91f5459632ccb3f7d8e3eba394e6109e41e6803665c7d15b1549d7e8bdd9,public trajectory or preregistered composed workload; 30 stochastic seeds nested within each unit,16,30,CA-HMCD vs No-Stability,independent_marginal_gain_waste,CA-HMCD,No-Stability,-0.1632648265,-0.1764259637,-0.1529458649,3.05176e-05,0.0001525879,-6.769069054,-1.0,1.0,True,redundancy_mechanism.independent_marginal_gain_waste.uzh_fpv.load_1,redundancy mechanism,CA-HMCD vs No-Stability,independent_marginal_gain_waste,CA-HMCD,No-Stability,lower,uzh_fpv,1,uzh_fpv.load_1,UZH-FPV single-target replay,public trajectory or preregistered composed workload,16,30,0.0,0.1632648265,-0.1632648265,-0.1764259637,-0.1529458649,mean paired difference across independent clusters,"BCa paired cluster bootstrap, 10000 resamples",0,two-sided paired Wilcoxon signed-rank test,3.05176e-05,0.0001525879,-6.769069054,-1.0,1.0,indoor_45_12;indoor_45_13;indoor_45_14;indoor_45_2;indoor_45_4;indoor_45_9;indoor_forward_10;indoor_forward_3;indoor_forward_5;indoor_forward_6;indoor_forward_7;indoor_forward_9;outdoor_45_1;outdoor_forward_1;outdoor_forward_3;outdoor_forward_5,5,True,,,,,,,,
primary_public_replay::0260,primary_public_replay,primary_public_replay::redundancy_mechanism.independent_marginal_gain_waste.uzh_fpv.load_1,redundancy_mechanism.independent_marginal_gain_waste.uzh_fpv.load_1,ca_hmcd_stage5_statistics_20260916\all_cluster_paired_statistics.csv,b47b91f5459632ccb3f7d8e3eba394e6109e41e6803665c7d15b1549d7e8bdd9,public trajectory or preregistered composed workload; 30 stochastic seeds nested within each unit,16,30,CA-HMCD vs Random,independent_marginal_gain_waste,CA-HMCD,Random,-0.0869994084,-0.0903809427,-0.0827506293,3.05176e-05,0.0001525879,-10.7415949752,-1.0,1.0,True,redundancy_mechanism.independent_marginal_gain_waste.uzh_fpv.load_1,redundancy mechanism,CA-HMCD vs Random,independent_marginal_gain_waste,CA-HMCD,Random,lower,uzh_fpv,1,uzh_fpv.load_1,UZH-FPV single-target replay,public trajectory or preregistered composed workload,16,30,0.0,0.0869994084,-0.0869994084,-0.0903809427,-0.0827506293,mean paired difference across independent clusters,"BCa paired cluster bootstrap, 10000 resamples",0,two-sided paired Wilcoxon signed-rank test,3.05176e-05,0.0001525879,-10.7415949752,-1.0,1.0,indoor_45_12;indoor_45_13;indoor_45_14;indoor_45_2;indoor_45_4;indoor_45_9;indoor_forward_10;indoor_forward_3;indoor_forward_5;indoor_forward_6;indoor_forward_7;indoor_forward_9;outdoor_45_1;outdoor_forward_1;outdoor_forward_3;outdoor_forward_5,5,True,,,,,,,,
primary_public_replay::0261,primary_public_replay,primary_public_replay::computational_boundary.end_to_end_runtime_ms.uzh_fpv.load_1,computational_boundary.end_to_end_runtime_ms.uzh_fpv.load_1,ca_hmcd_stage5_statistics_20260916\all_cluster_paired_statistics.csv,b47b91f5459632ccb3f7d8e3eba394e6109e41e6803665c7d15b1549d7e8bdd9,public trajectory or preregistered composed workload; 30 stochastic seeds nested within each unit,16,30,CA-HMCD vs Greedy,end_to_end_runtime_ms,CA-HMCD,Greedy,-0.0386260938,-0.4372329144,0.4828262341,0.4637451172,0.4637451172,-0.0402926776,-0.2205882353,0.75,False,computational_boundary.end_to_end_runtime_ms.uzh_fpv.load_1,computational boundary,CA-HMCD vs Greedy,end_to_end_runtime_ms,CA-HMCD,Greedy,lower,uzh_fpv,1,uzh_fpv.load_1,UZH-FPV single-target replay,public trajectory or preregistered composed workload,16,30,44.5535709028,44.5921969966,-0.0386260938,-0.4372329144,0.4828262341,mean paired difference across independent clusters,"BCa paired cluster bootstrap, 10000 resamples",53.0,two-sided paired Wilcoxon signed-rank test,0.4637451172,0.4637451172,-0.0402926776,-0.2205882353,0.75,indoor_45_12;indoor_45_13;indoor_45_14;indoor_45_2;indoor_45_4;indoor_45_9;indoor_forward_10;indoor_forward_3;indoor_forward_5;indoor_forward_6;indoor_forward_7;indoor_forward_9;outdoor_45_1;outdoor_forward_1;outdoor_forward_3;outdoor_forward_5,5,False,,,,,,,,
primary_public_replay::0262,primary_public_replay,primary_public_replay::computational_boundary.end_to_end_runtime_ms.uzh_fpv.load_1,computational_boundary.end_to_end_runtime_ms.uzh_fpv.load_1,ca_hmcd_stage5_statistics_20260916\all_cluster_paired_statistics.csv,b47b91f5459632ccb3f7d8e3eba394e6109e41e6803665c7d15b1549d7e8bdd9,public trajectory or preregistered composed workload; 30 stochastic seeds nested within each unit,16,30,CA-HMCD vs External-Auction,end_to_end_runtime_ms,CA-HMCD,External-Auction,1.5013174132,1.1685210103,2.0404904011,3.05176e-05,0.0001525879,1.718909568,1.0,0.0,True,computational_boundary.end_to_end_runtime_ms.uzh_fpv.load_1,computational boundary,CA-HMCD vs External-Auction,end_to_end_runtime_ms,CA-HMCD,External-Auction,lower,uzh_fpv,1,uzh_fpv.load_1,UZH-FPV single-target replay,public trajectory or preregistered composed workload,16,30,44.5535709028,43.0522534896,1.5013174132,1.1685210103,2.0404904011,mean paired difference across independent clusters,"BCa paired cluster bootstrap, 10000 resamples",0,two-sided paired Wilcoxon signed-rank test,3.05176e-05,0.0001525879,1.718909568,1.0,0.0,indoor_45_12;indoor_45_13;indoor_45_14;indoor_45_2;indoor_45_4;indoor_45_9;indoor_forward_10;indoor_forward_3;indoor_forward_5;indoor_forward_6;indoor_forward_7;indoor_forward_9;outdoor_45_1;outdoor_forward_1;outdoor_forward_3;outdoor_forward_5,5,True,,,,,,,,
primary_public_replay::0263,primary_public_replay,primary_public_replay::computational_boundary.end_to_end_runtime_ms.uzh_fpv.load_1,computational_boundary.end_to_end_runtime_ms.uzh_fpv.load_1,ca_hmcd_stage5_statistics_20260916\all_cluster_paired_statistics.csv,b47b91f5459632ccb3f7d8e3eba394e6109e41e6803665c7d15b1549d7e8bdd9,public trajectory or preregistered composed workload; 30 stochastic seeds nested within each unit,16,30,CA-HMCD vs No-Synergy,end_to_end_runtime_ms,CA-HMCD,No-Synergy,0.6353530208,0.3917372424,1.107710066,0.0004272461,0.0017089844,0.9036580589,0.9117647059,0.0625,True,computational_boundary.end_to_end_runtime_ms.uzh_fpv.load_1,computational boundary,CA-HMCD vs No-Synergy,end_to_end_runtime_ms,CA-HMCD,No-Synergy,lower,uzh_fpv,1,uzh_fpv.load_1,UZH-FPV single-target replay,public trajectory or preregistered composed workload,16,30,44.5535709028,43.918217882,0.6353530208,0.3917372424,1.107710066,mean paired difference across independent clusters,"BCa paired cluster bootstrap, 10000 resamples",6.0,two-sided paired Wilcoxon signed-rank test,0.0004272461,0.0017089844,0.9036580589,0.9117647059,0.0625,indoor_45_12;indoor_45_13;indoor_45_14;indoor_45_2;indoor_45_4;indoor_45_9;indoor_forward_10;indoor_forward_3;indoor_forward_5;indoor_forward_6;indoor_forward_7;indoor_forward_9;outdoor_45_1;outdoor_forward_1;outdoor_forward_3;outdoor_forward_5,5,True,,,,,,,,
primary_public_replay::0264,primary_public_replay,primary_public_replay::computational_boundary.end_to_end_runtime_ms.uzh_fpv.load_1,computational_boundary.end_to_end_runtime_ms.uzh_fpv.load_1,ca_hmcd_stage5_statistics_20260916\all_cluster_paired_statistics.csv,b47b91f5459632ccb3f7d8e3eba394e6109e41e6803665c7d15b1549d7e8bdd9,public trajectory or preregistered composed workload; 30 stochastic seeds nested within each unit,16,30,CA-HMCD vs No-Stability,end_to_end_runtime_ms,CA-HMCD,No-Stability,0.8204084374,0.3317349773,1.3839992376,0.009185791,0.018371582,0.7498282755,0.7205882353,0.1875,True,computational_boundary.end_to_end_runtime_ms.uzh_fpv.load_1,computational boundary,CA-HMCD vs No-Stability,end_to_end_runtime_ms,CA-HMCD,No-Stability,lower,uzh_fpv,1,uzh_fpv.load_1,UZH-FPV single-target replay,public trajectory or preregistered composed workload,16,30,44.5535709028,43.7331624654,0.8204084374,0.3317349773,1.3839992376,mean paired difference across independent clusters,"BCa paired cluster bootstrap, 10000 resamples",19.0,two-sided paired Wilcoxon signed-rank test,0.009185791,0.018371582,0.7498282755,0.7205882353,0.1875,indoor_45_12;indoor_45_13;indoor_45_14;indoor_45_2;indoor_45_4;indoor_45_9;indoor_forward_10;indoor_forward_3;indoor_forward_5;indoor_forward_6;indoor_forward_7;indoor_forward_9;outdoor_45_1;outdoor_forward_1;outdoor_forward_3;outdoor_forward_5,5,True,,,,,,,,
primary_public_replay::0265,primary_public_replay,primary_public_replay::computational_boundary.end_to_end_runtime_ms.uzh_fpv.load_1,computational_boundary.end_to_end_runtime_ms.uzh_fpv.load_1,ca_hmcd_stage5_statistics_20260916\all_cluster_paired_statistics.csv,b47b91f5459632ccb3f7d8e3eba394e6109e41e6803665c7d15b1549d7e8bdd9,public trajectory or preregistered composed workload; 30 stochastic seeds nested within each unit,16,30,CA-HMCD vs Random,end_to_end_runtime_ms,CA-HMCD,Random,1.1284349826,0.6455764297,1.5192792674,0.0010070801,0.0030212402,1.2198406127,0.8676470588,0.0625,True,computational_boundary.end_to_end_runtime_ms.uzh_fpv.load_1,computational boundary,CA-HMCD vs Random,end_to_end_runtime_ms,CA-HMCD,Random,lower,uzh_fpv,1,uzh_fpv.load_1,UZH-FPV single-target replay,public trajectory or preregistered composed workload,16,30,44.5535709028,43.4251359202,1.1284349826,0.6455764297,1.5192792674,mean paired difference across independent clusters,"BCa paired cluster bootstrap, 10000 resamples",9.0,two-sided paired Wilcoxon signed-rank test,0.0010070801,0.0030212402,1.2198406127,0.8676470588,0.0625,indoor_45_12;indoor_45_13;indoor_45_14;indoor_45_2;indoor_45_4;indoor_45_9;indoor_forward_10;indoor_forward_3;indoor_forward_5;indoor_forward_6;indoor_forward_7;indoor_forward_9;outdoor_45_1;outdoor_forward_1;outdoor_forward_3;outdoor_forward_5,5,True,,,,,,,,
primary_public_replay::0266,primary_public_replay,primary_public_replay::computational_boundary.fallback_run_indicator.uzh_fpv.load_1,computational_boundary.fallback_run_indicator.uzh_fpv.load_1,ca_hmcd_stage5_statistics_20260916\all_cluster_paired_statistics.csv,b47b91f5459632ccb3f7d8e3eba394e6109e41e6803665c7d15b1549d7e8bdd9,public trajectory or preregistered composed workload; 30 stochastic seeds nested within each unit,16,30,CA-HMCD vs Greedy,fallback_run_indicator,CA-HMCD,Greedy,0.0,0.0,0.0,1.0,1.0,0.0,0.0,0.5,False,computational_boundary.fallback_run_indicator.uzh_fpv.load_1,computational boundary,CA-HMCD vs Greedy,fallback_run_indicator,CA-HMCD,Greedy,lower,uzh_fpv,1,uzh_fpv.load_1,UZH-FPV single-target replay,public trajectory or preregistered composed workload,16,30,0.0,0.0,0.0,0.0,0.0,mean paired difference across independent clusters,"BCa paired cluster bootstrap, 10000 resamples",0.0,two-sided paired Wilcoxon signed-rank test,1.0,1.0,0.0,0.0,0.5,indoor_45_12;indoor_45_13;indoor_45_14;indoor_45_2;indoor_45_4;indoor_45_9;indoor_forward_10;indoor_forward_3;indoor_forward_5;indoor_forward_6;indoor_forward_7;indoor_forward_9;outdoor_45_1;outdoor_forward_1;outdoor_forward_3;outdoor_forward_5,5,False,,,,,,,,
primary_public_replay::0267,primary_public_replay,primary_public_replay::computational_boundary.fallback_run_indicator.uzh_fpv.load_1,computational_boundary.fallback_run_indicator.uzh_fpv.load_1,ca_hmcd_stage5_statistics_20260916\all_cluster_paired_statistics.csv,b47b91f5459632ccb3f7d8e3eba394e6109e41e6803665c7d15b1549d7e8bdd9,public trajectory or preregistered composed workload; 30 stochastic seeds nested within each unit,16,30,CA-HMCD vs External-Auction,fallback_run_indicator,CA-HMCD,External-Auction,0.0,0.0,0.0,1.0,1.0,0.0,0.0,0.5,False,computational_boundary.fallback_run_indicator.uzh_fpv.load_1,computational boundary,CA-HMCD vs External-Auction,fallback_run_indicator,CA-HMCD,External-Auction,lower,uzh_fpv,1,uzh_fpv.load_1,UZH-FPV single-target replay,public trajectory or preregistered composed workload,16,30,0.0,0.0,0.0,0.0,0.0,mean paired difference across independent clusters,"BCa paired cluster bootstrap, 10000 resamples",0.0,two-sided paired Wilcoxon signed-rank test,1.0,1.0,0.0,0.0,0.5,indoor_45_12;indoor_45_13;indoor_45_14;indoor_45_2;indoor_45_4;indoor_45_9;indoor_forward_10;indoor_forward_3;indoor_forward_5;indoor_forward_6;indoor_forward_7;indoor_forward_9;outdoor_45_1;outdoor_forward_1;outdoor_forward_3;outdoor_forward_5,5,False,,,,,,,,
primary_public_replay::0268,primary_public_replay,primary_public_replay::computational_boundary.fallback_run_indicator.uzh_fpv.load_1,computational_boundary.fallback_run_indicator.uzh_fpv.load_1,ca_hmcd_stage5_statistics_20260916\all_cluster_paired_statistics.csv,b47b91f5459632ccb3f7d8e3eba394e6109e41e6803665c7d15b1549d7e8bdd9,public trajectory or preregistered composed workload; 30 stochastic seeds nested within each unit,16,30,CA-HMCD vs No-Synergy,fallback_run_indicator,CA-HMCD,No-Synergy,0.0,0.0,0.0,1.0,1.0,0.0,0.0,0.5,False,computational_boundary.fallback_run_indicator.uzh_fpv.load_1,computational boundary,CA-HMCD vs No-Synergy,fallback_run_indicator,CA-HMCD,No-Synergy,lower,uzh_fpv,1,uzh_fpv.load_1,UZH-FPV single-target replay,public trajectory or preregistered composed workload,16,30,0.0,0.0,0.0,0.0,0.0,mean paired difference across independent clusters,"BCa paired cluster bootstrap, 10000 resamples",0.0,two-sided paired Wilcoxon signed-rank test,1.0,1.0,0.0,0.0,0.5,indoor_45_12;indoor_45_13;indoor_45_14;indoor_45_2;indoor_45_4;indoor_45_9;indoor_forward_10;indoor_forward_3;indoor_forward_5;indoor_forward_6;indoor_forward_7;indoor_forward_9;outdoor_45_1;outdoor_forward_1;outdoor_forward_3;outdoor_forward_5,5,False,,,,,,,,
primary_public_replay::0269,primary_public_replay,primary_public_replay::computational_boundary.fallback_run_indicator.uzh_fpv.load_1,computational_boundary.fallback_run_indicator.uzh_fpv.load_1,ca_hmcd_stage5_statistics_20260916\all_cluster_paired_statistics.csv,b47b91f5459632ccb3f7d8e3eba394e6109e41e6803665c7d15b1549d7e8bdd9,public trajectory or preregistered composed workload; 30 stochastic seeds nested within each unit,16,30,CA-HMCD vs No-Stability,fallback_run_indicator,CA-HMCD,No-Stability,0.0,0.0,0.0,1.0,1.0,0.0,0.0,0.5,False,computational_boundary.fallback_run_indicator.uzh_fpv.load_1,computational boundary,CA-HMCD vs No-Stability,fallback_run_indicator,CA-HMCD,No-Stability,lower,uzh_fpv,1,uzh_fpv.load_1,UZH-FPV single-target replay,public trajectory or preregistered composed workload,16,30,0.0,0.0,0.0,0.0,0.0,mean paired difference across independent clusters,"BCa paired cluster bootstrap, 10000 resamples",0.0,two-sided paired Wilcoxon signed-rank test,1.0,1.0,0.0,0.0,0.5,indoor_45_12;indoor_45_13;indoor_45_14;indoor_45_2;indoor_45_4;indoor_45_9;indoor_forward_10;indoor_forward_3;indoor_forward_5;indoor_forward_6;indoor_forward_7;indoor_forward_9;outdoor_45_1;outdoor_forward_1;outdoor_forward_3;outdoor_forward_5,5,False,,,,,,,,
primary_public_replay::0270,primary_public_replay,primary_public_replay::computational_boundary.fallback_run_indicator.uzh_fpv.load_1,computational_boundary.fallback_run_indicator.uzh_fpv.load_1,ca_hmcd_stage5_statistics_20260916\all_cluster_paired_statistics.csv,b47b91f5459632ccb3f7d8e3eba394e6109e41e6803665c7d15b1549d7e8bdd9,public trajectory or preregistered composed workload; 30 stochastic seeds nested within each unit,16,30,CA-HMCD vs Random,fallback_run_indicator,CA-HMCD,Random,0.0,0.0,0.0,1.0,1.0,0.0,0.0,0.5,False,computational_boundary.fallback_run_indicator.uzh_fpv.load_1,computational boundary,CA-HMCD vs Random,fallback_run_indicator,CA-HMCD,Random,lower,uzh_fpv,1,uzh_fpv.load_1,UZH-FPV single-target replay,public trajectory or preregistered composed workload,16,30,0.0,0.0,0.0,0.0,0.0,mean paired difference across independent clusters,"BCa paired cluster bootstrap, 10000 resamples",0.0,two-sided paired Wilcoxon signed-rank test,1.0,1.0,0.0,0.0,0.5,indoor_45_12;indoor_45_13;indoor_45_14;indoor_45_2;indoor_45_4;indoor_45_9;indoor_forward_10;indoor_forward_3;indoor_forward_5;indoor_forward_6;indoor_forward_7;indoor_forward_9;outdoor_45_1;outdoor_forward_1;outdoor_forward_3;outdoor_forward_5,5,False,,,,,,,,
primary_public_replay::0271,primary_public_replay,primary_public_replay::computational_boundary.fallback.uzh_fpv.load_1,computational_boundary.fallback.uzh_fpv.load_1,ca_hmcd_stage5_statistics_20260916\all_cluster_paired_statistics.csv,b47b91f5459632ccb3f7d8e3eba394e6109e41e6803665c7d15b1549d7e8bdd9,public trajectory or preregistered composed workload; 30 stochastic seeds nested within each unit,16,30,CA-HMCD vs Greedy,fallback,CA-HMCD,Greedy,0.0,0.0,0.0,1.0,1.0,0.0,0.0,0.5,False,computational_boundary.fallback.uzh_fpv.load_1,computational boundary,CA-HMCD vs Greedy,fallback,CA-HMCD,Greedy,lower,uzh_fpv,1,uzh_fpv.load_1,UZH-FPV single-target replay,public trajectory or preregistered composed workload,16,30,0.0,0.0,0.0,0.0,0.0,mean paired difference across independent clusters,"BCa paired cluster bootstrap, 10000 resamples",0.0,two-sided paired Wilcoxon signed-rank test,1.0,1.0,0.0,0.0,0.5,indoor_45_12;indoor_45_13;indoor_45_14;indoor_45_2;indoor_45_4;indoor_45_9;indoor_forward_10;indoor_forward_3;indoor_forward_5;indoor_forward_6;indoor_forward_7;indoor_forward_9;outdoor_45_1;outdoor_forward_1;outdoor_forward_3;outdoor_forward_5,5,False,,,,,,,,
primary_public_replay::0272,primary_public_replay,primary_public_replay::computational_boundary.fallback.uzh_fpv.load_1,computational_boundary.fallback.uzh_fpv.load_1,ca_hmcd_stage5_statistics_20260916\all_cluster_paired_statistics.csv,b47b91f5459632ccb3f7d8e3eba394e6109e41e6803665c7d15b1549d7e8bdd9,public trajectory or preregistered composed workload; 30 stochastic seeds nested within each unit,16,30,CA-HMCD vs External-Auction,fallback,CA-HMCD,External-Auction,0.0,0.0,0.0,1.0,1.0,0.0,0.0,0.5,False,computational_boundary.fallback.uzh_fpv.load_1,computational boundary,CA-HMCD vs External-Auction,fallback,CA-HMCD,External-Auction,lower,uzh_fpv,1,uzh_fpv.load_1,UZH-FPV single-target replay,public trajectory or preregistered composed workload,16,30,0.0,0.0,0.0,0.0,0.0,mean paired difference across independent clusters,"BCa paired cluster bootstrap, 10000 resamples",0.0,two-sided paired Wilcoxon signed-rank test,1.0,1.0,0.0,0.0,0.5,indoor_45_12;indoor_45_13;indoor_45_14;indoor_45_2;indoor_45_4;indoor_45_9;indoor_forward_10;indoor_forward_3;indoor_forward_5;indoor_forward_6;indoor_forward_7;indoor_forward_9;outdoor_45_1;outdoor_forward_1;outdoor_forward_3;outdoor_forward_5,5,False,,,,,,,,
primary_public_replay::0273,primary_public_replay,primary_public_replay::computational_boundary.fallback.uzh_fpv.load_1,computational_boundary.fallback.uzh_fpv.load_1,ca_hmcd_stage5_statistics_20260916\all_cluster_paired_statistics.csv,b47b91f5459632ccb3f7d8e3eba394e6109e41e6803665c7d15b1549d7e8bdd9,public trajectory or preregistered composed workload; 30 stochastic seeds nested within each unit,16,30,CA-HMCD vs No-Synergy,fallback,CA-HMCD,No-Synergy,0.0,0.0,0.0,1.0,1.0,0.0,0.0,0.5,False,computational_boundary.fallback.uzh_fpv.load_1,computational boundary,CA-HMCD vs No-Synergy,fallback,CA-HMCD,No-Synergy,lower,uzh_fpv,1,uzh_fpv.load_1,UZH-FPV single-target replay,public trajectory or preregistered composed workload,16,30,0.0,0.0,0.0,0.0,0.0,mean paired difference across independent clusters,"BCa paired cluster bootstrap, 10000 resamples",0.0,two-sided paired Wilcoxon signed-rank test,1.0,1.0,0.0,0.0,0.5,indoor_45_12;indoor_45_13;indoor_45_14;indoor_45_2;indoor_45_4;indoor_45_9;indoor_forward_10;indoor_forward_3;indoor_forward_5;indoor_forward_6;indoor_forward_7;indoor_forward_9;outdoor_45_1;outdoor_forward_1;outdoor_forward_3;outdoor_forward_5,5,False,,,,,,,,
primary_public_replay::0274,primary_public_replay,primary_public_replay::computational_boundary.fallback.uzh_fpv.load_1,computational_boundary.fallback.uzh_fpv.load_1,ca_hmcd_stage5_statistics_20260916\all_cluster_paired_statistics.csv,b47b91f5459632ccb3f7d8e3eba394e6109e41e6803665c7d15b1549d7e8bdd9,public trajectory or preregistered composed workload; 30 stochastic seeds nested within each unit,16,30,CA-HMCD vs No-Stability,fallback,CA-HMCD,No-Stability,0.0,0.0,0.0,1.0,1.0,0.0,0.0,0.5,False,computational_boundary.fallback.uzh_fpv.load_1,computational boundary,CA-HMCD vs No-Stability,fallback,CA-HMCD,No-Stability,lower,uzh_fpv,1,uzh_fpv.load_1,UZH-FPV single-target replay,public trajectory or preregistered composed workload,16,30,0.0,0.0,0.0,0.0,0.0,mean paired difference across independent clusters,"BCa paired cluster bootstrap, 10000 resamples",0.0,two-sided paired Wilcoxon signed-rank test,1.0,1.0,0.0,0.0,0.5,indoor_45_12;indoor_45_13;indoor_45_14;indoor_45_2;indoor_45_4;indoor_45_9;indoor_forward_10;indoor_forward_3;indoor_forward_5;indoor_forward_6;indoor_forward_7;indoor_forward_9;outdoor_45_1;outdoor_forward_1;outdoor_forward_3;outdoor_forward_5,5,False,,,,,,,,
primary_public_replay::0275,primary_public_replay,primary_public_replay::computational_boundary.fallback.uzh_fpv.load_1,computational_boundary.fallback.uzh_fpv.load_1,ca_hmcd_stage5_statistics_20260916\all_cluster_paired_statistics.csv,b47b91f5459632ccb3f7d8e3eba394e6109e41e6803665c7d15b1549d7e8bdd9,public trajectory or preregistered composed workload; 30 stochastic seeds nested within each unit,16,30,CA-HMCD vs Random,fallback,CA-HMCD,Random,0.0,0.0,0.0,1.0,1.0,0.0,0.0,0.5,False,computational_boundary.fallback.uzh_fpv.load_1,computational boundary,CA-HMCD vs Random,fallback,CA-HMCD,Random,lower,uzh_fpv,1,uzh_fpv.load_1,UZH-FPV single-target replay,public trajectory or preregistered composed workload,16,30,0.0,0.0,0.0,0.0,0.0,mean paired difference across independent clusters,"BCa paired cluster bootstrap, 10000 resamples",0.0,two-sided paired Wilcoxon signed-rank test,1.0,1.0,0.0,0.0,0.5,indoor_45_12;indoor_45_13;indoor_45_14;indoor_45_2;indoor_45_4;indoor_45_9;indoor_forward_10;indoor_forward_3;indoor_forward_5;indoor_forward_6;indoor_forward_7;indoor_forward_9;outdoor_45_1;outdoor_forward_1;outdoor_forward_3;outdoor_forward_5,5,False,,,,,,,,
primary_public_replay::0276,primary_public_replay,primary_public_replay::common_response_time.anti_uav410.load_2,common_response_time.anti_uav410.load_2,ca_hmcd_stage5_statistics_20260916\all_cluster_paired_statistics.csv,b47b91f5459632ccb3f7d8e3eba394e6109e41e6803665c7d15b1549d7e8bdd9,public trajectory or preregistered composed workload; 30 stochastic seeds nested within each unit,10,30,CA-HMCD vs Greedy,common_task_response_time,CA-HMCD,Greedy,-0.0006632645,-0.0014844856,-0.0002044079,0.078125,0.15625,-0.6456744179,-0.7222222222,0.7,False,common_response_time.anti_uav410.load_2,common-task response time,CA-HMCD vs Greedy,common_task_response_time,CA-HMCD,Greedy,lower,anti_uav410,2,anti_uav410.load_2,Anti-UAV410 load 2,public trajectory or preregistered composed workload,10,30,0.4193185463,0.4199818108,-0.0006632645,-0.0014844856,-0.0002044079,mean paired cluster difference conditional on both methods serving the same task-period,"BCa paired cluster bootstrap, 10000 resamples",5.0,two-sided paired Wilcoxon signed-rank test,0.078125,0.15625,-0.6456744179,-0.7222222222,0.7,AU-L02-W01;AU-L02-W02;AU-L02-W03;AU-L02-W04;AU-L02-W05;AU-L02-W06;AU-L02-W07;AU-L02-W08;AU-L02-W09;AU-L02-W10,5,False,4937,0,,,,,,
primary_public_replay::0277,primary_public_replay,primary_public_replay::common_response_time.anti_uav410.load_2,common_response_time.anti_uav410.load_2,ca_hmcd_stage5_statistics_20260916\all_cluster_paired_statistics.csv,b47b91f5459632ccb3f7d8e3eba394e6109e41e6803665c7d15b1549d7e8bdd9,public trajectory or preregistered composed workload; 30 stochastic seeds nested within each unit,10,30,CA-HMCD vs External-Auction,common_task_response_time,CA-HMCD,External-Auction,-0.0012722032,-0.0022399191,-0.0005461059,0.0078125,0.0234375,-0.8802229234,-0.9555555556,0.85,True,common_response_time.anti_uav410.load_2,common-task response time,CA-HMCD vs External-Auction,common_task_response_time,CA-HMCD,External-Auction,lower,anti_uav410,2,anti_uav410.load_2,Anti-UAV410 load 2,public trajectory or preregistered composed workload,10,30,0.4192706009,0.4205428041,-0.0012722032,-0.0022399191,-0.0005461059,mean paired cluster difference conditional on both methods serving the same task-period,"BCa paired cluster bootstrap, 10000 resamples",1.0,two-sided paired Wilcoxon signed-rank test,0.0078125,0.0234375,-0.8802229234,-0.9555555556,0.85,AU-L02-W01;AU-L02-W02;AU-L02-W03;AU-L02-W04;AU-L02-W05;AU-L02-W06;AU-L02-W07;AU-L02-W08;AU-L02-W09;AU-L02-W10,5,True,4936,0,,,,,,
primary_public_replay::0278,primary_public_replay,primary_public_replay::common_response_time.anti_uav410.load_2,common_response_time.anti_uav410.load_2,ca_hmcd_stage5_statistics_20260916\all_cluster_paired_statistics.csv,b47b91f5459632ccb3f7d8e3eba394e6109e41e6803665c7d15b1549d7e8bdd9,public trajectory or preregistered composed workload; 30 stochastic seeds nested within each unit,10,30,CA-HMCD vs No-Synergy,common_task_response_time,CA-HMCD,No-Synergy,0.0002455085,1.93143e-05,0.000697016,0.125,0.15625,0.5076425284,1.0,0.3,False,common_response_time.anti_uav410.load_2,common-task response time,CA-HMCD vs No-Synergy,common_task_response_time,CA-HMCD,No-Synergy,lower,anti_uav410,2,anti_uav410.load_2,Anti-UAV410 load 2,public trajectory or preregistered composed workload,10,30,0.4193186283,0.4190731198,0.0002455085,1.93143e-05,0.000697016,mean paired cluster difference conditional on both methods serving the same task-period,"BCa paired cluster bootstrap, 10000 resamples",0,two-sided paired Wilcoxon signed-rank test,0.125,0.15625,0.5076425284,1.0,0.3,AU-L02-W01;AU-L02-W02;AU-L02-W03;AU-L02-W04;AU-L02-W05;AU-L02-W06;AU-L02-W07;AU-L02-W08;AU-L02-W09;AU-L02-W10,5,False,4938,0,,,,,,
primary_public_replay::0279,primary_public_replay,primary_public_replay::common_response_time.anti_uav410.load_2,common_response_time.anti_uav410.load_2,ca_hmcd_stage5_statistics_20260916\all_cluster_paired_statistics.csv,b47b91f5459632ccb3f7d8e3eba394e6109e41e6803665c7d15b1549d7e8bdd9,public trajectory or preregistered composed workload; 30 stochastic seeds nested within each unit,10,30,CA-HMCD vs No-Stability,common_task_response_time,CA-HMCD,No-Stability,-0.0238793126,-0.0263046975,-0.0211432924,0.001953125,0.009765625,-5.5044119811,-1.0,1.0,True,common_response_time.anti_uav410.load_2,common-task response time,CA-HMCD vs No-Stability,common_task_response_time,CA-HMCD,No-Stability,lower,anti_uav410,2,anti_uav410.load_2,Anti-UAV410 load 2,public trajectory or preregistered composed workload,10,30,0.4193186283,0.4431979409,-0.0238793126,-0.0263046975,-0.0211432924,mean paired cluster difference conditional on both methods serving the same task-period,"BCa paired cluster bootstrap, 10000 resamples",0,two-sided paired Wilcoxon signed-rank test,0.001953125,0.009765625,-5.5044119811,-1.0,1.0,AU-L02-W01;AU-L02-W02;AU-L02-W03;AU-L02-W04;AU-L02-W05;AU-L02-W06;AU-L02-W07;AU-L02-W08;AU-L02-W09;AU-L02-W10,5,True,4938,0,,,,,,
primary_public_replay::0280,primary_public_replay,primary_public_replay::common_response_time.anti_uav410.load_2,common_response_time.anti_uav410.load_2,ca_hmcd_stage5_statistics_20260916\all_cluster_paired_statistics.csv,b47b91f5459632ccb3f7d8e3eba394e6109e41e6803665c7d15b1549d7e8bdd9,public trajectory or preregistered composed workload; 30 stochastic seeds nested within each unit,10,30,CA-HMCD vs Random,common_task_response_time,CA-HMCD,Random,-0.0206142854,-0.0250494172,-0.0183254505,0.001953125,0.009765625,-3.9713977194,-1.0,1.0,True,common_response_time.anti_uav410.load_2,common-task response time,CA-HMCD vs Random,common_task_response_time,CA-HMCD,Random,lower,anti_uav410,2,anti_uav410.load_2,Anti-UAV410 load 2,public trajectory or preregistered composed workload,10,30,0.418774917,0.4393892024,-0.0206142854,-0.0250494172,-0.0183254505,mean paired cluster difference conditional on both methods serving the same task-period,"BCa paired cluster bootstrap, 10000 resamples",0,two-sided paired Wilcoxon signed-rank test,0.001953125,0.009765625,-3.9713977194,-1.0,1.0,AU-L02-W01;AU-L02-W02;AU-L02-W03;AU-L02-W04;AU-L02-W05;AU-L02-W06;AU-L02-W07;AU-L02-W08;AU-L02-W09;AU-L02-W10,5,True,3727,0,,,,,,
primary_public_replay::0281,primary_public_replay,primary_public_replay::common_response_time.anti_uav410.load_4,common_response_time.anti_uav410.load_4,ca_hmcd_stage5_statistics_20260916\all_cluster_paired_statistics.csv,b47b91f5459632ccb3f7d8e3eba394e6109e41e6803665c7d15b1549d7e8bdd9,public trajectory or preregistered composed workload; 30 stochastic seeds nested within each unit,8,30,CA-HMCD vs Greedy,common_task_response_time,CA-HMCD,Greedy,-0.0039146444,-0.0080877565,-0.0018858719,0.0078125,0.0390625,-0.9035134901,-1.0,1.0,True,common_response_time.anti_uav410.load_4,common-task response time,CA-HMCD vs Greedy,common_task_response_time,CA-HMCD,Greedy,lower,anti_uav410,4,anti_uav410.load_4,Anti-UAV410 load 4,public trajectory or preregistered composed workload,8,30,0.430462023,0.4343766674,-0.0039146444,-0.0080877565,-0.0018858719,mean paired cluster difference conditional on both methods serving the same task-period,"BCa paired cluster bootstrap, 10000 resamples",0,two-sided paired Wilcoxon signed-rank test,0.0078125,0.0390625,-0.9035134901,-1.0,1.0,AU-L04-W01;AU-L04-W02;AU-L04-W03;AU-L04-W04;AU-L04-W05;AU-L04-W06;AU-L04-W07;AU-L04-W08,5,True,7774,0,,,,,,
primary_public_replay::0282,primary_public_replay,primary_public_replay::common_response_time.anti_uav410.load_4,common_response_time.anti_uav410.load_4,ca_hmcd_stage5_statistics_20260916\all_cluster_paired_statistics.csv,b47b91f5459632ccb3f7d8e3eba394e6109e41e6803665c7d15b1549d7e8bdd9,public trajectory or preregistered composed workload; 30 stochastic seeds nested within each unit,8,30,CA-HMCD vs External-Auction,common_task_response_time,CA-HMCD,External-Auction,-0.0051374803,-0.0078344818,-0.003279593,0.0078125,0.0390625,-1.5156016508,-1.0,1.0,True,common_response_time.anti_uav410.load_4,common-task response time,CA-HMCD vs External-Auction,common_task_response_time,CA-HMCD,External-Auction,lower,anti_uav410,4,anti_uav410.load_4,Anti-UAV410 load 4,public trajectory or preregistered composed workload,8,30,0.4296917855,0.4348292658,-0.0051374803,-0.0078344818,-0.003279593,mean paired cluster difference conditional on both methods serving the same task-period,"BCa paired cluster bootstrap, 10000 resamples",0,two-sided paired Wilcoxon signed-rank test,0.0078125,0.0390625,-1.5156016508,-1.0,1.0,AU-L04-W01;AU-L04-W02;AU-L04-W03;AU-L04-W04;AU-L04-W05;AU-L04-W06;AU-L04-W07;AU-L04-W08,5,True,7726,0,,,,,,
primary_public_replay::0283,primary_public_replay,primary_public_replay::common_response_time.anti_uav410.load_4,common_response_time.anti_uav410.load_4,ca_hmcd_stage5_statistics_20260916\all_cluster_paired_statistics.csv,b47b91f5459632ccb3f7d8e3eba394e6109e41e6803665c7d15b1549d7e8bdd9,public trajectory or preregistered composed workload; 30 stochastic seeds nested within each unit,8,30,CA-HMCD vs No-Synergy,common_task_response_time,CA-HMCD,No-Synergy,0.0007428201,0.0002868501,0.0013291088,0.0390625,0.0390625,0.9319911192,0.8333333333,0.125,True,common_response_time.anti_uav410.load_4,common-task response time,CA-HMCD vs No-Synergy,common_task_response_time,CA-HMCD,No-Synergy,lower,anti_uav410,4,anti_uav410.load_4,Anti-UAV410 load 4,public trajectory or preregistered composed workload,8,30,0.4306315353,0.4298887152,0.0007428201,0.0002868501,0.0013291088,mean paired cluster difference conditional on both methods serving the same task-period,"BCa paired cluster bootstrap, 10000 resamples",3.0,two-sided paired Wilcoxon signed-rank test,0.0390625,0.0390625,0.9319911192,0.8333333333,0.125,AU-L04-W01;AU-L04-W02;AU-L04-W03;AU-L04-W04;AU-L04-W05;AU-L04-W06;AU-L04-W07;AU-L04-W08,5,True,7904,0,,,,,,
primary_public_replay::0284,primary_public_replay,primary_public_replay::common_response_time.anti_uav410.load_4,common_response_time.anti_uav410.load_4,ca_hmcd_stage5_statistics_20260916\all_cluster_paired_statistics.csv,b47b91f5459632ccb3f7d8e3eba394e6109e41e6803665c7d15b1549d7e8bdd9,public trajectory or preregistered composed workload; 30 stochastic seeds nested within each unit,8,30,CA-HMCD vs No-Stability,common_task_response_time,CA-HMCD,No-Stability,-0.0222092476,-0.0244995779,-0.0199060468,0.0078125,0.0390625,-6.1772469356,-1.0,1.0,True,common_response_time.anti_uav410.load_4,common-task response time,CA-HMCD vs No-Stability,common_task_response_time,CA-HMCD,No-Stability,lower,anti_uav410,4,anti_uav410.load_4,Anti-UAV410 load 4,public trajectory or preregistered composed workload,8,30,0.4306052276,0.4528144752,-0.0222092476,-0.0244995779,-0.0199060468,mean paired cluster difference conditional on both methods serving the same task-period,"BCa paired cluster bootstrap, 10000 resamples",0,two-sided paired Wilcoxon signed-rank test,0.0078125,0.0390625,-6.1772469356,-1.0,1.0,AU-L04-W01;AU-L04-W02;AU-L04-W03;AU-L04-W04;AU-L04-W05;AU-L04-W06;AU-L04-W07;AU-L04-W08,5,True,7902,0,,,,,,
primary_public_replay::0285,primary_public_replay,primary_public_replay::common_response_time.anti_uav410.load_4,common_response_time.anti_uav410.load_4,ca_hmcd_stage5_statistics_20260916\all_cluster_paired_statistics.csv,b47b91f5459632ccb3f7d8e3eba394e6109e41e6803665c7d15b1549d7e8bdd9,public trajectory or preregistered composed workload; 30 stochastic seeds nested within each unit,8,30,CA-HMCD vs Random,common_task_response_time,CA-HMCD,Random,-0.014790965,-0.0164986945,-0.0131519261,0.0078125,0.0390625,-5.7400987828,-1.0,1.0,True,common_response_time.anti_uav410.load_4,common-task response time,CA-HMCD vs Random,common_task_response_time,CA-HMCD,Random,lower,anti_uav410,4,anti_uav410.load_4,Anti-UAV410 load 4,public trajectory or preregistered composed workload,8,30,0.4292633236,0.4440542885,-0.014790965,-0.0164986945,-0.0131519261,mean paired cluster difference conditional on both methods serving the same task-period,"BCa paired cluster bootstrap, 10000 resamples",0,two-sided paired Wilcoxon signed-rank test,0.0078125,0.0390625,-5.7400987828,-1.0,1.0,AU-L04-W01;AU-L04-W02;AU-L04-W03;AU-L04-W04;AU-L04-W05;AU-L04-W06;AU-L04-W07;AU-L04-W08,5,True,5672,0,,,,,,
primary_public_replay::0286,primary_public_replay,primary_public_replay::common_response_time.anti_uav410.load_6,common_response_time.anti_uav410.load_6,ca_hmcd_stage5_statistics_20260916\all_cluster_paired_statistics.csv,b47b91f5459632ccb3f7d8e3eba394e6109e41e6803665c7d15b1549d7e8bdd9,public trajectory or preregistered composed workload; 30 stochastic seeds nested within each unit,6,30,CA-HMCD vs Greedy,common_task_response_time,CA-HMCD,Greedy,-0.003576538,-0.0054801836,-0.0021119377,0.03125,0.15625,-1.5359976377,-1.0,1.0,False,common_response_time.anti_uav410.load_6,common-task response time,CA-HMCD vs Greedy,common_task_response_time,CA-HMCD,Greedy,lower,anti_uav410,6,anti_uav410.load_6,Anti-UAV410 load 6,public trajectory or preregistered composed workload,6,30,0.4422270031,0.4458035411,-0.003576538,-0.0054801836,-0.0021119377,mean paired cluster difference conditional on both methods serving the same task-period,"BCa paired cluster bootstrap, 10000 resamples",0,two-sided paired Wilcoxon signed-rank test,0.03125,0.15625,-1.5359976377,-1.0,1.0,AU-L06-W01;AU-L06-W02;AU-L06-W03;AU-L06-W04;AU-L06-W05;AU-L06-W06,5,False,7745,0,,,,,,
primary_public_replay::0287,primary_public_replay,primary_public_replay::common_response_time.anti_uav410.load_6,common_response_time.anti_uav410.load_6,ca_hmcd_stage5_statistics_20260916\all_cluster_paired_statistics.csv,b47b91f5459632ccb3f7d8e3eba394e6109e41e6803665c7d15b1549d7e8bdd9,public trajectory or preregistered composed workload; 30 stochastic seeds nested within each unit,6,30,CA-HMCD vs External-Auction,common_task_response_time,CA-HMCD,External-Auction,-0.0058326801,-0.0077060649,-0.003795993,0.03125,0.15625,-2.156091996,-1.0,1.0,False,common_response_time.anti_uav410.load_6,common-task response time,CA-HMCD vs External-Auction,common_task_response_time,CA-HMCD,External-Auction,lower,anti_uav410,6,anti_uav410.load_6,Anti-UAV410 load 6,public trajectory or preregistered composed workload,6,30,0.4418861962,0.4477188763,-0.0058326801,-0.0077060649,-0.003795993,mean paired cluster difference conditional on both methods serving the same task-period,"BCa paired cluster bootstrap, 10000 resamples",0,two-sided paired Wilcoxon signed-rank test,0.03125,0.15625,-2.156091996,-1.0,1.0,AU-L06-W01;AU-L06-W02;AU-L06-W03;AU-L06-W04;AU-L06-W05;AU-L06-W06,5,False,7744,0,,,,,,
primary_public_replay::0288,primary_public_replay,primary_public_replay::common_response_time.anti_uav410.load_6,common_response_time.anti_uav410.load_6,ca_hmcd_stage5_statistics_20260916\all_cluster_paired_statistics.csv,b47b91f5459632ccb3f7d8e3eba394e6109e41e6803665c7d15b1549d7e8bdd9,public trajectory or preregistered composed workload; 30 stochastic seeds nested within each unit,6,30,CA-HMCD vs No-Synergy,common_task_response_time,CA-HMCD,No-Synergy,0.0013090387,0.0008229722,0.0019828935,0.03125,0.15625,1.6773006907,1.0,0.0,False,common_response_time.anti_uav410.load_6,common-task response time,CA-HMCD vs No-Synergy,common_task_response_time,CA-HMCD,No-Synergy,lower,anti_uav410,6,anti_uav410.load_6,Anti-UAV410 load 6,public trajectory or preregistered composed workload,6,30,0.4441270873,0.4428180486,0.0013090387,0.0008229722,0.0019828935,mean paired cluster difference conditional on both methods serving the same task-period,"BCa paired cluster bootstrap, 10000 resamples",0,two-sided paired Wilcoxon signed-rank test,0.03125,0.15625,1.6773006907,1.0,0.0,AU-L06-W01;AU-L06-W02;AU-L06-W03;AU-L06-W04;AU-L06-W05;AU-L06-W06,5,False,8429,0,,,,,,
primary_public_replay::0289,primary_public_replay,primary_public_replay::common_response_time.anti_uav410.load_6,common_response_time.anti_uav410.load_6,ca_hmcd_stage5_statistics_20260916\all_cluster_paired_statistics.csv,b47b91f5459632ccb3f7d8e3eba394e6109e41e6803665c7d15b1549d7e8bdd9,public trajectory or preregistered composed workload; 30 stochastic seeds nested within each unit,6,30,CA-HMCD vs No-Stability,common_task_response_time,CA-HMCD,No-Stability,-0.0105410761,-0.0137229668,-0.0081562001,0.03125,0.15625,-2.7774182839,-1.0,1.0,False,common_response_time.anti_uav410.load_6,common-task response time,CA-HMCD vs No-Stability,common_task_response_time,CA-HMCD,No-Stability,lower,anti_uav410,6,anti_uav410.load_6,Anti-UAV410 load 6,public trajectory or preregistered composed workload,6,30,0.4421219288,0.4526630049,-0.0105410761,-0.0137229668,-0.0081562001,mean paired cluster difference conditional on both methods serving the same task-period,"BCa paired cluster bootstrap, 10000 resamples",0,two-sided paired Wilcoxon signed-rank test,0.03125,0.15625,-2.7774182839,-1.0,1.0,AU-L06-W01;AU-L06-W02;AU-L06-W03;AU-L06-W04;AU-L06-W05;AU-L06-W06,5,False,8165,0,,,,,,
primary_public_replay::0290,primary_public_replay,primary_public_replay::common_response_time.anti_uav410.load_6,common_response_time.anti_uav410.load_6,ca_hmcd_stage5_statistics_20260916\all_cluster_paired_statistics.csv,b47b91f5459632ccb3f7d8e3eba394e6109e41e6803665c7d15b1549d7e8bdd9,public trajectory or preregistered composed workload; 30 stochastic seeds nested within each unit,6,30,CA-HMCD vs Random,common_task_response_time,CA-HMCD,Random,-0.0050266744,-0.0078776253,-0.0026149128,0.03125,0.15625,-1.383917119,-1.0,1.0,False,common_response_time.anti_uav410.load_6,common-task response time,CA-HMCD vs Random,common_task_response_time,CA-HMCD,Random,lower,anti_uav410,6,anti_uav410.load_6,Anti-UAV410 load 6,public trajectory or preregistered composed workload,6,30,0.441009101,0.4460357755,-0.0050266744,-0.0078776253,-0.0026149128,mean paired cluster difference conditional on both methods serving the same task-period,"BCa paired cluster bootstrap, 10000 resamples",0,two-sided paired Wilcoxon signed-rank test,0.03125,0.15625,-1.383917119,-1.0,1.0,AU-L06-W01;AU-L06-W02;AU-L06-W03;AU-L06-W04;AU-L06-W05;AU-L06-W06,5,False,5418,0,,,,,,
primary_public_replay::0291,primary_public_replay,primary_public_replay::common_response_time.anti_uav410.load_8,common_response_time.anti_uav410.load_8,ca_hmcd_stage5_statistics_20260916\all_cluster_paired_statistics.csv,b47b91f5459632ccb3f7d8e3eba394e6109e41e6803665c7d15b1549d7e8bdd9,public trajectory or preregistered composed workload; 30 stochastic seeds nested within each unit,4,30,CA-HMCD vs Greedy,common_task_response_time,CA-HMCD,Greedy,-0.000297502,-0.0017807881,0.0018750107,0.875,1.0,-0.1393491347,-0.2,0.75,False,common_response_time.anti_uav410.load_8,common-task response time,CA-HMCD vs Greedy,common_task_response_time,CA-HMCD,Greedy,lower,anti_uav410,8,anti_uav410.load_8,Anti-UAV410 load 8,public trajectory or preregistered composed workload,4,30,0.4114259984,0.4117235004,-0.000297502,-0.0017807881,0.0018750107,mean paired cluster difference conditional on both methods serving the same task-period,"BCa paired cluster bootstrap, 10000 resamples",4.0,two-sided paired Wilcoxon signed-rank test,0.875,1.0,-0.1393491347,-0.2,0.75,AU-L08-W01;AU-L08-W02;AU-L08-W03;AU-L08-W04,5,False,6150,0,,,,,,
primary_public_replay::0292,primary_public_replay,primary_public_replay::common_response_time.anti_uav410.load_8,common_response_time.anti_uav410.load_8,ca_hmcd_stage5_statistics_20260916\all_cluster_paired_statistics.csv,b47b91f5459632ccb3f7d8e3eba394e6109e41e6803665c7d15b1549d7e8bdd9,public trajectory or preregistered composed workload; 30 stochastic seeds nested within each unit,4,30,CA-HMCD vs External-Auction,common_task_response_time,CA-HMCD,External-Auction,-0.0008595761,-0.0024068192,0.0001372236,0.625,1.0,-0.5511246338,-0.4,0.75,False,common_response_time.anti_uav410.load_8,common-task response time,CA-HMCD vs External-Auction,common_task_response_time,CA-HMCD,External-Auction,lower,anti_uav410,8,anti_uav410.load_8,Anti-UAV410 load 8,public trajectory or preregistered composed workload,4,30,0.4118202477,0.4126798238,-0.0008595761,-0.0024068192,0.0001372236,mean paired cluster difference conditional on both methods serving the same task-period,"BCa paired cluster bootstrap, 10000 resamples",3.0,two-sided paired Wilcoxon signed-rank test,0.625,1.0,-0.5511246338,-0.4,0.75,AU-L08-W01;AU-L08-W02;AU-L08-W03;AU-L08-W04,5,False,6155,0,,,,,,
primary_public_replay::0293,primary_public_replay,primary_public_replay::common_response_time.anti_uav410.load_8,common_response_time.anti_uav410.load_8,ca_hmcd_stage5_statistics_20260916\all_cluster_paired_statistics.csv,b47b91f5459632ccb3f7d8e3eba394e6109e41e6803665c7d15b1549d7e8bdd9,public trajectory or preregistered composed workload; 30 stochastic seeds nested within each unit,4,30,CA-HMCD vs No-Synergy,common_task_response_time,CA-HMCD,No-Synergy,0.0002313712,1.09879e-05,0.0006687657,0.25,0.75,0.5373753485,0.8,0.25,False,common_response_time.anti_uav410.load_8,common-task response time,CA-HMCD vs No-Synergy,common_task_response_time,CA-HMCD,No-Synergy,lower,anti_uav410,8,anti_uav410.load_8,Anti-UAV410 load 8,public trajectory or preregistered composed workload,4,30,0.4117079875,0.4114766163,0.0002313712,1.09879e-05,0.0006687657,mean paired cluster difference conditional on both methods serving the same task-period,"BCa paired cluster bootstrap, 10000 resamples",1.0,two-sided paired Wilcoxon signed-rank test,0.25,0.75,0.5373753485,0.8,0.25,AU-L08-W01;AU-L08-W02;AU-L08-W03;AU-L08-W04,5,False,6978,0,,,,,,
primary_public_replay::0294,primary_public_replay,primary_public_replay::common_response_time.anti_uav410.load_8,common_response_time.anti_uav410.load_8,ca_hmcd_stage5_statistics_20260916\all_cluster_paired_statistics.csv,b47b91f5459632ccb3f7d8e3eba394e6109e41e6803665c7d15b1549d7e8bdd9,public trajectory or preregistered composed workload; 30 stochastic seeds nested within each unit,4,30,CA-HMCD vs No-Stability,common_task_response_time,CA-HMCD,No-Stability,-0.0051594128,-0.0073384868,-0.0038337988,0.125,0.625,-2.4233353522,-1.0,1.0,False,common_response_time.anti_uav410.load_8,common-task response time,CA-HMCD vs No-Stability,common_task_response_time,CA-HMCD,No-Stability,lower,anti_uav410,8,anti_uav410.load_8,Anti-UAV410 load 8,public trajectory or preregistered composed workload,4,30,0.4077339402,0.412893353,-0.0051594128,-0.0073384868,-0.0038337988,mean paired cluster difference conditional on both methods serving the same task-period,"BCa paired cluster bootstrap, 10000 resamples",0,two-sided paired Wilcoxon signed-rank test,0.125,0.625,-2.4233353522,-1.0,1.0,AU-L08-W01;AU-L08-W02;AU-L08-W03;AU-L08-W04,5,False,6351,0,,,,,,
primary_public_replay::0295,primary_public_replay,primary_public_replay::common_response_time.anti_uav410.load_8,common_response_time.anti_uav410.load_8,ca_hmcd_stage5_statistics_20260916\all_cluster_paired_statistics.csv,b47b91f5459632ccb3f7d8e3eba394e6109e41e6803665c7d15b1549d7e8bdd9,public trajectory or preregistered composed workload; 30 stochastic seeds nested within each unit,4,30,CA-HMCD vs Random,common_task_response_time,CA-HMCD,Random,-0.002471362,-0.0037517757,-0.0011909483,0.125,0.625,-1.6668411899,-1.0,1.0,False,common_response_time.anti_uav410.load_8,common-task response time,CA-HMCD vs Random,common_task_response_time,CA-HMCD,Random,lower,anti_uav410,8,anti_uav410.load_8,Anti-UAV410 load 8,public trajectory or preregistered composed workload,4,30,0.4046711135,0.4071424755,-0.002471362,-0.0037517757,-0.0011909483,mean paired cluster difference conditional on both methods serving the same task-period,"BCa paired cluster bootstrap, 10000 resamples",0,two-sided paired Wilcoxon signed-rank test,0.125,0.625,-1.6668411899,-1.0,1.0,AU-L08-W01;AU-L08-W02;AU-L08-W03;AU-L08-W04,5,False,4183,0,,,,,,
primary_public_replay::0296,primary_public_replay,primary_public_replay::common_response_time.uzh_fpv.load_1,common_response_time.uzh_fpv.load_1,ca_hmcd_stage5_statistics_20260916\all_cluster_paired_statistics.csv,b47b91f5459632ccb3f7d8e3eba394e6109e41e6803665c7d15b1549d7e8bdd9,public trajectory or preregistered composed workload; 30 stochastic seeds nested within each unit,16,30,CA-HMCD vs Greedy,common_task_response_time,CA-HMCD,Greedy,0.0,0.0,0.0,1.0,1.0,0.0,0.0,0.5,False,common_response_time.uzh_fpv.load_1,common-task response time,CA-HMCD vs Greedy,common_task_response_time,CA-HMCD,Greedy,lower,uzh_fpv,1,uzh_fpv.load_1,UZH-FPV single-target replay,public trajectory or preregistered composed workload,16,30,0.400359474,0.400359474,0.0,0.0,0.0,mean paired cluster difference conditional on both methods serving the same task-period,"BCa paired cluster bootstrap, 10000 resamples",0.0,two-sided paired Wilcoxon signed-rank test,1.0,1.0,0.0,0.0,0.5,indoor_45_12;indoor_45_13;indoor_45_14;indoor_45_2;indoor_45_4;indoor_45_9;indoor_forward_10;indoor_forward_3;indoor_forward_5;indoor_forward_6;indoor_forward_7;indoor_forward_9;outdoor_45_1;outdoor_forward_1;outdoor_forward_3;outdoor_forward_5,5,False,4776,0,,,,,,
primary_public_replay::0297,primary_public_replay,primary_public_replay::common_response_time.uzh_fpv.load_1,common_response_time.uzh_fpv.load_1,ca_hmcd_stage5_statistics_20260916\all_cluster_paired_statistics.csv,b47b91f5459632ccb3f7d8e3eba394e6109e41e6803665c7d15b1549d7e8bdd9,public trajectory or preregistered composed workload; 30 stochastic seeds nested within each unit,16,30,CA-HMCD vs External-Auction,common_task_response_time,CA-HMCD,External-Auction,-1.90492e-05,-7.02506e-05,2.32768e-05,0.6875,1.0,-0.1911993776,-0.2142857143,0.53125,False,common_response_time.uzh_fpv.load_1,common-task response time,CA-HMCD vs External-Auction,common_task_response_time,CA-HMCD,External-Auction,lower,uzh_fpv,1,uzh_fpv.load_1,UZH-FPV single-target replay,public trajectory or preregistered composed workload,16,30,0.400359474,0.4003785232,-1.90492e-05,-7.02506e-05,2.32768e-05,mean paired cluster difference conditional on both methods serving the same task-period,"BCa paired cluster bootstrap, 10000 resamples",11.0,two-sided paired Wilcoxon signed-rank test,0.6875,1.0,-0.1911993776,-0.2142857143,0.53125,indoor_45_12;indoor_45_13;indoor_45_14;indoor_45_2;indoor_45_4;indoor_45_9;indoor_forward_10;indoor_forward_3;indoor_forward_5;indoor_forward_6;indoor_forward_7;indoor_forward_9;outdoor_45_1;outdoor_forward_1;outdoor_forward_3;outdoor_forward_5,5,False,4776,0,,,,,,
primary_public_replay::0298,primary_public_replay,primary_public_replay::common_response_time.uzh_fpv.load_1,common_response_time.uzh_fpv.load_1,ca_hmcd_stage5_statistics_20260916\all_cluster_paired_statistics.csv,b47b91f5459632ccb3f7d8e3eba394e6109e41e6803665c7d15b1549d7e8bdd9,public trajectory or preregistered composed workload; 30 stochastic seeds nested within each unit,16,30,CA-HMCD vs No-Synergy,common_task_response_time,CA-HMCD,No-Synergy,0.0,0.0,0.0,1.0,1.0,0.0,0.0,0.5,False,common_response_time.uzh_fpv.load_1,common-task response time,CA-HMCD vs No-Synergy,common_task_response_time,CA-HMCD,No-Synergy,lower,uzh_fpv,1,uzh_fpv.load_1,UZH-FPV single-target replay,public trajectory or preregistered composed workload,16,30,0.400359474,0.400359474,0.0,0.0,0.0,mean paired cluster difference conditional on both methods serving the same task-period,"BCa paired cluster bootstrap, 10000 resamples",0.0,two-sided paired Wilcoxon signed-rank test,1.0,1.0,0.0,0.0,0.5,indoor_45_12;indoor_45_13;indoor_45_14;indoor_45_2;indoor_45_4;indoor_45_9;indoor_forward_10;indoor_forward_3;indoor_forward_5;indoor_forward_6;indoor_forward_7;indoor_forward_9;outdoor_45_1;outdoor_forward_1;outdoor_forward_3;outdoor_forward_5,5,False,4776,0,,,,,,
primary_public_replay::0299,primary_public_replay,primary_public_replay::common_response_time.uzh_fpv.load_1,common_response_time.uzh_fpv.load_1,ca_hmcd_stage5_statistics_20260916\all_cluster_paired_statistics.csv,b47b91f5459632ccb3f7d8e3eba394e6109e41e6803665c7d15b1549d7e8bdd9,public trajectory or preregistered composed workload; 30 stochastic seeds nested within each unit,16,30,CA-HMCD vs No-Stability,common_task_response_time,CA-HMCD,No-Stability,-0.0136310587,-0.0158843283,-0.0114304788,3.05176e-05,0.0001525879,-2.8572815493,-1.0,1.0,True,common_response_time.uzh_fpv.load_1,common-task response time,CA-HMCD vs No-Stability,common_task_response_time,CA-HMCD,No-Stability,lower,uzh_fpv,1,uzh_fpv.load_1,UZH-FPV single-target replay,public trajectory or preregistered composed workload,16,30,0.400359474,0.4139905327,-0.0136310587,-0.0158843283,-0.0114304788,mean paired cluster difference conditional on both methods serving the same task-period,"BCa paired cluster bootstrap, 10000 resamples",0,two-sided paired Wilcoxon signed-rank test,3.05176e-05,0.0001525879,-2.8572815493,-1.0,1.0,indoor_45_12;indoor_45_13;indoor_45_14;indoor_45_2;indoor_45_4;indoor_45_9;indoor_forward_10;indoor_forward_3;indoor_forward_5;indoor_forward_6;indoor_forward_7;indoor_forward_9;outdoor_45_1;outdoor_forward_1;outdoor_forward_3;outdoor_forward_5,5,True,4776,0,,,,,,
primary_public_replay::0300,primary_public_replay,primary_public_replay::common_response_time.uzh_fpv.load_1,common_response_time.uzh_fpv.load_1,ca_hmcd_stage5_statistics_20260916\all_cluster_paired_statistics.csv,b47b91f5459632ccb3f7d8e3eba394e6109e41e6803665c7d15b1549d7e8bdd9,public trajectory or preregistered composed workload; 30 stochastic seeds nested within each unit,16,30,CA-HMCD vs Random,common_task_response_time,CA-HMCD,Random,-0.0192169628,-0.0210207018,-0.0175859578,3.05176e-05,0.0001525879,-5.2532580293,-1.0,1.0,True,common_response_time.uzh_fpv.load_1,common-task response time,CA-HMCD vs Random,common_task_response_time,CA-HMCD,Random,lower,uzh_fpv,1,uzh_fpv.load_1,UZH-FPV single-target replay,public trajectory or preregistered composed workload,16,30,0.4000748755,0.4192918383,-0.0192169628,-0.0210207018,-0.0175859578,mean paired cluster difference conditional on both methods serving the same task-period,"BCa paired cluster bootstrap, 10000 resamples",0,two-sided paired Wilcoxon signed-rank test,3.05176e-05,0.0001525879,-5.2532580293,-1.0,1.0,indoor_45_12;indoor_45_13;indoor_45_14;indoor_45_2;indoor_45_4;indoor_45_9;indoor_forward_10;indoor_forward_3;indoor_forward_5;indoor_forward_6;indoor_forward_7;indoor_forward_9;outdoor_45_1;outdoor_forward_1;outdoor_forward_3;outdoor_forward_5,5,True,3578,0,,,,,,
no_pruning_control::0001,no_pruning_control,no_pruning_control::performance.anti_uav410.load_2,performance.anti_uav410.load_2,ca_hmcd_no_pruning_analysis_20260917\paired_statistics.csv,768009eb4e4f4c7e28cee68c5bec130351724f81655bcfbb8d18164720cb1efe,public trajectory or preregistered composed workload; 30 stochastic seeds nested within each unit,10,30,CA-HMCD vs No-Pruning,external_objective,CA-HMCD,No-Pruning,-0.0004475914,-0.0016101537,0.0,0.5,1.0,-0.3944541646,-1.0,0.4,False,performance.anti_uav410.load_2,primary performance,CA-HMCD vs No-Pruning,external_objective,CA-HMCD,No-Pruning,higher,anti_uav410,2,anti_uav410.load_2,Anti-UAV410 load 2,,10,30,0.0528106711,0.0532582625,-0.0004475914,-0.0016101537,0.0,mean paired difference across independent clusters,"BCa paired cluster bootstrap, 10000 resamples",0,two-sided paired Wilcoxon signed-rank test,0.5,1.0,-0.3944541646,-1.0,0.4,AU-L02-W01;AU-L02-W02;AU-L02-W03;AU-L02-W04;AU-L02-W05;AU-L02-W06;AU-L02-W07;AU-L02-W08;AU-L02-W09;AU-L02-W10,4,False,,,,,,,,
no_pruning_control::0002,no_pruning_control,no_pruning_control::performance.anti_uav410.load_2,performance.anti_uav410.load_2,ca_hmcd_no_pruning_analysis_20260917\paired_statistics.csv,768009eb4e4f4c7e28cee68c5bec130351724f81655bcfbb8d18164720cb1efe,public trajectory or preregistered composed workload; 30 stochastic seeds nested within each unit,10,30,CA-HMCD vs No-Pruning,independent_service_score,CA-HMCD,No-Pruning,-0.0003139028,-0.0015086722,0.0001265305,1.0,1.0,-0.2549774291,-0.3333333333,0.5,False,performance.anti_uav410.load_2,primary performance,CA-HMCD vs No-Pruning,independent_service_score,CA-HMCD,No-Pruning,higher,anti_uav410,2,anti_uav410.load_2,Anti-UAV410 load 2,,10,30,0.5519964607,0.5523103635,-0.0003139028,-0.0015086722,0.0001265305,mean paired difference across independent clusters,"BCa paired cluster bootstrap, 10000 resamples",1.0,two-sided paired Wilcoxon signed-rank test,1.0,1.0,-0.2549774291,-0.3333333333,0.5,AU-L02-W01;AU-L02-W02;AU-L02-W03;AU-L02-W04;AU-L02-W05;AU-L02-W06;AU-L02-W07;AU-L02-W08;AU-L02-W09;AU-L02-W10,4,False,,,,,,,,
no_pruning_control::0003,no_pruning_control,no_pruning_control::performance.anti_uav410.load_2,performance.anti_uav410.load_2,ca_hmcd_no_pruning_analysis_20260917\paired_statistics.csv,768009eb4e4f4c7e28cee68c5bec130351724f81655bcfbb8d18164720cb1efe,public trajectory or preregistered composed workload; 30 stochastic seeds nested within each unit,10,30,CA-HMCD vs No-Pruning,independent_coverage,CA-HMCD,No-Pruning,0.0,0.0,0.0,1.0,1.0,0.0,0.0,0.5,False,performance.anti_uav410.load_2,primary performance,CA-HMCD vs No-Pruning,independent_coverage,CA-HMCD,No-Pruning,higher,anti_uav410,2,anti_uav410.load_2,Anti-UAV410 load 2,,10,30,0.8591666667,0.8591666667,0.0,0.0,0.0,mean paired difference across independent clusters,"BCa paired cluster bootstrap, 10000 resamples",0.0,two-sided paired Wilcoxon signed-rank test,1.0,1.0,0.0,0.0,0.5,AU-L02-W01;AU-L02-W02;AU-L02-W03;AU-L02-W04;AU-L02-W05;AU-L02-W06;AU-L02-W07;AU-L02-W08;AU-L02-W09;AU-L02-W10,4,False,,,,,,,,
no_pruning_control::0004,no_pruning_control,no_pruning_control::computational.anti_uav410.load_2,computational.anti_uav410.load_2,ca_hmcd_no_pruning_analysis_20260917\paired_statistics.csv,768009eb4e4f4c7e28cee68c5bec130351724f81655bcfbb8d18164720cb1efe,public trajectory or preregistered composed workload; 30 stochastic seeds nested within each unit,10,30,CA-HMCD vs No-Pruning,end_to_end_runtime_ms,CA-HMCD,No-Pruning,7.2487319167,-2.0267443277,16.3147604296,0.193359375,0.193359375,0.4669058803,0.4909090909,0.4,False,computational.anti_uav410.load_2,computational boundary,CA-HMCD vs No-Pruning,end_to_end_runtime_ms,CA-HMCD,No-Pruning,lower,anti_uav410,2,anti_uav410.load_2,Anti-UAV410 load 2,,10,30,58.8473321111,51.5986001944,7.2487319167,-2.0267443277,16.3147604296,mean paired difference across independent clusters,"BCa paired cluster bootstrap, 10000 resamples",14.0,two-sided paired Wilcoxon signed-rank test,0.193359375,0.193359375,0.4669058803,0.4909090909,0.4,AU-L02-W01;AU-L02-W02;AU-L02-W03;AU-L02-W04;AU-L02-W05;AU-L02-W06;AU-L02-W07;AU-L02-W08;AU-L02-W09;AU-L02-W10,4,False,,,,,,,,
no_pruning_control::0005,no_pruning_control,no_pruning_control::computational.anti_uav410.load_2,computational.anti_uav410.load_2,ca_hmcd_no_pruning_analysis_20260917\paired_statistics.csv,768009eb4e4f4c7e28cee68c5bec130351724f81655bcfbb8d18164720cb1efe,public trajectory or preregistered composed workload; 30 stochastic seeds nested within each unit,10,30,CA-HMCD vs No-Pruning,fallback,CA-HMCD,No-Pruning,-0.2994444444,-0.4145662063,-0.2108333333,0.001953125,0.0078125,-1.764880034,-1.0,1.0,True,computational.anti_uav410.load_2,computational boundary,CA-HMCD vs No-Pruning,fallback,CA-HMCD,No-Pruning,lower,anti_uav410,2,anti_uav410.load_2,Anti-UAV410 load 2,,10,30,0.0,0.2994444444,-0.2994444444,-0.4145662063,-0.2108333333,mean paired difference across independent clusters,"BCa paired cluster bootstrap, 10000 resamples",0,two-sided paired Wilcoxon signed-rank test,0.001953125,0.0078125,-1.764880034,-1.0,1.0,AU-L02-W01;AU-L02-W02;AU-L02-W03;AU-L02-W04;AU-L02-W05;AU-L02-W06;AU-L02-W07;AU-L02-W08;AU-L02-W09;AU-L02-W10,4,True,,,,,,,,
no_pruning_control::0006,no_pruning_control,no_pruning_control::computational.anti_uav410.load_2,computational.anti_uav410.load_2,ca_hmcd_no_pruning_analysis_20260917\paired_statistics.csv,768009eb4e4f4c7e28cee68c5bec130351724f81655bcfbb8d18164720cb1efe,public trajectory or preregistered composed workload; 30 stochastic seeds nested within each unit,10,30,CA-HMCD vs No-Pruning,node_limit_run_indicator,CA-HMCD,No-Pruning,-0.9533333333,-1.0,-0.7666666667,0.001953125,0.0078125,-6.4600815058,-1.0,1.0,True,computational.anti_uav410.load_2,computational boundary,CA-HMCD vs No-Pruning,node_limit_run_indicator,CA-HMCD,No-Pruning,lower,anti_uav410,2,anti_uav410.load_2,Anti-UAV410 load 2,,10,30,0.0,0.9533333333,-0.9533333333,-1.0,-0.7666666667,mean paired difference across independent clusters,"BCa paired cluster bootstrap, 10000 resamples",0,two-sided paired Wilcoxon signed-rank test,0.001953125,0.0078125,-6.4600815058,-1.0,1.0,AU-L02-W01;AU-L02-W02;AU-L02-W03;AU-L02-W04;AU-L02-W05;AU-L02-W06;AU-L02-W07;AU-L02-W08;AU-L02-W09;AU-L02-W10,4,True,,,,,,,,
no_pruning_control::0007,no_pruning_control,no_pruning_control::computational.anti_uav410.load_2,computational.anti_uav410.load_2,ca_hmcd_no_pruning_analysis_20260917\paired_statistics.csv,768009eb4e4f4c7e28cee68c5bec130351724f81655bcfbb8d18164720cb1efe,public trajectory or preregistered composed workload; 30 stochastic seeds nested within each unit,10,30,CA-HMCD vs No-Pruning,fallback_optimality_gap_bound,CA-HMCD,No-Pruning,-0.067660253,-0.0974770744,-0.0475731308,0.001953125,0.0078125,-1.627769319,-1.0,1.0,True,computational.anti_uav410.load_2,computational boundary,CA-HMCD vs No-Pruning,fallback_optimality_gap_bound,CA-HMCD,No-Pruning,lower,anti_uav410,2,anti_uav410.load_2,Anti-UAV410 load 2,,10,30,0.0,0.067660253,-0.067660253,-0.0974770744,-0.0475731308,mean paired difference across independent clusters,"BCa paired cluster bootstrap, 10000 resamples",0,two-sided paired Wilcoxon signed-rank test,0.001953125,0.0078125,-1.627769319,-1.0,1.0,AU-L02-W01;AU-L02-W02;AU-L02-W03;AU-L02-W04;AU-L02-W05;AU-L02-W06;AU-L02-W07;AU-L02-W08;AU-L02-W09;AU-L02-W10,4,True,,,,,,,,
no_pruning_control::0008,no_pruning_control,no_pruning_control::candidate_mechanism.anti_uav410.load_2,candidate_mechanism.anti_uav410.load_2,ca_hmcd_no_pruning_analysis_20260917\paired_statistics.csv,768009eb4e4f4c7e28cee68c5bec130351724f81655bcfbb8d18164720cb1efe,public trajectory or preregistered composed workload; 30 stochastic seeds nested within each unit,10,30,CA-HMCD vs No-Pruning,candidate_feasible_before_dominance,CA-HMCD,No-Pruning,0.0,0.0,0.0,1.0,1.0,0.0,0.0,0.5,False,candidate_mechanism.anti_uav410.load_2,candidate mechanism,CA-HMCD vs No-Pruning,candidate_feasible_before_dominance,CA-HMCD,No-Pruning,descriptive,anti_uav410,2,anti_uav410.load_2,Anti-UAV410 load 2,,10,30,205.0738888889,205.0738888889,0.0,0.0,0.0,mean paired difference across independent clusters,"BCa paired cluster bootstrap, 10000 resamples",0.0,two-sided paired Wilcoxon signed-rank test,1.0,1.0,0.0,0.0,0.5,AU-L02-W01;AU-L02-W02;AU-L02-W03;AU-L02-W04;AU-L02-W05;AU-L02-W06;AU-L02-W07;AU-L02-W08;AU-L02-W09;AU-L02-W10,4,False,,,,,,,,
no_pruning_control::0009,no_pruning_control,no_pruning_control::candidate_mechanism.anti_uav410.load_2,candidate_mechanism.anti_uav410.load_2,ca_hmcd_no_pruning_analysis_20260917\paired_statistics.csv,768009eb4e4f4c7e28cee68c5bec130351724f81655bcfbb8d18164720cb1efe,public trajectory or preregistered composed workload; 30 stochastic seeds nested within each unit,10,30,CA-HMCD vs No-Pruning,candidate_after_dominance,CA-HMCD,No-Pruning,0.0,0.0,0.0,1.0,1.0,0.0,0.0,0.5,False,candidate_mechanism.anti_uav410.load_2,candidate mechanism,CA-HMCD vs No-Pruning,candidate_after_dominance,CA-HMCD,No-Pruning,descriptive,anti_uav410,2,anti_uav410.load_2,Anti-UAV410 load 2,,10,30,205.0738888889,205.0738888889,0.0,0.0,0.0,mean paired difference across independent clusters,"BCa paired cluster bootstrap, 10000 resamples",0.0,two-sided paired Wilcoxon signed-rank test,1.0,1.0,0.0,0.0,0.5,AU-L02-W01;AU-L02-W02;AU-L02-W03;AU-L02-W04;AU-L02-W05;AU-L02-W06;AU-L02-W07;AU-L02-W08;AU-L02-W09;AU-L02-W10,4,False,,,,,,,,
no_pruning_control::0010,no_pruning_control,no_pruning_control::candidate_mechanism.anti_uav410.load_2,candidate_mechanism.anti_uav410.load_2,ca_hmcd_no_pruning_analysis_20260917\paired_statistics.csv,768009eb4e4f4c7e28cee68c5bec130351724f81655bcfbb8d18164720cb1efe,public trajectory or preregistered composed workload; 30 stochastic seeds nested within each unit,10,30,CA-HMCD vs No-Pruning,candidate_after_diversity,CA-HMCD,No-Pruning,-188.6738888889,-211.2132551557,-159.6470466029,0.001953125,0.0078125,-4.4097516286,-1.0,1.0,True,candidate_mechanism.anti_uav410.load_2,candidate mechanism,CA-HMCD vs No-Pruning,candidate_after_diversity,CA-HMCD,No-Pruning,descriptive,anti_uav410,2,anti_uav410.load_2,Anti-UAV410 load 2,,10,30,16.4,205.0738888889,-188.6738888889,-211.2132551557,-159.6470466029,mean paired difference across independent clusters,"BCa paired cluster bootstrap, 10000 resamples",0,two-sided paired Wilcoxon signed-rank test,0.001953125,0.0078125,-4.4097516286,-1.0,1.0,AU-L02-W01;AU-L02-W02;AU-L02-W03;AU-L02-W04;AU-L02-W05;AU-L02-W06;AU-L02-W07;AU-L02-W08;AU-L02-W09;AU-L02-W10,4,True,,,,,,,,
no_pruning_control::0011,no_pruning_control,no_pruning_control::candidate_mechanism.anti_uav410.load_2,candidate_mechanism.anti_uav410.load_2,ca_hmcd_no_pruning_analysis_20260917\paired_statistics.csv,768009eb4e4f4c7e28cee68c5bec130351724f81655bcfbb8d18164720cb1efe,public trajectory or preregistered composed workload; 30 stochastic seeds nested within each unit,10,30,CA-HMCD vs No-Pruning,nodes,CA-HMCD,No-Pruning,-1525.8427777778,-1985.8486709076,-1094.6110397183,0.001953125,0.0078125,-1.9961082987,-1.0,1.0,True,candidate_mechanism.anti_uav410.load_2,candidate mechanism,CA-HMCD vs No-Pruning,nodes,CA-HMCD,No-Pruning,descriptive,anti_uav410,2,anti_uav410.load_2,Anti-UAV410 load 2,,10,30,34.1372222222,1559.98,-1525.8427777778,-1985.8486709076,-1094.6110397183,mean paired difference across independent clusters,"BCa paired cluster bootstrap, 10000 resamples",0,two-sided paired Wilcoxon signed-rank test,0.001953125,0.0078125,-1.9961082987,-1.0,1.0,AU-L02-W01;AU-L02-W02;AU-L02-W03;AU-L02-W04;AU-L02-W05;AU-L02-W06;AU-L02-W07;AU-L02-W08;AU-L02-W09;AU-L02-W10,4,True,,,,,,,,
no_pruning_control::0012,no_pruning_control,no_pruning_control::performance.anti_uav410.load_4,performance.anti_uav410.load_4,ca_hmcd_no_pruning_analysis_20260917\paired_statistics.csv,768009eb4e4f4c7e28cee68c5bec130351724f81655bcfbb8d18164720cb1efe,public trajectory or preregistered composed workload; 30 stochastic seeds nested within each unit,8,30,CA-HMCD vs No-Pruning,external_objective,CA-HMCD,No-Pruning,0.0088347278,0.0040739384,0.0144285641,0.0234375,0.0703125,1.0878277806,0.8888888889,0.875,False,performance.anti_uav410.load_4,primary performance,CA-HMCD vs No-Pruning,external_objective,CA-HMCD,No-Pruning,higher,anti_uav410,4,anti_uav410.load_4,Anti-UAV410 load 4,,8,30,0.1197737464,0.1109390186,0.0088347278,0.0040739384,0.0144285641,mean paired difference across independent clusters,"BCa paired cluster bootstrap, 10000 resamples",2.0,two-sided paired Wilcoxon signed-rank test,0.0234375,0.0703125,1.0878277806,0.8888888889,0.875,AU-L04-W01;AU-L04-W02;AU-L04-W03;AU-L04-W04;AU-L04-W05;AU-L04-W06;AU-L04-W07;AU-L04-W08,4,False,,,,,,,,
no_pruning_control::0013,no_pruning_control,no_pruning_control::performance.anti_uav410.load_4,performance.anti_uav410.load_4,ca_hmcd_no_pruning_analysis_20260917\paired_statistics.csv,768009eb4e4f4c7e28cee68c5bec130351724f81655bcfbb8d18164720cb1efe,public trajectory or preregistered composed workload; 30 stochastic seeds nested within each unit,8,30,CA-HMCD vs No-Pruning,independent_service_score,CA-HMCD,No-Pruning,-0.0026061585,-0.0066550359,-0.0010127097,0.0390625,0.078125,-0.6860272292,-0.8333333333,0.25,False,performance.anti_uav410.load_4,primary performance,CA-HMCD vs No-Pruning,independent_service_score,CA-HMCD,No-Pruning,higher,anti_uav410,4,anti_uav410.load_4,Anti-UAV410 load 4,,8,30,0.5632939358,0.5659000943,-0.0026061585,-0.0066550359,-0.0010127097,mean paired difference across independent clusters,"BCa paired cluster bootstrap, 10000 resamples",3.0,two-sided paired Wilcoxon signed-rank test,0.0390625,0.078125,-0.6860272292,-0.8333333333,0.25,AU-L04-W01;AU-L04-W02;AU-L04-W03;AU-L04-W04;AU-L04-W05;AU-L04-W06;AU-L04-W07;AU-L04-W08,4,False,,,,,,,,
no_pruning_control::0014,no_pruning_control,no_pruning_control::performance.anti_uav410.load_4,performance.anti_uav410.load_4,ca_hmcd_no_pruning_analysis_20260917\paired_statistics.csv,768009eb4e4f4c7e28cee68c5bec130351724f81655bcfbb8d18164720cb1efe,public trajectory or preregistered composed workload; 30 stochastic seeds nested within each unit,8,30,CA-HMCD vs No-Pruning,independent_coverage,CA-HMCD,No-Pruning,0.0008391204,-0.0013599537,0.0048321759,0.84375,0.84375,0.1854061432,0.1111111111,0.625,False,performance.anti_uav410.load_4,primary performance,CA-HMCD vs No-Pruning,independent_coverage,CA-HMCD,No-Pruning,higher,anti_uav410,4,anti_uav410.load_4,Anti-UAV410 load 4,,8,30,0.8961226852,0.8952835648,0.0008391204,-0.0013599537,0.0048321759,mean paired difference across independent clusters,"BCa paired cluster bootstrap, 10000 resamples",16.0,two-sided paired Wilcoxon signed-rank test,0.84375,0.84375,0.1854061432,0.1111111111,0.625,AU-L04-W01;AU-L04-W02;AU-L04-W03;AU-L04-W04;AU-L04-W05;AU-L04-W06;AU-L04-W07;AU-L04-W08,4,False,,,,,,,,
no_pruning_control::0015,no_pruning_control,no_pruning_control::computational.anti_uav410.load_4,computational.anti_uav410.load_4,ca_hmcd_no_pruning_analysis_20260917\paired_statistics.csv,768009eb4e4f4c7e28cee68c5bec130351724f81655bcfbb8d18164720cb1efe,public trajectory or preregistered composed workload; 30 stochastic seeds nested within each unit,8,30,CA-HMCD vs No-Pruning,end_to_end_runtime_ms,CA-HMCD,No-Pruning,17.9780344097,8.6687322916,25.1417942014,0.015625,0.03125,1.4075300509,0.9444444444,0.125,True,computational.anti_uav410.load_4,computational boundary,CA-HMCD vs No-Pruning,end_to_end_runtime_ms,CA-HMCD,No-Pruning,lower,anti_uav410,4,anti_uav410.load_4,Anti-UAV410 load 4,,8,30,136.4452275347,118.467193125,17.9780344097,8.6687322916,25.1417942014,mean paired difference across independent clusters,"BCa paired cluster bootstrap, 10000 resamples",1.0,two-sided paired Wilcoxon signed-rank test,0.015625,0.03125,1.4075300509,0.9444444444,0.125,AU-L04-W01;AU-L04-W02;AU-L04-W03;AU-L04-W04;AU-L04-W05;AU-L04-W06;AU-L04-W07;AU-L04-W08,4,True,,,,,,,,
no_pruning_control::0016,no_pruning_control,no_pruning_control::computational.anti_uav410.load_4,computational.anti_uav410.load_4,ca_hmcd_no_pruning_analysis_20260917\paired_statistics.csv,768009eb4e4f4c7e28cee68c5bec130351724f81655bcfbb8d18164720cb1efe,public trajectory or preregistered composed workload; 30 stochastic seeds nested within each unit,8,30,CA-HMCD vs No-Pruning,fallback,CA-HMCD,No-Pruning,-0.88125,-0.915625,-0.8145833333,0.0078125,0.03125,-13.1254905765,-1.0,1.0,True,computational.anti_uav410.load_4,computational boundary,CA-HMCD vs No-Pruning,fallback,CA-HMCD,No-Pruning,lower,anti_uav410,4,anti_uav410.load_4,Anti-UAV410 load 4,,8,30,0.0,0.88125,-0.88125,-0.915625,-0.8145833333,mean paired difference across independent clusters,"BCa paired cluster bootstrap, 10000 resamples",0,two-sided paired Wilcoxon signed-rank test,0.0078125,0.03125,-13.1254905765,-1.0,1.0,AU-L04-W01;AU-L04-W02;AU-L04-W03;AU-L04-W04;AU-L04-W05;AU-L04-W06;AU-L04-W07;AU-L04-W08,4,True,,,,,,,,
no_pruning_control::0017,no_pruning_control,no_pruning_control::computational.anti_uav410.load_4,computational.anti_uav410.load_4,ca_hmcd_no_pruning_analysis_20260917\paired_statistics.csv,768009eb4e4f4c7e28cee68c5bec130351724f81655bcfbb8d18164720cb1efe,public trajectory or preregistered composed workload; 30 stochastic seeds nested within each unit,8,30,CA-HMCD vs No-Pruning,node_limit_run_indicator,CA-HMCD,No-Pruning,-1.0,-1.0,-1.0,0.0078125,0.03125,0.0,-1.0,1.0,True,computational.anti_uav410.load_4,computational boundary,CA-HMCD vs No-Pruning,node_limit_run_indicator,CA-HMCD,No-Pruning,lower,anti_uav410,4,anti_uav410.load_4,Anti-UAV410 load 4,,8,30,0.0,1.0,-1.0,-1.0,-1.0,mean paired difference across independent clusters,"BCa paired cluster bootstrap, 10000 resamples",0,two-sided paired Wilcoxon signed-rank test,0.0078125,0.03125,0.0,-1.0,1.0,AU-L04-W01;AU-L04-W02;AU-L04-W03;AU-L04-W04;AU-L04-W05;AU-L04-W06;AU-L04-W07;AU-L04-W08,4,True,,,,,,,,
no_pruning_control::0018,no_pruning_control,no_pruning_control::computational.anti_uav410.load_4,computational.anti_uav410.load_4,ca_hmcd_no_pruning_analysis_20260917\paired_statistics.csv,768009eb4e4f4c7e28cee68c5bec130351724f81655bcfbb8d18164720cb1efe,public trajectory or preregistered composed workload; 30 stochastic seeds nested within each unit,8,30,CA-HMCD vs No-Pruning,fallback_optimality_gap_bound,CA-HMCD,No-Pruning,-0.3974834479,-0.4218763922,-0.3773923809,0.0078125,0.03125,-11.6697865707,-1.0,1.0,True,computational.anti_uav410.load_4,computational boundary,CA-HMCD vs No-Pruning,fallback_optimality_gap_bound,CA-HMCD,No-Pruning,lower,anti_uav410,4,anti_uav410.load_4,Anti-UAV410 load 4,,8,30,0.0,0.3974834479,-0.3974834479,-0.4218763922,-0.3773923809,mean paired difference across independent clusters,"BCa paired cluster bootstrap, 10000 resamples",0,two-sided paired Wilcoxon signed-rank test,0.0078125,0.03125,-11.6697865707,-1.0,1.0,AU-L04-W01;AU-L04-W02;AU-L04-W03;AU-L04-W04;AU-L04-W05;AU-L04-W06;AU-L04-W07;AU-L04-W08,4,True,,,,,,,,
no_pruning_control::0019,no_pruning_control,no_pruning_control::candidate_mechanism.anti_uav410.load_4,candidate_mechanism.anti_uav410.load_4,ca_hmcd_no_pruning_analysis_20260917\paired_statistics.csv,768009eb4e4f4c7e28cee68c5bec130351724f81655bcfbb8d18164720cb1efe,public trajectory or preregistered composed workload; 30 stochastic seeds nested within each unit,8,30,CA-HMCD vs No-Pruning,candidate_feasible_before_dominance,CA-HMCD,No-Pruning,0.0,0.0,0.0,1.0,1.0,0.0,0.0,0.5,False,candidate_mechanism.anti_uav410.load_4,candidate mechanism,CA-HMCD vs No-Pruning,candidate_feasible_before_dominance,CA-HMCD,No-Pruning,descriptive,anti_uav410,4,anti_uav410.load_4,Anti-UAV410 load 4,,8,30,412.7430555556,412.7430555556,0.0,0.0,0.0,mean paired difference across independent clusters,"BCa paired cluster bootstrap, 10000 resamples",0.0,two-sided paired Wilcoxon signed-rank test,1.0,1.0,0.0,0.0,0.5,AU-L04-W01;AU-L04-W02;AU-L04-W03;AU-L04-W04;AU-L04-W05;AU-L04-W06;AU-L04-W07;AU-L04-W08,4,False,,,,,,,,
no_pruning_control::0020,no_pruning_control,no_pruning_control::candidate_mechanism.anti_uav410.load_4,candidate_mechanism.anti_uav410.load_4,ca_hmcd_no_pruning_analysis_20260917\paired_statistics.csv,768009eb4e4f4c7e28cee68c5bec130351724f81655bcfbb8d18164720cb1efe,public trajectory or preregistered composed workload; 30 stochastic seeds nested within each unit,8,30,CA-HMCD vs No-Pruning,candidate_after_dominance,CA-HMCD,No-Pruning,0.0,0.0,0.0,1.0,1.0,0.0,0.0,0.5,False,candidate_mechanism.anti_uav410.load_4,candidate mechanism,CA-HMCD vs No-Pruning,candidate_after_dominance,CA-HMCD,No-Pruning,descriptive,anti_uav410,4,anti_uav410.load_4,Anti-UAV410 load 4,,8,30,412.7430555556,412.7430555556,0.0,0.0,0.0,mean paired difference across independent clusters,"BCa paired cluster bootstrap, 10000 resamples",0.0,two-sided paired Wilcoxon signed-rank test,1.0,1.0,0.0,0.0,0.5,AU-L04-W01;AU-L04-W02;AU-L04-W03;AU-L04-W04;AU-L04-W05;AU-L04-W06;AU-L04-W07;AU-L04-W08,4,False,,,,,,,,
no_pruning_control::0021,no_pruning_control,no_pruning_control::candidate_mechanism.anti_uav410.load_4,candidate_mechanism.anti_uav410.load_4,ca_hmcd_no_pruning_analysis_20260917\paired_statistics.csv,768009eb4e4f4c7e28cee68c5bec130351724f81655bcfbb8d18164720cb1efe,public trajectory or preregistered composed workload; 30 stochastic seeds nested within each unit,8,30,CA-HMCD vs No-Pruning,candidate_after_diversity,CA-HMCD,No-Pruning,-379.7802083333,-399.6736111111,-352.9677770089,0.0078125,0.03125,-10.5436805565,-1.0,1.0,True,candidate_mechanism.anti_uav410.load_4,candidate mechanism,CA-HMCD vs No-Pruning,candidate_after_diversity,CA-HMCD,No-Pruning,descriptive,anti_uav410,4,anti_uav410.load_4,Anti-UAV410 load 4,,8,30,32.9628472222,412.7430555556,-379.7802083333,-399.6736111111,-352.9677770089,mean paired difference across independent clusters,"BCa paired cluster bootstrap, 10000 resamples",0,two-sided paired Wilcoxon signed-rank test,0.0078125,0.03125,-10.5436805565,-1.0,1.0,AU-L04-W01;AU-L04-W02;AU-L04-W03;AU-L04-W04;AU-L04-W05;AU-L04-W06;AU-L04-W07;AU-L04-W08,4,True,,,,,,,,
no_pruning_control::0022,no_pruning_control,no_pruning_control::candidate_mechanism.anti_uav410.load_4,candidate_mechanism.anti_uav410.load_4,ca_hmcd_no_pruning_analysis_20260917\paired_statistics.csv,768009eb4e4f4c7e28cee68c5bec130351724f81655bcfbb8d18164720cb1efe,public trajectory or preregistered composed workload; 30 stochastic seeds nested within each unit,8,30,CA-HMCD vs No-Pruning,nodes,CA-HMCD,No-Pruning,-3300.1097222222,-3406.9319444444,-3074.0185125032,0.0078125,0.03125,-14.8215310297,-1.0,1.0,True,candidate_mechanism.anti_uav410.load_4,candidate mechanism,CA-HMCD vs No-Pruning,nodes,CA-HMCD,No-Pruning,descriptive,anti_uav410,4,anti_uav410.load_4,Anti-UAV410 load 4,,8,30,303.0541666667,3603.1638888889,-3300.1097222222,-3406.9319444444,-3074.0185125032,mean paired difference across independent clusters,"BCa paired cluster bootstrap, 10000 resamples",0,two-sided paired Wilcoxon signed-rank test,0.0078125,0.03125,-14.8215310297,-1.0,1.0,AU-L04-W01;AU-L04-W02;AU-L04-W03;AU-L04-W04;AU-L04-W05;AU-L04-W06;AU-L04-W07;AU-L04-W08,4,True,,,,,,,,
no_pruning_control::0023,no_pruning_control,no_pruning_control::performance.anti_uav410.load_6,performance.anti_uav410.load_6,ca_hmcd_no_pruning_analysis_20260917\paired_statistics.csv,768009eb4e4f4c7e28cee68c5bec130351724f81655bcfbb8d18164720cb1efe,public trajectory or preregistered composed workload; 30 stochastic seeds nested within each unit,6,30,CA-HMCD vs No-Pruning,external_objective,CA-HMCD,No-Pruning,-0.0054995355,-0.0156674424,0.0101713517,0.5625,0.5625,-0.3259020166,-0.3333333333,0.3333333333,False,performance.anti_uav410.load_6,primary performance,CA-HMCD vs No-Pruning,external_objective,CA-HMCD,No-Pruning,higher,anti_uav410,6,anti_uav410.load_6,Anti-UAV410 load 6,,6,30,0.1428194884,0.1483190238,-0.0054995355,-0.0156674424,0.0101713517,mean paired difference across independent clusters,"BCa paired cluster bootstrap, 10000 resamples",7.0,two-sided paired Wilcoxon signed-rank test,0.5625,0.5625,-0.3259020166,-0.3333333333,0.3333333333,AU-L06-W01;AU-L06-W02;AU-L06-W03;AU-L06-W04;AU-L06-W05;AU-L06-W06,4,False,,,,,,,,
no_pruning_control::0024,no_pruning_control,no_pruning_control::performance.anti_uav410.load_6,performance.anti_uav410.load_6,ca_hmcd_no_pruning_analysis_20260917\paired_statistics.csv,768009eb4e4f4c7e28cee68c5bec130351724f81655bcfbb8d18164720cb1efe,public trajectory or preregistered composed workload; 30 stochastic seeds nested within each unit,6,30,CA-HMCD vs No-Pruning,independent_service_score,CA-HMCD,No-Pruning,-0.0180659899,-0.0256064813,-0.010324175,0.03125,0.125,-1.7076066016,-1.0,0.0,False,performance.anti_uav410.load_6,primary performance,CA-HMCD vs No-Pruning,independent_service_score,CA-HMCD,No-Pruning,higher,anti_uav410,6,anti_uav410.load_6,Anti-UAV410 load 6,,6,30,0.5286678814,0.5467338713,-0.0180659899,-0.0256064813,-0.010324175,mean paired difference across independent clusters,"BCa paired cluster bootstrap, 10000 resamples",0,two-sided paired Wilcoxon signed-rank test,0.03125,0.125,-1.7076066016,-1.0,0.0,AU-L06-W01;AU-L06-W02;AU-L06-W03;AU-L06-W04;AU-L06-W05;AU-L06-W06,4,False,,,,,,,,
no_pruning_control::0025,no_pruning_control,no_pruning_control::performance.anti_uav410.load_6,performance.anti_uav410.load_6,ca_hmcd_no_pruning_analysis_20260917\paired_statistics.csv,768009eb4e4f4c7e28cee68c5bec130351724f81655bcfbb8d18164720cb1efe,public trajectory or preregistered composed workload; 30 stochastic seeds nested within each unit,6,30,CA-HMCD vs No-Pruning,independent_coverage,CA-HMCD,No-Pruning,-0.0377391975,-0.0550771605,-0.0206558642,0.03125,0.125,-1.5677042538,-1.0,0.0,False,performance.anti_uav410.load_6,primary performance,CA-HMCD vs No-Pruning,independent_coverage,CA-HMCD,No-Pruning,higher,anti_uav410,6,anti_uav410.load_6,Anti-UAV410 load 6,,6,30,0.8483873457,0.8861265432,-0.0377391975,-0.0550771605,-0.0206558642,mean paired difference across independent clusters,"BCa paired cluster bootstrap, 10000 resamples",0,two-sided paired Wilcoxon signed-rank test,0.03125,0.125,-1.5677042538,-1.0,0.0,AU-L06-W01;AU-L06-W02;AU-L06-W03;AU-L06-W04;AU-L06-W05;AU-L06-W06,4,False,,,,,,,,
no_pruning_control::0026,no_pruning_control,no_pruning_control::computational.anti_uav410.load_6,computational.anti_uav410.load_6,ca_hmcd_no_pruning_analysis_20260917\paired_statistics.csv,768009eb4e4f4c7e28cee68c5bec130351724f81655bcfbb8d18164720cb1efe,public trajectory or preregistered composed workload; 30 stochastic seeds nested within each unit,6,30,CA-HMCD vs No-Pruning,end_to_end_runtime_ms,CA-HMCD,No-Pruning,45.4178229167,36.8461572684,56.8207850821,0.03125,0.125,3.3477280434,1.0,0.0,False,computational.anti_uav410.load_6,computational boundary,CA-HMCD vs No-Pruning,end_to_end_runtime_ms,CA-HMCD,No-Pruning,lower,anti_uav410,6,anti_uav410.load_6,Anti-UAV410 load 6,,6,30,194.6008415741,149.1830186574,45.4178229167,36.8461572684,56.8207850821,mean paired difference across independent clusters,"BCa paired cluster bootstrap, 10000 resamples",0,two-sided paired Wilcoxon signed-rank test,0.03125,0.125,3.3477280434,1.0,0.0,AU-L06-W01;AU-L06-W02;AU-L06-W03;AU-L06-W04;AU-L06-W05;AU-L06-W06,4,False,,,,,,,,
no_pruning_control::0027,no_pruning_control,no_pruning_control::computational.anti_uav410.load_6,computational.anti_uav410.load_6,ca_hmcd_no_pruning_analysis_20260917\paired_statistics.csv,768009eb4e4f4c7e28cee68c5bec130351724f81655bcfbb8d18164720cb1efe,public trajectory or preregistered composed workload; 30 stochastic seeds nested within each unit,6,30,CA-HMCD vs No-Pruning,fallback,CA-HMCD,No-Pruning,-0.8513888889,-0.9027777778,-0.7935185185,0.03125,0.125,-11.2923711531,-1.0,1.0,False,computational.anti_uav410.load_6,computational boundary,CA-HMCD vs No-Pruning,fallback,CA-HMCD,No-Pruning,lower,anti_uav410,6,anti_uav410.load_6,Anti-UAV410 load 6,,6,30,0.1486111111,1.0,-0.8513888889,-0.9027777778,-0.7935185185,mean paired difference across independent clusters,"BCa paired cluster bootstrap, 10000 resamples",0,two-sided paired Wilcoxon signed-rank test,0.03125,0.125,-11.2923711531,-1.0,1.0,AU-L06-W01;AU-L06-W02;AU-L06-W03;AU-L06-W04;AU-L06-W05;AU-L06-W06,4,False,,,,,,,,
no_pruning_control::0028,no_pruning_control,no_pruning_control::computational.anti_uav410.load_6,computational.anti_uav410.load_6,ca_hmcd_no_pruning_analysis_20260917\paired_statistics.csv,768009eb4e4f4c7e28cee68c5bec130351724f81655bcfbb8d18164720cb1efe,public trajectory or preregistered composed workload; 30 stochastic seeds nested within each unit,6,30,CA-HMCD vs No-Pruning,node_limit_run_indicator,CA-HMCD,No-Pruning,-0.2333333333,-0.3777777778,-0.1222528337,0.03125,0.125,-1.3521679663,-1.0,1.0,False,computational.anti_uav410.load_6,computational boundary,CA-HMCD vs No-Pruning,node_limit_run_indicator,CA-HMCD,No-Pruning,lower,anti_uav410,6,anti_uav410.load_6,Anti-UAV410 load 6,,6,30,0.7666666667,1.0,-0.2333333333,-0.3777777778,-0.1222528337,mean paired difference across independent clusters,"BCa paired cluster bootstrap, 10000 resamples",0,two-sided paired Wilcoxon signed-rank test,0.03125,0.125,-1.3521679663,-1.0,1.0,AU-L06-W01;AU-L06-W02;AU-L06-W03;AU-L06-W04;AU-L06-W05;AU-L06-W06,4,False,,,,,,,,
no_pruning_control::0029,no_pruning_control,no_pruning_control::computational.anti_uav410.load_6,computational.anti_uav410.load_6,ca_hmcd_no_pruning_analysis_20260917\paired_statistics.csv,768009eb4e4f4c7e28cee68c5bec130351724f81655bcfbb8d18164720cb1efe,public trajectory or preregistered composed workload; 30 stochastic seeds nested within each unit,6,30,CA-HMCD vs No-Pruning,fallback_optimality_gap_bound,CA-HMCD,No-Pruning,-0.5938080127,-0.6485551747,-0.5543523825,0.03125,0.125,-9.3627843756,-1.0,1.0,False,computational.anti_uav410.load_6,computational boundary,CA-HMCD vs No-Pruning,fallback_optimality_gap_bound,CA-HMCD,No-Pruning,lower,anti_uav410,6,anti_uav410.load_6,Anti-UAV410 load 6,,6,30,0.1165027072,0.7103107199,-0.5938080127,-0.6485551747,-0.5543523825,mean paired difference across independent clusters,"BCa paired cluster bootstrap, 10000 resamples",0,two-sided paired Wilcoxon signed-rank test,0.03125,0.125,-9.3627843756,-1.0,1.0,AU-L06-W01;AU-L06-W02;AU-L06-W03;AU-L06-W04;AU-L06-W05;AU-L06-W06,4,False,,,,,,,,
no_pruning_control::0030,no_pruning_control,no_pruning_control::candidate_mechanism.anti_uav410.load_6,candidate_mechanism.anti_uav410.load_6,ca_hmcd_no_pruning_analysis_20260917\paired_statistics.csv,768009eb4e4f4c7e28cee68c5bec130351724f81655bcfbb8d18164720cb1efe,public trajectory or preregistered composed workload; 30 stochastic seeds nested within each unit,6,30,CA-HMCD vs No-Pruning,candidate_feasible_before_dominance,CA-HMCD,No-Pruning,0.0,0.0,0.0,1.0,1.0,0.0,0.0,0.5,False,candidate_mechanism.anti_uav410.load_6,candidate mechanism,CA-HMCD vs No-Pruning,candidate_feasible_before_dominance,CA-HMCD,No-Pruning,descriptive,anti_uav410,6,anti_uav410.load_6,Anti-UAV410 load 6,,6,30,622.9523148148,622.9523148148,0.0,0.0,0.0,mean paired difference across independent clusters,"BCa paired cluster bootstrap, 10000 resamples",0.0,two-sided paired Wilcoxon signed-rank test,1.0,1.0,0.0,0.0,0.5,AU-L06-W01;AU-L06-W02;AU-L06-W03;AU-L06-W04;AU-L06-W05;AU-L06-W06,4,False,,,,,,,,
no_pruning_control::0031,no_pruning_control,no_pruning_control::candidate_mechanism.anti_uav410.load_6,candidate_mechanism.anti_uav410.load_6,ca_hmcd_no_pruning_analysis_20260917\paired_statistics.csv,768009eb4e4f4c7e28cee68c5bec130351724f81655bcfbb8d18164720cb1efe,public trajectory or preregistered composed workload; 30 stochastic seeds nested within each unit,6,30,CA-HMCD vs No-Pruning,candidate_after_dominance,CA-HMCD,No-Pruning,0.0,0.0,0.0,1.0,1.0,0.0,0.0,0.5,False,candidate_mechanism.anti_uav410.load_6,candidate mechanism,CA-HMCD vs No-Pruning,candidate_after_dominance,CA-HMCD,No-Pruning,descriptive,anti_uav410,6,anti_uav410.load_6,Anti-UAV410 load 6,,6,30,622.9523148148,622.9523148148,0.0,0.0,0.0,mean paired difference across independent clusters,"BCa paired cluster bootstrap, 10000 resamples",0.0,two-sided paired Wilcoxon signed-rank test,1.0,1.0,0.0,0.0,0.5,AU-L06-W01;AU-L06-W02;AU-L06-W03;AU-L06-W04;AU-L06-W05;AU-L06-W06,4,False,,,,,,,,
no_pruning_control::0032,no_pruning_control,no_pruning_control::candidate_mechanism.anti_uav410.load_6,candidate_mechanism.anti_uav410.load_6,ca_hmcd_no_pruning_analysis_20260917\paired_statistics.csv,768009eb4e4f4c7e28cee68c5bec130351724f81655bcfbb8d18164720cb1efe,public trajectory or preregistered composed workload; 30 stochastic seeds nested within each unit,6,30,CA-HMCD vs No-Pruning,candidate_after_diversity,CA-HMCD,No-Pruning,-572.2731481481,-612.3148148148,-509.9550925926,0.03125,0.125,-8.462051422,-1.0,1.0,False,candidate_mechanism.anti_uav410.load_6,candidate mechanism,CA-HMCD vs No-Pruning,candidate_after_diversity,CA-HMCD,No-Pruning,descriptive,anti_uav410,6,anti_uav410.load_6,Anti-UAV410 load 6,,6,30,50.6791666667,622.9523148148,-572.2731481481,-612.3148148148,-509.9550925926,mean paired difference across independent clusters,"BCa paired cluster bootstrap, 10000 resamples",0,two-sided paired Wilcoxon signed-rank test,0.03125,0.125,-8.462051422,-1.0,1.0,AU-L06-W01;AU-L06-W02;AU-L06-W03;AU-L06-W04;AU-L06-W05;AU-L06-W06,4,False,,,,,,,,
no_pruning_control::0033,no_pruning_control,no_pruning_control::candidate_mechanism.anti_uav410.load_6,candidate_mechanism.anti_uav410.load_6,ca_hmcd_no_pruning_analysis_20260917\paired_statistics.csv,768009eb4e4f4c7e28cee68c5bec130351724f81655bcfbb8d18164720cb1efe,public trajectory or preregistered composed workload; 30 stochastic seeds nested within each unit,6,30,CA-HMCD vs No-Pruning,nodes,CA-HMCD,No-Pruning,-2247.1337962963,-2601.7046296296,-1913.9041666667,0.03125,0.125,-4.667223383,-1.0,1.0,False,candidate_mechanism.anti_uav410.load_6,candidate mechanism,CA-HMCD vs No-Pruning,nodes,CA-HMCD,No-Pruning,descriptive,anti_uav410,6,anti_uav410.load_6,Anti-UAV410 load 6,,6,30,1752.8662037037,4000.0,-2247.1337962963,-2601.7046296296,-1913.9041666667,mean paired difference across independent clusters,"BCa paired cluster bootstrap, 10000 resamples",0,two-sided paired Wilcoxon signed-rank test,0.03125,0.125,-4.667223383,-1.0,1.0,AU-L06-W01;AU-L06-W02;AU-L06-W03;AU-L06-W04;AU-L06-W05;AU-L06-W06,4,False,,,,,,,,
no_pruning_control::0034,no_pruning_control,no_pruning_control::performance.anti_uav410.load_8,performance.anti_uav410.load_8,ca_hmcd_no_pruning_analysis_20260917\paired_statistics.csv,768009eb4e4f4c7e28cee68c5bec130351724f81655bcfbb8d18164720cb1efe,public trajectory or preregistered composed workload; 30 stochastic seeds nested within each unit,4,30,CA-HMCD vs No-Pruning,external_objective,CA-HMCD,No-Pruning,-0.0241932475,-0.0301057292,-0.0136516167,0.125,0.5,-2.3650206596,-1.0,0.0,False,performance.anti_uav410.load_8,primary performance,CA-HMCD vs No-Pruning,external_objective,CA-HMCD,No-Pruning,higher,anti_uav410,8,anti_uav410.load_8,Anti-UAV410 load 8,,4,30,0.0943728316,0.1185660791,-0.0241932475,-0.0301057292,-0.0136516167,mean paired difference across independent clusters,"BCa paired cluster bootstrap, 10000 resamples",0,two-sided paired Wilcoxon signed-rank test,0.125,0.5,-2.3650206596,-1.0,0.0,AU-L08-W01;AU-L08-W02;AU-L08-W03;AU-L08-W04,4,False,,,,,,,,
no_pruning_control::0035,no_pruning_control,no_pruning_control::performance.anti_uav410.load_8,performance.anti_uav410.load_8,ca_hmcd_no_pruning_analysis_20260917\paired_statistics.csv,768009eb4e4f4c7e28cee68c5bec130351724f81655bcfbb8d18164720cb1efe,public trajectory or preregistered composed workload; 30 stochastic seeds nested within each unit,4,30,CA-HMCD vs No-Pruning,independent_service_score,CA-HMCD,No-Pruning,-0.0255479447,-0.0280507549,-0.0223543178,0.125,0.5,-8.2154525787,-1.0,0.0,False,performance.anti_uav410.load_8,primary performance,CA-HMCD vs No-Pruning,independent_service_score,CA-HMCD,No-Pruning,higher,anti_uav410,8,anti_uav410.load_8,Anti-UAV410 load 8,,4,30,0.5004035771,0.5259515218,-0.0255479447,-0.0280507549,-0.0223543178,mean paired difference across independent clusters,"BCa paired cluster bootstrap, 10000 resamples",0,two-sided paired Wilcoxon signed-rank test,0.125,0.5,-8.2154525787,-1.0,0.0,AU-L08-W01;AU-L08-W02;AU-L08-W03;AU-L08-W04,4,False,,,,,,,,
no_pruning_control::0036,no_pruning_control,no_pruning_control::performance.anti_uav410.load_8,performance.anti_uav410.load_8,ca_hmcd_no_pruning_analysis_20260917\paired_statistics.csv,768009eb4e4f4c7e28cee68c5bec130351724f81655bcfbb8d18164720cb1efe,public trajectory or preregistered composed workload; 30 stochastic seeds nested within each unit,4,30,CA-HMCD vs No-Pruning,independent_coverage,CA-HMCD,No-Pruning,-0.0732068452,-0.0806142526,-0.0682622354,0.125,0.5,-10.3911415901,-1.0,0.0,False,performance.anti_uav410.load_8,primary performance,CA-HMCD vs No-Pruning,independent_coverage,CA-HMCD,No-Pruning,higher,anti_uav410,8,anti_uav410.load_8,Anti-UAV410 load 8,,4,30,0.8039054233,0.8771122685,-0.0732068452,-0.0806142526,-0.0682622354,mean paired difference across independent clusters,"BCa paired cluster bootstrap, 10000 resamples",0,two-sided paired Wilcoxon signed-rank test,0.125,0.5,-10.3911415901,-1.0,0.0,AU-L08-W01;AU-L08-W02;AU-L08-W03;AU-L08-W04,4,False,,,,,,,,
no_pruning_control::0037,no_pruning_control,no_pruning_control::computational.anti_uav410.load_8,computational.anti_uav410.load_8,ca_hmcd_no_pruning_analysis_20260917\paired_statistics.csv,768009eb4e4f4c7e28cee68c5bec130351724f81655bcfbb8d18164720cb1efe,public trajectory or preregistered composed workload; 30 stochastic seeds nested within each unit,4,30,CA-HMCD vs No-Pruning,end_to_end_runtime_ms,CA-HMCD,No-Pruning,145.0943106249,129.6362338193,155.4141949999,0.125,0.5,9.6724372866,1.0,0.0,False,computational.anti_uav410.load_8,computational boundary,CA-HMCD vs No-Pruning,end_to_end_runtime_ms,CA-HMCD,No-Pruning,lower,anti_uav410,8,anti_uav410.load_8,Anti-UAV410 load 8,,4,30,299.7963797221,154.7020690972,145.0943106249,129.6362338193,155.4141949999,mean paired difference across independent clusters,"BCa paired cluster bootstrap, 10000 resamples",0,two-sided paired Wilcoxon signed-rank test,0.125,0.5,9.6724372866,1.0,0.0,AU-L08-W01;AU-L08-W02;AU-L08-W03;AU-L08-W04,4,False,,,,,,,,
no_pruning_control::0038,no_pruning_control,no_pruning_control::computational.anti_uav410.load_8,computational.anti_uav410.load_8,ca_hmcd_no_pruning_analysis_20260917\paired_statistics.csv,768009eb4e4f4c7e28cee68c5bec130351724f81655bcfbb8d18164720cb1efe,public trajectory or preregistered composed workload; 30 stochastic seeds nested within each unit,4,30,CA-HMCD vs No-Pruning,fallback,CA-HMCD,No-Pruning,-0.3416666667,-0.3972222222,-0.3027777778,0.125,0.5,-6.2283471076,-1.0,1.0,False,computational.anti_uav410.load_8,computational boundary,CA-HMCD vs No-Pruning,fallback,CA-HMCD,No-Pruning,lower,anti_uav410,8,anti_uav410.load_8,Anti-UAV410 load 8,,4,30,0.6583333333,1.0,-0.3416666667,-0.3972222222,-0.3027777778,mean paired difference across independent clusters,"BCa paired cluster bootstrap, 10000 resamples",0,two-sided paired Wilcoxon signed-rank test,0.125,0.5,-6.2283471076,-1.0,1.0,AU-L08-W01;AU-L08-W02;AU-L08-W03;AU-L08-W04,4,False,,,,,,,,
no_pruning_control::0039,no_pruning_control,no_pruning_control::computational.anti_uav410.load_8,computational.anti_uav410.load_8,ca_hmcd_no_pruning_analysis_20260917\paired_statistics.csv,768009eb4e4f4c7e28cee68c5bec130351724f81655bcfbb8d18164720cb1efe,public trajectory or preregistered composed workload; 30 stochastic seeds nested within each unit,4,30,CA-HMCD vs No-Pruning,node_limit_run_indicator,CA-HMCD,No-Pruning,0.0,0.0,0.0,1.0,1.0,0.0,0.0,0.5,False,computational.anti_uav410.load_8,computational boundary,CA-HMCD vs No-Pruning,node_limit_run_indicator,CA-HMCD,No-Pruning,lower,anti_uav410,8,anti_uav410.load_8,Anti-UAV410 load 8,,4,30,1.0,1.0,0.0,0.0,0.0,mean paired difference across independent clusters,"BCa paired cluster bootstrap, 10000 resamples",0.0,two-sided paired Wilcoxon signed-rank test,1.0,1.0,0.0,0.0,0.5,AU-L08-W01;AU-L08-W02;AU-L08-W03;AU-L08-W04,4,False,,,,,,,,
no_pruning_control::0040,no_pruning_control,no_pruning_control::computational.anti_uav410.load_8,computational.anti_uav410.load_8,ca_hmcd_no_pruning_analysis_20260917\paired_statistics.csv,768009eb4e4f4c7e28cee68c5bec130351724f81655bcfbb8d18164720cb1efe,public trajectory or preregistered composed workload; 30 stochastic seeds nested within each unit,4,30,CA-HMCD vs No-Pruning,fallback_optimality_gap_bound,CA-HMCD,No-Pruning,-0.2642638899,-0.2854975682,-0.2297588658,0.125,0.5,-7.8786003686,-1.0,1.0,False,computational.anti_uav410.load_8,computational boundary,CA-HMCD vs No-Pruning,fallback_optimality_gap_bound,CA-HMCD,No-Pruning,lower,anti_uav410,8,anti_uav410.load_8,Anti-UAV410 load 8,,4,30,0.6978353676,0.9620992575,-0.2642638899,-0.2854975682,-0.2297588658,mean paired difference across independent clusters,"BCa paired cluster bootstrap, 10000 resamples",0,two-sided paired Wilcoxon signed-rank test,0.125,0.5,-7.8786003686,-1.0,1.0,AU-L08-W01;AU-L08-W02;AU-L08-W03;AU-L08-W04,4,False,,,,,,,,
no_pruning_control::0041,no_pruning_control,no_pruning_control::candidate_mechanism.anti_uav410.load_8,candidate_mechanism.anti_uav410.load_8,ca_hmcd_no_pruning_analysis_20260917\paired_statistics.csv,768009eb4e4f4c7e28cee68c5bec130351724f81655bcfbb8d18164720cb1efe,public trajectory or preregistered composed workload; 30 stochastic seeds nested within each unit,4,30,CA-HMCD vs No-Pruning,candidate_feasible_before_dominance,CA-HMCD,No-Pruning,0.0,0.0,0.0,1.0,1.0,0.0,0.0,0.5,False,candidate_mechanism.anti_uav410.load_8,candidate mechanism,CA-HMCD vs No-Pruning,candidate_feasible_before_dominance,CA-HMCD,No-Pruning,descriptive,anti_uav410,8,anti_uav410.load_8,Anti-UAV410 load 8,,4,30,827.5361111111,827.5361111111,0.0,0.0,0.0,mean paired difference across independent clusters,"BCa paired cluster bootstrap, 10000 resamples",0.0,two-sided paired Wilcoxon signed-rank test,1.0,1.0,0.0,0.0,0.5,AU-L08-W01;AU-L08-W02;AU-L08-W03;AU-L08-W04,4,False,,,,,,,,
no_pruning_control::0042,no_pruning_control,no_pruning_control::candidate_mechanism.anti_uav410.load_8,candidate_mechanism.anti_uav410.load_8,ca_hmcd_no_pruning_analysis_20260917\paired_statistics.csv,768009eb4e4f4c7e28cee68c5bec130351724f81655bcfbb8d18164720cb1efe,public trajectory or preregistered composed workload; 30 stochastic seeds nested within each unit,4,30,CA-HMCD vs No-Pruning,candidate_after_dominance,CA-HMCD,No-Pruning,0.0,0.0,0.0,1.0,1.0,0.0,0.0,0.5,False,candidate_mechanism.anti_uav410.load_8,candidate mechanism,CA-HMCD vs No-Pruning,candidate_after_dominance,CA-HMCD,No-Pruning,descriptive,anti_uav410,8,anti_uav410.load_8,Anti-UAV410 load 8,,4,30,827.5361111111,827.5361111111,0.0,0.0,0.0,mean paired difference across independent clusters,"BCa paired cluster bootstrap, 10000 resamples",0.0,two-sided paired Wilcoxon signed-rank test,1.0,1.0,0.0,0.0,0.5,AU-L08-W01;AU-L08-W02;AU-L08-W03;AU-L08-W04,4,False,,,,,,,,
no_pruning_control::0043,no_pruning_control,no_pruning_control::candidate_mechanism.anti_uav410.load_8,candidate_mechanism.anti_uav410.load_8,ca_hmcd_no_pruning_analysis_20260917\paired_statistics.csv,768009eb4e4f4c7e28cee68c5bec130351724f81655bcfbb8d18164720cb1efe,public trajectory or preregistered composed workload; 30 stochastic seeds nested within each unit,4,30,CA-HMCD vs No-Pruning,candidate_after_diversity,CA-HMCD,No-Pruning,-760.6409722222,-793.4847222222,-716.325,0.125,0.5,-17.4632907335,-1.0,1.0,False,candidate_mechanism.anti_uav410.load_8,candidate mechanism,CA-HMCD vs No-Pruning,candidate_after_diversity,CA-HMCD,No-Pruning,descriptive,anti_uav410,8,anti_uav410.load_8,Anti-UAV410 load 8,,4,30,66.8951388889,827.5361111111,-760.6409722222,-793.4847222222,-716.325,mean paired difference across independent clusters,"BCa paired cluster bootstrap, 10000 resamples",0,two-sided paired Wilcoxon signed-rank test,0.125,0.5,-17.4632907335,-1.0,1.0,AU-L08-W01;AU-L08-W02;AU-L08-W03;AU-L08-W04,4,False,,,,,,,,
no_pruning_control::0044,no_pruning_control,no_pruning_control::candidate_mechanism.anti_uav410.load_8,candidate_mechanism.anti_uav410.load_8,ca_hmcd_no_pruning_analysis_20260917\paired_statistics.csv,768009eb4e4f4c7e28cee68c5bec130351724f81655bcfbb8d18164720cb1efe,public trajectory or preregistered composed workload; 30 stochastic seeds nested within each unit,4,30,CA-HMCD vs No-Pruning,nodes,CA-HMCD,No-Pruning,-711.3027777778,-807.0930555556,-612.4208333333,0.125,0.5,-6.4268556825,-1.0,1.0,False,candidate_mechanism.anti_uav410.load_8,candidate mechanism,CA-HMCD vs No-Pruning,nodes,CA-HMCD,No-Pruning,descriptive,anti_uav410,8,anti_uav410.load_8,Anti-UAV410 load 8,,4,30,3288.6972222222,4000.0,-711.3027777778,-807.0930555556,-612.4208333333,mean paired difference across independent clusters,"BCa paired cluster bootstrap, 10000 resamples",0,two-sided paired Wilcoxon signed-rank test,0.125,0.5,-6.4268556825,-1.0,1.0,AU-L08-W01;AU-L08-W02;AU-L08-W03;AU-L08-W04,4,False,,,,,,,,
no_pruning_control::0045,no_pruning_control,no_pruning_control::performance.uzh_fpv.load_1,performance.uzh_fpv.load_1,ca_hmcd_no_pruning_analysis_20260917\paired_statistics.csv,768009eb4e4f4c7e28cee68c5bec130351724f81655bcfbb8d18164720cb1efe,public trajectory or preregistered composed workload; 30 stochastic seeds nested within each unit,16,30,CA-HMCD vs No-Pruning,external_objective,CA-HMCD,No-Pruning,0.0,0.0,0.0,1.0,1.0,0.0,0.0,0.5,False,performance.uzh_fpv.load_1,primary performance,CA-HMCD vs No-Pruning,external_objective,CA-HMCD,No-Pruning,higher,uzh_fpv,1,uzh_fpv.load_1,UZH-FPV single-target replay,,16,30,-0.0018483716,-0.0018483716,0.0,0.0,0.0,mean paired difference across independent clusters,"BCa paired cluster bootstrap, 10000 resamples",0.0,two-sided paired Wilcoxon signed-rank test,1.0,1.0,0.0,0.0,0.5,indoor_45_12;indoor_45_13;indoor_45_14;indoor_45_2;indoor_45_4;indoor_45_9;indoor_forward_10;indoor_forward_3;indoor_forward_5;indoor_forward_6;indoor_forward_7;indoor_forward_9;outdoor_45_1;outdoor_forward_1;outdoor_forward_3;outdoor_forward_5,4,False,,,,,,,,
no_pruning_control::0046,no_pruning_control,no_pruning_control::performance.uzh_fpv.load_1,performance.uzh_fpv.load_1,ca_hmcd_no_pruning_analysis_20260917\paired_statistics.csv,768009eb4e4f4c7e28cee68c5bec130351724f81655bcfbb8d18164720cb1efe,public trajectory or preregistered composed workload; 30 stochastic seeds nested within each unit,16,30,CA-HMCD vs No-Pruning,independent_service_score,CA-HMCD,No-Pruning,0.0,0.0,0.0,1.0,1.0,0.0,0.0,0.5,False,performance.uzh_fpv.load_1,primary performance,CA-HMCD vs No-Pruning,independent_service_score,CA-HMCD,No-Pruning,higher,uzh_fpv,1,uzh_fpv.load_1,UZH-FPV single-target replay,,16,30,0.5154212582,0.5154212582,0.0,0.0,0.0,mean paired difference across independent clusters,"BCa paired cluster bootstrap, 10000 resamples",0.0,two-sided paired Wilcoxon signed-rank test,1.0,1.0,0.0,0.0,0.5,indoor_45_12;indoor_45_13;indoor_45_14;indoor_45_2;indoor_45_4;indoor_45_9;indoor_forward_10;indoor_forward_3;indoor_forward_5;indoor_forward_6;indoor_forward_7;indoor_forward_9;outdoor_45_1;outdoor_forward_1;outdoor_forward_3;outdoor_forward_5,4,False,,,,,,,,
no_pruning_control::0047,no_pruning_control,no_pruning_control::performance.uzh_fpv.load_1,performance.uzh_fpv.load_1,ca_hmcd_no_pruning_analysis_20260917\paired_statistics.csv,768009eb4e4f4c7e28cee68c5bec130351724f81655bcfbb8d18164720cb1efe,public trajectory or preregistered composed workload; 30 stochastic seeds nested within each unit,16,30,CA-HMCD vs No-Pruning,independent_coverage,CA-HMCD,No-Pruning,0.0,0.0,0.0,1.0,1.0,0.0,0.0,0.5,False,performance.uzh_fpv.load_1,primary performance,CA-HMCD vs No-Pruning,independent_coverage,CA-HMCD,No-Pruning,higher,uzh_fpv,1,uzh_fpv.load_1,UZH-FPV single-target replay,,16,30,0.8291666667,0.8291666667,0.0,0.0,0.0,mean paired difference across independent clusters,"BCa paired cluster bootstrap, 10000 resamples",0.0,two-sided paired Wilcoxon signed-rank test,1.0,1.0,0.0,0.0,0.5,indoor_45_12;indoor_45_13;indoor_45_14;indoor_45_2;indoor_45_4;indoor_45_9;indoor_forward_10;indoor_forward_3;indoor_forward_5;indoor_forward_6;indoor_forward_7;indoor_forward_9;outdoor_45_1;outdoor_forward_1;outdoor_forward_3;outdoor_forward_5,4,False,,,,,,,,
no_pruning_control::0048,no_pruning_control,no_pruning_control::computational.uzh_fpv.load_1,computational.uzh_fpv.load_1,ca_hmcd_no_pruning_analysis_20260917\paired_statistics.csv,768009eb4e4f4c7e28cee68c5bec130351724f81655bcfbb8d18164720cb1efe,public trajectory or preregistered composed workload; 30 stochastic seeds nested within each unit,16,30,CA-HMCD vs No-Pruning,end_to_end_runtime_ms,CA-HMCD,No-Pruning,37.9010996181,35.0736390231,40.5900202944,3.05176e-05,0.0001220703,6.4675976952,1.0,0.0,True,computational.uzh_fpv.load_1,computational boundary,CA-HMCD vs No-Pruning,end_to_end_runtime_ms,CA-HMCD,No-Pruning,lower,uzh_fpv,1,uzh_fpv.load_1,UZH-FPV single-target replay,,16,30,44.5535709028,6.6524712847,37.9010996181,35.0736390231,40.5900202944,mean paired difference across independent clusters,"BCa paired cluster bootstrap, 10000 resamples",0,two-sided paired Wilcoxon signed-rank test,3.05176e-05,0.0001220703,6.4675976952,1.0,0.0,indoor_45_12;indoor_45_13;indoor_45_14;indoor_45_2;indoor_45_4;indoor_45_9;indoor_forward_10;indoor_forward_3;indoor_forward_5;indoor_forward_6;indoor_forward_7;indoor_forward_9;outdoor_45_1;outdoor_forward_1;outdoor_forward_3;outdoor_forward_5,4,True,,,,,,,,
no_pruning_control::0049,no_pruning_control,no_pruning_control::computational.uzh_fpv.load_1,computational.uzh_fpv.load_1,ca_hmcd_no_pruning_analysis_20260917\paired_statistics.csv,768009eb4e4f4c7e28cee68c5bec130351724f81655bcfbb8d18164720cb1efe,public trajectory or preregistered composed workload; 30 stochastic seeds nested within each unit,16,30,CA-HMCD vs No-Pruning,fallback,CA-HMCD,No-Pruning,0.0,0.0,0.0,1.0,1.0,0.0,0.0,0.5,False,computational.uzh_fpv.load_1,computational boundary,CA-HMCD vs No-Pruning,fallback,CA-HMCD,No-Pruning,lower,uzh_fpv,1,uzh_fpv.load_1,UZH-FPV single-target replay,,16,30,0.0,0.0,0.0,0.0,0.0,mean paired difference across independent clusters,"BCa paired cluster bootstrap, 10000 resamples",0.0,two-sided paired Wilcoxon signed-rank test,1.0,1.0,0.0,0.0,0.5,indoor_45_12;indoor_45_13;indoor_45_14;indoor_45_2;indoor_45_4;indoor_45_9;indoor_forward_10;indoor_forward_3;indoor_forward_5;indoor_forward_6;indoor_forward_7;indoor_forward_9;outdoor_45_1;outdoor_forward_1;outdoor_forward_3;outdoor_forward_5,4,False,,,,,,,,
no_pruning_control::0050,no_pruning_control,no_pruning_control::computational.uzh_fpv.load_1,computational.uzh_fpv.load_1,ca_hmcd_no_pruning_analysis_20260917\paired_statistics.csv,768009eb4e4f4c7e28cee68c5bec130351724f81655bcfbb8d18164720cb1efe,public trajectory or preregistered composed workload; 30 stochastic seeds nested within each unit,16,30,CA-HMCD vs No-Pruning,node_limit_run_indicator,CA-HMCD,No-Pruning,0.0,0.0,0.0,1.0,1.0,0.0,0.0,0.5,False,computational.uzh_fpv.load_1,computational boundary,CA-HMCD vs No-Pruning,node_limit_run_indicator,CA-HMCD,No-Pruning,lower,uzh_fpv,1,uzh_fpv.load_1,UZH-FPV single-target replay,,16,30,0.0,0.0,0.0,0.0,0.0,mean paired difference across independent clusters,"BCa paired cluster bootstrap, 10000 resamples",0.0,two-sided paired Wilcoxon signed-rank test,1.0,1.0,0.0,0.0,0.5,indoor_45_12;indoor_45_13;indoor_45_14;indoor_45_2;indoor_45_4;indoor_45_9;indoor_forward_10;indoor_forward_3;indoor_forward_5;indoor_forward_6;indoor_forward_7;indoor_forward_9;outdoor_45_1;outdoor_forward_1;outdoor_forward_3;outdoor_forward_5,4,False,,,,,,,,
no_pruning_control::0051,no_pruning_control,no_pruning_control::computational.uzh_fpv.load_1,computational.uzh_fpv.load_1,ca_hmcd_no_pruning_analysis_20260917\paired_statistics.csv,768009eb4e4f4c7e28cee68c5bec130351724f81655bcfbb8d18164720cb1efe,public trajectory or preregistered composed workload; 30 stochastic seeds nested within each unit,16,30,CA-HMCD vs No-Pruning,fallback_optimality_gap_bound,CA-HMCD,No-Pruning,0.0,0.0,0.0,1.0,1.0,0.0,0.0,0.5,False,computational.uzh_fpv.load_1,computational boundary,CA-HMCD vs No-Pruning,fallback_optimality_gap_bound,CA-HMCD,No-Pruning,lower,uzh_fpv,1,uzh_fpv.load_1,UZH-FPV single-target replay,,16,30,0.0,0.0,0.0,0.0,0.0,mean paired difference across independent clusters,"BCa paired cluster bootstrap, 10000 resamples",0.0,two-sided paired Wilcoxon signed-rank test,1.0,1.0,0.0,0.0,0.5,indoor_45_12;indoor_45_13;indoor_45_14;indoor_45_2;indoor_45_4;indoor_45_9;indoor_forward_10;indoor_forward_3;indoor_forward_5;indoor_forward_6;indoor_forward_7;indoor_forward_9;outdoor_45_1;outdoor_forward_1;outdoor_forward_3;outdoor_forward_5,4,False,,,,,,,,
no_pruning_control::0052,no_pruning_control,no_pruning_control::candidate_mechanism.uzh_fpv.load_1,candidate_mechanism.uzh_fpv.load_1,ca_hmcd_no_pruning_analysis_20260917\paired_statistics.csv,768009eb4e4f4c7e28cee68c5bec130351724f81655bcfbb8d18164720cb1efe,public trajectory or preregistered composed workload; 30 stochastic seeds nested within each unit,16,30,CA-HMCD vs No-Pruning,candidate_feasible_before_dominance,CA-HMCD,No-Pruning,0.0,0.0,0.0,1.0,1.0,0.0,0.0,0.5,False,candidate_mechanism.uzh_fpv.load_1,candidate mechanism,CA-HMCD vs No-Pruning,candidate_feasible_before_dominance,CA-HMCD,No-Pruning,descriptive,uzh_fpv,1,uzh_fpv.load_1,UZH-FPV single-target replay,,16,30,130.7572916667,130.7572916667,0.0,0.0,0.0,mean paired difference across independent clusters,"BCa paired cluster bootstrap, 10000 resamples",0.0,two-sided paired Wilcoxon signed-rank test,1.0,1.0,0.0,0.0,0.5,indoor_45_12;indoor_45_13;indoor_45_14;indoor_45_2;indoor_45_4;indoor_45_9;indoor_forward_10;indoor_forward_3;indoor_forward_5;indoor_forward_6;indoor_forward_7;indoor_forward_9;outdoor_45_1;outdoor_forward_1;outdoor_forward_3;outdoor_forward_5,4,False,,,,,,,,
no_pruning_control::0053,no_pruning_control,no_pruning_control::candidate_mechanism.uzh_fpv.load_1,candidate_mechanism.uzh_fpv.load_1,ca_hmcd_no_pruning_analysis_20260917\paired_statistics.csv,768009eb4e4f4c7e28cee68c5bec130351724f81655bcfbb8d18164720cb1efe,public trajectory or preregistered composed workload; 30 stochastic seeds nested within each unit,16,30,CA-HMCD vs No-Pruning,candidate_after_dominance,CA-HMCD,No-Pruning,0.0,0.0,0.0,1.0,1.0,0.0,0.0,0.5,False,candidate_mechanism.uzh_fpv.load_1,candidate mechanism,CA-HMCD vs No-Pruning,candidate_after_dominance,CA-HMCD,No-Pruning,descriptive,uzh_fpv,1,uzh_fpv.load_1,UZH-FPV single-target replay,,16,30,130.7572916667,130.7572916667,0.0,0.0,0.0,mean paired difference across independent clusters,"BCa paired cluster bootstrap, 10000 resamples",0.0,two-sided paired Wilcoxon signed-rank test,1.0,1.0,0.0,0.0,0.5,indoor_45_12;indoor_45_13;indoor_45_14;indoor_45_2;indoor_45_4;indoor_45_9;indoor_forward_10;indoor_forward_3;indoor_forward_5;indoor_forward_6;indoor_forward_7;indoor_forward_9;outdoor_45_1;outdoor_forward_1;outdoor_forward_3;outdoor_forward_5,4,False,,,,,,,,
no_pruning_control::0054,no_pruning_control,no_pruning_control::candidate_mechanism.uzh_fpv.load_1,candidate_mechanism.uzh_fpv.load_1,ca_hmcd_no_pruning_analysis_20260917\paired_statistics.csv,768009eb4e4f4c7e28cee68c5bec130351724f81655bcfbb8d18164720cb1efe,public trajectory or preregistered composed workload; 30 stochastic seeds nested within each unit,16,30,CA-HMCD vs No-Pruning,candidate_after_diversity,CA-HMCD,No-Pruning,-120.4017361111,-126.2264055346,-112.7500326862,3.05176e-05,0.0001220703,-8.547725494,-1.0,1.0,True,candidate_mechanism.uzh_fpv.load_1,candidate mechanism,CA-HMCD vs No-Pruning,candidate_after_diversity,CA-HMCD,No-Pruning,descriptive,uzh_fpv,1,uzh_fpv.load_1,UZH-FPV single-target replay,,16,30,10.3555555556,130.7572916667,-120.4017361111,-126.2264055346,-112.7500326862,mean paired difference across independent clusters,"BCa paired cluster bootstrap, 10000 resamples",0,two-sided paired Wilcoxon signed-rank test,3.05176e-05,0.0001220703,-8.547725494,-1.0,1.0,indoor_45_12;indoor_45_13;indoor_45_14;indoor_45_2;indoor_45_4;indoor_45_9;indoor_forward_10;indoor_forward_3;indoor_forward_5;indoor_forward_6;indoor_forward_7;indoor_forward_9;outdoor_45_1;outdoor_forward_1;outdoor_forward_3;outdoor_forward_5,4,True,,,,,,,,
no_pruning_control::0055,no_pruning_control,no_pruning_control::candidate_mechanism.uzh_fpv.load_1,candidate_mechanism.uzh_fpv.load_1,ca_hmcd_no_pruning_analysis_20260917\paired_statistics.csv,768009eb4e4f4c7e28cee68c5bec130351724f81655bcfbb8d18164720cb1efe,public trajectory or preregistered composed workload; 30 stochastic seeds nested within each unit,16,30,CA-HMCD vs No-Pruning,nodes,CA-HMCD,No-Pruning,-35.7364583333,-42.2275465118,-29.576406111,3.05176e-05,0.0001220703,-2.6681156794,-1.0,1.0,True,candidate_mechanism.uzh_fpv.load_1,candidate mechanism,CA-HMCD vs No-Pruning,nodes,CA-HMCD,No-Pruning,descriptive,uzh_fpv,1,uzh_fpv.load_1,UZH-FPV single-target replay,,16,30,7.3614583333,43.0979166667,-35.7364583333,-42.2275465118,-29.576406111,mean paired difference across independent clusters,"BCa paired cluster bootstrap, 10000 resamples",0,two-sided paired Wilcoxon signed-rank test,3.05176e-05,0.0001220703,-2.6681156794,-1.0,1.0,indoor_45_12;indoor_45_13;indoor_45_14;indoor_45_2;indoor_45_4;indoor_45_9;indoor_forward_10;indoor_forward_3;indoor_forward_5;indoor_forward_6;indoor_forward_7;indoor_forward_9;outdoor_45_1;outdoor_forward_1;outdoor_forward_3;outdoor_forward_5,4,True,,,,,,,,
no_pruning_control::0056,no_pruning_control,no_pruning_control::performance.anti_uav410.load_2,performance.anti_uav410.load_2,ca_hmcd_no_pruning_analysis_20260917\paired_statistics.csv,768009eb4e4f4c7e28cee68c5bec130351724f81655bcfbb8d18164720cb1efe,public trajectory or preregistered composed workload; 30 stochastic seeds nested within each unit,10,30,CA-HMCD vs No-Pruning,common_task_response_time,CA-HMCD,No-Pruning,-0.0003290633,-0.000906642,0.0,0.5,1.0,-0.4712817648,-1.0,0.6,False,performance.anti_uav410.load_2,primary performance,CA-HMCD vs No-Pruning,common_task_response_time,CA-HMCD,No-Pruning,lower,anti_uav410,2,anti_uav410.load_2,Anti-UAV410 load 2,,10,30,0.4193186283,0.4196476915,-0.0003290633,-0.000906642,0.0,mean paired difference across independent clusters,"BCa paired cluster bootstrap, 10000 resamples",0,two-sided paired Wilcoxon signed-rank test,0.5,1.0,-0.4712817648,-1.0,0.6,AU-L02-W01;AU-L02-W02;AU-L02-W03;AU-L02-W04;AU-L02-W05;AU-L02-W06;AU-L02-W07;AU-L02-W08;AU-L02-W09;AU-L02-W10,4,False,,,,,,,,
no_pruning_control::0057,no_pruning_control,no_pruning_control::performance.anti_uav410.load_4,performance.anti_uav410.load_4,ca_hmcd_no_pruning_analysis_20260917\paired_statistics.csv,768009eb4e4f4c7e28cee68c5bec130351724f81655bcfbb8d18164720cb1efe,public trajectory or preregistered composed workload; 30 stochastic seeds nested within each unit,8,30,CA-HMCD vs No-Pruning,common_task_response_time,CA-HMCD,No-Pruning,-0.0031561369,-0.0082002728,-0.0012257923,0.015625,0.0625,-0.682478432,-0.9444444444,0.875,False,performance.anti_uav410.load_4,primary performance,CA-HMCD vs No-Pruning,common_task_response_time,CA-HMCD,No-Pruning,lower,anti_uav410,4,anti_uav410.load_4,Anti-UAV410 load 4,,8,30,0.4305744954,0.4337306324,-0.0031561369,-0.0082002728,-0.0012257923,mean paired difference across independent clusters,"BCa paired cluster bootstrap, 10000 resamples",1.0,two-sided paired Wilcoxon signed-rank test,0.015625,0.0625,-0.682478432,-0.9444444444,0.875,AU-L04-W01;AU-L04-W02;AU-L04-W03;AU-L04-W04;AU-L04-W05;AU-L04-W06;AU-L04-W07;AU-L04-W08,4,False,,,,,,,,
no_pruning_control::0058,no_pruning_control,no_pruning_control::performance.anti_uav410.load_6,performance.anti_uav410.load_6,ca_hmcd_no_pruning_analysis_20260917\paired_statistics.csv,768009eb4e4f4c7e28cee68c5bec130351724f81655bcfbb8d18164720cb1efe,public trajectory or preregistered composed workload; 30 stochastic seeds nested within each unit,6,30,CA-HMCD vs No-Pruning,common_task_response_time,CA-HMCD,No-Pruning,-0.0121843802,-0.0175786934,-0.0073743362,0.03125,0.125,-1.6942287489,-1.0,1.0,False,performance.anti_uav410.load_6,primary performance,CA-HMCD vs No-Pruning,common_task_response_time,CA-HMCD,No-Pruning,lower,anti_uav410,6,anti_uav410.load_6,Anti-UAV410 load 6,,6,30,0.4445580312,0.4567424114,-0.0121843802,-0.0175786934,-0.0073743362,mean paired difference across independent clusters,"BCa paired cluster bootstrap, 10000 resamples",0,two-sided paired Wilcoxon signed-rank test,0.03125,0.125,-1.6942287489,-1.0,1.0,AU-L06-W01;AU-L06-W02;AU-L06-W03;AU-L06-W04;AU-L06-W05;AU-L06-W06,4,False,,,,,,,,
no_pruning_control::0059,no_pruning_control,no_pruning_control::performance.anti_uav410.load_8,performance.anti_uav410.load_8,ca_hmcd_no_pruning_analysis_20260917\paired_statistics.csv,768009eb4e4f4c7e28cee68c5bec130351724f81655bcfbb8d18164720cb1efe,public trajectory or preregistered composed workload; 30 stochastic seeds nested within each unit,4,30,CA-HMCD vs No-Pruning,common_task_response_time,CA-HMCD,No-Pruning,-0.0128419731,-0.0167663221,-0.0089176241,0.125,0.5,-2.764846439,-1.0,1.0,False,performance.anti_uav410.load_8,primary performance,CA-HMCD vs No-Pruning,common_task_response_time,CA-HMCD,No-Pruning,lower,anti_uav410,8,anti_uav410.load_8,Anti-UAV410 load 8,,4,30,0.4115403205,0.4243822936,-0.0128419731,-0.0167663221,-0.0089176241,mean paired difference across independent clusters,"BCa paired cluster bootstrap, 10000 resamples",0,two-sided paired Wilcoxon signed-rank test,0.125,0.5,-2.764846439,-1.0,1.0,AU-L08-W01;AU-L08-W02;AU-L08-W03;AU-L08-W04,4,False,,,,,,,,
no_pruning_control::0060,no_pruning_control,no_pruning_control::performance.uzh_fpv.load_1,performance.uzh_fpv.load_1,ca_hmcd_no_pruning_analysis_20260917\paired_statistics.csv,768009eb4e4f4c7e28cee68c5bec130351724f81655bcfbb8d18164720cb1efe,public trajectory or preregistered composed workload; 30 stochastic seeds nested within each unit,16,30,CA-HMCD vs No-Pruning,common_task_response_time,CA-HMCD,No-Pruning,0.0,0.0,0.0,1.0,1.0,0.0,0.0,0.5,False,performance.uzh_fpv.load_1,primary performance,CA-HMCD vs No-Pruning,common_task_response_time,CA-HMCD,No-Pruning,lower,uzh_fpv,1,uzh_fpv.load_1,UZH-FPV single-target replay,,16,30,0.400359474,0.400359474,0.0,0.0,0.0,mean paired difference across independent clusters,"BCa paired cluster bootstrap, 10000 resamples",0.0,two-sided paired Wilcoxon signed-rank test,1.0,1.0,0.0,0.0,0.5,indoor_45_12;indoor_45_13;indoor_45_14;indoor_45_2;indoor_45_4;indoor_45_9;indoor_forward_10;indoor_forward_3;indoor_forward_5;indoor_forward_6;indoor_forward_7;indoor_forward_9;outdoor_45_1;outdoor_forward_1;outdoor_forward_3;outdoor_forward_5,4,False,,,,,,,,
external_full_candidate_baselines::0001,external_full_candidate_baselines,external_full_candidate_baselines::performance.anti_uav410.load_2.external_objective,performance.anti_uav410.load_2.external_objective,ca_hmcd_external_baselines_analysis_20260917\paired_statistics.csv,d616ed7a480f179e8d7072b70c73324157b5c7b9b3cef5b7859d773e6d74802b,public trajectory or preregistered composed workload; 30 stochastic seeds nested within each unit,10,30,CA-HMCD vs HiGHS-MILP,external_objective,CA-HMCD,HiGHS-MILP,0.0,0.0,0.0,1.0,1.0,0.0,0.0,0.5,False,performance.anti_uav410.load_2.external_objective,primary performance,CA-HMCD vs HiGHS-MILP,external_objective,CA-HMCD,HiGHS-MILP,higher,anti_uav410,2,anti_uav410.load_2,Anti-UAV410 load 2,,10,30,0.0528106711,0.0528106711,0.0,0.0,0.0,,"BCa paired cluster bootstrap, 10000 resamples",0.0,two-sided paired Wilcoxon signed-rank test,1.0,1.0,0.0,0.0,0.5,AU-L02-W01;AU-L02-W02;AU-L02-W03;AU-L02-W04;AU-L02-W05;AU-L02-W06;AU-L02-W07;AU-L02-W08;AU-L02-W09;AU-L02-W10,2,False,,,,,,,,
external_full_candidate_baselines::0002,external_full_candidate_baselines,external_full_candidate_baselines::performance.anti_uav410.load_2.external_objective,performance.anti_uav410.load_2.external_objective,ca_hmcd_external_baselines_analysis_20260917\paired_statistics.csv,d616ed7a480f179e8d7072b70c73324157b5c7b9b3cef5b7859d773e6d74802b,public trajectory or preregistered composed workload; 30 stochastic seeds nested within each unit,10,30,CA-HMCD vs Genetic-Algorithm,external_objective,CA-HMCD,Genetic-Algorithm,-0.0002780524,-0.0010036317,0.0001298835,0.5625,1.0,-0.3067666723,-0.3333333333,0.5,False,performance.anti_uav410.load_2.external_objective,primary performance,CA-HMCD vs Genetic-Algorithm,external_objective,CA-HMCD,Genetic-Algorithm,higher,anti_uav410,2,anti_uav410.load_2,Anti-UAV410 load 2,,10,30,0.0528106711,0.0530887235,-0.0002780524,-0.0010036317,0.0001298835,,"BCa paired cluster bootstrap, 10000 resamples",7.0,two-sided paired Wilcoxon signed-rank test,0.5625,1.0,-0.3067666723,-0.3333333333,0.5,AU-L02-W01;AU-L02-W02;AU-L02-W03;AU-L02-W04;AU-L02-W05;AU-L02-W06;AU-L02-W07;AU-L02-W08;AU-L02-W09;AU-L02-W10,2,False,,,,,,,,
external_full_candidate_baselines::0003,external_full_candidate_baselines,external_full_candidate_baselines::performance.anti_uav410.load_2.independent_service_score,performance.anti_uav410.load_2.independent_service_score,ca_hmcd_external_baselines_analysis_20260917\paired_statistics.csv,d616ed7a480f179e8d7072b70c73324157b5c7b9b3cef5b7859d773e6d74802b,public trajectory or preregistered composed workload; 30 stochastic seeds nested within each unit,10,30,CA-HMCD vs HiGHS-MILP,independent_service_score,CA-HMCD,HiGHS-MILP,0.0,0.0,0.0,1.0,1.0,0.0,0.0,0.5,False,performance.anti_uav410.load_2.independent_service_score,primary performance,CA-HMCD vs HiGHS-MILP,independent_service_score,CA-HMCD,HiGHS-MILP,higher,anti_uav410,2,anti_uav410.load_2,Anti-UAV410 load 2,,10,30,0.5519964607,0.5519964607,0.0,0.0,0.0,,"BCa paired cluster bootstrap, 10000 resamples",0.0,two-sided paired Wilcoxon signed-rank test,1.0,1.0,0.0,0.0,0.5,AU-L02-W01;AU-L02-W02;AU-L02-W03;AU-L02-W04;AU-L02-W05;AU-L02-W06;AU-L02-W07;AU-L02-W08;AU-L02-W09;AU-L02-W10,2,False,,,,,,,,
external_full_candidate_baselines::0004,external_full_candidate_baselines,external_full_candidate_baselines::performance.anti_uav410.load_2.independent_service_score,performance.anti_uav410.load_2.independent_service_score,ca_hmcd_external_baselines_analysis_20260917\paired_statistics.csv,d616ed7a480f179e8d7072b70c73324157b5c7b9b3cef5b7859d773e6d74802b,public trajectory or preregistered composed workload; 30 stochastic seeds nested within each unit,10,30,CA-HMCD vs Genetic-Algorithm,independent_service_score,CA-HMCD,Genetic-Algorithm,-0.0001343893,-0.0007872949,0.0002585427,1.0,1.0,-0.1594407365,-0.0476190476,0.6,False,performance.anti_uav410.load_2.independent_service_score,primary performance,CA-HMCD vs Genetic-Algorithm,independent_service_score,CA-HMCD,Genetic-Algorithm,higher,anti_uav410,2,anti_uav410.load_2,Anti-UAV410 load 2,,10,30,0.5519964607,0.55213085,-0.0001343893,-0.0007872949,0.0002585427,,"BCa paired cluster bootstrap, 10000 resamples",10.0,two-sided paired Wilcoxon signed-rank test,1.0,1.0,-0.1594407365,-0.0476190476,0.6,AU-L02-W01;AU-L02-W02;AU-L02-W03;AU-L02-W04;AU-L02-W05;AU-L02-W06;AU-L02-W07;AU-L02-W08;AU-L02-W09;AU-L02-W10,2,False,,,,,,,,
external_full_candidate_baselines::0005,external_full_candidate_baselines,external_full_candidate_baselines::performance.anti_uav410.load_2.independent_coverage,performance.anti_uav410.load_2.independent_coverage,ca_hmcd_external_baselines_analysis_20260917\paired_statistics.csv,d616ed7a480f179e8d7072b70c73324157b5c7b9b3cef5b7859d773e6d74802b,public trajectory or preregistered composed workload; 30 stochastic seeds nested within each unit,10,30,CA-HMCD vs HiGHS-MILP,independent_coverage,CA-HMCD,HiGHS-MILP,0.0,0.0,0.0,1.0,1.0,0.0,0.0,0.5,False,performance.anti_uav410.load_2.independent_coverage,primary performance,CA-HMCD vs HiGHS-MILP,independent_coverage,CA-HMCD,HiGHS-MILP,higher,anti_uav410,2,anti_uav410.load_2,Anti-UAV410 load 2,,10,30,0.8591666667,0.8591666667,0.0,0.0,0.0,,"BCa paired cluster bootstrap, 10000 resamples",0.0,two-sided paired Wilcoxon signed-rank test,1.0,1.0,0.0,0.0,0.5,AU-L02-W01;AU-L02-W02;AU-L02-W03;AU-L02-W04;AU-L02-W05;AU-L02-W06;AU-L02-W07;AU-L02-W08;AU-L02-W09;AU-L02-W10,2,False,,,,,,,,
external_full_candidate_baselines::0006,external_full_candidate_baselines,external_full_candidate_baselines::performance.anti_uav410.load_2.independent_coverage,performance.anti_uav410.load_2.independent_coverage,ca_hmcd_external_baselines_analysis_20260917\paired_statistics.csv,d616ed7a480f179e8d7072b70c73324157b5c7b9b3cef5b7859d773e6d74802b,public trajectory or preregistered composed workload; 30 stochastic seeds nested within each unit,10,30,CA-HMCD vs Genetic-Algorithm,independent_coverage,CA-HMCD,Genetic-Algorithm,0.0,0.0,0.0,1.0,1.0,0.0,0.0,0.5,False,performance.anti_uav410.load_2.independent_coverage,primary performance,CA-HMCD vs Genetic-Algorithm,independent_coverage,CA-HMCD,Genetic-Algorithm,higher,anti_uav410,2,anti_uav410.load_2,Anti-UAV410 load 2,,10,30,0.8591666667,0.8591666667,0.0,0.0,0.0,,"BCa paired cluster bootstrap, 10000 resamples",0.0,two-sided paired Wilcoxon signed-rank test,1.0,1.0,0.0,0.0,0.5,AU-L02-W01;AU-L02-W02;AU-L02-W03;AU-L02-W04;AU-L02-W05;AU-L02-W06;AU-L02-W07;AU-L02-W08;AU-L02-W09;AU-L02-W10,2,False,,,,,,,,
external_full_candidate_baselines::0007,external_full_candidate_baselines,external_full_candidate_baselines::computational.anti_uav410.load_2.end_to_end_runtime_ms,computational.anti_uav410.load_2.end_to_end_runtime_ms,ca_hmcd_external_baselines_analysis_20260917\paired_statistics.csv,d616ed7a480f179e8d7072b70c73324157b5c7b9b3cef5b7859d773e6d74802b,public trajectory or preregistered composed workload; 30 stochastic seeds nested within each unit,10,30,CA-HMCD vs HiGHS-MILP,end_to_end_runtime_ms,CA-HMCD,HiGHS-MILP,36.9284078611,31.6619226119,41.3995904581,0.001953125,0.00390625,4.4914247174,1.0,0.0,True,computational.anti_uav410.load_2.end_to_end_runtime_ms,computational boundary,CA-HMCD vs HiGHS-MILP,end_to_end_runtime_ms,CA-HMCD,HiGHS-MILP,lower,anti_uav410,2,anti_uav410.load_2,Anti-UAV410 load 2,,10,30,55.2374978056,18.3090899444,36.9284078611,31.6619226119,41.3995904581,,"BCa paired cluster bootstrap, 10000 resamples",0,two-sided paired Wilcoxon signed-rank test,0.001953125,0.00390625,4.4914247174,1.0,0.0,AU-L02-W01;AU-L02-W02;AU-L02-W03;AU-L02-W04;AU-L02-W05;AU-L02-W06;AU-L02-W07;AU-L02-W08;AU-L02-W09;AU-L02-W10,2,True,,,,,,,,
external_full_candidate_baselines::0008,external_full_candidate_baselines,external_full_candidate_baselines::computational.anti_uav410.load_2.end_to_end_runtime_ms,computational.anti_uav410.load_2.end_to_end_runtime_ms,ca_hmcd_external_baselines_analysis_20260917\paired_statistics.csv,d616ed7a480f179e8d7072b70c73324157b5c7b9b3cef5b7859d773e6d74802b,public trajectory or preregistered composed workload; 30 stochastic seeds nested within each unit,10,30,CA-HMCD vs Genetic-Algorithm,end_to_end_runtime_ms,CA-HMCD,Genetic-Algorithm,-11.8477296945,-16.8845592169,-6.9952899722,0.001953125,0.00390625,-1.3998316629,-1.0,1.0,True,computational.anti_uav410.load_2.end_to_end_runtime_ms,computational boundary,CA-HMCD vs Genetic-Algorithm,end_to_end_runtime_ms,CA-HMCD,Genetic-Algorithm,lower,anti_uav410,2,anti_uav410.load_2,Anti-UAV410 load 2,,10,30,55.2374978056,67.0852275,-11.8477296945,-16.8845592169,-6.9952899722,,"BCa paired cluster bootstrap, 10000 resamples",0,two-sided paired Wilcoxon signed-rank test,0.001953125,0.00390625,-1.3998316629,-1.0,1.0,AU-L02-W01;AU-L02-W02;AU-L02-W03;AU-L02-W04;AU-L02-W05;AU-L02-W06;AU-L02-W07;AU-L02-W08;AU-L02-W09;AU-L02-W10,2,True,,,,,,,,
external_full_candidate_baselines::0009,external_full_candidate_baselines,external_full_candidate_baselines::computational.anti_uav410.load_2.solver_elapsed_ms,computational.anti_uav410.load_2.solver_elapsed_ms,ca_hmcd_external_baselines_analysis_20260917\paired_statistics.csv,d616ed7a480f179e8d7072b70c73324157b5c7b9b3cef5b7859d773e6d74802b,public trajectory or preregistered composed workload; 30 stochastic seeds nested within each unit,10,30,CA-HMCD vs HiGHS-MILP,solver_elapsed_ms,CA-HMCD,HiGHS-MILP,-7.4328235833,-8.776103633,-5.8028195864,0.001953125,0.00390625,-2.9541980804,-1.0,1.0,True,computational.anti_uav410.load_2.solver_elapsed_ms,computational boundary,CA-HMCD vs HiGHS-MILP,solver_elapsed_ms,CA-HMCD,HiGHS-MILP,lower,anti_uav410,2,anti_uav410.load_2,Anti-UAV410 load 2,,10,30,0.3971743889,7.8299979722,-7.4328235833,-8.776103633,-5.8028195864,,"BCa paired cluster bootstrap, 10000 resamples",0,two-sided paired Wilcoxon signed-rank test,0.001953125,0.00390625,-2.9541980804,-1.0,1.0,AU-L02-W01;AU-L02-W02;AU-L02-W03;AU-L02-W04;AU-L02-W05;AU-L02-W06;AU-L02-W07;AU-L02-W08;AU-L02-W09;AU-L02-W10,2,True,,,,,,,,
external_full_candidate_baselines::0010,external_full_candidate_baselines,external_full_candidate_baselines::computational.anti_uav410.load_2.solver_elapsed_ms,computational.anti_uav410.load_2.solver_elapsed_ms,ca_hmcd_external_baselines_analysis_20260917\paired_statistics.csv,d616ed7a480f179e8d7072b70c73324157b5c7b9b3cef5b7859d773e6d74802b,public trajectory or preregistered composed workload; 30 stochastic seeds nested within each unit,10,30,CA-HMCD vs Genetic-Algorithm,solver_elapsed_ms,CA-HMCD,Genetic-Algorithm,-56.3388056389,-58.0343606431,-54.3932205556,0.001953125,0.00390625,-18.1337850239,-1.0,1.0,True,computational.anti_uav410.load_2.solver_elapsed_ms,computational boundary,CA-HMCD vs Genetic-Algorithm,solver_elapsed_ms,CA-HMCD,Genetic-Algorithm,lower,anti_uav410,2,anti_uav410.load_2,Anti-UAV410 load 2,,10,30,0.3971743889,56.7359800278,-56.3388056389,-58.0343606431,-54.3932205556,,"BCa paired cluster bootstrap, 10000 resamples",0,two-sided paired Wilcoxon signed-rank test,0.001953125,0.00390625,-18.1337850239,-1.0,1.0,AU-L02-W01;AU-L02-W02;AU-L02-W03;AU-L02-W04;AU-L02-W05;AU-L02-W06;AU-L02-W07;AU-L02-W08;AU-L02-W09;AU-L02-W10,2,True,,,,,,,,
external_full_candidate_baselines::0011,external_full_candidate_baselines,external_full_candidate_baselines::computational.anti_uav410.load_2.fallback,computational.anti_uav410.load_2.fallback,ca_hmcd_external_baselines_analysis_20260917\paired_statistics.csv,d616ed7a480f179e8d7072b70c73324157b5c7b9b3cef5b7859d773e6d74802b,public trajectory or preregistered composed workload; 30 stochastic seeds nested within each unit,10,30,CA-HMCD vs HiGHS-MILP,fallback,CA-HMCD,HiGHS-MILP,0.0,0.0,0.0,1.0,1.0,0.0,0.0,0.5,False,computational.anti_uav410.load_2.fallback,computational boundary,CA-HMCD vs HiGHS-MILP,fallback,CA-HMCD,HiGHS-MILP,lower,anti_uav410,2,anti_uav410.load_2,Anti-UAV410 load 2,,10,30,0.0,0.0,0.0,0.0,0.0,,"BCa paired cluster bootstrap, 10000 resamples",0.0,two-sided paired Wilcoxon signed-rank test,1.0,1.0,0.0,0.0,0.5,AU-L02-W01;AU-L02-W02;AU-L02-W03;AU-L02-W04;AU-L02-W05;AU-L02-W06;AU-L02-W07;AU-L02-W08;AU-L02-W09;AU-L02-W10,2,False,,,,,,,,
external_full_candidate_baselines::0012,external_full_candidate_baselines,external_full_candidate_baselines::computational.anti_uav410.load_2.fallback,computational.anti_uav410.load_2.fallback,ca_hmcd_external_baselines_analysis_20260917\paired_statistics.csv,d616ed7a480f179e8d7072b70c73324157b5c7b9b3cef5b7859d773e6d74802b,public trajectory or preregistered composed workload; 30 stochastic seeds nested within each unit,10,30,CA-HMCD vs Genetic-Algorithm,fallback,CA-HMCD,Genetic-Algorithm,0.0,0.0,0.0,1.0,1.0,0.0,0.0,0.5,False,computational.anti_uav410.load_2.fallback,computational boundary,CA-HMCD vs Genetic-Algorithm,fallback,CA-HMCD,Genetic-Algorithm,lower,anti_uav410,2,anti_uav410.load_2,Anti-UAV410 load 2,,10,30,0.0,0.0,0.0,0.0,0.0,,"BCa paired cluster bootstrap, 10000 resamples",0.0,two-sided paired Wilcoxon signed-rank test,1.0,1.0,0.0,0.0,0.5,AU-L02-W01;AU-L02-W02;AU-L02-W03;AU-L02-W04;AU-L02-W05;AU-L02-W06;AU-L02-W07;AU-L02-W08;AU-L02-W09;AU-L02-W10,2,False,,,,,,,,
external_full_candidate_baselines::0013,external_full_candidate_baselines,external_full_candidate_baselines::computational.anti_uav410.load_2.node_limit_run_indicator,computational.anti_uav410.load_2.node_limit_run_indicator,ca_hmcd_external_baselines_analysis_20260917\paired_statistics.csv,d616ed7a480f179e8d7072b70c73324157b5c7b9b3cef5b7859d773e6d74802b,public trajectory or preregistered composed workload; 30 stochastic seeds nested within each unit,10,30,CA-HMCD vs HiGHS-MILP,node_limit_run_indicator,CA-HMCD,HiGHS-MILP,0.0,0.0,0.0,1.0,1.0,0.0,0.0,0.5,False,computational.anti_uav410.load_2.node_limit_run_indicator,computational boundary,CA-HMCD vs HiGHS-MILP,node_limit_run_indicator,CA-HMCD,HiGHS-MILP,lower,anti_uav410,2,anti_uav410.load_2,Anti-UAV410 load 2,,10,30,0.0,0.0,0.0,0.0,0.0,,"BCa paired cluster bootstrap, 10000 resamples",0.0,two-sided paired Wilcoxon signed-rank test,1.0,1.0,0.0,0.0,0.5,AU-L02-W01;AU-L02-W02;AU-L02-W03;AU-L02-W04;AU-L02-W05;AU-L02-W06;AU-L02-W07;AU-L02-W08;AU-L02-W09;AU-L02-W10,2,False,,,,,,,,
external_full_candidate_baselines::0014,external_full_candidate_baselines,external_full_candidate_baselines::computational.anti_uav410.load_2.node_limit_run_indicator,computational.anti_uav410.load_2.node_limit_run_indicator,ca_hmcd_external_baselines_analysis_20260917\paired_statistics.csv,d616ed7a480f179e8d7072b70c73324157b5c7b9b3cef5b7859d773e6d74802b,public trajectory or preregistered composed workload; 30 stochastic seeds nested within each unit,10,30,CA-HMCD vs Genetic-Algorithm,node_limit_run_indicator,CA-HMCD,Genetic-Algorithm,0.0,0.0,0.0,1.0,1.0,0.0,0.0,0.5,False,computational.anti_uav410.load_2.node_limit_run_indicator,computational boundary,CA-HMCD vs Genetic-Algorithm,node_limit_run_indicator,CA-HMCD,Genetic-Algorithm,lower,anti_uav410,2,anti_uav410.load_2,Anti-UAV410 load 2,,10,30,0.0,0.0,0.0,0.0,0.0,,"BCa paired cluster bootstrap, 10000 resamples",0.0,two-sided paired Wilcoxon signed-rank test,1.0,1.0,0.0,0.0,0.5,AU-L02-W01;AU-L02-W02;AU-L02-W03;AU-L02-W04;AU-L02-W05;AU-L02-W06;AU-L02-W07;AU-L02-W08;AU-L02-W09;AU-L02-W10,2,False,,,,,,,,
external_full_candidate_baselines::0015,external_full_candidate_baselines,external_full_candidate_baselines::mechanism.anti_uav410.load_2.candidate_feasible_before_dominance,mechanism.anti_uav410.load_2.candidate_feasible_before_dominance,ca_hmcd_external_baselines_analysis_20260917\paired_statistics.csv,d616ed7a480f179e8d7072b70c73324157b5c7b9b3cef5b7859d773e6d74802b,public trajectory or preregistered composed workload; 30 stochastic seeds nested within each unit,10,30,CA-HMCD vs HiGHS-MILP,candidate_feasible_before_dominance,CA-HMCD,HiGHS-MILP,0.0,0.0,0.0,1.0,1.0,0.0,0.0,1.5,False,mechanism.anti_uav410.load_2.candidate_feasible_before_dominance,candidate mechanism,CA-HMCD vs HiGHS-MILP,candidate_feasible_before_dominance,CA-HMCD,HiGHS-MILP,descriptive,anti_uav410,2,anti_uav410.load_2,Anti-UAV410 load 2,,10,30,205.0738888889,205.0738888889,0.0,0.0,0.0,,"BCa paired cluster bootstrap, 10000 resamples",0.0,two-sided paired Wilcoxon signed-rank test,1.0,1.0,0.0,0.0,1.5,AU-L02-W01;AU-L02-W02;AU-L02-W03;AU-L02-W04;AU-L02-W05;AU-L02-W06;AU-L02-W07;AU-L02-W08;AU-L02-W09;AU-L02-W10,2,False,,,,,,,,
external_full_candidate_baselines::0016,external_full_candidate_baselines,external_full_candidate_baselines::mechanism.anti_uav410.load_2.candidate_feasible_before_dominance,mechanism.anti_uav410.load_2.candidate_feasible_before_dominance,ca_hmcd_external_baselines_analysis_20260917\paired_statistics.csv,d616ed7a480f179e8d7072b70c73324157b5c7b9b3cef5b7859d773e6d74802b,public trajectory or preregistered composed workload; 30 stochastic seeds nested within each unit,10,30,CA-HMCD vs Genetic-Algorithm,candidate_feasible_before_dominance,CA-HMCD,Genetic-Algorithm,0.0,0.0,0.0,1.0,1.0,0.0,0.0,1.5,False,mechanism.anti_uav410.load_2.candidate_feasible_before_dominance,candidate mechanism,CA-HMCD vs Genetic-Algorithm,candidate_feasible_before_dominance,CA-HMCD,Genetic-Algorithm,descriptive,anti_uav410,2,anti_uav410.load_2,Anti-UAV410 load 2,,10,30,205.0738888889,205.0738888889,0.0,0.0,0.0,,"BCa paired cluster bootstrap, 10000 resamples",0.0,two-sided paired Wilcoxon signed-rank test,1.0,1.0,0.0,0.0,1.5,AU-L02-W01;AU-L02-W02;AU-L02-W03;AU-L02-W04;AU-L02-W05;AU-L02-W06;AU-L02-W07;AU-L02-W08;AU-L02-W09;AU-L02-W10,2,False,,,,,,,,
external_full_candidate_baselines::0017,external_full_candidate_baselines,external_full_candidate_baselines::mechanism.anti_uav410.load_2.candidate_after_diversity,mechanism.anti_uav410.load_2.candidate_after_diversity,ca_hmcd_external_baselines_analysis_20260917\paired_statistics.csv,d616ed7a480f179e8d7072b70c73324157b5c7b9b3cef5b7859d773e6d74802b,public trajectory or preregistered composed workload; 30 stochastic seeds nested within each unit,10,30,CA-HMCD vs HiGHS-MILP,candidate_after_diversity,CA-HMCD,HiGHS-MILP,-188.6738888889,-210.9564803324,-160.873098443,0.001953125,0.00390625,-4.4097516286,-1.0,0.0,True,mechanism.anti_uav410.load_2.candidate_after_diversity,candidate mechanism,CA-HMCD vs HiGHS-MILP,candidate_after_diversity,CA-HMCD,HiGHS-MILP,descriptive,anti_uav410,2,anti_uav410.load_2,Anti-UAV410 load 2,,10,30,16.4,205.0738888889,-188.6738888889,-210.9564803324,-160.873098443,,"BCa paired cluster bootstrap, 10000 resamples",0,two-sided paired Wilcoxon signed-rank test,0.001953125,0.00390625,-4.4097516286,-1.0,0.0,AU-L02-W01;AU-L02-W02;AU-L02-W03;AU-L02-W04;AU-L02-W05;AU-L02-W06;AU-L02-W07;AU-L02-W08;AU-L02-W09;AU-L02-W10,2,True,,,,,,,,
external_full_candidate_baselines::0018,external_full_candidate_baselines,external_full_candidate_baselines::mechanism.anti_uav410.load_2.candidate_after_diversity,mechanism.anti_uav410.load_2.candidate_after_diversity,ca_hmcd_external_baselines_analysis_20260917\paired_statistics.csv,d616ed7a480f179e8d7072b70c73324157b5c7b9b3cef5b7859d773e6d74802b,public trajectory or preregistered composed workload; 30 stochastic seeds nested within each unit,10,30,CA-HMCD vs Genetic-Algorithm,candidate_after_diversity,CA-HMCD,Genetic-Algorithm,-188.6738888889,-211.4554931897,-161.3183321206,0.001953125,0.00390625,-4.4097516286,-1.0,0.0,True,mechanism.anti_uav410.load_2.candidate_after_diversity,candidate mechanism,CA-HMCD vs Genetic-Algorithm,candidate_after_diversity,CA-HMCD,Genetic-Algorithm,descriptive,anti_uav410,2,anti_uav410.load_2,Anti-UAV410 load 2,,10,30,16.4,205.0738888889,-188.6738888889,-211.4554931897,-161.3183321206,,"BCa paired cluster bootstrap, 10000 resamples",0,two-sided paired Wilcoxon signed-rank test,0.001953125,0.00390625,-4.4097516286,-1.0,0.0,AU-L02-W01;AU-L02-W02;AU-L02-W03;AU-L02-W04;AU-L02-W05;AU-L02-W06;AU-L02-W07;AU-L02-W08;AU-L02-W09;AU-L02-W10,2,True,,,,,,,,
external_full_candidate_baselines::0019,external_full_candidate_baselines,external_full_candidate_baselines::mechanism.anti_uav410.load_2.nodes,mechanism.anti_uav410.load_2.nodes,ca_hmcd_external_baselines_analysis_20260917\paired_statistics.csv,d616ed7a480f179e8d7072b70c73324157b5c7b9b3cef5b7859d773e6d74802b,public trajectory or preregistered composed workload; 30 stochastic seeds nested within each unit,10,30,CA-HMCD vs HiGHS-MILP,nodes,CA-HMCD,HiGHS-MILP,33.7086111111,27.9783179127,37.9944444444,0.001953125,0.00390625,4.0161352297,1.0,0.0,True,mechanism.anti_uav410.load_2.nodes,candidate mechanism,CA-HMCD vs HiGHS-MILP,nodes,CA-HMCD,HiGHS-MILP,descriptive,anti_uav410,2,anti_uav410.load_2,Anti-UAV410 load 2,,10,30,34.1372222222,0.4286111111,33.7086111111,27.9783179127,37.9944444444,,"BCa paired cluster bootstrap, 10000 resamples",0,two-sided paired Wilcoxon signed-rank test,0.001953125,0.00390625,4.0161352297,1.0,0.0,AU-L02-W01;AU-L02-W02;AU-L02-W03;AU-L02-W04;AU-L02-W05;AU-L02-W06;AU-L02-W07;AU-L02-W08;AU-L02-W09;AU-L02-W10,2,True,,,,,,,,
external_full_candidate_baselines::0020,external_full_candidate_baselines,external_full_candidate_baselines::mechanism.anti_uav410.load_2.nodes,mechanism.anti_uav410.load_2.nodes,ca_hmcd_external_baselines_analysis_20260917\paired_statistics.csv,d616ed7a480f179e8d7072b70c73324157b5c7b9b3cef5b7859d773e6d74802b,public trajectory or preregistered composed workload; 30 stochastic seeds nested within each unit,10,30,CA-HMCD vs Genetic-Algorithm,nodes,CA-HMCD,Genetic-Algorithm,-3965.8627777778,-3971.6912345822,-3961.3289199443,0.001953125,0.00390625,-459.8515660068,-1.0,0.0,True,mechanism.anti_uav410.load_2.nodes,candidate mechanism,CA-HMCD vs Genetic-Algorithm,nodes,CA-HMCD,Genetic-Algorithm,descriptive,anti_uav410,2,anti_uav410.load_2,Anti-UAV410 load 2,,10,30,34.1372222222,4000.0,-3965.8627777778,-3971.6912345822,-3961.3289199443,,"BCa paired cluster bootstrap, 10000 resamples",0,two-sided paired Wilcoxon signed-rank test,0.001953125,0.00390625,-459.8515660068,-1.0,0.0,AU-L02-W01;AU-L02-W02;AU-L02-W03;AU-L02-W04;AU-L02-W05;AU-L02-W06;AU-L02-W07;AU-L02-W08;AU-L02-W09;AU-L02-W10,2,True,,,,,,,,
external_full_candidate_baselines::0021,external_full_candidate_baselines,external_full_candidate_baselines::mechanism.anti_uav410.load_2.repair_applied,mechanism.anti_uav410.load_2.repair_applied,ca_hmcd_external_baselines_analysis_20260917\paired_statistics.csv,d616ed7a480f179e8d7072b70c73324157b5c7b9b3cef5b7859d773e6d74802b,public trajectory or preregistered composed workload; 30 stochastic seeds nested within each unit,10,30,CA-HMCD vs HiGHS-MILP,repair_applied,CA-HMCD,HiGHS-MILP,0.0,0.0,0.0,1.0,1.0,0.0,0.0,0.5,False,mechanism.anti_uav410.load_2.repair_applied,candidate mechanism,CA-HMCD vs HiGHS-MILP,repair_applied,CA-HMCD,HiGHS-MILP,lower,anti_uav410,2,anti_uav410.load_2,Anti-UAV410 load 2,,10,30,0.0,0.0,0.0,0.0,0.0,,"BCa paired cluster bootstrap, 10000 resamples",0.0,two-sided paired Wilcoxon signed-rank test,1.0,1.0,0.0,0.0,0.5,AU-L02-W01;AU-L02-W02;AU-L02-W03;AU-L02-W04;AU-L02-W05;AU-L02-W06;AU-L02-W07;AU-L02-W08;AU-L02-W09;AU-L02-W10,2,False,,,,,,,,
external_full_candidate_baselines::0022,external_full_candidate_baselines,external_full_candidate_baselines::mechanism.anti_uav410.load_2.repair_applied,mechanism.anti_uav410.load_2.repair_applied,ca_hmcd_external_baselines_analysis_20260917\paired_statistics.csv,d616ed7a480f179e8d7072b70c73324157b5c7b9b3cef5b7859d773e6d74802b,public trajectory or preregistered composed workload; 30 stochastic seeds nested within each unit,10,30,CA-HMCD vs Genetic-Algorithm,repair_applied,CA-HMCD,Genetic-Algorithm,0.0,0.0,0.0,1.0,1.0,0.0,0.0,0.5,False,mechanism.anti_uav410.load_2.repair_applied,candidate mechanism,CA-HMCD vs Genetic-Algorithm,repair_applied,CA-HMCD,Genetic-Algorithm,lower,anti_uav410,2,anti_uav410.load_2,Anti-UAV410 load 2,,10,30,0.0,0.0,0.0,0.0,0.0,,"BCa paired cluster bootstrap, 10000 resamples",0.0,two-sided paired Wilcoxon signed-rank test,1.0,1.0,0.0,0.0,0.5,AU-L02-W01;AU-L02-W02;AU-L02-W03;AU-L02-W04;AU-L02-W05;AU-L02-W06;AU-L02-W07;AU-L02-W08;AU-L02-W09;AU-L02-W10,2,False,,,,,,,,
external_full_candidate_baselines::0023,external_full_candidate_baselines,external_full_candidate_baselines::performance.anti_uav410.load_4.external_objective,performance.anti_uav410.load_4.external_objective,ca_hmcd_external_baselines_analysis_20260917\paired_statistics.csv,d616ed7a480f179e8d7072b70c73324157b5c7b9b3cef5b7859d773e6d74802b,public trajectory or preregistered composed workload; 30 stochastic seeds nested within each unit,8,30,CA-HMCD vs HiGHS-MILP,external_objective,CA-HMCD,HiGHS-MILP,-0.0002411163,-0.0008287618,0.0001158012,0.5625,0.5625,-0.3406004,-0.3333333333,0.375,False,performance.anti_uav410.load_4.external_objective,primary performance,CA-HMCD vs HiGHS-MILP,external_objective,CA-HMCD,HiGHS-MILP,higher,anti_uav410,4,anti_uav410.load_4,Anti-UAV410 load 4,,8,30,0.1197737464,0.1200148626,-0.0002411163,-0.0008287618,0.0001158012,,"BCa paired cluster bootstrap, 10000 resamples",7.0,two-sided paired Wilcoxon signed-rank test,0.5625,0.5625,-0.3406004,-0.3333333333,0.375,AU-L04-W01;AU-L04-W02;AU-L04-W03;AU-L04-W04;AU-L04-W05;AU-L04-W06;AU-L04-W07;AU-L04-W08,2,False,,,,,,,,
external_full_candidate_baselines::0024,external_full_candidate_baselines,external_full_candidate_baselines::performance.anti_uav410.load_4.external_objective,performance.anti_uav410.load_4.external_objective,ca_hmcd_external_baselines_analysis_20260917\paired_statistics.csv,d616ed7a480f179e8d7072b70c73324157b5c7b9b3cef5b7859d773e6d74802b,public trajectory or preregistered composed workload; 30 stochastic seeds nested within each unit,8,30,CA-HMCD vs Genetic-Algorithm,external_objective,CA-HMCD,Genetic-Algorithm,0.0021602979,0.0002563863,0.0055795978,0.1953125,0.390625,0.5654814374,0.5555555556,0.75,False,performance.anti_uav410.load_4.external_objective,primary performance,CA-HMCD vs Genetic-Algorithm,external_objective,CA-HMCD,Genetic-Algorithm,higher,anti_uav410,4,anti_uav410.load_4,Anti-UAV410 load 4,,8,30,0.1197737464,0.1176134485,0.0021602979,0.0002563863,0.0055795978,,"BCa paired cluster bootstrap, 10000 resamples",8.0,two-sided paired Wilcoxon signed-rank test,0.1953125,0.390625,0.5654814374,0.5555555556,0.75,AU-L04-W01;AU-L04-W02;AU-L04-W03;AU-L04-W04;AU-L04-W05;AU-L04-W06;AU-L04-W07;AU-L04-W08,2,False,,,,,,,,
external_full_candidate_baselines::0025,external_full_candidate_baselines,external_full_candidate_baselines::performance.anti_uav410.load_4.independent_service_score,performance.anti_uav410.load_4.independent_service_score,ca_hmcd_external_baselines_analysis_20260917\paired_statistics.csv,d616ed7a480f179e8d7072b70c73324157b5c7b9b3cef5b7859d773e6d74802b,public trajectory or preregistered composed workload; 30 stochastic seeds nested within each unit,8,30,CA-HMCD vs HiGHS-MILP,independent_service_score,CA-HMCD,HiGHS-MILP,-0.0007907967,-0.0013334194,-0.000360487,0.03125,0.0625,-1.0652015909,-1.0,0.125,False,performance.anti_uav410.load_4.independent_service_score,primary performance,CA-HMCD vs HiGHS-MILP,independent_service_score,CA-HMCD,HiGHS-MILP,higher,anti_uav410,4,anti_uav410.load_4,Anti-UAV410 load 4,,8,30,0.5632939358,0.5640847325,-0.0007907967,-0.0013334194,-0.000360487,,"BCa paired cluster bootstrap, 10000 resamples",0,two-sided paired Wilcoxon signed-rank test,0.03125,0.0625,-1.0652015909,-1.0,0.125,AU-L04-W01;AU-L04-W02;AU-L04-W03;AU-L04-W04;AU-L04-W05;AU-L04-W06;AU-L04-W07;AU-L04-W08,2,False,,,,,,,,
external_full_candidate_baselines::0026,external_full_candidate_baselines,external_full_candidate_baselines::performance.anti_uav410.load_4.independent_service_score,performance.anti_uav410.load_4.independent_service_score,ca_hmcd_external_baselines_analysis_20260917\paired_statistics.csv,d616ed7a480f179e8d7072b70c73324157b5c7b9b3cef5b7859d773e6d74802b,public trajectory or preregistered composed workload; 30 stochastic seeds nested within each unit,8,30,CA-HMCD vs Genetic-Algorithm,independent_service_score,CA-HMCD,Genetic-Algorithm,-0.0007832364,-0.0013912158,0.0003334581,0.1484375,0.1484375,-0.6416575825,-0.6111111111,0.125,False,performance.anti_uav410.load_4.independent_service_score,primary performance,CA-HMCD vs Genetic-Algorithm,independent_service_score,CA-HMCD,Genetic-Algorithm,higher,anti_uav410,4,anti_uav410.load_4,Anti-UAV410 load 4,,8,30,0.5632939358,0.5640771722,-0.0007832364,-0.0013912158,0.0003334581,,"BCa paired cluster bootstrap, 10000 resamples",7.0,two-sided paired Wilcoxon signed-rank test,0.1484375,0.1484375,-0.6416575825,-0.6111111111,0.125,AU-L04-W01;AU-L04-W02;AU-L04-W03;AU-L04-W04;AU-L04-W05;AU-L04-W06;AU-L04-W07;AU-L04-W08,2,False,,,,,,,,
external_full_candidate_baselines::0027,external_full_candidate_baselines,external_full_candidate_baselines::performance.anti_uav410.load_4.independent_coverage,performance.anti_uav410.load_4.independent_coverage,ca_hmcd_external_baselines_analysis_20260917\paired_statistics.csv,d616ed7a480f179e8d7072b70c73324157b5c7b9b3cef5b7859d773e6d74802b,public trajectory or preregistered composed workload; 30 stochastic seeds nested within each unit,8,30,CA-HMCD vs HiGHS-MILP,independent_coverage,CA-HMCD,HiGHS-MILP,-0.0020543981,-0.0035011574,-0.00078125,0.03125,0.0625,-0.9932533541,-1.0,0.125,False,performance.anti_uav410.load_4.independent_coverage,primary performance,CA-HMCD vs HiGHS-MILP,independent_coverage,CA-HMCD,HiGHS-MILP,higher,anti_uav410,4,anti_uav410.load_4,Anti-UAV410 load 4,,8,30,0.8961226852,0.8981770833,-0.0020543981,-0.0035011574,-0.00078125,,"BCa paired cluster bootstrap, 10000 resamples",0,two-sided paired Wilcoxon signed-rank test,0.03125,0.0625,-0.9932533541,-1.0,0.125,AU-L04-W01;AU-L04-W02;AU-L04-W03;AU-L04-W04;AU-L04-W05;AU-L04-W06;AU-L04-W07;AU-L04-W08,2,False,,,,,,,,
external_full_candidate_baselines::0028,external_full_candidate_baselines,external_full_candidate_baselines::performance.anti_uav410.load_4.independent_coverage,performance.anti_uav410.load_4.independent_coverage,ca_hmcd_external_baselines_analysis_20260917\paired_statistics.csv,d616ed7a480f179e8d7072b70c73324157b5c7b9b3cef5b7859d773e6d74802b,public trajectory or preregistered composed workload; 30 stochastic seeds nested within each unit,8,30,CA-HMCD vs Genetic-Algorithm,independent_coverage,CA-HMCD,Genetic-Algorithm,-0.0003472222,-0.0020543981,0.0015046296,0.84375,0.84375,-0.1269026969,-0.1428571429,0.5,False,performance.anti_uav410.load_4.independent_coverage,primary performance,CA-HMCD vs Genetic-Algorithm,independent_coverage,CA-HMCD,Genetic-Algorithm,higher,anti_uav410,4,anti_uav410.load_4,Anti-UAV410 load 4,,8,30,0.8961226852,0.8964699074,-0.0003472222,-0.0020543981,0.0015046296,,"BCa paired cluster bootstrap, 10000 resamples",9.0,two-sided paired Wilcoxon signed-rank test,0.84375,0.84375,-0.1269026969,-0.1428571429,0.5,AU-L04-W01;AU-L04-W02;AU-L04-W03;AU-L04-W04;AU-L04-W05;AU-L04-W06;AU-L04-W07;AU-L04-W08,2,False,,,,,,,,
external_full_candidate_baselines::0029,external_full_candidate_baselines,external_full_candidate_baselines::computational.anti_uav410.load_4.end_to_end_runtime_ms,computational.anti_uav410.load_4.end_to_end_runtime_ms,ca_hmcd_external_baselines_analysis_20260917\paired_statistics.csv,d616ed7a480f179e8d7072b70c73324157b5c7b9b3cef5b7859d773e6d74802b,public trajectory or preregistered composed workload; 30 stochastic seeds nested within each unit,8,30,CA-HMCD vs HiGHS-MILP,end_to_end_runtime_ms,CA-HMCD,HiGHS-MILP,78.5809836111,73.5727613542,83.0655924928,0.0078125,0.015625,10.6612353969,1.0,0.0,True,computational.anti_uav410.load_4.end_to_end_runtime_ms,computational boundary,CA-HMCD vs HiGHS-MILP,end_to_end_runtime_ms,CA-HMCD,HiGHS-MILP,lower,anti_uav410,4,anti_uav410.load_4,Anti-UAV410 load 4,,8,30,113.0556060416,34.4746224306,78.5809836111,73.5727613542,83.0655924928,,"BCa paired cluster bootstrap, 10000 resamples",0,two-sided paired Wilcoxon signed-rank test,0.0078125,0.015625,10.6612353969,1.0,0.0,AU-L04-W01;AU-L04-W02;AU-L04-W03;AU-L04-W04;AU-L04-W05;AU-L04-W06;AU-L04-W07;AU-L04-W08,2,True,,,,,,,,
external_full_candidate_baselines::0030,external_full_candidate_baselines,external_full_candidate_baselines::computational.anti_uav410.load_4.end_to_end_runtime_ms,computational.anti_uav410.load_4.end_to_end_runtime_ms,ca_hmcd_external_baselines_analysis_20260917\paired_statistics.csv,d616ed7a480f179e8d7072b70c73324157b5c7b9b3cef5b7859d773e6d74802b,public trajectory or preregistered composed workload; 30 stochastic seeds nested within each unit,8,30,CA-HMCD vs Genetic-Algorithm,end_to_end_runtime_ms,CA-HMCD,Genetic-Algorithm,12.2865694097,6.2923793266,17.6888529513,0.015625,0.015625,1.3754166235,0.9444444444,0.125,True,computational.anti_uav410.load_4.end_to_end_runtime_ms,computational boundary,CA-HMCD vs Genetic-Algorithm,end_to_end_runtime_ms,CA-HMCD,Genetic-Algorithm,lower,anti_uav410,4,anti_uav410.load_4,Anti-UAV410 load 4,,8,30,113.0556060416,100.769036632,12.2865694097,6.2923793266,17.6888529513,,"BCa paired cluster bootstrap, 10000 resamples",1.0,two-sided paired Wilcoxon signed-rank test,0.015625,0.015625,1.3754166235,0.9444444444,0.125,AU-L04-W01;AU-L04-W02;AU-L04-W03;AU-L04-W04;AU-L04-W05;AU-L04-W06;AU-L04-W07;AU-L04-W08,2,True,,,,,,,,
external_full_candidate_baselines::0031,external_full_candidate_baselines,external_full_candidate_baselines::computational.anti_uav410.load_4.solver_elapsed_ms,computational.anti_uav410.load_4.solver_elapsed_ms,ca_hmcd_external_baselines_analysis_20260917\paired_statistics.csv,d616ed7a480f179e8d7072b70c73324157b5c7b9b3cef5b7859d773e6d74802b,public trajectory or preregistered composed workload; 30 stochastic seeds nested within each unit,8,30,CA-HMCD vs HiGHS-MILP,solver_elapsed_ms,CA-HMCD,HiGHS-MILP,-10.7252353472,-11.4532661753,-10.1765303125,0.0078125,0.015625,-11.0984120136,-1.0,1.0,True,computational.anti_uav410.load_4.solver_elapsed_ms,computational boundary,CA-HMCD vs HiGHS-MILP,solver_elapsed_ms,CA-HMCD,HiGHS-MILP,lower,anti_uav410,4,anti_uav410.load_4,Anti-UAV410 load 4,,8,30,3.0156325695,13.7408679167,-10.7252353472,-11.4532661753,-10.1765303125,,"BCa paired cluster bootstrap, 10000 resamples",0,two-sided paired Wilcoxon signed-rank test,0.0078125,0.015625,-11.0984120136,-1.0,1.0,AU-L04-W01;AU-L04-W02;AU-L04-W03;AU-L04-W04;AU-L04-W05;AU-L04-W06;AU-L04-W07;AU-L04-W08,2,True,,,,,,,,
external_full_candidate_baselines::0032,external_full_candidate_baselines,external_full_candidate_baselines::computational.anti_uav410.load_4.solver_elapsed_ms,computational.anti_uav410.load_4.solver_elapsed_ms,ca_hmcd_external_baselines_analysis_20260917\paired_statistics.csv,d616ed7a480f179e8d7072b70c73324157b5c7b9b3cef5b7859d773e6d74802b,public trajectory or preregistered composed workload; 30 stochastic seeds nested within each unit,8,30,CA-HMCD vs Genetic-Algorithm,solver_elapsed_ms,CA-HMCD,Genetic-Algorithm,-76.8434804861,-84.241854485,-74.1261709722,0.0078125,0.015625,-11.360813922,-1.0,1.0,True,computational.anti_uav410.load_4.solver_elapsed_ms,computational boundary,CA-HMCD vs Genetic-Algorithm,solver_elapsed_ms,CA-HMCD,Genetic-Algorithm,lower,anti_uav410,4,anti_uav410.load_4,Anti-UAV410 load 4,,8,30,3.0156325695,79.8591130556,-76.8434804861,-84.241854485,-74.1261709722,,"BCa paired cluster bootstrap, 10000 resamples",0,two-sided paired Wilcoxon signed-rank test,0.0078125,0.015625,-11.360813922,-1.0,1.0,AU-L04-W01;AU-L04-W02;AU-L04-W03;AU-L04-W04;AU-L04-W05;AU-L04-W06;AU-L04-W07;AU-L04-W08,2,True,,,,,,,,
external_full_candidate_baselines::0033,external_full_candidate_baselines,external_full_candidate_baselines::computational.anti_uav410.load_4.fallback,computational.anti_uav410.load_4.fallback,ca_hmcd_external_baselines_analysis_20260917\paired_statistics.csv,d616ed7a480f179e8d7072b70c73324157b5c7b9b3cef5b7859d773e6d74802b,public trajectory or preregistered composed workload; 30 stochastic seeds nested within each unit,8,30,CA-HMCD vs HiGHS-MILP,fallback,CA-HMCD,HiGHS-MILP,0.0,0.0,0.0,1.0,1.0,0.0,0.0,0.5,False,computational.anti_uav410.load_4.fallback,computational boundary,CA-HMCD vs HiGHS-MILP,fallback,CA-HMCD,HiGHS-MILP,lower,anti_uav410,4,anti_uav410.load_4,Anti-UAV410 load 4,,8,30,0.0,0.0,0.0,0.0,0.0,,"BCa paired cluster bootstrap, 10000 resamples",0.0,two-sided paired Wilcoxon signed-rank test,1.0,1.0,0.0,0.0,0.5,AU-L04-W01;AU-L04-W02;AU-L04-W03;AU-L04-W04;AU-L04-W05;AU-L04-W06;AU-L04-W07;AU-L04-W08,2,False,,,,,,,,
external_full_candidate_baselines::0034,external_full_candidate_baselines,external_full_candidate_baselines::computational.anti_uav410.load_4.fallback,computational.anti_uav410.load_4.fallback,ca_hmcd_external_baselines_analysis_20260917\paired_statistics.csv,d616ed7a480f179e8d7072b70c73324157b5c7b9b3cef5b7859d773e6d74802b,public trajectory or preregistered composed workload; 30 stochastic seeds nested within each unit,8,30,CA-HMCD vs Genetic-Algorithm,fallback,CA-HMCD,Genetic-Algorithm,0.0,0.0,0.0,1.0,1.0,0.0,0.0,0.5,False,computational.anti_uav410.load_4.fallback,computational boundary,CA-HMCD vs Genetic-Algorithm,fallback,CA-HMCD,Genetic-Algorithm,lower,anti_uav410,4,anti_uav410.load_4,Anti-UAV410 load 4,,8,30,0.0,0.0,0.0,0.0,0.0,,"BCa paired cluster bootstrap, 10000 resamples",0.0,two-sided paired Wilcoxon signed-rank test,1.0,1.0,0.0,0.0,0.5,AU-L04-W01;AU-L04-W02;AU-L04-W03;AU-L04-W04;AU-L04-W05;AU-L04-W06;AU-L04-W07;AU-L04-W08,2,False,,,,,,,,
external_full_candidate_baselines::0035,external_full_candidate_baselines,external_full_candidate_baselines::computational.anti_uav410.load_4.node_limit_run_indicator,computational.anti_uav410.load_4.node_limit_run_indicator,ca_hmcd_external_baselines_analysis_20260917\paired_statistics.csv,d616ed7a480f179e8d7072b70c73324157b5c7b9b3cef5b7859d773e6d74802b,public trajectory or preregistered composed workload; 30 stochastic seeds nested within each unit,8,30,CA-HMCD vs HiGHS-MILP,node_limit_run_indicator,CA-HMCD,HiGHS-MILP,0.0,0.0,0.0,1.0,1.0,0.0,0.0,0.5,False,computational.anti_uav410.load_4.node_limit_run_indicator,computational boundary,CA-HMCD vs HiGHS-MILP,node_limit_run_indicator,CA-HMCD,HiGHS-MILP,lower,anti_uav410,4,anti_uav410.load_4,Anti-UAV410 load 4,,8,30,0.0,0.0,0.0,0.0,0.0,,"BCa paired cluster bootstrap, 10000 resamples",0.0,two-sided paired Wilcoxon signed-rank test,1.0,1.0,0.0,0.0,0.5,AU-L04-W01;AU-L04-W02;AU-L04-W03;AU-L04-W04;AU-L04-W05;AU-L04-W06;AU-L04-W07;AU-L04-W08,2,False,,,,,,,,
external_full_candidate_baselines::0036,external_full_candidate_baselines,external_full_candidate_baselines::computational.anti_uav410.load_4.node_limit_run_indicator,computational.anti_uav410.load_4.node_limit_run_indicator,ca_hmcd_external_baselines_analysis_20260917\paired_statistics.csv,d616ed7a480f179e8d7072b70c73324157b5c7b9b3cef5b7859d773e6d74802b,public trajectory or preregistered composed workload; 30 stochastic seeds nested within each unit,8,30,CA-HMCD vs Genetic-Algorithm,node_limit_run_indicator,CA-HMCD,Genetic-Algorithm,0.0,0.0,0.0,1.0,1.0,0.0,0.0,0.5,False,computational.anti_uav410.load_4.node_limit_run_indicator,computational boundary,CA-HMCD vs Genetic-Algorithm,node_limit_run_indicator,CA-HMCD,Genetic-Algorithm,lower,anti_uav410,4,anti_uav410.load_4,Anti-UAV410 load 4,,8,30,0.0,0.0,0.0,0.0,0.0,,"BCa paired cluster bootstrap, 10000 resamples",0.0,two-sided paired Wilcoxon signed-rank test,1.0,1.0,0.0,0.0,0.5,AU-L04-W01;AU-L04-W02;AU-L04-W03;AU-L04-W04;AU-L04-W05;AU-L04-W06;AU-L04-W07;AU-L04-W08,2,False,,,,,,,,
external_full_candidate_baselines::0037,external_full_candidate_baselines,external_full_candidate_baselines::mechanism.anti_uav410.load_4.candidate_feasible_before_dominance,mechanism.anti_uav410.load_4.candidate_feasible_before_dominance,ca_hmcd_external_baselines_analysis_20260917\paired_statistics.csv,d616ed7a480f179e8d7072b70c73324157b5c7b9b3cef5b7859d773e6d74802b,public trajectory or preregistered composed workload; 30 stochastic seeds nested within each unit,8,30,CA-HMCD vs HiGHS-MILP,candidate_feasible_before_dominance,CA-HMCD,HiGHS-MILP,0.0,0.0,0.0,1.0,1.0,0.0,0.0,1.5,False,mechanism.anti_uav410.load_4.candidate_feasible_before_dominance,candidate mechanism,CA-HMCD vs HiGHS-MILP,candidate_feasible_before_dominance,CA-HMCD,HiGHS-MILP,descriptive,anti_uav410,4,anti_uav410.load_4,Anti-UAV410 load 4,,8,30,412.7430555556,412.7430555556,0.0,0.0,0.0,,"BCa paired cluster bootstrap, 10000 resamples",0.0,two-sided paired Wilcoxon signed-rank test,1.0,1.0,0.0,0.0,1.5,AU-L04-W01;AU-L04-W02;AU-L04-W03;AU-L04-W04;AU-L04-W05;AU-L04-W06;AU-L04-W07;AU-L04-W08,2,False,,,,,,,,
external_full_candidate_baselines::0038,external_full_candidate_baselines,external_full_candidate_baselines::mechanism.anti_uav410.load_4.candidate_feasible_before_dominance,mechanism.anti_uav410.load_4.candidate_feasible_before_dominance,ca_hmcd_external_baselines_analysis_20260917\paired_statistics.csv,d616ed7a480f179e8d7072b70c73324157b5c7b9b3cef5b7859d773e6d74802b,public trajectory or preregistered composed workload; 30 stochastic seeds nested within each unit,8,30,CA-HMCD vs Genetic-Algorithm,candidate_feasible_before_dominance,CA-HMCD,Genetic-Algorithm,0.0,0.0,0.0,1.0,1.0,0.0,0.0,1.5,False,mechanism.anti_uav410.load_4.candidate_feasible_before_dominance,candidate mechanism,CA-HMCD vs Genetic-Algorithm,candidate_feasible_before_dominance,CA-HMCD,Genetic-Algorithm,descriptive,anti_uav410,4,anti_uav410.load_4,Anti-UAV410 load 4,,8,30,412.7430555556,412.7430555556,0.0,0.0,0.0,,"BCa paired cluster bootstrap, 10000 resamples",0.0,two-sided paired Wilcoxon signed-rank test,1.0,1.0,0.0,0.0,1.5,AU-L04-W01;AU-L04-W02;AU-L04-W03;AU-L04-W04;AU-L04-W05;AU-L04-W06;AU-L04-W07;AU-L04-W08,2,False,,,,,,,,
external_full_candidate_baselines::0039,external_full_candidate_baselines,external_full_candidate_baselines::mechanism.anti_uav410.load_4.candidate_after_diversity,mechanism.anti_uav410.load_4.candidate_after_diversity,ca_hmcd_external_baselines_analysis_20260917\paired_statistics.csv,d616ed7a480f179e8d7072b70c73324157b5c7b9b3cef5b7859d773e6d74802b,public trajectory or preregistered composed workload; 30 stochastic seeds nested within each unit,8,30,CA-HMCD vs HiGHS-MILP,candidate_after_diversity,CA-HMCD,HiGHS-MILP,-379.7802083333,-399.5083333333,-352.1874665864,0.0078125,0.015625,-10.5436805565,-1.0,0.0,True,mechanism.anti_uav410.load_4.candidate_after_diversity,candidate mechanism,CA-HMCD vs HiGHS-MILP,candidate_after_diversity,CA-HMCD,HiGHS-MILP,descriptive,anti_uav410,4,anti_uav410.load_4,Anti-UAV410 load 4,,8,30,32.9628472222,412.7430555556,-379.7802083333,-399.5083333333,-352.1874665864,,"BCa paired cluster bootstrap, 10000 resamples",0,two-sided paired Wilcoxon signed-rank test,0.0078125,0.015625,-10.5436805565,-1.0,0.0,AU-L04-W01;AU-L04-W02;AU-L04-W03;AU-L04-W04;AU-L04-W05;AU-L04-W06;AU-L04-W07;AU-L04-W08,2,True,,,,,,,,
external_full_candidate_baselines::0040,external_full_candidate_baselines,external_full_candidate_baselines::mechanism.anti_uav410.load_4.candidate_after_diversity,mechanism.anti_uav410.load_4.candidate_after_diversity,ca_hmcd_external_baselines_analysis_20260917\paired_statistics.csv,d616ed7a480f179e8d7072b70c73324157b5c7b9b3cef5b7859d773e6d74802b,public trajectory or preregistered composed workload; 30 stochastic seeds nested within each unit,8,30,CA-HMCD vs Genetic-Algorithm,candidate_after_diversity,CA-HMCD,Genetic-Algorithm,-379.7802083333,-400.4890254769,-353.5388888889,0.0078125,0.015625,-10.5436805565,-1.0,0.0,True,mechanism.anti_uav410.load_4.candidate_after_diversity,candidate mechanism,CA-HMCD vs Genetic-Algorithm,candidate_after_diversity,CA-HMCD,Genetic-Algorithm,descriptive,anti_uav410,4,anti_uav410.load_4,Anti-UAV410 load 4,,8,30,32.9628472222,412.7430555556,-379.7802083333,-400.4890254769,-353.5388888889,,"BCa paired cluster bootstrap, 10000 resamples",0,two-sided paired Wilcoxon signed-rank test,0.0078125,0.015625,-10.5436805565,-1.0,0.0,AU-L04-W01;AU-L04-W02;AU-L04-W03;AU-L04-W04;AU-L04-W05;AU-L04-W06;AU-L04-W07;AU-L04-W08,2,True,,,,,,,,
external_full_candidate_baselines::0041,external_full_candidate_baselines,external_full_candidate_baselines::mechanism.anti_uav410.load_4.nodes,mechanism.anti_uav410.load_4.nodes,ca_hmcd_external_baselines_analysis_20260917\paired_statistics.csv,d616ed7a480f179e8d7072b70c73324157b5c7b9b3cef5b7859d773e6d74802b,public trajectory or preregistered composed workload; 30 stochastic seeds nested within each unit,8,30,CA-HMCD vs HiGHS-MILP,nodes,CA-HMCD,HiGHS-MILP,302.1670138889,281.2479166667,320.3865269858,0.0078125,0.015625,10.0130395353,1.0,0.0,True,mechanism.anti_uav410.load_4.nodes,candidate mechanism,CA-HMCD vs HiGHS-MILP,nodes,CA-HMCD,HiGHS-MILP,descriptive,anti_uav410,4,anti_uav410.load_4,Anti-UAV410 load 4,,8,30,303.0541666667,0.8871527778,302.1670138889,281.2479166667,320.3865269858,,"BCa paired cluster bootstrap, 10000 resamples",0,two-sided paired Wilcoxon signed-rank test,0.0078125,0.015625,10.0130395353,1.0,0.0,AU-L04-W01;AU-L04-W02;AU-L04-W03;AU-L04-W04;AU-L04-W05;AU-L04-W06;AU-L04-W07;AU-L04-W08,2,True,,,,,,,,
external_full_candidate_baselines::0042,external_full_candidate_baselines,external_full_candidate_baselines::mechanism.anti_uav410.load_4.nodes,mechanism.anti_uav410.load_4.nodes,ca_hmcd_external_baselines_analysis_20260917\paired_statistics.csv,d616ed7a480f179e8d7072b70c73324157b5c7b9b3cef5b7859d773e6d74802b,public trajectory or preregistered composed workload; 30 stochastic seeds nested within each unit,8,30,CA-HMCD vs Genetic-Algorithm,nodes,CA-HMCD,Genetic-Algorithm,-3696.9458333333,-3717.821875,-3678.371875,0.0078125,0.015625,-122.4038980484,-1.0,0.0,True,mechanism.anti_uav410.load_4.nodes,candidate mechanism,CA-HMCD vs Genetic-Algorithm,nodes,CA-HMCD,Genetic-Algorithm,descriptive,anti_uav410,4,anti_uav410.load_4,Anti-UAV410 load 4,,8,30,303.0541666667,4000.0,-3696.9458333333,-3717.821875,-3678.371875,,"BCa paired cluster bootstrap, 10000 resamples",0,two-sided paired Wilcoxon signed-rank test,0.0078125,0.015625,-122.4038980484,-1.0,0.0,AU-L04-W01;AU-L04-W02;AU-L04-W03;AU-L04-W04;AU-L04-W05;AU-L04-W06;AU-L04-W07;AU-L04-W08,2,True,,,,,,,,
external_full_candidate_baselines::0043,external_full_candidate_baselines,external_full_candidate_baselines::mechanism.anti_uav410.load_4.repair_applied,mechanism.anti_uav410.load_4.repair_applied,ca_hmcd_external_baselines_analysis_20260917\paired_statistics.csv,d616ed7a480f179e8d7072b70c73324157b5c7b9b3cef5b7859d773e6d74802b,public trajectory or preregistered composed workload; 30 stochastic seeds nested within each unit,8,30,CA-HMCD vs HiGHS-MILP,repair_applied,CA-HMCD,HiGHS-MILP,0.0,0.0,0.0,1.0,1.0,0.0,0.0,0.5,False,mechanism.anti_uav410.load_4.repair_applied,candidate mechanism,CA-HMCD vs HiGHS-MILP,repair_applied,CA-HMCD,HiGHS-MILP,lower,anti_uav410,4,anti_uav410.load_4,Anti-UAV410 load 4,,8,30,0.0,0.0,0.0,0.0,0.0,,"BCa paired cluster bootstrap, 10000 resamples",0.0,two-sided paired Wilcoxon signed-rank test,1.0,1.0,0.0,0.0,0.5,AU-L04-W01;AU-L04-W02;AU-L04-W03;AU-L04-W04;AU-L04-W05;AU-L04-W06;AU-L04-W07;AU-L04-W08,2,False,,,,,,,,
external_full_candidate_baselines::0044,external_full_candidate_baselines,external_full_candidate_baselines::mechanism.anti_uav410.load_4.repair_applied,mechanism.anti_uav410.load_4.repair_applied,ca_hmcd_external_baselines_analysis_20260917\paired_statistics.csv,d616ed7a480f179e8d7072b70c73324157b5c7b9b3cef5b7859d773e6d74802b,public trajectory or preregistered composed workload; 30 stochastic seeds nested within each unit,8,30,CA-HMCD vs Genetic-Algorithm,repair_applied,CA-HMCD,Genetic-Algorithm,0.0,0.0,0.0,1.0,1.0,0.0,0.0,0.5,False,mechanism.anti_uav410.load_4.repair_applied,candidate mechanism,CA-HMCD vs Genetic-Algorithm,repair_applied,CA-HMCD,Genetic-Algorithm,lower,anti_uav410,4,anti_uav410.load_4,Anti-UAV410 load 4,,8,30,0.0,0.0,0.0,0.0,0.0,,"BCa paired cluster bootstrap, 10000 resamples",0.0,two-sided paired Wilcoxon signed-rank test,1.0,1.0,0.0,0.0,0.5,AU-L04-W01;AU-L04-W02;AU-L04-W03;AU-L04-W04;AU-L04-W05;AU-L04-W06;AU-L04-W07;AU-L04-W08,2,False,,,,,,,,
external_full_candidate_baselines::0045,external_full_candidate_baselines,external_full_candidate_baselines::performance.anti_uav410.load_6.external_objective,performance.anti_uav410.load_6.external_objective,ca_hmcd_external_baselines_analysis_20260917\paired_statistics.csv,d616ed7a480f179e8d7072b70c73324157b5c7b9b3cef5b7859d773e6d74802b,public trajectory or preregistered composed workload; 30 stochastic seeds nested within each unit,6,30,CA-HMCD vs HiGHS-MILP,external_objective,CA-HMCD,HiGHS-MILP,-0.0290312435,-0.0495706988,-0.0176385674,0.03125,0.0625,-1.4287382966,-1.0,0.0,False,performance.anti_uav410.load_6.external_objective,primary performance,CA-HMCD vs HiGHS-MILP,external_objective,CA-HMCD,HiGHS-MILP,higher,anti_uav410,6,anti_uav410.load_6,Anti-UAV410 load 6,,6,30,0.1428194884,0.1718507319,-0.0290312435,-0.0495706988,-0.0176385674,,"BCa paired cluster bootstrap, 10000 resamples",0,two-sided paired Wilcoxon signed-rank test,0.03125,0.0625,-1.4287382966,-1.0,0.0,AU-L06-W01;AU-L06-W02;AU-L06-W03;AU-L06-W04;AU-L06-W05;AU-L06-W06,2,False,,,,,,,,
external_full_candidate_baselines::0046,external_full_candidate_baselines,external_full_candidate_baselines::performance.anti_uav410.load_6.external_objective,performance.anti_uav410.load_6.external_objective,ca_hmcd_external_baselines_analysis_20260917\paired_statistics.csv,d616ed7a480f179e8d7072b70c73324157b5c7b9b3cef5b7859d773e6d74802b,public trajectory or preregistered composed workload; 30 stochastic seeds nested within each unit,6,30,CA-HMCD vs Genetic-Algorithm,external_objective,CA-HMCD,Genetic-Algorithm,-0.0246039428,-0.0424124613,-0.013064718,0.03125,0.0625,-1.2998639146,-1.0,0.0,False,performance.anti_uav410.load_6.external_objective,primary performance,CA-HMCD vs Genetic-Algorithm,external_objective,CA-HMCD,Genetic-Algorithm,higher,anti_uav410,6,anti_uav410.load_6,Anti-UAV410 load 6,,6,30,0.1428194884,0.1674234311,-0.0246039428,-0.0424124613,-0.013064718,,"BCa paired cluster bootstrap, 10000 resamples",0,two-sided paired Wilcoxon signed-rank test,0.03125,0.0625,-1.2998639146,-1.0,0.0,AU-L06-W01;AU-L06-W02;AU-L06-W03;AU-L06-W04;AU-L06-W05;AU-L06-W06,2,False,,,,,,,,
external_full_candidate_baselines::0047,external_full_candidate_baselines,external_full_candidate_baselines::performance.anti_uav410.load_6.independent_service_score,performance.anti_uav410.load_6.independent_service_score,ca_hmcd_external_baselines_analysis_20260917\paired_statistics.csv,d616ed7a480f179e8d7072b70c73324157b5c7b9b3cef5b7859d773e6d74802b,public trajectory or preregistered composed workload; 30 stochastic seeds nested within each unit,6,30,CA-HMCD vs HiGHS-MILP,independent_service_score,CA-HMCD,HiGHS-MILP,-0.0168267739,-0.0230127732,-0.0114666311,0.03125,0.0625,-2.1209964805,-1.0,0.0,False,performance.anti_uav410.load_6.independent_service_score,primary performance,CA-HMCD vs HiGHS-MILP,independent_service_score,CA-HMCD,HiGHS-MILP,higher,anti_uav410,6,anti_uav410.load_6,Anti-UAV410 load 6,,6,30,0.5286678814,0.5454946552,-0.0168267739,-0.0230127732,-0.0114666311,,"BCa paired cluster bootstrap, 10000 resamples",0,two-sided paired Wilcoxon signed-rank test,0.03125,0.0625,-2.1209964805,-1.0,0.0,AU-L06-W01;AU-L06-W02;AU-L06-W03;AU-L06-W04;AU-L06-W05;AU-L06-W06,2,False,,,,,,,,
external_full_candidate_baselines::0048,external_full_candidate_baselines,external_full_candidate_baselines::performance.anti_uav410.load_6.independent_service_score,performance.anti_uav410.load_6.independent_service_score,ca_hmcd_external_baselines_analysis_20260917\paired_statistics.csv,d616ed7a480f179e8d7072b70c73324157b5c7b9b3cef5b7859d773e6d74802b,public trajectory or preregistered composed workload; 30 stochastic seeds nested within each unit,6,30,CA-HMCD vs Genetic-Algorithm,independent_service_score,CA-HMCD,Genetic-Algorithm,-0.0166275644,-0.0235591989,-0.008868157,0.03125,0.0625,-1.6631782314,-1.0,0.0,False,performance.anti_uav410.load_6.independent_service_score,primary performance,CA-HMCD vs Genetic-Algorithm,independent_service_score,CA-HMCD,Genetic-Algorithm,higher,anti_uav410,6,anti_uav410.load_6,Anti-UAV410 load 6,,6,30,0.5286678814,0.5452954458,-0.0166275644,-0.0235591989,-0.008868157,,"BCa paired cluster bootstrap, 10000 resamples",0,two-sided paired Wilcoxon signed-rank test,0.03125,0.0625,-1.6631782314,-1.0,0.0,AU-L06-W01;AU-L06-W02;AU-L06-W03;AU-L06-W04;AU-L06-W05;AU-L06-W06,2,False,,,,,,,,
external_full_candidate_baselines::0049,external_full_candidate_baselines,external_full_candidate_baselines::performance.anti_uav410.load_6.independent_coverage,performance.anti_uav410.load_6.independent_coverage,ca_hmcd_external_baselines_analysis_20260917\paired_statistics.csv,d616ed7a480f179e8d7072b70c73324157b5c7b9b3cef5b7859d773e6d74802b,public trajectory or preregistered composed workload; 30 stochastic seeds nested within each unit,6,30,CA-HMCD vs HiGHS-MILP,independent_coverage,CA-HMCD,HiGHS-MILP,-0.0452237654,-0.061087963,-0.0311265432,0.03125,0.0625,-2.2143609836,-1.0,0.0,False,performance.anti_uav410.load_6.independent_coverage,primary performance,CA-HMCD vs HiGHS-MILP,independent_coverage,CA-HMCD,HiGHS-MILP,higher,anti_uav410,6,anti_uav410.load_6,Anti-UAV410 load 6,,6,30,0.8483873457,0.8936111111,-0.0452237654,-0.061087963,-0.0311265432,,"BCa paired cluster bootstrap, 10000 resamples",0,two-sided paired Wilcoxon signed-rank test,0.03125,0.0625,-2.2143609836,-1.0,0.0,AU-L06-W01;AU-L06-W02;AU-L06-W03;AU-L06-W04;AU-L06-W05;AU-L06-W06,2,False,,,,,,,,
external_full_candidate_baselines::0050,external_full_candidate_baselines,external_full_candidate_baselines::performance.anti_uav410.load_6.independent_coverage,performance.anti_uav410.load_6.independent_coverage,ca_hmcd_external_baselines_analysis_20260917\paired_statistics.csv,d616ed7a480f179e8d7072b70c73324157b5c7b9b3cef5b7859d773e6d74802b,public trajectory or preregistered composed workload; 30 stochastic seeds nested within each unit,6,30,CA-HMCD vs Genetic-Algorithm,independent_coverage,CA-HMCD,Genetic-Algorithm,-0.0398533951,-0.0581944444,-0.0227777778,0.03125,0.0625,-1.6533986291,-1.0,0.0,False,performance.anti_uav410.load_6.independent_coverage,primary performance,CA-HMCD vs Genetic-Algorithm,independent_coverage,CA-HMCD,Genetic-Algorithm,higher,anti_uav410,6,anti_uav410.load_6,Anti-UAV410 load 6,,6,30,0.8483873457,0.8882407407,-0.0398533951,-0.0581944444,-0.0227777778,,"BCa paired cluster bootstrap, 10000 resamples",0,two-sided paired Wilcoxon signed-rank test,0.03125,0.0625,-1.6533986291,-1.0,0.0,AU-L06-W01;AU-L06-W02;AU-L06-W03;AU-L06-W04;AU-L06-W05;AU-L06-W06,2,False,,,,,,,,
external_full_candidate_baselines::0051,external_full_candidate_baselines,external_full_candidate_baselines::computational.anti_uav410.load_6.end_to_end_runtime_ms,computational.anti_uav410.load_6.end_to_end_runtime_ms,ca_hmcd_external_baselines_analysis_20260917\paired_statistics.csv,d616ed7a480f179e8d7072b70c73324157b5c7b9b3cef5b7859d773e6d74802b,public trajectory or preregistered composed workload; 30 stochastic seeds nested within each unit,6,30,CA-HMCD vs HiGHS-MILP,end_to_end_runtime_ms,CA-HMCD,HiGHS-MILP,135.7790931481,117.7820669444,147.7548019888,0.03125,0.0625,6.9026306252,1.0,0.0,False,computational.anti_uav410.load_6.end_to_end_runtime_ms,computational boundary,CA-HMCD vs HiGHS-MILP,end_to_end_runtime_ms,CA-HMCD,HiGHS-MILP,lower,anti_uav410,6,anti_uav410.load_6,Anti-UAV410 load 6,,6,30,182.0566207407,46.2775275926,135.7790931481,117.7820669444,147.7548019888,,"BCa paired cluster bootstrap, 10000 resamples",0,two-sided paired Wilcoxon signed-rank test,0.03125,0.0625,6.9026306252,1.0,0.0,AU-L06-W01;AU-L06-W02;AU-L06-W03;AU-L06-W04;AU-L06-W05;AU-L06-W06,2,False,,,,,,,,
external_full_candidate_baselines::0052,external_full_candidate_baselines,external_full_candidate_baselines::computational.anti_uav410.load_6.end_to_end_runtime_ms,computational.anti_uav410.load_6.end_to_end_runtime_ms,ca_hmcd_external_baselines_analysis_20260917\paired_statistics.csv,d616ed7a480f179e8d7072b70c73324157b5c7b9b3cef5b7859d773e6d74802b,public trajectory or preregistered composed workload; 30 stochastic seeds nested within each unit,6,30,CA-HMCD vs Genetic-Algorithm,end_to_end_runtime_ms,CA-HMCD,Genetic-Algorithm,59.5426647685,43.957375,70.8080276389,0.03125,0.0625,3.3017317587,1.0,0.0,False,computational.anti_uav410.load_6.end_to_end_runtime_ms,computational boundary,CA-HMCD vs Genetic-Algorithm,end_to_end_runtime_ms,CA-HMCD,Genetic-Algorithm,lower,anti_uav410,6,anti_uav410.load_6,Anti-UAV410 load 6,,6,30,182.0566207407,122.5139559722,59.5426647685,43.957375,70.8080276389,,"BCa paired cluster bootstrap, 10000 resamples",0,two-sided paired Wilcoxon signed-rank test,0.03125,0.0625,3.3017317587,1.0,0.0,AU-L06-W01;AU-L06-W02;AU-L06-W03;AU-L06-W04;AU-L06-W05;AU-L06-W06,2,False,,,,,,,,
external_full_candidate_baselines::0053,external_full_candidate_baselines,external_full_candidate_baselines::computational.anti_uav410.load_6.solver_elapsed_ms,computational.anti_uav410.load_6.solver_elapsed_ms,ca_hmcd_external_baselines_analysis_20260917\paired_statistics.csv,d616ed7a480f179e8d7072b70c73324157b5c7b9b3cef5b7859d773e6d74802b,public trajectory or preregistered composed workload; 30 stochastic seeds nested within each unit,6,30,CA-HMCD vs HiGHS-MILP,solver_elapsed_ms,CA-HMCD,HiGHS-MILP,0.8240410185,-2.0202333333,4.0377608796,0.6875,0.6875,0.1967532925,0.2380952381,0.3333333333,False,computational.anti_uav410.load_6.solver_elapsed_ms,computational boundary,CA-HMCD vs HiGHS-MILP,solver_elapsed_ms,CA-HMCD,HiGHS-MILP,lower,anti_uav410,6,anti_uav410.load_6,Anti-UAV410 load 6,,6,30,17.8436439815,17.019602963,0.8240410185,-2.0202333333,4.0377608796,,"BCa paired cluster bootstrap, 10000 resamples",8.0,two-sided paired Wilcoxon signed-rank test,0.6875,0.6875,0.1967532925,0.2380952381,0.3333333333,AU-L06-W01;AU-L06-W02;AU-L06-W03;AU-L06-W04;AU-L06-W05;AU-L06-W06,2,False,,,,,,,,
external_full_candidate_baselines::0054,external_full_candidate_baselines,external_full_candidate_baselines::computational.anti_uav410.load_6.solver_elapsed_ms,computational.anti_uav410.load_6.solver_elapsed_ms,ca_hmcd_external_baselines_analysis_20260917\paired_statistics.csv,d616ed7a480f179e8d7072b70c73324157b5c7b9b3cef5b7859d773e6d74802b,public trajectory or preregistered composed workload; 30 stochastic seeds nested within each unit,6,30,CA-HMCD vs Genetic-Algorithm,solver_elapsed_ms,CA-HMCD,Genetic-Algorithm,-74.842037037,-76.3449144907,-71.7115991204,0.03125,0.0625,-26.1750894366,-1.0,1.0,False,computational.anti_uav410.load_6.solver_elapsed_ms,computational boundary,CA-HMCD vs Genetic-Algorithm,solver_elapsed_ms,CA-HMCD,Genetic-Algorithm,lower,anti_uav410,6,anti_uav410.load_6,Anti-UAV410 load 6,,6,30,17.8436439815,92.6856810185,-74.842037037,-76.3449144907,-71.7115991204,,"BCa paired cluster bootstrap, 10000 resamples",0,two-sided paired Wilcoxon signed-rank test,0.03125,0.0625,-26.1750894366,-1.0,1.0,AU-L06-W01;AU-L06-W02;AU-L06-W03;AU-L06-W04;AU-L06-W05;AU-L06-W06,2,False,,,,,,,,
external_full_candidate_baselines::0055,external_full_candidate_baselines,external_full_candidate_baselines::computational.anti_uav410.load_6.fallback,computational.anti_uav410.load_6.fallback,ca_hmcd_external_baselines_analysis_20260917\paired_statistics.csv,d616ed7a480f179e8d7072b70c73324157b5c7b9b3cef5b7859d773e6d74802b,public trajectory or preregistered composed workload; 30 stochastic seeds nested within each unit,6,30,CA-HMCD vs HiGHS-MILP,fallback,CA-HMCD,HiGHS-MILP,0.1486111111,0.0972222222,0.2055555556,0.03125,0.0625,1.971099043,1.0,0.0,False,computational.anti_uav410.load_6.fallback,computational boundary,CA-HMCD vs HiGHS-MILP,fallback,CA-HMCD,HiGHS-MILP,lower,anti_uav410,6,anti_uav410.load_6,Anti-UAV410 load 6,,6,30,0.1486111111,0.0,0.1486111111,0.0972222222,0.2055555556,,"BCa paired cluster bootstrap, 10000 resamples",0,two-sided paired Wilcoxon signed-rank test,0.03125,0.0625,1.971099043,1.0,0.0,AU-L06-W01;AU-L06-W02;AU-L06-W03;AU-L06-W04;AU-L06-W05;AU-L06-W06,2,False,,,,,,,,
external_full_candidate_baselines::0056,external_full_candidate_baselines,external_full_candidate_baselines::computational.anti_uav410.load_6.fallback,computational.anti_uav410.load_6.fallback,ca_hmcd_external_baselines_analysis_20260917\paired_statistics.csv,d616ed7a480f179e8d7072b70c73324157b5c7b9b3cef5b7859d773e6d74802b,public trajectory or preregistered composed workload; 30 stochastic seeds nested within each unit,6,30,CA-HMCD vs Genetic-Algorithm,fallback,CA-HMCD,Genetic-Algorithm,0.1486111111,0.0958333333,0.2078703704,0.03125,0.0625,1.971099043,1.0,0.0,False,computational.anti_uav410.load_6.fallback,computational boundary,CA-HMCD vs Genetic-Algorithm,fallback,CA-HMCD,Genetic-Algorithm,lower,anti_uav410,6,anti_uav410.load_6,Anti-UAV410 load 6,,6,30,0.1486111111,0.0,0.1486111111,0.0958333333,0.2078703704,,"BCa paired cluster bootstrap, 10000 resamples",0,two-sided paired Wilcoxon signed-rank test,0.03125,0.0625,1.971099043,1.0,0.0,AU-L06-W01;AU-L06-W02;AU-L06-W03;AU-L06-W04;AU-L06-W05;AU-L06-W06,2,False,,,,,,,,
external_full_candidate_baselines::0057,external_full_candidate_baselines,external_full_candidate_baselines::computational.anti_uav410.load_6.node_limit_run_indicator,computational.anti_uav410.load_6.node_limit_run_indicator,ca_hmcd_external_baselines_analysis_20260917\paired_statistics.csv,d616ed7a480f179e8d7072b70c73324157b5c7b9b3cef5b7859d773e6d74802b,public trajectory or preregistered composed workload; 30 stochastic seeds nested within each unit,6,30,CA-HMCD vs HiGHS-MILP,node_limit_run_indicator,CA-HMCD,HiGHS-MILP,0.7666666667,0.6333333333,0.8833333333,0.03125,0.0625,4.4428376034,1.0,0.0,False,computational.anti_uav410.load_6.node_limit_run_indicator,computational boundary,CA-HMCD vs HiGHS-MILP,node_limit_run_indicator,CA-HMCD,HiGHS-MILP,lower,anti_uav410,6,anti_uav410.load_6,Anti-UAV410 load 6,,6,30,0.7666666667,0.0,0.7666666667,0.6333333333,0.8833333333,,"BCa paired cluster bootstrap, 10000 resamples",0,two-sided paired Wilcoxon signed-rank test,0.03125,0.0625,4.4428376034,1.0,0.0,AU-L06-W01;AU-L06-W02;AU-L06-W03;AU-L06-W04;AU-L06-W05;AU-L06-W06,2,False,,,,,,,,
external_full_candidate_baselines::0058,external_full_candidate_baselines,external_full_candidate_baselines::computational.anti_uav410.load_6.node_limit_run_indicator,computational.anti_uav410.load_6.node_limit_run_indicator,ca_hmcd_external_baselines_analysis_20260917\paired_statistics.csv,d616ed7a480f179e8d7072b70c73324157b5c7b9b3cef5b7859d773e6d74802b,public trajectory or preregistered composed workload; 30 stochastic seeds nested within each unit,6,30,CA-HMCD vs Genetic-Algorithm,node_limit_run_indicator,CA-HMCD,Genetic-Algorithm,0.7666666667,0.6222222222,0.8777777778,0.03125,0.0625,4.4428376034,1.0,0.0,False,computational.anti_uav410.load_6.node_limit_run_indicator,computational boundary,CA-HMCD vs Genetic-Algorithm,node_limit_run_indicator,CA-HMCD,Genetic-Algorithm,lower,anti_uav410,6,anti_uav410.load_6,Anti-UAV410 load 6,,6,30,0.7666666667,0.0,0.7666666667,0.6222222222,0.8777777778,,"BCa paired cluster bootstrap, 10000 resamples",0,two-sided paired Wilcoxon signed-rank test,0.03125,0.0625,4.4428376034,1.0,0.0,AU-L06-W01;AU-L06-W02;AU-L06-W03;AU-L06-W04;AU-L06-W05;AU-L06-W06,2,False,,,,,,,,
external_full_candidate_baselines::0059,external_full_candidate_baselines,external_full_candidate_baselines::mechanism.anti_uav410.load_6.candidate_feasible_before_dominance,mechanism.anti_uav410.load_6.candidate_feasible_before_dominance,ca_hmcd_external_baselines_analysis_20260917\paired_statistics.csv,d616ed7a480f179e8d7072b70c73324157b5c7b9b3cef5b7859d773e6d74802b,public trajectory or preregistered composed workload; 30 stochastic seeds nested within each unit,6,30,CA-HMCD vs HiGHS-MILP,candidate_feasible_before_dominance,CA-HMCD,HiGHS-MILP,0.0,0.0,0.0,1.0,1.0,0.0,0.0,1.5,False,mechanism.anti_uav410.load_6.candidate_feasible_before_dominance,candidate mechanism,CA-HMCD vs HiGHS-MILP,candidate_feasible_before_dominance,CA-HMCD,HiGHS-MILP,descriptive,anti_uav410,6,anti_uav410.load_6,Anti-UAV410 load 6,,6,30,622.9523148148,622.9523148148,0.0,0.0,0.0,,"BCa paired cluster bootstrap, 10000 resamples",0.0,two-sided paired Wilcoxon signed-rank test,1.0,1.0,0.0,0.0,1.5,AU-L06-W01;AU-L06-W02;AU-L06-W03;AU-L06-W04;AU-L06-W05;AU-L06-W06,2,False,,,,,,,,
external_full_candidate_baselines::0060,external_full_candidate_baselines,external_full_candidate_baselines::mechanism.anti_uav410.load_6.candidate_feasible_before_dominance,mechanism.anti_uav410.load_6.candidate_feasible_before_dominance,ca_hmcd_external_baselines_analysis_20260917\paired_statistics.csv,d616ed7a480f179e8d7072b70c73324157b5c7b9b3cef5b7859d773e6d74802b,public trajectory or preregistered composed workload; 30 stochastic seeds nested within each unit,6,30,CA-HMCD vs Genetic-Algorithm,candidate_feasible_before_dominance,CA-HMCD,Genetic-Algorithm,0.0,0.0,0.0,1.0,1.0,0.0,0.0,1.5,False,mechanism.anti_uav410.load_6.candidate_feasible_before_dominance,candidate mechanism,CA-HMCD vs Genetic-Algorithm,candidate_feasible_before_dominance,CA-HMCD,Genetic-Algorithm,descriptive,anti_uav410,6,anti_uav410.load_6,Anti-UAV410 load 6,,6,30,622.9523148148,622.9523148148,0.0,0.0,0.0,,"BCa paired cluster bootstrap, 10000 resamples",0.0,two-sided paired Wilcoxon signed-rank test,1.0,1.0,0.0,0.0,1.5,AU-L06-W01;AU-L06-W02;AU-L06-W03;AU-L06-W04;AU-L06-W05;AU-L06-W06,2,False,,,,,,,,
external_full_candidate_baselines::0061,external_full_candidate_baselines,external_full_candidate_baselines::mechanism.anti_uav410.load_6.candidate_after_diversity,mechanism.anti_uav410.load_6.candidate_after_diversity,ca_hmcd_external_baselines_analysis_20260917\paired_statistics.csv,d616ed7a480f179e8d7072b70c73324157b5c7b9b3cef5b7859d773e6d74802b,public trajectory or preregistered composed workload; 30 stochastic seeds nested within each unit,6,30,CA-HMCD vs HiGHS-MILP,candidate_after_diversity,CA-HMCD,HiGHS-MILP,-572.2731481481,-612.3148148148,-511.2740740741,0.03125,0.0625,-8.462051422,-1.0,0.0,False,mechanism.anti_uav410.load_6.candidate_after_diversity,candidate mechanism,CA-HMCD vs HiGHS-MILP,candidate_after_diversity,CA-HMCD,HiGHS-MILP,descriptive,anti_uav410,6,anti_uav410.load_6,Anti-UAV410 load 6,,6,30,50.6791666667,622.9523148148,-572.2731481481,-612.3148148148,-511.2740740741,,"BCa paired cluster bootstrap, 10000 resamples",0,two-sided paired Wilcoxon signed-rank test,0.03125,0.0625,-8.462051422,-1.0,0.0,AU-L06-W01;AU-L06-W02;AU-L06-W03;AU-L06-W04;AU-L06-W05;AU-L06-W06,2,False,,,,,,,,
external_full_candidate_baselines::0062,external_full_candidate_baselines,external_full_candidate_baselines::mechanism.anti_uav410.load_6.candidate_after_diversity,mechanism.anti_uav410.load_6.candidate_after_diversity,ca_hmcd_external_baselines_analysis_20260917\paired_statistics.csv,d616ed7a480f179e8d7072b70c73324157b5c7b9b3cef5b7859d773e6d74802b,public trajectory or preregistered composed workload; 30 stochastic seeds nested within each unit,6,30,CA-HMCD vs Genetic-Algorithm,candidate_after_diversity,CA-HMCD,Genetic-Algorithm,-572.2731481481,-612.4777777778,-508.4731481481,0.03125,0.0625,-8.462051422,-1.0,0.0,False,mechanism.anti_uav410.load_6.candidate_after_diversity,candidate mechanism,CA-HMCD vs Genetic-Algorithm,candidate_after_diversity,CA-HMCD,Genetic-Algorithm,descriptive,anti_uav410,6,anti_uav410.load_6,Anti-UAV410 load 6,,6,30,50.6791666667,622.9523148148,-572.2731481481,-612.4777777778,-508.4731481481,,"BCa paired cluster bootstrap, 10000 resamples",0,two-sided paired Wilcoxon signed-rank test,0.03125,0.0625,-8.462051422,-1.0,0.0,AU-L06-W01;AU-L06-W02;AU-L06-W03;AU-L06-W04;AU-L06-W05;AU-L06-W06,2,False,,,,,,,,
external_full_candidate_baselines::0063,external_full_candidate_baselines,external_full_candidate_baselines::mechanism.anti_uav410.load_6.nodes,mechanism.anti_uav410.load_6.nodes,ca_hmcd_external_baselines_analysis_20260917\paired_statistics.csv,d616ed7a480f179e8d7072b70c73324157b5c7b9b3cef5b7859d773e6d74802b,public trajectory or preregistered composed workload; 30 stochastic seeds nested within each unit,6,30,CA-HMCD vs HiGHS-MILP,nodes,CA-HMCD,HiGHS-MILP,1751.8662037037,1401.9152777778,2080.8305555556,0.03125,0.0625,3.6385687952,1.0,0.0,False,mechanism.anti_uav410.load_6.nodes,candidate mechanism,CA-HMCD vs HiGHS-MILP,nodes,CA-HMCD,HiGHS-MILP,descriptive,anti_uav410,6,anti_uav410.load_6,Anti-UAV410 load 6,,6,30,1752.8662037037,1.0,1751.8662037037,1401.9152777778,2080.8305555556,,"BCa paired cluster bootstrap, 10000 resamples",0,two-sided paired Wilcoxon signed-rank test,0.03125,0.0625,3.6385687952,1.0,0.0,AU-L06-W01;AU-L06-W02;AU-L06-W03;AU-L06-W04;AU-L06-W05;AU-L06-W06,2,False,,,,,,,,
external_full_candidate_baselines::0064,external_full_candidate_baselines,external_full_candidate_baselines::mechanism.anti_uav410.load_6.nodes,mechanism.anti_uav410.load_6.nodes,ca_hmcd_external_baselines_analysis_20260917\paired_statistics.csv,d616ed7a480f179e8d7072b70c73324157b5c7b9b3cef5b7859d773e6d74802b,public trajectory or preregistered composed workload; 30 stochastic seeds nested within each unit,6,30,CA-HMCD vs Genetic-Algorithm,nodes,CA-HMCD,Genetic-Algorithm,-2247.1337962963,-2596.7138888889,-1909.9861111111,0.03125,0.0625,-4.667223383,-1.0,0.0,False,mechanism.anti_uav410.load_6.nodes,candidate mechanism,CA-HMCD vs Genetic-Algorithm,nodes,CA-HMCD,Genetic-Algorithm,descriptive,anti_uav410,6,anti_uav410.load_6,Anti-UAV410 load 6,,6,30,1752.8662037037,4000.0,-2247.1337962963,-2596.7138888889,-1909.9861111111,,"BCa paired cluster bootstrap, 10000 resamples",0,two-sided paired Wilcoxon signed-rank test,0.03125,0.0625,-4.667223383,-1.0,0.0,AU-L06-W01;AU-L06-W02;AU-L06-W03;AU-L06-W04;AU-L06-W05;AU-L06-W06,2,False,,,,,,,,
external_full_candidate_baselines::0065,external_full_candidate_baselines,external_full_candidate_baselines::mechanism.anti_uav410.load_6.repair_applied,mechanism.anti_uav410.load_6.repair_applied,ca_hmcd_external_baselines_analysis_20260917\paired_statistics.csv,d616ed7a480f179e8d7072b70c73324157b5c7b9b3cef5b7859d773e6d74802b,public trajectory or preregistered composed workload; 30 stochastic seeds nested within each unit,6,30,CA-HMCD vs HiGHS-MILP,repair_applied,CA-HMCD,HiGHS-MILP,0.0,0.0,0.0,1.0,1.0,0.0,0.0,0.5,False,mechanism.anti_uav410.load_6.repair_applied,candidate mechanism,CA-HMCD vs HiGHS-MILP,repair_applied,CA-HMCD,HiGHS-MILP,lower,anti_uav410,6,anti_uav410.load_6,Anti-UAV410 load 6,,6,30,0.0,0.0,0.0,0.0,0.0,,"BCa paired cluster bootstrap, 10000 resamples",0.0,two-sided paired Wilcoxon signed-rank test,1.0,1.0,0.0,0.0,0.5,AU-L06-W01;AU-L06-W02;AU-L06-W03;AU-L06-W04;AU-L06-W05;AU-L06-W06,2,False,,,,,,,,
external_full_candidate_baselines::0066,external_full_candidate_baselines,external_full_candidate_baselines::mechanism.anti_uav410.load_6.repair_applied,mechanism.anti_uav410.load_6.repair_applied,ca_hmcd_external_baselines_analysis_20260917\paired_statistics.csv,d616ed7a480f179e8d7072b70c73324157b5c7b9b3cef5b7859d773e6d74802b,public trajectory or preregistered composed workload; 30 stochastic seeds nested within each unit,6,30,CA-HMCD vs Genetic-Algorithm,repair_applied,CA-HMCD,Genetic-Algorithm,0.0,0.0,0.0,1.0,1.0,0.0,0.0,0.5,False,mechanism.anti_uav410.load_6.repair_applied,candidate mechanism,CA-HMCD vs Genetic-Algorithm,repair_applied,CA-HMCD,Genetic-Algorithm,lower,anti_uav410,6,anti_uav410.load_6,Anti-UAV410 load 6,,6,30,0.0,0.0,0.0,0.0,0.0,,"BCa paired cluster bootstrap, 10000 resamples",0.0,two-sided paired Wilcoxon signed-rank test,1.0,1.0,0.0,0.0,0.5,AU-L06-W01;AU-L06-W02;AU-L06-W03;AU-L06-W04;AU-L06-W05;AU-L06-W06,2,False,,,,,,,,
external_full_candidate_baselines::0067,external_full_candidate_baselines,external_full_candidate_baselines::performance.anti_uav410.load_8.external_objective,performance.anti_uav410.load_8.external_objective,ca_hmcd_external_baselines_analysis_20260917\paired_statistics.csv,d616ed7a480f179e8d7072b70c73324157b5c7b9b3cef5b7859d773e6d74802b,public trajectory or preregistered composed workload; 30 stochastic seeds nested within each unit,4,30,CA-HMCD vs HiGHS-MILP,external_objective,CA-HMCD,HiGHS-MILP,-0.0634668922,-0.0845193562,-0.0424144282,0.125,0.25,-2.385569722,-1.0,0.0,False,performance.anti_uav410.load_8.external_objective,primary performance,CA-HMCD vs HiGHS-MILP,external_objective,CA-HMCD,HiGHS-MILP,higher,anti_uav410,8,anti_uav410.load_8,Anti-UAV410 load 8,,4,30,0.0943728316,0.1578397238,-0.0634668922,-0.0845193562,-0.0424144282,,"BCa paired cluster bootstrap, 10000 resamples",0,two-sided paired Wilcoxon signed-rank test,0.125,0.25,-2.385569722,-1.0,0.0,AU-L08-W01;AU-L08-W02;AU-L08-W03;AU-L08-W04,2,False,,,,,,,,
external_full_candidate_baselines::0068,external_full_candidate_baselines,external_full_candidate_baselines::performance.anti_uav410.load_8.external_objective,performance.anti_uav410.load_8.external_objective,ca_hmcd_external_baselines_analysis_20260917\paired_statistics.csv,d616ed7a480f179e8d7072b70c73324157b5c7b9b3cef5b7859d773e6d74802b,public trajectory or preregistered composed workload; 30 stochastic seeds nested within each unit,4,30,CA-HMCD vs Genetic-Algorithm,external_objective,CA-HMCD,Genetic-Algorithm,-0.047761623,-0.0681000164,-0.0372586077,0.125,0.25,-2.3975580783,-1.0,0.0,False,performance.anti_uav410.load_8.external_objective,primary performance,CA-HMCD vs Genetic-Algorithm,external_objective,CA-HMCD,Genetic-Algorithm,higher,anti_uav410,8,anti_uav410.load_8,Anti-UAV410 load 8,,4,30,0.0943728316,0.1421344546,-0.047761623,-0.0681000164,-0.0372586077,,"BCa paired cluster bootstrap, 10000 resamples",0,two-sided paired Wilcoxon signed-rank test,0.125,0.25,-2.3975580783,-1.0,0.0,AU-L08-W01;AU-L08-W02;AU-L08-W03;AU-L08-W04,2,False,,,,,,,,
external_full_candidate_baselines::0069,external_full_candidate_baselines,external_full_candidate_baselines::performance.anti_uav410.load_8.independent_service_score,performance.anti_uav410.load_8.independent_service_score,ca_hmcd_external_baselines_analysis_20260917\paired_statistics.csv,d616ed7a480f179e8d7072b70c73324157b5c7b9b3cef5b7859d773e6d74802b,public trajectory or preregistered composed workload; 30 stochastic seeds nested within each unit,4,30,CA-HMCD vs HiGHS-MILP,independent_service_score,CA-HMCD,HiGHS-MILP,-0.0279570594,-0.0339091576,-0.0234355928,0.125,0.25,-4.8836455358,-1.0,0.0,False,performance.anti_uav410.load_8.independent_service_score,primary performance,CA-HMCD vs HiGHS-MILP,independent_service_score,CA-HMCD,HiGHS-MILP,higher,anti_uav410,8,anti_uav410.load_8,Anti-UAV410 load 8,,4,30,0.5004035771,0.5283606365,-0.0279570594,-0.0339091576,-0.0234355928,,"BCa paired cluster bootstrap, 10000 resamples",0,two-sided paired Wilcoxon signed-rank test,0.125,0.25,-4.8836455358,-1.0,0.0,AU-L08-W01;AU-L08-W02;AU-L08-W03;AU-L08-W04,2,False,,,,,,,,
external_full_candidate_baselines::0070,external_full_candidate_baselines,external_full_candidate_baselines::performance.anti_uav410.load_8.independent_service_score,performance.anti_uav410.load_8.independent_service_score,ca_hmcd_external_baselines_analysis_20260917\paired_statistics.csv,d616ed7a480f179e8d7072b70c73324157b5c7b9b3cef5b7859d773e6d74802b,public trajectory or preregistered composed workload; 30 stochastic seeds nested within each unit,4,30,CA-HMCD vs Genetic-Algorithm,independent_service_score,CA-HMCD,Genetic-Algorithm,-0.025407075,-0.0301412937,-0.0224910179,0.125,0.25,-5.4279308949,-1.0,0.0,False,performance.anti_uav410.load_8.independent_service_score,primary performance,CA-HMCD vs Genetic-Algorithm,independent_service_score,CA-HMCD,Genetic-Algorithm,higher,anti_uav410,8,anti_uav410.load_8,Anti-UAV410 load 8,,4,30,0.5004035771,0.5258106522,-0.025407075,-0.0301412937,-0.0224910179,,"BCa paired cluster bootstrap, 10000 resamples",0,two-sided paired Wilcoxon signed-rank test,0.125,0.25,-5.4279308949,-1.0,0.0,AU-L08-W01;AU-L08-W02;AU-L08-W03;AU-L08-W04,2,False,,,,,,,,
external_full_candidate_baselines::0071,external_full_candidate_baselines,external_full_candidate_baselines::performance.anti_uav410.load_8.independent_coverage,performance.anti_uav410.load_8.independent_coverage,ca_hmcd_external_baselines_analysis_20260917\paired_statistics.csv,d616ed7a480f179e8d7072b70c73324157b5c7b9b3cef5b7859d773e6d74802b,public trajectory or preregistered composed workload; 30 stochastic seeds nested within each unit,4,30,CA-HMCD vs HiGHS-MILP,independent_coverage,CA-HMCD,HiGHS-MILP,-0.0861491402,-0.1034829696,-0.0722635582,0.125,0.25,-5.0658600016,-1.0,0.0,False,performance.anti_uav410.load_8.independent_coverage,primary performance,CA-HMCD vs HiGHS-MILP,independent_coverage,CA-HMCD,HiGHS-MILP,higher,anti_uav410,8,anti_uav410.load_8,Anti-UAV410 load 8,,4,30,0.8039054233,0.8900545635,-0.0861491402,-0.1034829696,-0.0722635582,,"BCa paired cluster bootstrap, 10000 resamples",0,two-sided paired Wilcoxon signed-rank test,0.125,0.25,-5.0658600016,-1.0,0.0,AU-L08-W01;AU-L08-W02;AU-L08-W03;AU-L08-W04,2,False,,,,,,,,
external_full_candidate_baselines::0072,external_full_candidate_baselines,external_full_candidate_baselines::performance.anti_uav410.load_8.independent_coverage,performance.anti_uav410.load_8.independent_coverage,ca_hmcd_external_baselines_analysis_20260917\paired_statistics.csv,d616ed7a480f179e8d7072b70c73324157b5c7b9b3cef5b7859d773e6d74802b,public trajectory or preregistered composed workload; 30 stochastic seeds nested within each unit,4,30,CA-HMCD vs Genetic-Algorithm,independent_coverage,CA-HMCD,Genetic-Algorithm,-0.0786259921,-0.0920246362,-0.0686755952,0.125,0.25,-6.130695927,-1.0,0.0,False,performance.anti_uav410.load_8.independent_coverage,primary performance,CA-HMCD vs Genetic-Algorithm,independent_coverage,CA-HMCD,Genetic-Algorithm,higher,anti_uav410,8,anti_uav410.load_8,Anti-UAV410 load 8,,4,30,0.8039054233,0.8825314153,-0.0786259921,-0.0920246362,-0.0686755952,,"BCa paired cluster bootstrap, 10000 resamples",0,two-sided paired Wilcoxon signed-rank test,0.125,0.25,-6.130695927,-1.0,0.0,AU-L08-W01;AU-L08-W02;AU-L08-W03;AU-L08-W04,2,False,,,,,,,,
external_full_candidate_baselines::0073,external_full_candidate_baselines,external_full_candidate_baselines::computational.anti_uav410.load_8.end_to_end_runtime_ms,computational.anti_uav410.load_8.end_to_end_runtime_ms,ca_hmcd_external_baselines_analysis_20260917\paired_statistics.csv,d616ed7a480f179e8d7072b70c73324157b5c7b9b3cef5b7859d773e6d74802b,public trajectory or preregistered composed workload; 30 stochastic seeds nested within each unit,4,30,CA-HMCD vs HiGHS-MILP,end_to_end_runtime_ms,CA-HMCD,HiGHS-MILP,188.246914375,177.4730904861,198.6752804167,0.125,0.25,16.116904149,1.0,0.0,False,computational.anti_uav410.load_8.end_to_end_runtime_ms,computational boundary,CA-HMCD vs HiGHS-MILP,end_to_end_runtime_ms,CA-HMCD,HiGHS-MILP,lower,anti_uav410,8,anti_uav410.load_8,Anti-UAV410 load 8,,4,30,245.6884190278,57.4415046528,188.246914375,177.4730904861,198.6752804167,,"BCa paired cluster bootstrap, 10000 resamples",0,two-sided paired Wilcoxon signed-rank test,0.125,0.25,16.116904149,1.0,0.0,AU-L08-W01;AU-L08-W02;AU-L08-W03;AU-L08-W04,2,False,,,,,,,,
external_full_candidate_baselines::0074,external_full_candidate_baselines,external_full_candidate_baselines::computational.anti_uav410.load_8.end_to_end_runtime_ms,computational.anti_uav410.load_8.end_to_end_runtime_ms,ca_hmcd_external_baselines_analysis_20260917\paired_statistics.csv,d616ed7a480f179e8d7072b70c73324157b5c7b9b3cef5b7859d773e6d74802b,public trajectory or preregistered composed workload; 30 stochastic seeds nested within each unit,4,30,CA-HMCD vs Genetic-Algorithm,end_to_end_runtime_ms,CA-HMCD,Genetic-Algorithm,100.2232898611,88.9924813889,110.4468913889,0.125,0.25,8.5537524174,1.0,0.0,False,computational.anti_uav410.load_8.end_to_end_runtime_ms,computational boundary,CA-HMCD vs Genetic-Algorithm,end_to_end_runtime_ms,CA-HMCD,Genetic-Algorithm,lower,anti_uav410,8,anti_uav410.load_8,Anti-UAV410 load 8,,4,30,245.6884190278,145.4651291666,100.2232898611,88.9924813889,110.4468913889,,"BCa paired cluster bootstrap, 10000 resamples",0,two-sided paired Wilcoxon signed-rank test,0.125,0.25,8.5537524174,1.0,0.0,AU-L08-W01;AU-L08-W02;AU-L08-W03;AU-L08-W04,2,False,,,,,,,,
external_full_candidate_baselines::0075,external_full_candidate_baselines,external_full_candidate_baselines::computational.anti_uav410.load_8.solver_elapsed_ms,computational.anti_uav410.load_8.solver_elapsed_ms,ca_hmcd_external_baselines_analysis_20260917\paired_statistics.csv,d616ed7a480f179e8d7072b70c73324157b5c7b9b3cef5b7859d773e6d74802b,public trajectory or preregistered composed workload; 30 stochastic seeds nested within each unit,4,30,CA-HMCD vs HiGHS-MILP,solver_elapsed_ms,CA-HMCD,HiGHS-MILP,10.2747403473,7.4144866667,11.9780467362,0.125,0.25,3.7820794462,1.0,0.0,False,computational.anti_uav410.load_8.solver_elapsed_ms,computational boundary,CA-HMCD vs HiGHS-MILP,solver_elapsed_ms,CA-HMCD,HiGHS-MILP,lower,anti_uav410,8,anti_uav410.load_8,Anti-UAV410 load 8,,4,30,29.6012045139,19.3264641667,10.2747403473,7.4144866667,11.9780467362,,"BCa paired cluster bootstrap, 10000 resamples",0,two-sided paired Wilcoxon signed-rank test,0.125,0.25,3.7820794462,1.0,0.0,AU-L08-W01;AU-L08-W02;AU-L08-W03;AU-L08-W04,2,False,,,,,,,,
external_full_candidate_baselines::0076,external_full_candidate_baselines,external_full_candidate_baselines::computational.anti_uav410.load_8.solver_elapsed_ms,computational.anti_uav410.load_8.solver_elapsed_ms,ca_hmcd_external_baselines_analysis_20260917\paired_statistics.csv,d616ed7a480f179e8d7072b70c73324157b5c7b9b3cef5b7859d773e6d74802b,public trajectory or preregistered composed workload; 30 stochastic seeds nested within each unit,4,30,CA-HMCD vs Genetic-Algorithm,solver_elapsed_ms,CA-HMCD,Genetic-Algorithm,-77.12159,-79.8882697917,-75.151889236,0.125,0.25,-29.3976031092,-1.0,1.0,False,computational.anti_uav410.load_8.solver_elapsed_ms,computational boundary,CA-HMCD vs Genetic-Algorithm,solver_elapsed_ms,CA-HMCD,Genetic-Algorithm,lower,anti_uav410,8,anti_uav410.load_8,Anti-UAV410 load 8,,4,30,29.6012045139,106.7227945139,-77.12159,-79.8882697917,-75.151889236,,"BCa paired cluster bootstrap, 10000 resamples",0,two-sided paired Wilcoxon signed-rank test,0.125,0.25,-29.3976031092,-1.0,1.0,AU-L08-W01;AU-L08-W02;AU-L08-W03;AU-L08-W04,2,False,,,,,,,,
external_full_candidate_baselines::0077,external_full_candidate_baselines,external_full_candidate_baselines::computational.anti_uav410.load_8.fallback,computational.anti_uav410.load_8.fallback,ca_hmcd_external_baselines_analysis_20260917\paired_statistics.csv,d616ed7a480f179e8d7072b70c73324157b5c7b9b3cef5b7859d773e6d74802b,public trajectory or preregistered composed workload; 30 stochastic seeds nested within each unit,4,30,CA-HMCD vs HiGHS-MILP,fallback,CA-HMCD,HiGHS-MILP,0.6583333333,0.6027777778,0.6972222222,0.125,0.25,12.0009614999,1.0,0.0,False,computational.anti_uav410.load_8.fallback,computational boundary,CA-HMCD vs HiGHS-MILP,fallback,CA-HMCD,HiGHS-MILP,lower,anti_uav410,8,anti_uav410.load_8,Anti-UAV410 load 8,,4,30,0.6583333333,0.0,0.6583333333,0.6027777778,0.6972222222,,"BCa paired cluster bootstrap, 10000 resamples",0,two-sided paired Wilcoxon signed-rank test,0.125,0.25,12.0009614999,1.0,0.0,AU-L08-W01;AU-L08-W02;AU-L08-W03;AU-L08-W04,2,False,,,,,,,,
external_full_candidate_baselines::0078,external_full_candidate_baselines,external_full_candidate_baselines::computational.anti_uav410.load_8.fallback,computational.anti_uav410.load_8.fallback,ca_hmcd_external_baselines_analysis_20260917\paired_statistics.csv,d616ed7a480f179e8d7072b70c73324157b5c7b9b3cef5b7859d773e6d74802b,public trajectory or preregistered composed workload; 30 stochastic seeds nested within each unit,4,30,CA-HMCD vs Genetic-Algorithm,fallback,CA-HMCD,Genetic-Algorithm,0.6583333333,0.6027777778,0.6972222222,0.125,0.25,12.0009614999,1.0,0.0,False,computational.anti_uav410.load_8.fallback,computational boundary,CA-HMCD vs Genetic-Algorithm,fallback,CA-HMCD,Genetic-Algorithm,lower,anti_uav410,8,anti_uav410.load_8,Anti-UAV410 load 8,,4,30,0.6583333333,0.0,0.6583333333,0.6027777778,0.6972222222,,"BCa paired cluster bootstrap, 10000 resamples",0,two-sided paired Wilcoxon signed-rank test,0.125,0.25,12.0009614999,1.0,0.0,AU-L08-W01;AU-L08-W02;AU-L08-W03;AU-L08-W04,2,False,,,,,,,,
external_full_candidate_baselines::0079,external_full_candidate_baselines,external_full_candidate_baselines::computational.anti_uav410.load_8.node_limit_run_indicator,computational.anti_uav410.load_8.node_limit_run_indicator,ca_hmcd_external_baselines_analysis_20260917\paired_statistics.csv,d616ed7a480f179e8d7072b70c73324157b5c7b9b3cef5b7859d773e6d74802b,public trajectory or preregistered composed workload; 30 stochastic seeds nested within each unit,4,30,CA-HMCD vs HiGHS-MILP,node_limit_run_indicator,CA-HMCD,HiGHS-MILP,1.0,1.0,1.0,0.125,0.25,0.0,1.0,0.0,False,computational.anti_uav410.load_8.node_limit_run_indicator,computational boundary,CA-HMCD vs HiGHS-MILP,node_limit_run_indicator,CA-HMCD,HiGHS-MILP,lower,anti_uav410,8,anti_uav410.load_8,Anti-UAV410 load 8,,4,30,1.0,0.0,1.0,1.0,1.0,,"BCa paired cluster bootstrap, 10000 resamples",0,two-sided paired Wilcoxon signed-rank test,0.125,0.25,0.0,1.0,0.0,AU-L08-W01;AU-L08-W02;AU-L08-W03;AU-L08-W04,2,False,,,,,,,,
external_full_candidate_baselines::0080,external_full_candidate_baselines,external_full_candidate_baselines::computational.anti_uav410.load_8.node_limit_run_indicator,computational.anti_uav410.load_8.node_limit_run_indicator,ca_hmcd_external_baselines_analysis_20260917\paired_statistics.csv,d616ed7a480f179e8d7072b70c73324157b5c7b9b3cef5b7859d773e6d74802b,public trajectory or preregistered composed workload; 30 stochastic seeds nested within each unit,4,30,CA-HMCD vs Genetic-Algorithm,node_limit_run_indicator,CA-HMCD,Genetic-Algorithm,1.0,1.0,1.0,0.125,0.25,0.0,1.0,0.0,False,computational.anti_uav410.load_8.node_limit_run_indicator,computational boundary,CA-HMCD vs Genetic-Algorithm,node_limit_run_indicator,CA-HMCD,Genetic-Algorithm,lower,anti_uav410,8,anti_uav410.load_8,Anti-UAV410 load 8,,4,30,1.0,0.0,1.0,1.0,1.0,,"BCa paired cluster bootstrap, 10000 resamples",0,two-sided paired Wilcoxon signed-rank test,0.125,0.25,0.0,1.0,0.0,AU-L08-W01;AU-L08-W02;AU-L08-W03;AU-L08-W04,2,False,,,,,,,,
external_full_candidate_baselines::0081,external_full_candidate_baselines,external_full_candidate_baselines::mechanism.anti_uav410.load_8.candidate_feasible_before_dominance,mechanism.anti_uav410.load_8.candidate_feasible_before_dominance,ca_hmcd_external_baselines_analysis_20260917\paired_statistics.csv,d616ed7a480f179e8d7072b70c73324157b5c7b9b3cef5b7859d773e6d74802b,public trajectory or preregistered composed workload; 30 stochastic seeds nested within each unit,4,30,CA-HMCD vs HiGHS-MILP,candidate_feasible_before_dominance,CA-HMCD,HiGHS-MILP,0.0,0.0,0.0,1.0,1.0,0.0,0.0,1.5,False,mechanism.anti_uav410.load_8.candidate_feasible_before_dominance,candidate mechanism,CA-HMCD vs HiGHS-MILP,candidate_feasible_before_dominance,CA-HMCD,HiGHS-MILP,descriptive,anti_uav410,8,anti_uav410.load_8,Anti-UAV410 load 8,,4,30,827.5361111111,827.5361111111,0.0,0.0,0.0,,"BCa paired cluster bootstrap, 10000 resamples",0.0,two-sided paired Wilcoxon signed-rank test,1.0,1.0,0.0,0.0,1.5,AU-L08-W01;AU-L08-W02;AU-L08-W03;AU-L08-W04,2,False,,,,,,,,
external_full_candidate_baselines::0082,external_full_candidate_baselines,external_full_candidate_baselines::mechanism.anti_uav410.load_8.candidate_feasible_before_dominance,mechanism.anti_uav410.load_8.candidate_feasible_before_dominance,ca_hmcd_external_baselines_analysis_20260917\paired_statistics.csv,d616ed7a480f179e8d7072b70c73324157b5c7b9b3cef5b7859d773e6d74802b,public trajectory or preregistered composed workload; 30 stochastic seeds nested within each unit,4,30,CA-HMCD vs Genetic-Algorithm,candidate_feasible_before_dominance,CA-HMCD,Genetic-Algorithm,0.0,0.0,0.0,1.0,1.0,0.0,0.0,1.5,False,mechanism.anti_uav410.load_8.candidate_feasible_before_dominance,candidate mechanism,CA-HMCD vs Genetic-Algorithm,candidate_feasible_before_dominance,CA-HMCD,Genetic-Algorithm,descriptive,anti_uav410,8,anti_uav410.load_8,Anti-UAV410 load 8,,4,30,827.5361111111,827.5361111111,0.0,0.0,0.0,,"BCa paired cluster bootstrap, 10000 resamples",0.0,two-sided paired Wilcoxon signed-rank test,1.0,1.0,0.0,0.0,1.5,AU-L08-W01;AU-L08-W02;AU-L08-W03;AU-L08-W04,2,False,,,,,,,,
external_full_candidate_baselines::0083,external_full_candidate_baselines,external_full_candidate_baselines::mechanism.anti_uav410.load_8.candidate_after_diversity,mechanism.anti_uav410.load_8.candidate_after_diversity,ca_hmcd_external_baselines_analysis_20260917\paired_statistics.csv,d616ed7a480f179e8d7072b70c73324157b5c7b9b3cef5b7859d773e6d74802b,public trajectory or preregistered composed workload; 30 stochastic seeds nested within each unit,4,30,CA-HMCD vs HiGHS-MILP,candidate_after_diversity,CA-HMCD,HiGHS-MILP,-760.6409722222,-793.4847222222,-716.325,0.125,0.25,-17.4632907335,-1.0,0.0,False,mechanism.anti_uav410.load_8.candidate_after_diversity,candidate mechanism,CA-HMCD vs HiGHS-MILP,candidate_after_diversity,CA-HMCD,HiGHS-MILP,descriptive,anti_uav410,8,anti_uav410.load_8,Anti-UAV410 load 8,,4,30,66.8951388889,827.5361111111,-760.6409722222,-793.4847222222,-716.325,,"BCa paired cluster bootstrap, 10000 resamples",0,two-sided paired Wilcoxon signed-rank test,0.125,0.25,-17.4632907335,-1.0,0.0,AU-L08-W01;AU-L08-W02;AU-L08-W03;AU-L08-W04,2,False,,,,,,,,
external_full_candidate_baselines::0084,external_full_candidate_baselines,external_full_candidate_baselines::mechanism.anti_uav410.load_8.candidate_after_diversity,mechanism.anti_uav410.load_8.candidate_after_diversity,ca_hmcd_external_baselines_analysis_20260917\paired_statistics.csv,d616ed7a480f179e8d7072b70c73324157b5c7b9b3cef5b7859d773e6d74802b,public trajectory or preregistered composed workload; 30 stochastic seeds nested within each unit,4,30,CA-HMCD vs Genetic-Algorithm,candidate_after_diversity,CA-HMCD,Genetic-Algorithm,-760.6409722222,-793.4847222222,-716.325,0.125,0.25,-17.4632907335,-1.0,0.0,False,mechanism.anti_uav410.load_8.candidate_after_diversity,candidate mechanism,CA-HMCD vs Genetic-Algorithm,candidate_after_diversity,CA-HMCD,Genetic-Algorithm,descriptive,anti_uav410,8,anti_uav410.load_8,Anti-UAV410 load 8,,4,30,66.8951388889,827.5361111111,-760.6409722222,-793.4847222222,-716.325,,"BCa paired cluster bootstrap, 10000 resamples",0,two-sided paired Wilcoxon signed-rank test,0.125,0.25,-17.4632907335,-1.0,0.0,AU-L08-W01;AU-L08-W02;AU-L08-W03;AU-L08-W04,2,False,,,,,,,,
external_full_candidate_baselines::0085,external_full_candidate_baselines,external_full_candidate_baselines::mechanism.anti_uav410.load_8.nodes,mechanism.anti_uav410.load_8.nodes,ca_hmcd_external_baselines_analysis_20260917\paired_statistics.csv,d616ed7a480f179e8d7072b70c73324157b5c7b9b3cef5b7859d773e6d74802b,public trajectory or preregistered composed workload; 30 stochastic seeds nested within each unit,4,30,CA-HMCD vs HiGHS-MILP,nodes,CA-HMCD,HiGHS-MILP,3287.6972222222,3191.9069444444,3386.5791666667,0.125,0.25,29.7054309854,1.0,0.0,False,mechanism.anti_uav410.load_8.nodes,candidate mechanism,CA-HMCD vs HiGHS-MILP,nodes,CA-HMCD,HiGHS-MILP,descriptive,anti_uav410,8,anti_uav410.load_8,Anti-UAV410 load 8,,4,30,3288.6972222222,1.0,3287.6972222222,3191.9069444444,3386.5791666667,,"BCa paired cluster bootstrap, 10000 resamples",0,two-sided paired Wilcoxon signed-rank test,0.125,0.25,29.7054309854,1.0,0.0,AU-L08-W01;AU-L08-W02;AU-L08-W03;AU-L08-W04,2,False,,,,,,,,
external_full_candidate_baselines::0086,external_full_candidate_baselines,external_full_candidate_baselines::mechanism.anti_uav410.load_8.nodes,mechanism.anti_uav410.load_8.nodes,ca_hmcd_external_baselines_analysis_20260917\paired_statistics.csv,d616ed7a480f179e8d7072b70c73324157b5c7b9b3cef5b7859d773e6d74802b,public trajectory or preregistered composed workload; 30 stochastic seeds nested within each unit,4,30,CA-HMCD vs Genetic-Algorithm,nodes,CA-HMCD,Genetic-Algorithm,-711.3027777778,-807.0930555556,-612.4208333333,0.125,0.25,-6.4268556825,-1.0,0.0,False,mechanism.anti_uav410.load_8.nodes,candidate mechanism,CA-HMCD vs Genetic-Algorithm,nodes,CA-HMCD,Genetic-Algorithm,descriptive,anti_uav410,8,anti_uav410.load_8,Anti-UAV410 load 8,,4,30,3288.6972222222,4000.0,-711.3027777778,-807.0930555556,-612.4208333333,,"BCa paired cluster bootstrap, 10000 resamples",0,two-sided paired Wilcoxon signed-rank test,0.125,0.25,-6.4268556825,-1.0,0.0,AU-L08-W01;AU-L08-W02;AU-L08-W03;AU-L08-W04,2,False,,,,,,,,
external_full_candidate_baselines::0087,external_full_candidate_baselines,external_full_candidate_baselines::mechanism.anti_uav410.load_8.repair_applied,mechanism.anti_uav410.load_8.repair_applied,ca_hmcd_external_baselines_analysis_20260917\paired_statistics.csv,d616ed7a480f179e8d7072b70c73324157b5c7b9b3cef5b7859d773e6d74802b,public trajectory or preregistered composed workload; 30 stochastic seeds nested within each unit,4,30,CA-HMCD vs HiGHS-MILP,repair_applied,CA-HMCD,HiGHS-MILP,0.0,0.0,0.0,1.0,1.0,0.0,0.0,0.5,False,mechanism.anti_uav410.load_8.repair_applied,candidate mechanism,CA-HMCD vs HiGHS-MILP,repair_applied,CA-HMCD,HiGHS-MILP,lower,anti_uav410,8,anti_uav410.load_8,Anti-UAV410 load 8,,4,30,0.0,0.0,0.0,0.0,0.0,,"BCa paired cluster bootstrap, 10000 resamples",0.0,two-sided paired Wilcoxon signed-rank test,1.0,1.0,0.0,0.0,0.5,AU-L08-W01;AU-L08-W02;AU-L08-W03;AU-L08-W04,2,False,,,,,,,,
external_full_candidate_baselines::0088,external_full_candidate_baselines,external_full_candidate_baselines::mechanism.anti_uav410.load_8.repair_applied,mechanism.anti_uav410.load_8.repair_applied,ca_hmcd_external_baselines_analysis_20260917\paired_statistics.csv,d616ed7a480f179e8d7072b70c73324157b5c7b9b3cef5b7859d773e6d74802b,public trajectory or preregistered composed workload; 30 stochastic seeds nested within each unit,4,30,CA-HMCD vs Genetic-Algorithm,repair_applied,CA-HMCD,Genetic-Algorithm,0.0,0.0,0.0,1.0,1.0,0.0,0.0,0.5,False,mechanism.anti_uav410.load_8.repair_applied,candidate mechanism,CA-HMCD vs Genetic-Algorithm,repair_applied,CA-HMCD,Genetic-Algorithm,lower,anti_uav410,8,anti_uav410.load_8,Anti-UAV410 load 8,,4,30,0.0,0.0,0.0,0.0,0.0,,"BCa paired cluster bootstrap, 10000 resamples",0.0,two-sided paired Wilcoxon signed-rank test,1.0,1.0,0.0,0.0,0.5,AU-L08-W01;AU-L08-W02;AU-L08-W03;AU-L08-W04,2,False,,,,,,,,
external_full_candidate_baselines::0089,external_full_candidate_baselines,external_full_candidate_baselines::performance.uzh_fpv.load_1.external_objective,performance.uzh_fpv.load_1.external_objective,ca_hmcd_external_baselines_analysis_20260917\paired_statistics.csv,d616ed7a480f179e8d7072b70c73324157b5c7b9b3cef5b7859d773e6d74802b,public trajectory or preregistered composed workload; 30 stochastic seeds nested within each unit,16,30,CA-HMCD vs HiGHS-MILP,external_objective,CA-HMCD,HiGHS-MILP,0.0,0.0,0.0,1.0,1.0,0.0,0.0,0.5,False,performance.uzh_fpv.load_1.external_objective,primary performance,CA-HMCD vs HiGHS-MILP,external_objective,CA-HMCD,HiGHS-MILP,higher,uzh_fpv,1,uzh_fpv.load_1,UZH-FPV single-target replay,,16,30,-0.0018483716,-0.0018483716,0.0,0.0,0.0,,"BCa paired cluster bootstrap, 10000 resamples",0.0,two-sided paired Wilcoxon signed-rank test,1.0,1.0,0.0,0.0,0.5,indoor_45_12;indoor_45_13;indoor_45_14;indoor_45_2;indoor_45_4;indoor_45_9;indoor_forward_10;indoor_forward_3;indoor_forward_5;indoor_forward_6;indoor_forward_7;indoor_forward_9;outdoor_45_1;outdoor_forward_1;outdoor_forward_3;outdoor_forward_5,2,False,,,,,,,,
external_full_candidate_baselines::0090,external_full_candidate_baselines,external_full_candidate_baselines::performance.uzh_fpv.load_1.external_objective,performance.uzh_fpv.load_1.external_objective,ca_hmcd_external_baselines_analysis_20260917\paired_statistics.csv,d616ed7a480f179e8d7072b70c73324157b5c7b9b3cef5b7859d773e6d74802b,public trajectory or preregistered composed workload; 30 stochastic seeds nested within each unit,16,30,CA-HMCD vs Genetic-Algorithm,external_objective,CA-HMCD,Genetic-Algorithm,0.0,0.0,0.0,1.0,1.0,0.0,0.0,0.5,False,performance.uzh_fpv.load_1.external_objective,primary performance,CA-HMCD vs Genetic-Algorithm,external_objective,CA-HMCD,Genetic-Algorithm,higher,uzh_fpv,1,uzh_fpv.load_1,UZH-FPV single-target replay,,16,30,-0.0018483716,-0.0018483716,0.0,0.0,0.0,,"BCa paired cluster bootstrap, 10000 resamples",0.0,two-sided paired Wilcoxon signed-rank test,1.0,1.0,0.0,0.0,0.5,indoor_45_12;indoor_45_13;indoor_45_14;indoor_45_2;indoor_45_4;indoor_45_9;indoor_forward_10;indoor_forward_3;indoor_forward_5;indoor_forward_6;indoor_forward_7;indoor_forward_9;outdoor_45_1;outdoor_forward_1;outdoor_forward_3;outdoor_forward_5,2,False,,,,,,,,
external_full_candidate_baselines::0091,external_full_candidate_baselines,external_full_candidate_baselines::performance.uzh_fpv.load_1.independent_service_score,performance.uzh_fpv.load_1.independent_service_score,ca_hmcd_external_baselines_analysis_20260917\paired_statistics.csv,d616ed7a480f179e8d7072b70c73324157b5c7b9b3cef5b7859d773e6d74802b,public trajectory or preregistered composed workload; 30 stochastic seeds nested within each unit,16,30,CA-HMCD vs HiGHS-MILP,independent_service_score,CA-HMCD,HiGHS-MILP,0.0,0.0,0.0,1.0,1.0,0.0,0.0,0.5,False,performance.uzh_fpv.load_1.independent_service_score,primary performance,CA-HMCD vs HiGHS-MILP,independent_service_score,CA-HMCD,HiGHS-MILP,higher,uzh_fpv,1,uzh_fpv.load_1,UZH-FPV single-target replay,,16,30,0.5154212582,0.5154212582,0.0,0.0,0.0,,"BCa paired cluster bootstrap, 10000 resamples",0.0,two-sided paired Wilcoxon signed-rank test,1.0,1.0,0.0,0.0,0.5,indoor_45_12;indoor_45_13;indoor_45_14;indoor_45_2;indoor_45_4;indoor_45_9;indoor_forward_10;indoor_forward_3;indoor_forward_5;indoor_forward_6;indoor_forward_7;indoor_forward_9;outdoor_45_1;outdoor_forward_1;outdoor_forward_3;outdoor_forward_5,2,False,,,,,,,,
external_full_candidate_baselines::0092,external_full_candidate_baselines,external_full_candidate_baselines::performance.uzh_fpv.load_1.independent_service_score,performance.uzh_fpv.load_1.independent_service_score,ca_hmcd_external_baselines_analysis_20260917\paired_statistics.csv,d616ed7a480f179e8d7072b70c73324157b5c7b9b3cef5b7859d773e6d74802b,public trajectory or preregistered composed workload; 30 stochastic seeds nested within each unit,16,30,CA-HMCD vs Genetic-Algorithm,independent_service_score,CA-HMCD,Genetic-Algorithm,0.0,0.0,0.0,1.0,1.0,0.0,0.0,0.5,False,performance.uzh_fpv.load_1.independent_service_score,primary performance,CA-HMCD vs Genetic-Algorithm,independent_service_score,CA-HMCD,Genetic-Algorithm,higher,uzh_fpv,1,uzh_fpv.load_1,UZH-FPV single-target replay,,16,30,0.5154212582,0.5154212582,0.0,0.0,0.0,,"BCa paired cluster bootstrap, 10000 resamples",0.0,two-sided paired Wilcoxon signed-rank test,1.0,1.0,0.0,0.0,0.5,indoor_45_12;indoor_45_13;indoor_45_14;indoor_45_2;indoor_45_4;indoor_45_9;indoor_forward_10;indoor_forward_3;indoor_forward_5;indoor_forward_6;indoor_forward_7;indoor_forward_9;outdoor_45_1;outdoor_forward_1;outdoor_forward_3;outdoor_forward_5,2,False,,,,,,,,
external_full_candidate_baselines::0093,external_full_candidate_baselines,external_full_candidate_baselines::performance.uzh_fpv.load_1.independent_coverage,performance.uzh_fpv.load_1.independent_coverage,ca_hmcd_external_baselines_analysis_20260917\paired_statistics.csv,d616ed7a480f179e8d7072b70c73324157b5c7b9b3cef5b7859d773e6d74802b,public trajectory or preregistered composed workload; 30 stochastic seeds nested within each unit,16,30,CA-HMCD vs HiGHS-MILP,independent_coverage,CA-HMCD,HiGHS-MILP,0.0,0.0,0.0,1.0,1.0,0.0,0.0,0.5,False,performance.uzh_fpv.load_1.independent_coverage,primary performance,CA-HMCD vs HiGHS-MILP,independent_coverage,CA-HMCD,HiGHS-MILP,higher,uzh_fpv,1,uzh_fpv.load_1,UZH-FPV single-target replay,,16,30,0.8291666667,0.8291666667,0.0,0.0,0.0,,"BCa paired cluster bootstrap, 10000 resamples",0.0,two-sided paired Wilcoxon signed-rank test,1.0,1.0,0.0,0.0,0.5,indoor_45_12;indoor_45_13;indoor_45_14;indoor_45_2;indoor_45_4;indoor_45_9;indoor_forward_10;indoor_forward_3;indoor_forward_5;indoor_forward_6;indoor_forward_7;indoor_forward_9;outdoor_45_1;outdoor_forward_1;outdoor_forward_3;outdoor_forward_5,2,False,,,,,,,,
external_full_candidate_baselines::0094,external_full_candidate_baselines,external_full_candidate_baselines::performance.uzh_fpv.load_1.independent_coverage,performance.uzh_fpv.load_1.independent_coverage,ca_hmcd_external_baselines_analysis_20260917\paired_statistics.csv,d616ed7a480f179e8d7072b70c73324157b5c7b9b3cef5b7859d773e6d74802b,public trajectory or preregistered composed workload; 30 stochastic seeds nested within each unit,16,30,CA-HMCD vs Genetic-Algorithm,independent_coverage,CA-HMCD,Genetic-Algorithm,0.0,0.0,0.0,1.0,1.0,0.0,0.0,0.5,False,performance.uzh_fpv.load_1.independent_coverage,primary performance,CA-HMCD vs Genetic-Algorithm,independent_coverage,CA-HMCD,Genetic-Algorithm,higher,uzh_fpv,1,uzh_fpv.load_1,UZH-FPV single-target replay,,16,30,0.8291666667,0.8291666667,0.0,0.0,0.0,,"BCa paired cluster bootstrap, 10000 resamples",0.0,two-sided paired Wilcoxon signed-rank test,1.0,1.0,0.0,0.0,0.5,indoor_45_12;indoor_45_13;indoor_45_14;indoor_45_2;indoor_45_4;indoor_45_9;indoor_forward_10;indoor_forward_3;indoor_forward_5;indoor_forward_6;indoor_forward_7;indoor_forward_9;outdoor_45_1;outdoor_forward_1;outdoor_forward_3;outdoor_forward_5,2,False,,,,,,,,
external_full_candidate_baselines::0095,external_full_candidate_baselines,external_full_candidate_baselines::computational.uzh_fpv.load_1.end_to_end_runtime_ms,computational.uzh_fpv.load_1.end_to_end_runtime_ms,ca_hmcd_external_baselines_analysis_20260917\paired_statistics.csv,d616ed7a480f179e8d7072b70c73324157b5c7b9b3cef5b7859d773e6d74802b,public trajectory or preregistered composed workload; 30 stochastic seeds nested within each unit,16,30,CA-HMCD vs HiGHS-MILP,end_to_end_runtime_ms,CA-HMCD,HiGHS-MILP,26.3734683681,24.6180261329,27.9231449423,3.05176e-05,6.10352e-05,7.4932378134,1.0,0.0,True,computational.uzh_fpv.load_1.end_to_end_runtime_ms,computational boundary,CA-HMCD vs HiGHS-MILP,end_to_end_runtime_ms,CA-HMCD,HiGHS-MILP,lower,uzh_fpv,1,uzh_fpv.load_1,UZH-FPV single-target replay,,16,30,35.7153274653,9.3418590972,26.3734683681,24.6180261329,27.9231449423,,"BCa paired cluster bootstrap, 10000 resamples",0,two-sided paired Wilcoxon signed-rank test,3.05176e-05,6.10352e-05,7.4932378134,1.0,0.0,indoor_45_12;indoor_45_13;indoor_45_14;indoor_45_2;indoor_45_4;indoor_45_9;indoor_forward_10;indoor_forward_3;indoor_forward_5;indoor_forward_6;indoor_forward_7;indoor_forward_9;outdoor_45_1;outdoor_forward_1;outdoor_forward_3;outdoor_forward_5,2,True,,,,,,,,
external_full_candidate_baselines::0096,external_full_candidate_baselines,external_full_candidate_baselines::computational.uzh_fpv.load_1.end_to_end_runtime_ms,computational.uzh_fpv.load_1.end_to_end_runtime_ms,ca_hmcd_external_baselines_analysis_20260917\paired_statistics.csv,d616ed7a480f179e8d7072b70c73324157b5c7b9b3cef5b7859d773e6d74802b,public trajectory or preregistered composed workload; 30 stochastic seeds nested within each unit,16,30,CA-HMCD vs Genetic-Algorithm,end_to_end_runtime_ms,CA-HMCD,Genetic-Algorithm,-17.7521938368,-19.7831388588,-15.9404434515,3.05176e-05,6.10352e-05,-4.4049031299,-1.0,1.0,True,computational.uzh_fpv.load_1.end_to_end_runtime_ms,computational boundary,CA-HMCD vs Genetic-Algorithm,end_to_end_runtime_ms,CA-HMCD,Genetic-Algorithm,lower,uzh_fpv,1,uzh_fpv.load_1,UZH-FPV single-target replay,,16,30,35.7153274653,53.4675213021,-17.7521938368,-19.7831388588,-15.9404434515,,"BCa paired cluster bootstrap, 10000 resamples",0,two-sided paired Wilcoxon signed-rank test,3.05176e-05,6.10352e-05,-4.4049031299,-1.0,1.0,indoor_45_12;indoor_45_13;indoor_45_14;indoor_45_2;indoor_45_4;indoor_45_9;indoor_forward_10;indoor_forward_3;indoor_forward_5;indoor_forward_6;indoor_forward_7;indoor_forward_9;outdoor_45_1;outdoor_forward_1;outdoor_forward_3;outdoor_forward_5,2,True,,,,,,,,
external_full_candidate_baselines::0097,external_full_candidate_baselines,external_full_candidate_baselines::computational.uzh_fpv.load_1.solver_elapsed_ms,computational.uzh_fpv.load_1.solver_elapsed_ms,ca_hmcd_external_baselines_analysis_20260917\paired_statistics.csv,d616ed7a480f179e8d7072b70c73324157b5c7b9b3cef5b7859d773e6d74802b,public trajectory or preregistered composed workload; 30 stochastic seeds nested within each unit,16,30,CA-HMCD vs HiGHS-MILP,solver_elapsed_ms,CA-HMCD,HiGHS-MILP,-2.6860626562,-2.7780019573,-2.5505706437,3.05176e-05,6.10352e-05,-11.5914217351,-1.0,1.0,True,computational.uzh_fpv.load_1.solver_elapsed_ms,computational boundary,CA-HMCD vs HiGHS-MILP,solver_elapsed_ms,CA-HMCD,HiGHS-MILP,lower,uzh_fpv,1,uzh_fpv.load_1,UZH-FPV single-target replay,,16,30,0.1480012847,2.834063941,-2.6860626562,-2.7780019573,-2.5505706437,,"BCa paired cluster bootstrap, 10000 resamples",0,two-sided paired Wilcoxon signed-rank test,3.05176e-05,6.10352e-05,-11.5914217351,-1.0,1.0,indoor_45_12;indoor_45_13;indoor_45_14;indoor_45_2;indoor_45_4;indoor_45_9;indoor_forward_10;indoor_forward_3;indoor_forward_5;indoor_forward_6;indoor_forward_7;indoor_forward_9;outdoor_45_1;outdoor_forward_1;outdoor_forward_3;outdoor_forward_5,2,True,,,,,,,,
external_full_candidate_baselines::0098,external_full_candidate_baselines,external_full_candidate_baselines::computational.uzh_fpv.load_1.solver_elapsed_ms,computational.uzh_fpv.load_1.solver_elapsed_ms,ca_hmcd_external_baselines_analysis_20260917\paired_statistics.csv,d616ed7a480f179e8d7072b70c73324157b5c7b9b3cef5b7859d773e6d74802b,public trajectory or preregistered composed workload; 30 stochastic seeds nested within each unit,16,30,CA-HMCD vs Genetic-Algorithm,solver_elapsed_ms,CA-HMCD,Genetic-Algorithm,-46.7320259028,-47.4016139738,-46.1612620202,3.05176e-05,6.10352e-05,-36.1733432623,-1.0,1.0,True,computational.uzh_fpv.load_1.solver_elapsed_ms,computational boundary,CA-HMCD vs Genetic-Algorithm,solver_elapsed_ms,CA-HMCD,Genetic-Algorithm,lower,uzh_fpv,1,uzh_fpv.load_1,UZH-FPV single-target replay,,16,30,0.1480012847,46.8800271875,-46.7320259028,-47.4016139738,-46.1612620202,,"BCa paired cluster bootstrap, 10000 resamples",0,two-sided paired Wilcoxon signed-rank test,3.05176e-05,6.10352e-05,-36.1733432623,-1.0,1.0,indoor_45_12;indoor_45_13;indoor_45_14;indoor_45_2;indoor_45_4;indoor_45_9;indoor_forward_10;indoor_forward_3;indoor_forward_5;indoor_forward_6;indoor_forward_7;indoor_forward_9;outdoor_45_1;outdoor_forward_1;outdoor_forward_3;outdoor_forward_5,2,True,,,,,,,,
external_full_candidate_baselines::0099,external_full_candidate_baselines,external_full_candidate_baselines::computational.uzh_fpv.load_1.fallback,computational.uzh_fpv.load_1.fallback,ca_hmcd_external_baselines_analysis_20260917\paired_statistics.csv,d616ed7a480f179e8d7072b70c73324157b5c7b9b3cef5b7859d773e6d74802b,public trajectory or preregistered composed workload; 30 stochastic seeds nested within each unit,16,30,CA-HMCD vs HiGHS-MILP,fallback,CA-HMCD,HiGHS-MILP,0.0,0.0,0.0,1.0,1.0,0.0,0.0,0.5,False,computational.uzh_fpv.load_1.fallback,computational boundary,CA-HMCD vs HiGHS-MILP,fallback,CA-HMCD,HiGHS-MILP,lower,uzh_fpv,1,uzh_fpv.load_1,UZH-FPV single-target replay,,16,30,0.0,0.0,0.0,0.0,0.0,,"BCa paired cluster bootstrap, 10000 resamples",0.0,two-sided paired Wilcoxon signed-rank test,1.0,1.0,0.0,0.0,0.5,indoor_45_12;indoor_45_13;indoor_45_14;indoor_45_2;indoor_45_4;indoor_45_9;indoor_forward_10;indoor_forward_3;indoor_forward_5;indoor_forward_6;indoor_forward_7;indoor_forward_9;outdoor_45_1;outdoor_forward_1;outdoor_forward_3;outdoor_forward_5,2,False,,,,,,,,
external_full_candidate_baselines::0100,external_full_candidate_baselines,external_full_candidate_baselines::computational.uzh_fpv.load_1.fallback,computational.uzh_fpv.load_1.fallback,ca_hmcd_external_baselines_analysis_20260917\paired_statistics.csv,d616ed7a480f179e8d7072b70c73324157b5c7b9b3cef5b7859d773e6d74802b,public trajectory or preregistered composed workload; 30 stochastic seeds nested within each unit,16,30,CA-HMCD vs Genetic-Algorithm,fallback,CA-HMCD,Genetic-Algorithm,0.0,0.0,0.0,1.0,1.0,0.0,0.0,0.5,False,computational.uzh_fpv.load_1.fallback,computational boundary,CA-HMCD vs Genetic-Algorithm,fallback,CA-HMCD,Genetic-Algorithm,lower,uzh_fpv,1,uzh_fpv.load_1,UZH-FPV single-target replay,,16,30,0.0,0.0,0.0,0.0,0.0,,"BCa paired cluster bootstrap, 10000 resamples",0.0,two-sided paired Wilcoxon signed-rank test,1.0,1.0,0.0,0.0,0.5,indoor_45_12;indoor_45_13;indoor_45_14;indoor_45_2;indoor_45_4;indoor_45_9;indoor_forward_10;indoor_forward_3;indoor_forward_5;indoor_forward_6;indoor_forward_7;indoor_forward_9;outdoor_45_1;outdoor_forward_1;outdoor_forward_3;outdoor_forward_5,2,False,,,,,,,,
external_full_candidate_baselines::0101,external_full_candidate_baselines,external_full_candidate_baselines::computational.uzh_fpv.load_1.node_limit_run_indicator,computational.uzh_fpv.load_1.node_limit_run_indicator,ca_hmcd_external_baselines_analysis_20260917\paired_statistics.csv,d616ed7a480f179e8d7072b70c73324157b5c7b9b3cef5b7859d773e6d74802b,public trajectory or preregistered composed workload; 30 stochastic seeds nested within each unit,16,30,CA-HMCD vs HiGHS-MILP,node_limit_run_indicator,CA-HMCD,HiGHS-MILP,0.0,0.0,0.0,1.0,1.0,0.0,0.0,0.5,False,computational.uzh_fpv.load_1.node_limit_run_indicator,computational boundary,CA-HMCD vs HiGHS-MILP,node_limit_run_indicator,CA-HMCD,HiGHS-MILP,lower,uzh_fpv,1,uzh_fpv.load_1,UZH-FPV single-target replay,,16,30,0.0,0.0,0.0,0.0,0.0,,"BCa paired cluster bootstrap, 10000 resamples",0.0,two-sided paired Wilcoxon signed-rank test,1.0,1.0,0.0,0.0,0.5,indoor_45_12;indoor_45_13;indoor_45_14;indoor_45_2;indoor_45_4;indoor_45_9;indoor_forward_10;indoor_forward_3;indoor_forward_5;indoor_forward_6;indoor_forward_7;indoor_forward_9;outdoor_45_1;outdoor_forward_1;outdoor_forward_3;outdoor_forward_5,2,False,,,,,,,,
external_full_candidate_baselines::0102,external_full_candidate_baselines,external_full_candidate_baselines::computational.uzh_fpv.load_1.node_limit_run_indicator,computational.uzh_fpv.load_1.node_limit_run_indicator,ca_hmcd_external_baselines_analysis_20260917\paired_statistics.csv,d616ed7a480f179e8d7072b70c73324157b5c7b9b3cef5b7859d773e6d74802b,public trajectory or preregistered composed workload; 30 stochastic seeds nested within each unit,16,30,CA-HMCD vs Genetic-Algorithm,node_limit_run_indicator,CA-HMCD,Genetic-Algorithm,0.0,0.0,0.0,1.0,1.0,0.0,0.0,0.5,False,computational.uzh_fpv.load_1.node_limit_run_indicator,computational boundary,CA-HMCD vs Genetic-Algorithm,node_limit_run_indicator,CA-HMCD,Genetic-Algorithm,lower,uzh_fpv,1,uzh_fpv.load_1,UZH-FPV single-target replay,,16,30,0.0,0.0,0.0,0.0,0.0,,"BCa paired cluster bootstrap, 10000 resamples",0.0,two-sided paired Wilcoxon signed-rank test,1.0,1.0,0.0,0.0,0.5,indoor_45_12;indoor_45_13;indoor_45_14;indoor_45_2;indoor_45_4;indoor_45_9;indoor_forward_10;indoor_forward_3;indoor_forward_5;indoor_forward_6;indoor_forward_7;indoor_forward_9;outdoor_45_1;outdoor_forward_1;outdoor_forward_3;outdoor_forward_5,2,False,,,,,,,,
external_full_candidate_baselines::0103,external_full_candidate_baselines,external_full_candidate_baselines::mechanism.uzh_fpv.load_1.candidate_feasible_before_dominance,mechanism.uzh_fpv.load_1.candidate_feasible_before_dominance,ca_hmcd_external_baselines_analysis_20260917\paired_statistics.csv,d616ed7a480f179e8d7072b70c73324157b5c7b9b3cef5b7859d773e6d74802b,public trajectory or preregistered composed workload; 30 stochastic seeds nested within each unit,16,30,CA-HMCD vs HiGHS-MILP,candidate_feasible_before_dominance,CA-HMCD,HiGHS-MILP,0.0,0.0,0.0,1.0,1.0,0.0,0.0,1.5,False,mechanism.uzh_fpv.load_1.candidate_feasible_before_dominance,candidate mechanism,CA-HMCD vs HiGHS-MILP,candidate_feasible_before_dominance,CA-HMCD,HiGHS-MILP,descriptive,uzh_fpv,1,uzh_fpv.load_1,UZH-FPV single-target replay,,16,30,130.7572916667,130.7572916667,0.0,0.0,0.0,,"BCa paired cluster bootstrap, 10000 resamples",0.0,two-sided paired Wilcoxon signed-rank test,1.0,1.0,0.0,0.0,1.5,indoor_45_12;indoor_45_13;indoor_45_14;indoor_45_2;indoor_45_4;indoor_45_9;indoor_forward_10;indoor_forward_3;indoor_forward_5;indoor_forward_6;indoor_forward_7;indoor_forward_9;outdoor_45_1;outdoor_forward_1;outdoor_forward_3;outdoor_forward_5,2,False,,,,,,,,
external_full_candidate_baselines::0104,external_full_candidate_baselines,external_full_candidate_baselines::mechanism.uzh_fpv.load_1.candidate_feasible_before_dominance,mechanism.uzh_fpv.load_1.candidate_feasible_before_dominance,ca_hmcd_external_baselines_analysis_20260917\paired_statistics.csv,d616ed7a480f179e8d7072b70c73324157b5c7b9b3cef5b7859d773e6d74802b,public trajectory or preregistered composed workload; 30 stochastic seeds nested within each unit,16,30,CA-HMCD vs Genetic-Algorithm,candidate_feasible_before_dominance,CA-HMCD,Genetic-Algorithm,0.0,0.0,0.0,1.0,1.0,0.0,0.0,1.5,False,mechanism.uzh_fpv.load_1.candidate_feasible_before_dominance,candidate mechanism,CA-HMCD vs Genetic-Algorithm,candidate_feasible_before_dominance,CA-HMCD,Genetic-Algorithm,descriptive,uzh_fpv,1,uzh_fpv.load_1,UZH-FPV single-target replay,,16,30,130.7572916667,130.7572916667,0.0,0.0,0.0,,"BCa paired cluster bootstrap, 10000 resamples",0.0,two-sided paired Wilcoxon signed-rank test,1.0,1.0,0.0,0.0,1.5,indoor_45_12;indoor_45_13;indoor_45_14;indoor_45_2;indoor_45_4;indoor_45_9;indoor_forward_10;indoor_forward_3;indoor_forward_5;indoor_forward_6;indoor_forward_7;indoor_forward_9;outdoor_45_1;outdoor_forward_1;outdoor_forward_3;outdoor_forward_5,2,False,,,,,,,,
external_full_candidate_baselines::0105,external_full_candidate_baselines,external_full_candidate_baselines::mechanism.uzh_fpv.load_1.candidate_after_diversity,mechanism.uzh_fpv.load_1.candidate_after_diversity,ca_hmcd_external_baselines_analysis_20260917\paired_statistics.csv,d616ed7a480f179e8d7072b70c73324157b5c7b9b3cef5b7859d773e6d74802b,public trajectory or preregistered composed workload; 30 stochastic seeds nested within each unit,16,30,CA-HMCD vs HiGHS-MILP,candidate_after_diversity,CA-HMCD,HiGHS-MILP,-120.4017361111,-126.3038818035,-112.9113595078,3.05176e-05,6.10352e-05,-8.547725494,-1.0,0.0,True,mechanism.uzh_fpv.load_1.candidate_after_diversity,candidate mechanism,CA-HMCD vs HiGHS-MILP,candidate_after_diversity,CA-HMCD,HiGHS-MILP,descriptive,uzh_fpv,1,uzh_fpv.load_1,UZH-FPV single-target replay,,16,30,10.3555555556,130.7572916667,-120.4017361111,-126.3038818035,-112.9113595078,,"BCa paired cluster bootstrap, 10000 resamples",0,two-sided paired Wilcoxon signed-rank test,3.05176e-05,6.10352e-05,-8.547725494,-1.0,0.0,indoor_45_12;indoor_45_13;indoor_45_14;indoor_45_2;indoor_45_4;indoor_45_9;indoor_forward_10;indoor_forward_3;indoor_forward_5;indoor_forward_6;indoor_forward_7;indoor_forward_9;outdoor_45_1;outdoor_forward_1;outdoor_forward_3;outdoor_forward_5,2,True,,,,,,,,
external_full_candidate_baselines::0106,external_full_candidate_baselines,external_full_candidate_baselines::mechanism.uzh_fpv.load_1.candidate_after_diversity,mechanism.uzh_fpv.load_1.candidate_after_diversity,ca_hmcd_external_baselines_analysis_20260917\paired_statistics.csv,d616ed7a480f179e8d7072b70c73324157b5c7b9b3cef5b7859d773e6d74802b,public trajectory or preregistered composed workload; 30 stochastic seeds nested within each unit,16,30,CA-HMCD vs Genetic-Algorithm,candidate_after_diversity,CA-HMCD,Genetic-Algorithm,-120.4017361111,-126.2484982692,-112.7941187894,3.05176e-05,6.10352e-05,-8.547725494,-1.0,0.0,True,mechanism.uzh_fpv.load_1.candidate_after_diversity,candidate mechanism,CA-HMCD vs Genetic-Algorithm,candidate_after_diversity,CA-HMCD,Genetic-Algorithm,descriptive,uzh_fpv,1,uzh_fpv.load_1,UZH-FPV single-target replay,,16,30,10.3555555556,130.7572916667,-120.4017361111,-126.2484982692,-112.7941187894,,"BCa paired cluster bootstrap, 10000 resamples",0,two-sided paired Wilcoxon signed-rank test,3.05176e-05,6.10352e-05,-8.547725494,-1.0,0.0,indoor_45_12;indoor_45_13;indoor_45_14;indoor_45_2;indoor_45_4;indoor_45_9;indoor_forward_10;indoor_forward_3;indoor_forward_5;indoor_forward_6;indoor_forward_7;indoor_forward_9;outdoor_45_1;outdoor_forward_1;outdoor_forward_3;outdoor_forward_5,2,True,,,,,,,,
external_full_candidate_baselines::0107,external_full_candidate_baselines,external_full_candidate_baselines::mechanism.uzh_fpv.load_1.nodes,mechanism.uzh_fpv.load_1.nodes,ca_hmcd_external_baselines_analysis_20260917\paired_statistics.csv,d616ed7a480f179e8d7072b70c73324157b5c7b9b3cef5b7859d773e6d74802b,public trajectory or preregistered composed workload; 30 stochastic seeds nested within each unit,16,30,CA-HMCD vs HiGHS-MILP,nodes,CA-HMCD,HiGHS-MILP,7.3614583333,6.8840710837,7.8009372305,3.05176e-05,6.10352e-05,7.519464993,1.0,0.0,True,mechanism.uzh_fpv.load_1.nodes,candidate mechanism,CA-HMCD vs HiGHS-MILP,nodes,CA-HMCD,HiGHS-MILP,descriptive,uzh_fpv,1,uzh_fpv.load_1,UZH-FPV single-target replay,,16,30,7.3614583333,0.0,7.3614583333,6.8840710837,7.8009372305,,"BCa paired cluster bootstrap, 10000 resamples",0,two-sided paired Wilcoxon signed-rank test,3.05176e-05,6.10352e-05,7.519464993,1.0,0.0,indoor_45_12;indoor_45_13;indoor_45_14;indoor_45_2;indoor_45_4;indoor_45_9;indoor_forward_10;indoor_forward_3;indoor_forward_5;indoor_forward_6;indoor_forward_7;indoor_forward_9;outdoor_45_1;outdoor_forward_1;outdoor_forward_3;outdoor_forward_5,2,True,,,,,,,,
external_full_candidate_baselines::0108,external_full_candidate_baselines,external_full_candidate_baselines::mechanism.uzh_fpv.load_1.nodes,mechanism.uzh_fpv.load_1.nodes,ca_hmcd_external_baselines_analysis_20260917\paired_statistics.csv,d616ed7a480f179e8d7072b70c73324157b5c7b9b3cef5b7859d773e6d74802b,public trajectory or preregistered composed workload; 30 stochastic seeds nested within each unit,16,30,CA-HMCD vs Genetic-Algorithm,nodes,CA-HMCD,Genetic-Algorithm,-3992.6385416667,-3993.1192567615,-3992.1963857413,3.05176e-05,6.10352e-05,-4078.3367077879,-1.0,0.0,True,mechanism.uzh_fpv.load_1.nodes,candidate mechanism,CA-HMCD vs Genetic-Algorithm,nodes,CA-HMCD,Genetic-Algorithm,descriptive,uzh_fpv,1,uzh_fpv.load_1,UZH-FPV single-target replay,,16,30,7.3614583333,4000.0,-3992.6385416667,-3993.1192567615,-3992.1963857413,,"BCa paired cluster bootstrap, 10000 resamples",0,two-sided paired Wilcoxon signed-rank test,3.05176e-05,6.10352e-05,-4078.3367077879,-1.0,0.0,indoor_45_12;indoor_45_13;indoor_45_14;indoor_45_2;indoor_45_4;indoor_45_9;indoor_forward_10;indoor_forward_3;indoor_forward_5;indoor_forward_6;indoor_forward_7;indoor_forward_9;outdoor_45_1;outdoor_forward_1;outdoor_forward_3;outdoor_forward_5,2,True,,,,,,,,
external_full_candidate_baselines::0109,external_full_candidate_baselines,external_full_candidate_baselines::mechanism.uzh_fpv.load_1.repair_applied,mechanism.uzh_fpv.load_1.repair_applied,ca_hmcd_external_baselines_analysis_20260917\paired_statistics.csv,d616ed7a480f179e8d7072b70c73324157b5c7b9b3cef5b7859d773e6d74802b,public trajectory or preregistered composed workload; 30 stochastic seeds nested within each unit,16,30,CA-HMCD vs HiGHS-MILP,repair_applied,CA-HMCD,HiGHS-MILP,0.0,0.0,0.0,1.0,1.0,0.0,0.0,0.5,False,mechanism.uzh_fpv.load_1.repair_applied,candidate mechanism,CA-HMCD vs HiGHS-MILP,repair_applied,CA-HMCD,HiGHS-MILP,lower,uzh_fpv,1,uzh_fpv.load_1,UZH-FPV single-target replay,,16,30,0.0,0.0,0.0,0.0,0.0,,"BCa paired cluster bootstrap, 10000 resamples",0.0,two-sided paired Wilcoxon signed-rank test,1.0,1.0,0.0,0.0,0.5,indoor_45_12;indoor_45_13;indoor_45_14;indoor_45_2;indoor_45_4;indoor_45_9;indoor_forward_10;indoor_forward_3;indoor_forward_5;indoor_forward_6;indoor_forward_7;indoor_forward_9;outdoor_45_1;outdoor_forward_1;outdoor_forward_3;outdoor_forward_5,2,False,,,,,,,,
external_full_candidate_baselines::0110,external_full_candidate_baselines,external_full_candidate_baselines::mechanism.uzh_fpv.load_1.repair_applied,mechanism.uzh_fpv.load_1.repair_applied,ca_hmcd_external_baselines_analysis_20260917\paired_statistics.csv,d616ed7a480f179e8d7072b70c73324157b5c7b9b3cef5b7859d773e6d74802b,public trajectory or preregistered composed workload; 30 stochastic seeds nested within each unit,16,30,CA-HMCD vs Genetic-Algorithm,repair_applied,CA-HMCD,Genetic-Algorithm,0.0,0.0,0.0,1.0,1.0,0.0,0.0,0.5,False,mechanism.uzh_fpv.load_1.repair_applied,candidate mechanism,CA-HMCD vs Genetic-Algorithm,repair_applied,CA-HMCD,Genetic-Algorithm,lower,uzh_fpv,1,uzh_fpv.load_1,UZH-FPV single-target replay,,16,30,0.0,0.0,0.0,0.0,0.0,,"BCa paired cluster bootstrap, 10000 resamples",0.0,two-sided paired Wilcoxon signed-rank test,1.0,1.0,0.0,0.0,0.5,indoor_45_12;indoor_45_13;indoor_45_14;indoor_45_2;indoor_45_4;indoor_45_9;indoor_forward_10;indoor_forward_3;indoor_forward_5;indoor_forward_6;indoor_forward_7;indoor_forward_9;outdoor_45_1;outdoor_forward_1;outdoor_forward_3;outdoor_forward_5,2,False,,,,,,,,
external_full_candidate_baselines::0111,external_full_candidate_baselines,external_full_candidate_baselines::performance.anti_uav410.load_2.common_task_response_time,performance.anti_uav410.load_2.common_task_response_time,ca_hmcd_external_baselines_analysis_20260917\paired_statistics.csv,d616ed7a480f179e8d7072b70c73324157b5c7b9b3cef5b7859d773e6d74802b,public trajectory or preregistered composed workload; 30 stochastic seeds nested within each unit,10,30,CA-HMCD vs HiGHS-MILP,common_task_response_time,CA-HMCD,HiGHS-MILP,0.0,0.0,0.0,1.0,1.0,0.0,0.0,0.5,False,performance.anti_uav410.load_2.common_task_response_time,primary performance,CA-HMCD vs HiGHS-MILP,common_task_response_time,CA-HMCD,HiGHS-MILP,lower,anti_uav410,2,anti_uav410.load_2,Anti-UAV410 load 2,,10,30,0.4193186283,0.4193186283,0.0,0.0,0.0,,"BCa paired cluster bootstrap, 10000 resamples",0.0,two-sided paired Wilcoxon signed-rank test,1.0,1.0,0.0,0.0,0.5,AU-L02-W01;AU-L02-W02;AU-L02-W03;AU-L02-W04;AU-L02-W05;AU-L02-W06;AU-L02-W07;AU-L02-W08;AU-L02-W09;AU-L02-W10,2,False,,,,,,,,
external_full_candidate_baselines::0112,external_full_candidate_baselines,external_full_candidate_baselines::performance.anti_uav410.load_2.common_task_response_time,performance.anti_uav410.load_2.common_task_response_time,ca_hmcd_external_baselines_analysis_20260917\paired_statistics.csv,d616ed7a480f179e8d7072b70c73324157b5c7b9b3cef5b7859d773e6d74802b,public trajectory or preregistered composed workload; 30 stochastic seeds nested within each unit,10,30,CA-HMCD vs Genetic-Algorithm,common_task_response_time,CA-HMCD,Genetic-Algorithm,-0.0002255995,-0.0009503374,1.03741e-05,0.6875,1.0,-0.3580208099,-0.2380952381,0.5,False,performance.anti_uav410.load_2.common_task_response_time,primary performance,CA-HMCD vs Genetic-Algorithm,common_task_response_time,CA-HMCD,Genetic-Algorithm,lower,anti_uav410,2,anti_uav410.load_2,Anti-UAV410 load 2,,10,30,0.4193186283,0.4195442278,-0.0002255995,-0.0009503374,1.03741e-05,,"BCa paired cluster bootstrap, 10000 resamples",8.0,two-sided paired Wilcoxon signed-rank test,0.6875,1.0,-0.3580208099,-0.2380952381,0.5,AU-L02-W01;AU-L02-W02;AU-L02-W03;AU-L02-W04;AU-L02-W05;AU-L02-W06;AU-L02-W07;AU-L02-W08;AU-L02-W09;AU-L02-W10,2,False,,,,,,,,
external_full_candidate_baselines::0113,external_full_candidate_baselines,external_full_candidate_baselines::performance.anti_uav410.load_4.common_task_response_time,performance.anti_uav410.load_4.common_task_response_time,ca_hmcd_external_baselines_analysis_20260917\paired_statistics.csv,d616ed7a480f179e8d7072b70c73324157b5c7b9b3cef5b7859d773e6d74802b,public trajectory or preregistered composed workload; 30 stochastic seeds nested within each unit,8,30,CA-HMCD vs HiGHS-MILP,common_task_response_time,CA-HMCD,HiGHS-MILP,-2.63451e-05,-7.29407e-05,-1.038e-06,0.25,0.25,-0.5053895919,-1.0,0.6875,False,performance.anti_uav410.load_4.common_task_response_time,primary performance,CA-HMCD vs HiGHS-MILP,common_task_response_time,CA-HMCD,HiGHS-MILP,lower,anti_uav410,4,anti_uav410.load_4,Anti-UAV410 load 4,,8,30,0.4306315353,0.4306578805,-2.63451e-05,-7.29407e-05,-1.038e-06,,"BCa paired cluster bootstrap, 10000 resamples",0,two-sided paired Wilcoxon signed-rank test,0.25,0.25,-0.5053895919,-1.0,0.6875,AU-L04-W01;AU-L04-W02;AU-L04-W03;AU-L04-W04;AU-L04-W05;AU-L04-W06;AU-L04-W07;AU-L04-W08,2,False,,,,,,,,
external_full_candidate_baselines::0114,external_full_candidate_baselines,external_full_candidate_baselines::performance.anti_uav410.load_4.common_task_response_time,performance.anti_uav410.load_4.common_task_response_time,ca_hmcd_external_baselines_analysis_20260917\paired_statistics.csv,d616ed7a480f179e8d7072b70c73324157b5c7b9b3cef5b7859d773e6d74802b,public trajectory or preregistered composed workload; 30 stochastic seeds nested within each unit,8,30,CA-HMCD vs Genetic-Algorithm,common_task_response_time,CA-HMCD,Genetic-Algorithm,-0.0012441781,-0.0019948141,-0.0006003435,0.0078125,0.015625,-1.1501495762,-1.0,1.0,True,performance.anti_uav410.load_4.common_task_response_time,primary performance,CA-HMCD vs Genetic-Algorithm,common_task_response_time,CA-HMCD,Genetic-Algorithm,lower,anti_uav410,4,anti_uav410.load_4,Anti-UAV410 load 4,,8,30,0.4308356972,0.4320798753,-0.0012441781,-0.0019948141,-0.0006003435,,"BCa paired cluster bootstrap, 10000 resamples",0,two-sided paired Wilcoxon signed-rank test,0.0078125,0.015625,-1.1501495762,-1.0,1.0,AU-L04-W01;AU-L04-W02;AU-L04-W03;AU-L04-W04;AU-L04-W05;AU-L04-W06;AU-L04-W07;AU-L04-W08,2,True,,,,,,,,
external_full_candidate_baselines::0115,external_full_candidate_baselines,external_full_candidate_baselines::performance.anti_uav410.load_6.common_task_response_time,performance.anti_uav410.load_6.common_task_response_time,ca_hmcd_external_baselines_analysis_20260917\paired_statistics.csv,d616ed7a480f179e8d7072b70c73324157b5c7b9b3cef5b7859d773e6d74802b,public trajectory or preregistered composed workload; 30 stochastic seeds nested within each unit,6,30,CA-HMCD vs HiGHS-MILP,common_task_response_time,CA-HMCD,HiGHS-MILP,-0.0044199646,-0.0062850049,-0.0018763347,0.03125,0.0625,-1.5073059353,-1.0,1.0,False,performance.anti_uav410.load_6.common_task_response_time,primary performance,CA-HMCD vs HiGHS-MILP,common_task_response_time,CA-HMCD,HiGHS-MILP,lower,anti_uav410,6,anti_uav410.load_6,Anti-UAV410 load 6,,6,30,0.4442573678,0.4486773324,-0.0044199646,-0.0062850049,-0.0018763347,,"BCa paired cluster bootstrap, 10000 resamples",0,two-sided paired Wilcoxon signed-rank test,0.03125,0.0625,-1.5073059353,-1.0,1.0,AU-L06-W01;AU-L06-W02;AU-L06-W03;AU-L06-W04;AU-L06-W05;AU-L06-W06,2,False,,,,,,,,
external_full_candidate_baselines::0116,external_full_candidate_baselines,external_full_candidate_baselines::performance.anti_uav410.load_6.common_task_response_time,performance.anti_uav410.load_6.common_task_response_time,ca_hmcd_external_baselines_analysis_20260917\paired_statistics.csv,d616ed7a480f179e8d7072b70c73324157b5c7b9b3cef5b7859d773e6d74802b,public trajectory or preregistered composed workload; 30 stochastic seeds nested within each unit,6,30,CA-HMCD vs Genetic-Algorithm,common_task_response_time,CA-HMCD,Genetic-Algorithm,-0.0076996282,-0.0100512715,-0.0028684016,0.0625,0.0625,-1.7629527863,-0.9047619048,0.8333333333,False,performance.anti_uav410.load_6.common_task_response_time,primary performance,CA-HMCD vs Genetic-Algorithm,common_task_response_time,CA-HMCD,Genetic-Algorithm,lower,anti_uav410,6,anti_uav410.load_6,Anti-UAV410 load 6,,6,30,0.444748095,0.4524477232,-0.0076996282,-0.0100512715,-0.0028684016,,"BCa paired cluster bootstrap, 10000 resamples",1.0,two-sided paired Wilcoxon signed-rank test,0.0625,0.0625,-1.7629527863,-0.9047619048,0.8333333333,AU-L06-W01;AU-L06-W02;AU-L06-W03;AU-L06-W04;AU-L06-W05;AU-L06-W06,2,False,,,,,,,,
external_full_candidate_baselines::0117,external_full_candidate_baselines,external_full_candidate_baselines::performance.anti_uav410.load_8.common_task_response_time,performance.anti_uav410.load_8.common_task_response_time,ca_hmcd_external_baselines_analysis_20260917\paired_statistics.csv,d616ed7a480f179e8d7072b70c73324157b5c7b9b3cef5b7859d773e6d74802b,public trajectory or preregistered composed workload; 30 stochastic seeds nested within each unit,4,30,CA-HMCD vs HiGHS-MILP,common_task_response_time,CA-HMCD,HiGHS-MILP,-0.0056264278,-0.0077788469,-0.0042525766,0.125,0.25,-2.669348934,-1.0,1.0,False,performance.anti_uav410.load_8.common_task_response_time,primary performance,CA-HMCD vs HiGHS-MILP,common_task_response_time,CA-HMCD,HiGHS-MILP,lower,anti_uav410,8,anti_uav410.load_8,Anti-UAV410 load 8,,4,30,0.4119032889,0.4175297167,-0.0056264278,-0.0077788469,-0.0042525766,,"BCa paired cluster bootstrap, 10000 resamples",0,two-sided paired Wilcoxon signed-rank test,0.125,0.25,-2.669348934,-1.0,1.0,AU-L08-W01;AU-L08-W02;AU-L08-W03;AU-L08-W04,2,False,,,,,,,,
external_full_candidate_baselines::0118,external_full_candidate_baselines,external_full_candidate_baselines::performance.anti_uav410.load_8.common_task_response_time,performance.anti_uav410.load_8.common_task_response_time,ca_hmcd_external_baselines_analysis_20260917\paired_statistics.csv,d616ed7a480f179e8d7072b70c73324157b5c7b9b3cef5b7859d773e6d74802b,public trajectory or preregistered composed workload; 30 stochastic seeds nested within each unit,4,30,CA-HMCD vs Genetic-Algorithm,common_task_response_time,CA-HMCD,Genetic-Algorithm,-0.0083181424,-0.0117133872,-0.0061599179,0.125,0.25,-2.4090122673,-1.0,1.0,False,performance.anti_uav410.load_8.common_task_response_time,primary performance,CA-HMCD vs Genetic-Algorithm,common_task_response_time,CA-HMCD,Genetic-Algorithm,lower,anti_uav410,8,anti_uav410.load_8,Anti-UAV410 load 8,,4,30,0.4119912855,0.4203094279,-0.0083181424,-0.0117133872,-0.0061599179,,"BCa paired cluster bootstrap, 10000 resamples",0,two-sided paired Wilcoxon signed-rank test,0.125,0.25,-2.4090122673,-1.0,1.0,AU-L08-W01;AU-L08-W02;AU-L08-W03;AU-L08-W04,2,False,,,,,,,,
external_full_candidate_baselines::0119,external_full_candidate_baselines,external_full_candidate_baselines::performance.uzh_fpv.load_1.common_task_response_time,performance.uzh_fpv.load_1.common_task_response_time,ca_hmcd_external_baselines_analysis_20260917\paired_statistics.csv,d616ed7a480f179e8d7072b70c73324157b5c7b9b3cef5b7859d773e6d74802b,public trajectory or preregistered composed workload; 30 stochastic seeds nested within each unit,16,30,CA-HMCD vs HiGHS-MILP,common_task_response_time,CA-HMCD,HiGHS-MILP,0.0,0.0,0.0,1.0,1.0,0.0,0.0,0.5,False,performance.uzh_fpv.load_1.common_task_response_time,primary performance,CA-HMCD vs HiGHS-MILP,common_task_response_time,CA-HMCD,HiGHS-MILP,lower,uzh_fpv,1,uzh_fpv.load_1,UZH-FPV single-target replay,,16,30,0.400359474,0.400359474,0.0,0.0,0.0,,"BCa paired cluster bootstrap, 10000 resamples",0.0,two-sided paired Wilcoxon signed-rank test,1.0,1.0,0.0,0.0,0.5,indoor_45_12;indoor_45_13;indoor_45_14;indoor_45_2;indoor_45_4;indoor_45_9;indoor_forward_10;indoor_forward_3;indoor_forward_5;indoor_forward_6;indoor_forward_7;indoor_forward_9;outdoor_45_1;outdoor_forward_1;outdoor_forward_3;outdoor_forward_5,2,False,,,,,,,,
external_full_candidate_baselines::0120,external_full_candidate_baselines,external_full_candidate_baselines::performance.uzh_fpv.load_1.common_task_response_time,performance.uzh_fpv.load_1.common_task_response_time,ca_hmcd_external_baselines_analysis_20260917\paired_statistics.csv,d616ed7a480f179e8d7072b70c73324157b5c7b9b3cef5b7859d773e6d74802b,public trajectory or preregistered composed workload; 30 stochastic seeds nested within each unit,16,30,CA-HMCD vs Genetic-Algorithm,common_task_response_time,CA-HMCD,Genetic-Algorithm,0.0,0.0,0.0,1.0,1.0,0.0,0.0,0.5,False,performance.uzh_fpv.load_1.common_task_response_time,primary performance,CA-HMCD vs Genetic-Algorithm,common_task_response_time,CA-HMCD,Genetic-Algorithm,lower,uzh_fpv,1,uzh_fpv.load_1,UZH-FPV single-target replay,,16,30,0.400359474,0.400359474,0.0,0.0,0.0,,"BCa paired cluster bootstrap, 10000 resamples",0.0,two-sided paired Wilcoxon signed-rank test,1.0,1.0,0.0,0.0,0.5,indoor_45_12;indoor_45_13;indoor_45_14;indoor_45_2;indoor_45_4;indoor_45_9;indoor_forward_10;indoor_forward_3;indoor_forward_5;indoor_forward_6;indoor_forward_7;indoor_forward_9;outdoor_45_1;outdoor_forward_1;outdoor_forward_3;outdoor_forward_5,2,False,,,,,,,,
parameter_robustness::0001,parameter_robustness,parameter_robustness::parameter_robustness.alpha_cost.independent_service_score,parameter_robustness.alpha_cost.independent_service_score,ca_hmcd_parameter_robustness_analysis_20260917\paired_statistics_36.csv,af30770ca23a47602543e1de1c80cf93af6d140571de970cf6d74cd827729f0d,one complete seeded 12-period simulation trajectory,30,12,alpha_cost=0.06: CA-HMCD vs External-Auction,independent_service_score,CA-HMCD,External-Auction,0.027557752058882074,0.02203802269222635,0.03418582845622455,1.825371456361214e-06,1.0952228738167284e-05,1.5741977615250862,1.0,1.0,True,parameter_robustness.alpha_cost.independent_service_score,parameter robustness,alpha_cost=0.06: CA-HMCD vs External-Auction,independent_service_score,CA-HMCD,External-Auction,higher,,,,,,,,0.36607259585531027,0.3385148437964282,0.027557752058882074,0.02203802269222635,0.03418582845622455,mean paired difference at the seed level,"BCa paired bootstrap, 10000 resamples",0,two-sided paired Wilcoxon signed-rank test,1.825371456361214e-06,1.0952228738167284e-05,1.5741977615250862,1.0,,,6,True,,,30,1.0,ca-hmcd-stage1-closure-v2.3,alpha_cost,0.06,12
parameter_robustness::0002,parameter_robustness,parameter_robustness::parameter_robustness.alpha_cost.independent_service_score,parameter_robustness.alpha_cost.independent_service_score,ca_hmcd_parameter_robustness_analysis_20260917\paired_statistics_36.csv,af30770ca23a47602543e1de1c80cf93af6d140571de970cf6d74cd827729f0d,one complete seeded 12-period simulation trajectory,30,12,alpha_cost=0.06: CA-HMCD vs Greedy,independent_service_score,CA-HMCD,Greedy,0.023414480105735123,0.018226702775449598,0.029934480260389244,1.825371456361214e-06,1.0952228738167284e-05,1.4047140120889314,1.0,1.0,True,parameter_robustness.alpha_cost.independent_service_score,parameter robustness,alpha_cost=0.06: CA-HMCD vs Greedy,independent_service_score,CA-HMCD,Greedy,higher,,,,,,,,0.36607259585531027,0.34265811574957517,0.023414480105735123,0.018226702775449598,0.029934480260389244,mean paired difference at the seed level,"BCa paired bootstrap, 10000 resamples",0,two-sided paired Wilcoxon signed-rank test,1.825371456361214e-06,1.0952228738167284e-05,1.4047140120889314,1.0,,,6,True,,,30,1.0,ca-hmcd-stage1-closure-v2.3,alpha_cost,0.06,12
parameter_robustness::0003,parameter_robustness,parameter_robustness::parameter_robustness.alpha_cost.independent_service_score,parameter_robustness.alpha_cost.independent_service_score,ca_hmcd_parameter_robustness_analysis_20260917\paired_statistics_36.csv,af30770ca23a47602543e1de1c80cf93af6d140571de970cf6d74cd827729f0d,one complete seeded 12-period simulation trajectory,30,12,alpha_cost=0.12: CA-HMCD vs External-Auction,independent_service_score,CA-HMCD,External-Auction,0.01814666754012218,0.014160451720481138,0.02275927496145123,2.4753489333888993e-06,1.0952228738167284e-05,1.4775109389757775,0.9870967741935484,0.9333333333333333,True,parameter_robustness.alpha_cost.independent_service_score,parameter robustness,alpha_cost=0.12: CA-HMCD vs External-Auction,independent_service_score,CA-HMCD,External-Auction,higher,,,,,,,,0.3483649924767968,0.3302183249366746,0.01814666754012218,0.014160451720481138,0.02275927496145123,mean paired difference at the seed level,"BCa paired bootstrap, 10000 resamples",3.0,two-sided paired Wilcoxon signed-rank test,2.4753489333888993e-06,1.0952228738167284e-05,1.4775109389757775,0.9870967741935484,,,6,True,,,30,0.9333333333333333,ca-hmcd-stage1-closure-v2.3,alpha_cost,0.12,12
parameter_robustness::0004,parameter_robustness,parameter_robustness::parameter_robustness.alpha_cost.independent_service_score,parameter_robustness.alpha_cost.independent_service_score,ca_hmcd_parameter_robustness_analysis_20260917\paired_statistics_36.csv,af30770ca23a47602543e1de1c80cf93af6d140571de970cf6d74cd827729f0d,one complete seeded 12-period simulation trajectory,30,12,alpha_cost=0.12: CA-HMCD vs Greedy,independent_service_score,CA-HMCD,Greedy,0.01652968634433726,0.012018488817804367,0.022128023459664737,5.602197222870854e-06,1.6806591668612563e-05,1.1658273351876485,0.967816091954023,0.8833333333333333,True,parameter_robustness.alpha_cost.independent_service_score,parameter robustness,alpha_cost=0.12: CA-HMCD vs Greedy,independent_service_score,CA-HMCD,Greedy,higher,,,,,,,,0.3483649924767968,0.33183530613245954,0.01652968634433726,0.012018488817804367,0.022128023459664737,mean paired difference at the seed level,"BCa paired bootstrap, 10000 resamples",7.0,two-sided paired Wilcoxon signed-rank test,5.602197222870854e-06,1.6806591668612563e-05,1.1658273351876485,0.967816091954023,,,6,True,,,30,0.8833333333333333,ca-hmcd-stage1-closure-v2.3,alpha_cost,0.12,12
parameter_robustness::0005,parameter_robustness,parameter_robustness::parameter_robustness.alpha_cost.independent_service_score,parameter_robustness.alpha_cost.independent_service_score,ca_hmcd_parameter_robustness_analysis_20260917\paired_statistics_36.csv,af30770ca23a47602543e1de1c80cf93af6d140571de970cf6d74cd827729f0d,one complete seeded 12-period simulation trajectory,30,12,alpha_cost=0.24: CA-HMCD vs External-Auction,independent_service_score,CA-HMCD,External-Auction,0.00827565666898836,0.004349754733663417,0.013562259497928175,0.0014900543773592853,0.0014900543773592853,0.6301728871273418,0.6896551724137931,0.7666666666666667,True,parameter_robustness.alpha_cost.independent_service_score,parameter robustness,alpha_cost=0.24: CA-HMCD vs External-Auction,independent_service_score,CA-HMCD,External-Auction,higher,,,,,,,,0.31298623048296165,0.30471057381397326,0.00827565666898836,0.004349754733663417,0.013562259497928175,mean paired difference at the seed level,"BCa paired bootstrap, 10000 resamples",63.0,two-sided paired Wilcoxon signed-rank test,0.0014900543773592853,0.0014900543773592853,0.6301728871273418,0.6896551724137931,,,6,True,,,30,0.7666666666666667,ca-hmcd-stage1-closure-v2.3,alpha_cost,0.24,12
parameter_robustness::0006,parameter_robustness,parameter_robustness::parameter_robustness.alpha_cost.independent_service_score,parameter_robustness.alpha_cost.independent_service_score,ca_hmcd_parameter_robustness_analysis_20260917\paired_statistics_36.csv,af30770ca23a47602543e1de1c80cf93af6d140571de970cf6d74cd827729f0d,one complete seeded 12-period simulation trajectory,30,12,alpha_cost=0.24: CA-HMCD vs Greedy,independent_service_score,CA-HMCD,Greedy,0.009389044721338639,0.005233238922160548,0.01510196248672056,0.00035532020258597827,0.0007106404051719565,0.6726333007386017,0.8735177865612648,0.8,True,parameter_robustness.alpha_cost.independent_service_score,parameter robustness,alpha_cost=0.24: CA-HMCD vs Greedy,independent_service_score,CA-HMCD,Greedy,higher,,,,,,,,0.31298623048296165,0.303597185761623,0.009389044721338639,0.005233238922160548,0.01510196248672056,mean paired difference at the seed level,"BCa paired bootstrap, 10000 resamples",16.0,two-sided paired Wilcoxon signed-rank test,0.00035532020258597827,0.0007106404051719565,0.6726333007386017,0.8735177865612648,,,6,True,,,30,0.8,ca-hmcd-stage1-closure-v2.3,alpha_cost,0.24,12
parameter_robustness::0007,parameter_robustness,parameter_robustness::parameter_robustness.beta_time.independent_service_score,parameter_robustness.beta_time.independent_service_score,ca_hmcd_parameter_robustness_analysis_20260917\paired_statistics_36.csv,af30770ca23a47602543e1de1c80cf93af6d140571de970cf6d74cd827729f0d,one complete seeded 12-period simulation trajectory,30,12,beta_time=0.04: CA-HMCD vs External-Auction,independent_service_score,CA-HMCD,External-Auction,0.020269048448496436,0.015517245080611475,0.024954057616338118,3.6943446109527344e-06,1.50152246969759e-05,1.484856044333211,0.9698924731182795,0.9666666666666667,True,parameter_robustness.beta_time.independent_service_score,parameter robustness,beta_time=0.04: CA-HMCD vs External-Auction,independent_service_score,CA-HMCD,External-Auction,higher,,,,,,,,0.35696869380639334,0.3366996453578969,0.020269048448496436,0.015517245080611475,0.024954057616338118,mean paired difference at the seed level,"BCa paired bootstrap, 10000 resamples",7.0,two-sided paired Wilcoxon signed-rank test,3.6943446109527344e-06,1.50152246969759e-05,1.484856044333211,0.9698924731182795,,,6,True,,,30,0.9666666666666667,ca-hmcd-stage1-closure-v2.3,beta_time,0.04,12
parameter_robustness::0008,parameter_robustness,parameter_robustness::parameter_robustness.beta_time.independent_service_score,parameter_robustness.beta_time.independent_service_score,ca_hmcd_parameter_robustness_analysis_20260917\paired_statistics_36.csv,af30770ca23a47602543e1de1c80cf93af6d140571de970cf6d74cd827729f0d,one complete seeded 12-period simulation trajectory,30,12,beta_time=0.04: CA-HMCD vs Greedy,independent_service_score,CA-HMCD,Greedy,0.01870162022627084,0.013840043835526165,0.02449491928032519,3.0030449393951798e-06,1.50152246969759e-05,1.2353184613034474,0.9954022988505747,0.95,True,parameter_robustness.beta_time.independent_service_score,parameter robustness,beta_time=0.04: CA-HMCD vs Greedy,independent_service_score,CA-HMCD,Greedy,higher,,,,,,,,0.35696869380639334,0.3382670735801225,0.01870162022627084,0.013840043835526165,0.02449491928032519,mean paired difference at the seed level,"BCa paired bootstrap, 10000 resamples",1.0,two-sided paired Wilcoxon signed-rank test,3.0030449393951798e-06,1.50152246969759e-05,1.2353184613034474,0.9954022988505747,,,6,True,,,30,0.95,ca-hmcd-stage1-closure-v2.3,beta_time,0.04,12
parameter_robustness::0009,parameter_robustness,parameter_robustness::parameter_robustness.beta_time.independent_service_score,parameter_robustness.beta_time.independent_service_score,ca_hmcd_parameter_robustness_analysis_20260917\paired_statistics_36.csv,af30770ca23a47602543e1de1c80cf93af6d140571de970cf6d74cd827729f0d,one complete seeded 12-period simulation trajectory,30,12,beta_time=0.08: CA-HMCD vs External-Auction,independent_service_score,CA-HMCD,External-Auction,0.01814666754012218,0.013999347924080183,0.022723302233798516,2.4753489333888993e-06,1.4852093600333396e-05,1.4775109389757775,0.9870967741935484,0.9333333333333333,True,parameter_robustness.beta_time.independent_service_score,parameter robustness,beta_time=0.08: CA-HMCD vs External-Auction,independent_service_score,CA-HMCD,External-Auction,higher,,,,,,,,0.3483649924767968,0.3302183249366746,0.01814666754012218,0.013999347924080183,0.022723302233798516,mean paired difference at the seed level,"BCa paired bootstrap, 10000 resamples",3.0,two-sided paired Wilcoxon signed-rank test,2.4753489333888993e-06,1.4852093600333396e-05,1.4775109389757775,0.9870967741935484,,,6,True,,,30,0.9333333333333333,ca-hmcd-stage1-closure-v2.3,beta_time,0.08,12
parameter_robustness::0010,parameter_robustness,parameter_robustness::parameter_robustness.beta_time.independent_service_score,parameter_robustness.beta_time.independent_service_score,ca_hmcd_parameter_robustness_analysis_20260917\paired_statistics_36.csv,af30770ca23a47602543e1de1c80cf93af6d140571de970cf6d74cd827729f0d,one complete seeded 12-period simulation trajectory,30,12,beta_time=0.08: CA-HMCD vs Greedy,independent_service_score,CA-HMCD,Greedy,0.01652968634433726,0.012066988088224227,0.02189079028464053,5.602197222870854e-06,1.50152246969759e-05,1.1658273351876485,0.967816091954023,0.8833333333333333,True,parameter_robustness.beta_time.independent_service_score,parameter robustness,beta_time=0.08: CA-HMCD vs Greedy,independent_service_score,CA-HMCD,Greedy,higher,,,,,,,,0.3483649924767968,0.33183530613245954,0.01652968634433726,0.012066988088224227,0.02189079028464053,mean paired difference at the seed level,"BCa paired bootstrap, 10000 resamples",7.0,two-sided paired Wilcoxon signed-rank test,5.602197222870854e-06,1.50152246969759e-05,1.1658273351876485,0.967816091954023,,,6,True,,,30,0.8833333333333333,ca-hmcd-stage1-closure-v2.3,beta_time,0.08,12
parameter_robustness::0011,parameter_robustness,parameter_robustness::parameter_robustness.beta_time.independent_service_score,parameter_robustness.beta_time.independent_service_score,ca_hmcd_parameter_robustness_analysis_20260917\paired_statistics_36.csv,af30770ca23a47602543e1de1c80cf93af6d140571de970cf6d74cd827729f0d,one complete seeded 12-period simulation trajectory,30,12,beta_time=0.16: CA-HMCD vs External-Auction,independent_service_score,CA-HMCD,External-Auction,0.015317462827911969,0.011352638559288307,0.020350743060871507,4.96712828365053e-06,1.50152246969759e-05,1.2074516651389162,0.956989247311828,0.9,True,parameter_robustness.beta_time.independent_service_score,parameter robustness,beta_time=0.16: CA-HMCD vs External-Auction,independent_service_score,CA-HMCD,External-Auction,higher,,,,,,,,0.3335633956215212,0.31824593279360924,0.015317462827911969,0.011352638559288307,0.020350743060871507,mean paired difference at the seed level,"BCa paired bootstrap, 10000 resamples",10.0,two-sided paired Wilcoxon signed-rank test,4.96712828365053e-06,1.50152246969759e-05,1.2074516651389162,0.956989247311828,,,6,True,,,30,0.9,ca-hmcd-stage1-closure-v2.3,beta_time,0.16,12
parameter_robustness::0012,parameter_robustness,parameter_robustness::parameter_robustness.beta_time.independent_service_score,parameter_robustness.beta_time.independent_service_score,ca_hmcd_parameter_robustness_analysis_20260917\paired_statistics_36.csv,af30770ca23a47602543e1de1c80cf93af6d140571de970cf6d74cd827729f0d,one complete seeded 12-period simulation trajectory,30,12,beta_time=0.16: CA-HMCD vs Greedy,independent_service_score,CA-HMCD,Greedy,0.015999816039859636,0.012107392809153376,0.02079258561007309,3.7034739520019437e-06,1.50152246969759e-05,1.3215615884518477,0.9862068965517241,0.9166666666666666,True,parameter_robustness.beta_time.independent_service_score,parameter robustness,beta_time=0.16: CA-HMCD vs Greedy,independent_service_score,CA-HMCD,Greedy,higher,,,,,,,,0.3335633956215212,0.3175635795816616,0.015999816039859636,0.012107392809153376,0.02079258561007309,mean paired difference at the seed level,"BCa paired bootstrap, 10000 resamples",3.0,two-sided paired Wilcoxon signed-rank test,3.7034739520019437e-06,1.50152246969759e-05,1.3215615884518477,0.9862068965517241,,,6,True,,,30,0.9166666666666666,ca-hmcd-stage1-closure-v2.3,beta_time,0.16,12
parameter_robustness::0013,parameter_robustness,parameter_robustness::parameter_robustness.gamma_unserved.independent_service_score,parameter_robustness.gamma_unserved.independent_service_score,ca_hmcd_parameter_robustness_analysis_20260917\paired_statistics_36.csv,af30770ca23a47602543e1de1c80cf93af6d140571de970cf6d74cd827729f0d,one complete seeded 12-period simulation trajectory,30,12,gamma_unserved=0.1: CA-HMCD vs External-Auction,independent_service_score,CA-HMCD,External-Auction,0.014354830804083745,0.010713951243821624,0.01803979912279506,5.477820172329893e-06,1.0955640344659787e-05,1.3707043648586004,0.9526881720430107,0.9,True,parameter_robustness.gamma_unserved.independent_service_score,parameter robustness,gamma_unserved=0.1: CA-HMCD vs External-Auction,independent_service_score,CA-HMCD,External-Auction,higher,,,,,,,,0.3294921026345589,0.3151372718304752,0.014354830804083745,0.010713951243821624,0.01803979912279506,mean paired difference at the seed level,"BCa paired bootstrap, 10000 resamples",11.0,two-sided paired Wilcoxon signed-rank test,5.477820172329893e-06,1.0955640344659787e-05,1.3707043648586004,0.9526881720430107,,,6,True,,,30,0.9,ca-hmcd-stage1-closure-v2.3,gamma_unserved,0.1,12
parameter_robustness::0014,parameter_robustness,parameter_robustness::parameter_robustness.gamma_unserved.independent_service_score,parameter_robustness.gamma_unserved.independent_service_score,ca_hmcd_parameter_robustness_analysis_20260917\paired_statistics_36.csv,af30770ca23a47602543e1de1c80cf93af6d140571de970cf6d74cd827729f0d,one complete seeded 12-period simulation trajectory,30,12,gamma_unserved=0.1: CA-HMCD vs Greedy,independent_service_score,CA-HMCD,Greedy,0.014717783685610537,0.010930519727931827,0.018775368657671546,2.702369140477986e-06,1.0952228738167284e-05,1.3430929645636,1.0,0.9833333333333333,True,parameter_robustness.gamma_unserved.independent_service_score,parameter robustness,gamma_unserved=0.1: CA-HMCD vs Greedy,independent_service_score,CA-HMCD,Greedy,higher,,,,,,,,0.3294921026345589,0.31477431894894836,0.014717783685610537,0.010930519727931827,0.018775368657671546,mean paired difference at the seed level,"BCa paired bootstrap, 10000 resamples",0,two-sided paired Wilcoxon signed-rank test,2.702369140477986e-06,1.0952228738167284e-05,1.3430929645636,1.0,,,6,True,,,30,0.9833333333333333,ca-hmcd-stage1-closure-v2.3,gamma_unserved,0.1,12
parameter_robustness::0015,parameter_robustness,parameter_robustness::parameter_robustness.gamma_unserved.independent_service_score,parameter_robustness.gamma_unserved.independent_service_score,ca_hmcd_parameter_robustness_analysis_20260917\paired_statistics_36.csv,af30770ca23a47602543e1de1c80cf93af6d140571de970cf6d74cd827729f0d,one complete seeded 12-period simulation trajectory,30,12,gamma_unserved=0.2: CA-HMCD vs External-Auction,independent_service_score,CA-HMCD,External-Auction,0.01814666754012218,0.01404415154150276,0.022735716344858138,2.4753489333888993e-06,1.0952228738167284e-05,1.4775109389757775,0.9870967741935484,0.9333333333333333,True,parameter_robustness.gamma_unserved.independent_service_score,parameter robustness,gamma_unserved=0.2: CA-HMCD vs External-Auction,independent_service_score,CA-HMCD,External-Auction,higher,,,,,,,,0.3483649924767968,0.3302183249366746,0.01814666754012218,0.01404415154150276,0.022735716344858138,mean paired difference at the seed level,"BCa paired bootstrap, 10000 resamples",3.0,two-sided paired Wilcoxon signed-rank test,2.4753489333888993e-06,1.0952228738167284e-05,1.4775109389757775,0.9870967741935484,,,6,True,,,30,0.9333333333333333,ca-hmcd-stage1-closure-v2.3,gamma_unserved,0.2,12
parameter_robustness::0016,parameter_robustness,parameter_robustness::parameter_robustness.gamma_unserved.independent_service_score,parameter_robustness.gamma_unserved.independent_service_score,ca_hmcd_parameter_robustness_analysis_20260917\paired_statistics_36.csv,af30770ca23a47602543e1de1c80cf93af6d140571de970cf6d74cd827729f0d,one complete seeded 12-period simulation trajectory,30,12,gamma_unserved=0.2: CA-HMCD vs Greedy,independent_service_score,CA-HMCD,Greedy,0.01652968634433726,0.011895823730590581,0.02203611616752593,5.602197222870854e-06,1.0955640344659787e-05,1.1658273351876485,0.967816091954023,0.8833333333333333,True,parameter_robustness.gamma_unserved.independent_service_score,parameter robustness,gamma_unserved=0.2: CA-HMCD vs Greedy,independent_service_score,CA-HMCD,Greedy,higher,,,,,,,,0.3483649924767968,0.33183530613245954,0.01652968634433726,0.011895823730590581,0.02203611616752593,mean paired difference at the seed level,"BCa paired bootstrap, 10000 resamples",7.0,two-sided paired Wilcoxon signed-rank test,5.602197222870854e-06,1.0955640344659787e-05,1.1658273351876485,0.967816091954023,,,6,True,,,30,0.8833333333333333,ca-hmcd-stage1-closure-v2.3,gamma_unserved,0.2,12
parameter_robustness::0017,parameter_robustness,parameter_robustness::parameter_robustness.gamma_unserved.independent_service_score,parameter_robustness.gamma_unserved.independent_service_score,ca_hmcd_parameter_robustness_analysis_20260917\paired_statistics_36.csv,af30770ca23a47602543e1de1c80cf93af6d140571de970cf6d74cd827729f0d,one complete seeded 12-period simulation trajectory,30,12,gamma_unserved=0.4: CA-HMCD vs External-Auction,independent_service_score,CA-HMCD,External-Auction,0.02290841344103463,0.018264473513337237,0.02769391195203122,1.825371456361214e-06,1.0952228738167284e-05,1.7169925520205478,1.0,1.0,True,parameter_robustness.gamma_unserved.independent_service_score,parameter robustness,gamma_unserved=0.4: CA-HMCD vs External-Auction,independent_service_score,CA-HMCD,External-Auction,higher,,,,,,,,0.36868230784419614,0.34577389440316153,0.02290841344103463,0.018264473513337237,0.02769391195203122,mean paired difference at the seed level,"BCa paired bootstrap, 10000 resamples",0,two-sided paired Wilcoxon signed-rank test,1.825371456361214e-06,1.0952228738167284e-05,1.7169925520205478,1.0,,,6,True,,,30,1.0,ca-hmcd-stage1-closure-v2.3,gamma_unserved,0.4,12
parameter_robustness::0018,parameter_robustness,parameter_robustness::parameter_robustness.gamma_unserved.independent_service_score,parameter_robustness.gamma_unserved.independent_service_score,ca_hmcd_parameter_robustness_analysis_20260917\paired_statistics_36.csv,af30770ca23a47602543e1de1c80cf93af6d140571de970cf6d74cd827729f0d,one complete seeded 12-period simulation trajectory,30,12,gamma_unserved=0.4: CA-HMCD vs Greedy,independent_service_score,CA-HMCD,Greedy,0.02173520958905301,0.01740104268359071,0.026597693940323384,1.825371456361214e-06,1.0952228738167284e-05,1.6614069351747909,1.0,1.0,True,parameter_robustness.gamma_unserved.independent_service_score,parameter robustness,gamma_unserved=0.4: CA-HMCD vs Greedy,independent_service_score,CA-HMCD,Greedy,higher,,,,,,,,0.36868230784419614,0.3469470982551431,0.02173520958905301,0.01740104268359071,0.026597693940323384,mean paired difference at the seed level,"BCa paired bootstrap, 10000 resamples",0,two-sided paired Wilcoxon signed-rank test,1.825371456361214e-06,1.0952228738167284e-05,1.6614069351747909,1.0,,,6,True,,,30,1.0,ca-hmcd-stage1-closure-v2.3,gamma_unserved,0.4,12
parameter_robustness::0019,parameter_robustness,parameter_robustness::parameter_robustness.lambda_redundancy.independent_service_score,parameter_robustness.lambda_redundancy.independent_service_score,ca_hmcd_parameter_robustness_analysis_20260917\paired_statistics_36.csv,af30770ca23a47602543e1de1c80cf93af6d140571de970cf6d74cd827729f0d,one complete seeded 12-period simulation trajectory,30,12,lambda_redundancy=0.06: CA-HMCD vs External-Auction,independent_service_score,CA-HMCD,External-Auction,0.018130314285157455,0.014026639973131846,0.022815559277192768,2.4753489333888993e-06,1.4852093600333396e-05,1.4338713130994554,0.9870967741935484,0.9333333333333333,True,parameter_robustness.lambda_redundancy.independent_service_score,parameter robustness,lambda_redundancy=0.06: CA-HMCD vs External-Auction,independent_service_score,CA-HMCD,External-Auction,higher,,,,,,,,0.34834863922183207,0.3302183249366746,0.018130314285157455,0.014026639973131846,0.022815559277192768,mean paired difference at the seed level,"BCa paired bootstrap, 10000 resamples",3.0,two-sided paired Wilcoxon signed-rank test,2.4753489333888993e-06,1.4852093600333396e-05,1.4338713130994554,0.9870967741935484,,,6,True,,,30,0.9333333333333333,ca-hmcd-stage1-closure-v2.3,lambda_redundancy,0.06,12
parameter_robustness::0020,parameter_robustness,parameter_robustness::parameter_robustness.lambda_redundancy.independent_service_score,parameter_robustness.lambda_redundancy.independent_service_score,ca_hmcd_parameter_robustness_analysis_20260917\paired_statistics_36.csv,af30770ca23a47602543e1de1c80cf93af6d140571de970cf6d74cd827729f0d,one complete seeded 12-period simulation trajectory,30,12,lambda_redundancy=0.06: CA-HMCD vs Greedy,independent_service_score,CA-HMCD,Greedy,0.01664435589334324,0.01202047404800273,0.022392835199160015,4.559053220747418e-06,1.4852093600333396e-05,1.1533881826436714,0.9770114942528736,0.9166666666666666,True,parameter_robustness.lambda_redundancy.independent_service_score,parameter robustness,lambda_redundancy=0.06: CA-HMCD vs Greedy,independent_service_score,CA-HMCD,Greedy,higher,,,,,,,,0.34834863922183207,0.33170428332848884,0.01664435589334324,0.01202047404800273,0.022392835199160015,mean paired difference at the seed level,"BCa paired bootstrap, 10000 resamples",5.0,two-sided paired Wilcoxon signed-rank test,4.559053220747418e-06,1.4852093600333396e-05,1.1533881826436714,0.9770114942528736,,,6,True,,,30,0.9166666666666666,ca-hmcd-stage1-closure-v2.3,lambda_redundancy,0.06,12
parameter_robustness::0021,parameter_robustness,parameter_robustness::parameter_robustness.lambda_redundancy.independent_service_score,parameter_robustness.lambda_redundancy.independent_service_score,ca_hmcd_parameter_robustness_analysis_20260917\paired_statistics_36.csv,af30770ca23a47602543e1de1c80cf93af6d140571de970cf6d74cd827729f0d,one complete seeded 12-period simulation trajectory,30,12,lambda_redundancy=0.12: CA-HMCD vs External-Auction,independent_service_score,CA-HMCD,External-Auction,0.01814666754012218,0.013934822052723901,0.022711114441281134,2.4753489333888993e-06,1.4852093600333396e-05,1.4775109389757775,0.9870967741935484,0.9333333333333333,True,parameter_robustness.lambda_redundancy.independent_service_score,parameter robustness,lambda_redundancy=0.12: CA-HMCD vs External-Auction,independent_service_score,CA-HMCD,External-Auction,higher,,,,,,,,0.3483649924767968,0.3302183249366746,0.01814666754012218,0.013934822052723901,0.022711114441281134,mean paired difference at the seed level,"BCa paired bootstrap, 10000 resamples",3.0,two-sided paired Wilcoxon signed-rank test,2.4753489333888993e-06,1.4852093600333396e-05,1.4775109389757775,0.9870967741935484,,,6,True,,,30,0.9333333333333333,ca-hmcd-stage1-closure-v2.3,lambda_redundancy,0.12,12
parameter_robustness::0022,parameter_robustness,parameter_robustness::parameter_robustness.lambda_redundancy.independent_service_score,parameter_robustness.lambda_redundancy.independent_service_score,ca_hmcd_parameter_robustness_analysis_20260917\paired_statistics_36.csv,af30770ca23a47602543e1de1c80cf93af6d140571de970cf6d74cd827729f0d,one complete seeded 12-period simulation trajectory,30,12,lambda_redundancy=0.12: CA-HMCD vs Greedy,independent_service_score,CA-HMCD,Greedy,0.01652968634433726,0.012132713634504053,0.022013466501795587,5.602197222870854e-06,1.4852093600333396e-05,1.1658273351876485,0.967816091954023,0.8833333333333333,True,parameter_robustness.lambda_redundancy.independent_service_score,parameter robustness,lambda_redundancy=0.12: CA-HMCD vs Greedy,independent_service_score,CA-HMCD,Greedy,higher,,,,,,,,0.3483649924767968,0.33183530613245954,0.01652968634433726,0.012132713634504053,0.022013466501795587,mean paired difference at the seed level,"BCa paired bootstrap, 10000 resamples",7.0,two-sided paired Wilcoxon signed-rank test,5.602197222870854e-06,1.4852093600333396e-05,1.1658273351876485,0.967816091954023,,,6,True,,,30,0.8833333333333333,ca-hmcd-stage1-closure-v2.3,lambda_redundancy,0.12,12
parameter_robustness::0023,parameter_robustness,parameter_robustness::parameter_robustness.lambda_redundancy.independent_service_score,parameter_robustness.lambda_redundancy.independent_service_score,ca_hmcd_parameter_robustness_analysis_20260917\paired_statistics_36.csv,af30770ca23a47602543e1de1c80cf93af6d140571de970cf6d74cd827729f0d,one complete seeded 12-period simulation trajectory,30,12,lambda_redundancy=0.24: CA-HMCD vs External-Auction,independent_service_score,CA-HMCD,External-Auction,0.017760535901180416,0.013520813671854634,0.022363611329192176,2.4753489333888993e-06,1.4852093600333396e-05,1.3997101213864416,0.9870967741935484,0.9333333333333333,True,parameter_robustness.lambda_redundancy.independent_service_score,parameter robustness,lambda_redundancy=0.24: CA-HMCD vs External-Auction,independent_service_score,CA-HMCD,External-Auction,higher,,,,,,,,0.347978860837855,0.3302183249366746,0.017760535901180416,0.013520813671854634,0.022363611329192176,mean paired difference at the seed level,"BCa paired bootstrap, 10000 resamples",3.0,two-sided paired Wilcoxon signed-rank test,2.4753489333888993e-06,1.4852093600333396e-05,1.3997101213864416,0.9870967741935484,,,6,True,,,30,0.9333333333333333,ca-hmcd-stage1-closure-v2.3,lambda_redundancy,0.24,12
parameter_robustness::0024,parameter_robustness,parameter_robustness::parameter_robustness.lambda_redundancy.independent_service_score,parameter_robustness.lambda_redundancy.independent_service_score,ca_hmcd_parameter_robustness_analysis_20260917\paired_statistics_36.csv,af30770ca23a47602543e1de1c80cf93af6d140571de970cf6d74cd827729f0d,one complete seeded 12-period simulation trajectory,30,12,lambda_redundancy=0.24: CA-HMCD vs Greedy,independent_service_score,CA-HMCD,Greedy,0.01616463235922339,0.011317608923208457,0.02244353739462553,7.655997423266193e-06,1.4852093600333396e-05,1.0157734238467686,0.9704433497536946,0.8666666666666667,True,parameter_robustness.lambda_redundancy.independent_service_score,parameter robustness,lambda_redundancy=0.24: CA-HMCD vs Greedy,independent_service_score,CA-HMCD,Greedy,higher,,,,,,,,0.347978860837855,0.33181422847863157,0.01616463235922339,0.011317608923208457,0.02244353739462553,mean paired difference at the seed level,"BCa paired bootstrap, 10000 resamples",6.0,two-sided paired Wilcoxon signed-rank test,7.655997423266193e-06,1.4852093600333396e-05,1.0157734238467686,0.9704433497536946,,,6,True,,,30,0.8666666666666667,ca-hmcd-stage1-closure-v2.3,lambda_redundancy,0.24,12
parameter_robustness::0025,parameter_robustness,parameter_robustness::parameter_robustness.lambda_switch.independent_service_score,parameter_robustness.lambda_switch.independent_service_score,ca_hmcd_parameter_robustness_analysis_20260917\paired_statistics_36.csv,af30770ca23a47602543e1de1c80cf93af6d140571de970cf6d74cd827729f0d,one complete seeded 12-period simulation trajectory,30,12,lambda_switch=0.05: CA-HMCD vs External-Auction,independent_service_score,CA-HMCD,External-Auction,0.03524660993496514,0.030874021780268206,0.03966100178198184,1.825371456361214e-06,1.0952228738167284e-05,2.7966203176592006,1.0,1.0,True,parameter_robustness.lambda_switch.independent_service_score,parameter robustness,lambda_switch=0.05: CA-HMCD vs External-Auction,independent_service_score,CA-HMCD,External-Auction,higher,,,,,,,,0.3745191313416407,0.3392725214066756,0.03524660993496514,0.030874021780268206,0.03966100178198184,mean paired difference at the seed level,"BCa paired bootstrap, 10000 resamples",0,two-sided paired Wilcoxon signed-rank test,1.825371456361214e-06,1.0952228738167284e-05,2.7966203176592006,1.0,,,6,True,,,30,1.0,ca-hmcd-stage1-closure-v2.3,lambda_switch,0.05,12
parameter_robustness::0026,parameter_robustness,parameter_robustness::parameter_robustness.lambda_switch.independent_service_score,parameter_robustness.lambda_switch.independent_service_score,ca_hmcd_parameter_robustness_analysis_20260917\paired_statistics_36.csv,af30770ca23a47602543e1de1c80cf93af6d140571de970cf6d74cd827729f0d,one complete seeded 12-period simulation trajectory,30,12,lambda_switch=0.05: CA-HMCD vs Greedy,independent_service_score,CA-HMCD,Greedy,0.030715216462043164,0.0259627875763798,0.03539159552258808,1.825371456361214e-06,1.0952228738167284e-05,2.2890104895705963,1.0,1.0,True,parameter_robustness.lambda_switch.independent_service_score,parameter robustness,lambda_switch=0.05: CA-HMCD vs Greedy,independent_service_score,CA-HMCD,Greedy,higher,,,,,,,,0.3745191313416407,0.34380391487959755,0.030715216462043164,0.0259627875763798,0.03539159552258808,mean paired difference at the seed level,"BCa paired bootstrap, 10000 resamples",0,two-sided paired Wilcoxon signed-rank test,1.825371456361214e-06,1.0952228738167284e-05,2.2890104895705963,1.0,,,6,True,,,30,1.0,ca-hmcd-stage1-closure-v2.3,lambda_switch,0.05,12
parameter_robustness::0027,parameter_robustness,parameter_robustness::parameter_robustness.lambda_switch.independent_service_score,parameter_robustness.lambda_switch.independent_service_score,ca_hmcd_parameter_robustness_analysis_20260917\paired_statistics_36.csv,af30770ca23a47602543e1de1c80cf93af6d140571de970cf6d74cd827729f0d,one complete seeded 12-period simulation trajectory,30,12,lambda_switch=0.1: CA-HMCD vs External-Auction,independent_service_score,CA-HMCD,External-Auction,0.01814666754012218,0.014093602188409275,0.022765469524736227,2.4753489333888993e-06,1.0952228738167284e-05,1.4775109389757775,0.9870967741935484,0.9333333333333333,True,parameter_robustness.lambda_switch.independent_service_score,parameter robustness,lambda_switch=0.1: CA-HMCD vs External-Auction,independent_service_score,CA-HMCD,External-Auction,higher,,,,,,,,0.3483649924767968,0.3302183249366746,0.01814666754012218,0.014093602188409275,0.022765469524736227,mean paired difference at the seed level,"BCa paired bootstrap, 10000 resamples",3.0,two-sided paired Wilcoxon signed-rank test,2.4753489333888993e-06,1.0952228738167284e-05,1.4775109389757775,0.9870967741935484,,,6,True,,,30,0.9333333333333333,ca-hmcd-stage1-closure-v2.3,lambda_switch,0.1,12
parameter_robustness::0028,parameter_robustness,parameter_robustness::parameter_robustness.lambda_switch.independent_service_score,parameter_robustness.lambda_switch.independent_service_score,ca_hmcd_parameter_robustness_analysis_20260917\paired_statistics_36.csv,af30770ca23a47602543e1de1c80cf93af6d140571de970cf6d74cd827729f0d,one complete seeded 12-period simulation trajectory,30,12,lambda_switch=0.1: CA-HMCD vs Greedy,independent_service_score,CA-HMCD,Greedy,0.01652968634433726,0.012036083746582835,0.022035471063709327,5.602197222870854e-06,1.6806591668612563e-05,1.1658273351876485,0.967816091954023,0.8833333333333333,True,parameter_robustness.lambda_switch.independent_service_score,parameter robustness,lambda_switch=0.1: CA-HMCD vs Greedy,independent_service_score,CA-HMCD,Greedy,higher,,,,,,,,0.3483649924767968,0.33183530613245954,0.01652968634433726,0.012036083746582835,0.022035471063709327,mean paired difference at the seed level,"BCa paired bootstrap, 10000 resamples",7.0,two-sided paired Wilcoxon signed-rank test,5.602197222870854e-06,1.6806591668612563e-05,1.1658273351876485,0.967816091954023,,,6,True,,,30,0.8833333333333333,ca-hmcd-stage1-closure-v2.3,lambda_switch,0.1,12
parameter_robustness::0029,parameter_robustness,parameter_robustness::parameter_robustness.lambda_switch.independent_service_score,parameter_robustness.lambda_switch.independent_service_score,ca_hmcd_parameter_robustness_analysis_20260917\paired_statistics_36.csv,af30770ca23a47602543e1de1c80cf93af6d140571de970cf6d74cd827729f0d,one complete seeded 12-period simulation trajectory,30,12,lambda_switch=0.2: CA-HMCD vs External-Auction,independent_service_score,CA-HMCD,External-Auction,0.004333346546501065,0.0013380305602261762,0.011232429544133837,0.030517578125,0.030517578125,0.35309222755888725,0.5947712418300654,0.65,True,parameter_robustness.lambda_switch.independent_service_score,parameter robustness,lambda_switch=0.2: CA-HMCD vs External-Auction,independent_service_score,CA-HMCD,External-Auction,higher,,,,,,,,0.2939101060026423,0.2895767594561412,0.004333346546501065,0.0013380305602261762,0.011232429544133837,mean paired difference at the seed level,"BCa paired bootstrap, 10000 resamples",31.0,two-sided paired Wilcoxon signed-rank test,0.030517578125,0.030517578125,0.35309222755888725,0.5947712418300654,,,6,True,,,30,0.65,ca-hmcd-stage1-closure-v2.3,lambda_switch,0.2,12
parameter_robustness::0030,parameter_robustness,parameter_robustness::parameter_robustness.lambda_switch.independent_service_score,parameter_robustness.lambda_switch.independent_service_score,ca_hmcd_parameter_robustness_analysis_20260917\paired_statistics_36.csv,af30770ca23a47602543e1de1c80cf93af6d140571de970cf6d74cd827729f0d,one complete seeded 12-period simulation trajectory,30,12,lambda_switch=0.2: CA-HMCD vs Greedy,independent_service_score,CA-HMCD,Greedy,0.0049044098986981526,0.002069308216914007,0.011862435856550977,0.001708984375,0.00341796875,0.4237635240140296,0.8857142857142857,0.6666666666666666,True,parameter_robustness.lambda_switch.independent_service_score,parameter robustness,lambda_switch=0.2: CA-HMCD vs Greedy,independent_service_score,CA-HMCD,Greedy,higher,,,,,,,,0.2939101060026423,0.2890056961039441,0.0049044098986981526,0.002069308216914007,0.011862435856550977,mean paired difference at the seed level,"BCa paired bootstrap, 10000 resamples",6.0,two-sided paired Wilcoxon signed-rank test,0.001708984375,0.00341796875,0.4237635240140296,0.8857142857142857,,,6,True,,,30,0.6666666666666666,ca-hmcd-stage1-closure-v2.3,lambda_switch,0.2,12
parameter_robustness::0031,parameter_robustness,parameter_robustness::parameter_robustness.synergy_scale.independent_service_score,parameter_robustness.synergy_scale.independent_service_score,ca_hmcd_parameter_robustness_analysis_20260917\paired_statistics_36.csv,af30770ca23a47602543e1de1c80cf93af6d140571de970cf6d74cd827729f0d,one complete seeded 12-period simulation trajectory,30,12,synergy_scale=0.5: CA-HMCD vs External-Auction,independent_service_score,CA-HMCD,External-Auction,0.0176060083999077,0.012995198161808955,0.022623455871774632,3.026501801603416e-06,1.2376744666944496e-05,1.2942189300018478,0.978494623655914,0.9333333333333333,True,parameter_robustness.synergy_scale.independent_service_score,parameter robustness,synergy_scale=0.5: CA-HMCD vs External-Auction,independent_service_score,CA-HMCD,External-Auction,higher,,,,,,,,0.3478243333365823,0.3302183249366746,0.0176060083999077,0.012995198161808955,0.022623455871774632,mean paired difference at the seed level,"BCa paired bootstrap, 10000 resamples",5.0,two-sided paired Wilcoxon signed-rank test,3.026501801603416e-06,1.2376744666944496e-05,1.2942189300018478,0.978494623655914,,,6,True,,,30,0.9333333333333333,ca-hmcd-stage1-closure-v2.3,synergy_scale,0.5,12
parameter_robustness::0032,parameter_robustness,parameter_robustness::parameter_robustness.synergy_scale.independent_service_score,parameter_robustness.synergy_scale.independent_service_score,ca_hmcd_parameter_robustness_analysis_20260917\paired_statistics_36.csv,af30770ca23a47602543e1de1c80cf93af6d140571de970cf6d74cd827729f0d,one complete seeded 12-period simulation trajectory,30,12,synergy_scale=0.5: CA-HMCD vs Greedy,independent_service_score,CA-HMCD,Greedy,0.01700360929773995,0.012272097374267925,0.02263787003666915,2.4753489333888993e-06,1.2376744666944496e-05,1.1590500867442575,0.9870967741935484,0.9333333333333333,True,parameter_robustness.synergy_scale.independent_service_score,parameter robustness,synergy_scale=0.5: CA-HMCD vs Greedy,independent_service_score,CA-HMCD,Greedy,higher,,,,,,,,0.3478243333365823,0.33082072403884233,0.01700360929773995,0.012272097374267925,0.02263787003666915,mean paired difference at the seed level,"BCa paired bootstrap, 10000 resamples",3.0,two-sided paired Wilcoxon signed-rank test,2.4753489333888993e-06,1.2376744666944496e-05,1.1590500867442575,0.9870967741935484,,,6,True,,,30,0.9333333333333333,ca-hmcd-stage1-closure-v2.3,synergy_scale,0.5,12
parameter_robustness::0033,parameter_robustness,parameter_robustness::parameter_robustness.synergy_scale.independent_service_score,parameter_robustness.synergy_scale.independent_service_score,ca_hmcd_parameter_robustness_analysis_20260917\paired_statistics_36.csv,af30770ca23a47602543e1de1c80cf93af6d140571de970cf6d74cd827729f0d,one complete seeded 12-period simulation trajectory,30,12,synergy_scale=1: CA-HMCD vs External-Auction,independent_service_score,CA-HMCD,External-Auction,0.01814666754012218,0.014139436198435143,0.022636340330712837,2.4753489333888993e-06,1.2376744666944496e-05,1.4775109389757775,0.9870967741935484,0.9333333333333333,True,parameter_robustness.synergy_scale.independent_service_score,parameter robustness,synergy_scale=1: CA-HMCD vs External-Auction,independent_service_score,CA-HMCD,External-Auction,higher,,,,,,,,0.3483649924767968,0.3302183249366746,0.01814666754012218,0.014139436198435143,0.022636340330712837,mean paired difference at the seed level,"BCa paired bootstrap, 10000 resamples",3.0,two-sided paired Wilcoxon signed-rank test,2.4753489333888993e-06,1.2376744666944496e-05,1.4775109389757775,0.9870967741935484,,,6,True,,,30,0.9333333333333333,ca-hmcd-stage1-closure-v2.3,synergy_scale,1.0,12
parameter_robustness::0034,parameter_robustness,parameter_robustness::parameter_robustness.synergy_scale.independent_service_score,parameter_robustness.synergy_scale.independent_service_score,ca_hmcd_parameter_robustness_analysis_20260917\paired_statistics_36.csv,af30770ca23a47602543e1de1c80cf93af6d140571de970cf6d74cd827729f0d,one complete seeded 12-period simulation trajectory,30,12,synergy_scale=1: CA-HMCD vs Greedy,independent_service_score,CA-HMCD,Greedy,0.01652968634433726,0.01201784862662477,0.022168258966734387,5.602197222870854e-06,1.2376744666944496e-05,1.1658273351876485,0.967816091954023,0.8833333333333333,True,parameter_robustness.synergy_scale.independent_service_score,parameter robustness,synergy_scale=1: CA-HMCD vs Greedy,independent_service_score,CA-HMCD,Greedy,higher,,,,,,,,0.3483649924767968,0.33183530613245954,0.01652968634433726,0.01201784862662477,0.022168258966734387,mean paired difference at the seed level,"BCa paired bootstrap, 10000 resamples",7.0,two-sided paired Wilcoxon signed-rank test,5.602197222870854e-06,1.2376744666944496e-05,1.1658273351876485,0.967816091954023,,,6,True,,,30,0.8833333333333333,ca-hmcd-stage1-closure-v2.3,synergy_scale,1.0,12
parameter_robustness::0035,parameter_robustness,parameter_robustness::parameter_robustness.synergy_scale.independent_service_score,parameter_robustness.synergy_scale.independent_service_score,ca_hmcd_parameter_robustness_analysis_20260917\paired_statistics_36.csv,af30770ca23a47602543e1de1c80cf93af6d140571de970cf6d74cd827729f0d,one complete seeded 12-period simulation trajectory,30,12,synergy_scale=1.5: CA-HMCD vs External-Auction,independent_service_score,CA-HMCD,External-Auction,0.019140685013684218,0.015357704404360191,0.023276361706805346,2.0212661161444017e-06,1.2127596696866411e-05,1.7063039247227032,0.9956989247311828,0.9666666666666667,True,parameter_robustness.synergy_scale.independent_service_score,parameter robustness,synergy_scale=1.5: CA-HMCD vs External-Auction,independent_service_score,CA-HMCD,External-Auction,higher,,,,,,,,0.3493590099503588,0.3302183249366746,0.019140685013684218,0.015357704404360191,0.023276361706805346,mean paired difference at the seed level,"BCa paired bootstrap, 10000 resamples",1.0,two-sided paired Wilcoxon signed-rank test,2.0212661161444017e-06,1.2127596696866411e-05,1.7063039247227032,0.9956989247311828,,,6,True,,,30,0.9666666666666667,ca-hmcd-stage1-closure-v2.3,synergy_scale,1.5,12
parameter_robustness::0036,parameter_robustness,parameter_robustness::parameter_robustness.synergy_scale.independent_service_score,parameter_robustness.synergy_scale.independent_service_score,ca_hmcd_parameter_robustness_analysis_20260917\paired_statistics_36.csv,af30770ca23a47602543e1de1c80cf93af6d140571de970cf6d74cd827729f0d,one complete seeded 12-period simulation trajectory,30,12,synergy_scale=1.5: CA-HMCD vs Greedy,independent_service_score,CA-HMCD,Greedy,0.01621366511030216,0.011518373418650371,0.021770971432568238,5.054919028594818e-06,1.2376744666944496e-05,1.1311906069828088,0.9724137931034482,0.8833333333333333,True,parameter_robustness.synergy_scale.independent_service_score,parameter robustness,synergy_scale=1.5: CA-HMCD vs Greedy,independent_service_score,CA-HMCD,Greedy,higher,,,,,,,,0.3493590099503588,0.33314534484005665,0.01621366511030216,0.011518373418650371,0.021770971432568238,mean paired difference at the seed level,"BCa paired bootstrap, 10000 resamples",6.0,two-sided paired Wilcoxon signed-rank test,5.054919028594818e-06,1.2376744666944496e-05,1.1311906069828088,0.9724137931034482,,,6,True,,,30,0.8833333333333333,ca-hmcd-stage1-closure-v2.3,synergy_scale,1.5,12
