resources_count,tasks_count,seed,scale_cell,registered_budget_ms,state_fingerprint,exact_optimal,exact_deadline_hit,bounded_deadline_hit,exact_final_feasibility,bounded_final_feasibility,exact_common_response_time,bounded_common_response_time,common_served_task_count,exact_external_objective_per_active_task,bounded_external_objective_per_active_task,exact_independent_service_score,bounded_independent_service_score,exact_independent_coverage,bounded_independent_coverage,exact_decision_runtime_ms,bounded_decision_runtime_ms,exact_candidate_after_diversity,bounded_candidate_after_diversity,exact_nodes,bounded_nodes,exact_fallback,bounded_fallback
10,4,940000,R10-T4,50,24d0c550e3e48c968cb009b7,1,1,1,1.0,1.0,0.5647162893266562,0.5647162893266562,2,0.004828171495456113,0.004828171495456113,0.4471780281103875,0.4471780281103875,0.5,0.5,28.03210000092804,35.76669999893056,126.0,24.0,1.0,214.0,0.0,0.0
10,4,940000,R10-T4,100,24d0c550e3e48c968cb009b7,1,1,1,1.0,1.0,0.5647162893266562,0.5647162893266562,2,0.004828171495456113,0.004828171495456113,0.4471780281103875,0.4471780281103875,0.5,0.5,28.03210000092804,35.29619999972056,126.0,24.0,1.0,214.0,0.0,0.0
10,4,940000,R10-T4,200,24d0c550e3e48c968cb009b7,1,1,1,1.0,1.0,0.5647162893266562,0.5647162893266562,2,0.004828171495456113,0.004828171495456113,0.4471780281103875,0.4471780281103875,0.5,0.5,28.03210000092804,35.04699999939476,126.0,24.0,1.0,214.0,0.0,0.0
10,4,940000,R10-T4,500,24d0c550e3e48c968cb009b7,1,1,1,1.0,1.0,0.5647162893266562,0.5647162893266562,2,0.004828171495456113,0.004828171495456113,0.4471780281103875,0.4471780281103875,0.5,0.5,28.03210000092804,35.22770000017772,126.0,24.0,1.0,214.0,0.0,0.0
10,4,940001,R10-T4,100,03a1c9deb87f3126b077481e,1,1,1,1.0,1.0,0.5164919554838684,0.5164919554838684,2,-0.05255899005914261,-0.05255899005914261,0.38958021868684956,0.38958021868684956,0.5,0.5,21.323999999367516,36.01089999938267,113.0,13.0,0.0,11.0,0.0,0.0
10,4,940001,R10-T4,200,03a1c9deb87f3126b077481e,1,1,1,1.0,1.0,0.5164919554838684,0.5164919554838684,2,-0.05255899005914261,-0.05255899005914261,0.38958021868684956,0.38958021868684956,0.5,0.5,21.323999999367516,35.18719999919995,113.0,13.0,0.0,11.0,0.0,0.0
10,4,940001,R10-T4,500,03a1c9deb87f3126b077481e,1,1,1,1.0,1.0,0.5164919554838684,0.5164919554838684,2,-0.05255899005914261,-0.05255899005914261,0.38958021868684956,0.38958021868684956,0.5,0.5,21.323999999367516,34.13949999958277,113.0,13.0,0.0,11.0,0.0,0.0
10,4,940001,R10-T4,50,03a1c9deb87f3126b077481e,1,1,1,1.0,1.0,0.5164919554838684,0.5164919554838684,2,-0.05255899005914261,-0.05255899005914261,0.38958021868684956,0.38958021868684956,0.5,0.5,21.323999999367516,34.28090000124939,113.0,13.0,0.0,11.0,0.0,0.0
10,4,940002,R10-T4,200,e6f8bd69a276375f9626a49c,1,1,1,1.0,1.0,0.4148797482540589,0.4148797482540589,3,0.028571436112518667,0.028571436112518694,0.5359779714046795,0.5359779714046795,0.75,0.75,35.10830000050191,125.10959999963234,511.0,48.0,1.0,1128.0,0.0,0.0
10,4,940002,R10-T4,500,e6f8bd69a276375f9626a49c,1,1,1,1.0,1.0,0.4148797482540589,0.4148797482540589,3,0.028571436112518667,0.028571436112518694,0.5359779714046795,0.5359779714046795,0.75,0.75,35.10830000050191,139.16530000096827,511.0,48.0,1.0,1128.0,0.0,0.0
10,4,940002,R10-T4,50,e6f8bd69a276375f9626a49c,1,1,0,1.0,1.0,0.338322961584917,0.34679262337855365,2,0.028571436112518667,-0.0195998545230747,0.5359779714046795,0.4289634631263944,0.75,0.5,35.10830000050191,107.52940000020317,511.0,48.0,1.0,0.0,0.0,1.0
10,4,940002,R10-T4,100,e6f8bd69a276375f9626a49c,1,1,0,1.0,1.0,0.338322961584917,0.34679262337855365,2,0.028571436112518667,-0.0195998545230747,0.5359779714046795,0.4289634631263944,0.75,0.5,35.10830000050191,105.59190000094532,511.0,48.0,1.0,0.0,0.0,1.0
10,4,940003,R10-T4,500,c4a0c9b4d084e06f95786138,1,1,1,1.0,1.0,0.4659835380343335,0.4659835380343335,3,-0.021916284557717575,-0.021916284557717575,0.5108404807693178,0.5108404807693178,0.75,0.75,31.718099999125116,39.656700000705314,132.0,31.0,1.0,207.0,0.0,0.0
10,4,940003,R10-T4,50,c4a0c9b4d084e06f95786138,1,1,1,1.0,1.0,0.4659835380343335,0.4659835380343335,3,-0.021916284557717575,-0.021916284557717575,0.5108404807693178,0.5108404807693178,0.75,0.75,31.718099999125116,38.04649999983667,132.0,31.0,1.0,207.0,0.0,0.0
10,4,940003,R10-T4,100,c4a0c9b4d084e06f95786138,1,1,1,1.0,1.0,0.4659835380343335,0.4659835380343335,3,-0.021916284557717575,-0.021916284557717575,0.5108404807693178,0.5108404807693178,0.75,0.75,31.718099999125116,51.621000000523054,132.0,31.0,1.0,207.0,0.0,0.0
10,4,940003,R10-T4,200,c4a0c9b4d084e06f95786138,1,1,1,1.0,1.0,0.4659835380343335,0.4659835380343335,3,-0.021916284557717575,-0.021916284557717575,0.5108404807693178,0.5108404807693178,0.75,0.75,31.718099999125116,40.70470000078785,132.0,31.0,1.0,207.0,0.0,0.0
10,4,940004,R10-T4,50,4aefd02ff487724c61d6093f,1,1,1,1.0,1.0,0.47567468064934737,0.47567468064934737,2,-0.009429352235722346,-0.009429352235722346,0.44605913667298186,0.44605913667298186,0.5,0.5,34.957600000780076,35.11880000041856,113.0,13.0,1.0,61.0,0.0,0.0
10,4,940004,R10-T4,100,4aefd02ff487724c61d6093f,1,1,1,1.0,1.0,0.47567468064934737,0.47567468064934737,2,-0.009429352235722346,-0.009429352235722346,0.44605913667298186,0.44605913667298186,0.5,0.5,34.957600000780076,36.76719999930356,113.0,13.0,1.0,61.0,0.0,0.0
10,4,940004,R10-T4,200,4aefd02ff487724c61d6093f,1,1,1,1.0,1.0,0.47567468064934737,0.47567468064934737,2,-0.009429352235722346,-0.009429352235722346,0.44605913667298186,0.44605913667298186,0.5,0.5,34.957600000780076,35.753899999690475,113.0,13.0,1.0,61.0,0.0,0.0
10,4,940004,R10-T4,500,4aefd02ff487724c61d6093f,1,1,1,1.0,1.0,0.47567468064934737,0.47567468064934737,2,-0.009429352235722346,-0.009429352235722346,0.44605913667298186,0.44605913667298186,0.5,0.5,34.957600000780076,35.13080000084301,113.0,13.0,1.0,61.0,0.0,0.0
10,4,940005,R10-T4,100,be3c0973592a4e52a47cfff6,1,1,1,1.0,1.0,0.53247727100431,0.53247727100431,1,-0.07835682457772446,-0.07835682457772446,0.2739533003791643,0.2739533003791643,0.25,0.25,30.1342000002478,38.1003000002238,112.0,12.0,0.0,38.0,0.0,0.0
10,4,940005,R10-T4,200,be3c0973592a4e52a47cfff6,1,1,1,1.0,1.0,0.53247727100431,0.53247727100431,1,-0.07835682457772446,-0.07835682457772446,0.2739533003791643,0.2739533003791643,0.25,0.25,30.1342000002478,35.91729999970994,112.0,12.0,0.0,38.0,0.0,0.0
10,4,940005,R10-T4,500,be3c0973592a4e52a47cfff6,1,1,1,1.0,1.0,0.53247727100431,0.53247727100431,1,-0.07835682457772446,-0.07835682457772446,0.2739533003791643,0.2739533003791643,0.25,0.25,30.1342000002478,35.913300000174786,112.0,12.0,0.0,38.0,0.0,0.0
10,4,940005,R10-T4,50,be3c0973592a4e52a47cfff6,1,1,1,1.0,1.0,0.53247727100431,0.53247727100431,1,-0.07835682457772446,-0.07835682457772446,0.2739533003791643,0.2739533003791643,0.25,0.25,30.1342000002478,35.12589999991178,112.0,12.0,0.0,38.0,0.0,0.0
10,4,940006,R10-T4,200,0d2e9a0f3139b18255aef67b,1,1,1,1.0,1.0,0.6444151542034046,0.648172470969068,3,-0.013173788610142081,-0.013530459630941225,0.5368133847050038,0.5368340486397352,0.75,0.75,33.126599999377504,107.91590000008,421.0,48.0,1.0,1689.0,0.0,0.0
10,4,940006,R10-T4,500,0d2e9a0f3139b18255aef67b,1,1,1,1.0,1.0,0.6444151542034046,0.648172470969068,3,-0.013173788610142081,-0.013530459630941225,0.5368133847050038,0.5368340486397352,0.75,0.75,33.126599999377504,107.11489999994228,421.0,48.0,1.0,1689.0,0.0,0.0
10,4,940006,R10-T4,50,0d2e9a0f3139b18255aef67b,1,1,0,1.0,1.0,0.6444151542034046,0.6444151542034046,3,-0.013173788610142081,-0.01880937481886913,0.5368133847050038,0.5904365686938874,0.75,1.0,33.126599999377504,90.29999999984284,421.0,48.0,1.0,0.0,0.0,1.0
10,4,940006,R10-T4,100,0d2e9a0f3139b18255aef67b,1,1,0,1.0,1.0,0.6444151542034046,0.6444151542034046,3,-0.013173788610142081,-0.01880937481886913,0.5368133847050038,0.5904365686938874,0.75,1.0,33.126599999377504,102.98760000114271,421.0,48.0,1.0,0.0,0.0,1.0
10,4,940007,R10-T4,500,af4a63a5d2af72d5f33abb5f,1,1,1,1.0,1.0,0.40162421334125875,0.40162421334125875,2,-0.003888688971585466,-0.003888688971585466,0.44846638877760425,0.44846638877760425,0.5,0.5,44.17909999938274,53.142800001296564,224.0,24.0,1.0,211.0,0.0,0.0
10,4,940007,R10-T4,50,af4a63a5d2af72d5f33abb5f,1,1,0,1.0,1.0,0.40162421334125875,0.40162421334125875,2,-0.003888688971585466,-0.003888688971585466,0.44846638877760425,0.44846638877760425,0.5,0.5,44.17909999938274,53.91320000126143,224.0,24.0,1.0,0.0,0.0,1.0
10,4,940007,R10-T4,100,af4a63a5d2af72d5f33abb5f,1,1,1,1.0,1.0,0.40162421334125875,0.40162421334125875,2,-0.003888688971585466,-0.003888688971585466,0.44846638877760425,0.44846638877760425,0.5,0.5,44.17909999938274,51.70250000082888,224.0,24.0,1.0,211.0,0.0,0.0
10,4,940007,R10-T4,200,af4a63a5d2af72d5f33abb5f,1,1,1,1.0,1.0,0.40162421334125875,0.40162421334125875,2,-0.003888688971585466,-0.003888688971585466,0.44846638877760425,0.44846638877760425,0.5,0.5,44.17909999938274,54.178200000023935,224.0,24.0,1.0,211.0,0.0,0.0
10,4,940008,R10-T4,50,4f0c9e28bdcb0718b44eb80e,1,1,0,1.0,1.0,0.461101668755997,0.4665079741680127,2,0.019632795756174812,-0.01547836783131154,0.5411732796471301,0.44004440943147566,0.75,0.5,33.51019999900018,86.98290000029374,375.0,36.0,1.0,0.0,0.0,1.0
10,4,940008,R10-T4,100,4f0c9e28bdcb0718b44eb80e,1,1,1,1.0,1.0,0.5186796731556539,0.5186796731556539,3,0.019632795756174812,0.019632795756174784,0.5411732796471301,0.5411732796471301,0.75,0.75,33.51019999900018,86.07320000010077,375.0,36.0,1.0,359.0,0.0,0.0
10,4,940008,R10-T4,200,4f0c9e28bdcb0718b44eb80e,1,1,1,1.0,1.0,0.5186796731556539,0.5186796731556539,3,0.019632795756174812,0.019632795756174784,0.5411732796471301,0.5411732796471301,0.75,0.75,33.51019999900018,95.3509999999369,375.0,36.0,1.0,359.0,0.0,0.0
10,4,940008,R10-T4,500,4f0c9e28bdcb0718b44eb80e,1,1,1,1.0,1.0,0.5186796731556539,0.5186796731556539,3,0.019632795756174812,0.019632795756174784,0.5411732796471301,0.5411732796471301,0.75,0.75,33.51019999900018,120.31239999851095,375.0,36.0,1.0,359.0,0.0,0.0
10,4,940009,R10-T4,100,ef85fafdcfa845018ef1de18,1,1,1,1.0,1.0,0.4902942283191558,0.4902942283191558,3,-0.04250529304594472,-0.04250529304594472,0.4927780922602546,0.4927780922602546,0.75,0.75,32.57300000041141,96.3318000012805,399.0,36.0,1.0,266.0,0.0,0.0
10,4,940009,R10-T4,200,ef85fafdcfa845018ef1de18,1,1,1,1.0,1.0,0.4902942283191558,0.4902942283191558,3,-0.04250529304594472,-0.04250529304594472,0.4927780922602546,0.4927780922602546,0.75,0.75,32.57300000041141,94.77509999851463,399.0,36.0,1.0,266.0,0.0,0.0
10,4,940009,R10-T4,500,ef85fafdcfa845018ef1de18,1,1,1,1.0,1.0,0.4902942283191558,0.4902942283191558,3,-0.04250529304594472,-0.04250529304594472,0.4927780922602546,0.4927780922602546,0.75,0.75,32.57300000041141,92.9044000004069,399.0,36.0,1.0,266.0,0.0,0.0
10,4,940009,R10-T4,50,ef85fafdcfa845018ef1de18,1,1,0,1.0,1.0,0.4902942283191558,0.47830532457235675,3,-0.04250529304594472,-0.04509895761263624,0.4927780922602546,0.4878093010540835,0.75,0.75,32.57300000041141,88.64429999994172,399.0,36.0,1.0,0.0,0.0,1.0
10,4,940010,R10-T4,200,0646e555c0eacb736845f364,1,1,1,1.0,1.0,0.7024995100472711,0.7024995100472711,1,-0.07504419238399082,-0.07504419238399082,0.30462263740330875,0.30462263740330875,0.25,0.25,33.87459999976272,23.78320000025269,34.0,12.0,1.0,49.0,0.0,0.0
10,4,940010,R10-T4,500,0646e555c0eacb736845f364,1,1,1,1.0,1.0,0.7024995100472711,0.7024995100472711,1,-0.07504419238399082,-0.07504419238399082,0.30462263740330875,0.30462263740330875,0.25,0.25,33.87459999976272,22.170700000060606,34.0,12.0,1.0,49.0,0.0,0.0
10,4,940010,R10-T4,50,0646e555c0eacb736845f364,1,1,1,1.0,1.0,0.7024995100472711,0.7024995100472711,1,-0.07504419238399082,-0.07504419238399082,0.30462263740330875,0.30462263740330875,0.25,0.25,33.87459999976272,23.483900000428548,34.0,12.0,1.0,49.0,0.0,0.0
10,4,940010,R10-T4,100,0646e555c0eacb736845f364,1,1,1,1.0,1.0,0.7024995100472711,0.7024995100472711,1,-0.07504419238399082,-0.07504419238399082,0.30462263740330875,0.30462263740330875,0.25,0.25,33.87459999976272,20.88539999931527,34.0,12.0,1.0,49.0,0.0,0.0
10,4,940011,R10-T4,500,b2ca9364742c10e0fe5069cc,1,1,1,1.0,1.0,0.49078028899869053,0.49078028899869053,2,-0.04717271189773306,-0.04717271189773306,0.4130972745388711,0.4130972745388711,0.5,0.5,46.159999999872525,24.757900000622612,83.0,24.0,1.0,74.0,0.0,0.0
10,4,940011,R10-T4,50,b2ca9364742c10e0fe5069cc,1,1,1,1.0,1.0,0.49078028899869053,0.49078028899869053,2,-0.04717271189773306,-0.04717271189773306,0.4130972745388711,0.4130972745388711,0.5,0.5,46.159999999872525,26.0798999988765,83.0,24.0,1.0,74.0,0.0,0.0
10,4,940011,R10-T4,100,b2ca9364742c10e0fe5069cc,1,1,1,1.0,1.0,0.49078028899869053,0.49078028899869053,2,-0.04717271189773306,-0.04717271189773306,0.4130972745388711,0.4130972745388711,0.5,0.5,46.159999999872525,25.17930000067281,83.0,24.0,1.0,74.0,0.0,0.0
10,4,940011,R10-T4,200,b2ca9364742c10e0fe5069cc,1,1,1,1.0,1.0,0.49078028899869053,0.49078028899869053,2,-0.04717271189773306,-0.04717271189773306,0.4130972745388711,0.4130972745388711,0.5,0.5,46.159999999872525,24.970299999040435,83.0,24.0,1.0,74.0,0.0,0.0
10,4,940012,R10-T4,50,800d1e6b40d5538ea5b33a0d,1,1,0,1.0,1.0,0.6174804508028758,0.6004704380186354,3,-0.0008538693708348977,-0.0038870022842681096,0.5530780614190938,0.5266677994333056,0.75,0.75,33.685200000036275,50.05880000135221,244.0,47.0,1.0,68.0,0.0,1.0
10,4,940012,R10-T4,100,800d1e6b40d5538ea5b33a0d,1,1,1,1.0,1.0,0.6174804508028758,0.6097664137788804,3,-0.0008538693708348977,-0.0018080802876683233,0.5530780614190938,0.5520209695540824,0.75,0.75,33.685200000036275,64.23290000020643,244.0,47.0,1.0,1261.0,0.0,0.0
10,4,940012,R10-T4,200,800d1e6b40d5538ea5b33a0d,1,1,1,1.0,1.0,0.6174804508028758,0.6097664137788804,3,-0.0008538693708348977,-0.0018080802876683233,0.5530780614190938,0.5520209695540824,0.75,0.75,33.685200000036275,80.502400000114,244.0,47.0,1.0,1261.0,0.0,0.0
10,4,940012,R10-T4,500,800d1e6b40d5538ea5b33a0d,1,1,1,1.0,1.0,0.6174804508028758,0.6097664137788804,3,-0.0008538693708348977,-0.0018080802876683233,0.5530780614190938,0.5520209695540824,0.75,0.75,33.685200000036275,89.8272000013094,244.0,47.0,1.0,1261.0,0.0,0.0
10,4,940013,R10-T4,100,d745e2b1e64bb1d86bd8b489,1,1,1,1.0,1.0,0.563000293104433,0.563000293104433,3,-0.001909233879550165,-0.001909233879550165,0.5241439802674571,0.5241439802674571,0.75,0.75,33.1253000003926,81.52390000032028,336.0,36.0,1.0,194.0,0.0,0.0
10,4,940013,R10-T4,200,d745e2b1e64bb1d86bd8b489,1,1,1,1.0,1.0,0.563000293104433,0.563000293104433,3,-0.001909233879550165,-0.001909233879550165,0.5241439802674571,0.5241439802674571,0.75,0.75,33.1253000003926,79.84729999952833,336.0,36.0,1.0,194.0,0.0,0.0
10,4,940013,R10-T4,500,d745e2b1e64bb1d86bd8b489,1,1,1,1.0,1.0,0.563000293104433,0.563000293104433,3,-0.001909233879550165,-0.001909233879550165,0.5241439802674571,0.5241439802674571,0.75,0.75,33.1253000003926,78.73359999939566,336.0,36.0,1.0,194.0,0.0,0.0
10,4,940013,R10-T4,50,d745e2b1e64bb1d86bd8b489,1,1,0,1.0,1.0,0.599801271892095,0.5662272286674428,2,-0.001909233879550165,-0.011261862708753956,0.5241439802674571,0.4378697588710428,0.75,0.5,33.1253000003926,77.37669999914942,336.0,36.0,1.0,0.0,0.0,1.0
10,4,940014,R10-T4,200,4e1ebfb3501bd3b6f4930fca,1,1,1,1.0,1.0,0.6073421804381073,0.6073421804381073,2,-0.06576703954385921,-0.06576703954385921,0.4057525133730869,0.4057525133730869,0.5,0.5,29.83180000046559,41.32399999980407,161.0,24.0,1.0,296.0,0.0,0.0
10,4,940014,R10-T4,500,4e1ebfb3501bd3b6f4930fca,1,1,1,1.0,1.0,0.6073421804381073,0.6073421804381073,2,-0.06576703954385921,-0.06576703954385921,0.4057525133730869,0.4057525133730869,0.5,0.5,29.83180000046559,43.41349999958766,161.0,24.0,1.0,296.0,0.0,0.0
10,4,940014,R10-T4,50,4e1ebfb3501bd3b6f4930fca,1,1,1,1.0,1.0,0.6073421804381073,0.6073421804381073,2,-0.06576703954385921,-0.06576703954385921,0.4057525133730869,0.4057525133730869,0.5,0.5,29.83180000046559,44.693599998936406,161.0,24.0,1.0,296.0,0.0,0.0
10,4,940014,R10-T4,100,4e1ebfb3501bd3b6f4930fca,1,1,1,1.0,1.0,0.6073421804381073,0.6073421804381073,2,-0.06576703954385921,-0.06576703954385921,0.4057525133730869,0.4057525133730869,0.5,0.5,29.83180000046559,40.94400000030873,161.0,24.0,1.0,296.0,0.0,0.0
10,4,940015,R10-T4,500,719caaf4704259d69efd5ec2,1,1,1,1.0,1.0,0.48280086980109627,0.5051049400828085,2,0.02965311758548897,0.02854034201327374,0.46638227470930144,0.46639277556128095,0.5,0.5,39.06459999961953,80.12179999968794,287.0,24.0,1.0,124.0,0.0,0.0
10,4,940015,R10-T4,50,719caaf4704259d69efd5ec2,1,1,0,1.0,1.0,0.48280086980109627,0.48278419944122886,2,0.02965311758548897,0.01781573320367867,0.46638227470930144,0.4400862699740323,0.5,0.5,39.06459999961953,99.78099999898404,287.0,24.0,1.0,0.0,0.0,1.0
10,4,940015,R10-T4,100,719caaf4704259d69efd5ec2,1,1,0,1.0,1.0,0.48280086980109627,0.48278419944122886,2,0.02965311758548897,0.01781573320367867,0.46638227470930144,0.4400862699740323,0.5,0.5,39.06459999961953,105.83419999966281,287.0,24.0,1.0,0.0,0.0,1.0
10,4,940015,R10-T4,200,719caaf4704259d69efd5ec2,1,1,1,1.0,1.0,0.48280086980109627,0.5051049400828085,2,0.02965311758548897,0.02854034201327374,0.46638227470930144,0.46639277556128095,0.5,0.5,39.06459999961953,98.08460000022023,287.0,24.0,1.0,124.0,0.0,0.0
10,4,940016,R10-T4,50,3f79d9fc0cd193b8d13f7b78,1,1,1,1.0,1.0,0.7098180313579097,0.7098180313579097,1,-0.11053327104392494,-0.11053327104392494,0.2873412188521703,0.2873412188521703,0.25,0.25,24.082699999780743,42.02220000115631,112.0,12.0,0.0,38.0,0.0,0.0
10,4,940016,R10-T4,100,3f79d9fc0cd193b8d13f7b78,1,1,1,1.0,1.0,0.7098180313579097,0.7098180313579097,1,-0.11053327104392494,-0.11053327104392494,0.2873412188521703,0.2873412188521703,0.25,0.25,24.082699999780743,38.637699999526376,112.0,12.0,0.0,38.0,0.0,0.0
10,4,940016,R10-T4,200,3f79d9fc0cd193b8d13f7b78,1,1,1,1.0,1.0,0.7098180313579097,0.7098180313579097,1,-0.11053327104392494,-0.11053327104392494,0.2873412188521703,0.2873412188521703,0.25,0.25,24.082699999780743,40.50270000152523,112.0,12.0,0.0,38.0,0.0,0.0
10,4,940016,R10-T4,500,3f79d9fc0cd193b8d13f7b78,1,1,1,1.0,1.0,0.7098180313579097,0.7098180313579097,1,-0.11053327104392494,-0.11053327104392494,0.2873412188521703,0.2873412188521703,0.25,0.25,24.082699999780743,45.12500000055297,112.0,12.0,0.0,38.0,0.0,0.0
10,4,940017,R10-T4,100,7dfd51dc0c060ea7a1db9704,1,1,1,1.0,1.0,0.5143611099730901,0.5076490055652613,3,0.0235941532649058,0.022075413371663716,0.5591301302288169,0.5578614167805028,0.75,0.75,31.589299998813658,91.90120000130264,336.0,36.0,1.0,604.0,0.0,0.0
10,4,940017,R10-T4,200,7dfd51dc0c060ea7a1db9704,1,1,1,1.0,1.0,0.5143611099730901,0.5076490055652613,3,0.0235941532649058,0.022075413371663716,0.5591301302288169,0.5578614167805028,0.75,0.75,31.589299998813658,87.25289999892993,336.0,36.0,1.0,604.0,0.0,0.0
10,4,940017,R10-T4,500,7dfd51dc0c060ea7a1db9704,1,1,1,1.0,1.0,0.5143611099730901,0.5076490055652613,3,0.0235941532649058,0.022075413371663716,0.5591301302288169,0.5578614167805028,0.75,0.75,31.589299998813658,74.97759999932896,336.0,36.0,1.0,604.0,0.0,0.0
10,4,940017,R10-T4,50,7dfd51dc0c060ea7a1db9704,1,1,0,1.0,1.0,0.5143611099730901,0.5092363713173691,3,0.0235941532649058,0.014300888728974698,0.5591301302288169,0.5289990414074931,0.75,0.75,31.589299998813658,65.96949999948265,336.0,36.0,1.0,0.0,0.0,1.0
10,4,940018,R10-T4,200,c2f65cfc681e2f3caddd9f82,1,1,1,1.0,1.0,0.40718373453535484,0.40718373453535484,1,-0.08321626158595563,-0.08321626158595563,0.27363332141926344,0.27363332141926344,0.25,0.25,24.52630000152567,57.568100000935374,175.0,12.0,0.0,38.0,0.0,0.0
10,4,940018,R10-T4,500,c2f65cfc681e2f3caddd9f82,1,1,1,1.0,1.0,0.40718373453535484,0.40718373453535484,1,-0.08321626158595563,-0.08321626158595563,0.27363332141926344,0.27363332141926344,0.25,0.25,24.52630000152567,56.967799999256385,175.0,12.0,0.0,38.0,0.0,0.0
10,4,940018,R10-T4,50,c2f65cfc681e2f3caddd9f82,1,1,0,1.0,1.0,0.40718373453535484,0.40718373453535484,1,-0.08321626158595563,-0.08321626158595563,0.27363332141926344,0.27363332141926344,0.25,0.25,24.52630000152567,57.492699999784236,175.0,12.0,0.0,0.0,0.0,1.0
10,4,940018,R10-T4,100,c2f65cfc681e2f3caddd9f82,1,1,1,1.0,1.0,0.40718373453535484,0.40718373453535484,1,-0.08321626158595563,-0.08321626158595563,0.27363332141926344,0.27363332141926344,0.25,0.25,24.52630000152567,61.43869999868912,175.0,12.0,0.0,38.0,0.0,0.0
10,4,940019,R10-T4,500,b80e06826632e151cb203e09,1,1,1,1.0,1.0,0.39989957367684725,0.39989957367684725,2,-0.012817945775434353,-0.012817945775434353,0.4440995868357247,0.4440995868357247,0.5,0.5,134.7871000016312,78.23739999912505,293.0,30.0,1.0,311.0,0.0,0.0
10,4,940019,R10-T4,50,b80e06826632e151cb203e09,1,0,0,1.0,1.0,0.39989957367684725,0.39989957367684725,2,-0.012817945775434353,-0.012817945775434353,0.4440995868357247,0.4440995868357247,0.5,0.5,134.7871000016312,74.37740000023041,293.0,30.0,1.0,0.0,0.0,1.0
10,4,940019,R10-T4,100,b80e06826632e151cb203e09,1,0,1,1.0,1.0,0.39989957367684725,0.39989957367684725,2,-0.012817945775434353,-0.012817945775434353,0.4440995868357247,0.4440995868357247,0.5,0.5,134.7871000016312,92.18650000002526,293.0,30.0,1.0,311.0,0.0,0.0
10,4,940019,R10-T4,200,b80e06826632e151cb203e09,1,1,1,1.0,1.0,0.39989957367684725,0.39989957367684725,2,-0.012817945775434353,-0.012817945775434353,0.4440995868357247,0.4440995868357247,0.5,0.5,134.7871000016312,103.84069999963685,293.0,30.0,1.0,311.0,0.0,0.0
10,4,940020,R10-T4,50,036ada885701342348431d3f,1,1,0,1.0,1.0,0.5485979784432506,0.5713748016776439,2,-0.051469976273920054,-0.05417262983234748,0.40362660299128666,0.4054357527440213,0.5,0.5,36.133899999185815,67.25980000010168,224.0,24.0,1.0,0.0,0.0,1.0
10,4,940020,R10-T4,100,036ada885701342348431d3f,1,1,1,1.0,1.0,0.5485979784432506,0.5485979784432506,2,-0.051469976273920054,-0.051469976273920054,0.40362660299128666,0.40362660299128666,0.5,0.5,36.133899999185815,59.01620000076946,224.0,24.0,1.0,116.0,0.0,0.0
10,4,940020,R10-T4,200,036ada885701342348431d3f,1,1,1,1.0,1.0,0.5485979784432506,0.5485979784432506,2,-0.051469976273920054,-0.051469976273920054,0.40362660299128666,0.40362660299128666,0.5,0.5,36.133899999185815,54.34690000038245,224.0,24.0,1.0,116.0,0.0,0.0
10,4,940020,R10-T4,500,036ada885701342348431d3f,1,1,1,1.0,1.0,0.5485979784432506,0.5485979784432506,2,-0.051469976273920054,-0.051469976273920054,0.40362660299128666,0.40362660299128666,0.5,0.5,36.133899999185815,52.402399998754845,224.0,24.0,1.0,116.0,0.0,0.0
10,4,940021,R10-T4,100,e3f0eaae07df9bdc5bd98e75,1,1,1,1.0,1.0,0.4848607492172386,0.4848607492172386,3,-0.028323946227598346,-0.028323946227598346,0.4973244038036451,0.4973244038036451,0.75,0.75,30.51919999961683,43.72730000068259,171.0,36.0,1.0,487.0,0.0,0.0
10,4,940021,R10-T4,200,e3f0eaae07df9bdc5bd98e75,1,1,1,1.0,1.0,0.4848607492172386,0.4848607492172386,3,-0.028323946227598346,-0.028323946227598346,0.4973244038036451,0.4973244038036451,0.75,0.75,30.51919999961683,43.70509999898786,171.0,36.0,1.0,487.0,0.0,0.0
10,4,940021,R10-T4,500,e3f0eaae07df9bdc5bd98e75,1,1,1,1.0,1.0,0.4848607492172386,0.4848607492172386,3,-0.028323946227598346,-0.028323946227598346,0.4973244038036451,0.4973244038036451,0.75,0.75,30.51919999961683,41.383900001164875,171.0,36.0,1.0,487.0,0.0,0.0
10,4,940021,R10-T4,50,e3f0eaae07df9bdc5bd98e75,1,1,1,1.0,1.0,0.4848607492172386,0.4848607492172386,3,-0.028323946227598346,-0.028323946227598346,0.4973244038036451,0.4973244038036451,0.75,0.75,30.51919999961683,42.704700001195306,171.0,36.0,1.0,487.0,0.0,0.0
10,4,940022,R10-T4,200,ed97270cf7599a24f55a2221,1,1,1,1.0,1.0,0.46742003541257826,0.46742003541257826,1,-0.06945169352505712,-0.06945169352505712,0.28089599549837707,0.28089599549837707,0.25,0.25,24.449399999866728,74.49049999922863,287.0,24.0,0.0,192.0,0.0,0.0
10,4,940022,R10-T4,500,ed97270cf7599a24f55a2221,1,1,1,1.0,1.0,0.46742003541257826,0.46742003541257826,1,-0.06945169352505712,-0.06945169352505712,0.28089599549837707,0.28089599549837707,0.25,0.25,24.449399999866728,74.47030000002997,287.0,24.0,0.0,192.0,0.0,0.0
10,4,940022,R10-T4,50,ed97270cf7599a24f55a2221,1,1,0,1.0,1.0,0.46742003541257826,0.46742003541257826,1,-0.06945169352505712,-0.06945169352505712,0.28089599549837707,0.28089599549837707,0.25,0.25,24.449399999866728,71.9223999985843,287.0,24.0,0.0,0.0,0.0,1.0
10,4,940022,R10-T4,100,ed97270cf7599a24f55a2221,1,1,1,1.0,1.0,0.46742003541257826,0.46742003541257826,1,-0.06945169352505712,-0.06945169352505712,0.28089599549837707,0.28089599549837707,0.25,0.25,24.449399999866728,73.12139999885403,287.0,24.0,0.0,192.0,0.0,0.0
10,4,940023,R10-T4,500,6057e38e36ef85335fe84be5,1,1,1,1.0,1.0,0.4343185119912305,0.4343185119912305,2,-0.02743988507620826,-0.02743988507620826,0.444889326603409,0.444889326603409,0.5,0.5,37.56150000117486,53.00630000056117,225.0,25.0,1.0,212.0,0.0,0.0
10,4,940023,R10-T4,50,6057e38e36ef85335fe84be5,1,1,0,1.0,1.0,0.4343185119912305,0.4343185119912305,2,-0.02743988507620826,-0.02743988507620826,0.444889326603409,0.444889326603409,0.5,0.5,37.56150000117486,52.61140000038722,225.0,25.0,1.0,0.0,0.0,1.0
10,4,940023,R10-T4,100,6057e38e36ef85335fe84be5,1,1,1,1.0,1.0,0.4343185119912305,0.4343185119912305,2,-0.02743988507620826,-0.02743988507620826,0.444889326603409,0.444889326603409,0.5,0.5,37.56150000117486,52.02289999942877,225.0,25.0,1.0,212.0,0.0,0.0
10,4,940023,R10-T4,200,6057e38e36ef85335fe84be5,1,1,1,1.0,1.0,0.4343185119912305,0.4343185119912305,2,-0.02743988507620826,-0.02743988507620826,0.444889326603409,0.444889326603409,0.5,0.5,37.56150000117486,55.14190000030794,225.0,25.0,1.0,212.0,0.0,0.0
10,4,940024,R10-T4,50,ad349a030b2e0ef5177160c5,1,1,0,1.0,1.0,0.41520345843673884,0.41520345843673884,1,-0.06654736288693572,-0.06654736288693572,0.28526353183441283,0.28526353183441283,0.25,0.25,32.22480000113137,78.12700000067707,242.0,24.0,0.0,0.0,0.0,1.0
10,4,940024,R10-T4,100,ad349a030b2e0ef5177160c5,1,1,1,1.0,1.0,0.41520345843673884,0.41520345843673884,1,-0.06654736288693572,-0.06654736288693572,0.28526353183441283,0.28526353183441283,0.25,0.25,32.22480000113137,67.07009999990987,242.0,24.0,0.0,74.0,0.0,0.0
10,4,940024,R10-T4,200,ad349a030b2e0ef5177160c5,1,1,1,1.0,1.0,0.41520345843673884,0.41520345843673884,1,-0.06654736288693572,-0.06654736288693572,0.28526353183441283,0.28526353183441283,0.25,0.25,32.22480000113137,74.63140000072599,242.0,24.0,0.0,74.0,0.0,0.0
10,4,940024,R10-T4,500,ad349a030b2e0ef5177160c5,1,1,1,1.0,1.0,0.41520345843673884,0.41520345843673884,1,-0.06654736288693572,-0.06654736288693572,0.28526353183441283,0.28526353183441283,0.25,0.25,32.22480000113137,78.88360000106331,242.0,24.0,0.0,74.0,0.0,0.0
10,4,940025,R10-T4,100,993f86dbd04c6c466376460c,1,1,0,1.0,1.0,0.6872482448914647,0.686882201859807,3,-0.008090229829994605,-0.018267423575098474,0.530893913425623,0.5022822384915571,0.75,0.75,35.66710000086459,115.23040000065521,466.0,48.0,1.0,0.0,0.0,1.0
10,4,940025,R10-T4,200,993f86dbd04c6c466376460c,1,1,1,1.0,1.0,0.6872482448914647,0.6868812013893267,3,-0.008090229829994605,-0.010046240530071332,0.530893913425623,0.5292172894495144,0.75,0.75,35.66710000086459,120.49200000001292,466.0,48.0,1.0,1540.0,0.0,0.0
10,4,940025,R10-T4,500,993f86dbd04c6c466376460c,1,1,1,1.0,1.0,0.6872482448914647,0.6868812013893267,3,-0.008090229829994605,-0.010046240530071332,0.530893913425623,0.5292172894495144,0.75,0.75,35.66710000086459,120.36710000029416,466.0,48.0,1.0,1540.0,0.0,0.0
10,4,940025,R10-T4,50,993f86dbd04c6c466376460c,1,1,0,1.0,1.0,0.6872482448914647,0.686882201859807,3,-0.008090229829994605,-0.018267423575098474,0.530893913425623,0.5022822384915571,0.75,0.75,35.66710000086459,107.492999999522,466.0,48.0,1.0,0.0,0.0,1.0
10,4,940026,R10-T4,200,7a68616362b3de8051c860d9,1,1,1,1.0,1.0,0.5853852925795481,0.5853852925795481,3,-0.05474160455851741,-0.05474160455851741,0.47921009368612444,0.47921009368612444,0.75,0.75,32.43060000022524,60.30529999952705,239.0,36.0,1.0,278.0,0.0,0.0
10,4,940026,R10-T4,500,7a68616362b3de8051c860d9,1,1,1,1.0,1.0,0.5853852925795481,0.5853852925795481,3,-0.05474160455851741,-0.05474160455851741,0.47921009368612444,0.47921009368612444,0.75,0.75,32.43060000022524,57.53059999915422,239.0,36.0,1.0,278.0,0.0,0.0
10,4,940026,R10-T4,50,7a68616362b3de8051c860d9,1,1,0,1.0,1.0,0.5853852925795481,0.6007578562392203,3,-0.05474160455851741,-0.05752724460587609,0.47921009368612444,0.5010199344083369,0.75,0.75,32.43060000022524,53.91810000037367,239.0,36.0,1.0,0.0,0.0,1.0
10,4,940026,R10-T4,100,7a68616362b3de8051c860d9,1,1,1,1.0,1.0,0.5853852925795481,0.5853852925795481,3,-0.05474160455851741,-0.05474160455851741,0.47921009368612444,0.47921009368612444,0.75,0.75,32.43060000022524,57.996499999717344,239.0,36.0,1.0,278.0,0.0,0.0
10,4,940027,R10-T4,500,c15ff1795e8bfed5ef3b1053,1,1,1,1.0,1.0,0.4784318394074536,0.4784318394074536,3,0.010052491592765361,0.010052491592765361,0.5126949528829348,0.5126949528829348,0.75,0.75,42.10629999943194,142.41430000038235,448.0,48.0,1.0,1281.0,0.0,0.0
10,4,940027,R10-T4,50,c15ff1795e8bfed5ef3b1053,1,1,0,1.0,1.0,0.38240246124945,0.386466379243005,2,0.010052491592765361,-0.015123433413128648,0.5126949528829348,0.46678363998179284,0.75,0.5,42.10629999943194,97.26500000033411,448.0,48.0,1.0,0.0,0.0,1.0
10,4,940027,R10-T4,100,c15ff1795e8bfed5ef3b1053,1,1,0,1.0,1.0,0.38240246124945,0.386466379243005,2,0.010052491592765361,-0.015123433413128648,0.5126949528829348,0.46678363998179284,0.75,0.5,42.10629999943194,104.65349999867612,448.0,48.0,1.0,0.0,0.0,1.0
10,4,940027,R10-T4,200,c15ff1795e8bfed5ef3b1053,1,1,1,1.0,1.0,0.4784318394074536,0.4784318394074536,3,0.010052491592765361,0.010052491592765361,0.5126949528829348,0.5126949528829348,0.75,0.75,42.10629999943194,127.92760000047565,448.0,48.0,1.0,1281.0,0.0,0.0
10,4,940028,R10-T4,50,2d6fc5117959ff9573f1d67f,1,1,0,1.0,1.0,0.5132496124939393,0.5140942373415099,3,-0.008895697359550328,-0.012144081328716236,0.5405798394361678,0.5379378461115342,0.75,0.75,33.523100000820705,68.12520000130462,312.0,36.0,1.0,0.0,0.0,1.0
10,4,940028,R10-T4,100,2d6fc5117959ff9573f1d67f,1,1,1,1.0,1.0,0.5132496124939393,0.5118569680692076,3,-0.008895697359550328,-0.01055819706145475,0.5405798394361678,0.5393097819022239,0.75,0.75,33.523100000820705,64.13439999960246,312.0,36.0,1.0,636.0,0.0,0.0
10,4,940028,R10-T4,200,2d6fc5117959ff9573f1d67f,1,1,1,1.0,1.0,0.5132496124939393,0.5118569680692076,3,-0.008895697359550328,-0.01055819706145475,0.5405798394361678,0.5393097819022239,0.75,0.75,33.523100000820705,63.61350000042876,312.0,36.0,1.0,636.0,0.0,0.0
10,4,940028,R10-T4,500,2d6fc5117959ff9573f1d67f,1,1,1,1.0,1.0,0.5132496124939393,0.5118569680692076,3,-0.008895697359550328,-0.01055819706145475,0.5405798394361678,0.5393097819022239,0.75,0.75,33.523100000820705,63.94960000034189,312.0,36.0,1.0,636.0,0.0,0.0
10,4,940029,R10-T4,100,8024d794225b30d4e1c49988,1,1,1,1.0,1.0,0.6341475358854686,0.6267105058095724,3,-0.06307485080938194,-0.06308084297013272,0.4880044731931339,0.46558233802211174,0.75,0.75,34.0875000001688,42.86900000079186,182.0,27.0,1.0,112.0,0.0,0.0
10,4,940029,R10-T4,200,8024d794225b30d4e1c49988,1,1,1,1.0,1.0,0.6341475358854686,0.6267105058095724,3,-0.06307485080938194,-0.06308084297013272,0.4880044731931339,0.46558233802211174,0.75,0.75,34.0875000001688,62.54670000089391,182.0,27.0,1.0,112.0,0.0,0.0
10,4,940029,R10-T4,500,8024d794225b30d4e1c49988,1,1,1,1.0,1.0,0.6341475358854686,0.6267105058095724,3,-0.06307485080938194,-0.06308084297013272,0.4880044731931339,0.46558233802211174,0.75,0.75,34.0875000001688,42.07430000133172,182.0,27.0,1.0,112.0,0.0,0.0
10,4,940029,R10-T4,50,8024d794225b30d4e1c49988,1,1,1,1.0,1.0,0.6341475358854686,0.6267105058095724,3,-0.06307485080938194,-0.06308084297013272,0.4880044731931339,0.46558233802211174,0.75,0.75,34.0875000001688,43.28969999914989,182.0,27.0,1.0,112.0,0.0,0.0
10,8,940000,R10-T8,50,d89de4d52eddc1e13d838055,1,1,0,1.0,1.0,0.6121858848323257,0.6396200003554244,3,-0.03866973753350936,-0.04892161327535502,0.39461206939781424,0.3527849571658843,0.5,0.375,49.76209999949788,62.770399999863,223.0,48.0,1.0,0.0,0.0,1.0
10,8,940000,R10-T8,100,d89de4d52eddc1e13d838055,1,1,1,1.0,1.0,0.5534284176954095,0.5527036127957293,4,-0.03866973753350936,-0.0406512609323437,0.39461206939781424,0.3858827099506271,0.5,0.5,49.76209999949788,75.43940000141447,223.0,48.0,1.0,2481.0,0.0,0.0
10,8,940000,R10-T8,200,d89de4d52eddc1e13d838055,1,1,1,1.0,1.0,0.5534284176954095,0.5527036127957293,4,-0.03866973753350936,-0.0406512609323437,0.39461206939781424,0.3858827099506271,0.5,0.5,49.76209999949788,83.30720000049041,223.0,48.0,1.0,2481.0,0.0,0.0
10,8,940000,R10-T8,500,d89de4d52eddc1e13d838055,1,1,1,1.0,1.0,0.5534284176954095,0.5527036127957293,4,-0.03866973753350936,-0.0406512609323437,0.39461206939781424,0.3858827099506271,0.5,0.5,49.76209999949788,77.74269999936223,223.0,48.0,1.0,2481.0,0.0,0.0
10,8,940001,R10-T8,100,b81b309d5cea47c1fcc5bcb6,1,1,0,1.0,1.0,0.5454974466691244,0.523838434108238,2,-0.029441604737939324,-0.06224473874076175,0.4358510643965536,0.3136968657092833,0.625,0.25,56.57770000107121,128.39609999900858,488.0,49.0,1.0,0.0,0.0,1.0
10,8,940001,R10-T8,200,b81b309d5cea47c1fcc5bcb6,1,1,1,1.0,1.0,0.49122409761521,0.49520086811736563,4,-0.029441604737939324,-0.029464272651875574,0.4358510643965536,0.40011424251523675,0.625,0.5,56.57770000107121,159.15920000043116,488.0,49.0,1.0,2602.0,0.0,0.0
10,8,940001,R10-T8,500,b81b309d5cea47c1fcc5bcb6,1,1,1,1.0,1.0,0.49122409761521,0.49520086811736563,4,-0.029441604737939324,-0.029464272651875574,0.4358510643965536,0.40011424251523675,0.625,0.5,56.57770000107121,147.81480000056035,488.0,49.0,1.0,2602.0,0.0,0.0
10,8,940001,R10-T8,50,b81b309d5cea47c1fcc5bcb6,1,0,0,1.0,1.0,0.5454974466691244,0.523838434108238,2,-0.029441604737939324,-0.06224473874076175,0.4358510643965536,0.3136968657092833,0.625,0.25,56.57770000107121,153.25060000031954,488.0,49.0,1.0,0.0,0.0,1.0
10,8,940002,R10-T8,200,567641bf6c123f4c9acb951e,1,1,0,1.0,1.0,0.525168614570761,0.525168614570761,5,-0.01652819581793464,-0.017961418189811874,0.4431357292712098,0.43173478691959677,0.625,0.625,62.27020000005723,200.1084000003175,864.0,84.0,1.0,1062.0,0.0,1.0
10,8,940002,R10-T8,500,567641bf6c123f4c9acb951e,1,1,0,1.0,1.0,0.525168614570761,0.525168614570761,5,-0.01652819581793464,-0.017961418189811874,0.4431357292712098,0.43173478691959677,0.625,0.625,62.27020000005723,500.05029999920225,864.0,84.0,1.0,25327.0,0.0,1.0
10,8,940002,R10-T8,50,567641bf6c123f4c9acb951e,1,0,0,1.0,1.0,0.47650881721071214,0.4834632704582093,3,-0.01652819581793464,-0.052170290113123394,0.4431357292712098,0.35997403997975763,0.625,0.375,62.27020000005723,225.50159999991592,864.0,84.0,1.0,0.0,0.0,1.0
10,8,940002,R10-T8,100,567641bf6c123f4c9acb951e,1,1,0,1.0,1.0,0.47650881721071214,0.4834632704582093,3,-0.01652819581793464,-0.052170290113123394,0.4431357292712098,0.35997403997975763,0.625,0.375,62.27020000005723,240.3919999997015,864.0,84.0,1.0,0.0,0.0,1.0
10,8,940003,R10-T8,500,a574b35cac6b2543fcda78d4,1,1,1,1.0,1.0,0.4744362411133496,0.4744362411133496,4,-0.048870688509091015,-0.048870688509091015,0.38539651808398767,0.38539651808398767,0.5,0.5,51.18969999966794,104.6609000004537,245.0,44.0,1.0,1849.0,0.0,0.0
10,8,940003,R10-T8,50,a574b35cac6b2543fcda78d4,1,0,0,1.0,1.0,0.48678664674695815,0.4877307626825957,3,-0.048870688509091015,-0.056485232634008634,0.38539651808398767,0.3546768582934069,0.5,0.375,51.18969999966794,94.33159999935015,245.0,44.0,1.0,0.0,0.0,1.0
10,8,940003,R10-T8,100,a574b35cac6b2543fcda78d4,1,1,1,1.0,1.0,0.4744362411133496,0.4744362411133496,4,-0.048870688509091015,-0.048870688509091015,0.38539651808398767,0.38539651808398767,0.5,0.5,51.18969999966794,89.07259999978123,245.0,44.0,1.0,1849.0,0.0,0.0
10,8,940003,R10-T8,200,a574b35cac6b2543fcda78d4,1,1,1,1.0,1.0,0.4744362411133496,0.4744362411133496,4,-0.048870688509091015,-0.048870688509091015,0.38539651808398767,0.38539651808398767,0.5,0.5,51.18969999966794,85.22359999915352,245.0,44.0,1.0,1849.0,0.0,0.0
10,8,940004,R10-T8,50,d4def81c3f61c23e36d14ceb,1,0,0,1.0,1.0,0.43782008808150874,0.42516223045494916,2,-0.054208816740688046,-0.06340754841980564,0.3486157474314663,0.3017149318809652,0.375,0.25,52.34109999946668,109.62090000066382,400.0,37.0,1.0,0.0,0.0,1.0
10,8,940004,R10-T8,100,d4def81c3f61c23e36d14ceb,1,1,0,1.0,1.0,0.43782008808150874,0.42516223045494916,2,-0.054208816740688046,-0.06340754841980564,0.3486157474314663,0.3017149318809652,0.375,0.25,52.34109999946668,107.61490000004414,400.0,37.0,1.0,0.0,0.0,1.0
10,8,940004,R10-T8,200,d4def81c3f61c23e36d14ceb,1,1,1,1.0,1.0,0.45216309002879945,0.4534651305725213,3,-0.054208816740688046,-0.05658972992507646,0.3486157474314663,0.3496228725689151,0.375,0.375,52.34109999946668,110.45190000004368,400.0,37.0,1.0,273.0,0.0,0.0
10,8,940004,R10-T8,500,d4def81c3f61c23e36d14ceb,1,1,1,1.0,1.0,0.45216309002879945,0.4534651305725213,3,-0.054208816740688046,-0.05658972992507646,0.3486157474314663,0.3496228725689151,0.375,0.375,52.34109999946668,119.21319999964908,400.0,37.0,1.0,273.0,0.0,0.0
10,8,940005,R10-T8,100,fa2d6c2fc90a11d71d2b55b8,1,1,0,1.0,1.0,0.5360175698682768,0.5429540832295939,2,-0.08722578676931979,-0.08766736052399111,0.2839198241658159,0.28372449207213524,0.25,0.25,54.91790000087349,124.32730000000447,287.0,24.0,1.0,0.0,0.0,1.0
10,8,940005,R10-T8,200,fa2d6c2fc90a11d71d2b55b8,1,1,1,1.0,1.0,0.5360175698682768,0.5360175698682768,2,-0.08722578676931979,-0.08722578676931979,0.2839198241658159,0.2839198241658159,0.25,0.25,54.91790000087349,121.39469999965513,287.0,24.0,1.0,238.0,0.0,0.0
10,8,940005,R10-T8,500,fa2d6c2fc90a11d71d2b55b8,1,1,1,1.0,1.0,0.5360175698682768,0.5360175698682768,2,-0.08722578676931979,-0.08722578676931979,0.2839198241658159,0.2839198241658159,0.25,0.25,54.91790000087349,121.08840000109922,287.0,24.0,1.0,238.0,0.0,0.0
10,8,940005,R10-T8,50,fa2d6c2fc90a11d71d2b55b8,1,0,0,1.0,1.0,0.5360175698682768,0.5429540832295939,2,-0.08722578676931979,-0.08766736052399111,0.2839198241658159,0.28372449207213524,0.25,0.25,54.91790000087349,147.2643999986758,287.0,24.0,1.0,0.0,0.0,1.0
10,8,940006,R10-T8,200,9bc9b04f07a3804ad0d95678,1,1,0,1.0,1.0,0.6168325549863061,0.6067345049660311,4,-0.041534268558297754,-0.04426983143180217,0.4132547773564848,0.3891661550380968,0.5,0.5,56.641400000444264,200.10069999989355,662.0,72.0,1.0,4816.0,0.0,1.0
10,8,940006,R10-T8,500,9bc9b04f07a3804ad0d95678,1,1,1,1.0,1.0,0.6168325549863061,0.6102917908947034,4,-0.041534268558297754,-0.043662860532070524,0.4132547773564848,0.40001579230002,0.5,0.5,56.641400000444264,438.3912999983295,662.0,72.0,1.0,28944.0,0.0,0.0
10,8,940006,R10-T8,50,9bc9b04f07a3804ad0d95678,1,0,0,1.0,1.0,0.6168325549863061,0.6067345049660311,4,-0.041534268558297754,-0.04426983143180217,0.4132547773564848,0.3891661550380968,0.5,0.5,56.641400000444264,145.22889999898325,662.0,72.0,1.0,0.0,0.0,1.0
10,8,940006,R10-T8,100,9bc9b04f07a3804ad0d95678,1,1,0,1.0,1.0,0.6168325549863061,0.6067345049660311,4,-0.041534268558297754,-0.04426983143180217,0.4132547773564848,0.3891661550380968,0.5,0.5,56.641400000444264,148.05429999978514,662.0,72.0,1.0,0.0,0.0,1.0
10,8,940007,R10-T8,500,a9486abfd02801879c6a743e,1,1,1,1.0,1.0,0.47002442899183905,0.46459446194418136,5,-0.012683472551707653,-0.014146965914916834,0.44533391094724556,0.4373196724884909,0.625,0.625,64.16910000007192,250.79720000030647,623.0,60.0,1.0,6603.0,0.0,0.0
10,8,940007,R10-T8,50,a9486abfd02801879c6a743e,1,0,0,1.0,1.0,0.4296762602162002,0.4296762602162002,4,-0.012683472551707653,-0.028662176873993486,0.44533391094724556,0.40013749099206924,0.625,0.5,64.16910000007192,170.87680000076944,623.0,60.0,1.0,0.0,0.0,1.0
10,8,940007,R10-T8,100,a9486abfd02801879c6a743e,1,1,0,1.0,1.0,0.4296762602162002,0.4296762602162002,4,-0.012683472551707653,-0.028662176873993486,0.44533391094724556,0.40013749099206924,0.625,0.5,64.16910000007192,156.54390000054264,623.0,60.0,1.0,0.0,0.0,1.0
10,8,940007,R10-T8,200,a9486abfd02801879c6a743e,1,1,0,1.0,1.0,0.47002442899183905,0.46459446194418136,5,-0.012683472551707653,-0.014146965914916834,0.44533391094724556,0.4373196724884909,0.625,0.625,64.16910000007192,200.07530000111728,623.0,60.0,1.0,4212.0,0.0,1.0
10,8,940008,R10-T8,50,3a0c081b1e09f296585c38cc,1,0,0,1.0,1.0,0.5863447556868302,0.5804463574847338,5,-0.022568092989034005,-0.03982360743543974,0.47980515239172783,0.43557721068541966,0.75,0.625,58.93049999940558,135.03429999946093,587.0,72.0,1.0,0.0,0.0,1.0
10,8,940008,R10-T8,100,3a0c081b1e09f296585c38cc,1,1,0,1.0,1.0,0.5863447556868302,0.5804463574847338,5,-0.022568092989034005,-0.03982360743543974,0.47980515239172783,0.43557721068541966,0.75,0.625,58.93049999940558,127.70119999913732,587.0,72.0,1.0,0.0,0.0,1.0
10,8,940008,R10-T8,200,3a0c081b1e09f296585c38cc,1,1,0,1.0,1.0,0.5951621373385193,0.587738195086713,6,-0.022568092989034005,-0.024586141334920084,0.47980515239172783,0.4682787762793284,0.75,0.75,58.93049999940558,200.1178999998956,587.0,72.0,1.0,10152.0,0.0,1.0
10,8,940008,R10-T8,500,3a0c081b1e09f296585c38cc,1,1,1,1.0,1.0,0.5951621373385193,0.587738195086713,6,-0.022568092989034005,-0.024586141334920084,0.47980515239172783,0.4682787762793284,0.75,0.75,58.93049999940558,343.4880999993766,587.0,72.0,1.0,34478.0,0.0,0.0
10,8,940009,R10-T8,100,dde183dd3a4917ed242a9319,1,1,0,1.0,1.0,0.5107965413123814,0.5107965413123814,4,-0.07825568502535342,-0.07825568502535342,0.36500825752171173,0.36500825752171173,0.5,0.5,53.70199999924807,126.81280000106199,528.0,48.0,1.0,0.0,0.0,1.0
10,8,940009,R10-T8,200,dde183dd3a4917ed242a9319,1,1,1,1.0,1.0,0.5107965413123814,0.5107965413123814,4,-0.07825568502535342,-0.07825568502535342,0.36500825752171173,0.36500825752171173,0.5,0.5,53.70199999924807,172.6520000011078,528.0,48.0,1.0,885.0,0.0,0.0
10,8,940009,R10-T8,500,dde183dd3a4917ed242a9319,1,1,1,1.0,1.0,0.5107965413123814,0.5107965413123814,4,-0.07825568502535342,-0.07825568502535342,0.36500825752171173,0.36500825752171173,0.5,0.5,53.70199999924807,156.14860000096087,528.0,48.0,1.0,885.0,0.0,0.0
10,8,940009,R10-T8,50,dde183dd3a4917ed242a9319,1,0,0,1.0,1.0,0.5107965413123814,0.5107965413123814,4,-0.07825568502535342,-0.07825568502535342,0.36500825752171173,0.36500825752171173,0.5,0.5,53.70199999924807,143.74320000024454,528.0,48.0,1.0,0.0,0.0,1.0
10,8,940010,R10-T8,200,a4056eaf23125f5cc83cb806,1,1,1,1.0,1.0,0.5175340577691139,0.5175340577691139,3,-0.07224982480076293,-0.07224982480076293,0.33432106039845055,0.33432106039845055,0.375,0.375,51.47469999974419,65.27269999969576,209.0,36.0,1.0,523.0,0.0,0.0
10,8,940010,R10-T8,500,a4056eaf23125f5cc83cb806,1,1,1,1.0,1.0,0.5175340577691139,0.5175340577691139,3,-0.07224982480076293,-0.07224982480076293,0.33432106039845055,0.33432106039845055,0.375,0.375,51.47469999974419,64.01829999958863,209.0,36.0,1.0,523.0,0.0,0.0
10,8,940010,R10-T8,50,a4056eaf23125f5cc83cb806,1,0,0,1.0,1.0,0.5175340577691139,0.5155854998558215,3,-0.07224982480076293,-0.07516934436452932,0.33432106039845055,0.331916408144755,0.375,0.375,51.47469999974419,61.51279999903636,209.0,36.0,1.0,0.0,0.0,1.0
10,8,940010,R10-T8,100,a4056eaf23125f5cc83cb806,1,1,1,1.0,1.0,0.5175340577691139,0.5175340577691139,3,-0.07224982480076293,-0.07224982480076293,0.33432106039845055,0.33432106039845055,0.375,0.375,51.47469999974419,62.46909999936179,209.0,36.0,1.0,523.0,0.0,0.0
10,8,940011,R10-T8,500,fbb0203bc7a0df904f23800e,1,1,1,1.0,1.0,0.5591485597756404,0.5591485597756404,4,-0.047639617229829415,-0.047639617229829415,0.395478901951612,0.39547890195161195,0.5,0.5,49.320099999022204,106.53479999928095,287.0,60.0,1.0,2178.0,0.0,0.0
10,8,940011,R10-T8,50,fbb0203bc7a0df904f23800e,1,1,0,1.0,1.0,0.6539390375520557,0.6611555378974445,2,-0.047639617229829415,-0.07052725317431195,0.395478901951612,0.3176333200578345,0.5,0.25,49.320099999022204,66.32460000037099,287.0,60.0,1.0,0.0,0.0,1.0
10,8,940011,R10-T8,100,fbb0203bc7a0df904f23800e,1,1,1,1.0,1.0,0.5591485597756404,0.5591485597756404,4,-0.047639617229829415,-0.047639617229829415,0.395478901951612,0.39547890195161195,0.5,0.5,49.320099999022204,96.39789999891946,287.0,60.0,1.0,2178.0,0.0,0.0
10,8,940011,R10-T8,200,fbb0203bc7a0df904f23800e,1,1,1,1.0,1.0,0.5591485597756404,0.5591485597756404,4,-0.047639617229829415,-0.047639617229829415,0.395478901951612,0.39547890195161195,0.5,0.5,49.320099999022204,88.08929999941029,287.0,60.0,1.0,2178.0,0.0,0.0
10,8,940012,R10-T8,50,945750987b38b6d4df8a8cc5,1,0,0,1.0,1.0,0.5979659866161627,0.595400092595979,3,-0.034977487255163475,-0.04475845106798307,0.4022787518333285,0.35592123118816443,0.5,0.375,51.98530000052415,98.77859999869543,468.0,71.0,1.0,0.0,0.0,1.0
10,8,940012,R10-T8,100,945750987b38b6d4df8a8cc5,1,1,0,1.0,1.0,0.5979659866161627,0.595400092595979,3,-0.034977487255163475,-0.04475845106798307,0.4022787518333285,0.35592123118816443,0.5,0.375,51.98530000052415,113.5312000005797,468.0,71.0,1.0,0.0,0.0,1.0
10,8,940012,R10-T8,200,945750987b38b6d4df8a8cc5,1,1,0,1.0,1.0,0.5631604955472542,0.558480851140944,4,-0.034977487255163475,-0.0365301047309993,0.4022787518333285,0.38865238349822023,0.5,0.5,51.98530000052415,200.05059999857622,468.0,71.0,1.0,7194.0,0.0,1.0
10,8,940012,R10-T8,500,945750987b38b6d4df8a8cc5,1,1,1,1.0,1.0,0.5631604955472542,0.5654528329611277,4,-0.034977487255163475,-0.03549064373269939,0.4022787518333285,0.40207661417717666,0.5,0.5,51.98530000052415,307.03670000002603,468.0,71.0,1.0,14532.0,0.0,0.0
10,8,940013,R10-T8,100,63d8acd9f4a6a50f5322d031,1,1,0,1.0,1.0,0.5968169336772277,0.5968169336772277,3,-0.04466514593437526,-0.053094624426484285,0.39235606000339424,0.3481419004949576,0.5,0.375,55.073200001061196,122.87070000093081,461.0,60.0,1.0,0.0,0.0,1.0
10,8,940013,R10-T8,200,63d8acd9f4a6a50f5322d031,1,1,1,1.0,1.0,0.5968169336772277,0.6191996291603291,3,-0.04466514593437526,-0.045714662783692794,0.39235606000339424,0.36365102803995714,0.5,0.375,55.073200001061196,159.6601000001101,461.0,60.0,1.0,4106.0,0.0,0.0
10,8,940013,R10-T8,500,63d8acd9f4a6a50f5322d031,1,1,1,1.0,1.0,0.5968169336772277,0.6191996291603291,3,-0.04466514593437526,-0.045714662783692794,0.39235606000339424,0.36365102803995714,0.5,0.375,55.073200001061196,153.68780000062543,461.0,60.0,1.0,4106.0,0.0,0.0
10,8,940013,R10-T8,50,63d8acd9f4a6a50f5322d031,1,0,0,1.0,1.0,0.5968169336772277,0.5968169336772277,3,-0.04466514593437526,-0.053094624426484285,0.39235606000339424,0.3481419004949576,0.5,0.375,55.073200001061196,118.47769999985758,461.0,60.0,1.0,0.0,0.0,1.0
10,8,940014,R10-T8,200,d754986ea8d40716aecf01bb,1,1,1,1.0,1.0,0.55883395174501,0.5688712485470456,4,-0.049411911161758054,-0.049978566558551304,0.38939574397568705,0.38836007769524145,0.5,0.5,50.40189999999711,84.9471999990783,280.0,43.0,1.0,2594.0,0.0,0.0
10,8,940014,R10-T8,500,d754986ea8d40716aecf01bb,1,1,1,1.0,1.0,0.55883395174501,0.5688712485470456,4,-0.049411911161758054,-0.049978566558551304,0.38939574397568705,0.38836007769524145,0.5,0.5,50.40189999999711,82.28210000015679,280.0,43.0,1.0,2594.0,0.0,0.0
10,8,940014,R10-T8,50,d754986ea8d40716aecf01bb,1,0,0,1.0,1.0,0.5231245627584276,0.5231245627584276,3,-0.049411911161758054,-0.05858427452813644,0.38939574397568705,0.34525432839879266,0.5,0.375,50.40189999999711,72.17940000009548,280.0,43.0,1.0,0.0,0.0,1.0
10,8,940014,R10-T8,100,d754986ea8d40716aecf01bb,1,1,1,1.0,1.0,0.55883395174501,0.5688712485470456,4,-0.049411911161758054,-0.049978566558551304,0.38939574397568705,0.38836007769524145,0.5,0.5,50.40189999999711,82.29129999926954,280.0,43.0,1.0,2594.0,0.0,0.0
10,8,940015,R10-T8,500,19451ee1dfb85f647937a421,1,1,1,1.0,1.0,0.5061817013390691,0.5136390876052495,5,0.015723568455981704,0.010023047378949518,0.45345266862713196,0.4441972839906216,0.625,0.625,58.925400000589434,209.73400000002584,623.0,60.0,1.0,2434.0,0.0,0.0
10,8,940015,R10-T8,50,19451ee1dfb85f647937a421,1,0,0,1.0,1.0,0.5134056890372514,0.511106123466858,4,0.015723568455981704,-0.030845032873733372,0.45345266862713196,0.39051438537471345,0.625,0.5,58.925400000589434,167.2387999988132,623.0,60.0,1.0,0.0,0.0,1.0
10,8,940015,R10-T8,100,19451ee1dfb85f647937a421,1,1,0,1.0,1.0,0.5134056890372514,0.511106123466858,4,0.015723568455981704,-0.030845032873733372,0.45345266862713196,0.39051438537471345,0.625,0.5,58.925400000589434,168.96769999948447,623.0,60.0,1.0,0.0,0.0,1.0
10,8,940015,R10-T8,200,19451ee1dfb85f647937a421,1,1,1,1.0,1.0,0.5061817013390691,0.5136390876052495,5,0.015723568455981704,0.010023047378949518,0.45345266862713196,0.4441972839906216,0.625,0.625,58.925400000589434,170.23739999967802,623.0,60.0,1.0,2434.0,0.0,0.0
10,8,940016,R10-T8,50,2f5a7266e2d20abe4c09acbb,1,0,0,1.0,1.0,0.6670713468240536,0.676151591095217,3,-0.08761956257045347,-0.08807739730291486,0.3368742981510644,0.3368815611748661,0.375,0.375,51.853399998435634,93.93629999976838,353.0,36.0,1.0,0.0,0.0,1.0
10,8,940016,R10-T8,100,2f5a7266e2d20abe4c09acbb,1,1,0,1.0,1.0,0.6670713468240536,0.6670713468240536,3,-0.08761956257045347,-0.08761956257045347,0.3368742981510644,0.3368742981510644,0.375,0.375,51.853399998435634,100.04709999884653,353.0,36.0,1.0,684.0,0.0,1.0
10,8,940016,R10-T8,200,2f5a7266e2d20abe4c09acbb,1,1,1,1.0,1.0,0.6670713468240536,0.6670713468240536,3,-0.08761956257045347,-0.08761956257045347,0.3368742981510644,0.3368742981510644,0.375,0.375,51.853399998435634,94.63010000035865,353.0,36.0,1.0,819.0,0.0,0.0
10,8,940016,R10-T8,500,2f5a7266e2d20abe4c09acbb,1,1,1,1.0,1.0,0.6670713468240536,0.6670713468240536,3,-0.08761956257045347,-0.08761956257045347,0.3368742981510644,0.3368742981510644,0.375,0.375,51.853399998435634,107.09320000023581,353.0,36.0,1.0,819.0,0.0,0.0
10,8,940017,R10-T8,100,7df6c51a8ec580c7a67c07fe,1,1,0,1.0,1.0,0.5052837146638747,0.5010297322737688,4,-0.00026986838431541926,-0.020646375137635384,0.4721160516689467,0.4029485021508808,0.625,0.5,66.09430000025895,110.40010000033362,560.0,72.0,1.0,0.0,0.0,1.0
10,8,940017,R10-T8,200,7df6c51a8ec580c7a67c07fe,1,1,0,1.0,1.0,0.5232563279180791,0.5239484178044334,5,-0.00026986838431541926,-0.009333556072974786,0.4721160516689467,0.4457327363241858,0.625,0.625,66.09430000025895,200.11689999955706,560.0,72.0,1.0,11078.0,0.0,1.0
10,8,940017,R10-T8,500,7df6c51a8ec580c7a67c07fe,1,1,1,1.0,1.0,0.5232563279180791,0.5239484178044334,5,-0.00026986838431541926,-0.009333556072974786,0.4721160516689467,0.4457327363241858,0.625,0.625,66.09430000025895,402.78790000047593,560.0,72.0,1.0,21333.0,0.0,0.0
10,8,940017,R10-T8,50,7df6c51a8ec580c7a67c07fe,1,0,0,1.0,1.0,0.5052837146638747,0.5010297322737688,4,-0.00026986838431541926,-0.020646375137635384,0.4721160516689467,0.4029485021508808,0.625,0.5,66.09430000025895,116.00820000057865,560.0,72.0,1.0,0.0,0.0,1.0
10,8,940018,R10-T8,200,2c6cb3462873af8d9198f84a,1,1,0,1.0,1.0,0.5732837234992386,0.5323336296183948,3,-0.07409863669860142,-0.07552497835261289,0.3353234782761221,0.31813572601129525,0.375,0.375,74.84990000011749,200.0666000003548,424.0,59.0,1.0,5692.0,0.0,1.0
10,8,940018,R10-T8,500,2c6cb3462873af8d9198f84a,1,1,1,1.0,1.0,0.5732837234992386,0.5323336296183948,3,-0.07409863669860142,-0.07552497835261289,0.3353234782761221,0.31813572601129525,0.375,0.375,74.84990000011749,322.065800000928,424.0,59.0,1.0,15573.0,0.0,0.0
10,8,940018,R10-T8,50,2c6cb3462873af8d9198f84a,1,0,0,1.0,1.0,0.5732837234992386,0.5323336296183948,3,-0.07409863669860142,-0.07552497835261289,0.3353234782761221,0.31813572601129525,0.375,0.375,74.84990000011749,116.8630000011035,424.0,59.0,1.0,0.0,0.0,1.0
10,8,940018,R10-T8,100,2c6cb3462873af8d9198f84a,1,1,0,1.0,1.0,0.5732837234992386,0.5323336296183948,3,-0.07409863669860142,-0.07552497835261289,0.3353234782761221,0.31813572601129525,0.375,0.375,74.84990000011749,117.2260000003007,424.0,59.0,1.0,0.0,0.0,1.0
10,8,940019,R10-T8,500,d23397afee8bc1d45a71c668,1,1,1,1.0,1.0,0.5797846080281333,0.5797846080281333,4,-0.0425727774975216,-0.042572777497521586,0.39166150660636756,0.39166150660636756,0.5,0.5,52.7447000004031,183.64259999907517,400.0,54.0,1.0,6424.0,0.0,0.0
10,8,940019,R10-T8,50,d23397afee8bc1d45a71c668,1,0,0,1.0,1.0,0.631563342562606,0.642829200086135,3,-0.0425727774975216,-0.06200966421376952,0.39166150660636756,0.35412071570065684,0.5,0.375,52.7447000004031,125.73630000042613,400.0,54.0,1.0,0.0,0.0,1.0
10,8,940019,R10-T8,100,d23397afee8bc1d45a71c668,1,1,0,1.0,1.0,0.631563342562606,0.642829200086135,3,-0.0425727774975216,-0.06200966421376952,0.39166150660636756,0.35412071570065684,0.5,0.375,52.7447000004031,110.37690000011935,400.0,54.0,1.0,0.0,0.0,1.0
10,8,940019,R10-T8,200,d23397afee8bc1d45a71c668,1,1,0,1.0,1.0,0.5797846080281333,0.5797846080281333,4,-0.0425727774975216,-0.042572777497521586,0.39166150660636756,0.39166150660636756,0.5,0.5,52.7447000004031,200.09919999938575,400.0,54.0,1.0,6258.0,0.0,1.0
10,8,940020,R10-T8,50,cd36454b3d529db7bc5dcfcd,1,0,0,1.0,1.0,0.4862311920018317,0.4740368491490467,3,-0.05296338238938207,-0.06729643851788468,0.392107970702529,0.3385896639218289,0.5,0.375,57.49649999961548,126.67080000028363,540.0,60.0,1.0,0.0,0.0,1.0
10,8,940020,R10-T8,100,cd36454b3d529db7bc5dcfcd,1,1,0,1.0,1.0,0.4862311920018317,0.4740368491490467,3,-0.05296338238938207,-0.06729643851788468,0.392107970702529,0.3385896639218289,0.5,0.375,57.49649999961548,125.27979999867966,540.0,60.0,1.0,0.0,0.0,1.0
10,8,940020,R10-T8,200,cd36454b3d529db7bc5dcfcd,1,1,1,1.0,1.0,0.5132192577947516,0.5069867306823912,4,-0.05296338238938207,-0.05459647244614593,0.392107970702529,0.37167095243337317,0.5,0.5,57.49649999961548,163.29529999893566,540.0,60.0,1.0,3199.0,0.0,0.0
10,8,940020,R10-T8,500,cd36454b3d529db7bc5dcfcd,1,1,1,1.0,1.0,0.5132192577947516,0.5069867306823912,4,-0.05296338238938207,-0.05459647244614593,0.392107970702529,0.37167095243337317,0.5,0.5,57.49649999961548,162.5992999997834,540.0,60.0,1.0,3199.0,0.0,0.0
10,8,940021,R10-T8,100,65ffbedd25ed17294e03cd87,1,1,0,1.0,1.0,0.5190794381401318,0.5229594177582632,6,-0.048854180625187545,-0.05475191244686858,0.4594527354314594,0.44269904674275173,0.75,0.75,51.36760000095819,100.08019999986573,436.0,72.0,1.0,613.0,0.0,1.0
10,8,940021,R10-T8,200,65ffbedd25ed17294e03cd87,1,1,0,1.0,1.0,0.5190794381401318,0.5229594177582632,6,-0.048854180625187545,-0.05475191244686858,0.4594527354314594,0.44269904674275173,0.75,0.75,51.36760000095819,200.0871999989613,436.0,72.0,1.0,8563.0,0.0,1.0
10,8,940021,R10-T8,500,65ffbedd25ed17294e03cd87,1,1,1,1.0,1.0,0.5552688866973259,0.5527828386876135,5,-0.048854180625187545,-0.05240825596883678,0.4594527354314594,0.41674440378036987,0.75,0.625,51.36760000095819,472.3254000000452,436.0,72.0,1.0,26247.0,0.0,0.0
10,8,940021,R10-T8,50,65ffbedd25ed17294e03cd87,1,0,0,1.0,1.0,0.5161821445762789,0.5143905741759804,4,-0.048854180625187545,-0.060869009846285516,0.4594527354314594,0.3866442015269568,0.75,0.5,51.36760000095819,94.84600000178034,436.0,72.0,1.0,0.0,0.0,1.0
10,8,940022,R10-T8,200,db7100aa2b1bc59209d5ef87,1,1,0,1.0,1.0,0.5753240596605211,0.5675383364207146,4,-0.02321411093497852,-0.023849544262367295,0.4140396289543537,0.4133448447395874,0.5,0.5,56.48819999987609,200.07969999824127,596.0,60.0,1.0,7258.0,0.0,1.0
10,8,940022,R10-T8,500,db7100aa2b1bc59209d5ef87,1,1,1,1.0,1.0,0.5753240596605211,0.5675383364207146,4,-0.02321411093497852,-0.023849544262367295,0.4140396289543537,0.4133448447395874,0.5,0.5,56.48819999987609,256.45190000068396,596.0,60.0,1.0,13106.0,0.0,0.0
10,8,940022,R10-T8,50,db7100aa2b1bc59209d5ef87,1,0,0,1.0,1.0,0.5753240596605211,0.5675383364207146,4,-0.02321411093497852,-0.023849544262367295,0.4140396289543537,0.4133448447395874,0.5,0.5,56.48819999987609,157.21029999986058,596.0,60.0,1.0,0.0,0.0,1.0
10,8,940022,R10-T8,100,db7100aa2b1bc59209d5ef87,1,1,0,1.0,1.0,0.5753240596605211,0.5675383364207146,4,-0.02321411093497852,-0.023849544262367295,0.4140396289543537,0.4133448447395874,0.5,0.5,56.48819999987609,160.67130000010366,596.0,60.0,1.0,0.0,0.0,1.0
10,8,940023,R10-T8,500,986f1eca4248019a63441ee1,1,1,1,1.0,1.0,0.5477470846717569,0.5477470846717569,3,-0.03859008547675455,-0.03859008547675455,0.380216494039331,0.380216494039331,0.375,0.375,57.59409999882337,144.13000000058673,404.0,49.0,1.0,5596.0,0.0,0.0
10,8,940023,R10-T8,50,986f1eca4248019a63441ee1,1,0,0,1.0,1.0,0.5477470846717569,0.5501994136862468,3,-0.03859008547675455,-0.04093293399264332,0.380216494039331,0.3923881709747375,0.375,0.375,57.59409999882337,134.47909999922558,404.0,49.0,1.0,0.0,0.0,1.0
10,8,940023,R10-T8,100,986f1eca4248019a63441ee1,1,1,0,1.0,1.0,0.5477470846717569,0.5501994136862468,3,-0.03859008547675455,-0.04093293399264332,0.380216494039331,0.3923881709747375,0.375,0.375,57.59409999882337,120.77689999932772,404.0,49.0,1.0,0.0,0.0,1.0
10,8,940023,R10-T8,200,986f1eca4248019a63441ee1,1,1,1,1.0,1.0,0.5477470846717569,0.5477470846717569,3,-0.03859008547675455,-0.03859008547675455,0.380216494039331,0.380216494039331,0.375,0.375,57.59409999882337,193.09439999960887,404.0,49.0,1.0,5596.0,0.0,0.0
10,8,940024,R10-T8,50,43d6d58f99994d4927c181ca,1,0,0,1.0,1.0,0.4944782874719242,0.4944782874719242,3,-0.07016322580673087,-0.07016322580673087,0.32696855947886716,0.32696855947886716,0.375,0.375,78.01620000100229,134.05169999896316,513.0,60.0,1.0,0.0,0.0,1.0
10,8,940024,R10-T8,100,43d6d58f99994d4927c181ca,1,1,0,1.0,1.0,0.4944782874719242,0.4944782874719242,3,-0.07016322580673087,-0.07016322580673087,0.32696855947886716,0.32696855947886716,0.375,0.375,78.01620000100229,132.67119999909482,513.0,60.0,1.0,0.0,0.0,1.0
10,8,940024,R10-T8,200,43d6d58f99994d4927c181ca,1,1,1,1.0,1.0,0.4944782874719242,0.4944782874719242,3,-0.07016322580673087,-0.07016322580673087,0.32696855947886716,0.32696855947886716,0.375,0.375,78.01620000100229,174.33130000063102,513.0,60.0,1.0,3879.0,0.0,0.0
10,8,940024,R10-T8,500,43d6d58f99994d4927c181ca,1,1,1,1.0,1.0,0.4944782874719242,0.4944782874719242,3,-0.07016322580673087,-0.07016322580673087,0.32696855947886716,0.32696855947886716,0.375,0.375,78.01620000100229,179.5070999996824,513.0,60.0,1.0,3879.0,0.0,0.0
10,8,940025,R10-T8,100,cb6d4e27ac5013d451364f38,1,1,0,1.0,1.0,0.6291528526961125,0.640370466226015,5,-0.04444965605309496,-0.05012368071470943,0.4731567909924107,0.42403949952202336,0.75,0.625,57.809500000075786,167.6690000003873,819.0,84.0,1.0,0.0,0.0,1.0
10,8,940025,R10-T8,200,cb6d4e27ac5013d451364f38,1,1,0,1.0,1.0,0.6291528526961125,0.640370466226015,5,-0.04444965605309496,-0.05012368071470943,0.4731567909924107,0.42403949952202336,0.75,0.625,57.809500000075786,200.11870000053023,819.0,84.0,1.0,1688.0,0.0,1.0
10,8,940025,R10-T8,500,cb6d4e27ac5013d451364f38,1,1,0,1.0,1.0,0.6427095017175931,0.6427095017175931,6,-0.04444965605309496,-0.04840407269424664,0.4731567909924107,0.4611956683637404,0.75,0.75,57.809500000075786,500.1379999994242,819.0,84.0,1.0,24056.0,0.0,1.0
10,8,940025,R10-T8,50,cb6d4e27ac5013d451364f38,1,0,0,1.0,1.0,0.6291528526961125,0.640370466226015,5,-0.04444965605309496,-0.05012368071470943,0.4731567909924107,0.42403949952202336,0.75,0.625,57.809500000075786,168.119600000864,819.0,84.0,1.0,0.0,0.0,1.0
10,8,940026,R10-T8,200,0b0ad5a29d221ae50d4f5b0b,1,1,0,1.0,1.0,0.5117578134485513,0.5117578134485513,5,-0.05258005138905482,-0.05258005138905482,0.4219297662098356,0.4219297662098356,0.625,0.625,54.64870000105293,200.07760000044073,704.0,84.0,1.0,3930.0,0.0,1.0
10,8,940026,R10-T8,500,0b0ad5a29d221ae50d4f5b0b,1,1,0,1.0,1.0,0.5117578134485513,0.5117578134485513,5,-0.05258005138905482,-0.05258005138905482,0.4219297662098356,0.4219297662098356,0.625,0.625,54.64870000105293,500.0419999996666,704.0,84.0,1.0,28309.0,0.0,1.0
10,8,940026,R10-T8,50,0b0ad5a29d221ae50d4f5b0b,1,0,0,1.0,1.0,0.533527074358667,0.548722296945948,4,-0.05258005138905482,-0.057467260400684804,0.4219297662098356,0.4036249770336492,0.625,0.5,54.64870000105293,153.23829999942973,704.0,84.0,1.0,0.0,0.0,1.0
10,8,940026,R10-T8,100,0b0ad5a29d221ae50d4f5b0b,1,1,0,1.0,1.0,0.533527074358667,0.548722296945948,4,-0.05258005138905482,-0.057467260400684804,0.4219297662098356,0.4036249770336492,0.625,0.5,54.64870000105293,168.96660000020347,704.0,84.0,1.0,0.0,0.0,1.0
10,8,940027,R10-T8,500,04467f6a3205f6e12015fdd9,1,1,1,1.0,1.0,0.5739440407734164,0.5524793214088953,5,-0.012488520105527603,-0.021964782392696516,0.47604287802363154,0.42623018426913034,0.75,0.625,54.70040000000154,393.11479999923904,603.0,84.0,1.0,18846.0,0.0,0.0
10,8,940027,R10-T8,50,04467f6a3205f6e12015fdd9,1,0,0,1.0,1.0,0.5432933223042634,0.5176240682919301,4,-0.012488520105527603,-0.04142857660506073,0.47604287802363154,0.3900103951678067,0.75,0.5,54.70040000000154,128.95779999962542,603.0,84.0,1.0,0.0,0.0,1.0
10,8,940027,R10-T8,100,04467f6a3205f6e12015fdd9,1,1,0,1.0,1.0,0.5432933223042634,0.5176240682919301,4,-0.012488520105527603,-0.04142857660506073,0.47604287802363154,0.3900103951678067,0.75,0.5,54.70040000000154,145.77190000090923,603.0,84.0,1.0,0.0,0.0,1.0
10,8,940027,R10-T8,200,04467f6a3205f6e12015fdd9,1,1,0,1.0,1.0,0.5739440407734164,0.5524793214088953,5,-0.012488520105527603,-0.021964782392696516,0.47604287802363154,0.42623018426913034,0.75,0.625,54.70040000000154,200.08450000023004,603.0,84.0,1.0,6386.0,0.0,1.0
10,8,940028,R10-T8,50,db9b616c262dc6e6d6d1c0f2,1,0,0,1.0,1.0,0.5588866179876611,0.5543903472209,3,-0.03994359857667039,-0.05013448993337098,0.3978009816767933,0.35006992779606366,0.5,0.375,69.63180000093416,120.80429999878106,487.0,48.0,1.0,0.0,0.0,1.0
10,8,940028,R10-T8,100,db9b616c262dc6e6d6d1c0f2,1,1,0,1.0,1.0,0.5588866179876611,0.5543903472209,3,-0.03994359857667039,-0.05013448993337098,0.3978009816767933,0.35006992779606366,0.5,0.375,69.63180000093416,148.2586000001902,487.0,48.0,1.0,0.0,0.0,1.0
10,8,940028,R10-T8,200,db9b616c262dc6e6d6d1c0f2,1,1,1,1.0,1.0,0.5442726241507798,0.543228140832231,4,-0.03994359857667039,-0.0413650408514976,0.3978009816767933,0.3967268521805325,0.5,0.5,69.63180000093416,145.10730000074545,487.0,48.0,1.0,3125.0,0.0,0.0
10,8,940028,R10-T8,500,db9b616c262dc6e6d6d1c0f2,1,1,1,1.0,1.0,0.5442726241507798,0.543228140832231,4,-0.03994359857667039,-0.0413650408514976,0.3978009816767933,0.3967268521805325,0.5,0.5,69.63180000093416,161.16019999935816,487.0,48.0,1.0,3125.0,0.0,0.0
10,8,940029,R10-T8,100,58dd7dd64d8e5480a4df479c,1,1,0,1.0,1.0,0.5898691831121006,0.5908328744931948,5,-0.037829334374276366,-0.04016298961777999,0.4313055309939409,0.4220146286408108,0.625,0.625,53.5331999999471,100.07409999889205,474.0,64.0,1.0,209.0,0.0,1.0
10,8,940029,R10-T8,200,58dd7dd64d8e5480a4df479c,1,1,1,1.0,1.0,0.5898691831121006,0.5908328744931948,5,-0.037829334374276366,-0.04016298961777999,0.4313055309939409,0.4220146286408108,0.625,0.625,53.5331999999471,198.90990000021702,474.0,64.0,1.0,10734.0,0.0,0.0
10,8,940029,R10-T8,500,58dd7dd64d8e5480a4df479c,1,1,1,1.0,1.0,0.5898691831121006,0.5908328744931948,5,-0.037829334374276366,-0.04016298961777999,0.4313055309939409,0.4220146286408108,0.625,0.625,53.5331999999471,199.0217999991728,474.0,64.0,1.0,10734.0,0.0,0.0
10,8,940029,R10-T8,50,58dd7dd64d8e5480a4df479c,1,0,0,1.0,1.0,0.5898691831121006,0.5908328744931948,5,-0.037829334374276366,-0.04016298961777999,0.4313055309939409,0.4220146286408108,0.625,0.625,53.5331999999471,96.26030000072205,474.0,64.0,1.0,0.0,0.0,1.0
10,12,940000,R10-T12,50,8c2859dc91f8563ce647cb84,1,0,0,1.0,1.0,0.5940883654893956,0.559793940934247,4,-0.05057548606135642,-0.07535390840914775,0.3883760442991684,0.3164948900208219,0.5833333333333334,0.3333333333333333,75.218699999823,135.90929999918444,511.0,73.0,1.0,0.0,0.0,1.0
10,12,940000,R10-T12,100,8c2859dc91f8563ce647cb84,1,1,0,1.0,1.0,0.5940883654893956,0.559793940934247,4,-0.05057548606135642,-0.07535390840914775,0.3883760442991684,0.3164948900208219,0.5833333333333334,0.3333333333333333,75.218699999823,135.11470000048575,511.0,73.0,1.0,0.0,0.0,1.0
10,12,940000,R10-T12,200,8c2859dc91f8563ce647cb84,1,1,0,1.0,1.0,0.6409398500258564,0.5932175742700482,5,-0.05057548606135642,-0.06409902978012269,0.3883760442991684,0.33881183987760055,0.5833333333333334,0.4166666666666667,75.218699999823,200.1853999990999,511.0,73.0,1.0,2024.0,0.0,1.0
10,12,940000,R10-T12,500,8c2859dc91f8563ce647cb84,1,1,1,1.0,1.0,0.6455990847396321,0.6170900940363745,6,-0.05057548606135642,-0.05895284050466542,0.3883760442991684,0.35747296105095777,0.5833333333333334,0.5,75.218699999823,446.4436999987811,511.0,73.0,1.0,31692.0,0.0,0.0
10,12,940001,R10-T12,100,4cccdd55dfd74fe974718986,1,1,0,1.0,1.0,0.5274529701845221,0.5314401403709075,4,-0.034359352083860734,-0.056950416691967355,0.37838133775834665,0.32771507910771536,0.5,0.3333333333333333,79.44390000011481,187.3395000002347,688.0,73.0,1.0,0.0,0.0,1.0
10,12,940001,R10-T12,200,4cccdd55dfd74fe974718986,1,1,0,1.0,1.0,0.4999367433115504,0.49798005068950224,6,-0.034359352083860734,-0.04696902338802642,0.37838133775834665,0.363462950567752,0.5,0.5,79.44390000011481,200.09980000031646,688.0,73.0,1.0,1429.0,0.0,1.0
10,12,940001,R10-T12,500,4cccdd55dfd74fe974718986,1,1,1,1.0,1.0,0.4999367433115504,0.4999367433115504,6,-0.034359352083860734,-0.03984902011420304,0.37838133775834665,0.3691609703444344,0.5,0.5,79.44390000011481,314.19259999893256,688.0,73.0,1.0,24118.0,0.0,0.0
10,12,940001,R10-T12,50,4cccdd55dfd74fe974718986,1,0,0,1.0,1.0,0.5274529701845221,0.5314401403709075,4,-0.034359352083860734,-0.056950416691967355,0.37838133775834665,0.32771507910771536,0.5,0.3333333333333333,79.44390000011481,177.57720000008703,688.0,73.0,1.0,0.0,0.0,1.0
10,12,940002,R10-T12,200,144976d2742047ededf540df,1,1,0,1.0,1.0,0.5847917975281882,0.5729325825468907,5,-0.04441800333109209,-0.056256271357404665,0.3772463254591033,0.3428532804561118,0.5,0.4166666666666667,96.2734000004275,253.14109999999346,1010.0,108.0,1.0,0.0,0.0,1.0
10,12,940002,R10-T12,500,144976d2742047ededf540df,1,1,0,1.0,1.0,0.5819920515388807,0.5686321457640507,6,-0.04441800333109209,-0.046343214646816545,0.3772463254591033,0.3650116652447288,0.5,0.5,96.2734000004275,500.24389999998675,1010.0,108.0,1.0,20202.0,0.0,1.0
10,12,940002,R10-T12,50,144976d2742047ededf540df,1,0,0,1.0,1.0,0.5847917975281882,0.5729325825468907,5,-0.04441800333109209,-0.056256271357404665,0.3772463254591033,0.3428532804561118,0.5,0.4166666666666667,96.2734000004275,220.48050000012154,1010.0,108.0,1.0,0.0,0.0,1.0
10,12,940002,R10-T12,100,144976d2742047ededf540df,1,1,0,1.0,1.0,0.5847917975281882,0.5729325825468907,5,-0.04441800333109209,-0.056256271357404665,0.3772463254591033,0.3428532804561118,0.5,0.4166666666666667,96.2734000004275,219.25129999908677,1010.0,108.0,1.0,0.0,0.0,1.0
10,12,940003,R10-T12,500,b89c738fe1def050f1acc017,1,1,0,1.0,1.0,0.5224242738299372,0.4972066570487461,6,-0.06064011552167533,-0.06312074151341526,0.3893349460081482,0.3590350006236605,0.5833333333333334,0.5,86.678400000892,500.0709000014467,541.0,80.0,1.0,42803.0,0.0,1.0
10,12,940003,R10-T12,50,b89c738fe1def050f1acc017,1,0,0,1.0,1.0,0.5568437604306659,0.5463519594084127,4,-0.06064011552167533,-0.07393167428526341,0.3893349460081482,0.31846757207928134,0.5833333333333334,0.3333333333333333,86.678400000892,135.4100999997172,541.0,80.0,1.0,0.0,0.0,1.0
10,12,940003,R10-T12,100,b89c738fe1def050f1acc017,1,1,0,1.0,1.0,0.5568437604306659,0.5463519594084127,4,-0.06064011552167533,-0.07393167428526341,0.3893349460081482,0.31846757207928134,0.5833333333333334,0.3333333333333333,86.678400000892,135.352100000091,541.0,80.0,1.0,0.0,0.0,1.0
10,12,940003,R10-T12,200,b89c738fe1def050f1acc017,1,1,0,1.0,1.0,0.5224242738299372,0.4972066570487461,6,-0.06064011552167533,-0.06312074151341526,0.3893349460081482,0.3590350006236605,0.5833333333333334,0.5,86.678400000892,200.0757000005251,541.0,80.0,1.0,6958.0,0.0,1.0
10,12,940004,R10-T12,50,1ac5d5aa33191261a03e37a7,1,0,0,1.0,1.0,0.4585517933068632,0.4480130722254758,3,-0.0612317422757187,-0.06698992527818415,0.32053644654147617,0.2896461045836017,0.3333333333333333,0.25,100.39080000024114,173.55599999973492,515.0,52.0,1.0,0.0,0.0,1.0
10,12,940004,R10-T12,100,1ac5d5aa33191261a03e37a7,1,0,0,1.0,1.0,0.4585517933068632,0.4480130722254758,3,-0.0612317422757187,-0.06698992527818415,0.32053644654147617,0.2896461045836017,0.3333333333333333,0.25,100.39080000024114,170.65000000002328,515.0,52.0,1.0,0.0,0.0,1.0
10,12,940004,R10-T12,200,1ac5d5aa33191261a03e37a7,1,1,1,1.0,1.0,0.46996283004306666,0.4821770475851364,3,-0.0612317422757187,-0.06357155258561191,0.32053644654147617,0.2906175490148717,0.3333333333333333,0.25,100.39080000024114,158.0917999999656,515.0,52.0,1.0,1215.0,0.0,0.0
10,12,940004,R10-T12,500,1ac5d5aa33191261a03e37a7,1,1,1,1.0,1.0,0.46996283004306666,0.4821770475851364,3,-0.0612317422757187,-0.06357155258561191,0.32053644654147617,0.2906175490148717,0.3333333333333333,0.25,100.39080000024114,151.37890000005427,515.0,52.0,1.0,1215.0,0.0,0.0
10,12,940005,R10-T12,100,9e701151c839599b467d3bcf,1,1,0,1.0,1.0,0.5648714494857555,0.56957032704738,3,-0.07713844421111483,-0.08686959627754719,0.3006965953534519,0.2761168235137369,0.3333333333333333,0.25,89.07400000134658,144.9231000005966,504.0,60.0,1.0,0.0,0.0,1.0
10,12,940005,R10-T12,200,9e701151c839599b467d3bcf,1,1,1,1.0,1.0,0.5602411615460527,0.5602411615460527,4,-0.07713844421111483,-0.07713844421111483,0.3006965953534519,0.3006965953534519,0.3333333333333333,0.3333333333333333,89.07400000134658,183.9192000006733,504.0,60.0,1.0,5592.0,0.0,0.0
10,12,940005,R10-T12,500,9e701151c839599b467d3bcf,1,1,1,1.0,1.0,0.5602411615460527,0.5602411615460527,4,-0.07713844421111483,-0.07713844421111483,0.3006965953534519,0.3006965953534519,0.3333333333333333,0.3333333333333333,89.07400000134658,220.88420000000042,504.0,60.0,1.0,5592.0,0.0,0.0
10,12,940005,R10-T12,50,9e701151c839599b467d3bcf,1,0,0,1.0,1.0,0.5648714494857555,0.56957032704738,3,-0.07713844421111483,-0.08686959627754719,0.3006965953534519,0.2761168235137369,0.3333333333333333,0.25,89.07400000134658,156.97280000131286,504.0,60.0,1.0,0.0,0.0,1.0
10,12,940006,R10-T12,200,ad182a9c2f7e80e5dbb5b7f8,1,1,0,1.0,1.0,0.5782583730656218,0.5812340902243927,7,-0.05215142003707174,-0.06196584314521023,0.3904732638847341,0.37800813247061815,0.5833333333333334,0.5833333333333334,87.42929999971238,200.14590000027965,822.0,102.0,1.0,927.0,0.0,1.0
10,12,940006,R10-T12,500,ad182a9c2f7e80e5dbb5b7f8,1,1,0,1.0,1.0,0.5782583730656218,0.5812340902243927,7,-0.05215142003707174,-0.06196584314521023,0.3904732638847341,0.37800813247061815,0.5833333333333334,0.5833333333333334,87.42929999971238,500.0733000015316,822.0,102.0,1.0,26491.0,0.0,1.0
10,12,940006,R10-T12,50,ad182a9c2f7e80e5dbb5b7f8,1,0,0,1.0,1.0,0.6121453003962226,0.5988157341875036,5,-0.05215142003707174,-0.0674643619975584,0.3904732638847341,0.3375709930299684,0.5833333333333334,0.4166666666666667,87.42929999971238,186.9022999999288,822.0,102.0,1.0,0.0,0.0,1.0
10,12,940006,R10-T12,100,ad182a9c2f7e80e5dbb5b7f8,1,1,0,1.0,1.0,0.6121453003962226,0.5988157341875036,5,-0.05215142003707174,-0.0674643619975584,0.3904732638847341,0.3375709930299684,0.5833333333333334,0.4166666666666667,87.42929999971238,221.97270000106073,822.0,102.0,1.0,0.0,0.0,1.0
10,12,940007,R10-T12,500,08a8dfdd93b61078da152b4f,1,1,0,1.0,1.0,0.4987449569936649,0.48605195421218195,6,-0.03202361380269173,-0.037264636548286954,0.3828268898493115,0.3906855900175183,0.5,0.5833333333333334,224.29679999913787,500.08469999920635,1022.0,96.0,1.0,17826.0,0.0,1.0
10,12,940007,R10-T12,50,08a8dfdd93b61078da152b4f,1,0,0,1.0,1.0,0.472210527573519,0.46062824420127163,5,-0.03202361380269173,-0.04326382108826656,0.3828268898493115,0.374776115175537,0.5,0.5,224.29679999913787,241.11489999995683,1022.0,96.0,1.0,0.0,0.0,1.0
10,12,940007,R10-T12,100,08a8dfdd93b61078da152b4f,1,0,0,1.0,1.0,0.472210527573519,0.46062824420127163,5,-0.03202361380269173,-0.04326382108826656,0.3828268898493115,0.374776115175537,0.5,0.5,224.29679999913787,245.04569999953674,1022.0,96.0,1.0,0.0,0.0,1.0
10,12,940007,R10-T12,200,08a8dfdd93b61078da152b4f,1,0,0,1.0,1.0,0.472210527573519,0.46062824420127163,5,-0.03202361380269173,-0.04326382108826656,0.3828268898493115,0.374776115175537,0.5,0.5,224.29679999913787,267.3280999988492,1022.0,96.0,1.0,0.0,0.0,1.0
10,12,940008,R10-T12,50,571d648fd77db4d72e27c412,1,0,0,1.0,1.0,0.6391434230708909,0.6337452507229598,6,-0.040478757143784606,-0.055026590359662085,0.4014394505184613,0.3705006517897181,0.5833333333333334,0.5,91.1309999992227,185.5876999998145,874.0,108.0,1.0,0.0,0.0,1.0
10,12,940008,R10-T12,100,571d648fd77db4d72e27c412,1,1,0,1.0,1.0,0.6391434230708909,0.6337452507229598,6,-0.040478757143784606,-0.055026590359662085,0.4014394505184613,0.3705006517897181,0.5833333333333334,0.5,91.1309999992227,180.83339999975578,874.0,108.0,1.0,0.0,0.0,1.0
10,12,940008,R10-T12,200,571d648fd77db4d72e27c412,1,1,0,1.0,1.0,0.6187427572506129,0.6125710936918104,7,-0.040478757143784606,-0.04182824049270462,0.4014394505184613,0.3947151343408237,0.5833333333333334,0.5833333333333334,91.1309999992227,200.09890000073938,874.0,108.0,1.0,3182.0,0.0,1.0
10,12,940008,R10-T12,500,571d648fd77db4d72e27c412,1,1,0,1.0,1.0,0.6187427572506129,0.6125710936918104,7,-0.040478757143784606,-0.04182824049270462,0.4014394505184613,0.3947151343408237,0.5833333333333334,0.5833333333333334,91.1309999992227,500.08730000081414,874.0,108.0,1.0,48538.0,0.0,1.0
10,12,940009,R10-T12,100,1cffcdad0bf7fa51acb38f43,1,1,0,1.0,1.0,0.5718840953250273,0.5363514275442248,5,-0.06682651254213841,-0.07931783690588488,0.38517350040673015,0.32862023797899986,0.5833333333333334,0.4166666666666667,79.57360000000335,235.30810000011115,944.0,96.0,1.0,0.0,0.0,1.0
10,12,940009,R10-T12,200,1cffcdad0bf7fa51acb38f43,1,1,0,1.0,1.0,0.5718840953250273,0.5363514275442248,5,-0.06682651254213841,-0.07931783690588488,0.38517350040673015,0.32862023797899986,0.5833333333333334,0.4166666666666667,79.57360000000335,217.68759999940812,944.0,96.0,1.0,0.0,0.0,1.0
10,12,940009,R10-T12,500,1cffcdad0bf7fa51acb38f43,1,1,0,1.0,1.0,0.5718840953250273,0.5363514275442248,5,-0.06682651254213841,-0.07931783690588488,0.38517350040673015,0.32862023797899986,0.5833333333333334,0.4166666666666667,79.57360000000335,500.08510000043316,944.0,96.0,1.0,25130.0,0.0,1.0
10,12,940009,R10-T12,50,1cffcdad0bf7fa51acb38f43,1,0,0,1.0,1.0,0.5718840953250273,0.5363514275442248,5,-0.06682651254213841,-0.07931783690588488,0.38517350040673015,0.32862023797899986,0.5833333333333334,0.4166666666666667,79.57360000000335,245.06269999983488,944.0,96.0,1.0,0.0,0.0,1.0
10,12,940010,R10-T12,200,b8d337c137b499470601b04c,1,1,0,1.0,1.0,0.5595912854927336,0.5437609510105077,5,-0.06177404200300668,-0.06334683871036252,0.34212846276987163,0.3590301730443212,0.4166666666666667,0.5,92.02139999979408,200.12529999985418,587.0,84.0,1.0,4245.0,0.0,1.0
10,12,940010,R10-T12,500,b8d337c137b499470601b04c,1,1,1,1.0,1.0,0.5595912854927336,0.5595912854927336,5,-0.06177404200300668,-0.06177404200300667,0.34212846276987163,0.34212846276987163,0.4166666666666667,0.4166666666666667,92.02139999979408,432.3089000008622,587.0,84.0,1.0,33453.0,0.0,0.0
10,12,940010,R10-T12,50,b8d337c137b499470601b04c,1,0,0,1.0,1.0,0.588022418949577,0.5779397664567661,4,-0.06177404200300668,-0.0732945827905402,0.34212846276987163,0.309018346244851,0.4166666666666667,0.3333333333333333,92.02139999979408,131.61049999871466,587.0,84.0,1.0,0.0,0.0,1.0
10,12,940010,R10-T12,100,b8d337c137b499470601b04c,1,1,0,1.0,1.0,0.588022418949577,0.5779397664567661,4,-0.06177404200300668,-0.0732945827905402,0.34212846276987163,0.309018346244851,0.4166666666666667,0.3333333333333333,92.02139999979408,131.34399999944435,587.0,84.0,1.0,0.0,0.0,1.0
10,12,940011,R10-T12,500,17ba2d6b59dc839b6a90af3d,1,1,1,1.0,1.0,0.6161014121856387,0.619444091440456,5,-0.0551252461613751,-0.055959360451956514,0.34938099477869056,0.34899693042512314,0.4166666666666667,0.4166666666666667,76.63099999990663,379.5336999992287,577.0,87.0,1.0,22436.0,0.0,0.0
10,12,940011,R10-T12,50,17ba2d6b59dc839b6a90af3d,1,0,0,1.0,1.0,0.6669201658058928,0.6717311660361519,3,-0.0551252461613751,-0.0794775664453836,0.34938099477869056,0.2965093355991976,0.4166666666666667,0.25,76.63099999990663,154.46589999919524,577.0,87.0,1.0,0.0,0.0,1.0
10,12,940011,R10-T12,100,17ba2d6b59dc839b6a90af3d,1,1,0,1.0,1.0,0.6669201658058928,0.6717311660361519,3,-0.0551252461613751,-0.0794775664453836,0.34938099477869056,0.2965093355991976,0.4166666666666667,0.25,76.63099999990663,147.6770999997825,577.0,87.0,1.0,0.0,0.0,1.0
10,12,940011,R10-T12,200,17ba2d6b59dc839b6a90af3d,1,1,0,1.0,1.0,0.6161014121856387,0.5948056509904501,5,-0.0551252461613751,-0.058705741072666046,0.34938099477869056,0.34083999203525556,0.4166666666666667,0.4166666666666667,76.63099999990663,200.08489999963786,577.0,87.0,1.0,6811.0,0.0,1.0
10,12,940012,R10-T12,50,7ea8f0114c8070184e9fd837,1,0,0,1.0,1.0,0.6221452313458803,0.5965971729520791,4,-0.0315887016487958,-0.045874211694780474,0.38435564735800837,0.32735915348536815,0.5,0.3333333333333333,82.2504999996454,191.04569999944943,867.0,107.0,1.0,0.0,0.0,1.0
10,12,940012,R10-T12,100,7ea8f0114c8070184e9fd837,1,1,0,1.0,1.0,0.6221452313458803,0.5965971729520791,4,-0.0315887016487958,-0.045874211694780474,0.38435564735800837,0.32735915348536815,0.5,0.3333333333333333,82.2504999996454,187.80010000045877,867.0,107.0,1.0,0.0,0.0,1.0
10,12,940012,R10-T12,200,7ea8f0114c8070184e9fd837,1,1,0,1.0,1.0,0.6221452313458803,0.5896251911318955,4,-0.0315887016487958,-0.044224959181005184,0.38435564735800837,0.31908540273616975,0.5,0.3333333333333333,82.2504999996454,200.087799999892,867.0,107.0,1.0,1401.0,0.0,1.0
10,12,940012,R10-T12,500,7ea8f0114c8070184e9fd837,1,1,0,1.0,1.0,0.5842186031782781,0.582441127186423,5,-0.0315887016487958,-0.03280412524175705,0.38435564735800837,0.36021358262482195,0.5,0.4166666666666667,82.2504999996454,500.08400000115216,867.0,107.0,1.0,24975.0,0.0,1.0
10,12,940013,R10-T12,100,3dd7e9a643dd69c605d09134,1,1,0,1.0,1.0,0.5948187242680494,0.5793336564785349,5,-0.03290946927500204,-0.04717736385014699,0.3926713375026989,0.34947925815558295,0.5,0.4166666666666667,85.34200000030978,245.19320000035805,877.0,96.0,1.0,0.0,0.0,1.0
10,12,940013,R10-T12,200,3dd7e9a643dd69c605d09134,1,1,0,1.0,1.0,0.5948187242680494,0.5793336564785349,5,-0.03290946927500204,-0.04717736385014699,0.3926713375026989,0.34947925815558295,0.5,0.4166666666666667,85.34200000030978,225.31099999832804,877.0,96.0,1.0,0.0,0.0,1.0
10,12,940013,R10-T12,500,3dd7e9a643dd69c605d09134,1,1,0,1.0,1.0,0.6023600282475445,0.6022500553593262,6,-0.03290946927500204,-0.03511785955355772,0.3926713375026989,0.37945112509940593,0.5,0.5,85.34200000030978,500.1284999998461,877.0,96.0,1.0,38535.0,0.0,1.0
10,12,940013,R10-T12,50,3dd7e9a643dd69c605d09134,1,0,0,1.0,1.0,0.5948187242680494,0.5793336564785349,5,-0.03290946927500204,-0.04717736385014699,0.3926713375026989,0.34947925815558295,0.5,0.4166666666666667,85.34200000030978,235.23849999946833,877.0,96.0,1.0,0.0,0.0,1.0
10,12,940014,R10-T12,200,c31e71993b8c207dec7d4d21,1,1,0,1.0,1.0,0.6155211315158835,0.6137851950545606,6,-0.05085752484061087,-0.0534166098881366,0.3886613037794056,0.36183811066334975,0.5833333333333334,0.5,98.56390000095416,200.0836999995954,743.0,80.0,1.0,245.0,0.0,1.0
10,12,940014,R10-T12,500,c31e71993b8c207dec7d4d21,1,1,0,1.0,1.0,0.6155211315158835,0.6137851950545606,6,-0.05085752484061087,-0.0534166098881366,0.3886613037794056,0.36183811066334975,0.5833333333333334,0.5,98.56390000095416,500.05439999949886,743.0,80.0,1.0,56926.0,0.0,1.0
10,12,940014,R10-T12,50,c31e71993b8c207dec7d4d21,1,0,0,1.0,1.0,0.6436017367975801,0.6406476896521524,3,-0.05085752484061087,-0.0858520937267843,0.3886613037794056,0.2916949040031496,0.5833333333333334,0.25,98.56390000095416,190.50400000014633,743.0,80.0,1.0,0.0,0.0,1.0
10,12,940014,R10-T12,100,c31e71993b8c207dec7d4d21,1,1,0,1.0,1.0,0.6436017367975801,0.6406476896521524,3,-0.05085752484061087,-0.0858520937267843,0.3886613037794056,0.2916949040031496,0.5833333333333334,0.25,98.56390000095416,217.4658999992971,743.0,80.0,1.0,0.0,0.0,1.0
10,12,940015,R10-T12,500,fdaa88e778b79766b1ba7514,1,1,0,1.0,1.0,0.5229648231316821,0.5294169365541949,6,-0.011073463763486271,-0.020061214799572475,0.4092208175229705,0.38491432241416024,0.5833333333333334,0.5,98.86100000039733,500.29130000075384,932.0,96.0,1.0,30279.0,0.0,1.0
10,12,940015,R10-T12,50,fdaa88e778b79766b1ba7514,1,0,0,1.0,1.0,0.5321006376487505,0.5305461350332707,5,-0.011073463763486271,-0.047306601634694405,0.4092208175229705,0.348711908914419,0.5833333333333334,0.4166666666666667,98.86100000039733,225.8449999990262,932.0,96.0,1.0,0.0,0.0,1.0
10,12,940015,R10-T12,100,fdaa88e778b79766b1ba7514,1,1,0,1.0,1.0,0.5321006376487505,0.5305461350332707,5,-0.011073463763486271,-0.047306601634694405,0.4092208175229705,0.348711908914419,0.5833333333333334,0.4166666666666667,98.86100000039733,231.19539999970584,932.0,96.0,1.0,0.0,0.0,1.0
10,12,940015,R10-T12,200,fdaa88e778b79766b1ba7514,1,1,0,1.0,1.0,0.5321006376487505,0.5305461350332707,5,-0.011073463763486271,-0.047306601634694405,0.4092208175229705,0.348711908914419,0.5833333333333334,0.4166666666666667,98.86100000039733,264.5606999994925,932.0,96.0,1.0,0.0,0.0,1.0
10,12,940016,R10-T12,50,e739e9aeceb4abffeb7b86e4,1,0,0,1.0,1.0,0.5827599077117384,0.5558852924638664,4,-0.06829840088213736,-0.09637597631907002,0.36344698401708925,0.30490602410583795,0.5,0.3333333333333333,93.30709999994724,157.5974999996106,578.0,61.0,1.0,0.0,0.0,1.0
10,12,940016,R10-T12,100,e739e9aeceb4abffeb7b86e4,1,1,0,1.0,1.0,0.5827599077117384,0.5558852924638664,4,-0.06829840088213736,-0.09637597631907002,0.36344698401708925,0.30490602410583795,0.5,0.3333333333333333,93.30709999994724,148.39709999978368,578.0,61.0,1.0,0.0,0.0,1.0
10,12,940016,R10-T12,200,e739e9aeceb4abffeb7b86e4,1,1,0,1.0,1.0,0.6080807966942984,0.5901643865290505,6,-0.06829840088213736,-0.07445288146002003,0.36344698401708925,0.34750122514486625,0.5,0.5,93.30709999994724,200.0724999998056,578.0,61.0,1.0,7026.0,0.0,1.0
10,12,940016,R10-T12,500,e739e9aeceb4abffeb7b86e4,1,1,1,1.0,1.0,0.6080807966942984,0.5901643865290505,6,-0.06829840088213736,-0.07445288146002003,0.36344698401708925,0.34750122514486625,0.5,0.5,93.30709999994724,279.3801000007079,578.0,61.0,1.0,12941.0,0.0,0.0
10,12,940017,R10-T12,100,75552a0d5d36fef7970b2251,1,1,0,1.0,1.0,0.4965509224896751,0.505014229244196,4,-0.01838450634435962,-0.05539565905868756,0.4104702976075159,0.33036161572004547,0.5833333333333334,0.3333333333333333,94.11659999932454,238.8188999993872,939.0,108.0,1.0,0.0,0.0,1.0
10,12,940017,R10-T12,200,75552a0d5d36fef7970b2251,1,1,0,1.0,1.0,0.4965509224896751,0.505014229244196,4,-0.01838450634435962,-0.05539565905868756,0.4104702976075159,0.33036161572004547,0.5833333333333334,0.3333333333333333,94.11659999932454,219.88540000165813,939.0,108.0,1.0,0.0,0.0,1.0
10,12,940017,R10-T12,500,75552a0d5d36fef7970b2251,1,1,0,1.0,1.0,0.4986007673834228,0.4986007673834228,7,-0.01838450634435962,-0.021998637893055322,0.4104702976075159,0.40362564570585757,0.5833333333333334,0.5833333333333334,94.11659999932454,500.09639999916544,939.0,108.0,1.0,34563.0,0.0,1.0
10,12,940017,R10-T12,50,75552a0d5d36fef7970b2251,1,0,0,1.0,1.0,0.4965509224896751,0.505014229244196,4,-0.01838450634435962,-0.05539565905868756,0.4104702976075159,0.33036161572004547,0.5833333333333334,0.3333333333333333,94.11659999932454,193.29339999967488,939.0,108.0,1.0,0.0,0.0,1.0
10,12,940018,R10-T12,200,b7684b608c62c645d341969c,1,1,0,1.0,1.0,0.5389659490448505,0.49949326515211945,4,-0.07905120621085916,-0.08023794304517737,0.31683913468461555,0.3070137711802927,0.3333333333333333,0.3333333333333333,75.13490000019374,200.0977999996394,473.0,71.0,1.0,6012.0,0.0,1.0
10,12,940018,R10-T12,500,b7684b608c62c645d341969c,1,1,0,1.0,1.0,0.5389659490448505,0.5338983006980746,4,-0.07905120621085916,-0.07951749538839185,0.31683913468461555,0.30857527464247286,0.3333333333333333,0.3333333333333333,75.13490000019374,500.04989999979443,473.0,71.0,1.0,36123.0,0.0,1.0
10,12,940018,R10-T12,50,b7684b608c62c645d341969c,1,0,0,1.0,1.0,0.5389659490448505,0.532037839614287,4,-0.07905120621085916,-0.0803321056373426,0.31683913468461555,0.29895185322077816,0.3333333333333333,0.3333333333333333,75.13490000019374,140.42890000018815,473.0,71.0,1.0,0.0,0.0,1.0
10,12,940018,R10-T12,100,b7684b608c62c645d341969c,1,1,0,1.0,1.0,0.5389659490448505,0.532037839614287,4,-0.07905120621085916,-0.0803321056373426,0.31683913468461555,0.29895185322077816,0.3333333333333333,0.3333333333333333,75.13490000019374,162.3369000008097,473.0,71.0,1.0,0.0,0.0,1.0
10,12,940019,R10-T12,500,aceb2d6f89af598f44d74fba,1,1,0,1.0,1.0,0.5884302753828282,0.5677947552942375,7,-0.03618239605084878,-0.04227118495422011,0.41849160049795053,0.3944719911143233,0.6666666666666666,0.5833333333333334,92.761400001109,500.10310000106983,950.0,102.0,1.0,14660.0,0.0,1.0
10,12,940019,R10-T12,50,aceb2d6f89af598f44d74fba,1,0,0,1.0,1.0,0.6128345033471797,0.5994378861754642,6,-0.03618239605084878,-0.05504370483600063,0.41849160049795053,0.36970840534810223,0.6666666666666666,0.5,92.761400001109,237.928100001227,950.0,102.0,1.0,0.0,0.0,1.0
10,12,940019,R10-T12,100,aceb2d6f89af598f44d74fba,1,1,0,1.0,1.0,0.6128345033471797,0.5994378861754642,6,-0.03618239605084878,-0.05504370483600063,0.41849160049795053,0.36970840534810223,0.6666666666666666,0.5,92.761400001109,217.70079999987502,950.0,102.0,1.0,0.0,0.0,1.0
10,12,940019,R10-T12,200,aceb2d6f89af598f44d74fba,1,1,0,1.0,1.0,0.6128345033471797,0.5994378861754642,6,-0.03618239605084878,-0.05504370483600063,0.41849160049795053,0.36970840534810223,0.6666666666666666,0.5,92.761400001109,243.37759999980335,950.0,102.0,1.0,0.0,0.0,1.0
10,12,940020,R10-T12,50,edcda292a1aabfa796ec31c3,1,0,0,1.0,1.0,0.6027796446880505,0.5760711743885625,3,-0.04634419190364573,-0.08758390358976753,0.3929536681785179,0.292613611800315,0.5833333333333334,0.25,87.4281999986124,217.42669999912323,868.0,108.0,1.0,0.0,0.0,1.0
10,12,940020,R10-T12,100,edcda292a1aabfa796ec31c3,1,1,0,1.0,1.0,0.6027796446880505,0.5760711743885625,3,-0.04634419190364573,-0.08758390358976753,0.3929536681785179,0.292613611800315,0.5833333333333334,0.25,87.4281999986124,182.73059999955876,868.0,108.0,1.0,0.0,0.0,1.0
10,12,940020,R10-T12,200,edcda292a1aabfa796ec31c3,1,1,0,1.0,1.0,0.5581379275231887,0.5420760817428157,6,-0.04634419190364573,-0.05067090638635865,0.3929536681785179,0.36284687902039564,0.5833333333333334,0.5,87.4281999986124,200.1101000005292,868.0,108.0,1.0,1439.0,0.0,1.0
10,12,940020,R10-T12,500,edcda292a1aabfa796ec31c3,1,1,0,1.0,1.0,0.5581379275231887,0.5420760817428157,6,-0.04634419190364573,-0.05067090638635865,0.3929536681785179,0.36284687902039564,0.5833333333333334,0.5,87.4281999986124,500.0999000003503,868.0,108.0,1.0,20480.0,0.0,1.0
10,12,940021,R10-T12,100,b306214066ae77138ab81fd8,1,1,0,1.0,1.0,0.528973053327735,0.5330033200247584,5,-0.048562719903458694,-0.06464224893752811,0.38964228055024397,0.3467372736971612,0.5833333333333334,0.4166666666666667,91.58490000118036,169.54989999976533,711.0,108.0,1.0,0.0,0.0,1.0
10,12,940021,R10-T12,200,b306214066ae77138ab81fd8,1,1,0,1.0,1.0,0.5441775510023223,0.5439657928395135,7,-0.048562719903458694,-0.051667108116679246,0.38964228055024397,0.3837647217514694,0.5833333333333334,0.5833333333333334,91.58490000118036,200.11469999917608,711.0,108.0,1.0,1724.0,0.0,1.0
10,12,940021,R10-T12,500,b306214066ae77138ab81fd8,1,1,0,1.0,1.0,0.5441775510023223,0.5439657928395135,7,-0.048562719903458694,-0.051667108116679246,0.38964228055024397,0.3837647217514694,0.5833333333333334,0.5833333333333334,91.58490000118036,500.10440000005474,711.0,108.0,1.0,21184.0,0.0,1.0
10,12,940021,R10-T12,50,b306214066ae77138ab81fd8,1,0,0,1.0,1.0,0.528973053327735,0.5330033200247584,5,-0.048562719903458694,-0.06464224893752811,0.38964228055024397,0.3467372736971612,0.5833333333333334,0.4166666666666667,91.58490000118036,170.6107999998494,711.0,108.0,1.0,0.0,0.0,1.0
10,12,940022,R10-T12,200,0f52a519eb04ff85c6df9a6d,1,1,0,1.0,1.0,0.5847100316559831,0.5988677534295586,4,-0.03882203431367793,-0.05320108467099532,0.37849079686727627,0.33045284101108013,0.5,0.3333333333333333,87.24330000040936,283.2901000001584,947.0,85.0,1.0,0.0,0.0,1.0
10,12,940022,R10-T12,500,0f52a519eb04ff85c6df9a6d,1,1,0,1.0,1.0,0.5386122952843612,0.5386122952843612,6,-0.03882203431367793,-0.04426927086957045,0.37849079686727627,0.36879919930139754,0.5,0.5,87.24330000040936,500.08170000000973,947.0,85.0,1.0,27234.0,0.0,1.0
10,12,940022,R10-T12,50,0f52a519eb04ff85c6df9a6d,1,0,0,1.0,1.0,0.5847100316559831,0.5988677534295586,4,-0.03882203431367793,-0.05320108467099532,0.37849079686727627,0.33045284101108013,0.5,0.3333333333333333,87.24330000040936,261.27529999939725,947.0,85.0,1.0,0.0,0.0,1.0
10,12,940022,R10-T12,100,0f52a519eb04ff85c6df9a6d,1,1,0,1.0,1.0,0.5847100316559831,0.5988677534295586,4,-0.03882203431367793,-0.05320108467099532,0.37849079686727627,0.33045284101108013,0.5,0.3333333333333333,87.24330000040936,286.0815999993065,947.0,85.0,1.0,0.0,0.0,1.0
10,12,940023,R10-T12,500,78ebd2e7b9bf4738bc97b4c9,1,1,0,1.0,1.0,0.5387972660587168,0.5498125887014595,5,-0.036448360530396184,-0.04070464063060097,0.3754683808324714,0.36251637938599757,0.4166666666666667,0.4166666666666667,83.95270000073651,500.1769999998942,775.0,85.0,1.0,42681.0,0.0,1.0
10,12,940023,R10-T12,50,78ebd2e7b9bf4738bc97b4c9,1,0,0,1.0,1.0,0.5719680731933672,0.5762466159520594,4,-0.036448360530396184,-0.04693024353288469,0.3754683808324714,0.34103818933850244,0.4166666666666667,0.3333333333333333,83.95270000073651,223.47249999984342,775.0,85.0,1.0,0.0,0.0,1.0
10,12,940023,R10-T12,100,78ebd2e7b9bf4738bc97b4c9,1,1,0,1.0,1.0,0.5719680731933672,0.5762466159520594,4,-0.036448360530396184,-0.04693024353288469,0.3754683808324714,0.34103818933850244,0.4166666666666667,0.3333333333333333,83.95270000073651,189.50860000040848,775.0,85.0,1.0,0.0,0.0,1.0
10,12,940023,R10-T12,200,78ebd2e7b9bf4738bc97b4c9,1,1,0,1.0,1.0,0.5719680731933672,0.5762466159520594,4,-0.036448360530396184,-0.04693024353288469,0.3754683808324714,0.34103818933850244,0.4166666666666667,0.3333333333333333,83.95270000073651,204.08010000028298,775.0,85.0,1.0,0.0,0.0,1.0
10,12,940024,R10-T12,50,9099d227685c0905a2273a83,1,0,0,1.0,1.0,0.48214694009776426,0.48207251017304686,4,-0.05910567384077276,-0.07356107063815402,0.34425219601067564,0.3115291652261426,0.4166666666666667,0.3333333333333333,77.49469999907888,242.91509999966365,755.0,85.0,1.0,0.0,0.0,1.0
10,12,940024,R10-T12,100,9099d227685c0905a2273a83,1,1,0,1.0,1.0,0.48214694009776426,0.48207251017304686,4,-0.05910567384077276,-0.07356107063815402,0.34425219601067564,0.3115291652261426,0.4166666666666667,0.3333333333333333,77.49469999907888,228.83420000107435,755.0,85.0,1.0,0.0,0.0,1.0
10,12,940024,R10-T12,200,9099d227685c0905a2273a83,1,1,0,1.0,1.0,0.48214694009776426,0.48207251017304686,4,-0.05910567384077276,-0.07356107063815402,0.34425219601067564,0.3115291652261426,0.4166666666666667,0.3333333333333333,77.49469999907888,206.53929999934917,755.0,85.0,1.0,0.0,0.0,1.0
10,12,940024,R10-T12,500,9099d227685c0905a2273a83,1,1,0,1.0,1.0,0.4717201952302762,0.4717201952302762,5,-0.05910567384077276,-0.0624817684219331,0.34425219601067564,0.3343433603911443,0.4166666666666667,0.4166666666666667,77.49469999907888,500.09830000090005,755.0,85.0,1.0,16884.0,0.0,1.0
10,12,940025,R10-T12,100,82b94ec13f248dc082d76fc6,1,1,0,1.0,1.0,0.6291528526961125,0.640370466226015,5,-0.07986604720503697,-0.08364873031277996,0.3585947167664165,0.3273638311677848,0.5,0.4166666666666667,81.75420000043232,236.31530000056955,819.0,84.0,1.0,0.0,0.0,1.0
10,12,940025,R10-T12,200,82b94ec13f248dc082d76fc6,1,1,0,1.0,1.0,0.6291528526961125,0.640370466226015,5,-0.07986604720503697,-0.08364873031277996,0.3585947167664165,0.3273638311677848,0.5,0.4166666666666667,81.75420000043232,236.64079999980459,819.0,84.0,1.0,0.0,0.0,1.0
10,12,940025,R10-T12,500,82b94ec13f248dc082d76fc6,1,1,0,1.0,1.0,0.6427095017175931,0.6427095017175931,6,-0.07986604720503697,-0.08250232496580476,0.3585947167664165,0.35146400760683605,0.5,0.5,81.75420000043232,500.1078999994206,819.0,84.0,1.0,25923.0,0.0,1.0
10,12,940025,R10-T12,50,82b94ec13f248dc082d76fc6,1,0,0,1.0,1.0,0.6291528526961125,0.640370466226015,5,-0.07986604720503697,-0.08364873031277996,0.3585947167664165,0.3273638311677848,0.5,0.4166666666666667,81.75420000043232,217.91470000061963,819.0,84.0,1.0,0.0,0.0,1.0
10,12,940026,R10-T12,200,624cde35bc4f0d5ad5847a76,1,1,0,1.0,1.0,0.5041238498148201,0.5041238498148201,5,-0.05673620137912631,-0.057393457136509896,0.36812118731735144,0.34168508750098797,0.5,0.4166666666666667,96.8871000004583,200.08289999896078,752.0,108.0,1.0,1591.0,0.0,1.0
10,12,940026,R10-T12,500,624cde35bc4f0d5ad5847a76,1,1,0,1.0,1.0,0.5041238498148201,0.5041238498148201,5,-0.05673620137912631,-0.057393457136509896,0.36812118731735144,0.34168508750098797,0.5,0.4166666666666667,96.8871000004583,500.0646999997116,752.0,108.0,1.0,26581.0,0.0,1.0
10,12,940026,R10-T12,50,624cde35bc4f0d5ad5847a76,1,0,0,1.0,1.0,0.5041238498148201,0.5102751862724495,5,-0.05673620137912631,-0.05797440736603358,0.36812118731735144,0.34944628017437385,0.5,0.4166666666666667,96.8871000004583,170.44800000076066,752.0,108.0,1.0,0.0,0.0,1.0
10,12,940026,R10-T12,100,624cde35bc4f0d5ad5847a76,1,1,0,1.0,1.0,0.5041238498148201,0.5102751862724495,5,-0.05673620137912631,-0.05797440736603358,0.36812118731735144,0.34944628017437385,0.5,0.4166666666666667,96.8871000004583,210.81860000049346,752.0,108.0,1.0,0.0,0.0,1.0
10,12,940027,R10-T12,500,a78d49ab16d92efc4387b235,1,1,0,1.0,1.0,0.5208925740542015,0.4994278546896804,5,-0.018324960178857402,-0.04135408464562924,0.405609071448099,0.34624200472972444,0.5833333333333334,0.4166666666666667,99.20400000009977,500.0890999999683,975.0,120.0,1.0,24885.0,0.0,1.0
10,12,940027,R10-T12,50,a78d49ab16d92efc4387b235,1,0,0,1.0,1.0,0.5552662520725813,0.5300042799966342,4,-0.018324960178857402,-0.056230600930896074,0.405609071448099,0.3208531207818661,0.5833333333333334,0.3333333333333333,99.20400000009977,235.29120000057446,975.0,120.0,1.0,0.0,0.0,1.0
10,12,940027,R10-T12,100,a78d49ab16d92efc4387b235,1,1,0,1.0,1.0,0.5552662520725813,0.5300042799966342,4,-0.018324960178857402,-0.056230600930896074,0.405609071448099,0.3208531207818661,0.5833333333333334,0.3333333333333333,99.20400000009977,239.45959999946353,975.0,120.0,1.0,0.0,0.0,1.0
10,12,940027,R10-T12,200,a78d49ab16d92efc4387b235,1,1,0,1.0,1.0,0.5552662520725813,0.5300042799966342,4,-0.018324960178857402,-0.056230600930896074,0.405609071448099,0.3208531207818661,0.5833333333333334,0.3333333333333333,99.20400000009977,272.01720000084606,975.0,120.0,1.0,0.0,0.0,1.0
10,12,940028,R10-T12,50,8ac25f40218751f8eeffd849,1,0,0,1.0,1.0,0.578964378671858,0.5643518205882181,4,-0.06172158448791964,-0.06705154560877323,0.34462684090355494,0.31554478615942705,0.4166666666666667,0.3333333333333333,91.22539999953005,153.3753000003344,582.0,63.0,1.0,0.0,0.0,1.0
10,12,940028,R10-T12,100,8ac25f40218751f8eeffd849,1,1,0,1.0,1.0,0.578964378671858,0.5643518205882181,4,-0.06172158448791964,-0.06705154560877323,0.34462684090355494,0.31554478615942705,0.4166666666666667,0.3333333333333333,91.22539999953005,150.42990000074496,582.0,63.0,1.0,0.0,0.0,1.0
10,12,940028,R10-T12,200,8ac25f40218751f8eeffd849,1,1,0,1.0,1.0,0.5632576314655136,0.5515675849986017,5,-0.06172158448791964,-0.06294751573849257,0.34462684090355494,0.336250422041227,0.4166666666666667,0.4166666666666667,91.22539999953005,200.04429999971762,582.0,63.0,1.0,8980.0,0.0,1.0
10,12,940028,R10-T12,500,8ac25f40218751f8eeffd849,1,1,1,1.0,1.0,0.5632576314655136,0.5515675849986017,5,-0.06172158448791964,-0.06294751573849257,0.34462684090355494,0.336250422041227,0.4166666666666667,0.4166666666666667,91.22539999953005,208.26579999993555,582.0,63.0,1.0,12780.0,0.0,0.0
10,12,940029,R10-T12,100,6f133e77b81e07eab45ce5b3,1,1,0,1.0,1.0,0.5758424461404335,0.572640056242365,6,-0.05775597695483379,-0.05987556601869303,0.37118479384884945,0.36425111022714773,0.5,0.5,75.9675999997853,140.6729999998788,586.0,76.0,1.0,0.0,0.0,1.0
10,12,940029,R10-T12,200,6f133e77b81e07eab45ce5b3,1,1,0,1.0,1.0,0.5758424461404335,0.572640056242365,6,-0.05775597695483379,-0.05987556601869303,0.37118479384884945,0.36425111022714773,0.5,0.5,75.9675999997853,200.19870000032824,586.0,76.0,1.0,3515.0,0.0,1.0
10,12,940029,R10-T12,500,6f133e77b81e07eab45ce5b3,1,1,0,1.0,1.0,0.5758424461404335,0.5766455222913454,6,-0.05775597695483379,-0.05982712153654766,0.37118479384884945,0.3644275028331216,0.5,0.5,75.9675999997853,500.0463000014861,586.0,76.0,1.0,29285.0,0.0,1.0
10,12,940029,R10-T12,50,6f133e77b81e07eab45ce5b3,1,0,0,1.0,1.0,0.5758424461404335,0.572640056242365,6,-0.05775597695483379,-0.05987556601869303,0.37118479384884945,0.36425111022714773,0.5,0.5,75.9675999997853,131.79540000055567,586.0,76.0,1.0,0.0,0.0,1.0
10,16,940000,R10-T16,50,b98bc62f562ab1d02290d717,1,0,0,1.0,1.0,0.5014915489222641,0.5014915489222641,3,-0.04602800506674921,-0.08797673530202335,0.35440332282328135,0.2783507640037644,0.5,0.25,177.73119999947085,235.84130000017467,886.0,109.0,1.0,0.0,0.0,1.0
10,16,940000,R10-T16,100,b98bc62f562ab1d02290d717,1,0,0,1.0,1.0,0.5014915489222641,0.5014915489222641,3,-0.04602800506674921,-0.08797673530202335,0.35440332282328135,0.2783507640037644,0.5,0.25,177.73119999947085,229.408200000762,886.0,109.0,1.0,0.0,0.0,1.0
10,16,940000,R10-T16,200,b98bc62f562ab1d02290d717,1,1,0,1.0,1.0,0.5014915489222641,0.5014915489222641,3,-0.04602800506674921,-0.08797673530202335,0.35440332282328135,0.2783507640037644,0.5,0.25,177.73119999947085,230.78290000012203,886.0,109.0,1.0,0.0,0.0,1.0
10,16,940000,R10-T16,500,b98bc62f562ab1d02290d717,1,1,0,1.0,1.0,0.5591909300805501,0.5314794960605344,5,-0.04602800506674921,-0.06829067442989295,0.35440332282328135,0.3130282382388169,0.5,0.375,177.73119999947085,500.11110000014014,886.0,109.0,1.0,24897.0,0.0,1.0
10,16,940001,R10-T16,100,c54eef6400222f1593524904,1,0,0,1.0,1.0,0.577609201609321,0.5761572854941577,5,-0.045313051988989196,-0.06282110076531405,0.346366993567491,0.3124933548522025,0.4375,0.3125,124.03319999975793,237.83849999927043,844.0,109.0,1.0,0.0,0.0,1.0
10,16,940001,R10-T16,200,c54eef6400222f1593524904,1,1,0,1.0,1.0,0.577609201609321,0.5761572854941577,5,-0.045313051988989196,-0.06282110076531405,0.346366993567491,0.3124933548522025,0.4375,0.3125,124.03319999975793,236.76770000020042,844.0,109.0,1.0,0.0,0.0,1.0
10,16,940001,R10-T16,500,c54eef6400222f1593524904,1,1,0,1.0,1.0,0.5468258512518158,0.5435103853487646,7,-0.045313051988989196,-0.047881071112200205,0.346366993567491,0.342294376835216,0.4375,0.4375,124.03319999975793,500.1050999999279,844.0,109.0,1.0,35026.0,0.0,1.0
10,16,940001,R10-T16,50,c54eef6400222f1593524904,1,0,0,1.0,1.0,0.577609201609321,0.5761572854941577,5,-0.045313051988989196,-0.06282110076531405,0.346366993567491,0.3124933548522025,0.4375,0.3125,124.03319999975793,244.94729999969422,844.0,109.0,1.0,0.0,0.0,1.0
10,16,940002,R10-T16,200,82ee54c8913342a703a21045,1,1,0,1.0,1.0,0.5847917975281882,0.5729325825468907,5,-0.05697230774060726,-0.06854418056905849,0.33923778820883443,0.2989290073539938,0.4375,0.3125,132.19869999920775,297.4257000005309,1409.0,156.0,1.0,0.0,0.0,1.0
10,16,940002,R10-T16,500,82ee54c8913342a703a21045,1,1,0,1.0,1.0,0.5660630637937797,0.5527031580189498,6,-0.05697230774060726,-0.05932875726132958,0.33923778820883443,0.31684856235503656,0.4375,0.375,132.19869999920775,500.10930000098597,1409.0,156.0,1.0,14184.0,0.0,1.0
10,16,940002,R10-T16,50,82ee54c8913342a703a21045,1,0,0,1.0,1.0,0.5847917975281882,0.5729325825468907,5,-0.05697230774060726,-0.06854418056905849,0.33923778820883443,0.2989290073539938,0.4375,0.3125,132.19869999920775,349.384099999952,1409.0,156.0,1.0,0.0,0.0,1.0
10,16,940002,R10-T16,100,82ee54c8913342a703a21045,1,0,0,1.0,1.0,0.5847917975281882,0.5729325825468907,5,-0.05697230774060726,-0.06854418056905849,0.33923778820883443,0.2989290073539938,0.4375,0.3125,132.19869999920775,340.2762999994593,1409.0,156.0,1.0,0.0,0.0,1.0
10,16,940003,R10-T16,500,ac74fc0c68ae1768af499cb6,1,1,0,1.0,1.0,0.5224242738299372,0.4972066570487461,6,-0.07369880939396005,-0.07555927888776498,0.3328118292328651,0.3094005903038992,0.4375,0.375,114.60629999965022,500.10090000068885,870.0,116.0,1.0,25978.0,0.0,1.0
10,16,940003,R10-T16,50,ac74fc0c68ae1768af499cb6,1,0,0,1.0,1.0,0.5568437604306659,0.5463519594084127,4,-0.07369880939396005,-0.08366747846665112,0.3328118292328651,0.27900144068018506,0.4375,0.25,114.60629999965022,193.29429999925196,870.0,116.0,1.0,0.0,0.0,1.0
10,16,940003,R10-T16,100,ac74fc0c68ae1768af499cb6,1,0,0,1.0,1.0,0.5568437604306659,0.5463519594084127,4,-0.07369880939396005,-0.08366747846665112,0.3328118292328651,0.27900144068018506,0.4375,0.25,114.60629999965022,192.85630000013043,870.0,116.0,1.0,0.0,0.0,1.0
10,16,940003,R10-T16,200,ac74fc0c68ae1768af499cb6,1,1,0,1.0,1.0,0.5568437604306659,0.5463519594084127,4,-0.07369880939396005,-0.08366747846665112,0.3328118292328651,0.27900144068018506,0.4375,0.25,114.60629999965022,215.20140000029642,870.0,116.0,1.0,0.0,0.0,1.0
10,16,940004,R10-T16,50,e494d006f371f356db01dec1,1,0,0,1.0,1.0,0.4300336567199201,0.40004130345974853,3,-0.06266165054726841,-0.08347235921494986,0.30328879797656,0.25433000836180164,0.3125,0.1875,107.68689999895287,237.25419999937003,803.0,77.0,1.0,0.0,0.0,1.0
10,16,940004,R10-T16,100,e494d006f371f356db01dec1,1,0,0,1.0,1.0,0.4300336567199201,0.40004130345974853,3,-0.06266165054726841,-0.08347235921494986,0.30328879797656,0.25433000836180164,0.3125,0.1875,107.68689999895287,221.0427999998501,803.0,77.0,1.0,0.0,0.0,1.0
10,16,940004,R10-T16,200,e494d006f371f356db01dec1,1,1,0,1.0,1.0,0.4300336567199201,0.40004130345974853,3,-0.06266165054726841,-0.08347235921494986,0.30328879797656,0.25433000836180164,0.3125,0.1875,107.68689999895287,217.33429999949294,803.0,77.0,1.0,0.0,0.0,1.0
10,16,940004,R10-T16,500,e494d006f371f356db01dec1,1,1,1,1.0,1.0,0.46186352253560836,0.45554028988677586,5,-0.06266165054726841,-0.0648111576860075,0.30328879797656,0.2963106825802702,0.3125,0.3125,107.68689999895287,256.35069999952975,803.0,77.0,1.0,5381.0,0.0,0.0
10,16,940005,R10-T16,100,6508574aa2efd0ae121428ab,1,0,0,1.0,1.0,0.500404619427708,0.49338630655480564,3,-0.0811976506183893,-0.10164039317140378,0.3086674283227295,0.2462638833109105,0.375,0.1875,102.07889999946929,183.9099000007991,578.0,84.0,1.0,0.0,0.0,1.0
10,16,940005,R10-T16,200,6508574aa2efd0ae121428ab,1,1,0,1.0,1.0,0.5584172931153389,0.5001148753394428,4,-0.0811976506183893,-0.08895730619346143,0.3086674283227295,0.26665694967558773,0.375,0.25,102.07889999946929,200.08720000078029,578.0,84.0,1.0,421.0,0.0,1.0
10,16,940005,R10-T16,500,6508574aa2efd0ae121428ab,1,1,1,1.0,1.0,0.5584172931153389,0.5001148753394428,4,-0.0811976506183893,-0.08895730619346143,0.3086674283227295,0.26665694967558773,0.375,0.25,102.07889999946929,338.5182000001805,578.0,84.0,1.0,19416.0,0.0,0.0
10,16,940005,R10-T16,50,6508574aa2efd0ae121428ab,1,0,0,1.0,1.0,0.500404619427708,0.49338630655480564,3,-0.0811976506183893,-0.10164039317140378,0.3086674283227295,0.2462638833109105,0.375,0.1875,102.07889999946929,173.72360000081244,578.0,84.0,1.0,0.0,0.0,1.0
10,16,940006,R10-T16,200,e40b684931bceeb593d63ede,1,1,0,1.0,1.0,0.5974481838848604,0.5759385025580877,5,-0.06084132135355587,-0.07847708553451499,0.3515722057712142,0.29476697497830806,0.5,0.3125,101.65059999962978,273.7896999988152,940.0,120.0,1.0,0.0,0.0,1.0
10,16,940006,R10-T16,500,e40b684931bceeb593d63ede,1,1,0,1.0,1.0,0.5849159299942146,0.5763030697608181,7,-0.06084132135355587,-0.06785474569517053,0.3515722057712142,0.3282691915787536,0.5,0.4375,101.65059999962978,500.1148000010289,940.0,120.0,1.0,26912.0,0.0,1.0
10,16,940006,R10-T16,50,e40b684931bceeb593d63ede,1,0,0,1.0,1.0,0.5974481838848604,0.5759385025580877,5,-0.06084132135355587,-0.07847708553451499,0.3515722057712142,0.29476697497830806,0.5,0.3125,101.65059999962978,221.74319999976433,940.0,120.0,1.0,0.0,0.0,1.0
10,16,940006,R10-T16,100,e40b684931bceeb593d63ede,1,0,0,1.0,1.0,0.5974481838848604,0.5759385025580877,5,-0.06084132135355587,-0.07847708553451499,0.3515722057712142,0.29476697497830806,0.5,0.3125,101.65059999962978,220.68750000107684,940.0,120.0,1.0,0.0,0.0,1.0
10,16,940007,R10-T16,500,23b6d73eef7fc983ae2198ca,1,1,0,1.0,1.0,0.4791358789872264,0.4515763248563638,6,-0.04412410229818011,-0.05653506981540992,0.35539574265043833,0.33360732428353257,0.5,0.4375,128.07169999905454,500.09899999895424,1421.0,132.0,1.0,14631.0,0.0,1.0
10,16,940007,R10-T16,50,23b6d73eef7fc983ae2198ca,1,0,0,1.0,1.0,0.47171556825897437,0.4601332848867271,5,-0.04412410229818011,-0.06426299245889344,0.35539574265043833,0.3223962118497459,0.5,0.375,128.07169999905454,315.2060000011261,1421.0,132.0,1.0,0.0,0.0,1.0
10,16,940007,R10-T16,100,23b6d73eef7fc983ae2198ca,1,0,0,1.0,1.0,0.47171556825897437,0.4601332848867271,5,-0.04412410229818011,-0.06426299245889344,0.35539574265043833,0.3223962118497459,0.5,0.375,128.07169999905454,377.6889000000665,1421.0,132.0,1.0,0.0,0.0,1.0
10,16,940007,R10-T16,200,23b6d73eef7fc983ae2198ca,1,1,0,1.0,1.0,0.47171556825897437,0.4601332848867271,5,-0.04412410229818011,-0.06426299245889344,0.35539574265043833,0.3223962118497459,0.5,0.375,128.07169999905454,368.29089999991993,1421.0,132.0,1.0,0.0,0.0,1.0
10,16,940008,R10-T16,50,8248a6b6dd12da5f94eec4a7,1,0,0,1.0,1.0,0.6043290530643667,0.6010832593686353,7,-0.049715709242268744,-0.06821860071493902,0.3712823996220003,0.33469668708160144,0.5625,0.4375,131.48890000047686,307.6949999995122,1385.0,156.0,1.0,0.0,0.0,1.0
10,16,940008,R10-T16,100,8248a6b6dd12da5f94eec4a7,1,0,0,1.0,1.0,0.6043290530643667,0.6010832593686353,7,-0.049715709242268744,-0.06821860071493902,0.3712823996220003,0.33469668708160144,0.5625,0.4375,131.48890000047686,295.08569999961765,1385.0,156.0,1.0,0.0,0.0,1.0
10,16,940008,R10-T16,200,8248a6b6dd12da5f94eec4a7,1,1,0,1.0,1.0,0.6043290530643667,0.6010832593686353,7,-0.049715709242268744,-0.06821860071493902,0.3712823996220003,0.33469668708160144,0.5625,0.4375,131.48890000047686,290.94639999857463,1385.0,156.0,1.0,0.0,0.0,1.0
10,16,940008,R10-T16,500,8248a6b6dd12da5f94eec4a7,1,1,0,1.0,1.0,0.607383146231673,0.6068028894751912,8,-0.049715709242268744,-0.055927301279576846,0.3712823996220003,0.35368738445766357,0.5625,0.5,131.48890000047686,500.2838000000338,1385.0,156.0,1.0,20721.0,0.0,1.0
10,16,940009,R10-T16,100,c25ba38ac393a7b8697db8ab,1,0,0,1.0,1.0,0.5584399257061246,0.5387785849183019,4,-0.06739186776576916,-0.08583087390925118,0.36134469055442514,0.2919988153701666,0.5625,0.3125,186.89919999997073,334.9754999999277,1343.0,132.0,1.0,0.0,0.0,1.0
10,16,940009,R10-T16,200,c25ba38ac393a7b8697db8ab,1,1,0,1.0,1.0,0.5584399257061246,0.5387785849183019,4,-0.06739186776576916,-0.08583087390925118,0.36134469055442514,0.2919988153701666,0.5625,0.3125,186.89919999997073,324.48910000130127,1343.0,132.0,1.0,0.0,0.0,1.0
10,16,940009,R10-T16,500,c25ba38ac393a7b8697db8ab,1,1,0,1.0,1.0,0.5227054245668936,0.5039982196819024,5,-0.06739186776576916,-0.07939260451998655,0.36134469055442514,0.30827399403729694,0.5625,0.375,186.89919999997073,500.09420000060345,1343.0,132.0,1.0,10633.0,0.0,1.0
10,16,940009,R10-T16,50,c25ba38ac393a7b8697db8ab,1,0,0,1.0,1.0,0.5584399257061246,0.5387785849183019,4,-0.06739186776576916,-0.08583087390925118,0.36134469055442514,0.2919988153701666,0.5625,0.3125,186.89919999997073,362.67639999823587,1343.0,132.0,1.0,0.0,0.0,1.0
10,16,940010,R10-T16,200,36f37379311e26ca400e1c73,1,1,0,1.0,1.0,0.6274065733317016,0.622500835300809,4,-0.06286818642500641,-0.0816360139908235,0.3208134193380903,0.27999840255701935,0.375,0.25,137.94079999934183,221.53550000075484,850.0,120.0,1.0,0.0,0.0,1.0
10,16,940010,R10-T16,500,36f37379311e26ca400e1c73,1,1,0,1.0,1.0,0.5705460136650317,0.5631318482624958,6,-0.06286818642500641,-0.06427626358924897,0.3208134193380903,0.3156244710905834,0.375,0.375,137.94079999934183,500.0949000004766,850.0,120.0,1.0,31757.0,0.0,1.0
10,16,940010,R10-T16,50,36f37379311e26ca400e1c73,1,0,0,1.0,1.0,0.6274065733317016,0.622500835300809,4,-0.06286818642500641,-0.0816360139908235,0.3208134193380903,0.27999840255701935,0.375,0.25,137.94079999934183,197.46649999979127,850.0,120.0,1.0,0.0,0.0,1.0
10,16,940010,R10-T16,100,36f37379311e26ca400e1c73,1,0,0,1.0,1.0,0.6274065733317016,0.622500835300809,4,-0.06286818642500641,-0.0816360139908235,0.3208134193380903,0.27999840255701935,0.375,0.25,137.94079999934183,222.8888999998162,850.0,120.0,1.0,0.0,0.0,1.0
10,16,940011,R10-T16,500,a113ca788dda756337e64d30,1,1,0,1.0,1.0,0.5656040407313759,0.589431875764664,7,-0.05816975288894378,-0.06346180504961683,0.3392436233935668,0.334276752436925,0.4375,0.4375,122.24679999962973,500.1303999997617,931.0,123.0,1.0,18072.0,0.0,1.0
10,16,940011,R10-T16,50,a113ca788dda756337e64d30,1,0,0,1.0,1.0,0.6293180911185389,0.6797304473248931,4,-0.05816975288894378,-0.09191820098043688,0.3392436233935668,0.2804128898031555,0.4375,0.25,122.24679999962973,253.05639999896812,931.0,123.0,1.0,0.0,0.0,1.0
10,16,940011,R10-T16,100,a113ca788dda756337e64d30,1,0,0,1.0,1.0,0.6293180911185389,0.6797304473248931,4,-0.05816975288894378,-0.09191820098043688,0.3392436233935668,0.2804128898031555,0.4375,0.25,122.24679999962973,449.4823000004544,931.0,123.0,1.0,0.0,0.0,1.0
10,16,940011,R10-T16,200,a113ca788dda756337e64d30,1,1,0,1.0,1.0,0.6293180911185389,0.6797304473248931,4,-0.05816975288894378,-0.09191820098043688,0.3392436233935668,0.2804128898031555,0.4375,0.25,122.24679999962973,293.4331000014936,931.0,123.0,1.0,0.0,0.0,1.0
10,16,940012,R10-T16,50,681c565efe75f32d727a741b,1,0,0,1.0,1.0,0.6221452313458803,0.5965971729520791,4,-0.04654718517659666,-0.06268179116607542,0.3305797108173655,0.28508203883330446,0.375,0.25,140.6819000003452,277.16920000057144,934.0,119.0,1.0,0.0,0.0,1.0
10,16,940012,R10-T16,100,681c565efe75f32d727a741b,1,0,0,1.0,1.0,0.6221452313458803,0.5965971729520791,4,-0.04654718517659666,-0.06268179116607542,0.3305797108173655,0.28508203883330446,0.375,0.25,140.6819000003452,267.58630000040284,934.0,119.0,1.0,0.0,0.0,1.0
10,16,940012,R10-T16,200,681c565efe75f32d727a741b,1,1,0,1.0,1.0,0.6221452313458803,0.5965971729520791,4,-0.04654718517659666,-0.06268179116607542,0.3305797108173655,0.28508203883330446,0.375,0.25,140.6819000003452,278.19540000018605,934.0,119.0,1.0,0.0,0.0,1.0
10,16,940012,R10-T16,500,681c565efe75f32d727a741b,1,1,0,1.0,1.0,0.5762167746206719,0.5733850307118395,5,-0.04654718517659666,-0.05434435097870062,0.3305797108173655,0.30330548559795345,0.375,0.3125,140.6819000003452,500.05439999949886,934.0,119.0,1.0,23119.0,0.0,1.0
10,16,940013,R10-T16,100,8021863d77c2bc06d424d925,1,0,0,1.0,1.0,0.5948187242680494,0.5793336564785349,5,-0.06186772153240657,-0.07256864246376529,0.3304199060496899,0.29847170572024423,0.375,0.3125,110.41029999978491,254.9641999994492,890.0,108.0,1.0,0.0,0.0,1.0
10,16,940013,R10-T16,200,8021863d77c2bc06d424d925,1,1,0,1.0,1.0,0.5948187242680494,0.5793336564785349,5,-0.06186772153240657,-0.07256864246376529,0.3304199060496899,0.29847170572024423,0.375,0.3125,110.41029999978491,269.189999999071,890.0,108.0,1.0,0.0,0.0,1.0
10,16,940013,R10-T16,500,8021863d77c2bc06d424d925,1,1,0,1.0,1.0,0.6023600282475445,0.6022500553593262,6,-0.06186772153240657,-0.06352401424132334,0.3304199060496899,0.32078313862085617,0.375,0.375,110.41029999978491,500.11610000001383,890.0,108.0,1.0,29973.0,0.0,1.0
10,16,940013,R10-T16,50,8021863d77c2bc06d424d925,1,0,0,1.0,1.0,0.5948187242680494,0.5793336564785349,5,-0.06186772153240657,-0.07256864246376529,0.3304199060496899,0.29847170572024423,0.375,0.3125,110.41029999978491,326.429000000644,890.0,108.0,1.0,0.0,0.0,1.0
10,16,940014,R10-T16,200,9e8428db480b4da066532c0f,1,1,0,1.0,1.0,0.5902887320539645,0.5882056083003772,5,-0.06556160184132657,-0.07730546039223038,0.3331498113227792,0.29569884077214836,0.4375,0.3125,101.71660000014526,252.64769999921555,889.0,104.0,1.0,0.0,0.0,1.0
10,16,940014,R10-T16,500,9e8428db480b4da066532c0f,1,1,0,1.0,1.0,0.6120770338477197,0.6103410973863969,6,-0.06556160184132657,-0.06748091562697088,0.3331498113227792,0.31273240746072284,0.4375,0.375,101.71660000014526,500.1185999990412,889.0,104.0,1.0,28937.0,0.0,1.0
10,16,940014,R10-T16,50,9e8428db480b4da066532c0f,1,0,0,1.0,1.0,0.5902887320539645,0.5882056083003772,5,-0.06556160184132657,-0.07730546039223038,0.3331498113227792,0.29569884077214836,0.4375,0.3125,101.71660000014526,288.3674999993673,889.0,104.0,1.0,0.0,0.0,1.0
10,16,940014,R10-T16,100,9e8428db480b4da066532c0f,1,0,0,1.0,1.0,0.5902887320539645,0.5882056083003772,5,-0.06556160184132657,-0.07730546039223038,0.3331498113227792,0.29569884077214836,0.4375,0.3125,101.71660000014526,306.13830000038433,889.0,104.0,1.0,0.0,0.0,1.0
10,16,940015,R10-T16,500,c86d3cc1e1ba2d2379e3cef8,1,1,0,1.0,1.0,0.5229648231316821,0.5297062039755068,6,-0.04044704257722509,-0.05595699881456526,0.3587211567226587,0.32402237827181324,0.5,0.375,114.97659999986354,500.09469999895373,1093.0,120.0,1.0,18719.0,0.0,1.0
10,16,940015,R10-T16,50,c86d3cc1e1ba2d2379e3cef8,1,0,0,1.0,1.0,0.5321006376487505,0.5305461350332707,5,-0.04044704257722509,-0.0738927223056395,0.3587211567226587,0.2987369764837978,0.5,0.3125,114.97659999986354,277.0543999995425,1093.0,120.0,1.0,0.0,0.0,1.0
10,16,940015,R10-T16,100,c86d3cc1e1ba2d2379e3cef8,1,0,0,1.0,1.0,0.5321006376487505,0.5305461350332707,5,-0.04044704257722509,-0.0738927223056395,0.3587211567226587,0.2987369764837978,0.5,0.3125,114.97659999986354,280.46569999969506,1093.0,120.0,1.0,0.0,0.0,1.0
10,16,940015,R10-T16,200,c86d3cc1e1ba2d2379e3cef8,1,1,0,1.0,1.0,0.5321006376487505,0.5305461350332707,5,-0.04044704257722509,-0.0738927223056395,0.3587211567226587,0.2987369764837978,0.5,0.3125,114.97659999986354,321.3477999997849,1093.0,120.0,1.0,0.0,0.0,1.0
10,16,940016,R10-T16,50,27fbcc8c8469b47391c9bda1,1,0,0,1.0,1.0,0.5846533249296055,0.5641828796421968,5,-0.07596614874434346,-0.09651455649668808,0.3326926554426863,0.2895372627730932,0.4375,0.3125,149.77750000070955,264.83809999990626,1026.0,109.0,1.0,0.0,0.0,1.0
10,16,940016,R10-T16,100,27fbcc8c8469b47391c9bda1,1,0,0,1.0,1.0,0.5846533249296055,0.5641828796421968,5,-0.07596614874434346,-0.09651455649668808,0.3326926554426863,0.2895372627730932,0.4375,0.3125,149.77750000070955,241.801399999531,1026.0,109.0,1.0,0.0,0.0,1.0
10,16,940016,R10-T16,200,27fbcc8c8469b47391c9bda1,1,1,0,1.0,1.0,0.5846533249296055,0.5641828796421968,5,-0.07596614874434346,-0.09651455649668808,0.3326926554426863,0.2895372627730932,0.4375,0.3125,149.77750000070955,254.65840000106255,1026.0,109.0,1.0,0.0,0.0,1.0
10,16,940016,R10-T16,500,27fbcc8c8469b47391c9bda1,1,1,0,1.0,1.0,0.6090631991670306,0.586535265934218,6,-0.07596614874434346,-0.08686479951662056,0.3326926554426863,0.31817305161540393,0.4375,0.4375,149.77750000070955,500.0796000003902,1026.0,109.0,1.0,14677.0,0.0,1.0
10,16,940017,R10-T16,100,8125877fdcb402e0d832d2ba,1,0,0,1.0,1.0,0.5307974529990528,0.5389389040258873,5,-0.03164283526164179,-0.05768351551575333,0.3648488360567749,0.3103169393276321,0.5,0.3125,135.62290000118082,278.24520000103803,1275.0,144.0,1.0,0.0,0.0,1.0
10,16,940017,R10-T16,200,8125877fdcb402e0d832d2ba,1,1,0,1.0,1.0,0.5307974529990528,0.5389389040258873,5,-0.03164283526164179,-0.05768351551575333,0.3648488360567749,0.3103169393276321,0.5,0.3125,135.62290000118082,292.0584000003146,1275.0,144.0,1.0,0.0,0.0,1.0
10,16,940017,R10-T16,500,8125877fdcb402e0d832d2ba,1,1,0,1.0,1.0,0.4912900401866204,0.4913124607826447,8,-0.03164283526164179,-0.035516722347262344,0.3648488360567749,0.3603112857416606,0.5,0.5,135.62290000118082,500.1032000000123,1275.0,144.0,1.0,25008.0,0.0,1.0
10,16,940017,R10-T16,50,8125877fdcb402e0d832d2ba,1,0,0,1.0,1.0,0.5307974529990528,0.5389389040258873,5,-0.03164283526164179,-0.05768351551575333,0.3648488360567749,0.3103169393276321,0.5,0.3125,135.62290000118082,286.83249999994587,1275.0,144.0,1.0,0.0,0.0,1.0
10,16,940018,R10-T16,200,08c0fbbe6e2531fd83b9d745,1,1,0,1.0,1.0,0.5658657588401532,0.5604276822451548,5,-0.08040535278691041,-0.08178033789816955,0.29972788010537055,0.286909221443834,0.3125,0.3125,96.86570000121719,200.12649999989662,487.0,83.0,1.0,5281.0,0.0,1.0
10,16,940018,R10-T16,500,08c0fbbe6e2531fd83b9d745,1,1,0,1.0,1.0,0.5658657588401532,0.5618116401627326,5,-0.08040535278691041,-0.08075506967005995,0.29972788010537055,0.2942070115978637,0.3125,0.3125,96.86570000121719,500.1062000010279,487.0,83.0,1.0,41102.0,0.0,1.0
10,16,940018,R10-T16,50,08c0fbbe6e2531fd83b9d745,1,0,0,1.0,1.0,0.5658657588401532,0.5604276822451548,5,-0.08040535278691041,-0.08178033789816955,0.29972788010537055,0.286909221443834,0.3125,0.3125,96.86570000121719,158.76329999991867,487.0,83.0,1.0,0.0,0.0,1.0
10,16,940018,R10-T16,100,08c0fbbe6e2531fd83b9d745,1,1,0,1.0,1.0,0.5658657588401532,0.5604276822451548,5,-0.08040535278691041,-0.08178033789816955,0.29972788010537055,0.286909221443834,0.3125,0.3125,96.86570000121719,171.8581000004633,487.0,83.0,1.0,0.0,0.0,1.0
10,16,940019,R10-T16,500,d8822ab0e136b2861a97433b,1,1,0,1.0,1.0,0.5884302753828282,0.5677947552942375,7,-0.053254166187048056,-0.058040419259631194,0.3716073616669701,0.3379097597904991,0.5625,0.4375,118.43409999892174,500.11149999954796,1125.0,114.0,1.0,18976.0,0.0,1.0
10,16,940019,R10-T16,50,d8822ab0e136b2861a97433b,1,0,0,1.0,1.0,0.6128345033471797,0.5994378861754642,6,-0.053254166187048056,-0.06761980917096658,0.3716073616669701,0.3191238419744028,0.5625,0.375,118.43409999892174,292.63170000012906,1125.0,114.0,1.0,0.0,0.0,1.0
10,16,940019,R10-T16,100,d8822ab0e136b2861a97433b,1,0,0,1.0,1.0,0.6128345033471797,0.5994378861754642,6,-0.053254166187048056,-0.06761980917096658,0.3716073616669701,0.3191238419744028,0.5625,0.375,118.43409999892174,297.9568000009749,1125.0,114.0,1.0,0.0,0.0,1.0
10,16,940019,R10-T16,200,d8822ab0e136b2861a97433b,1,1,0,1.0,1.0,0.6128345033471797,0.5994378861754642,6,-0.053254166187048056,-0.06761980917096658,0.3716073616669701,0.3191238419744028,0.5625,0.375,118.43409999892174,305.9264000003168,1125.0,114.0,1.0,0.0,0.0,1.0
10,16,940020,R10-T16,50,4428fae71c59214ace7a6951,1,0,0,1.0,1.0,0.6242642941566381,0.6077873832648484,3,-0.05234388749415094,-0.0946987761859121,0.3546818401790653,0.2609811075936726,0.5,0.1875,122.25799999941955,304.9804000002041,1204.0,144.0,1.0,0.0,0.0,1.0
10,16,940020,R10-T16,100,4428fae71c59214ace7a6951,1,0,0,1.0,1.0,0.6242642941566381,0.6077873832648484,3,-0.05234388749415094,-0.0946987761859121,0.3546818401790653,0.2609811075936726,0.5,0.1875,122.25799999941955,275.1901000010548,1204.0,144.0,1.0,0.0,0.0,1.0
10,16,940020,R10-T16,200,4428fae71c59214ace7a6951,1,1,0,1.0,1.0,0.6242642941566381,0.6077873832648484,3,-0.05234388749415094,-0.0946987761859121,0.3546818401790653,0.2609811075936726,0.5,0.1875,122.25799999941955,271.43860000069253,1204.0,144.0,1.0,0.0,0.0,1.0
10,16,940020,R10-T16,500,4428fae71c59214ace7a6951,1,1,0,1.0,1.0,0.5267748729773563,0.5151739419098541,6,-0.05234388749415094,-0.058735255900990616,0.3546818401790653,0.3182269015891993,0.5,0.375,122.25799999941955,500.1100999998016,1204.0,144.0,1.0,16377.0,0.0,1.0
10,16,940021,R10-T16,100,c56c3da7561d323f4083b62c,1,0,0,1.0,1.0,0.5433785295537606,0.5482586384010821,5,-0.053079172835896415,-0.07769307340045159,0.3522261030895515,0.30301249184210594,0.5,0.3125,110.35859999901731,299.17569999997795,1110.0,144.0,1.0,0.0,0.0,1.0
10,16,940021,R10-T16,200,c56c3da7561d323f4083b62c,1,1,0,1.0,1.0,0.5433785295537606,0.5482586384010821,5,-0.053079172835896415,-0.07769307340045159,0.3522261030895515,0.30301249184210594,0.5,0.3125,110.35859999901731,311.39559999974153,1110.0,144.0,1.0,0.0,0.0,1.0
10,16,940021,R10-T16,500,c56c3da7561d323f4083b62c,1,1,0,1.0,1.0,0.5127374413921995,0.5127374413921995,7,-0.053079172835896415,-0.05814101886933128,0.3522261030895515,0.3347615397015221,0.5,0.4375,110.35859999901731,500.27010000121663,1110.0,144.0,1.0,12404.0,0.0,1.0
10,16,940021,R10-T16,50,c56c3da7561d323f4083b62c,1,0,0,1.0,1.0,0.5433785295537606,0.5482586384010821,5,-0.053079172835896415,-0.07769307340045159,0.3522261030895515,0.30301249184210594,0.5,0.3125,110.35859999901731,305.7293000001664,1110.0,144.0,1.0,0.0,0.0,1.0
10,16,940022,R10-T16,200,128ac022e77709929faff981,1,1,0,1.0,1.0,0.5533548140449879,0.5404697808321516,5,-0.03994164572545457,-0.06897659263994899,0.3736850927855385,0.30107205212302857,0.5625,0.3125,136.75320000038482,319.5075999992696,1248.0,122.0,1.0,0.0,0.0,1.0
10,16,940022,R10-T16,500,128ac022e77709929faff981,1,1,0,1.0,1.0,0.5487526566970956,0.5381033586648377,7,-0.03994164572545457,-0.052797151701340965,0.3736850927855385,0.33823024830143533,0.5625,0.4375,136.75320000038482,500.1187999987451,1248.0,122.0,1.0,17401.0,0.0,1.0
10,16,940022,R10-T16,50,128ac022e77709929faff981,1,0,0,1.0,1.0,0.5533548140449879,0.5404697808321516,5,-0.03994164572545457,-0.06897659263994899,0.3736850927855385,0.30107205212302857,0.5625,0.3125,136.75320000038482,377.53169999996317,1248.0,122.0,1.0,0.0,0.0,1.0
10,16,940022,R10-T16,100,128ac022e77709929faff981,1,0,0,1.0,1.0,0.5533548140449879,0.5404697808321516,5,-0.03994164572545457,-0.06897659263994899,0.3736850927855385,0.30107205212302857,0.5625,0.3125,136.75320000038482,344.5573000008153,1248.0,122.0,1.0,0.0,0.0,1.0
10,16,940023,R10-T16,500,44ddaa0ba25de86c6babe22f,1,1,0,1.0,1.0,0.579065300834965,0.579065300834965,6,-0.041350705320911604,-0.044433868269673625,0.3355702646977091,0.32725776254173566,0.375,0.375,138.1299000004219,500.0557999992452,895.0,105.0,1.0,41663.0,0.0,1.0
10,16,940023,R10-T16,50,44ddaa0ba25de86c6babe22f,1,0,0,1.0,1.0,0.6017698649114936,0.5898399583689327,4,-0.041350705320911604,-0.05746249997730499,0.3355702646977091,0.29528223821269056,0.375,0.25,138.1299000004219,212.43009999852802,895.0,105.0,1.0,0.0,0.0,1.0
10,16,940023,R10-T16,100,44ddaa0ba25de86c6babe22f,1,0,0,1.0,1.0,0.6017698649114936,0.5898399583689327,4,-0.041350705320911604,-0.05746249997730499,0.3355702646977091,0.29528223821269056,0.375,0.25,138.1299000004219,207.99989999977697,895.0,105.0,1.0,0.0,0.0,1.0
10,16,940023,R10-T16,200,44ddaa0ba25de86c6babe22f,1,1,0,1.0,1.0,0.6017698649114936,0.5898399583689327,4,-0.041350705320911604,-0.05746249997730499,0.3355702646977091,0.29528223821269056,0.375,0.25,138.1299000004219,273.7016000010044,895.0,105.0,1.0,0.0,0.0,1.0
10,16,940024,R10-T16,50,e3ac94de4d81871ef36c0c89,1,0,0,1.0,1.0,0.4806353983416529,0.47883459173786874,3,-0.06134168097787163,-0.07917339628993722,0.3248754261043034,0.26246913133860894,0.375,0.1875,130.84660000095027,304.02020000110497,1154.0,121.0,1.0,0.0,0.0,1.0
10,16,940024,R10-T16,100,e3ac94de4d81871ef36c0c89,1,0,0,1.0,1.0,0.4806353983416529,0.47883459173786874,3,-0.06134168097787163,-0.07917339628993722,0.3248754261043034,0.26246913133860894,0.375,0.1875,130.84660000095027,286.001500000566,1154.0,121.0,1.0,0.0,0.0,1.0
10,16,940024,R10-T16,200,e3ac94de4d81871ef36c0c89,1,1,0,1.0,1.0,0.4806353983416529,0.47883459173786874,3,-0.06134168097787163,-0.07917339628993722,0.3248754261043034,0.26246913133860894,0.375,0.1875,130.84660000095027,277.0329999984824,1154.0,121.0,1.0,0.0,0.0,1.0
10,16,940024,R10-T16,500,e3ac94de4d81871ef36c0c89,1,1,0,1.0,1.0,0.47018894452906657,0.46081576566715715,4,-0.06134168097787163,-0.07132782643706082,0.3248754261043034,0.29325981282836605,0.375,0.3125,130.84660000095027,500.1114000006055,1154.0,121.0,1.0,9605.0,0.0,1.0
10,16,940025,R10-T16,100,b0c18e9912f849826f08a004,1,0,0,1.0,1.0,0.6215552221021994,0.6357132455168525,5,-0.07677988553803405,-0.08027905197387435,0.3280422537631804,0.29066396807047545,0.4375,0.3125,100.8285000007163,215.679299999465,841.0,96.0,1.0,0.0,0.0,1.0
10,16,940025,R10-T16,200,b0c18e9912f849826f08a004,1,1,0,1.0,1.0,0.6215552221021994,0.6357132455168525,5,-0.07677988553803405,-0.08027905197387435,0.3280422537631804,0.29066396807047545,0.4375,0.3125,100.8285000007163,210.56019999923592,841.0,96.0,1.0,0.0,0.0,1.0
10,16,940025,R10-T16,500,b0c18e9912f849826f08a004,1,1,0,1.0,1.0,0.6171596814463844,0.6170250761759769,7,-0.07677988553803405,-0.07904208739098323,0.3280422537631804,0.32262136285114706,0.4375,0.4375,100.8285000007163,500.0932000002649,841.0,96.0,1.0,35935.0,0.0,1.0
10,16,940025,R10-T16,50,b0c18e9912f849826f08a004,1,0,0,1.0,1.0,0.6215552221021994,0.6357132455168525,5,-0.07677988553803405,-0.08027905197387435,0.3280422537631804,0.29066396807047545,0.4375,0.3125,100.8285000007163,238.5636999988492,841.0,96.0,1.0,0.0,0.0,1.0
10,16,940026,R10-T16,200,01e50381f150bfd67c7555e2,1,1,0,1.0,1.0,0.5041238498148201,0.5041238498148201,5,-0.07050715779040664,-0.07100009960844435,0.3140507491027633,0.29417711118532863,0.375,0.3125,116.80189999970025,200.15969999985828,786.0,120.0,1.0,125.0,0.0,1.0
10,16,940026,R10-T16,500,01e50381f150bfd67c7555e2,1,1,0,1.0,1.0,0.5041238498148201,0.5041238498148201,5,-0.07050715779040664,-0.07100009960844435,0.3140507491027633,0.29417711118532863,0.375,0.3125,116.80189999970025,500.15539999913017,786.0,120.0,1.0,25224.0,0.0,1.0
10,16,940026,R10-T16,50,01e50381f150bfd67c7555e2,1,0,0,1.0,1.0,0.5041238498148201,0.5102751862724495,5,-0.07050715779040664,-0.07143581228058711,0.3140507491027633,0.3000535004142183,0.375,0.3125,116.80189999970025,236.56130000017583,786.0,120.0,1.0,0.0,0.0,1.0
10,16,940026,R10-T16,100,01e50381f150bfd67c7555e2,1,0,0,1.0,1.0,0.5041238498148201,0.5102751862724495,5,-0.07050715779040664,-0.07143581228058711,0.3140507491027633,0.3000535004142183,0.375,0.3125,116.80189999970025,216.37900000132504,786.0,120.0,1.0,0.0,0.0,1.0
10,16,940027,R10-T16,500,f155ec8161977106b2de55cd,1,1,0,1.0,1.0,0.5648387358827051,0.5566260083706324,6,-0.03438200582984798,-0.053896696152886815,0.37650340943995764,0.3260280974488307,0.5625,0.375,128.14130000151636,500.09939999836206,1228.0,156.0,1.0,21268.0,0.0,1.0
10,16,940027,R10-T16,50,f155ec8161977106b2de55cd,1,0,0,1.0,1.0,0.6262630410423827,0.6278319681720869,4,-0.03438200582984798,-0.07809895811442268,0.37650340943995764,0.2882428541883156,0.5625,0.25,128.14130000151636,281.89109999948414,1228.0,156.0,1.0,0.0,0.0,1.0
10,16,940027,R10-T16,100,f155ec8161977106b2de55cd,1,0,0,1.0,1.0,0.6262630410423827,0.6278319681720869,4,-0.03438200582984798,-0.07809895811442268,0.37650340943995764,0.2882428541883156,0.5625,0.25,128.14130000151636,289.4445000001724,1228.0,156.0,1.0,0.0,0.0,1.0
10,16,940027,R10-T16,200,f155ec8161977106b2de55cd,1,1,0,1.0,1.0,0.6262630410423827,0.6278319681720869,4,-0.03438200582984798,-0.07809895811442268,0.37650340943995764,0.2882428541883156,0.5625,0.25,128.14130000151636,346.7252999998891,1228.0,156.0,1.0,0.0,0.0,1.0
10,16,940028,R10-T16,50,e23080c2106e0171730a078d,1,0,0,1.0,1.0,0.587141625311198,0.5750922850881959,5,-0.055280847877208265,-0.0670430404139504,0.33686641415201757,0.3009067685777913,0.4375,0.3125,107.16150000007474,224.7838999992382,935.0,99.0,1.0,0.0,0.0,1.0
10,16,940028,R10-T16,100,e23080c2106e0171730a078d,1,0,0,1.0,1.0,0.587141625311198,0.5750922850881959,5,-0.055280847877208265,-0.0670430404139504,0.33686641415201757,0.3009067685777913,0.4375,0.3125,107.16150000007474,226.93989999970654,935.0,99.0,1.0,0.0,0.0,1.0
10,16,940028,R10-T16,200,e23080c2106e0171730a078d,1,1,0,1.0,1.0,0.587141625311198,0.5750922850881959,5,-0.055280847877208265,-0.0670430404139504,0.33686641415201757,0.3009067685777913,0.4375,0.3125,107.16150000007474,218.7763999991148,935.0,99.0,1.0,0.0,0.0,1.0
10,16,940028,R10-T16,500,e23080c2106e0171730a078d,1,1,0,1.0,1.0,0.5393472117090712,0.5393472117090712,6,-0.055280847877208265,-0.0580668266567491,0.33686641415201757,0.3180904333526471,0.4375,0.375,107.16150000007474,500.1280999986193,935.0,99.0,1.0,44737.0,0.0,1.0
10,16,940029,R10-T16,100,517532559e88cdddb6c8d91f,1,0,0,1.0,1.0,0.567950734007717,0.5606136063613206,5,-0.056919566708614665,-0.07392220240480435,0.33107601961035676,0.3123711347039039,0.375,0.375,113.25519999991229,227.64099999949394,922.0,112.0,1.0,0.0,0.0,1.0
10,16,940029,R10-T16,200,517532559e88cdddb6c8d91f,1,1,0,1.0,1.0,0.567950734007717,0.5606136063613206,5,-0.056919566708614665,-0.07392220240480435,0.33107601961035676,0.3123711347039039,0.375,0.375,113.25519999991229,202.79060000029858,922.0,112.0,1.0,0.0,0.0,1.0
10,16,940029,R10-T16,500,517532559e88cdddb6c8d91f,1,1,0,1.0,1.0,0.5453500814177856,0.5444968353200558,6,-0.056919566708614665,-0.06110497380609754,0.33107601961035676,0.33223611900486777,0.375,0.4375,113.25519999991229,500.09049999971467,922.0,112.0,1.0,28463.0,0.0,1.0
10,16,940029,R10-T16,50,517532559e88cdddb6c8d91f,1,0,0,1.0,1.0,0.567950734007717,0.5606136063613206,5,-0.056919566708614665,-0.07392220240480435,0.33107601961035676,0.3123711347039039,0.375,0.375,113.25519999991229,241.62860000069486,922.0,112.0,1.0,0.0,0.0,1.0
16,4,940000,R16-T4,50,3fe2f82e27b96906fbf53fe7,1,0,0,1.0,1.0,0.4675452141721819,0.46216745909660545,3,0.11527449690464658,0.06703076419182175,0.6682573280014373,0.5700189526885182,1.0,0.75,127.70869999985734,333.94740000039747,614.0,34.0,1.0,0.0,0.0,1.0
16,4,940000,R16-T4,100,3fe2f82e27b96906fbf53fe7,1,0,0,1.0,1.0,0.4675452141721819,0.46216745909660545,3,0.11527449690464658,0.06703076419182175,0.6682573280014373,0.5700189526885182,1.0,0.75,127.70869999985734,326.3172000006307,614.0,34.0,1.0,0.0,0.0,1.0
16,4,940000,R16-T4,200,3fe2f82e27b96906fbf53fe7,1,1,0,1.0,1.0,0.4675452141721819,0.46216745909660545,3,0.11527449690464658,0.06703076419182175,0.6682573280014373,0.5700189526885182,1.0,0.75,127.70869999985734,354.81849999996484,614.0,34.0,1.0,0.0,0.0,1.0
16,4,940000,R16-T4,500,3fe2f82e27b96906fbf53fe7,1,1,1,1.0,1.0,0.5156199239199378,0.5149129158850475,4,0.11527449690464658,0.11122233217499289,0.6682573280014373,0.6658789604272026,1.0,1.0,127.70869999985734,364.44399999891175,614.0,34.0,1.0,512.0,0.0,0.0
16,4,940001,R16-T4,100,1f977422f98085fd380be21a,1,1,0,1.0,1.0,0.44605065864839477,0.4455318848266516,3,-0.016949457567919775,-0.019290985413963117,0.5186175895494488,0.516282662823659,0.75,0.75,93.97569999964617,213.44139999928302,468.0,36.0,1.0,0.0,0.0,1.0
16,4,940001,R16-T4,200,1f977422f98085fd380be21a,1,1,0,1.0,1.0,0.44605065864839477,0.4455318848266516,3,-0.016949457567919775,-0.019290985413963117,0.5186175895494488,0.516282662823659,0.75,0.75,93.97569999964617,223.13720000056492,468.0,36.0,1.0,0.0,0.0,1.0
16,4,940001,R16-T4,500,1f977422f98085fd380be21a,1,1,1,1.0,1.0,0.44605065864839477,0.44605065864839477,3,-0.016949457567919775,-0.01694945756791979,0.5186175895494488,0.5186175895494488,0.75,0.75,93.97569999964617,224.47029999966617,468.0,36.0,1.0,324.0,0.0,0.0
16,4,940001,R16-T4,50,1f977422f98085fd380be21a,1,0,0,1.0,1.0,0.44605065864839477,0.4455318848266516,3,-0.016949457567919775,-0.019290985413963117,0.5186175895494488,0.516282662823659,0.75,0.75,93.97569999964617,218.39560000080382,468.0,36.0,1.0,0.0,0.0,1.0
16,4,940002,R16-T4,200,a4bb7cfc09cb3f33c395bed4,1,1,0,1.0,1.0,0.6812587552244936,0.6812587552244936,3,-0.004592006798229298,-0.010522948972131088,0.5729631735790953,0.5465159956657691,0.75,0.75,127.13670000084676,633.5197999997035,1069.0,36.0,1.0,0.0,0.0,1.0
16,4,940002,R16-T4,500,a4bb7cfc09cb3f33c395bed4,1,1,0,1.0,1.0,0.6812587552244936,0.6812587552244936,3,-0.004592006798229298,-0.010522948972131088,0.5729631735790953,0.5465159956657691,0.75,0.75,127.13670000084676,553.3231999997952,1069.0,36.0,1.0,0.0,0.0,1.0
16,4,940002,R16-T4,50,a4bb7cfc09cb3f33c395bed4,1,0,0,1.0,1.0,0.6812587552244936,0.6812587552244936,3,-0.004592006798229298,-0.010522948972131088,0.5729631735790953,0.5465159956657691,0.75,0.75,127.13670000084676,554.1950999995606,1069.0,36.0,1.0,0.0,0.0,1.0
16,4,940002,R16-T4,100,a4bb7cfc09cb3f33c395bed4,1,0,0,1.0,1.0,0.6812587552244936,0.6812587552244936,3,-0.004592006798229298,-0.010522948972131088,0.5729631735790953,0.5465159956657691,0.75,0.75,127.13670000084676,566.6513999985909,1069.0,36.0,1.0,0.0,0.0,1.0
16,4,940003,R16-T4,500,237f13ce5bc2871cbb9b911c,1,1,1,1.0,1.0,0.5297107558448328,0.5297107558448328,3,-0.009870668665523705,-0.009870668665523705,0.5404068755354188,0.5404068755354188,0.75,0.75,87.89720000095258,216.28560000135622,489.0,43.0,1.0,1463.0,0.0,0.0
16,4,940003,R16-T4,50,237f13ce5bc2871cbb9b911c,1,0,0,1.0,1.0,0.5297107558448328,0.5297107558448328,3,-0.009870668665523705,-0.009870668665523705,0.5404068755354188,0.5404068755354188,0.75,0.75,87.89720000095258,202.6889000007941,489.0,43.0,1.0,0.0,0.0,1.0
16,4,940003,R16-T4,100,237f13ce5bc2871cbb9b911c,1,1,0,1.0,1.0,0.5297107558448328,0.5297107558448328,3,-0.009870668665523705,-0.009870668665523705,0.5404068755354188,0.5404068755354188,0.75,0.75,87.89720000095258,202.0396999996592,489.0,43.0,1.0,0.0,0.0,1.0
16,4,940003,R16-T4,200,237f13ce5bc2871cbb9b911c,1,1,0,1.0,1.0,0.5297107558448328,0.5297107558448328,3,-0.009870668665523705,-0.009870668665523705,0.5404068755354188,0.5404068755354188,0.75,0.75,87.89720000095258,203.8881999997102,489.0,43.0,1.0,0.0,0.0,1.0
16,4,940004,R16-T4,50,ee085c439a1cec358ec998e4,1,0,0,1.0,1.0,0.49940734716697166,0.5140066300350697,2,0.0059065525658095475,0.003552830142817348,0.46303377379109434,0.46190818512511655,0.5,0.5,103.20920000049227,586.5732000002026,971.0,36.0,1.0,0.0,0.0,1.0
16,4,940004,R16-T4,100,ee085c439a1cec358ec998e4,1,0,0,1.0,1.0,0.49940734716697166,0.5140066300350697,2,0.0059065525658095475,0.003552830142817348,0.46303377379109434,0.46190818512511655,0.5,0.5,103.20920000049227,523.842100001275,971.0,36.0,1.0,0.0,0.0,1.0
16,4,940004,R16-T4,200,ee085c439a1cec358ec998e4,1,1,0,1.0,1.0,0.49940734716697166,0.5140066300350697,2,0.0059065525658095475,0.003552830142817348,0.46303377379109434,0.46190818512511655,0.5,0.5,103.20920000049227,507.69899999977497,971.0,36.0,1.0,0.0,0.0,1.0
16,4,940004,R16-T4,500,ee085c439a1cec358ec998e4,1,1,0,1.0,1.0,0.49940734716697166,0.5140066300350697,2,0.0059065525658095475,0.003552830142817348,0.46303377379109434,0.46190818512511655,0.5,0.5,103.20920000049227,500.0454999990325,971.0,36.0,1.0,315.0,0.0,1.0
16,4,940005,R16-T4,100,7bea178db8861fa40262d6f9,1,0,0,1.0,1.0,0.39849188031317656,0.39849188031317656,1,-0.039793255334813926,-0.039793255334813926,0.3338780419765421,0.3338780419765421,0.25,0.25,102.8850999991846,713.7074999991455,696.0,12.0,1.0,0.0,0.0,1.0
16,4,940005,R16-T4,200,7bea178db8861fa40262d6f9,1,1,0,1.0,1.0,0.39849188031317656,0.39849188031317656,1,-0.039793255334813926,-0.039793255334813926,0.3338780419765421,0.3338780419765421,0.25,0.25,102.8850999991846,786.521799998809,696.0,12.0,1.0,0.0,0.0,1.0
16,4,940005,R16-T4,500,7bea178db8861fa40262d6f9,1,1,0,1.0,1.0,0.39849188031317656,0.39849188031317656,1,-0.039793255334813926,-0.039793255334813926,0.3338780419765421,0.3338780419765421,0.25,0.25,102.8850999991846,698.308699998961,696.0,12.0,1.0,0.0,0.0,1.0
16,4,940005,R16-T4,50,7bea178db8861fa40262d6f9,1,0,0,1.0,1.0,0.39849188031317656,0.39849188031317656,1,-0.039793255334813926,-0.039793255334813926,0.3338780419765421,0.3338780419765421,0.25,0.25,102.8850999991846,692.6673999987543,696.0,12.0,1.0,0.0,0.0,1.0
16,4,940006,R16-T4,200,dadff7f40ccf3160f371c831,1,1,0,1.0,1.0,0.4696981765336609,0.4767111541621904,4,0.033675825017850214,0.02909158653397287,0.6496002273678395,0.6441977887094654,1.0,1.0,114.33620000025257,1415.402799999356,1836.0,48.0,1.0,0.0,0.0,1.0
16,4,940006,R16-T4,500,dadff7f40ccf3160f371c831,1,1,0,1.0,1.0,0.4696981765336609,0.4767111541621904,4,0.033675825017850214,0.02909158653397287,0.6496002273678395,0.6441977887094654,1.0,1.0,114.33620000025257,1249.0066999998817,1836.0,48.0,1.0,0.0,0.0,1.0
16,4,940006,R16-T4,50,dadff7f40ccf3160f371c831,1,0,0,1.0,1.0,0.4696981765336609,0.4767111541621904,4,0.033675825017850214,0.02909158653397287,0.6496002273678395,0.6441977887094654,1.0,1.0,114.33620000025257,1233.995500000674,1836.0,48.0,1.0,0.0,0.0,1.0
16,4,940006,R16-T4,100,dadff7f40ccf3160f371c831,1,0,0,1.0,1.0,0.4696981765336609,0.4767111541621904,4,0.033675825017850214,0.02909158653397287,0.6496002273678395,0.6441977887094654,1.0,1.0,114.33620000025257,1278.603299999304,1836.0,48.0,1.0,0.0,0.0,1.0
16,4,940007,R16-T4,500,0f6c0f3088cf6da03b4286de,1,1,1,1.0,1.0,0.6630187550482874,0.6630187550482874,2,-0.04137516708590855,-0.04137516708590855,0.43323169470216183,0.43323169470216183,0.5,0.5,96.7346000015823,464.20779999971273,796.0,24.0,1.0,126.0,0.0,0.0
16,4,940007,R16-T4,50,0f6c0f3088cf6da03b4286de,1,0,0,1.0,1.0,0.6630187550482874,0.6630187550482874,2,-0.04137516708590855,-0.04137516708590855,0.43323169470216183,0.43323169470216183,0.5,0.5,96.7346000015823,471.070099998542,796.0,24.0,1.0,0.0,0.0,1.0
16,4,940007,R16-T4,100,0f6c0f3088cf6da03b4286de,1,1,0,1.0,1.0,0.6630187550482874,0.6630187550482874,2,-0.04137516708590855,-0.04137516708590855,0.43323169470216183,0.43323169470216183,0.5,0.5,96.7346000015823,523.8329000003432,796.0,24.0,1.0,0.0,0.0,1.0
16,4,940007,R16-T4,200,0f6c0f3088cf6da03b4286de,1,1,0,1.0,1.0,0.6630187550482874,0.6630187550482874,2,-0.04137516708590855,-0.04137516708590855,0.43323169470216183,0.43323169470216183,0.5,0.5,96.7346000015823,465.1064999998198,796.0,24.0,1.0,0.0,0.0,1.0
16,4,940008,R16-T4,50,19e302f6786c4889e9976507,1,0,0,1.0,1.0,0.5331350038702471,0.5402151267632611,2,-0.056639045748589495,-0.05695026182975371,0.4087782975644769,0.40875845041518366,0.5,0.5,100.46340000008058,717.0023999988189,973.0,24.0,1.0,0.0,0.0,1.0
16,4,940008,R16-T4,100,19e302f6786c4889e9976507,1,0,0,1.0,1.0,0.5331350038702471,0.5402151267632611,2,-0.056639045748589495,-0.05695026182975371,0.4087782975644769,0.40875845041518366,0.5,0.5,100.46340000008058,790.0847999990219,973.0,24.0,1.0,0.0,0.0,1.0
16,4,940008,R16-T4,200,19e302f6786c4889e9976507,1,1,0,1.0,1.0,0.5331350038702471,0.5402151267632611,2,-0.056639045748589495,-0.05695026182975371,0.4087782975644769,0.40875845041518366,0.5,0.5,100.46340000008058,698.424199999863,973.0,24.0,1.0,0.0,0.0,1.0
16,4,940008,R16-T4,500,19e302f6786c4889e9976507,1,1,0,1.0,1.0,0.5331350038702471,0.5402151267632611,2,-0.056639045748589495,-0.05695026182975371,0.4087782975644769,0.40875845041518366,0.5,0.5,100.46340000008058,679.2734000009659,973.0,24.0,1.0,0.0,0.0,1.0
16,4,940009,R16-T4,100,3c76b168e459796989116355,1,0,0,1.0,1.0,0.4890181629580747,0.4720183646771074,4,0.06761860176349549,0.05616962605081591,0.667908504225775,0.6611624695598476,1.0,1.0,115.07589999928314,1382.6735000002373,1890.0,48.0,1.0,0.0,0.0,1.0
16,4,940009,R16-T4,200,3c76b168e459796989116355,1,1,0,1.0,1.0,0.4890181629580747,0.4720183646771074,4,0.06761860176349549,0.05616962605081591,0.667908504225775,0.6611624695598476,1.0,1.0,115.07589999928314,1483.3231000011438,1890.0,48.0,1.0,0.0,0.0,1.0
16,4,940009,R16-T4,500,3c76b168e459796989116355,1,1,0,1.0,1.0,0.4890181629580747,0.4720183646771074,4,0.06761860176349549,0.05616962605081591,0.667908504225775,0.6611624695598476,1.0,1.0,115.07589999928314,1264.9861000008968,1890.0,48.0,1.0,0.0,0.0,1.0
16,4,940009,R16-T4,50,3c76b168e459796989116355,1,0,0,1.0,1.0,0.4890181629580747,0.4720183646771074,4,0.06761860176349549,0.05616962605081591,0.667908504225775,0.6611624695598476,1.0,1.0,115.07589999928314,1291.7442999987543,1890.0,48.0,1.0,0.0,0.0,1.0
16,4,940010,R16-T4,200,3395bb5f67d06aefa38c4335,1,1,0,1.0,1.0,0.4943734427605008,0.4943734427605008,3,-0.03856978196729515,-0.03856978196729515,0.49413297450731997,0.49413297450731997,0.75,0.75,129.86309999905643,1058.7561000011192,1438.0,36.0,1.0,0.0,0.0,1.0
16,4,940010,R16-T4,500,3395bb5f67d06aefa38c4335,1,1,0,1.0,1.0,0.4943734427605008,0.4943734427605008,3,-0.03856978196729515,-0.03856978196729515,0.49413297450731997,0.49413297450731997,0.75,0.75,129.86309999905643,1090.5263999993622,1438.0,36.0,1.0,0.0,0.0,1.0
16,4,940010,R16-T4,50,3395bb5f67d06aefa38c4335,1,0,0,1.0,1.0,0.4943734427605008,0.4943734427605008,3,-0.03856978196729515,-0.03856978196729515,0.49413297450731997,0.49413297450731997,0.75,0.75,129.86309999905643,1023.9679000005708,1438.0,36.0,1.0,0.0,0.0,1.0
16,4,940010,R16-T4,100,3395bb5f67d06aefa38c4335,1,0,0,1.0,1.0,0.4943734427605008,0.4943734427605008,3,-0.03856978196729515,-0.03856978196729515,0.49413297450731997,0.49413297450731997,0.75,0.75,129.86309999905643,1022.8257999988273,1438.0,36.0,1.0,0.0,0.0,1.0
16,4,940011,R16-T4,500,a60ba092badfbe2a979e3e87,1,1,1,1.0,1.0,0.5985039045445067,0.5985039045445067,3,-0.027015901055412975,-0.027015901055412975,0.5216037972139506,0.5216037972139506,0.75,0.75,103.51489999993646,275.2490000002581,488.0,31.0,1.0,395.0,0.0,0.0
16,4,940011,R16-T4,50,a60ba092badfbe2a979e3e87,1,0,0,1.0,1.0,0.5985039045445067,0.5985039045445067,3,-0.027015901055412975,-0.027015901055412975,0.5216037972139506,0.5216037972139506,0.75,0.75,103.51489999993646,263.4013999995659,488.0,31.0,1.0,0.0,0.0,1.0
16,4,940011,R16-T4,100,a60ba092badfbe2a979e3e87,1,0,0,1.0,1.0,0.5985039045445067,0.5985039045445067,3,-0.027015901055412975,-0.027015901055412975,0.5216037972139506,0.5216037972139506,0.75,0.75,103.51489999993646,258.3448999994289,488.0,31.0,1.0,0.0,0.0,1.0
16,4,940011,R16-T4,200,a60ba092badfbe2a979e3e87,1,1,0,1.0,1.0,0.5985039045445067,0.5985039045445067,3,-0.027015901055412975,-0.027015901055412975,0.5216037972139506,0.5216037972139506,0.75,0.75,103.51489999993646,325.68170000013197,488.0,31.0,1.0,0.0,0.0,1.0
16,4,940012,R16-T4,50,8ce16f12cc9c001c446d21b8,1,0,0,1.0,1.0,0.4620298483805676,0.4690914291889412,3,-0.03571905772511587,-0.03731625088609823,0.5428399383511598,0.5418050466928578,0.75,0.75,118.91189999914786,970.3258000008645,1262.0,36.0,1.0,0.0,0.0,1.0
16,4,940012,R16-T4,100,8ce16f12cc9c001c446d21b8,1,0,0,1.0,1.0,0.4620298483805676,0.4690914291889412,3,-0.03571905772511587,-0.03731625088609823,0.5428399383511598,0.5418050466928578,0.75,0.75,118.91189999914786,952.7200000011362,1262.0,36.0,1.0,0.0,0.0,1.0
16,4,940012,R16-T4,200,8ce16f12cc9c001c446d21b8,1,1,0,1.0,1.0,0.4620298483805676,0.4690914291889412,3,-0.03571905772511587,-0.03731625088609823,0.5428399383511598,0.5418050466928578,0.75,0.75,118.91189999914786,913.2322999994358,1262.0,36.0,1.0,0.0,0.0,1.0
16,4,940012,R16-T4,500,8ce16f12cc9c001c446d21b8,1,1,0,1.0,1.0,0.4620298483805676,0.4690914291889412,3,-0.03571905772511587,-0.03731625088609823,0.5428399383511598,0.5418050466928578,0.75,0.75,118.91189999914786,951.7981999997573,1262.0,36.0,1.0,0.0,0.0,1.0
16,4,940013,R16-T4,100,df8fe39944cfb86f963e8d83,1,1,1,1.0,1.0,0.5253366129360777,0.5253366129360777,2,0.013156163870340604,0.013156163870340604,0.4515197265593221,0.4515197265593221,0.5,0.5,85.80040000015288,86.71119999962684,123.0,27.0,1.0,175.0,0.0,0.0
16,4,940013,R16-T4,200,df8fe39944cfb86f963e8d83,1,1,1,1.0,1.0,0.5253366129360777,0.5253366129360777,2,0.013156163870340604,0.013156163870340604,0.4515197265593221,0.4515197265593221,0.5,0.5,85.80040000015288,85.83369999905699,123.0,27.0,1.0,175.0,0.0,0.0
16,4,940013,R16-T4,500,df8fe39944cfb86f963e8d83,1,1,1,1.0,1.0,0.5253366129360777,0.5253366129360777,2,0.013156163870340604,0.013156163870340604,0.4515197265593221,0.4515197265593221,0.5,0.5,85.80040000015288,85.60670000042592,123.0,27.0,1.0,175.0,0.0,0.0
16,4,940013,R16-T4,50,df8fe39944cfb86f963e8d83,1,0,0,1.0,1.0,0.5253366129360777,0.5196967681365725,2,0.013156163870340604,0.011343199291421358,0.4515197265593221,0.45011218905712763,0.5,0.5,85.80040000015288,84.83160000105272,123.0,27.0,1.0,0.0,0.0,1.0
16,4,940014,R16-T4,200,8376435f43fad64e84837419,1,1,0,1.0,1.0,0.5682857533858953,0.5682857533858953,3,-0.028703316790062328,-0.02870331679006234,0.5132454852159173,0.5132454852159173,0.75,0.75,117.18529999961902,486.43950000041514,803.0,31.0,1.0,0.0,0.0,1.0
16,4,940014,R16-T4,500,8376435f43fad64e84837419,1,1,0,1.0,1.0,0.5682857533858953,0.5682857533858953,3,-0.028703316790062328,-0.02870331679006234,0.5132454852159173,0.5132454852159173,0.75,0.75,117.18529999961902,519.7139000010793,803.0,31.0,1.0,0.0,0.0,1.0
16,4,940014,R16-T4,50,8376435f43fad64e84837419,1,0,0,1.0,1.0,0.5682857533858953,0.5682857533858953,3,-0.028703316790062328,-0.02870331679006234,0.5132454852159173,0.5132454852159173,0.75,0.75,117.18529999961902,477.5594999991881,803.0,31.0,1.0,0.0,0.0,1.0
16,4,940014,R16-T4,100,8376435f43fad64e84837419,1,0,0,1.0,1.0,0.5682857533858953,0.5682857533858953,3,-0.028703316790062328,-0.02870331679006234,0.5132454852159173,0.5132454852159173,0.75,0.75,117.18529999961902,464.2366000007314,803.0,31.0,1.0,0.0,0.0,1.0
16,4,940015,R16-T4,500,67da6f84a365cee821027ed8,1,1,0,1.0,1.0,0.5399738985933801,0.538254928783452,4,0.005819236582294107,0.002236713815581076,0.6499032447519851,0.6209981120034455,1.0,1.0,112.29009999988193,1215.310600000521,1698.0,48.0,1.0,0.0,0.0,1.0
16,4,940015,R16-T4,50,67da6f84a365cee821027ed8,1,0,0,1.0,1.0,0.5399738985933801,0.538254928783452,4,0.005819236582294107,0.002236713815581076,0.6499032447519851,0.6209981120034455,1.0,1.0,112.29009999988193,1153.625099999772,1698.0,48.0,1.0,0.0,0.0,1.0
16,4,940015,R16-T4,100,67da6f84a365cee821027ed8,1,0,0,1.0,1.0,0.5399738985933801,0.538254928783452,4,0.005819236582294107,0.002236713815581076,0.6499032447519851,0.6209981120034455,1.0,1.0,112.29009999988193,1111.896099999285,1698.0,48.0,1.0,0.0,0.0,1.0
16,4,940015,R16-T4,200,67da6f84a365cee821027ed8,1,1,0,1.0,1.0,0.5399738985933801,0.538254928783452,4,0.005819236582294107,0.002236713815581076,0.6499032447519851,0.6209981120034455,1.0,1.0,112.29009999988193,1178.2141999992746,1698.0,48.0,1.0,0.0,0.0,1.0
16,4,940016,R16-T4,50,686d652605fbc43db9e0e506,1,0,0,1.0,1.0,0.5041623554639496,0.5041623554639496,2,-0.04582118546348544,-0.04582118546348544,0.40035364675302243,0.40035364675302243,0.5,0.5,93.30539999973553,208.27959999951418,426.0,27.0,1.0,0.0,0.0,1.0
16,4,940016,R16-T4,100,686d652605fbc43db9e0e506,1,1,0,1.0,1.0,0.5041623554639496,0.5041623554639496,2,-0.04582118546348544,-0.04582118546348544,0.40035364675302243,0.40035364675302243,0.5,0.5,93.30539999973553,205.0226000010298,426.0,27.0,1.0,0.0,0.0,1.0
16,4,940016,R16-T4,200,686d652605fbc43db9e0e506,1,1,0,1.0,1.0,0.5041623554639496,0.5041623554639496,2,-0.04582118546348544,-0.04582118546348544,0.40035364675302243,0.40035364675302243,0.5,0.5,93.30539999973553,209.07480000096257,426.0,27.0,1.0,0.0,0.0,1.0
16,4,940016,R16-T4,500,686d652605fbc43db9e0e506,1,1,1,1.0,1.0,0.5041623554639496,0.5041623554639496,2,-0.04582118546348544,-0.04582118546348544,0.40035364675302243,0.40035364675302243,0.5,0.5,93.30539999973553,201.53409999875294,426.0,27.0,1.0,99.0,0.0,0.0
16,4,940017,R16-T4,100,f0ef6937a4c337bd4f7525de,1,0,0,1.0,1.0,0.5537756076523135,0.5537756076523135,2,-0.0032444008712619044,-0.0035542122462738357,0.48439109581723594,0.48404851995343656,0.5,0.5,144.34909999908996,511.3873999998759,913.0,36.0,1.0,0.0,0.0,1.0
16,4,940017,R16-T4,200,f0ef6937a4c337bd4f7525de,1,1,0,1.0,1.0,0.5537756076523135,0.5537756076523135,2,-0.0032444008712619044,-0.0035542122462738357,0.48439109581723594,0.48404851995343656,0.5,0.5,144.34909999908996,464.93249999912223,913.0,36.0,1.0,0.0,0.0,1.0
16,4,940017,R16-T4,500,f0ef6937a4c337bd4f7525de,1,1,1,1.0,1.0,0.5537756076523135,0.5537756076523135,2,-0.0032444008712619044,-0.0032444008712619044,0.48439109581723594,0.48439109581723594,0.5,0.5,144.34909999908996,474.2998000001535,913.0,36.0,1.0,488.0,0.0,0.0
16,4,940017,R16-T4,50,f0ef6937a4c337bd4f7525de,1,0,0,1.0,1.0,0.5537756076523135,0.5537756076523135,2,-0.0032444008712619044,-0.0035542122462738357,0.48439109581723594,0.48404851995343656,0.5,0.5,144.34909999908996,499.1483000012522,913.0,36.0,1.0,0.0,0.0,1.0
16,4,940018,R16-T4,200,ed66d7260e6077228da09867,1,1,0,1.0,1.0,0.4736465397879695,0.48304547930405245,3,-0.03616845736279482,-0.03671405680035736,0.5105652376337098,0.5108630787394529,0.75,0.75,105.38040000028559,1094.1168000008474,1492.0,36.0,1.0,0.0,0.0,1.0
16,4,940018,R16-T4,500,ed66d7260e6077228da09867,1,1,0,1.0,1.0,0.4736465397879695,0.48304547930405245,3,-0.03616845736279482,-0.03671405680035736,0.5105652376337098,0.5108630787394529,0.75,0.75,105.38040000028559,1107.3440000000119,1492.0,36.0,1.0,0.0,0.0,1.0
16,4,940018,R16-T4,50,ed66d7260e6077228da09867,1,0,0,1.0,1.0,0.4736465397879695,0.48304547930405245,3,-0.03616845736279482,-0.03671405680035736,0.5105652376337098,0.5108630787394529,0.75,0.75,105.38040000028559,1121.7453999997815,1492.0,36.0,1.0,0.0,0.0,1.0
16,4,940018,R16-T4,100,ed66d7260e6077228da09867,1,0,0,1.0,1.0,0.4736465397879695,0.48304547930405245,3,-0.03616845736279482,-0.03671405680035736,0.5105652376337098,0.5108630787394529,0.75,0.75,105.38040000028559,1055.7910999996238,1492.0,36.0,1.0,0.0,0.0,1.0
16,4,940019,R16-T4,500,08c0ad434a46f8310bb29517,1,1,0,1.0,1.0,0.5965371314046647,0.5965371314046647,2,0.019069471771059776,-0.008101532099761333,0.5652664810180261,0.46361313845290153,0.75,0.5,114.67919999995502,733.7038000005123,1265.0,36.0,1.0,0.0,0.0,1.0
16,4,940019,R16-T4,50,08c0ad434a46f8310bb29517,1,0,0,1.0,1.0,0.5965371314046647,0.5965371314046647,2,0.019069471771059776,-0.008101532099761333,0.5652664810180261,0.46361313845290153,0.75,0.5,114.67919999995502,805.2901999999449,1265.0,36.0,1.0,0.0,0.0,1.0
16,4,940019,R16-T4,100,08c0ad434a46f8310bb29517,1,0,0,1.0,1.0,0.5965371314046647,0.5965371314046647,2,0.019069471771059776,-0.008101532099761333,0.5652664810180261,0.46361313845290153,0.75,0.5,114.67919999995502,769.3998999984615,1265.0,36.0,1.0,0.0,0.0,1.0
16,4,940019,R16-T4,200,08c0ad434a46f8310bb29517,1,1,0,1.0,1.0,0.5965371314046647,0.5965371314046647,2,0.019069471771059776,-0.008101532099761333,0.5652664810180261,0.46361313845290153,0.75,0.5,114.67919999995502,723.1835999991745,1265.0,36.0,1.0,0.0,0.0,1.0
16,4,940020,R16-T4,50,96693474d8d0ac0bd62947d5,1,0,0,1.0,1.0,0.519506464609584,0.5196760685524618,4,0.020133684261530616,0.017679596178161505,0.645567548579308,0.6451073225618026,1.0,1.0,105.58769999988726,681.5409999999247,1307.0,48.0,1.0,0.0,0.0,1.0
16,4,940020,R16-T4,100,96693474d8d0ac0bd62947d5,1,0,0,1.0,1.0,0.519506464609584,0.5196760685524618,4,0.020133684261530616,0.017679596178161505,0.645567548579308,0.6451073225618026,1.0,1.0,105.58769999988726,746.9234000000142,1307.0,48.0,1.0,0.0,0.0,1.0
16,4,940020,R16-T4,200,96693474d8d0ac0bd62947d5,1,1,0,1.0,1.0,0.519506464609584,0.5196760685524618,4,0.020133684261530616,0.017679596178161505,0.645567548579308,0.6451073225618026,1.0,1.0,105.58769999988726,705.031899999085,1307.0,48.0,1.0,0.0,0.0,1.0
16,4,940020,R16-T4,500,96693474d8d0ac0bd62947d5,1,1,0,1.0,1.0,0.519506464609584,0.5196760685524618,4,0.020133684261530616,0.017679596178161505,0.645567548579308,0.6451073225618026,1.0,1.0,105.58769999988726,675.093800000468,1307.0,48.0,1.0,0.0,0.0,1.0
16,4,940021,R16-T4,100,af98cabc091b2aa99067b0a6,1,0,0,1.0,1.0,0.49573021984322013,0.49573021984322013,1,-0.08684156342669822,-0.08684156342669822,0.3003084608892933,0.3003084608892933,0.25,0.25,103.9400999998179,668.4012000005168,696.0,12.0,1.0,0.0,0.0,1.0
16,4,940021,R16-T4,200,af98cabc091b2aa99067b0a6,1,1,0,1.0,1.0,0.49573021984322013,0.49573021984322013,1,-0.08684156342669822,-0.08684156342669822,0.3003084608892933,0.3003084608892933,0.25,0.25,103.9400999998179,727.5174000005791,696.0,12.0,1.0,0.0,0.0,1.0
16,4,940021,R16-T4,500,af98cabc091b2aa99067b0a6,1,1,0,1.0,1.0,0.49573021984322013,0.49573021984322013,1,-0.08684156342669822,-0.08684156342669822,0.3003084608892933,0.3003084608892933,0.25,0.25,103.9400999998179,699.6120999992854,696.0,12.0,1.0,0.0,0.0,1.0
16,4,940021,R16-T4,50,af98cabc091b2aa99067b0a6,1,0,0,1.0,1.0,0.49573021984322013,0.49573021984322013,1,-0.08684156342669822,-0.08684156342669822,0.3003084608892933,0.3003084608892933,0.25,0.25,103.9400999998179,717.0619999997143,696.0,12.0,1.0,0.0,0.0,1.0
16,4,940022,R16-T4,200,d9e54440110ef2248a30b487,1,1,0,1.0,1.0,0.5255788740645445,0.513195833694096,3,-0.0066830957336543595,-0.011877930571371653,0.5069787164667691,0.5035767820355493,0.75,0.75,109.40660000051139,1101.103000000876,1495.0,39.0,1.0,0.0,0.0,1.0
16,4,940022,R16-T4,500,d9e54440110ef2248a30b487,1,1,0,1.0,1.0,0.5255788740645445,0.513195833694096,3,-0.0066830957336543595,-0.011877930571371653,0.5069787164667691,0.5035767820355493,0.75,0.75,109.40660000051139,1113.3018000000448,1495.0,39.0,1.0,0.0,0.0,1.0
16,4,940022,R16-T4,50,d9e54440110ef2248a30b487,1,0,0,1.0,1.0,0.5255788740645445,0.513195833694096,3,-0.0066830957336543595,-0.011877930571371653,0.5069787164667691,0.5035767820355493,0.75,0.75,109.40660000051139,1108.4773000002315,1495.0,39.0,1.0,0.0,0.0,1.0
16,4,940022,R16-T4,100,d9e54440110ef2248a30b487,1,0,0,1.0,1.0,0.5255788740645445,0.513195833694096,3,-0.0066830957336543595,-0.011877930571371653,0.5069787164667691,0.5035767820355493,0.75,0.75,109.40660000051139,1072.7953000005073,1495.0,39.0,1.0,0.0,0.0,1.0
16,4,940023,R16-T4,500,e692900103e93f0929007cb3,1,1,0,1.0,1.0,0.4217148218054171,0.4217148218054171,2,-0.05862522646682301,-0.05862522646682301,0.395262258793844,0.395262258793844,0.5,0.5,98.45400000085647,573.4195000004547,1094.0,36.0,1.0,0.0,0.0,1.0
16,4,940023,R16-T4,50,e692900103e93f0929007cb3,1,0,0,1.0,1.0,0.4217148218054171,0.4217148218054171,2,-0.05862522646682301,-0.05862522646682301,0.395262258793844,0.395262258793844,0.5,0.5,98.45400000085647,622.6862000003166,1094.0,36.0,1.0,0.0,0.0,1.0
16,4,940023,R16-T4,100,e692900103e93f0929007cb3,1,1,0,1.0,1.0,0.4217148218054171,0.4217148218054171,2,-0.05862522646682301,-0.05862522646682301,0.395262258793844,0.395262258793844,0.5,0.5,98.45400000085647,628.9288999996643,1094.0,36.0,1.0,0.0,0.0,1.0
16,4,940023,R16-T4,200,e692900103e93f0929007cb3,1,1,0,1.0,1.0,0.4217148218054171,0.4217148218054171,2,-0.05862522646682301,-0.05862522646682301,0.395262258793844,0.395262258793844,0.5,0.5,98.45400000085647,604.6492000004946,1094.0,36.0,1.0,0.0,0.0,1.0
16,4,940024,R16-T4,50,398cf6e6ef6d4a5d9cf2d9ea,1,0,0,1.0,1.0,0.5612326529506888,0.5612326529506888,3,-0.05008630757560209,-0.05008630757560209,0.5135098846522853,0.5135098846522853,0.75,0.75,91.50299999964773,500.89870000010706,1008.0,48.0,1.0,0.0,0.0,1.0
16,4,940024,R16-T4,100,398cf6e6ef6d4a5d9cf2d9ea,1,1,0,1.0,1.0,0.5612326529506888,0.5612326529506888,3,-0.05008630757560209,-0.05008630757560209,0.5135098846522853,0.5135098846522853,0.75,0.75,91.50299999964773,531.2732000002143,1008.0,48.0,1.0,0.0,0.0,1.0
16,4,940024,R16-T4,200,398cf6e6ef6d4a5d9cf2d9ea,1,1,0,1.0,1.0,0.5612326529506888,0.5612326529506888,3,-0.05008630757560209,-0.05008630757560209,0.5135098846522853,0.5135098846522853,0.75,0.75,91.50299999964773,555.1808999989589,1008.0,48.0,1.0,0.0,0.0,1.0
16,4,940024,R16-T4,500,398cf6e6ef6d4a5d9cf2d9ea,1,1,0,1.0,1.0,0.5612326529506888,0.5612326529506888,3,-0.05008630757560209,-0.05008630757560209,0.5135098846522853,0.5135098846522853,0.75,0.75,91.50299999964773,512.3543999998219,1008.0,48.0,1.0,0.0,0.0,1.0
16,4,940025,R16-T4,100,1d66b60922e77934706faa29,1,0,0,1.0,1.0,0.4815046291081294,0.5009378151484518,2,-0.052248809065743654,-0.052431926416701094,0.4038443904338171,0.404163188102642,0.5,0.5,117.40920000011101,917.5792000005458,1094.0,24.0,1.0,0.0,0.0,1.0
16,4,940025,R16-T4,200,1d66b60922e77934706faa29,1,1,0,1.0,1.0,0.4815046291081294,0.5009378151484518,2,-0.052248809065743654,-0.052431926416701094,0.4038443904338171,0.404163188102642,0.5,0.5,117.40920000011101,947.1836000011535,1094.0,24.0,1.0,0.0,0.0,1.0
16,4,940025,R16-T4,500,1d66b60922e77934706faa29,1,1,0,1.0,1.0,0.4815046291081294,0.5009378151484518,2,-0.052248809065743654,-0.052431926416701094,0.4038443904338171,0.404163188102642,0.5,0.5,117.40920000011101,865.4583000006824,1094.0,24.0,1.0,0.0,0.0,1.0
16,4,940025,R16-T4,50,1d66b60922e77934706faa29,1,0,0,1.0,1.0,0.4815046291081294,0.5009378151484518,2,-0.052248809065743654,-0.052431926416701094,0.4038443904338171,0.404163188102642,0.5,0.5,117.40920000011101,911.978199999794,1094.0,24.0,1.0,0.0,0.0,1.0
16,4,940026,R16-T4,200,401d5f435f8788984f5b232a,1,1,0,1.0,1.0,0.4052260484145215,0.4052260484145215,1,-0.06326896488287076,-0.06326896488287076,0.3151399646457999,0.3151399646457999,0.25,0.25,116.8692999999621,695.7065000005969,696.0,12.0,1.0,0.0,0.0,1.0
16,4,940026,R16-T4,500,401d5f435f8788984f5b232a,1,1,0,1.0,1.0,0.4052260484145215,0.4052260484145215,1,-0.06326896488287076,-0.06326896488287076,0.3151399646457999,0.3151399646457999,0.25,0.25,116.8692999999621,744.7981000004802,696.0,12.0,1.0,0.0,0.0,1.0
16,4,940026,R16-T4,50,401d5f435f8788984f5b232a,1,0,0,1.0,1.0,0.4052260484145215,0.4052260484145215,1,-0.06326896488287076,-0.06326896488287076,0.3151399646457999,0.3151399646457999,0.25,0.25,116.8692999999621,722.8496999996423,696.0,12.0,1.0,0.0,0.0,1.0
16,4,940026,R16-T4,100,401d5f435f8788984f5b232a,1,0,0,1.0,1.0,0.4052260484145215,0.4052260484145215,1,-0.06326896488287076,-0.06326896488287076,0.3151399646457999,0.3151399646457999,0.25,0.25,116.8692999999621,671.5349000005517,696.0,12.0,1.0,0.0,0.0,1.0
16,4,940027,R16-T4,500,baddb531cd1e32005915ec91,1,1,0,1.0,1.0,0.5397715736046028,0.5318393358670835,3,0.05859379813122753,0.05302827831552018,0.5494238481579451,0.5486843735447722,0.75,0.75,103.2162999999855,569.6965000006458,889.0,36.0,1.0,0.0,0.0,1.0
16,4,940027,R16-T4,50,baddb531cd1e32005915ec91,1,0,0,1.0,1.0,0.5397715736046028,0.5318393358670835,3,0.05859379813122753,0.05302827831552018,0.5494238481579451,0.5486843735447722,0.75,0.75,103.2162999999855,599.4363999998313,889.0,36.0,1.0,0.0,0.0,1.0
16,4,940027,R16-T4,100,baddb531cd1e32005915ec91,1,0,0,1.0,1.0,0.5397715736046028,0.5318393358670835,3,0.05859379813122753,0.05302827831552018,0.5494238481579451,0.5486843735447722,0.75,0.75,103.2162999999855,577.4897999999666,889.0,36.0,1.0,0.0,0.0,1.0
16,4,940027,R16-T4,200,baddb531cd1e32005915ec91,1,1,0,1.0,1.0,0.5397715736046028,0.5318393358670835,3,0.05859379813122753,0.05302827831552018,0.5494238481579451,0.5486843735447722,0.75,0.75,103.2162999999855,543.9074000005348,889.0,36.0,1.0,0.0,0.0,1.0
16,4,940028,R16-T4,50,1a21eecf5b2555168eea2d33,1,0,0,1.0,1.0,0.5622492172201176,0.5622492172201176,4,0.016476026751946038,0.016476026751946038,0.6177950471136253,0.6177950471136252,1.0,1.0,103.84510000039882,953.3811000001151,1398.0,48.0,1.0,0.0,0.0,1.0
16,4,940028,R16-T4,100,1a21eecf5b2555168eea2d33,1,0,0,1.0,1.0,0.5622492172201176,0.5622492172201176,4,0.016476026751946038,0.016476026751946038,0.6177950471136253,0.6177950471136252,1.0,1.0,103.84510000039882,1048.581999999442,1398.0,48.0,1.0,0.0,0.0,1.0
16,4,940028,R16-T4,200,1a21eecf5b2555168eea2d33,1,1,0,1.0,1.0,0.5622492172201176,0.5622492172201176,4,0.016476026751946038,0.016476026751946038,0.6177950471136253,0.6177950471136252,1.0,1.0,103.84510000039882,947.6518000010401,1398.0,48.0,1.0,0.0,0.0,1.0
16,4,940028,R16-T4,500,1a21eecf5b2555168eea2d33,1,1,0,1.0,1.0,0.5622492172201176,0.5622492172201176,4,0.016476026751946038,0.016476026751946038,0.6177950471136253,0.6177950471136252,1.0,1.0,103.84510000039882,940.1525000012043,1398.0,48.0,1.0,0.0,0.0,1.0
16,4,940029,R16-T4,100,d0a049640242057fc1ef0232,1,0,0,1.0,1.0,0.5713626632692381,0.560004917046688,2,-0.0255373523969602,-0.03345052136477866,0.4387277388567398,0.41075912037465057,0.5,0.5,100.61390000009851,292.2233999997843,532.0,24.0,1.0,0.0,0.0,1.0
16,4,940029,R16-T4,200,d0a049640242057fc1ef0232,1,1,0,1.0,1.0,0.5713626632692381,0.560004917046688,2,-0.0255373523969602,-0.03345052136477866,0.4387277388567398,0.41075912037465057,0.5,0.5,100.61390000009851,294.7459000006347,532.0,24.0,1.0,0.0,0.0,1.0
16,4,940029,R16-T4,500,d0a049640242057fc1ef0232,1,1,1,1.0,1.0,0.5713626632692381,0.560004917046688,2,-0.0255373523969602,-0.03345052136477866,0.4387277388567398,0.41075912037465057,0.5,0.5,100.61390000009851,305.00779999965744,532.0,24.0,1.0,131.0,0.0,0.0
16,4,940029,R16-T4,50,d0a049640242057fc1ef0232,1,0,0,1.0,1.0,0.5713626632692381,0.560004917046688,2,-0.0255373523969602,-0.03345052136477866,0.4387277388567398,0.41075912037465057,0.5,0.5,100.61390000009851,330.27299999957904,532.0,24.0,1.0,0.0,0.0,1.0
16,8,940000,R16-T8,50,9ac376ecbe437b1a86c0e401,1,0,0,1.0,1.0,0.4429817292814727,0.4391196959694141,4,0.051589628777966356,-0.0013087779061984467,0.5737712089433348,0.42568050177998024,0.875,0.5,201.4640999987023,1444.7297000006074,2106.0,70.0,1.0,0.0,0.0,1.0
16,8,940000,R16-T8,100,9ac376ecbe437b1a86c0e401,1,0,0,1.0,1.0,0.4429817292814727,0.4391196959694141,4,0.051589628777966356,-0.0013087779061984467,0.5737712089433348,0.42568050177998024,0.875,0.5,201.4640999987023,1571.1197999989963,2106.0,70.0,1.0,0.0,0.0,1.0
16,8,940000,R16-T8,200,9ac376ecbe437b1a86c0e401,1,0,0,1.0,1.0,0.4429817292814727,0.4391196959694141,4,0.051589628777966356,-0.0013087779061984467,0.5737712089433348,0.42568050177998024,0.875,0.5,201.4640999987023,1369.8915999993915,2106.0,70.0,1.0,0.0,0.0,1.0
16,8,940000,R16-T8,500,9ac376ecbe437b1a86c0e401,1,1,0,1.0,1.0,0.4429817292814727,0.4391196959694141,4,0.051589628777966356,-0.0013087779061984467,0.5737712089433348,0.42568050177998024,0.875,0.5,201.4640999987023,1379.6072999994067,2106.0,70.0,1.0,0.0,0.0,1.0
16,8,940001,R16-T8,100,5de1a1018160afa9372b834c,1,0,0,1.0,1.0,0.5208190673314405,0.5251930885073536,4,-0.04767150702066991,-0.05026856470792462,0.40723474494074297,0.43450300942382925,0.5,0.625,173.75279999941995,590.3129000016634,1243.0,72.0,1.0,0.0,0.0,1.0
16,8,940001,R16-T8,200,5de1a1018160afa9372b834c,1,1,0,1.0,1.0,0.5208190673314405,0.5251930885073536,4,-0.04767150702066991,-0.05026856470792462,0.40723474494074297,0.43450300942382925,0.5,0.625,173.75279999941995,591.189900000245,1243.0,72.0,1.0,0.0,0.0,1.0
16,8,940001,R16-T8,500,5de1a1018160afa9372b834c,1,1,0,1.0,1.0,0.5208190673314405,0.5251930885073536,4,-0.04767150702066991,-0.05026856470792462,0.40723474494074297,0.43450300942382925,0.5,0.625,173.75279999941995,602.2418000011385,1243.0,72.0,1.0,0.0,0.0,1.0
16,8,940001,R16-T8,50,5de1a1018160afa9372b834c,1,0,0,1.0,1.0,0.5208190673314405,0.5251930885073536,4,-0.04767150702066991,-0.05026856470792462,0.40723474494074297,0.43450300942382925,0.5,0.625,173.75279999941995,568.0589000003238,1243.0,72.0,1.0,0.0,0.0,1.0
16,8,940002,R16-T8,200,b2651499742d1238180435a5,1,1,0,1.0,1.0,0.6773252847692127,0.6776980215318886,4,-0.05333752107328217,-0.05601939782159743,0.41294199445574215,0.40055138031015497,0.5,0.5,195.47830000010435,1541.1243999988073,2163.0,60.0,1.0,0.0,0.0,1.0
16,8,940002,R16-T8,500,b2651499742d1238180435a5,1,1,0,1.0,1.0,0.6773252847692127,0.6776980215318886,4,-0.05333752107328217,-0.05601939782159743,0.41294199445574215,0.40055138031015497,0.5,0.5,195.47830000010435,1411.3386999997601,2163.0,60.0,1.0,0.0,0.0,1.0
16,8,940002,R16-T8,50,b2651499742d1238180435a5,1,0,0,1.0,1.0,0.6773252847692127,0.6776980215318886,4,-0.05333752107328217,-0.05601939782159743,0.41294199445574215,0.40055138031015497,0.5,0.5,195.47830000010435,1428.7098000004335,2163.0,60.0,1.0,0.0,0.0,1.0
16,8,940002,R16-T8,100,b2651499742d1238180435a5,1,0,0,1.0,1.0,0.6773252847692127,0.6776980215318886,4,-0.05333752107328217,-0.05601939782159743,0.41294199445574215,0.40055138031015497,0.5,0.5,195.47830000010435,1432.9622999994172,2163.0,60.0,1.0,0.0,0.0,1.0
16,8,940003,R16-T8,500,965ad70824497a83fe305307,1,1,0,1.0,1.0,0.580924949536288,0.5826847017755106,5,-0.041026808145939245,-0.04219195617161996,0.45178983451612187,0.4509596121876349,0.625,0.625,174.70309999953315,983.9666999996552,1604.0,79.0,1.0,0.0,0.0,1.0
16,8,940003,R16-T8,50,965ad70824497a83fe305307,1,0,0,1.0,1.0,0.580924949536288,0.5826847017755106,5,-0.041026808145939245,-0.04219195617161996,0.45178983451612187,0.4509596121876349,0.625,0.625,174.70309999953315,1097.7654999987863,1604.0,79.0,1.0,0.0,0.0,1.0
16,8,940003,R16-T8,100,965ad70824497a83fe305307,1,0,0,1.0,1.0,0.580924949536288,0.5826847017755106,5,-0.041026808145939245,-0.04219195617161996,0.45178983451612187,0.4509596121876349,0.625,0.625,174.70309999953315,991.9968000012886,1604.0,79.0,1.0,0.0,0.0,1.0
16,8,940003,R16-T8,200,965ad70824497a83fe305307,1,1,0,1.0,1.0,0.580924949536288,0.5826847017755106,5,-0.041026808145939245,-0.04219195617161996,0.45178983451612187,0.4509596121876349,0.625,0.625,174.70309999953315,982.4661999991804,1604.0,79.0,1.0,0.0,0.0,1.0
16,8,940004,R16-T8,50,6a976803c88a826031211bf2,1,0,0,1.0,1.0,0.5333720118653261,0.5254096838068475,3,-0.018994312447231848,-0.030876794075948538,0.4404109417001372,0.3775365290161825,0.5,0.375,191.92259999908856,1037.8376999997272,1778.0,71.0,1.0,0.0,0.0,1.0
16,8,940004,R16-T8,100,6a976803c88a826031211bf2,1,0,0,1.0,1.0,0.5333720118653261,0.5254096838068475,3,-0.018994312447231848,-0.030876794075948538,0.4404109417001372,0.3775365290161825,0.5,0.375,191.92259999908856,1011.4866999992955,1778.0,71.0,1.0,0.0,0.0,1.0
16,8,940004,R16-T8,200,6a976803c88a826031211bf2,1,1,0,1.0,1.0,0.5333720118653261,0.5254096838068475,3,-0.018994312447231848,-0.030876794075948538,0.4404109417001372,0.3775365290161825,0.5,0.375,191.92259999908856,979.6542000003683,1778.0,71.0,1.0,0.0,0.0,1.0
16,8,940004,R16-T8,500,6a976803c88a826031211bf2,1,1,0,1.0,1.0,0.5333720118653261,0.5254096838068475,3,-0.018994312447231848,-0.030876794075948538,0.4404109417001372,0.3775365290161825,0.5,0.375,191.92259999908856,979.4228000009753,1778.0,71.0,1.0,0.0,0.0,1.0
16,8,940005,R16-T8,100,3b60001cab1656856d95956e,1,0,0,1.0,1.0,0.45345909134525314,0.46077743288565465,3,-0.07018907973033904,-0.0734436537838816,0.34244031349432785,0.341490512557577,0.375,0.375,193.44490000003134,1576.6297999998642,1686.0,36.0,1.0,0.0,0.0,1.0
16,8,940005,R16-T8,200,3b60001cab1656856d95956e,1,1,0,1.0,1.0,0.45345909134525314,0.46077743288565465,3,-0.07018907973033904,-0.0734436537838816,0.34244031349432785,0.341490512557577,0.375,0.375,193.44490000003134,1466.693899999882,1686.0,36.0,1.0,0.0,0.0,1.0
16,8,940005,R16-T8,500,3b60001cab1656856d95956e,1,1,0,1.0,1.0,0.45345909134525314,0.46077743288565465,3,-0.07018907973033904,-0.0734436537838816,0.34244031349432785,0.341490512557577,0.375,0.375,193.44490000003134,1481.442700000116,1686.0,36.0,1.0,0.0,0.0,1.0
16,8,940005,R16-T8,50,3b60001cab1656856d95956e,1,0,0,1.0,1.0,0.45345909134525314,0.46077743288565465,3,-0.07018907973033904,-0.0734436537838816,0.34244031349432785,0.341490512557577,0.375,0.375,193.44490000003134,1448.9396999997552,1686.0,36.0,1.0,0.0,0.0,1.0
16,8,940006,R16-T8,200,4dd98fc1ddd9b3dddbbf2ae5,1,1,0,1.0,1.0,0.46558537477061096,0.4638725436368947,4,-0.026364896290583854,-0.04404970149169038,0.4809223294888397,0.40148028972920013,0.75,0.5,195.9828999988531,1537.807700000485,2251.0,72.0,1.0,0.0,0.0,1.0
16,8,940006,R16-T8,500,4dd98fc1ddd9b3dddbbf2ae5,1,1,0,1.0,1.0,0.46558537477061096,0.4638725436368947,4,-0.026364896290583854,-0.04404970149169038,0.4809223294888397,0.40148028972920013,0.75,0.5,195.9828999988531,1471.9553000013548,2251.0,72.0,1.0,0.0,0.0,1.0
16,8,940006,R16-T8,50,4dd98fc1ddd9b3dddbbf2ae5,1,0,0,1.0,1.0,0.46558537477061096,0.4638725436368947,4,-0.026364896290583854,-0.04404970149169038,0.4809223294888397,0.40148028972920013,0.75,0.5,195.9828999988531,1488.2804000008036,2251.0,72.0,1.0,0.0,0.0,1.0
16,8,940006,R16-T8,100,4dd98fc1ddd9b3dddbbf2ae5,1,0,0,1.0,1.0,0.46558537477061096,0.4638725436368947,4,-0.026364896290583854,-0.04404970149169038,0.4809223294888397,0.40148028972920013,0.75,0.5,195.9828999988531,1436.1097000000882,2251.0,72.0,1.0,0.0,0.0,1.0
16,8,940007,R16-T8,500,4996824e94b826b72dff7f03,1,1,0,1.0,1.0,0.6368315621084095,0.6357404771496582,4,-0.06605108952820339,-0.06761730833857499,0.3886522648280171,0.39885450011445683,0.5,0.5,184.52280000019528,1605.637900000147,2288.0,60.0,1.0,0.0,0.0,1.0
16,8,940007,R16-T8,50,4996824e94b826b72dff7f03,1,0,0,1.0,1.0,0.6368315621084095,0.6357404771496582,4,-0.06605108952820339,-0.06761730833857499,0.3886522648280171,0.39885450011445683,0.5,0.5,184.52280000019528,1564.0937999996822,2288.0,60.0,1.0,0.0,0.0,1.0
16,8,940007,R16-T8,100,4996824e94b826b72dff7f03,1,0,0,1.0,1.0,0.6368315621084095,0.6357404771496582,4,-0.06605108952820339,-0.06761730833857499,0.3886522648280171,0.39885450011445683,0.5,0.5,184.52280000019528,1549.6125999998185,2288.0,60.0,1.0,0.0,0.0,1.0
16,8,940007,R16-T8,200,4996824e94b826b72dff7f03,1,1,0,1.0,1.0,0.6368315621084095,0.6357404771496582,4,-0.06605108952820339,-0.06761730833857499,0.3886522648280171,0.39885450011445683,0.5,0.5,184.52280000019528,1520.8997999998246,2288.0,60.0,1.0,0.0,0.0,1.0
16,8,940008,R16-T8,50,635d9dfff1b5c24a4d0b527e,1,0,0,1.0,1.0,0.6152579253100647,0.6122216754923389,4,-0.0540923747881684,-0.07078735412266843,0.43119084170516087,0.3918158682233418,0.625,0.5,199.053799999092,1934.4584999998915,2671.0,72.0,1.0,0.0,0.0,1.0
16,8,940008,R16-T8,100,635d9dfff1b5c24a4d0b527e,1,0,0,1.0,1.0,0.6152579253100647,0.6122216754923389,4,-0.0540923747881684,-0.07078735412266843,0.43119084170516087,0.3918158682233418,0.625,0.5,199.053799999092,1778.4213999984786,2671.0,72.0,1.0,0.0,0.0,1.0
16,8,940008,R16-T8,200,635d9dfff1b5c24a4d0b527e,1,1,0,1.0,1.0,0.6152579253100647,0.6122216754923389,4,-0.0540923747881684,-0.07078735412266843,0.43119084170516087,0.3918158682233418,0.625,0.5,199.053799999092,1852.0382000006066,2671.0,72.0,1.0,0.0,0.0,1.0
16,8,940008,R16-T8,500,635d9dfff1b5c24a4d0b527e,1,1,0,1.0,1.0,0.6152579253100647,0.6122216754923389,4,-0.0540923747881684,-0.07078735412266843,0.43119084170516087,0.3918158682233418,0.625,0.5,199.053799999092,1829.8591000002489,2671.0,72.0,1.0,0.0,0.0,1.0
16,8,940009,R16-T8,100,ded410b3ab560ba7348b4475,1,0,0,1.0,1.0,0.48916469075751934,0.47556485213274546,5,0.013079953845668207,-0.00591954649897114,0.5391400674445513,0.47271562628079067,0.75,0.625,208.73810000011872,1829.846099999486,2686.0,72.0,1.0,0.0,0.0,1.0
16,8,940009,R16-T8,200,ded410b3ab560ba7348b4475,1,0,0,1.0,1.0,0.48916469075751934,0.47556485213274546,5,0.013079953845668207,-0.00591954649897114,0.5391400674445513,0.47271562628079067,0.75,0.625,208.73810000011872,1783.6172000006627,2686.0,72.0,1.0,0.0,0.0,1.0
16,8,940009,R16-T8,500,ded410b3ab560ba7348b4475,1,1,0,1.0,1.0,0.48916469075751934,0.47556485213274546,5,0.013079953845668207,-0.00591954649897114,0.5391400674445513,0.47271562628079067,0.75,0.625,208.73810000011872,1755.4565999998886,2686.0,72.0,1.0,0.0,0.0,1.0
16,8,940009,R16-T8,50,ded410b3ab560ba7348b4475,1,0,0,1.0,1.0,0.48916469075751934,0.47556485213274546,5,0.013079953845668207,-0.00591954649897114,0.5391400674445513,0.47271562628079067,0.75,0.625,208.73810000011872,1772.688000000926,2686.0,72.0,1.0,0.0,0.0,1.0
16,8,940010,R16-T8,200,3dfec4ad1d67e3880ca14bfc,1,1,0,1.0,1.0,0.4913198784521283,0.4856591282787679,4,-0.07216933990597038,-0.07354429251135362,0.37319914063704707,0.3718600854044997,0.5,0.5,183.00490000001446,1783.9346999990084,2134.0,48.0,1.0,0.0,0.0,1.0
16,8,940010,R16-T8,500,3dfec4ad1d67e3880ca14bfc,1,1,0,1.0,1.0,0.4913198784521283,0.4856591282787679,4,-0.07216933990597038,-0.07354429251135362,0.37319914063704707,0.3718600854044997,0.5,0.5,183.00490000001446,1673.4562999990885,2134.0,48.0,1.0,0.0,0.0,1.0
16,8,940010,R16-T8,50,3dfec4ad1d67e3880ca14bfc,1,0,0,1.0,1.0,0.4913198784521283,0.4856591282787679,4,-0.07216933990597038,-0.07354429251135362,0.37319914063704707,0.3718600854044997,0.5,0.5,183.00490000001446,1704.6927999999753,2134.0,48.0,1.0,0.0,0.0,1.0
16,8,940010,R16-T8,100,3dfec4ad1d67e3880ca14bfc,1,0,0,1.0,1.0,0.4913198784521283,0.4856591282787679,4,-0.07216933990597038,-0.07354429251135362,0.37319914063704707,0.3718600854044997,0.5,0.5,183.00490000001446,1658.4483000006003,2134.0,48.0,1.0,0.0,0.0,1.0
16,8,940011,R16-T8,500,31bafc8329f650d7f05f4de0,1,1,0,1.0,1.0,0.6477615454524784,0.6318969579385934,4,-0.014748998779689618,-0.041497530072922846,0.5157340194892425,0.41963599340527624,0.75,0.5,204.28809999975783,673.129599999811,1242.0,67.0,1.0,0.0,0.0,1.0
16,8,940011,R16-T8,50,31bafc8329f650d7f05f4de0,1,0,0,1.0,1.0,0.6477615454524784,0.6318969579385934,4,-0.014748998779689618,-0.041497530072922846,0.5157340194892425,0.41963599340527624,0.75,0.5,204.28809999975783,689.7565999988728,1242.0,67.0,1.0,0.0,0.0,1.0
16,8,940011,R16-T8,100,31bafc8329f650d7f05f4de0,1,0,0,1.0,1.0,0.6477615454524784,0.6318969579385934,4,-0.014748998779689618,-0.041497530072922846,0.5157340194892425,0.41963599340527624,0.75,0.5,204.28809999975783,667.199100000289,1242.0,67.0,1.0,0.0,0.0,1.0
16,8,940011,R16-T8,200,31bafc8329f650d7f05f4de0,1,0,0,1.0,1.0,0.6477615454524784,0.6318969579385934,4,-0.014748998779689618,-0.041497530072922846,0.5157340194892425,0.41963599340527624,0.75,0.5,204.28809999975783,670.5664000000979,1242.0,67.0,1.0,0.0,0.0,1.0
16,8,940012,R16-T8,50,99015073ea325607428a42bd,1,0,0,1.0,1.0,0.5617733303359866,0.5725192909445727,4,-0.005500251186780131,-0.011738392007619225,0.4886261187701402,0.44198623440845664,0.625,0.5,214.24669999942125,2310.180600001331,2754.0,72.0,1.0,0.0,0.0,1.0
16,8,940012,R16-T8,100,99015073ea325607428a42bd,1,0,0,1.0,1.0,0.5617733303359866,0.5725192909445727,4,-0.005500251186780131,-0.011738392007619225,0.4886261187701402,0.44198623440845664,0.625,0.5,214.24669999942125,2163.840100000016,2754.0,72.0,1.0,0.0,0.0,1.0
16,8,940012,R16-T8,200,99015073ea325607428a42bd,1,0,0,1.0,1.0,0.5617733303359866,0.5725192909445727,4,-0.005500251186780131,-0.011738392007619225,0.4886261187701402,0.44198623440845664,0.625,0.5,214.24669999942125,2349.182500000097,2754.0,72.0,1.0,0.0,0.0,1.0
16,8,940012,R16-T8,500,99015073ea325607428a42bd,1,1,0,1.0,1.0,0.5617733303359866,0.5725192909445727,4,-0.005500251186780131,-0.011738392007619225,0.4886261187701402,0.44198623440845664,0.625,0.5,214.24669999942125,2511.9440999988,2754.0,72.0,1.0,0.0,0.0,1.0
16,8,940013,R16-T8,100,c5b5fcb47adcaf70b3344a17,1,0,0,1.0,1.0,0.5520377794261538,0.5482778828931503,3,-0.04576112581016428,-0.046667608099623906,0.35518032970386176,0.35442906988367534,0.375,0.375,165.26209999938146,477.30370000135736,467.0,39.0,1.0,0.0,0.0,1.0
16,8,940013,R16-T8,200,c5b5fcb47adcaf70b3344a17,1,1,0,1.0,1.0,0.5520377794261538,0.5482778828931503,3,-0.04576112581016428,-0.046667608099623906,0.35518032970386176,0.35442906988367534,0.375,0.375,165.26209999938146,489.45980000098643,467.0,39.0,1.0,0.0,0.0,1.0
16,8,940013,R16-T8,500,c5b5fcb47adcaf70b3344a17,1,1,1,1.0,1.0,0.5520377794261538,0.5520377794261538,3,-0.04576112581016428,-0.04576112581016428,0.35518032970386176,0.35518032970386176,0.375,0.375,165.26209999938146,435.92960000023595,467.0,39.0,1.0,855.0,0.0,0.0
16,8,940013,R16-T8,50,c5b5fcb47adcaf70b3344a17,1,0,0,1.0,1.0,0.5520377794261538,0.5482778828931503,3,-0.04576112581016428,-0.046667608099623906,0.35518032970386176,0.35442906988367534,0.375,0.375,165.26209999938146,327.8485000009823,467.0,39.0,1.0,0.0,0.0,1.0
16,8,940014,R16-T8,200,117d4db0a520bc85e0f68054,1,1,0,1.0,1.0,0.5969279002889625,0.5969279002889625,4,-0.04815773556397701,-0.048157735563977,0.40293056189142834,0.40293056189142834,0.5,0.5,198.149599998942,1264.6290000011504,1999.0,67.0,1.0,0.0,0.0,1.0
16,8,940014,R16-T8,500,117d4db0a520bc85e0f68054,1,1,0,1.0,1.0,0.5969279002889625,0.5969279002889625,4,-0.04815773556397701,-0.048157735563977,0.40293056189142834,0.40293056189142834,0.5,0.5,198.149599998942,1226.034899998922,1999.0,67.0,1.0,0.0,0.0,1.0
16,8,940014,R16-T8,50,117d4db0a520bc85e0f68054,1,0,0,1.0,1.0,0.5969279002889625,0.5969279002889625,4,-0.04815773556397701,-0.048157735563977,0.40293056189142834,0.40293056189142834,0.5,0.5,198.149599998942,1222.6948000006814,1999.0,67.0,1.0,0.0,0.0,1.0
16,8,940014,R16-T8,100,117d4db0a520bc85e0f68054,1,0,0,1.0,1.0,0.5969279002889625,0.5969279002889625,4,-0.04815773556397701,-0.048157735563977,0.40293056189142834,0.40293056189142834,0.5,0.5,198.149599998942,1193.3411000009073,1999.0,67.0,1.0,0.0,0.0,1.0
16,8,940015,R16-T8,500,362cf3df37f075ee76ce95ec,1,1,0,1.0,1.0,0.6015718915633921,0.6071376384167624,5,-0.013646962575435545,-0.05085418316816249,0.5413573854375415,0.43646721679593264,0.875,0.625,210.4758999994374,1827.3406000007526,2792.0,84.0,1.0,0.0,0.0,1.0
16,8,940015,R16-T8,50,362cf3df37f075ee76ce95ec,1,0,0,1.0,1.0,0.6015718915633921,0.6071376384167624,5,-0.013646962575435545,-0.05085418316816249,0.5413573854375415,0.43646721679593264,0.875,0.625,210.4758999994374,1716.5708000011364,2792.0,84.0,1.0,0.0,0.0,1.0
16,8,940015,R16-T8,100,362cf3df37f075ee76ce95ec,1,0,0,1.0,1.0,0.6015718915633921,0.6071376384167624,5,-0.013646962575435545,-0.05085418316816249,0.5413573854375415,0.43646721679593264,0.875,0.625,210.4758999994374,1738.0494999997609,2792.0,84.0,1.0,0.0,0.0,1.0
16,8,940015,R16-T8,200,362cf3df37f075ee76ce95ec,1,0,0,1.0,1.0,0.6015718915633921,0.6071376384167624,5,-0.013646962575435545,-0.05085418316816249,0.5413573854375415,0.43646721679593264,0.875,0.625,210.4758999994374,1813.4579999987182,2792.0,84.0,1.0,0.0,0.0,1.0
16,8,940016,R16-T8,50,7317db7153d55de37864905a,1,0,0,1.0,1.0,0.509183766997956,0.5097271331507036,4,-0.03477959210193909,-0.03966259154890809,0.4240180788992104,0.40546485869779675,0.5,0.5,184.00490000021819,711.6845999989891,1301.0,63.0,1.0,0.0,0.0,1.0
16,8,940016,R16-T8,100,7317db7153d55de37864905a,1,0,0,1.0,1.0,0.509183766997956,0.5097271331507036,4,-0.03477959210193909,-0.03966259154890809,0.4240180788992104,0.40546485869779675,0.5,0.5,184.00490000021819,769.9455000001763,1301.0,63.0,1.0,0.0,0.0,1.0
16,8,940016,R16-T8,200,7317db7153d55de37864905a,1,1,0,1.0,1.0,0.509183766997956,0.5097271331507036,4,-0.03477959210193909,-0.03966259154890809,0.4240180788992104,0.40546485869779675,0.5,0.5,184.00490000021819,667.5183000006655,1301.0,63.0,1.0,0.0,0.0,1.0
16,8,940016,R16-T8,500,7317db7153d55de37864905a,1,1,0,1.0,1.0,0.509183766997956,0.5097271331507036,4,-0.03477959210193909,-0.03966259154890809,0.4240180788992104,0.40546485869779675,0.5,0.5,184.00490000021819,662.2537000002922,1301.0,63.0,1.0,0.0,0.0,1.0
16,8,940017,R16-T8,100,144c190e0ffb5ecffc746ef6,1,0,0,1.0,1.0,0.5618218798027069,0.5671023470057669,4,-0.00011424405389265369,-0.01724719390503321,0.48409455806687096,0.42213495593879596,0.625,0.5,198.12889999957406,1605.12750000089,2405.0,72.0,1.0,0.0,0.0,1.0
16,8,940017,R16-T8,200,144c190e0ffb5ecffc746ef6,1,1,0,1.0,1.0,0.5618218798027069,0.5671023470057669,4,-0.00011424405389265369,-0.01724719390503321,0.48409455806687096,0.42213495593879596,0.625,0.5,198.12889999957406,1525.9249999999156,2405.0,72.0,1.0,0.0,0.0,1.0
16,8,940017,R16-T8,500,144c190e0ffb5ecffc746ef6,1,1,0,1.0,1.0,0.5618218798027069,0.5671023470057669,4,-0.00011424405389265369,-0.01724719390503321,0.48409455806687096,0.42213495593879596,0.625,0.5,198.12889999957406,1540.9862999986217,2405.0,72.0,1.0,0.0,0.0,1.0
16,8,940017,R16-T8,50,144c190e0ffb5ecffc746ef6,1,0,0,1.0,1.0,0.5618218798027069,0.5671023470057669,4,-0.00011424405389265369,-0.01724719390503321,0.48409455806687096,0.42213495593879596,0.625,0.5,198.12889999957406,1513.530800000808,2405.0,72.0,1.0,0.0,0.0,1.0
16,8,940018,R16-T8,200,e0a243f459b31b14dde9c493,1,1,0,1.0,1.0,0.5859248145399679,0.567343633465328,4,-0.020781922630625296,-0.04286481238807682,0.5001392847792325,0.40680082859951716,0.75,0.5,189.03160000081698,1406.092199998966,2009.0,72.0,1.0,0.0,0.0,1.0
16,8,940018,R16-T8,500,e0a243f459b31b14dde9c493,1,1,0,1.0,1.0,0.5859248145399679,0.567343633465328,4,-0.020781922630625296,-0.04286481238807682,0.5001392847792325,0.40680082859951716,0.75,0.5,189.03160000081698,1343.0300999989413,2009.0,72.0,1.0,0.0,0.0,1.0
16,8,940018,R16-T8,50,e0a243f459b31b14dde9c493,1,0,0,1.0,1.0,0.5859248145399679,0.567343633465328,4,-0.020781922630625296,-0.04286481238807682,0.5001392847792325,0.40680082859951716,0.75,0.5,189.03160000081698,1342.5367999989248,2009.0,72.0,1.0,0.0,0.0,1.0
16,8,940018,R16-T8,100,e0a243f459b31b14dde9c493,1,0,0,1.0,1.0,0.5859248145399679,0.567343633465328,4,-0.020781922630625296,-0.04286481238807682,0.5001392847792325,0.40680082859951716,0.75,0.5,189.03160000081698,1363.1643999997323,2009.0,72.0,1.0,0.0,0.0,1.0
16,8,940019,R16-T8,500,9932fdb8b3b9e42a92401321,1,1,0,1.0,1.0,0.6172501122498936,0.611117466355528,3,-0.012252935911137075,-0.05048973400222466,0.5132362007970628,0.38168997639466384,0.75,0.375,195.23450000087905,1740.0703000002977,2530.0,72.0,1.0,0.0,0.0,1.0
16,8,940019,R16-T8,50,9932fdb8b3b9e42a92401321,1,0,0,1.0,1.0,0.6172501122498936,0.611117466355528,3,-0.012252935911137075,-0.05048973400222466,0.5132362007970628,0.38168997639466384,0.75,0.375,195.23450000087905,1659.429799999998,2530.0,72.0,1.0,0.0,0.0,1.0
16,8,940019,R16-T8,100,9932fdb8b3b9e42a92401321,1,0,0,1.0,1.0,0.6172501122498936,0.611117466355528,3,-0.012252935911137075,-0.05048973400222466,0.5132362007970628,0.38168997639466384,0.75,0.375,195.23450000087905,1611.5974000003916,2530.0,72.0,1.0,0.0,0.0,1.0
16,8,940019,R16-T8,200,9932fdb8b3b9e42a92401321,1,1,0,1.0,1.0,0.6172501122498936,0.611117466355528,3,-0.012252935911137075,-0.05048973400222466,0.5132362007970628,0.38168997639466384,0.75,0.375,195.23450000087905,1697.1413000010216,2530.0,72.0,1.0,0.0,0.0,1.0
16,8,940020,R16-T8,50,d047a2e382f4063a7c487e63,1,0,0,1.0,1.0,0.5942262308476977,0.596809843068585,6,-0.00028596930473213933,-0.009653185235425507,0.562580981692379,0.509898064993119,0.875,0.75,210.95840000089083,1860.9219999998459,2569.0,84.0,1.0,0.0,0.0,1.0
16,8,940020,R16-T8,100,d047a2e382f4063a7c487e63,1,0,0,1.0,1.0,0.5942262308476977,0.596809843068585,6,-0.00028596930473213933,-0.009653185235425507,0.562580981692379,0.509898064993119,0.875,0.75,210.95840000089083,1670.0353999985964,2569.0,84.0,1.0,0.0,0.0,1.0
16,8,940020,R16-T8,200,d047a2e382f4063a7c487e63,1,0,0,1.0,1.0,0.5942262308476977,0.596809843068585,6,-0.00028596930473213933,-0.009653185235425507,0.562580981692379,0.509898064993119,0.875,0.75,210.95840000089083,1563.4784000012587,2569.0,84.0,1.0,0.0,0.0,1.0
16,8,940020,R16-T8,500,d047a2e382f4063a7c487e63,1,1,0,1.0,1.0,0.5942262308476977,0.596809843068585,6,-0.00028596930473213933,-0.009653185235425507,0.562580981692379,0.509898064993119,0.875,0.75,210.95840000089083,1662.5208999994356,2569.0,84.0,1.0,0.0,0.0,1.0
16,8,940021,R16-T8,100,33714c3d16762aa72a25ec04,1,0,0,1.0,1.0,0.526076656710116,0.5287103352455866,3,-0.08090555069238815,-0.08104027128504451,0.34441224158928996,0.34438052586803203,0.375,0.375,204.54520000021148,1449.4058000000223,1961.0,48.0,1.0,0.0,0.0,1.0
16,8,940021,R16-T8,200,33714c3d16762aa72a25ec04,1,0,0,1.0,1.0,0.526076656710116,0.5287103352455866,3,-0.08090555069238815,-0.08104027128504451,0.34441224158928996,0.34438052586803203,0.375,0.375,204.54520000021148,1462.7163000004657,1961.0,48.0,1.0,0.0,0.0,1.0
16,8,940021,R16-T8,500,33714c3d16762aa72a25ec04,1,1,0,1.0,1.0,0.526076656710116,0.5287103352455866,3,-0.08090555069238815,-0.08104027128504451,0.34441224158928996,0.34438052586803203,0.375,0.375,204.54520000021148,1393.5110000002169,1961.0,48.0,1.0,0.0,0.0,1.0
16,8,940021,R16-T8,50,33714c3d16762aa72a25ec04,1,0,0,1.0,1.0,0.526076656710116,0.5287103352455866,3,-0.08090555069238815,-0.08104027128504451,0.34441224158928996,0.34438052586803203,0.375,0.375,204.54520000021148,1419.4198999994114,1961.0,48.0,1.0,0.0,0.0,1.0
16,8,940022,R16-T8,200,2c9d73960face0e000130802,1,1,0,1.0,1.0,0.5007718131005474,0.5026808218905557,3,-0.030024430799285386,-0.04642114184127412,0.4101657002872128,0.35977845764862837,0.5,0.375,199.36539999980596,1429.7939999996743,2078.0,75.0,1.0,0.0,0.0,1.0
16,8,940022,R16-T8,500,2c9d73960face0e000130802,1,1,0,1.0,1.0,0.5007718131005474,0.5026808218905557,3,-0.030024430799285386,-0.04642114184127412,0.4101657002872128,0.35977845764862837,0.5,0.375,199.36539999980596,1401.3366999988648,2078.0,75.0,1.0,0.0,0.0,1.0
16,8,940022,R16-T8,50,2c9d73960face0e000130802,1,0,0,1.0,1.0,0.5007718131005474,0.5026808218905557,3,-0.030024430799285386,-0.04642114184127412,0.4101657002872128,0.35977845764862837,0.5,0.375,199.36539999980596,1392.7961999997933,2078.0,75.0,1.0,0.0,0.0,1.0
16,8,940022,R16-T8,100,2c9d73960face0e000130802,1,0,0,1.0,1.0,0.5007718131005474,0.5026808218905557,3,-0.030024430799285386,-0.04642114184127412,0.4101657002872128,0.35977845764862837,0.5,0.375,199.36539999980596,1360.9968000000663,2078.0,75.0,1.0,0.0,0.0,1.0
16,8,940023,R16-T8,500,ebdfe49cfb9dc505a0ca3136,1,1,0,1.0,1.0,0.4907014472353617,0.4826949265679565,3,-0.04797688000277649,-0.052088282019123175,0.36469342769426427,0.3629516818685999,0.375,0.375,183.93730000025243,1240.5459999990853,2007.0,72.0,1.0,0.0,0.0,1.0
16,8,940023,R16-T8,50,ebdfe49cfb9dc505a0ca3136,1,0,0,1.0,1.0,0.4907014472353617,0.4826949265679565,3,-0.04797688000277649,-0.052088282019123175,0.36469342769426427,0.3629516818685999,0.375,0.375,183.93730000025243,1041.0076999996818,2007.0,72.0,1.0,0.0,0.0,1.0
16,8,940023,R16-T8,100,ebdfe49cfb9dc505a0ca3136,1,0,0,1.0,1.0,0.4907014472353617,0.4826949265679565,3,-0.04797688000277649,-0.052088282019123175,0.36469342769426427,0.3629516818685999,0.375,0.375,183.93730000025243,1022.0749999989494,2007.0,72.0,1.0,0.0,0.0,1.0
16,8,940023,R16-T8,200,ebdfe49cfb9dc505a0ca3136,1,1,0,1.0,1.0,0.4907014472353617,0.4826949265679565,3,-0.04797688000277649,-0.052088282019123175,0.36469342769426427,0.3629516818685999,0.375,0.375,183.93730000025243,1077.2147000006953,2007.0,72.0,1.0,0.0,0.0,1.0
16,8,940024,R16-T8,50,67b09199d4c8ca415af84399,1,0,0,1.0,1.0,0.5206452393756384,0.5084089279165985,4,-0.047217887521706185,-0.07276745623692991,0.44529018506314555,0.39379339913643635,0.625,0.5,181.8304000007629,1014.0716000005341,1584.0,61.0,1.0,0.0,0.0,1.0
16,8,940024,R16-T8,100,67b09199d4c8ca415af84399,1,0,0,1.0,1.0,0.5206452393756384,0.5084089279165985,4,-0.047217887521706185,-0.07276745623692991,0.44529018506314555,0.39379339913643635,0.625,0.5,181.8304000007629,1029.634000000442,1584.0,61.0,1.0,0.0,0.0,1.0
16,8,940024,R16-T8,200,67b09199d4c8ca415af84399,1,1,0,1.0,1.0,0.5206452393756384,0.5084089279165985,4,-0.047217887521706185,-0.07276745623692991,0.44529018506314555,0.39379339913643635,0.625,0.5,181.8304000007629,1032.2682000005443,1584.0,61.0,1.0,0.0,0.0,1.0
16,8,940024,R16-T8,500,67b09199d4c8ca415af84399,1,1,0,1.0,1.0,0.5206452393756384,0.5084089279165985,4,-0.047217887521706185,-0.07276745623692991,0.44529018506314555,0.39379339913643635,0.625,0.5,181.8304000007629,1019.9476000016148,1584.0,61.0,1.0,0.0,0.0,1.0
16,8,940025,R16-T8,100,86e2d308fb4e50e9aaeeec11,1,0,0,1.0,1.0,0.4815046291081294,0.5009378151484518,2,-0.08939220474590817,-0.08948376342138689,0.2846496849386606,0.28483104002408166,0.25,0.25,183.77409999993688,951.086099999884,1094.0,24.0,1.0,0.0,0.0,1.0
16,8,940025,R16-T8,200,86e2d308fb4e50e9aaeeec11,1,1,0,1.0,1.0,0.4815046291081294,0.5009378151484518,2,-0.08939220474590817,-0.08948376342138689,0.2846496849386606,0.28483104002408166,0.25,0.25,183.77409999993688,1030.3486000011617,1094.0,24.0,1.0,0.0,0.0,1.0
16,8,940025,R16-T8,500,86e2d308fb4e50e9aaeeec11,1,1,0,1.0,1.0,0.4815046291081294,0.5009378151484518,2,-0.08939220474590817,-0.08948376342138689,0.2846496849386606,0.28483104002408166,0.25,0.25,183.77409999993688,975.5888999989111,1094.0,24.0,1.0,0.0,0.0,1.0
16,8,940025,R16-T8,50,86e2d308fb4e50e9aaeeec11,1,0,0,1.0,1.0,0.4815046291081294,0.5009378151484518,2,-0.08939220474590817,-0.08948376342138689,0.2846496849386606,0.28483104002408166,0.25,0.25,183.77409999993688,950.6294000002526,1094.0,24.0,1.0,0.0,0.0,1.0
16,8,940026,R16-T8,200,ac145587f74044fefb7494d4,1,1,0,1.0,1.0,0.47232396780562014,0.46392773346897725,3,-0.04961645495223177,-0.05560268901904243,0.37020331571428494,0.3451568292340666,0.375,0.375,178.37909999980184,827.1767999995063,1039.0,36.0,1.0,0.0,0.0,1.0
16,8,940026,R16-T8,500,ac145587f74044fefb7494d4,1,1,0,1.0,1.0,0.47232396780562014,0.46392773346897725,3,-0.04961645495223177,-0.05560268901904243,0.37020331571428494,0.3451568292340666,0.375,0.375,178.37909999980184,907.6793000003818,1039.0,36.0,1.0,0.0,0.0,1.0
16,8,940026,R16-T8,50,ac145587f74044fefb7494d4,1,0,0,1.0,1.0,0.47232396780562014,0.46392773346897725,3,-0.04961645495223177,-0.05560268901904243,0.37020331571428494,0.3451568292340666,0.375,0.375,178.37909999980184,826.7259999993257,1039.0,36.0,1.0,0.0,0.0,1.0
16,8,940026,R16-T8,100,ac145587f74044fefb7494d4,1,0,0,1.0,1.0,0.47232396780562014,0.46392773346897725,3,-0.04961645495223177,-0.05560268901904243,0.37020331571428494,0.3451568292340666,0.375,0.375,178.37909999980184,816.8017000007239,1039.0,36.0,1.0,0.0,0.0,1.0
16,8,940027,R16-T8,500,a7647ed71a36df7f2bd8c504,1,1,0,1.0,1.0,0.5397715736046028,0.5318393358670835,3,-0.0009292700817139232,-0.02254872844357085,0.442253031669094,0.37796556097639533,0.5,0.375,179.16559999866877,835.3865000008227,1328.0,60.0,1.0,0.0,0.0,1.0
16,8,940027,R16-T8,50,a7647ed71a36df7f2bd8c504,1,0,0,1.0,1.0,0.5397715736046028,0.5318393358670835,3,-0.0009292700817139232,-0.02254872844357085,0.442253031669094,0.37796556097639533,0.5,0.375,179.16559999866877,917.6858000009815,1328.0,60.0,1.0,0.0,0.0,1.0
16,8,940027,R16-T8,100,a7647ed71a36df7f2bd8c504,1,0,0,1.0,1.0,0.5397715736046028,0.5318393358670835,3,-0.0009292700817139232,-0.02254872844357085,0.442253031669094,0.37796556097639533,0.5,0.375,179.16559999866877,813.937499999156,1328.0,60.0,1.0,0.0,0.0,1.0
16,8,940027,R16-T8,200,a7647ed71a36df7f2bd8c504,1,1,0,1.0,1.0,0.5397715736046028,0.5318393358670835,3,-0.0009292700817139232,-0.02254872844357085,0.442253031669094,0.37796556097639533,0.5,0.375,179.16559999866877,821.2662999994791,1328.0,60.0,1.0,0.0,0.0,1.0
16,8,940028,R16-T8,50,c06b9b42fb3aed34cfc5f02c,1,0,0,1.0,1.0,0.566579818340585,0.566579818340585,6,-0.032899431508686225,-0.032899431508686225,0.48905830316612625,0.48905830316612625,0.75,0.75,185.36029999995662,1373.3595999983663,1799.0,63.0,1.0,0.0,0.0,1.0
16,8,940028,R16-T8,100,c06b9b42fb3aed34cfc5f02c,1,0,0,1.0,1.0,0.566579818340585,0.566579818340585,6,-0.032899431508686225,-0.032899431508686225,0.48905830316612625,0.48905830316612625,0.75,0.75,185.36029999995662,1241.7474999983824,1799.0,63.0,1.0,0.0,0.0,1.0
16,8,940028,R16-T8,200,c06b9b42fb3aed34cfc5f02c,1,1,0,1.0,1.0,0.566579818340585,0.566579818340585,6,-0.032899431508686225,-0.032899431508686225,0.48905830316612625,0.48905830316612625,0.75,0.75,185.36029999995662,1209.3123000013293,1799.0,63.0,1.0,0.0,0.0,1.0
16,8,940028,R16-T8,500,c06b9b42fb3aed34cfc5f02c,1,1,0,1.0,1.0,0.566579818340585,0.566579818340585,6,-0.032899431508686225,-0.032899431508686225,0.48905830316612625,0.48905830316612625,0.75,0.75,185.36029999995662,1248.5790999999153,1799.0,63.0,1.0,0.0,0.0,1.0
16,8,940029,R16-T8,100,4d85f70fc85d52d8f82d259f,1,0,0,1.0,1.0,0.5376919113513701,0.5465768945214878,4,-0.027259575036466546,-0.039630459346766386,0.4201349210098404,0.40349483442124123,0.5,0.5,206.12470000014582,1418.6231000003318,2024.0,60.0,1.0,0.0,0.0,1.0
16,8,940029,R16-T8,200,4d85f70fc85d52d8f82d259f,1,0,0,1.0,1.0,0.5376919113513701,0.5465768945214878,4,-0.027259575036466546,-0.039630459346766386,0.4201349210098404,0.40349483442124123,0.5,0.5,206.12470000014582,1405.5317000002105,2024.0,60.0,1.0,0.0,0.0,1.0
16,8,940029,R16-T8,500,4d85f70fc85d52d8f82d259f,1,1,0,1.0,1.0,0.5376919113513701,0.5465768945214878,4,-0.027259575036466546,-0.039630459346766386,0.4201349210098404,0.40349483442124123,0.5,0.5,206.12470000014582,1331.9587000005413,2024.0,60.0,1.0,0.0,0.0,1.0
16,8,940029,R16-T8,50,4d85f70fc85d52d8f82d259f,1,0,0,1.0,1.0,0.5376919113513701,0.5465768945214878,4,-0.027259575036466546,-0.039630459346766386,0.4201349210098404,0.40349483442124123,0.5,0.5,206.12470000014582,1334.873300000254,2024.0,60.0,1.0,0.0,0.0,1.0
16,12,940000,R16-T12,50,ccadc5f5ea3fcaae25481d82,1,0,0,1.0,1.0,0.46599463136775066,0.4629050047181037,5,0.008332368315966917,-0.03590009771289248,0.48970558924515756,0.37077749173935576,0.75,0.4166666666666667,320.5933000008372,1812.5065000003815,2675.0,94.0,1.0,0.0,0.0,1.0
16,12,940000,R16-T12,100,ccadc5f5ea3fcaae25481d82,1,0,0,1.0,1.0,0.46599463136775066,0.4629050047181037,5,0.008332368315966917,-0.03590009771289248,0.48970558924515756,0.37077749173935576,0.75,0.4166666666666667,320.5933000008372,1766.9002000002365,2675.0,94.0,1.0,0.0,0.0,1.0
16,12,940000,R16-T12,200,ccadc5f5ea3fcaae25481d82,1,0,0,1.0,1.0,0.46599463136775066,0.4629050047181037,5,0.008332368315966917,-0.03590009771289248,0.48970558924515756,0.37077749173935576,0.75,0.4166666666666667,320.5933000008372,1797.2325999999157,2675.0,94.0,1.0,0.0,0.0,1.0
16,12,940000,R16-T12,500,ccadc5f5ea3fcaae25481d82,1,1,0,1.0,1.0,0.46599463136775066,0.4629050047181037,5,0.008332368315966917,-0.03590009771289248,0.48970558924515756,0.37077749173935576,0.75,0.4166666666666667,320.5933000008372,1755.99019999936,2675.0,94.0,1.0,0.0,0.0,1.0
16,12,940001,R16-T12,100,7fae493ee1d6796095a44338,1,0,0,1.0,1.0,0.5493169160085025,0.541990449057603,5,-0.03971816098851366,-0.05016113073964146,0.38679967012721245,0.359615386022753,0.4166666666666667,0.4166666666666667,284.35739999986254,1468.1410000011965,2237.0,96.0,1.0,0.0,0.0,1.0
16,12,940001,R16-T12,200,7fae493ee1d6796095a44338,1,0,0,1.0,1.0,0.5493169160085025,0.541990449057603,5,-0.03971816098851366,-0.05016113073964146,0.38679967012721245,0.359615386022753,0.4166666666666667,0.4166666666666667,284.35739999986254,1408.1448999986605,2237.0,96.0,1.0,0.0,0.0,1.0
16,12,940001,R16-T12,500,7fae493ee1d6796095a44338,1,1,0,1.0,1.0,0.5493169160085025,0.541990449057603,5,-0.03971816098851366,-0.05016113073964146,0.38679967012721245,0.359615386022753,0.4166666666666667,0.4166666666666667,284.35739999986254,1374.4057000003522,2237.0,96.0,1.0,0.0,0.0,1.0
16,12,940001,R16-T12,50,7fae493ee1d6796095a44338,1,0,0,1.0,1.0,0.5493169160085025,0.541990449057603,5,-0.03971816098851366,-0.05016113073964146,0.38679967012721245,0.359615386022753,0.4166666666666667,0.4166666666666667,284.35739999986254,1361.5626000009797,2237.0,96.0,1.0,0.0,0.0,1.0
16,12,940002,R16-T12,200,71c0438224db4847e5b44914,1,0,0,1.0,1.0,0.5925910233070474,0.5941954551907686,7,-0.044846215889639475,-0.04983951877131316,0.4433608921788251,0.4159976670488585,0.6666666666666666,0.5833333333333334,332.04139999907056,3017.5601999999344,4087.0,108.0,1.0,0.0,0.0,1.0
16,12,940002,R16-T12,500,71c0438224db4847e5b44914,1,1,0,1.0,1.0,0.5925910233070474,0.5941954551907686,7,-0.044846215889639475,-0.04983951877131316,0.4433608921788251,0.4159976670488585,0.6666666666666666,0.5833333333333334,332.04139999907056,2964.3448000006174,4087.0,108.0,1.0,0.0,0.0,1.0
16,12,940002,R16-T12,50,71c0438224db4847e5b44914,1,0,0,1.0,1.0,0.5925910233070474,0.5941954551907686,7,-0.044846215889639475,-0.04983951877131316,0.4433608921788251,0.4159976670488585,0.6666666666666666,0.5833333333333334,332.04139999907056,3088.2613000012498,4087.0,108.0,1.0,0.0,0.0,1.0
16,12,940002,R16-T12,100,71c0438224db4847e5b44914,1,0,0,1.0,1.0,0.5925910233070474,0.5941954551907686,7,-0.044846215889639475,-0.04983951877131316,0.4433608921788251,0.4159976670488585,0.6666666666666666,0.5833333333333334,332.04139999907056,3017.2418000001926,4087.0,108.0,1.0,0.0,0.0,1.0
16,12,940003,R16-T12,500,478755af42c23af48a847383,1,1,0,1.0,1.0,0.5988187700918821,0.6023581588525946,5,-0.049809176047129984,-0.05563747546577985,0.408828472584645,0.3562655982154197,0.5833333333333334,0.4166666666666667,285.26960000090185,1674.0339000007225,2736.0,127.0,1.0,0.0,0.0,1.0
16,12,940003,R16-T12,50,478755af42c23af48a847383,1,0,0,1.0,1.0,0.5988187700918821,0.6023581588525946,5,-0.049809176047129984,-0.05563747546577985,0.408828472584645,0.3562655982154197,0.5833333333333334,0.4166666666666667,285.26960000090185,1613.5818999991898,2736.0,127.0,1.0,0.0,0.0,1.0
16,12,940003,R16-T12,100,478755af42c23af48a847383,1,0,0,1.0,1.0,0.5988187700918821,0.6023581588525946,5,-0.049809176047129984,-0.05563747546577985,0.408828472584645,0.3562655982154197,0.5833333333333334,0.4166666666666667,285.26960000090185,1596.88019999885,2736.0,127.0,1.0,0.0,0.0,1.0
16,12,940003,R16-T12,200,478755af42c23af48a847383,1,0,0,1.0,1.0,0.5988187700918821,0.6023581588525946,5,-0.049809176047129984,-0.05563747546577985,0.408828472584645,0.3562655982154197,0.5833333333333334,0.4166666666666667,285.26960000090185,1575.6304999995336,2736.0,127.0,1.0,0.0,0.0,1.0
16,12,940004,R16-T12,50,723de41fb07fae69ee3086c0,1,0,0,1.0,1.0,0.4410888447877096,0.4334255162931346,4,-0.036918151713464124,-0.05768629554990868,0.39052544227952884,0.3347170992816554,0.5,0.3333333333333333,302.04980000053183,1965.2781000004325,2872.0,95.0,1.0,0.0,0.0,1.0
16,12,940004,R16-T12,100,723de41fb07fae69ee3086c0,1,0,0,1.0,1.0,0.4410888447877096,0.4334255162931346,4,-0.036918151713464124,-0.05768629554990868,0.39052544227952884,0.3347170992816554,0.5,0.3333333333333333,302.04980000053183,1820.8222000012029,2872.0,95.0,1.0,0.0,0.0,1.0
16,12,940004,R16-T12,200,723de41fb07fae69ee3086c0,1,0,0,1.0,1.0,0.4410888447877096,0.4334255162931346,4,-0.036918151713464124,-0.05768629554990868,0.39052544227952884,0.3347170992816554,0.5,0.3333333333333333,302.04980000053183,1850.5528999994567,2872.0,95.0,1.0,0.0,0.0,1.0
16,12,940004,R16-T12,500,723de41fb07fae69ee3086c0,1,1,0,1.0,1.0,0.4410888447877096,0.4334255162931346,4,-0.036918151713464124,-0.05768629554990868,0.39052544227952884,0.3347170992816554,0.5,0.3333333333333333,302.04980000053183,1814.2482999992353,2872.0,95.0,1.0,0.0,0.0,1.0
16,12,940005,R16-T12,100,4b76a7b82c3be8bd2dd0e216,1,0,0,1.0,1.0,0.5099068109792299,0.5063504093107329,3,-0.05249924568961864,-0.07454330338005849,0.36354606697791514,0.289579904410335,0.4166666666666667,0.25,308.09299999964423,1726.3204999999289,1995.0,60.0,1.0,0.0,0.0,1.0
16,12,940005,R16-T12,200,4b76a7b82c3be8bd2dd0e216,1,0,0,1.0,1.0,0.5099068109792299,0.5063504093107329,3,-0.05249924568961864,-0.07454330338005849,0.36354606697791514,0.289579904410335,0.4166666666666667,0.25,308.09299999964423,1622.1115999996982,1995.0,60.0,1.0,0.0,0.0,1.0
16,12,940005,R16-T12,500,4b76a7b82c3be8bd2dd0e216,1,1,0,1.0,1.0,0.5099068109792299,0.5063504093107329,3,-0.05249924568961864,-0.07454330338005849,0.36354606697791514,0.289579904410335,0.4166666666666667,0.25,308.09299999964423,1670.5248000016581,1995.0,60.0,1.0,0.0,0.0,1.0
16,12,940005,R16-T12,50,4b76a7b82c3be8bd2dd0e216,1,0,0,1.0,1.0,0.5099068109792299,0.5063504093107329,3,-0.05249924568961864,-0.07454330338005849,0.36354606697791514,0.289579904410335,0.4166666666666667,0.25,308.09299999964423,1793.8806000001932,1995.0,60.0,1.0,0.0,0.0,1.0
16,12,940006,R16-T12,200,a63f5a85363ef92b630373e2,1,0,0,1.0,1.0,0.49732773900336624,0.4959574740963933,5,-0.04932377037071437,-0.061113640504785405,0.4066187186218528,0.3545379146381648,0.5833333333333334,0.4166666666666667,306.74370000087947,1900.2575999984401,2824.0,96.0,1.0,0.0,0.0,1.0
16,12,940006,R16-T12,500,a63f5a85363ef92b630373e2,1,1,0,1.0,1.0,0.49732773900336624,0.4959574740963933,5,-0.04932377037071437,-0.061113640504785405,0.4066187186218528,0.3545379146381648,0.5833333333333334,0.4166666666666667,306.74370000087947,1846.7615000008664,2824.0,96.0,1.0,0.0,0.0,1.0
16,12,940006,R16-T12,50,a63f5a85363ef92b630373e2,1,0,0,1.0,1.0,0.49732773900336624,0.4959574740963933,5,-0.04932377037071437,-0.061113640504785405,0.4066187186218528,0.3545379146381648,0.5833333333333334,0.4166666666666667,306.74370000087947,1780.0594000000274,2824.0,96.0,1.0,0.0,0.0,1.0
16,12,940006,R16-T12,100,a63f5a85363ef92b630373e2,1,0,0,1.0,1.0,0.49732773900336624,0.4959574740963933,5,-0.04932377037071437,-0.061113640504785405,0.4066187186218528,0.3545379146381648,0.5833333333333334,0.4166666666666667,306.74370000087947,1826.581700001043,2824.0,96.0,1.0,0.0,0.0,1.0
16,12,940007,R16-T12,500,b1a841394d833de9482e145e,1,1,0,1.0,1.0,0.5584381434926868,0.561302300930683,6,-0.04166259780765145,-0.046630253119520355,0.39204049986030926,0.3829107095939664,0.5,0.5,309.4187000006059,2669.673899999907,3726.0,96.0,1.0,0.0,0.0,1.0
16,12,940007,R16-T12,50,b1a841394d833de9482e145e,1,0,0,1.0,1.0,0.5584381434926868,0.561302300930683,6,-0.04166259780765145,-0.046630253119520355,0.39204049986030926,0.3829107095939664,0.5,0.5,309.4187000006059,2548.0323000010685,3726.0,96.0,1.0,0.0,0.0,1.0
16,12,940007,R16-T12,100,b1a841394d833de9482e145e,1,0,0,1.0,1.0,0.5584381434926868,0.561302300930683,6,-0.04166259780765145,-0.046630253119520355,0.39204049986030926,0.3829107095939664,0.5,0.5,309.4187000006059,2636.910799999896,3726.0,96.0,1.0,0.0,0.0,1.0
16,12,940007,R16-T12,200,b1a841394d833de9482e145e,1,0,0,1.0,1.0,0.5584381434926868,0.561302300930683,6,-0.04166259780765145,-0.046630253119520355,0.39204049986030926,0.3829107095939664,0.5,0.5,309.4187000006059,2627.3872000001575,3726.0,96.0,1.0,0.0,0.0,1.0
16,12,940008,R16-T12,50,887575c36799e92eaef545cf,1,0,0,1.0,1.0,0.5427631290848645,0.5407973997006185,6,-0.041903154543558495,-0.05307197908805706,0.41376456155623853,0.3816266060295125,0.5833333333333334,0.5,322.96750000023167,3191.4832000002207,4163.0,108.0,1.0,0.0,0.0,1.0
16,12,940008,R16-T12,100,887575c36799e92eaef545cf,1,0,0,1.0,1.0,0.5427631290848645,0.5407973997006185,6,-0.041903154543558495,-0.05307197908805706,0.41376456155623853,0.3816266060295125,0.5833333333333334,0.5,322.96750000023167,3703.8410999994085,4163.0,108.0,1.0,0.0,0.0,1.0
16,12,940008,R16-T12,200,887575c36799e92eaef545cf,1,0,0,1.0,1.0,0.5427631290848645,0.5407973997006185,6,-0.041903154543558495,-0.05307197908805706,0.41376456155623853,0.3816266060295125,0.5833333333333334,0.5,322.96750000023167,3814.8271000009117,4163.0,108.0,1.0,0.0,0.0,1.0
16,12,940008,R16-T12,500,887575c36799e92eaef545cf,1,1,0,1.0,1.0,0.5427631290848645,0.5407973997006185,6,-0.041903154543558495,-0.05307197908805706,0.41376456155623853,0.3816266060295125,0.5833333333333334,0.5,322.96750000023167,2978.7796000000526,4163.0,108.0,1.0,0.0,0.0,1.0
16,12,940009,R16-T12,100,cda892fd3d26f055d8873233,1,0,0,1.0,1.0,0.5137619186751333,0.46960983023667346,5,-0.0054490804609560834,-0.03007697814947481,0.48169385958211947,0.3760980758663528,0.6666666666666666,0.4166666666666667,345.85279999919294,3261.6973999993206,4157.0,108.0,1.0,0.0,0.0,1.0
16,12,940009,R16-T12,200,cda892fd3d26f055d8873233,1,0,0,1.0,1.0,0.5137619186751333,0.46960983023667346,5,-0.0054490804609560834,-0.03007697814947481,0.48169385958211947,0.3760980758663528,0.6666666666666666,0.4166666666666667,345.85279999919294,3045.098299999154,4157.0,108.0,1.0,0.0,0.0,1.0
16,12,940009,R16-T12,500,cda892fd3d26f055d8873233,1,1,0,1.0,1.0,0.5137619186751333,0.46960983023667346,5,-0.0054490804609560834,-0.03007697814947481,0.48169385958211947,0.3760980758663528,0.6666666666666666,0.4166666666666667,345.85279999919294,3180.999399999564,4157.0,108.0,1.0,0.0,0.0,1.0
16,12,940009,R16-T12,50,cda892fd3d26f055d8873233,1,0,0,1.0,1.0,0.5137619186751333,0.46960983023667346,5,-0.0054490804609560834,-0.03007697814947481,0.48169385958211947,0.3760980758663528,0.6666666666666666,0.4166666666666667,345.85279999919294,3347.2939999992377,4157.0,108.0,1.0,0.0,0.0,1.0
16,12,940010,R16-T12,200,3c488f707462ff5cd1efa687,1,0,0,1.0,1.0,0.5005291577290377,0.5094568114566542,4,-0.07161219146842598,-0.08125471531145466,0.33864007487592196,0.3138299176968344,0.4166666666666667,0.3333333333333333,289.93330000048445,3135.4884000011225,3749.0,84.0,1.0,0.0,0.0,1.0
16,12,940010,R16-T12,500,3c488f707462ff5cd1efa687,1,1,0,1.0,1.0,0.5005291577290377,0.5094568114566542,4,-0.07161219146842598,-0.08125471531145466,0.33864007487592196,0.3138299176968344,0.4166666666666667,0.3333333333333333,289.93330000048445,3067.682999999306,3749.0,84.0,1.0,0.0,0.0,1.0
16,12,940010,R16-T12,50,3c488f707462ff5cd1efa687,1,0,0,1.0,1.0,0.5005291577290377,0.5094568114566542,4,-0.07161219146842598,-0.08125471531145466,0.33864007487592196,0.3138299176968344,0.4166666666666667,0.3333333333333333,289.93330000048445,3151.9990999986476,3749.0,84.0,1.0,0.0,0.0,1.0
16,12,940010,R16-T12,100,3c488f707462ff5cd1efa687,1,0,0,1.0,1.0,0.5005291577290377,0.5094568114566542,4,-0.07161219146842598,-0.08125471531145466,0.33864007487592196,0.3138299176968344,0.4166666666666667,0.3333333333333333,289.93330000048445,3041.6274999988673,3749.0,84.0,1.0,0.0,0.0,1.0
16,12,940011,R16-T12,500,ffba8bf00d1db2a6b5892d2d,1,1,0,1.0,1.0,0.6153899793213607,0.6012520532419912,6,-0.022579486336625394,-0.04554877156604306,0.4703495264650385,0.3925837662213672,0.75,0.5,295.5994000003557,1797.3041000004741,2634.0,103.0,1.0,0.0,0.0,1.0
16,12,940011,R16-T12,50,ffba8bf00d1db2a6b5892d2d,1,0,0,1.0,1.0,0.6153899793213607,0.6012520532419912,6,-0.022579486336625394,-0.04554877156604306,0.4703495264650385,0.3925837662213672,0.75,0.5,295.5994000003557,1750.9964999990189,2634.0,103.0,1.0,0.0,0.0,1.0
16,12,940011,R16-T12,100,ffba8bf00d1db2a6b5892d2d,1,0,0,1.0,1.0,0.6153899793213607,0.6012520532419912,6,-0.022579486336625394,-0.04554877156604306,0.4703495264650385,0.3925837662213672,0.75,0.5,295.5994000003557,1633.3687999995163,2634.0,103.0,1.0,0.0,0.0,1.0
16,12,940011,R16-T12,200,ffba8bf00d1db2a6b5892d2d,1,0,0,1.0,1.0,0.6153899793213607,0.6012520532419912,6,-0.022579486336625394,-0.04554877156604306,0.4703495264650385,0.3925837662213672,0.75,0.5,295.5994000003557,1690.8647999989626,2634.0,103.0,1.0,0.0,0.0,1.0
16,12,940012,R16-T12,50,8974f7ab4e7f737f931770fc,1,0,0,1.0,1.0,0.6074180496251589,0.5903686434527152,5,-0.02365034345376778,-0.03694906281320497,0.46805343333306937,0.3806070090854232,0.6666666666666666,0.4166666666666667,305.59490000086953,2575.2493999989383,3457.0,108.0,1.0,0.0,0.0,1.0
16,12,940012,R16-T12,100,8974f7ab4e7f737f931770fc,1,0,0,1.0,1.0,0.6074180496251589,0.5903686434527152,5,-0.02365034345376778,-0.03694906281320497,0.46805343333306937,0.3806070090854232,0.6666666666666666,0.4166666666666667,305.59490000086953,2625.307399999656,3457.0,108.0,1.0,0.0,0.0,1.0
16,12,940012,R16-T12,200,8974f7ab4e7f737f931770fc,1,0,0,1.0,1.0,0.6074180496251589,0.5903686434527152,5,-0.02365034345376778,-0.03694906281320497,0.46805343333306937,0.3806070090854232,0.6666666666666666,0.4166666666666667,305.59490000086953,2489.4719000003533,3457.0,108.0,1.0,0.0,0.0,1.0
16,12,940012,R16-T12,500,8974f7ab4e7f737f931770fc,1,1,0,1.0,1.0,0.6074180496251589,0.5903686434527152,5,-0.02365034345376778,-0.03694906281320497,0.46805343333306937,0.3806070090854232,0.6666666666666666,0.4166666666666667,305.59490000086953,2485.0139999998646,3457.0,108.0,1.0,0.0,0.0,1.0
16,12,940013,R16-T12,100,20cceac7fb10d99816bf96f1,1,0,0,1.0,1.0,0.6149692159440844,0.600430827055305,5,-0.04030597321458512,-0.058295503023105856,0.39524938012721755,0.3521647134385532,0.5,0.4166666666666667,282.378099998823,1583.7381999990612,1959.0,75.0,1.0,0.0,0.0,1.0
16,12,940013,R16-T12,200,20cceac7fb10d99816bf96f1,1,0,0,1.0,1.0,0.6149692159440844,0.600430827055305,5,-0.04030597321458512,-0.058295503023105856,0.39524938012721755,0.3521647134385532,0.5,0.4166666666666667,282.378099998823,1443.8678999995318,1959.0,75.0,1.0,0.0,0.0,1.0
16,12,940013,R16-T12,500,20cceac7fb10d99816bf96f1,1,1,0,1.0,1.0,0.6149692159440844,0.600430827055305,5,-0.04030597321458512,-0.058295503023105856,0.39524938012721755,0.3521647134385532,0.5,0.4166666666666667,282.378099998823,1455.721000000267,1959.0,75.0,1.0,0.0,0.0,1.0
16,12,940013,R16-T12,50,20cceac7fb10d99816bf96f1,1,0,0,1.0,1.0,0.6149692159440844,0.600430827055305,5,-0.04030597321458512,-0.058295503023105856,0.39524938012721755,0.3521647134385532,0.5,0.4166666666666667,282.378099998823,1427.2830999998405,1959.0,75.0,1.0,0.0,0.0,1.0
16,12,940014,R16-T12,200,585169f17a21ac0faf2f9c4c,1,0,0,1.0,1.0,0.5969279002889625,0.5969279002889625,4,-0.07581569314687968,-0.07581569314687968,0.3210732255766025,0.3210732255766025,0.3333333333333333,0.3333333333333333,272.9242000004888,1376.1574999989534,1999.0,67.0,1.0,0.0,0.0,1.0
16,12,940014,R16-T12,500,585169f17a21ac0faf2f9c4c,1,1,0,1.0,1.0,0.5969279002889625,0.5969279002889625,4,-0.07581569314687968,-0.07581569314687968,0.3210732255766025,0.3210732255766025,0.3333333333333333,0.3333333333333333,272.9242000004888,1288.3166000010533,1999.0,67.0,1.0,0.0,0.0,1.0
16,12,940014,R16-T12,50,585169f17a21ac0faf2f9c4c,1,0,0,1.0,1.0,0.5969279002889625,0.5969279002889625,4,-0.07581569314687968,-0.07581569314687968,0.3210732255766025,0.3210732255766025,0.3333333333333333,0.3333333333333333,272.9242000004888,1312.3562000000675,1999.0,67.0,1.0,0.0,0.0,1.0
16,12,940014,R16-T12,100,585169f17a21ac0faf2f9c4c,1,0,0,1.0,1.0,0.5969279002889625,0.5969279002889625,4,-0.07581569314687968,-0.07581569314687968,0.3210732255766025,0.3210732255766025,0.3333333333333333,0.3333333333333333,272.9242000004888,1262.833500000852,1999.0,67.0,1.0,0.0,0.0,1.0
16,12,940015,R16-T12,500,49d06bde9658172f77980247,1,1,0,1.0,1.0,0.6457538245152864,0.613868272487949,5,-0.012677300178247974,-0.07065213362358026,0.4958516435321746,0.3582223315663257,0.8333333333333334,0.4166666666666667,336.12130000074103,2722.9772999999113,3965.0,120.0,1.0,0.0,0.0,1.0
16,12,940015,R16-T12,50,49d06bde9658172f77980247,1,0,0,1.0,1.0,0.6457538245152864,0.613868272487949,5,-0.012677300178247974,-0.07065213362358026,0.4958516435321746,0.3582223315663257,0.8333333333333334,0.4166666666666667,336.12130000074103,2607.3810999987472,3965.0,120.0,1.0,0.0,0.0,1.0
16,12,940015,R16-T12,100,49d06bde9658172f77980247,1,0,0,1.0,1.0,0.6457538245152864,0.613868272487949,5,-0.012677300178247974,-0.07065213362358026,0.4958516435321746,0.3582223315663257,0.8333333333333334,0.4166666666666667,336.12130000074103,2648.245099999258,3965.0,120.0,1.0,0.0,0.0,1.0
16,12,940015,R16-T12,200,49d06bde9658172f77980247,1,0,0,1.0,1.0,0.6457538245152864,0.613868272487949,5,-0.012677300178247974,-0.07065213362358026,0.4958516435321746,0.3582223315663257,0.8333333333333334,0.4166666666666667,336.12130000074103,2620.9968000002846,3965.0,120.0,1.0,0.0,0.0,1.0
16,12,940016,R16-T12,50,2289b5174e20e9edb9c8c5f1,1,0,0,1.0,1.0,0.4233993121398469,0.41999461871119165,4,-0.04399612773838372,-0.0648828323148664,0.3744667401394623,0.3273248686042678,0.4166666666666667,0.3333333333333333,291.1652000002505,1227.685300000303,2097.0,87.0,1.0,0.0,0.0,1.0
16,12,940016,R16-T12,100,2289b5174e20e9edb9c8c5f1,1,0,0,1.0,1.0,0.4233993121398469,0.41999461871119165,4,-0.04399612773838372,-0.0648828323148664,0.3744667401394623,0.3273248686042678,0.4166666666666667,0.3333333333333333,291.1652000002505,1170.4406999997445,2097.0,87.0,1.0,0.0,0.0,1.0
16,12,940016,R16-T12,200,2289b5174e20e9edb9c8c5f1,1,0,0,1.0,1.0,0.4233993121398469,0.41999461871119165,4,-0.04399612773838372,-0.0648828323148664,0.3744667401394623,0.3273248686042678,0.4166666666666667,0.3333333333333333,291.1652000002505,1201.8255999992107,2097.0,87.0,1.0,0.0,0.0,1.0
16,12,940016,R16-T12,500,2289b5174e20e9edb9c8c5f1,1,1,0,1.0,1.0,0.4233993121398469,0.41999461871119165,4,-0.04399612773838372,-0.0648828323148664,0.3744667401394623,0.3273248686042678,0.4166666666666667,0.3333333333333333,291.1652000002505,1198.345300001165,2097.0,87.0,1.0,0.0,0.0,1.0
16,12,940017,R16-T12,100,86666a9c582f60bade53517f,1,0,0,1.0,1.0,0.586145955010888,0.590370328773336,5,-0.04310742277422829,-0.054529389341655306,0.40000163449642084,0.3604599788420534,0.5,0.4166666666666667,413.58760000002803,1932.846800000334,2974.0,96.0,1.0,0.0,0.0,1.0
16,12,940017,R16-T12,200,86666a9c582f60bade53517f,1,0,0,1.0,1.0,0.586145955010888,0.590370328773336,5,-0.04310742277422829,-0.054529389341655306,0.40000163449642084,0.3604599788420534,0.5,0.4166666666666667,413.58760000002803,1868.8946999991458,2974.0,96.0,1.0,0.0,0.0,1.0
16,12,940017,R16-T12,500,86666a9c582f60bade53517f,1,1,0,1.0,1.0,0.586145955010888,0.590370328773336,5,-0.04310742277422829,-0.054529389341655306,0.40000163449642084,0.3604599788420534,0.5,0.4166666666666667,413.58760000002803,2122.484600000462,2974.0,96.0,1.0,0.0,0.0,1.0
16,12,940017,R16-T12,50,86666a9c582f60bade53517f,1,0,0,1.0,1.0,0.586145955010888,0.590370328773336,5,-0.04310742277422829,-0.054529389341655306,0.40000163449642084,0.3604599788420534,0.5,0.4166666666666667,413.58760000002803,2267.1956999984104,2974.0,96.0,1.0,0.0,0.0,1.0
16,12,940018,R16-T12,200,f907199125ccab859eb11c89,1,0,0,1.0,1.0,0.5846390890436559,0.5733306559875688,5,-0.041389158209284425,-0.0619758263395054,0.44719542279449265,0.35858204459912973,0.6666666666666666,0.4166666666666667,434.5307999992656,3074.331499999971,3104.0,97.0,1.0,0.0,0.0,1.0
16,12,940018,R16-T12,500,f907199125ccab859eb11c89,1,1,0,1.0,1.0,0.5846390890436559,0.5733306559875688,5,-0.041389158209284425,-0.0619758263395054,0.44719542279449265,0.35858204459912973,0.6666666666666666,0.4166666666666667,434.5307999992656,3010.8696999996027,3104.0,97.0,1.0,0.0,0.0,1.0
16,12,940018,R16-T12,50,f907199125ccab859eb11c89,1,0,0,1.0,1.0,0.5846390890436559,0.5733306559875688,5,-0.041389158209284425,-0.0619758263395054,0.44719542279449265,0.35858204459912973,0.6666666666666666,0.4166666666666667,434.5307999992656,3174.2090999996435,3104.0,97.0,1.0,0.0,0.0,1.0
16,12,940018,R16-T12,100,f907199125ccab859eb11c89,1,0,0,1.0,1.0,0.5846390890436559,0.5733306559875688,5,-0.041389158209284425,-0.0619758263395054,0.44719542279449265,0.35858204459912973,0.6666666666666666,0.4166666666666667,434.5307999992656,3223.2536999999866,3104.0,97.0,1.0,0.0,0.0,1.0
16,12,940019,R16-T12,500,6bdc9c6832dbc415068676d4,1,1,0,1.0,1.0,0.5994849051143585,0.6036267500207806,4,-0.031889036941495204,-0.059869466878637985,0.44722955723133273,0.3335850384178698,0.6666666666666666,0.3333333333333333,328.6021999992954,2788.637000001472,3159.0,96.0,1.0,0.0,0.0,1.0
16,12,940019,R16-T12,50,6bdc9c6832dbc415068676d4,1,0,0,1.0,1.0,0.5994849051143585,0.6036267500207806,4,-0.031889036941495204,-0.059869466878637985,0.44722955723133273,0.3335850384178698,0.6666666666666666,0.3333333333333333,328.6021999992954,2716.410900000483,3159.0,96.0,1.0,0.0,0.0,1.0
16,12,940019,R16-T12,100,6bdc9c6832dbc415068676d4,1,0,0,1.0,1.0,0.5994849051143585,0.6036267500207806,4,-0.031889036941495204,-0.059869466878637985,0.44722955723133273,0.3335850384178698,0.6666666666666666,0.3333333333333333,328.6021999992954,2918.1611000003613,3159.0,96.0,1.0,0.0,0.0,1.0
16,12,940019,R16-T12,200,6bdc9c6832dbc415068676d4,1,0,0,1.0,1.0,0.5994849051143585,0.6036267500207806,4,-0.031889036941495204,-0.059869466878637985,0.44722955723133273,0.3335850384178698,0.6666666666666666,0.3333333333333333,328.6021999992954,2889.5532000005915,3159.0,96.0,1.0,0.0,0.0,1.0
16,12,940020,R16-T12,50,603bb1697f2306df80f8eb6d,1,0,0,1.0,1.0,0.5186569522301642,0.5234168134671904,4,-0.015321215544469802,-0.04190795533093091,0.4494364856233406,0.3828026764984698,0.5833333333333334,0.4166666666666667,445.1117999997223,3755.443899999591,4061.0,120.0,1.0,0.0,0.0,1.0
16,12,940020,R16-T12,100,603bb1697f2306df80f8eb6d,1,0,0,1.0,1.0,0.5186569522301642,0.5234168134671904,4,-0.015321215544469802,-0.04190795533093091,0.4494364856233406,0.3828026764984698,0.5833333333333334,0.4166666666666667,445.1117999997223,3702.0088999997824,4061.0,120.0,1.0,0.0,0.0,1.0
16,12,940020,R16-T12,200,603bb1697f2306df80f8eb6d,1,0,0,1.0,1.0,0.5186569522301642,0.5234168134671904,4,-0.015321215544469802,-0.04190795533093091,0.4494364856233406,0.3828026764984698,0.5833333333333334,0.4166666666666667,445.1117999997223,3458.3993000014743,4061.0,120.0,1.0,0.0,0.0,1.0
16,12,940020,R16-T12,500,603bb1697f2306df80f8eb6d,1,1,0,1.0,1.0,0.5186569522301642,0.5234168134671904,4,-0.015321215544469802,-0.04190795533093091,0.4494364856233406,0.3828026764984698,0.5833333333333334,0.4166666666666667,445.1117999997223,3595.5864999996265,4061.0,120.0,1.0,0.0,0.0,1.0
16,12,940021,R16-T12,100,5935d4084dc4ed52ef948234,1,0,0,1.0,1.0,0.5306320810816542,0.5283378497749188,5,-0.061697012833577515,-0.06594926522218024,0.36369374106653996,0.35399588189487013,0.4166666666666667,0.4166666666666667,292.59540000020934,2409.195499998532,2988.0,84.0,1.0,0.0,0.0,1.0
16,12,940021,R16-T12,200,5935d4084dc4ed52ef948234,1,0,0,1.0,1.0,0.5306320810816542,0.5283378497749188,5,-0.061697012833577515,-0.06594926522218024,0.36369374106653996,0.35399588189487013,0.4166666666666667,0.4166666666666667,292.59540000020934,1978.6789000008866,2988.0,84.0,1.0,0.0,0.0,1.0
16,12,940021,R16-T12,500,5935d4084dc4ed52ef948234,1,1,0,1.0,1.0,0.5306320810816542,0.5283378497749188,5,-0.061697012833577515,-0.06594926522218024,0.36369374106653996,0.35399588189487013,0.4166666666666667,0.4166666666666667,292.59540000020934,2029.9708000002283,2988.0,84.0,1.0,0.0,0.0,1.0
16,12,940021,R16-T12,50,5935d4084dc4ed52ef948234,1,0,0,1.0,1.0,0.5306320810816542,0.5283378497749188,5,-0.061697012833577515,-0.06594926522218024,0.36369374106653996,0.35399588189487013,0.4166666666666667,0.4166666666666667,292.59540000020934,1974.1979999998875,2988.0,84.0,1.0,0.0,0.0,1.0
16,12,940022,R16-T12,200,1027aa3265a0a1fd353511ba,1,0,0,1.0,1.0,0.5203824526178994,0.5218142092104057,4,-0.062230571330707814,-0.07316171202536696,0.35094622968524686,0.31947170373989553,0.4166666666666667,0.3333333333333333,278.77059999991616,2140.963499999998,2774.0,87.0,1.0,0.0,0.0,1.0
16,12,940022,R16-T12,500,1027aa3265a0a1fd353511ba,1,1,0,1.0,1.0,0.5203824526178994,0.5218142092104057,4,-0.062230571330707814,-0.07316171202536696,0.35094622968524686,0.31947170373989553,0.4166666666666667,0.3333333333333333,278.77059999991616,2099.305400000958,2774.0,87.0,1.0,0.0,0.0,1.0
16,12,940022,R16-T12,50,1027aa3265a0a1fd353511ba,1,0,0,1.0,1.0,0.5203824526178994,0.5218142092104057,4,-0.062230571330707814,-0.07316171202536696,0.35094622968524686,0.31947170373989553,0.4166666666666667,0.3333333333333333,278.77059999991616,2143.0901999992784,2774.0,87.0,1.0,0.0,0.0,1.0
16,12,940022,R16-T12,100,1027aa3265a0a1fd353511ba,1,0,0,1.0,1.0,0.5203824526178994,0.5218142092104057,4,-0.062230571330707814,-0.07316171202536696,0.35094622968524686,0.31947170373989553,0.4166666666666667,0.3333333333333333,278.77059999991616,2054.186800000025,2774.0,87.0,1.0,0.0,0.0,1.0
16,12,940023,R16-T12,500,7b6892677e600a10f970fd4e,1,1,0,1.0,1.0,0.49909798188308674,0.4826949265679565,3,-0.07003707444059502,-0.08931089115934632,0.32021852765241315,0.2809776483188286,0.3333333333333333,0.25,266.1924000003637,1200.0290999985737,2008.0,73.0,1.0,0.0,0.0,1.0
16,12,940023,R16-T12,50,7b6892677e600a10f970fd4e,1,0,0,1.0,1.0,0.49909798188308674,0.4826949265679565,3,-0.07003707444059502,-0.08931089115934632,0.32021852765241315,0.2809776483188286,0.3333333333333333,0.25,266.1924000003637,1184.2384999999922,2008.0,73.0,1.0,0.0,0.0,1.0
16,12,940023,R16-T12,100,7b6892677e600a10f970fd4e,1,0,0,1.0,1.0,0.49909798188308674,0.4826949265679565,3,-0.07003707444059502,-0.08931089115934632,0.32021852765241315,0.2809776483188286,0.3333333333333333,0.25,266.1924000003637,1112.04220000036,2008.0,73.0,1.0,0.0,0.0,1.0
16,12,940023,R16-T12,200,7b6892677e600a10f970fd4e,1,0,0,1.0,1.0,0.49909798188308674,0.4826949265679565,3,-0.07003707444059502,-0.08931089115934632,0.32021852765241315,0.2809776483188286,0.3333333333333333,0.25,266.1924000003637,1160.9685999992507,2008.0,73.0,1.0,0.0,0.0,1.0
16,12,940024,R16-T12,50,3f63210285603cf740d22eaa,1,0,0,1.0,1.0,0.5181170614192236,0.5120838400301576,5,-0.040676660837286834,-0.0683376556962468,0.417666691114437,0.35291911175469676,0.5833333333333334,0.4166666666666667,294.50530000030994,2134.3503999996756,3077.0,98.0,1.0,0.0,0.0,1.0
16,12,940024,R16-T12,100,3f63210285603cf740d22eaa,1,0,0,1.0,1.0,0.5181170614192236,0.5120838400301576,5,-0.040676660837286834,-0.0683376556962468,0.417666691114437,0.35291911175469676,0.5833333333333334,0.4166666666666667,294.50530000030994,2072.793499999534,3077.0,98.0,1.0,0.0,0.0,1.0
16,12,940024,R16-T12,200,3f63210285603cf740d22eaa,1,0,0,1.0,1.0,0.5181170614192236,0.5120838400301576,5,-0.040676660837286834,-0.0683376556962468,0.417666691114437,0.35291911175469676,0.5833333333333334,0.4166666666666667,294.50530000030994,2131.982099999732,3077.0,98.0,1.0,0.0,0.0,1.0
16,12,940024,R16-T12,500,3f63210285603cf740d22eaa,1,1,0,1.0,1.0,0.5181170614192236,0.5120838400301576,5,-0.040676660837286834,-0.0683376556962468,0.417666691114437,0.35291911175469676,0.5833333333333334,0.4166666666666667,294.50530000030994,2081.4640000007785,3077.0,98.0,1.0,0.0,0.0,1.0
16,12,940025,R16-T12,100,404776dae3daacbfc363cdb3,1,0,0,1.0,1.0,0.5141989241924896,0.5271543815527044,3,-0.0903140104469084,-0.09168045148100772,0.3069339678765478,0.2769687282848505,0.3333333333333333,0.25,269.87170000029437,1334.4686000000365,1600.0,48.0,1.0,0.0,0.0,1.0
16,12,940025,R16-T12,200,404776dae3daacbfc363cdb3,1,0,0,1.0,1.0,0.5141989241924896,0.5271543815527044,3,-0.0903140104469084,-0.09168045148100772,0.3069339678765478,0.2769687282848505,0.3333333333333333,0.25,269.87170000029437,1238.5166000003665,1600.0,48.0,1.0,0.0,0.0,1.0
16,12,940025,R16-T12,500,404776dae3daacbfc363cdb3,1,1,0,1.0,1.0,0.5141989241924896,0.5271543815527044,3,-0.0903140104469084,-0.09168045148100772,0.3069339678765478,0.2769687282848505,0.3333333333333333,0.25,269.87170000029437,1243.4952999992674,1600.0,48.0,1.0,0.0,0.0,1.0
16,12,940025,R16-T12,50,404776dae3daacbfc363cdb3,1,0,0,1.0,1.0,0.5141989241924896,0.5271543815527044,3,-0.0903140104469084,-0.09168045148100772,0.3069339678765478,0.2769687282848505,0.3333333333333333,0.25,269.87170000029437,1247.4253999989742,1600.0,48.0,1.0,0.0,0.0,1.0
16,12,940026,R16-T12,200,132df35b5427b1266f7df274,1,0,0,1.0,1.0,0.4415578517922865,0.4336612559894424,4,-0.07311998042453789,-0.07607979127105824,0.3314113093388541,0.3153706614973214,0.3333333333333333,0.3333333333333333,265.7822999990458,1167.1286000000691,1437.0,48.0,1.0,0.0,0.0,1.0
16,12,940026,R16-T12,500,132df35b5427b1266f7df274,1,1,0,1.0,1.0,0.4415578517922865,0.4336612559894424,4,-0.07311998042453789,-0.07607979127105824,0.3314113093388541,0.3153706614973214,0.3333333333333333,0.3333333333333333,265.7822999990458,1196.4855999995052,1437.0,48.0,1.0,0.0,0.0,1.0
16,12,940026,R16-T12,50,132df35b5427b1266f7df274,1,0,0,1.0,1.0,0.4415578517922865,0.4336612559894424,4,-0.07311998042453789,-0.07607979127105824,0.3314113093388541,0.3153706614973214,0.3333333333333333,0.3333333333333333,265.7822999990458,1112.0815000012954,1437.0,48.0,1.0,0.0,0.0,1.0
16,12,940026,R16-T12,100,132df35b5427b1266f7df274,1,0,0,1.0,1.0,0.4415578517922865,0.4336612559894424,4,-0.07311998042453789,-0.07607979127105824,0.3314113093388541,0.3153706614973214,0.3333333333333333,0.3333333333333333,265.7822999990458,1101.94969999975,1437.0,48.0,1.0,0.0,0.0,1.0
16,12,940027,R16-T12,500,96254749ed5d2f34900f9f67,1,1,0,1.0,1.0,0.4964019579579562,0.48073477046721375,3,-0.006437240779508645,-0.06314802629694738,0.4332484094980576,0.30090457610425847,0.5833333333333334,0.25,311.2669000001915,2117.31619999955,2891.0,96.0,1.0,0.0,0.0,1.0
16,12,940027,R16-T12,50,96254749ed5d2f34900f9f67,1,0,0,1.0,1.0,0.4964019579579562,0.48073477046721375,3,-0.006437240779508645,-0.06314802629694738,0.4332484094980576,0.30090457610425847,0.5833333333333334,0.25,311.2669000001915,2055.3858000002947,2891.0,96.0,1.0,0.0,0.0,1.0
16,12,940027,R16-T12,100,96254749ed5d2f34900f9f67,1,0,0,1.0,1.0,0.4964019579579562,0.48073477046721375,3,-0.006437240779508645,-0.06314802629694738,0.4332484094980576,0.30090457610425847,0.5833333333333334,0.25,311.2669000001915,1993.7060000011115,2891.0,96.0,1.0,0.0,0.0,1.0
16,12,940027,R16-T12,200,96254749ed5d2f34900f9f67,1,0,0,1.0,1.0,0.4964019579579562,0.48073477046721375,3,-0.006437240779508645,-0.06314802629694738,0.4332484094980576,0.30090457610425847,0.5833333333333334,0.25,311.2669000001915,2086.006900000939,2891.0,96.0,1.0,0.0,0.0,1.0
16,12,940028,R16-T12,50,226b02eb0b11eb899a4ca0dd,1,0,0,1.0,1.0,0.5838382975784077,0.5905625126626887,6,-0.037050519380355196,-0.043981073788021026,0.4455113046274103,0.39913008644032977,0.6666666666666666,0.5,284.97539999989385,1682.703099999344,2505.0,99.0,1.0,0.0,0.0,1.0
16,12,940028,R16-T12,100,226b02eb0b11eb899a4ca0dd,1,0,0,1.0,1.0,0.5838382975784077,0.5905625126626887,6,-0.037050519380355196,-0.043981073788021026,0.4455113046274103,0.39913008644032977,0.6666666666666666,0.5,284.97539999989385,1728.1500000008236,2505.0,99.0,1.0,0.0,0.0,1.0
16,12,940028,R16-T12,200,226b02eb0b11eb899a4ca0dd,1,0,0,1.0,1.0,0.5838382975784077,0.5905625126626887,6,-0.037050519380355196,-0.043981073788021026,0.4455113046274103,0.39913008644032977,0.6666666666666666,0.5,284.97539999989385,1601.5513000002102,2505.0,99.0,1.0,0.0,0.0,1.0
16,12,940028,R16-T12,500,226b02eb0b11eb899a4ca0dd,1,1,0,1.0,1.0,0.5838382975784077,0.5905625126626887,6,-0.037050519380355196,-0.043981073788021026,0.4455113046274103,0.39913008644032977,0.6666666666666666,0.5,284.97539999989385,1652.6130000002013,2505.0,99.0,1.0,0.0,0.0,1.0
16,12,940029,R16-T12,100,2e3ce5440c5fba9fb778857c,1,0,0,1.0,1.0,0.5186085550917865,0.5057297121952511,5,-0.026958036843884436,-0.06105597470333027,0.42281664376400996,0.352676492551339,0.5833333333333334,0.4166666666666667,310.991099999228,2413.570400000026,3265.0,96.0,1.0,0.0,0.0,1.0
16,12,940029,R16-T12,200,2e3ce5440c5fba9fb778857c,1,0,0,1.0,1.0,0.5186085550917865,0.5057297121952511,5,-0.026958036843884436,-0.06105597470333027,0.42281664376400996,0.352676492551339,0.5833333333333334,0.4166666666666667,310.991099999228,2339.1503999991983,3265.0,96.0,1.0,0.0,0.0,1.0
16,12,940029,R16-T12,500,2e3ce5440c5fba9fb778857c,1,1,0,1.0,1.0,0.5186085550917865,0.5057297121952511,5,-0.026958036843884436,-0.06105597470333027,0.42281664376400996,0.352676492551339,0.5833333333333334,0.4166666666666667,310.991099999228,2317.69450000138,3265.0,96.0,1.0,0.0,0.0,1.0
16,12,940029,R16-T12,50,2e3ce5440c5fba9fb778857c,1,0,0,1.0,1.0,0.5186085550917865,0.5057297121952511,5,-0.026958036843884436,-0.06105597470333027,0.42281664376400996,0.352676492551339,0.5833333333333334,0.4166666666666667,310.991099999228,2309.1874000001553,3265.0,96.0,1.0,0.0,0.0,1.0
16,16,940000,R16-T16,50,7ef5ee3462196f20ed3f915d,1,0,0,1.0,1.0,0.4618450678223947,0.45898837260961844,6,-0.004740647902755149,-0.04935313334422502,0.4528612505191483,0.3437387705971056,0.6875,0.375,410.5914000010671,2874.3993999996746,4173.0,136.0,1.0,0.0,0.0,1.0
16,16,940000,R16-T16,100,7ef5ee3462196f20ed3f915d,1,0,0,1.0,1.0,0.4618450678223947,0.45898837260961844,6,-0.004740647902755149,-0.04935313334422502,0.4528612505191483,0.3437387705971056,0.6875,0.375,410.5914000010671,2770.042399999511,4173.0,136.0,1.0,0.0,0.0,1.0
16,16,940000,R16-T16,200,7ef5ee3462196f20ed3f915d,1,0,0,1.0,1.0,0.4618450678223947,0.45898837260961844,6,-0.004740647902755149,-0.04935313334422502,0.4528612505191483,0.3437387705971056,0.6875,0.375,410.5914000010671,2828.819599999406,4173.0,136.0,1.0,0.0,0.0,1.0
16,16,940000,R16-T16,500,7ef5ee3462196f20ed3f915d,1,1,0,1.0,1.0,0.4618450678223947,0.45898837260961844,6,-0.004740647902755149,-0.04935313334422502,0.4528612505191483,0.3437387705971056,0.6875,0.375,410.5914000010671,2787.9129000011744,4173.0,136.0,1.0,0.0,0.0,1.0
16,16,940001,R16-T16,100,9e8c15286b2dcca5e43847e7,1,0,0,1.0,1.0,0.5906128635194289,0.57363244546175,6,-0.047701711161931594,-0.06428580022351982,0.3796094204788987,0.32954024307964586,0.5,0.375,358.4554000008211,1606.8685000009282,2545.0,123.0,1.0,0.0,0.0,1.0
16,16,940001,R16-T16,200,9e8c15286b2dcca5e43847e7,1,0,0,1.0,1.0,0.5906128635194289,0.57363244546175,6,-0.047701711161931594,-0.06428580022351982,0.3796094204788987,0.32954024307964586,0.5,0.375,358.4554000008211,1494.1835000008723,2545.0,123.0,1.0,0.0,0.0,1.0
16,16,940001,R16-T16,500,9e8c15286b2dcca5e43847e7,1,1,0,1.0,1.0,0.5906128635194289,0.57363244546175,6,-0.047701711161931594,-0.06428580022351982,0.3796094204788987,0.32954024307964586,0.5,0.375,358.4554000008211,1523.861300000135,2545.0,123.0,1.0,0.0,0.0,1.0
16,16,940001,R16-T16,50,9e8c15286b2dcca5e43847e7,1,0,0,1.0,1.0,0.5906128635194289,0.57363244546175,6,-0.047701711161931594,-0.06428580022351982,0.3796094204788987,0.32954024307964586,0.5,0.375,358.4554000008211,1496.2284000012005,2545.0,123.0,1.0,0.0,0.0,1.0
16,16,940002,R16-T16,200,44d2a801806089db13b520ef,1,0,0,1.0,1.0,0.6071720941923819,0.6081660871953768,8,-0.04584036290811461,-0.06176831394330071,0.42327140779482464,0.37038569786022096,0.6875,0.5,414.90130000056524,4065.585500000452,5579.0,144.0,1.0,0.0,0.0,1.0
16,16,940002,R16-T16,500,44d2a801806089db13b520ef,1,1,0,1.0,1.0,0.6071720941923819,0.6081660871953768,8,-0.04584036290811461,-0.06176831394330071,0.42327140779482464,0.37038569786022096,0.6875,0.5,414.90130000056524,3969.2009999998845,5579.0,144.0,1.0,0.0,0.0,1.0
16,16,940002,R16-T16,50,44d2a801806089db13b520ef,1,0,0,1.0,1.0,0.6071720941923819,0.6081660871953768,8,-0.04584036290811461,-0.06176831394330071,0.42327140779482464,0.37038569786022096,0.6875,0.5,414.90130000056524,3977.6320999990276,5579.0,144.0,1.0,0.0,0.0,1.0
16,16,940002,R16-T16,100,44d2a801806089db13b520ef,1,0,0,1.0,1.0,0.6071720941923819,0.6081660871953768,8,-0.04584036290811461,-0.06176831394330071,0.42327140779482464,0.37038569786022096,0.6875,0.5,414.90130000056524,3938.5803999994096,5579.0,144.0,1.0,0.0,0.0,1.0
16,16,940003,R16-T16,500,8325728175b67454ab958980,1,1,0,1.0,1.0,0.577183103982547,0.5803005701366161,5,-0.0518280248255623,-0.06261008992677672,0.39495168500942385,0.30944404542235576,0.5625,0.3125,369.35280000034254,2644.6735999998054,4124.0,163.0,1.0,0.0,0.0,1.0
16,16,940003,R16-T16,50,8325728175b67454ab958980,1,0,0,1.0,1.0,0.577183103982547,0.5803005701366161,5,-0.0518280248255623,-0.06261008992677672,0.39495168500942385,0.30944404542235576,0.5625,0.3125,369.35280000034254,2625.1676000010775,4124.0,163.0,1.0,0.0,0.0,1.0
16,16,940003,R16-T16,100,8325728175b67454ab958980,1,0,0,1.0,1.0,0.577183103982547,0.5803005701366161,5,-0.0518280248255623,-0.06261008992677672,0.39495168500942385,0.30944404542235576,0.5625,0.3125,369.35280000034254,2587.845699999889,4124.0,163.0,1.0,0.0,0.0,1.0
16,16,940003,R16-T16,200,8325728175b67454ab958980,1,0,0,1.0,1.0,0.577183103982547,0.5803005701366161,5,-0.0518280248255623,-0.06261008992677672,0.39495168500942385,0.30944404542235576,0.5625,0.3125,369.35280000034254,2558.349000000817,4124.0,163.0,1.0,0.0,0.0,1.0
16,16,940004,R16-T16,50,b59dcec22deadd5edc5a063d,1,0,0,1.0,1.0,0.5298686260110813,0.5119259372553142,6,-0.034343332429396765,-0.054286480821487064,0.40389360374091077,0.3340344070983041,0.5625,0.375,386.69759999902453,2467.1034999992116,3968.0,143.0,1.0,0.0,0.0,1.0
16,16,940004,R16-T16,100,b59dcec22deadd5edc5a063d,1,0,0,1.0,1.0,0.5298686260110813,0.5119259372553142,6,-0.034343332429396765,-0.054286480821487064,0.40389360374091077,0.3340344070983041,0.5625,0.375,386.69759999902453,2411.9469999986904,3968.0,143.0,1.0,0.0,0.0,1.0
16,16,940004,R16-T16,200,b59dcec22deadd5edc5a063d,1,0,0,1.0,1.0,0.5298686260110813,0.5119259372553142,6,-0.034343332429396765,-0.054286480821487064,0.40389360374091077,0.3340344070983041,0.5625,0.375,386.69759999902453,2329.6809000003122,3968.0,143.0,1.0,0.0,0.0,1.0
16,16,940004,R16-T16,500,b59dcec22deadd5edc5a063d,1,1,0,1.0,1.0,0.5298686260110813,0.5119259372553142,6,-0.034343332429396765,-0.054286480821487064,0.40389360374091077,0.3340344070983041,0.5625,0.375,386.69759999902453,2357.392699999764,3968.0,143.0,1.0,0.0,0.0,1.0
16,16,940005,R16-T16,100,be5b7e74bdb087e67bb5b319,1,0,0,1.0,1.0,0.569830045485064,0.5392501234035858,5,-0.05693095318463494,-0.07391635419329023,0.36153065117037075,0.30470749980175604,0.4375,0.3125,370.00519999855896,1984.514699999636,2445.0,96.0,1.0,0.0,0.0,1.0
16,16,940005,R16-T16,200,be5b7e74bdb087e67bb5b319,1,0,0,1.0,1.0,0.569830045485064,0.5392501234035858,5,-0.05693095318463494,-0.07391635419329023,0.36153065117037075,0.30470749980175604,0.4375,0.3125,370.00519999855896,1865.622400000575,2445.0,96.0,1.0,0.0,0.0,1.0
16,16,940005,R16-T16,500,be5b7e74bdb087e67bb5b319,1,1,0,1.0,1.0,0.569830045485064,0.5392501234035858,5,-0.05693095318463494,-0.07391635419329023,0.36153065117037075,0.30470749980175604,0.4375,0.3125,370.00519999855896,1892.4594999989495,2445.0,96.0,1.0,0.0,0.0,1.0
16,16,940005,R16-T16,50,be5b7e74bdb087e67bb5b319,1,0,0,1.0,1.0,0.569830045485064,0.5392501234035858,5,-0.05693095318463494,-0.07391635419329023,0.36153065117037075,0.30470749980175604,0.4375,0.3125,370.00519999855896,1851.5151999999944,2445.0,96.0,1.0,0.0,0.0,1.0
16,16,940006,R16-T16,200,4691037a6171731f7ea0ef0b,1,0,0,1.0,1.0,0.49732773900336624,0.4959574740963933,5,-0.06100777028477805,-0.06985017288533132,0.3476240829343633,0.3079290525383186,0.4375,0.3125,386.0080000013113,2595.6112000003486,3825.0,132.0,1.0,0.0,0.0,1.0
16,16,940006,R16-T16,500,4691037a6171731f7ea0ef0b,1,1,0,1.0,1.0,0.49732773900336624,0.4959574740963933,5,-0.06100777028477805,-0.06985017288533132,0.3476240829343633,0.3079290525383186,0.4375,0.3125,386.0080000013113,2522.2611999997753,3825.0,132.0,1.0,0.0,0.0,1.0
16,16,940006,R16-T16,50,4691037a6171731f7ea0ef0b,1,0,0,1.0,1.0,0.49732773900336624,0.4959574740963933,5,-0.06100777028477805,-0.06985017288533132,0.3476240829343633,0.3079290525383186,0.4375,0.3125,386.0080000013113,2504.7833999997238,3825.0,132.0,1.0,0.0,0.0,1.0
16,16,940006,R16-T16,100,4691037a6171731f7ea0ef0b,1,0,0,1.0,1.0,0.49732773900336624,0.4959574740963933,5,-0.06100777028477805,-0.06985017288533132,0.3476240829343633,0.3079290525383186,0.4375,0.3125,386.0080000013113,2466.280000000552,3825.0,132.0,1.0,0.0,0.0,1.0
16,16,940007,R16-T16,500,57cef98e77cb76ad7887dfa5,1,1,0,1.0,1.0,0.5912371986854084,0.5759477414902208,5,-0.03861618056664813,-0.07799298005322287,0.38141771566066884,0.3025277802513469,0.5,0.3125,395.48199999990175,3080.9827000011865,4522.0,120.0,1.0,0.0,0.0,1.0
16,16,940007,R16-T16,50,57cef98e77cb76ad7887dfa5,1,0,0,1.0,1.0,0.5912371986854084,0.5759477414902208,5,-0.03861618056664813,-0.07799298005322287,0.38141771566066884,0.3025277802513469,0.5,0.3125,395.48199999990175,3091.1379999997735,4522.0,120.0,1.0,0.0,0.0,1.0
16,16,940007,R16-T16,100,57cef98e77cb76ad7887dfa5,1,0,0,1.0,1.0,0.5912371986854084,0.5759477414902208,5,-0.03861618056664813,-0.07799298005322287,0.38141771566066884,0.3025277802513469,0.5,0.3125,395.48199999990175,3108.0982999992557,4522.0,120.0,1.0,0.0,0.0,1.0
16,16,940007,R16-T16,200,57cef98e77cb76ad7887dfa5,1,0,0,1.0,1.0,0.5912371986854084,0.5759477414902208,5,-0.03861618056664813,-0.07799298005322287,0.38141771566066884,0.3025277802513469,0.5,0.3125,395.48199999990175,3013.672499999302,4522.0,120.0,1.0,0.0,0.0,1.0
16,16,940008,R16-T16,50,27c8acc4c9b56a1b42d79dc0,1,0,0,1.0,1.0,0.5482971193214367,0.5407973997006185,6,-0.04945761614905978,-0.0639769371130881,0.3957154243535718,0.3292456098727513,0.5625,0.375,411.43879999981436,4282.524300000659,6053.0,156.0,1.0,0.0,0.0,1.0
16,16,940008,R16-T16,100,27c8acc4c9b56a1b42d79dc0,1,0,0,1.0,1.0,0.5482971193214367,0.5407973997006185,6,-0.04945761614905978,-0.0639769371130881,0.3957154243535718,0.3292456098727513,0.5625,0.375,411.43879999981436,4092.6443000007566,6053.0,156.0,1.0,0.0,0.0,1.0
16,16,940008,R16-T16,200,27c8acc4c9b56a1b42d79dc0,1,0,0,1.0,1.0,0.5482971193214367,0.5407973997006185,6,-0.04945761614905978,-0.0639769371130881,0.3957154243535718,0.3292456098727513,0.5625,0.375,411.43879999981436,4092.7915000011126,6053.0,156.0,1.0,0.0,0.0,1.0
16,16,940008,R16-T16,500,27c8acc4c9b56a1b42d79dc0,1,1,0,1.0,1.0,0.5482971193214367,0.5407973997006185,6,-0.04945761614905978,-0.0639769371130881,0.3957154243535718,0.3292456098727513,0.5625,0.375,411.43879999981436,4192.266100000779,6053.0,156.0,1.0,0.0,0.0,1.0
16,16,940009,R16-T16,100,9437168b366e49ac9f765f17,1,0,0,1.0,1.0,0.5324111861686992,0.49562419649236644,6,-0.03594191475021888,-0.0557374592513754,0.4110426524160932,0.33843265033911407,0.5625,0.375,435.7648999994126,3341.2153999997827,4953.0,132.0,1.0,0.0,0.0,1.0
16,16,940009,R16-T16,200,9437168b366e49ac9f765f17,1,0,0,1.0,1.0,0.5324111861686992,0.49562419649236644,6,-0.03594191475021888,-0.0557374592513754,0.4110426524160932,0.33843265033911407,0.5625,0.375,435.7648999994126,3234.6870999990642,4953.0,132.0,1.0,0.0,0.0,1.0
16,16,940009,R16-T16,500,9437168b366e49ac9f765f17,1,1,0,1.0,1.0,0.5324111861686992,0.49562419649236644,6,-0.03594191475021888,-0.0557374592513754,0.4110426524160932,0.33843265033911407,0.5625,0.375,435.7648999994126,3244.666500000676,4953.0,132.0,1.0,0.0,0.0,1.0
16,16,940009,R16-T16,50,9437168b366e49ac9f765f17,1,0,0,1.0,1.0,0.5324111861686992,0.49562419649236644,6,-0.03594191475021888,-0.0557374592513754,0.4110426524160932,0.33843265033911407,0.5625,0.375,435.7648999994126,3250.2105999992636,4953.0,132.0,1.0,0.0,0.0,1.0
16,16,940010,R16-T16,200,8395b9b86fd95484dc0f07b1,1,0,0,1.0,1.0,0.5677432286533303,0.5387897210072269,4,-0.04124153142083754,-0.07163617211856689,0.3849663753716347,0.29049585797481225,0.5,0.25,408.94759999901,4280.6669999990845,5345.0,132.0,1.0,0.0,0.0,1.0
16,16,940010,R16-T16,500,8395b9b86fd95484dc0f07b1,1,1,0,1.0,1.0,0.5677432286533303,0.5387897210072269,4,-0.04124153142083754,-0.07163617211856689,0.3849663753716347,0.29049585797481225,0.5,0.25,408.94759999901,4058.238599998731,5345.0,132.0,1.0,0.0,0.0,1.0
16,16,940010,R16-T16,50,8395b9b86fd95484dc0f07b1,1,0,0,1.0,1.0,0.5677432286533303,0.5387897210072269,4,-0.04124153142083754,-0.07163617211856689,0.3849663753716347,0.29049585797481225,0.5,0.25,408.94759999901,4073.045099999945,5345.0,132.0,1.0,0.0,0.0,1.0
16,16,940010,R16-T16,100,8395b9b86fd95484dc0f07b1,1,0,0,1.0,1.0,0.5677432286533303,0.5387897210072269,4,-0.04124153142083754,-0.07163617211856689,0.3849663753716347,0.29049585797481225,0.5,0.25,408.94759999901,4038.9332000013383,5345.0,132.0,1.0,0.0,0.0,1.0
16,16,940011,R16-T16,500,ac17cce79a7b7860a8530010,1,1,0,1.0,1.0,0.623636715814714,0.6094987897353444,6,-0.04963218417171878,-0.07088631460856543,0.4064923205346183,0.3306556572597512,0.625,0.375,386.2511000006634,2669.0005000000383,3728.0,127.0,1.0,0.0,0.0,1.0
16,16,940011,R16-T16,50,ac17cce79a7b7860a8530010,1,0,0,1.0,1.0,0.623636715814714,0.6094987897353444,6,-0.04963218417171878,-0.07088631460856543,0.4064923205346183,0.3306556572597512,0.625,0.375,386.2511000006634,2506.088299998737,3728.0,127.0,1.0,0.0,0.0,1.0
16,16,940011,R16-T16,100,ac17cce79a7b7860a8530010,1,0,0,1.0,1.0,0.623636715814714,0.6094987897353444,6,-0.04963218417171878,-0.07088631460856543,0.4064923205346183,0.3306556572597512,0.625,0.375,386.2511000006634,2481.0477000009996,3728.0,127.0,1.0,0.0,0.0,1.0
16,16,940011,R16-T16,200,ac17cce79a7b7860a8530010,1,0,0,1.0,1.0,0.623636715814714,0.6094987897353444,6,-0.04963218417171878,-0.07088631460856543,0.4064923205346183,0.3306556572597512,0.625,0.375,386.2511000006634,2513.0122999999003,3728.0,127.0,1.0,0.0,0.0,1.0
16,16,940012,R16-T16,50,9c2b83c33961461d9faad68a,1,0,0,1.0,1.0,0.605335431229817,0.5903686434527152,5,-0.04332086759566936,-0.05745835622467919,0.4095941948682758,0.32358406023973063,0.5625,0.3125,378.76970000070287,2685.8955999996397,3856.0,121.0,1.0,0.0,0.0,1.0
16,16,940012,R16-T16,100,9c2b83c33961461d9faad68a,1,0,0,1.0,1.0,0.605335431229817,0.5903686434527152,5,-0.04332086759566936,-0.05745835622467919,0.4095941948682758,0.32358406023973063,0.5625,0.3125,378.76970000070287,2612.5936999997066,3856.0,121.0,1.0,0.0,0.0,1.0
16,16,940012,R16-T16,200,9c2b83c33961461d9faad68a,1,0,0,1.0,1.0,0.605335431229817,0.5903686434527152,5,-0.04332086759566936,-0.05745835622467919,0.4095941948682758,0.32358406023973063,0.5625,0.3125,378.76970000070287,2634.9090000003343,3856.0,121.0,1.0,0.0,0.0,1.0
16,16,940012,R16-T16,500,9c2b83c33961461d9faad68a,1,1,0,1.0,1.0,0.605335431229817,0.5903686434527152,5,-0.04332086759566936,-0.05745835622467919,0.4095941948682758,0.32358406023973063,0.5625,0.3125,378.76970000070287,2598.819699998785,3856.0,121.0,1.0,0.0,0.0,1.0
16,16,940013,R16-T16,100,27229384fe1da45bbe6b8ac2,1,0,0,1.0,1.0,0.5735365268694396,0.5673485049416305,5,-0.045593177778666,-0.07530331307780108,0.3767751304270992,0.30475074242257033,0.5,0.3125,354.5064999998431,1870.985200001087,2692.0,111.0,1.0,0.0,0.0,1.0
16,16,940013,R16-T16,200,27229384fe1da45bbe6b8ac2,1,0,0,1.0,1.0,0.5735365268694396,0.5673485049416305,5,-0.045593177778666,-0.07530331307780108,0.3767751304270992,0.30475074242257033,0.5,0.3125,354.5064999998431,2046.3073999999324,2692.0,111.0,1.0,0.0,0.0,1.0
16,16,940013,R16-T16,500,27229384fe1da45bbe6b8ac2,1,1,0,1.0,1.0,0.5735365268694396,0.5673485049416305,5,-0.045593177778666,-0.07530331307780108,0.3767751304270992,0.30475074242257033,0.5,0.3125,354.5064999998431,1739.6296999995684,2692.0,111.0,1.0,0.0,0.0,1.0
16,16,940013,R16-T16,50,27229384fe1da45bbe6b8ac2,1,0,0,1.0,1.0,0.5735365268694396,0.5673485049416305,5,-0.045593177778666,-0.07530331307780108,0.3767751304270992,0.30475074242257033,0.5,0.3125,354.5064999998431,1779.1942000003473,2692.0,111.0,1.0,0.0,0.0,1.0
16,16,940014,R16-T16,200,d54bb8c39adc768a65162a19,1,0,0,1.0,1.0,0.5594354196087965,0.5795172185373659,4,-0.06981795239406997,-0.07395179478418332,0.31652116638316263,0.29465457809775114,0.3125,0.25,368.5823000014352,2311.3312999994378,3093.0,91.0,1.0,0.0,0.0,1.0
16,16,940014,R16-T16,500,d54bb8c39adc768a65162a19,1,1,0,1.0,1.0,0.5594354196087965,0.5795172185373659,4,-0.06981795239406997,-0.07395179478418332,0.31652116638316263,0.29465457809775114,0.3125,0.25,368.5823000014352,2188.6709999998857,3093.0,91.0,1.0,0.0,0.0,1.0
16,16,940014,R16-T16,50,d54bb8c39adc768a65162a19,1,0,0,1.0,1.0,0.5594354196087965,0.5795172185373659,4,-0.06981795239406997,-0.07395179478418332,0.31652116638316263,0.29465457809775114,0.3125,0.25,368.5823000014352,2172.47160000079,3093.0,91.0,1.0,0.0,0.0,1.0
16,16,940014,R16-T16,100,d54bb8c39adc768a65162a19,1,0,0,1.0,1.0,0.5594354196087965,0.5795172185373659,4,-0.06981795239406997,-0.07395179478418332,0.31652116638316263,0.29465457809775114,0.3125,0.25,368.5823000014352,2165.3102000000217,3093.0,91.0,1.0,0.0,0.0,1.0
16,16,940015,R16-T16,500,0dfe9cdc0af6f3b58d15e936,1,1,0,1.0,1.0,0.6051710596655971,0.5758909644797777,6,-0.020752995727637558,-0.06783761525167327,0.4385890180691496,0.33182148520606136,0.6875,0.375,457.2678000004089,3431.587099999888,4867.0,144.0,1.0,0.0,0.0,1.0
16,16,940015,R16-T16,50,0dfe9cdc0af6f3b58d15e936,1,0,0,1.0,1.0,0.6051710596655971,0.5758909644797777,6,-0.020752995727637558,-0.06783761525167327,0.4385890180691496,0.33182148520606136,0.6875,0.375,457.2678000004089,3314.322099999117,4867.0,144.0,1.0,0.0,0.0,1.0
16,16,940015,R16-T16,100,0dfe9cdc0af6f3b58d15e936,1,0,0,1.0,1.0,0.6051710596655971,0.5758909644797777,6,-0.020752995727637558,-0.06783761525167327,0.4385890180691496,0.33182148520606136,0.6875,0.375,457.2678000004089,3290.3913000009197,4867.0,144.0,1.0,0.0,0.0,1.0
16,16,940015,R16-T16,200,0dfe9cdc0af6f3b58d15e936,1,0,0,1.0,1.0,0.6051710596655971,0.5758909644797777,6,-0.020752995727637558,-0.06783761525167327,0.4385890180691496,0.33182148520606136,0.6875,0.375,457.2678000004089,3279.8657000003004,4867.0,144.0,1.0,0.0,0.0,1.0
16,16,940016,R16-T16,50,98698b2c9b040c0eb8309632,1,0,0,1.0,1.0,0.4865874245406687,0.46762803825787663,4,-0.03542806325060402,-0.07362408897022735,0.37590024464815047,0.28764002515444187,0.4375,0.25,377.7812999996968,1588.7345999999525,2914.0,123.0,1.0,0.0,0.0,1.0
16,16,940016,R16-T16,100,98698b2c9b040c0eb8309632,1,0,0,1.0,1.0,0.4865874245406687,0.46762803825787663,4,-0.03542806325060402,-0.07362408897022735,0.37590024464815047,0.28764002515444187,0.4375,0.25,377.7812999996968,1574.7597999998106,2914.0,123.0,1.0,0.0,0.0,1.0
16,16,940016,R16-T16,200,98698b2c9b040c0eb8309632,1,0,0,1.0,1.0,0.4865874245406687,0.46762803825787663,4,-0.03542806325060402,-0.07362408897022735,0.37590024464815047,0.28764002515444187,0.4375,0.25,377.7812999996968,1512.0306000007986,2914.0,123.0,1.0,0.0,0.0,1.0
16,16,940016,R16-T16,500,98698b2c9b040c0eb8309632,1,1,0,1.0,1.0,0.4865874245406687,0.46762803825787663,4,-0.03542806325060402,-0.07362408897022735,0.37590024464815047,0.28764002515444187,0.4375,0.25,377.7812999996968,1599.662200000239,2914.0,123.0,1.0,0.0,0.0,1.0
16,16,940017,R16-T16,100,8dae6deccc25adfab8422e00,1,0,0,1.0,1.0,0.5707656257303152,0.5663096447613564,6,-0.04822332603337015,-0.060765534971736264,0.3708027441579938,0.330218601505381,0.4375,0.375,390.53770000100485,2624.8870999988867,3670.0,108.0,1.0,0.0,0.0,1.0
16,16,940017,R16-T16,200,8dae6deccc25adfab8422e00,1,0,0,1.0,1.0,0.5707656257303152,0.5663096447613564,6,-0.04822332603337015,-0.060765534971736264,0.3708027441579938,0.330218601505381,0.4375,0.375,390.53770000100485,2707.1651999995083,3670.0,108.0,1.0,0.0,0.0,1.0
16,16,940017,R16-T16,500,8dae6deccc25adfab8422e00,1,1,0,1.0,1.0,0.5707656257303152,0.5663096447613564,6,-0.04822332603337015,-0.060765534971736264,0.3708027441579938,0.330218601505381,0.4375,0.375,390.53770000100485,3172.208899999532,3670.0,108.0,1.0,0.0,0.0,1.0
16,16,940017,R16-T16,50,8dae6deccc25adfab8422e00,1,0,0,1.0,1.0,0.5707656257303152,0.5663096447613564,6,-0.04822332603337015,-0.060765534971736264,0.3708027441579938,0.330218601505381,0.4375,0.375,390.53770000100485,2577.7648000002955,3670.0,108.0,1.0,0.0,0.0,1.0
16,16,940018,R16-T16,200,3c05c00c61cacb142ed16ae1,1,0,0,1.0,1.0,0.532223389360144,0.5111770658782373,5,-0.0340010907872865,-0.05967483081222474,0.3950680660211859,0.33146083788835856,0.5,0.375,414.238800000021,3374.006299998655,4366.0,133.0,1.0,0.0,0.0,1.0
16,16,940018,R16-T16,500,3c05c00c61cacb142ed16ae1,1,1,0,1.0,1.0,0.532223389360144,0.5111770658782373,5,-0.0340010907872865,-0.05967483081222474,0.3950680660211859,0.33146083788835856,0.5,0.375,414.238800000021,3409.62479999871,4366.0,133.0,1.0,0.0,0.0,1.0
16,16,940018,R16-T16,50,3c05c00c61cacb142ed16ae1,1,0,0,1.0,1.0,0.532223389360144,0.5111770658782373,5,-0.0340010907872865,-0.05967483081222474,0.3950680660211859,0.33146083788835856,0.5,0.375,414.238800000021,3505.79210000069,4366.0,133.0,1.0,0.0,0.0,1.0
16,16,940018,R16-T16,100,3c05c00c61cacb142ed16ae1,1,0,0,1.0,1.0,0.532223389360144,0.5111770658782373,5,-0.0340010907872865,-0.05967483081222474,0.3950680660211859,0.33146083788835856,0.5,0.375,414.238800000021,3713.2486999998946,4366.0,133.0,1.0,0.0,0.0,1.0
16,16,940019,R16-T16,500,f6859ee3f7342bee7f393684,1,1,0,1.0,1.0,0.5726557462113923,0.5915910577220921,4,-0.04588435947440167,-0.07286118375593645,0.3780262226339841,0.2904918976224174,0.5,0.25,384.4872999998188,3066.4259000004677,3874.0,126.0,1.0,0.0,0.0,1.0
16,16,940019,R16-T16,50,f6859ee3f7342bee7f393684,1,0,0,1.0,1.0,0.5726557462113923,0.5915910577220921,4,-0.04588435947440167,-0.07286118375593645,0.3780262226339841,0.2904918976224174,0.5,0.25,384.4872999998188,2769.9668999994174,3874.0,126.0,1.0,0.0,0.0,1.0
16,16,940019,R16-T16,100,f6859ee3f7342bee7f393684,1,0,0,1.0,1.0,0.5726557462113923,0.5915910577220921,4,-0.04588435947440167,-0.07286118375593645,0.3780262226339841,0.2904918976224174,0.5,0.25,384.4872999998188,2719.214300001113,3874.0,126.0,1.0,0.0,0.0,1.0
16,16,940019,R16-T16,200,f6859ee3f7342bee7f393684,1,0,0,1.0,1.0,0.5726557462113923,0.5915910577220921,4,-0.04588435947440167,-0.07286118375593645,0.3780262226339841,0.2904918976224174,0.5,0.25,384.4872999998188,2738.1724000006216,3874.0,126.0,1.0,0.0,0.0,1.0
16,16,940020,R16-T16,50,27a49dd577a214b709516f7f,1,0,0,1.0,1.0,0.5119033528207233,0.5147758282179097,5,-0.02428768317027697,-0.056204410594223646,0.40134283829950135,0.34763143254088913,0.5,0.375,405.2238000003854,3034.090600000127,4548.0,155.0,1.0,0.0,0.0,1.0
16,16,940020,R16-T16,100,27a49dd577a214b709516f7f,1,0,0,1.0,1.0,0.5119033528207233,0.5147758282179097,5,-0.02428768317027697,-0.056204410594223646,0.40134283829950135,0.34763143254088913,0.5,0.375,405.2238000003854,2939.2119999993156,4548.0,155.0,1.0,0.0,0.0,1.0
16,16,940020,R16-T16,200,27a49dd577a214b709516f7f,1,0,0,1.0,1.0,0.5119033528207233,0.5147758282179097,5,-0.02428768317027697,-0.056204410594223646,0.40134283829950135,0.34763143254088913,0.5,0.375,405.2238000003854,2956.2566000004153,4548.0,155.0,1.0,0.0,0.0,1.0
16,16,940020,R16-T16,500,27a49dd577a214b709516f7f,1,1,0,1.0,1.0,0.5119033528207233,0.5147758282179097,5,-0.02428768317027697,-0.056204410594223646,0.40134283829950135,0.34763143254088913,0.5,0.375,405.2238000003854,2951.301799999783,4548.0,155.0,1.0,0.0,0.0,1.0
16,16,940021,R16-T16,100,c59bb58d00f0e13f0baef9a9,1,0,0,1.0,1.0,0.5577777323461939,0.5243025736544675,5,-0.06264609923880525,-0.06828845799930688,0.33497888472512866,0.31138538304580327,0.375,0.3125,410.0091000000248,2794.4535999995423,3930.0,120.0,1.0,0.0,0.0,1.0
16,16,940021,R16-T16,200,c59bb58d00f0e13f0baef9a9,1,0,0,1.0,1.0,0.5577777323461939,0.5243025736544675,5,-0.06264609923880525,-0.06828845799930688,0.33497888472512866,0.31138538304580327,0.375,0.3125,410.0091000000248,2700.0883000000613,3930.0,120.0,1.0,0.0,0.0,1.0
16,16,940021,R16-T16,500,c59bb58d00f0e13f0baef9a9,1,1,0,1.0,1.0,0.5577777323461939,0.5243025736544675,5,-0.06264609923880525,-0.06828845799930688,0.33497888472512866,0.31138538304580327,0.375,0.3125,410.0091000000248,2742.6391999997577,3930.0,120.0,1.0,0.0,0.0,1.0
16,16,940021,R16-T16,50,c59bb58d00f0e13f0baef9a9,1,0,0,1.0,1.0,0.5577777323461939,0.5243025736544675,5,-0.06264609923880525,-0.06828845799930688,0.33497888472512866,0.31138538304580327,0.375,0.3125,410.0091000000248,2656.75949999968,3930.0,120.0,1.0,0.0,0.0,1.0
16,16,940022,R16-T16,200,58a4d24f0135e5d6422634fe,1,0,0,1.0,1.0,0.5547278268971703,0.554875783303466,4,-0.0773036098183444,-0.09292251714900729,0.31652139945776414,0.27416265089051806,0.375,0.25,360.47320000034233,2305.188399999679,2943.0,100.0,1.0,0.0,0.0,1.0
16,16,940022,R16-T16,500,58a4d24f0135e5d6422634fe,1,1,0,1.0,1.0,0.5547278268971703,0.554875783303466,4,-0.0773036098183444,-0.09292251714900729,0.31652139945776414,0.27416265089051806,0.375,0.25,360.47320000034233,2206.9757000008394,2943.0,100.0,1.0,0.0,0.0,1.0
16,16,940022,R16-T16,50,58a4d24f0135e5d6422634fe,1,0,0,1.0,1.0,0.5547278268971703,0.554875783303466,4,-0.0773036098183444,-0.09292251714900729,0.31652139945776414,0.27416265089051806,0.375,0.25,360.47320000034233,2238.231999999698,2943.0,100.0,1.0,0.0,0.0,1.0
16,16,940022,R16-T16,100,58a4d24f0135e5d6422634fe,1,0,0,1.0,1.0,0.5547278268971703,0.554875783303466,4,-0.0773036098183444,-0.09292251714900729,0.31652139945776414,0.27416265089051806,0.375,0.25,360.47320000034233,2135.39370000035,2943.0,100.0,1.0,0.0,0.0,1.0
16,16,940023,R16-T16,500,3e891598a1beaf853265519a,1,1,0,1.0,1.0,0.5773141100609174,0.5421156921551197,4,-0.07385081135348356,-0.08826391884337134,0.31113244249281574,0.27614617463600616,0.3125,0.25,384.7241000003123,1423.5109000001103,2481.0,97.0,1.0,0.0,0.0,1.0
16,16,940023,R16-T16,50,3e891598a1beaf853265519a,1,0,0,1.0,1.0,0.5773141100609174,0.5421156921551197,4,-0.07385081135348356,-0.08826391884337134,0.31113244249281574,0.27614617463600616,0.3125,0.25,384.7241000003123,1331.1407000001054,2481.0,97.0,1.0,0.0,0.0,1.0
16,16,940023,R16-T16,100,3e891598a1beaf853265519a,1,0,0,1.0,1.0,0.5773141100609174,0.5421156921551197,4,-0.07385081135348356,-0.08826391884337134,0.31113244249281574,0.27614617463600616,0.3125,0.25,384.7241000003123,1376.049399999829,2481.0,97.0,1.0,0.0,0.0,1.0
16,16,940023,R16-T16,200,3e891598a1beaf853265519a,1,0,0,1.0,1.0,0.5773141100609174,0.5421156921551197,4,-0.07385081135348356,-0.08826391884337134,0.31113244249281574,0.27614617463600616,0.3125,0.25,384.7241000003123,1369.2054999992251,2481.0,97.0,1.0,0.0,0.0,1.0
16,16,940024,R16-T16,50,6a311ed7364368f8361f0c9a,1,0,0,1.0,1.0,0.5005302591460749,0.48957001675262024,6,-0.03176980766603836,-0.05962731713075737,0.4052267682379687,0.3297297390417063,0.5625,0.375,408.95759999875736,2915.283599999384,4342.0,134.0,1.0,0.0,0.0,1.0
16,16,940024,R16-T16,100,6a311ed7364368f8361f0c9a,1,0,0,1.0,1.0,0.5005302591460749,0.48957001675262024,6,-0.03176980766603836,-0.05962731713075737,0.4052267682379687,0.3297297390417063,0.5625,0.375,408.95759999875736,2812.7596000013,4342.0,134.0,1.0,0.0,0.0,1.0
16,16,940024,R16-T16,200,6a311ed7364368f8361f0c9a,1,0,0,1.0,1.0,0.5005302591460749,0.48957001675262024,6,-0.03176980766603836,-0.05962731713075737,0.4052267682379687,0.3297297390417063,0.5625,0.375,408.95759999875736,2791.0197999990487,4342.0,134.0,1.0,0.0,0.0,1.0
16,16,940024,R16-T16,500,6a311ed7364368f8361f0c9a,1,1,0,1.0,1.0,0.5005302591460749,0.48957001675262024,6,-0.03176980766603836,-0.05962731713075737,0.4052267682379687,0.3297297390417063,0.5625,0.375,408.95759999875736,2878.3483000006527,4342.0,134.0,1.0,0.0,0.0,1.0
16,16,940025,R16-T16,100,fd2844814b15e25a8d26a136,1,0,0,1.0,1.0,0.5578624348184196,0.5265296209046837,4,-0.06673629836174792,-0.07500674052143005,0.3544574252742414,0.2865847483717248,0.4375,0.25,378.90259999949194,2389.579299999241,3092.0,84.0,1.0,0.0,0.0,1.0
16,16,940025,R16-T16,200,fd2844814b15e25a8d26a136,1,0,0,1.0,1.0,0.5578624348184196,0.5265296209046837,4,-0.06673629836174792,-0.07500674052143005,0.3544574252742414,0.2865847483717248,0.4375,0.25,378.90259999949194,2315.937399998802,3092.0,84.0,1.0,0.0,0.0,1.0
16,16,940025,R16-T16,500,fd2844814b15e25a8d26a136,1,1,0,1.0,1.0,0.5578624348184196,0.5265296209046837,4,-0.06673629836174792,-0.07500674052143005,0.3544574252742414,0.2865847483717248,0.4375,0.25,378.90259999949194,2284.3147999992652,3092.0,84.0,1.0,0.0,0.0,1.0
16,16,940025,R16-T16,50,fd2844814b15e25a8d26a136,1,0,0,1.0,1.0,0.5578624348184196,0.5265296209046837,4,-0.06673629836174792,-0.07500674052143005,0.3544574252742414,0.2865847483717248,0.4375,0.25,378.90259999949194,2245.154399999592,3092.0,84.0,1.0,0.0,0.0,1.0
16,16,940026,R16-T16,200,f8962d7b6493c23b9e0a09c0,1,0,0,1.0,1.0,0.46754575373173185,0.46197228330523143,4,-0.06756591400701346,-0.07002926866292203,0.30498239867731813,0.2921735370769163,0.25,0.25,381.1853000006522,1712.8144999987853,2401.0,84.0,1.0,0.0,0.0,1.0
16,16,940026,R16-T16,500,f8962d7b6493c23b9e0a09c0,1,1,0,1.0,1.0,0.46754575373173185,0.46197228330523143,4,-0.06756591400701346,-0.07002926866292203,0.30498239867731813,0.2921735370769163,0.25,0.25,381.1853000006522,1640.646800000468,2401.0,84.0,1.0,0.0,0.0,1.0
16,16,940026,R16-T16,50,f8962d7b6493c23b9e0a09c0,1,0,0,1.0,1.0,0.46754575373173185,0.46197228330523143,4,-0.06756591400701346,-0.07002926866292203,0.30498239867731813,0.2921735370769163,0.25,0.25,381.1853000006522,1622.8155999997398,2401.0,84.0,1.0,0.0,0.0,1.0
16,16,940026,R16-T16,100,f8962d7b6493c23b9e0a09c0,1,0,0,1.0,1.0,0.46754575373173185,0.46197228330523143,4,-0.06756591400701346,-0.07002926866292203,0.30498239867731813,0.2921735370769163,0.25,0.25,381.1853000006522,1611.430900000414,2401.0,84.0,1.0,0.0,0.0,1.0
16,16,940027,R16-T16,500,b2fc9a207510e4eeb425235b,1,1,0,1.0,1.0,0.49543024771797084,0.48073477046721375,3,-0.030349948233151555,-0.08093734367291909,0.38155987916979106,0.2644664654467562,0.5,0.1875,399.7665999995661,2446.142900000268,3520.0,120.0,1.0,0.0,0.0,1.0
16,16,940027,R16-T16,50,b2fc9a207510e4eeb425235b,1,0,0,1.0,1.0,0.49543024771797084,0.48073477046721375,3,-0.030349948233151555,-0.08093734367291909,0.38155987916979106,0.2644664654467562,0.5,0.1875,399.7665999995661,2357.986199998777,3520.0,120.0,1.0,0.0,0.0,1.0
16,16,940027,R16-T16,100,b2fc9a207510e4eeb425235b,1,0,0,1.0,1.0,0.49543024771797084,0.48073477046721375,3,-0.030349948233151555,-0.08093734367291909,0.38155987916979106,0.2644664654467562,0.5,0.1875,399.7665999995661,2350.1601000007213,3520.0,120.0,1.0,0.0,0.0,1.0
16,16,940027,R16-T16,200,b2fc9a207510e4eeb425235b,1,0,0,1.0,1.0,0.49543024771797084,0.48073477046721375,3,-0.030349948233151555,-0.08093734367291909,0.38155987916979106,0.2644664654467562,0.5,0.1875,399.7665999995661,2329.711499998666,3520.0,120.0,1.0,0.0,0.0,1.0
16,16,940028,R16-T16,50,59082293cab83954219b0aad,1,0,0,1.0,1.0,0.6100530551536879,0.6147119974573918,6,-0.03918519394454858,-0.06698068212001893,0.4019858214285544,0.33462810813878374,0.5625,0.375,380.6041000007099,2037.0079999993322,3074.0,123.0,1.0,0.0,0.0,1.0
16,16,940028,R16-T16,100,59082293cab83954219b0aad,1,0,0,1.0,1.0,0.6100530551536879,0.6147119974573918,6,-0.03918519394454858,-0.06698068212001893,0.4019858214285544,0.33462810813878374,0.5625,0.375,380.6041000007099,1934.2526999989786,3074.0,123.0,1.0,0.0,0.0,1.0
16,16,940028,R16-T16,200,59082293cab83954219b0aad,1,0,0,1.0,1.0,0.6100530551536879,0.6147119974573918,6,-0.03918519394454858,-0.06698068212001893,0.4019858214285544,0.33462810813878374,0.5625,0.375,380.6041000007099,1895.9409999988566,3074.0,123.0,1.0,0.0,0.0,1.0
16,16,940028,R16-T16,500,59082293cab83954219b0aad,1,1,0,1.0,1.0,0.6100530551536879,0.6147119974573918,6,-0.03918519394454858,-0.06698068212001893,0.4019858214285544,0.33462810813878374,0.5625,0.375,380.6041000007099,1942.18120000005,3074.0,123.0,1.0,0.0,0.0,1.0
16,16,940029,R16-T16,100,459ba26242ffd3c7c23d463e,1,0,0,1.0,1.0,0.5413557050552188,0.5287874374163609,6,-0.03468950025780357,-0.06444669960511035,0.39987095219095625,0.33089772264695916,0.5625,0.375,422.67249999895284,3318.1586999999126,4636.0,132.0,1.0,0.0,0.0,1.0
16,16,940029,R16-T16,200,459ba26242ffd3c7c23d463e,1,0,0,1.0,1.0,0.5413557050552188,0.5287874374163609,6,-0.03468950025780357,-0.06444669960511035,0.39987095219095625,0.33089772264695916,0.5625,0.375,422.67249999895284,3230.6231999991724,4636.0,132.0,1.0,0.0,0.0,1.0
16,16,940029,R16-T16,500,459ba26242ffd3c7c23d463e,1,1,0,1.0,1.0,0.5413557050552188,0.5287874374163609,6,-0.03468950025780357,-0.06444669960511035,0.39987095219095625,0.33089772264695916,0.5625,0.375,422.67249999895284,3246.972900000401,4636.0,132.0,1.0,0.0,0.0,1.0
16,16,940029,R16-T16,50,459ba26242ffd3c7c23d463e,1,0,0,1.0,1.0,0.5413557050552188,0.5287874374163609,6,-0.03468950025780357,-0.06444669960511035,0.39987095219095625,0.33089772264695916,0.5625,0.375,422.67249999895284,3223.544899999979,4636.0,132.0,1.0,0.0,0.0,1.0
24,4,940000,R24-T4,50,241cb5e9d0af0f050e992cf0,1,0,0,1.0,1.0,0.41160772947131635,0.41160772947131635,2,0.08352092143073547,0.03431537999990286,0.5891351575841979,0.4997463222840061,0.75,0.5,369.385299998612,739.5209000005707,4542.0,36.0,1.0,0.0,0.0,1.0
24,4,940000,R24-T4,100,241cb5e9d0af0f050e992cf0,1,0,0,1.0,1.0,0.41160772947131635,0.41160772947131635,2,0.08352092143073547,0.03431537999990286,0.5891351575841979,0.4997463222840061,0.75,0.5,369.385299998612,703.9251999995031,4542.0,36.0,1.0,0.0,0.0,1.0
24,4,940000,R24-T4,200,241cb5e9d0af0f050e992cf0,1,0,0,1.0,1.0,0.41160772947131635,0.41160772947131635,2,0.08352092143073547,0.03431537999990286,0.5891351575841979,0.4997463222840061,0.75,0.5,369.385299998612,655.5713999987347,4542.0,36.0,1.0,0.0,0.0,1.0
24,4,940000,R24-T4,500,241cb5e9d0af0f050e992cf0,1,1,0,1.0,1.0,0.41160772947131635,0.41160772947131635,2,0.08352092143073547,0.03431537999990286,0.5891351575841979,0.4997463222840061,0.75,0.5,369.385299998612,664.4384999999602,4542.0,36.0,1.0,0.0,0.0,1.0
24,4,940001,R24-T4,100,a6423246a6dff7fafab67364,1,0,1,1.0,1.0,0.5338404175747976,0.5338404175747976,3,0.011868871024999783,0.003222886898264138,0.5449133514388268,0.5403262763384935,0.75,0.75,268.8569000001735,61.79899999915506,704.0,24.0,1.0,206.0,0.0,0.0
24,4,940001,R24-T4,200,a6423246a6dff7fafab67364,1,0,1,1.0,1.0,0.5338404175747976,0.5338404175747976,3,0.011868871024999783,0.003222886898264138,0.5449133514388268,0.5403262763384935,0.75,0.75,268.8569000001735,60.36889999995765,704.0,24.0,1.0,206.0,0.0,0.0
24,4,940001,R24-T4,500,a6423246a6dff7fafab67364,1,1,1,1.0,1.0,0.5338404175747976,0.5338404175747976,3,0.011868871024999783,0.003222886898264138,0.5449133514388268,0.5403262763384935,0.75,0.75,268.8569000001735,60.918799999853945,704.0,24.0,1.0,206.0,0.0,0.0
24,4,940001,R24-T4,50,a6423246a6dff7fafab67364,1,0,0,1.0,1.0,0.5338404175747976,0.5338404175747976,3,0.011868871024999783,0.003222886898264138,0.5449133514388268,0.5403262763384935,0.75,0.75,268.8569000001735,57.63999999908265,704.0,24.0,1.0,0.0,0.0,1.0
24,4,940002,R24-T4,200,794707cb08161f8d1d9409c7,1,0,1,1.0,1.0,0.38033900071131543,0.3898623484423286,2,-0.03923067135355185,-0.04865148054907739,0.5245885062993655,0.42773149270141814,0.75,0.5,309.6100999991904,65.02320000072359,3020.0,24.0,1.0,110.0,0.0,0.0
24,4,940002,R24-T4,500,794707cb08161f8d1d9409c7,1,1,1,1.0,1.0,0.38033900071131543,0.3898623484423286,2,-0.03923067135355185,-0.04865148054907739,0.5245885062993655,0.42773149270141814,0.75,0.5,309.6100999991904,65.06879999869852,3020.0,24.0,1.0,110.0,0.0,0.0
24,4,940002,R24-T4,50,794707cb08161f8d1d9409c7,1,0,0,1.0,1.0,0.38033900071131543,0.3898623484423286,2,-0.03923067135355185,-0.04865148054907739,0.5245885062993655,0.42773149270141814,0.75,0.5,309.6100999991904,66.0158999999112,3020.0,24.0,1.0,0.0,0.0,1.0
24,4,940002,R24-T4,100,794707cb08161f8d1d9409c7,1,0,1,1.0,1.0,0.38033900071131543,0.3898623484423286,2,-0.03923067135355185,-0.04865148054907739,0.5245885062993655,0.42773149270141814,0.75,0.5,309.6100999991904,88.34240000032878,3020.0,24.0,1.0,110.0,0.0,0.0
24,4,940003,R24-T4,500,3a70babbbfdfd4348a52475f,1,1,1,1.0,1.0,0.5171517784156932,0.572065201549466,2,-0.10073099165734897,-0.10838245777808798,0.35930471416918597,0.36078371723524283,0.5,0.5,301.2410999999702,77.24380000036035,1978.0,24.0,1.0,105.0,0.0,0.0
24,4,940003,R24-T4,50,3a70babbbfdfd4348a52475f,1,0,0,1.0,1.0,0.5171517784156932,0.572065201549466,2,-0.10073099165734897,-0.10838245777808798,0.35930471416918597,0.36078371723524283,0.5,0.5,301.2410999999702,69.4963000005373,1978.0,24.0,1.0,0.0,0.0,1.0
24,4,940003,R24-T4,100,3a70babbbfdfd4348a52475f,1,0,1,1.0,1.0,0.5171517784156932,0.572065201549466,2,-0.10073099165734897,-0.10838245777808798,0.35930471416918597,0.36078371723524283,0.5,0.5,301.2410999999702,84.9065000002156,1978.0,24.0,1.0,105.0,0.0,0.0
24,4,940003,R24-T4,200,3a70babbbfdfd4348a52475f,1,0,1,1.0,1.0,0.5171517784156932,0.572065201549466,2,-0.10073099165734897,-0.10838245777808798,0.35930471416918597,0.36078371723524283,0.5,0.5,301.2410999999702,83.3769000000757,1978.0,24.0,1.0,105.0,0.0,0.0
24,4,940004,R24-T4,50,d38f3ba47092eb5aa80a1603,1,0,0,1.0,1.0,0.46289642655196483,0.46289642655196483,2,0.03185914582182717,-0.050460140031903564,0.6794244175099304,0.4244402633415193,1.0,0.5,341.5457000010065,520.0198000002274,4792.0,24.0,1.0,0.0,0.0,1.0
24,4,940004,R24-T4,100,d38f3ba47092eb5aa80a1603,1,0,0,1.0,1.0,0.46289642655196483,0.46289642655196483,2,0.03185914582182717,-0.050460140031903564,0.6794244175099304,0.4244402633415193,1.0,0.5,341.5457000010065,477.17929999998887,4792.0,24.0,1.0,0.0,0.0,1.0
24,4,940004,R24-T4,200,d38f3ba47092eb5aa80a1603,1,0,0,1.0,1.0,0.46289642655196483,0.46289642655196483,2,0.03185914582182717,-0.050460140031903564,0.6794244175099304,0.4244402633415193,1.0,0.5,341.5457000010065,445.8712999985437,4792.0,24.0,1.0,0.0,0.0,1.0
24,4,940004,R24-T4,500,d38f3ba47092eb5aa80a1603,1,1,1,1.0,1.0,0.46289642655196483,0.46289642655196483,2,0.03185914582182717,-0.050460140031903564,0.6794244175099304,0.4244402633415193,1.0,0.5,341.5457000010065,438.71580000086396,4792.0,24.0,1.0,126.0,0.0,0.0
24,4,940005,R24-T4,100,06562205445da12d39734864,1,0,1,1.0,1.0,0.44267898918265286,0.44267898918265286,1,-0.023905231872349886,-0.10524786000941524,0.4250818486092554,0.27703854530416505,0.5,0.25,342.11560000039754,55.339200000162236,744.0,12.0,1.0,16.0,0.0,0.0
24,4,940005,R24-T4,200,06562205445da12d39734864,1,0,1,1.0,1.0,0.44267898918265286,0.44267898918265286,1,-0.023905231872349886,-0.10524786000941524,0.4250818486092554,0.27703854530416505,0.5,0.25,342.11560000039754,51.54720000064117,744.0,12.0,1.0,16.0,0.0,0.0
24,4,940005,R24-T4,500,06562205445da12d39734864,1,1,1,1.0,1.0,0.44267898918265286,0.44267898918265286,1,-0.023905231872349886,-0.10524786000941524,0.4250818486092554,0.27703854530416505,0.5,0.25,342.11560000039754,52.491600001303595,744.0,12.0,1.0,16.0,0.0,0.0
24,4,940005,R24-T4,50,06562205445da12d39734864,1,0,0,1.0,1.0,0.44267898918265286,0.44267898918265286,1,-0.023905231872349886,-0.10524786000941524,0.4250818486092554,0.27703854530416505,0.5,0.25,342.11560000039754,51.08730000029027,744.0,12.0,1.0,0.0,0.0,1.0
24,4,940006,R24-T4,200,429cb09a74f6e2bd41b44da9,1,0,1,1.0,1.0,0.5132431633526875,0.5132431633526875,2,-0.033320119782163767,-0.033320119782163767,0.4396713641934361,0.4396713641934361,0.5,0.5,301.45790000096895,79.95169999958307,1375.0,24.0,1.0,469.0,0.0,0.0
24,4,940006,R24-T4,500,429cb09a74f6e2bd41b44da9,1,1,1,1.0,1.0,0.5132431633526875,0.5132431633526875,2,-0.033320119782163767,-0.033320119782163767,0.4396713641934361,0.4396713641934361,0.5,0.5,301.45790000096895,80.9899999985646,1375.0,24.0,1.0,469.0,0.0,0.0
24,4,940006,R24-T4,50,429cb09a74f6e2bd41b44da9,1,0,0,1.0,1.0,0.5132431633526875,0.5132431633526875,2,-0.033320119782163767,-0.033320119782163767,0.4396713641934361,0.4396713641934361,0.5,0.5,301.45790000096895,69.57719999991241,1375.0,24.0,1.0,0.0,0.0,1.0
24,4,940006,R24-T4,100,429cb09a74f6e2bd41b44da9,1,0,1,1.0,1.0,0.5132431633526875,0.5132431633526875,2,-0.033320119782163767,-0.033320119782163767,0.4396713641934361,0.4396713641934361,0.5,0.5,301.45790000096895,72.78409999889845,1375.0,24.0,1.0,469.0,0.0,0.0
24,4,940007,R24-T4,500,9c75e01da969c662cd150315,1,1,1,1.0,1.0,0.45822114708394185,0.4836501480106582,1,-0.013299399193381772,-0.06213306668438946,0.5337012490677622,0.3196847689165435,0.75,0.25,402.5641000007454,242.70609999985027,4467.0,12.0,1.0,38.0,0.0,0.0
24,4,940007,R24-T4,50,9c75e01da969c662cd150315,1,0,0,1.0,1.0,0.45822114708394185,0.4836501480106582,1,-0.013299399193381772,-0.06213306668438946,0.5337012490677622,0.3196847689165435,0.75,0.25,402.5641000007454,205.7029000006878,4467.0,12.0,1.0,0.0,0.0,1.0
24,4,940007,R24-T4,100,9c75e01da969c662cd150315,1,0,0,1.0,1.0,0.45822114708394185,0.4836501480106582,1,-0.013299399193381772,-0.06213306668438946,0.5337012490677622,0.3196847689165435,0.75,0.25,402.5641000007454,200.71360000110872,4467.0,12.0,1.0,0.0,0.0,1.0
24,4,940007,R24-T4,200,9c75e01da969c662cd150315,1,0,0,1.0,1.0,0.45822114708394185,0.4836501480106582,1,-0.013299399193381772,-0.06213306668438946,0.5337012490677622,0.3196847689165435,0.75,0.25,402.5641000007454,214.89780000047176,4467.0,12.0,1.0,0.0,0.0,1.0
24,4,940008,R24-T4,50,22bc805db4e1d36b841236aa,1,0,0,1.0,1.0,0.45522853091130866,0.45522853091130866,2,-0.01542178619308121,-0.016339299944295345,0.5410104049362945,0.4463429821939664,0.75,0.5,406.2338000003365,427.6241999996273,4998.0,36.0,1.0,0.0,0.0,1.0
24,4,940008,R24-T4,100,22bc805db4e1d36b841236aa,1,0,0,1.0,1.0,0.45522853091130866,0.45522853091130866,2,-0.01542178619308121,-0.016339299944295345,0.5410104049362945,0.4463429821939664,0.75,0.5,406.2338000003365,460.68989999912446,4998.0,36.0,1.0,0.0,0.0,1.0
24,4,940008,R24-T4,200,22bc805db4e1d36b841236aa,1,0,0,1.0,1.0,0.45522853091130866,0.45522853091130866,2,-0.01542178619308121,-0.016339299944295345,0.5410104049362945,0.4463429821939664,0.75,0.5,406.2338000003365,455.6795000007696,4998.0,36.0,1.0,0.0,0.0,1.0
24,4,940008,R24-T4,500,22bc805db4e1d36b841236aa,1,1,1,1.0,1.0,0.45522853091130866,0.45522853091130866,2,-0.01542178619308121,-0.016339299944295345,0.5410104049362945,0.4463429821939664,0.75,0.5,406.2338000003365,416.5645000011864,4998.0,36.0,1.0,363.0,0.0,0.0
24,4,940009,R24-T4,100,a05327c009a297a0d760f39c,1,0,0,1.0,1.0,nan,nan,0,-0.07811359567230738,-0.11460033219859485,0.38105243721848914,0.0,0.5,0.0,290.7214999995631,105.38899999846763,2007.0,12.0,1.0,0.0,0.0,1.0
24,4,940009,R24-T4,200,a05327c009a297a0d760f39c,1,0,1,1.0,1.0,nan,nan,0,-0.07811359567230738,-0.11460033219859485,0.38105243721848914,0.0,0.5,0.0,290.7214999995631,96.02989999984857,2007.0,12.0,1.0,17.0,0.0,0.0
24,4,940009,R24-T4,500,a05327c009a297a0d760f39c,1,1,1,1.0,1.0,nan,nan,0,-0.07811359567230738,-0.11460033219859485,0.38105243721848914,0.0,0.5,0.0,290.7214999995631,106.51010000037786,2007.0,12.0,1.0,17.0,0.0,0.0
24,4,940009,R24-T4,50,a05327c009a297a0d760f39c,1,0,0,1.0,1.0,nan,nan,0,-0.07811359567230738,-0.11460033219859485,0.38105243721848914,0.0,0.5,0.0,290.7214999995631,111.6913999994722,2007.0,12.0,1.0,0.0,0.0,1.0
24,4,940010,R24-T4,200,3f100a2afa8672c01c3c48b6,1,0,0,1.0,1.0,0.653670867607463,0.653670867607463,1,-0.0962197554493748,-0.0995683330311491,0.3943387148905373,0.2985217720673023,0.5,0.25,329.2251999992004,381.5503000005265,3384.0,24.0,1.0,0.0,0.0,1.0
24,4,940010,R24-T4,500,3f100a2afa8672c01c3c48b6,1,1,1,1.0,1.0,0.653670867607463,0.653670867607463,1,-0.0962197554493748,-0.0995683330311491,0.3943387148905373,0.2985217720673023,0.5,0.25,329.2251999992004,322.18749999992724,3384.0,24.0,1.0,100.0,0.0,0.0
24,4,940010,R24-T4,50,3f100a2afa8672c01c3c48b6,1,0,0,1.0,1.0,0.653670867607463,0.653670867607463,1,-0.0962197554493748,-0.0995683330311491,0.3943387148905373,0.2985217720673023,0.5,0.25,329.2251999992004,327.22909999938565,3384.0,24.0,1.0,0.0,0.0,1.0
24,4,940010,R24-T4,100,3f100a2afa8672c01c3c48b6,1,0,0,1.0,1.0,0.653670867607463,0.653670867607463,1,-0.0962197554493748,-0.0995683330311491,0.3943387148905373,0.2985217720673023,0.5,0.25,329.2251999992004,315.8826000017143,3384.0,24.0,1.0,0.0,0.0,1.0
24,4,940011,R24-T4,500,2c4a76d8452fcc9993dff103,1,1,1,1.0,1.0,0.485908810150468,0.485908810150468,2,-0.06950846352660894,-0.06950846352660894,0.3806968379520676,0.3806968379520676,0.5,0.5,325.6701000009343,245.0262999991537,1142.0,24.0,1.0,74.0,0.0,0.0
24,4,940011,R24-T4,50,2c4a76d8452fcc9993dff103,1,0,0,1.0,1.0,0.485908810150468,0.485908810150468,2,-0.06950846352660894,-0.06950846352660894,0.3806968379520676,0.3806968379520676,0.5,0.5,325.6701000009343,231.29020000124,1142.0,24.0,1.0,0.0,0.0,1.0
24,4,940011,R24-T4,100,2c4a76d8452fcc9993dff103,1,0,0,1.0,1.0,0.485908810150468,0.485908810150468,2,-0.06950846352660894,-0.06950846352660894,0.3806968379520676,0.3806968379520676,0.5,0.5,325.6701000009343,234.5817999994324,1142.0,24.0,1.0,0.0,0.0,1.0
24,4,940011,R24-T4,200,2c4a76d8452fcc9993dff103,1,0,0,1.0,1.0,0.485908810150468,0.485908810150468,2,-0.06950846352660894,-0.06950846352660894,0.3806968379520676,0.3806968379520676,0.5,0.5,325.6701000009343,232.5368999991042,1142.0,24.0,1.0,0.0,0.0,1.0
24,4,940012,R24-T4,50,6f39632870ac49754902f519,1,0,0,1.0,1.0,0.5117922147819959,0.563280597157629,3,0.016449878089655687,0.006898227450913105,0.5751123533689144,0.5717116703347885,0.75,0.75,358.2920999997441,434.43680000018503,4647.0,36.0,1.0,0.0,0.0,1.0
24,4,940012,R24-T4,100,6f39632870ac49754902f519,1,0,0,1.0,1.0,0.5117922147819959,0.563280597157629,3,0.016449878089655687,0.006898227450913105,0.5751123533689144,0.5717116703347885,0.75,0.75,358.2920999997441,439.79570000010426,4647.0,36.0,1.0,0.0,0.0,1.0
24,4,940012,R24-T4,200,6f39632870ac49754902f519,1,0,0,1.0,1.0,0.5117922147819959,0.563280597157629,3,0.016449878089655687,0.006898227450913105,0.5751123533689144,0.5717116703347885,0.75,0.75,358.2920999997441,436.44919999860576,4647.0,36.0,1.0,0.0,0.0,1.0
24,4,940012,R24-T4,500,6f39632870ac49754902f519,1,1,1,1.0,1.0,0.5117922147819959,0.563280597157629,3,0.016449878089655687,0.006898227450913105,0.5751123533689144,0.5717116703347885,0.75,0.75,358.2920999997441,415.76359999999113,4647.0,36.0,1.0,2347.0,0.0,0.0
24,4,940013,R24-T4,100,f5dbe6a772fbd41a526fd2c2,1,0,0,1.0,1.0,0.5800772150834975,0.5842458614651433,4,0.011747476040010751,-0.0005218879211225103,0.6831951931154059,0.6769068489760266,1.0,1.0,347.95959999974,385.30469999932393,4628.0,47.0,1.0,0.0,0.0,1.0
24,4,940013,R24-T4,200,f5dbe6a772fbd41a526fd2c2,1,0,0,1.0,1.0,0.5800772150834975,0.5842458614651433,4,0.011747476040010751,-0.0005218879211225103,0.6831951931154059,0.6769068489760266,1.0,1.0,347.95959999974,384.35949999984587,4628.0,47.0,1.0,0.0,0.0,1.0
24,4,940013,R24-T4,500,f5dbe6a772fbd41a526fd2c2,1,1,0,1.0,1.0,0.5800772150834975,0.5931509266641607,4,0.011747476040010751,0.0024566001153946415,0.6831951931154059,0.6802917489969256,1.0,1.0,347.95959999974,500.06070000017644,4628.0,47.0,1.0,6859.0,0.0,1.0
24,4,940013,R24-T4,50,f5dbe6a772fbd41a526fd2c2,1,0,0,1.0,1.0,0.5800772150834975,0.5842458614651433,4,0.011747476040010751,-0.0005218879211225103,0.6831951931154059,0.6769068489760266,1.0,1.0,347.95959999974,430.8225000004313,4628.0,47.0,1.0,0.0,0.0,1.0
24,4,940014,R24-T4,200,ef6b439a52191e2a78717d8b,1,0,0,1.0,1.0,0.4080070287218903,0.4080070287218903,2,0.013621340671953974,-0.005895878993029471,0.5590178634678193,0.46499613912585736,0.75,0.5,372.74819999947795,367.4780000001192,4998.0,24.0,1.0,0.0,0.0,1.0
24,4,940014,R24-T4,500,ef6b439a52191e2a78717d8b,1,1,1,1.0,1.0,0.4080070287218903,0.4080070287218903,2,0.013621340671953974,-0.005895878993029471,0.5590178634678193,0.46499613912585736,0.75,0.5,372.74819999947795,389.07579999977315,4998.0,24.0,1.0,250.0,0.0,0.0
24,4,940014,R24-T4,50,ef6b439a52191e2a78717d8b,1,0,0,1.0,1.0,0.4080070287218903,0.4080070287218903,2,0.013621340671953974,-0.005895878993029471,0.5590178634678193,0.46499613912585736,0.75,0.5,372.74819999947795,411.98630000144476,4998.0,24.0,1.0,0.0,0.0,1.0
24,4,940014,R24-T4,100,ef6b439a52191e2a78717d8b,1,0,0,1.0,1.0,0.4080070287218903,0.4080070287218903,2,0.013621340671953974,-0.005895878993029471,0.5590178634678193,0.46499613912585736,0.75,0.5,372.74819999947795,371.19129999882716,4998.0,24.0,1.0,0.0,0.0,1.0
24,4,940015,R24-T4,500,73f74cf5f47f67a6f3cd81fa,1,1,1,1.0,1.0,0.47795503406958406,0.4371025050287946,1,-0.002985083060917146,-0.04408107927171309,0.4514125474779148,0.3365455525039667,0.5,0.25,357.2671000001719,310.1546000016242,2331.0,12.0,1.0,49.0,0.0,0.0
24,4,940015,R24-T4,50,73f74cf5f47f67a6f3cd81fa,1,0,0,1.0,1.0,0.47795503406958406,0.4371025050287946,1,-0.002985083060917146,-0.04408107927171309,0.4514125474779148,0.3365455525039667,0.5,0.25,357.2671000001719,308.4106999995129,2331.0,12.0,1.0,0.0,0.0,1.0
24,4,940015,R24-T4,100,73f74cf5f47f67a6f3cd81fa,1,0,0,1.0,1.0,0.47795503406958406,0.4371025050287946,1,-0.002985083060917146,-0.04408107927171309,0.4514125474779148,0.3365455525039667,0.5,0.25,357.2671000001719,312.2244000005594,2331.0,12.0,1.0,0.0,0.0,1.0
24,4,940015,R24-T4,200,73f74cf5f47f67a6f3cd81fa,1,0,0,1.0,1.0,0.47795503406958406,0.4371025050287946,1,-0.002985083060917146,-0.04408107927171309,0.4514125474779148,0.3365455525039667,0.5,0.25,357.2671000001719,356.38939999989816,2331.0,12.0,1.0,0.0,0.0,1.0
24,4,940016,R24-T4,50,21d31b606ebf278dce5046fa,1,0,0,1.0,1.0,0.5298707791305635,0.5456161871872697,4,-0.026017828677172075,-0.032738047079527086,0.6322851681153863,0.6291560169417011,1.0,1.0,343.9840999999433,650.7768000010401,5156.0,48.0,1.0,0.0,0.0,1.0
24,4,940016,R24-T4,100,21d31b606ebf278dce5046fa,1,0,0,1.0,1.0,0.5298707791305635,0.5456161871872697,4,-0.026017828677172075,-0.032738047079527086,0.6322851681153863,0.6291560169417011,1.0,1.0,343.9840999999433,707.9507999987982,5156.0,48.0,1.0,0.0,0.0,1.0
24,4,940016,R24-T4,200,21d31b606ebf278dce5046fa,1,0,0,1.0,1.0,0.5298707791305635,0.5456161871872697,4,-0.026017828677172075,-0.032738047079527086,0.6322851681153863,0.6291560169417011,1.0,1.0,343.9840999999433,640.756999999212,5156.0,48.0,1.0,0.0,0.0,1.0
24,4,940016,R24-T4,500,21d31b606ebf278dce5046fa,1,1,0,1.0,1.0,0.5298707791305635,0.5456161871872697,4,-0.026017828677172075,-0.032738047079527086,0.6322851681153863,0.6291560169417011,1.0,1.0,343.9840999999433,666.5794999989885,5156.0,48.0,1.0,0.0,0.0,1.0
24,4,940017,R24-T4,100,4fc838209e60e6416bfd7810,1,0,1,1.0,1.0,0.6678618371131109,0.648349935193733,2,-0.07323469576936309,-0.07655704741906924,0.37745273417220665,0.37627214183230695,0.5,0.5,292.10609999972803,93.27529999973194,1472.0,18.0,1.0,173.0,0.0,0.0
24,4,940017,R24-T4,200,4fc838209e60e6416bfd7810,1,0,1,1.0,1.0,0.6678618371131109,0.648349935193733,2,-0.07323469576936309,-0.07655704741906924,0.37745273417220665,0.37627214183230695,0.5,0.5,292.10609999972803,96.73549999934039,1472.0,18.0,1.0,173.0,0.0,0.0
24,4,940017,R24-T4,500,4fc838209e60e6416bfd7810,1,1,1,1.0,1.0,0.6678618371131109,0.648349935193733,2,-0.07323469576936309,-0.07655704741906924,0.37745273417220665,0.37627214183230695,0.5,0.5,292.10609999972803,99.30139999960375,1472.0,18.0,1.0,173.0,0.0,0.0
24,4,940017,R24-T4,50,4fc838209e60e6416bfd7810,1,0,0,1.0,1.0,0.6678618371131109,0.648349935193733,2,-0.07323469576936309,-0.07655704741906924,0.37745273417220665,0.37627214183230695,0.5,0.5,292.10609999972803,97.48390000095242,1472.0,18.0,1.0,0.0,0.0,1.0
24,4,940018,R24-T4,200,c47befae99c3f603844ceee5,1,0,0,1.0,1.0,0.5798427355974181,0.5656204941571783,1,-0.005406059406462715,-0.047190576568208104,0.4588592712383258,0.33760937987126294,0.5,0.25,327.61460000074294,343.92789999947126,2442.0,12.0,1.0,0.0,0.0,1.0
24,4,940018,R24-T4,500,c47befae99c3f603844ceee5,1,1,1,1.0,1.0,0.5798427355974181,0.5656204941571783,1,-0.005406059406462715,-0.047190576568208104,0.4588592712383258,0.33760937987126294,0.5,0.25,327.61460000074294,320.04500000039116,2442.0,12.0,1.0,49.0,0.0,0.0
24,4,940018,R24-T4,50,c47befae99c3f603844ceee5,1,0,0,1.0,1.0,0.5798427355974181,0.5656204941571783,1,-0.005406059406462715,-0.047190576568208104,0.4588592712383258,0.33760937987126294,0.5,0.25,327.61460000074294,317.122800001016,2442.0,12.0,1.0,0.0,0.0,1.0
24,4,940018,R24-T4,100,c47befae99c3f603844ceee5,1,0,0,1.0,1.0,0.5798427355974181,0.5656204941571783,1,-0.005406059406462715,-0.047190576568208104,0.4588592712383258,0.33760937987126294,0.5,0.25,327.61460000074294,310.7301000000007,2442.0,12.0,1.0,0.0,0.0,1.0
24,4,940019,R24-T4,500,debffc829604dddb4037dc04,1,1,1,1.0,1.0,0.36155026717412075,0.36155026717412075,2,-0.07033926613649048,-0.07033926613649048,0.38381654606685445,0.38381654606685445,0.5,0.5,311.75200000143377,361.67120000027353,3661.0,24.0,1.0,141.0,0.0,0.0
24,4,940019,R24-T4,50,debffc829604dddb4037dc04,1,0,0,1.0,1.0,0.36155026717412075,0.36155026717412075,2,-0.07033926613649048,-0.07033926613649048,0.38381654606685445,0.38381654606685445,0.5,0.5,311.75200000143377,355.0474000003305,3661.0,24.0,1.0,0.0,0.0,1.0
24,4,940019,R24-T4,100,debffc829604dddb4037dc04,1,0,0,1.0,1.0,0.36155026717412075,0.36155026717412075,2,-0.07033926613649048,-0.07033926613649048,0.38381654606685445,0.38381654606685445,0.5,0.5,311.75200000143377,387.1722999992926,3661.0,24.0,1.0,0.0,0.0,1.0
24,4,940019,R24-T4,200,debffc829604dddb4037dc04,1,0,0,1.0,1.0,0.36155026717412075,0.36155026717412075,2,-0.07033926613649048,-0.07033926613649048,0.38381654606685445,0.38381654606685445,0.5,0.5,311.75200000143377,406.2878000004275,3661.0,24.0,1.0,0.0,0.0,1.0
24,4,940020,R24-T4,50,9f8d145529a581a888fe9c63,1,0,0,1.0,1.0,0.47105705854701385,0.47105705854701385,2,0.005705416159330401,0.005705416159330401,0.4664619356923747,0.4664619356923747,0.5,0.5,334.52310000029684,333.1523000015295,3627.0,36.0,1.0,0.0,0.0,1.0
24,4,940020,R24-T4,100,9f8d145529a581a888fe9c63,1,0,0,1.0,1.0,0.47105705854701385,0.47105705854701385,2,0.005705416159330401,0.005705416159330401,0.4664619356923747,0.4664619356923747,0.5,0.5,334.52310000029684,334.6542999988742,3627.0,36.0,1.0,0.0,0.0,1.0
24,4,940020,R24-T4,200,9f8d145529a581a888fe9c63,1,0,0,1.0,1.0,0.47105705854701385,0.47105705854701385,2,0.005705416159330401,0.005705416159330401,0.4664619356923747,0.4664619356923747,0.5,0.5,334.52310000029684,390.0840000005701,3627.0,36.0,1.0,0.0,0.0,1.0
24,4,940020,R24-T4,500,9f8d145529a581a888fe9c63,1,1,1,1.0,1.0,0.47105705854701385,0.47105705854701385,2,0.005705416159330401,0.005705416159330401,0.4664619356923747,0.4664619356923747,0.5,0.5,334.52310000029684,362.96820000097796,3627.0,36.0,1.0,383.0,0.0,0.0
24,4,940021,R24-T4,100,88913a3b7b8cbfd8ebd33505,1,0,0,1.0,1.0,0.554221968318388,0.5638755063869769,2,-0.004824704871716656,-0.004888354840725667,0.4483165627186494,0.4502854192911452,0.5,0.5,347.7370000000519,362.58279999856313,4721.0,36.0,1.0,0.0,0.0,1.0
24,4,940021,R24-T4,200,88913a3b7b8cbfd8ebd33505,1,0,0,1.0,1.0,0.554221968318388,0.5638755063869769,2,-0.004824704871716656,-0.004888354840725667,0.4483165627186494,0.4502854192911452,0.5,0.5,347.7370000000519,358.97019999902113,4721.0,36.0,1.0,0.0,0.0,1.0
24,4,940021,R24-T4,500,88913a3b7b8cbfd8ebd33505,1,1,1,1.0,1.0,0.554221968318388,0.5638755063869769,2,-0.004824704871716656,-0.004888354840725667,0.4483165627186494,0.4502854192911452,0.5,0.5,347.7370000000519,414.98479999972915,4721.0,36.0,1.0,1301.0,0.0,0.0
24,4,940021,R24-T4,50,88913a3b7b8cbfd8ebd33505,1,0,0,1.0,1.0,0.554221968318388,0.5638755063869769,2,-0.004824704871716656,-0.004888354840725667,0.4483165627186494,0.4502854192911452,0.5,0.5,347.7370000000519,408.41700000055425,4721.0,36.0,1.0,0.0,0.0,1.0
24,4,940022,R24-T4,200,fd96c81c939686f13cf6bbc8,1,0,1,1.0,1.0,0.615888388539912,0.6207982013018143,2,-0.07470387016317985,-0.07571767701273255,0.3815136093010283,0.3795833645866939,0.5,0.5,272.8538999999728,62.2551000014937,583.0,24.0,1.0,203.0,0.0,0.0
24,4,940022,R24-T4,500,fd96c81c939686f13cf6bbc8,1,1,1,1.0,1.0,0.615888388539912,0.6207982013018143,2,-0.07470387016317985,-0.07571767701273255,0.3815136093010283,0.3795833645866939,0.5,0.5,272.8538999999728,61.992800001462456,583.0,24.0,1.0,203.0,0.0,0.0
24,4,940022,R24-T4,50,fd96c81c939686f13cf6bbc8,1,0,0,1.0,1.0,0.615888388539912,0.6207982013018143,2,-0.07470387016317985,-0.07571767701273255,0.3815136093010283,0.3795833645866939,0.5,0.5,272.8538999999728,60.09280000034778,583.0,24.0,1.0,0.0,0.0,1.0
24,4,940022,R24-T4,100,fd96c81c939686f13cf6bbc8,1,0,1,1.0,1.0,0.615888388539912,0.6207982013018143,2,-0.07470387016317985,-0.07571767701273255,0.3815136093010283,0.3795833645866939,0.5,0.5,272.8538999999728,62.54090000038559,583.0,24.0,1.0,203.0,0.0,0.0
24,4,940023,R24-T4,500,f6a3244de00451b72802640b,1,1,1,1.0,1.0,0.45394105925216255,0.45331528860200077,2,0.007833592134081468,-0.051401366915983834,0.5427386862053518,0.4220531056163568,0.75,0.5,318.49289999991015,155.90870000050927,1379.0,15.0,1.0,29.0,0.0,0.0
24,4,940023,R24-T4,50,f6a3244de00451b72802640b,1,0,0,1.0,1.0,0.45394105925216255,0.45331528860200077,2,0.007833592134081468,-0.051401366915983834,0.5427386862053518,0.4220531056163568,0.75,0.5,318.49289999991015,155.5752999993274,1379.0,15.0,1.0,0.0,0.0,1.0
24,4,940023,R24-T4,100,f6a3244de00451b72802640b,1,0,0,1.0,1.0,0.45394105925216255,0.45331528860200077,2,0.007833592134081468,-0.051401366915983834,0.5427386862053518,0.4220531056163568,0.75,0.5,318.49289999991015,153.0683000000863,1379.0,15.0,1.0,0.0,0.0,1.0
24,4,940023,R24-T4,200,f6a3244de00451b72802640b,1,0,1,1.0,1.0,0.45394105925216255,0.45331528860200077,2,0.007833592134081468,-0.051401366915983834,0.5427386862053518,0.4220531056163568,0.75,0.5,318.49289999991015,197.19459999942046,1379.0,15.0,1.0,29.0,0.0,0.0
24,4,940024,R24-T4,50,ffc174d74b1890cf4e88bbab,1,0,0,1.0,1.0,0.5200680516732432,0.5070398861426123,2,0.04226767438116649,0.020056413565572723,0.5970316275344582,0.46230286306386065,0.75,0.5,371.6306000005716,577.1068000012747,6335.0,36.0,1.0,0.0,0.0,1.0
24,4,940024,R24-T4,100,ffc174d74b1890cf4e88bbab,1,0,0,1.0,1.0,0.5200680516732432,0.5070398861426123,2,0.04226767438116649,0.020056413565572723,0.5970316275344582,0.46230286306386065,0.75,0.5,371.6306000005716,645.074799998838,6335.0,36.0,1.0,0.0,0.0,1.0
24,4,940024,R24-T4,200,ffc174d74b1890cf4e88bbab,1,0,0,1.0,1.0,0.5200680516732432,0.5070398861426123,2,0.04226767438116649,0.020056413565572723,0.5970316275344582,0.46230286306386065,0.75,0.5,371.6306000005716,555.0113999997848,6335.0,36.0,1.0,0.0,0.0,1.0
24,4,940024,R24-T4,500,ffc174d74b1890cf4e88bbab,1,1,0,1.0,1.0,0.5200680516732432,0.5070398861426123,2,0.04226767438116649,0.020056413565572723,0.5970316275344582,0.46230286306386065,0.75,0.5,371.6306000005716,570.3852999995433,6335.0,36.0,1.0,0.0,0.0,1.0
24,4,940025,R24-T4,100,1a80c299bb764d2bc9053eac,1,0,0,1.0,1.0,0.4646927099441434,0.46808125450201626,3,-0.05917355463088899,-0.05930086294360167,0.4868088255126968,0.48647885365310717,0.75,0.75,356.63039999963075,265.2336000010109,2846.0,36.0,1.0,0.0,0.0,1.0
24,4,940025,R24-T4,200,1a80c299bb764d2bc9053eac,1,0,0,1.0,1.0,0.4646927099441434,0.46808125450201626,3,-0.05917355463088899,-0.05930086294360167,0.4868088255126968,0.48647885365310717,0.75,0.75,356.63039999963075,279.7523999997793,2846.0,36.0,1.0,0.0,0.0,1.0
24,4,940025,R24-T4,500,1a80c299bb764d2bc9053eac,1,1,1,1.0,1.0,0.4646927099441434,0.46808125450201626,3,-0.05917355463088899,-0.05930086294360167,0.4868088255126968,0.48647885365310717,0.75,0.75,356.63039999963075,295.2189999996335,2846.0,36.0,1.0,1165.0,0.0,0.0
24,4,940025,R24-T4,50,1a80c299bb764d2bc9053eac,1,0,0,1.0,1.0,0.4646927099441434,0.46808125450201626,3,-0.05917355463088899,-0.05930086294360167,0.4868088255126968,0.48647885365310717,0.75,0.75,356.63039999963075,302.3075000000972,2846.0,36.0,1.0,0.0,0.0,1.0
24,4,940026,R24-T4,200,a20b4d7cbbd8302cd2812648,1,0,1,1.0,1.0,0.3939644061350449,0.39785424772774003,2,0.021929980337489843,-0.0402433991283295,0.564508417224565,0.4013773344404868,0.75,0.5,326.638800001092,69.87449999905948,2354.0,31.0,1.0,327.0,0.0,0.0
24,4,940026,R24-T4,500,a20b4d7cbbd8302cd2812648,1,1,1,1.0,1.0,0.3939644061350449,0.39785424772774003,2,0.021929980337489843,-0.0402433991283295,0.564508417224565,0.4013773344404868,0.75,0.5,326.638800001092,76.24980000036885,2354.0,31.0,1.0,327.0,0.0,0.0
24,4,940026,R24-T4,50,a20b4d7cbbd8302cd2812648,1,0,0,1.0,1.0,0.3939644061350449,0.39785424772774003,2,0.021929980337489843,-0.0402433991283295,0.564508417224565,0.4013773344404868,0.75,0.5,326.638800001092,70.170799999687,2354.0,31.0,1.0,0.0,0.0,1.0
24,4,940026,R24-T4,100,a20b4d7cbbd8302cd2812648,1,0,1,1.0,1.0,0.3939644061350449,0.39785424772774003,2,0.021929980337489843,-0.0402433991283295,0.564508417224565,0.4013773344404868,0.75,0.5,326.638800001092,66.79850000000442,2354.0,31.0,1.0,327.0,0.0,0.0
24,4,940027,R24-T4,500,39193b3a2646015f8f39fbbd,1,1,1,1.0,1.0,0.6738539049220742,0.6738539049220742,1,-0.08954022952559251,-0.08954022952559251,0.3038775040107906,0.3038775040107906,0.25,0.25,266.7042000011861,41.28160000072967,49.0,12.0,0.0,38.0,0.0,0.0
24,4,940027,R24-T4,50,39193b3a2646015f8f39fbbd,1,0,1,1.0,1.0,0.6738539049220742,0.6738539049220742,1,-0.08954022952559251,-0.08954022952559251,0.3038775040107906,0.3038775040107906,0.25,0.25,266.7042000011861,39.41159999885713,49.0,12.0,0.0,38.0,0.0,0.0
24,4,940027,R24-T4,100,39193b3a2646015f8f39fbbd,1,0,1,1.0,1.0,0.6738539049220742,0.6738539049220742,1,-0.08954022952559251,-0.08954022952559251,0.3038775040107906,0.3038775040107906,0.25,0.25,266.7042000011861,39.530799998829025,49.0,12.0,0.0,38.0,0.0,0.0
24,4,940027,R24-T4,200,39193b3a2646015f8f39fbbd,1,0,1,1.0,1.0,0.6738539049220742,0.6738539049220742,1,-0.08954022952559251,-0.08954022952559251,0.3038775040107906,0.3038775040107906,0.25,0.25,266.7042000011861,41.093799998634495,49.0,12.0,0.0,38.0,0.0,0.0
24,4,940028,R24-T4,50,c8b80b711e3031cb16991981,1,0,0,1.0,1.0,0.4521765065157288,0.43515909105686296,3,0.05789863991473365,0.04104731039756668,0.5908806149258913,0.5581667926350956,0.75,0.75,414.91510000014387,263.79739999902085,4467.0,36.0,1.0,0.0,0.0,1.0
24,4,940028,R24-T4,100,c8b80b711e3031cb16991981,1,0,0,1.0,1.0,0.4521765065157288,0.43515909105686296,3,0.05789863991473365,0.04104731039756668,0.5908806149258913,0.5581667926350956,0.75,0.75,414.91510000014387,258.7788000000728,4467.0,36.0,1.0,0.0,0.0,1.0
24,4,940028,R24-T4,200,c8b80b711e3031cb16991981,1,0,0,1.0,1.0,0.4521765065157288,0.43515909105686296,3,0.05789863991473365,0.04104731039756668,0.5908806149258913,0.5581667926350956,0.75,0.75,414.91510000014387,267.5601999999344,4467.0,36.0,1.0,0.0,0.0,1.0
24,4,940028,R24-T4,500,c8b80b711e3031cb16991981,1,1,1,1.0,1.0,0.4521765065157288,0.43515909105686296,3,0.05789863991473365,0.04104731039756668,0.5908806149258913,0.5581667926350956,0.75,0.75,414.91510000014387,317.7594000007957,4467.0,36.0,1.0,1870.0,0.0,0.0
24,4,940029,R24-T4,100,45b0f353a2bc79d2da25a2a3,1,0,0,1.0,1.0,0.5059866084462388,0.5129970792730446,3,0.07358091026075159,0.01907976588708521,0.6943032196128249,0.5582253067037285,1.0,0.75,316.19970000065223,101.40470000078494,2582.0,35.0,1.0,0.0,0.0,1.0
24,4,940029,R24-T4,200,45b0f353a2bc79d2da25a2a3,1,0,1,1.0,1.0,0.5059866084462388,0.5135429591497922,3,0.07358091026075159,0.02146417549556584,0.6943032196128249,0.5608604995031684,1.0,0.75,316.19970000065223,101.63740000098187,2582.0,35.0,1.0,613.0,0.0,0.0
24,4,940029,R24-T4,500,45b0f353a2bc79d2da25a2a3,1,1,1,1.0,1.0,0.5059866084462388,0.5135429591497922,3,0.07358091026075159,0.02146417549556584,0.6943032196128249,0.5608604995031684,1.0,0.75,316.19970000065223,99.36580000066897,2582.0,35.0,1.0,613.0,0.0,0.0
24,4,940029,R24-T4,50,45b0f353a2bc79d2da25a2a3,1,0,0,1.0,1.0,0.5059866084462388,0.5129970792730446,3,0.07358091026075159,0.01907976588708521,0.6943032196128249,0.5582253067037285,1.0,0.75,316.19970000065223,95.88110000004235,2582.0,35.0,1.0,0.0,0.0,1.0
24,8,940000,R24-T8,50,ce0ab87e54d798bc1a262937,1,0,0,1.0,1.0,0.4281156225254777,0.4208439746052619,5,0.04194901623801103,0.012245066253209022,0.56160248011566,0.5022799558432598,0.75,0.625,794.4514999999228,1176.766199998383,9540.0,72.0,1.0,0.0,0.0,1.0
24,8,940000,R24-T8,100,ce0ab87e54d798bc1a262937,1,0,0,1.0,1.0,0.4281156225254777,0.4208439746052619,5,0.04194901623801103,0.012245066253209022,0.56160248011566,0.5022799558432598,0.75,0.625,794.4514999999228,1150.7741000004899,9540.0,72.0,1.0,0.0,0.0,1.0
24,8,940000,R24-T8,200,ce0ab87e54d798bc1a262937,1,0,0,1.0,1.0,0.4281156225254777,0.4208439746052619,5,0.04194901623801103,0.012245066253209022,0.56160248011566,0.5022799558432598,0.75,0.625,794.4514999999228,1188.1258000012167,9540.0,72.0,1.0,0.0,0.0,1.0
24,8,940000,R24-T8,500,ce0ab87e54d798bc1a262937,1,0,0,1.0,1.0,0.4281156225254777,0.4208439746052619,5,0.04194901623801103,0.012245066253209022,0.56160248011566,0.5022799558432598,0.75,0.625,794.4514999999228,1154.8870999995415,9540.0,72.0,1.0,0.0,0.0,1.0
24,8,940001,R24-T8,100,27110d23579e9463e534d956,1,0,0,1.0,1.0,0.5632991509232336,0.5698415283645402,5,-0.004821936145052691,-0.031219095932359463,0.5250796048015334,0.468491481883638,0.75,0.625,680.7301999997435,212.23669999926642,3496.0,48.0,1.0,0.0,0.0,1.0
24,8,940001,R24-T8,200,27110d23579e9463e534d956,1,0,0,1.0,1.0,0.5632991509232336,0.5698415283645402,5,-0.004821936145052691,-0.031219095932359463,0.5250796048015334,0.468491481883638,0.75,0.625,680.7301999997435,208.28079999955662,3496.0,48.0,1.0,0.0,0.0,1.0
24,8,940001,R24-T8,500,27110d23579e9463e534d956,1,0,1,1.0,1.0,0.5632991509232336,0.5698415283645402,5,-0.004821936145052691,-0.031219095932359463,0.5250796048015334,0.468491481883638,0.75,0.625,680.7301999997435,463.5730000009062,3496.0,48.0,1.0,22118.0,0.0,0.0
24,8,940001,R24-T8,50,27110d23579e9463e534d956,1,0,0,1.0,1.0,0.5632991509232336,0.5698415283645402,5,-0.004821936145052691,-0.031219095932359463,0.5250796048015334,0.468491481883638,0.75,0.625,680.7301999997435,232.90590000033262,3496.0,48.0,1.0,0.0,0.0,1.0
24,8,940002,R24-T8,200,8e202ff8981c979743d9a420,1,0,0,1.0,1.0,0.5510293932993947,0.559241487190112,5,0.0008632789707639366,-0.015126561047340531,0.5472399131856257,0.4843470008468664,0.75,0.625,714.7046999998565,885.0134000003891,9078.0,72.0,1.0,0.0,0.0,1.0
24,8,940002,R24-T8,500,8e202ff8981c979743d9a420,1,0,0,1.0,1.0,0.5510293932993947,0.559241487190112,5,0.0008632789707639366,-0.015126561047340531,0.5472399131856257,0.4843470008468664,0.75,0.625,714.7046999998565,804.8190999998042,9078.0,72.0,1.0,0.0,0.0,1.0
24,8,940002,R24-T8,50,8e202ff8981c979743d9a420,1,0,0,1.0,1.0,0.5510293932993947,0.559241487190112,5,0.0008632789707639366,-0.015126561047340531,0.5472399131856257,0.4843470008468664,0.75,0.625,714.7046999998565,817.6468000001478,9078.0,72.0,1.0,0.0,0.0,1.0
24,8,940002,R24-T8,100,8e202ff8981c979743d9a420,1,0,0,1.0,1.0,0.5510293932993947,0.559241487190112,5,0.0008632789707639366,-0.015126561047340531,0.5472399131856257,0.4843470008468664,0.75,0.625,714.7046999998565,818.5420999998314,9078.0,72.0,1.0,0.0,0.0,1.0
24,8,940003,R24-T8,500,03152ef1930396dfe505f9bc,1,0,1,1.0,1.0,0.5439257482547899,0.5805346970106385,3,-0.09036142541267421,-0.09303915524727399,0.314624293819368,0.3660480803368867,0.375,0.5,658.1356000006053,446.33670000075654,5496.0,60.0,1.0,22215.0,0.0,0.0
24,8,940003,R24-T8,50,03152ef1930396dfe505f9bc,1,0,0,1.0,1.0,0.5439257482547899,0.5805346970106385,3,-0.09036142541267421,-0.09303915524727399,0.314624293819368,0.3660480803368867,0.375,0.5,658.1356000006053,179.64070000016363,5496.0,60.0,1.0,0.0,0.0,1.0
24,8,940003,R24-T8,100,03152ef1930396dfe505f9bc,1,0,0,1.0,1.0,0.5439257482547899,0.5805346970106385,3,-0.09036142541267421,-0.09303915524727399,0.314624293819368,0.3660480803368867,0.375,0.5,658.1356000006053,181.27169999934267,5496.0,60.0,1.0,0.0,0.0,1.0
24,8,940003,R24-T8,200,03152ef1930396dfe505f9bc,1,0,0,1.0,1.0,0.5439257482547899,0.5805346970106385,3,-0.09036142541267421,-0.09303915524727399,0.314624293819368,0.3660480803368867,0.375,0.5,658.1356000006053,200.07259999874805,5496.0,60.0,1.0,1698.0,0.0,1.0
24,8,940004,R24-T8,50,72ab70eea30fa0be371d5de3,1,0,0,1.0,1.0,0.4571767687331404,0.45134183561735414,4,0.007769011927416705,-0.03461683640114398,0.5745262905139552,0.42702657814709105,0.875,0.5,699.2374999990716,988.0209000002651,9439.0,60.0,1.0,0.0,0.0,1.0
24,8,940004,R24-T8,100,72ab70eea30fa0be371d5de3,1,0,0,1.0,1.0,0.4571767687331404,0.45134183561735414,4,0.007769011927416705,-0.03461683640114398,0.5745262905139552,0.42702657814709105,0.875,0.5,699.2374999990716,895.4487999999401,9439.0,60.0,1.0,0.0,0.0,1.0
24,8,940004,R24-T8,200,72ab70eea30fa0be371d5de3,1,0,0,1.0,1.0,0.4571767687331404,0.45134183561735414,4,0.007769011927416705,-0.03461683640114398,0.5745262905139552,0.42702657814709105,0.875,0.5,699.2374999990716,894.5215000003373,9439.0,60.0,1.0,0.0,0.0,1.0
24,8,940004,R24-T8,500,72ab70eea30fa0be371d5de3,1,0,0,1.0,1.0,0.4571767687331404,0.45134183561735414,4,0.007769011927416705,-0.03461683640114398,0.5745262905139552,0.42702657814709105,0.875,0.5,699.2374999990716,928.4423999997671,9439.0,60.0,1.0,0.0,0.0,1.0
24,8,940005,R24-T8,100,3996f98488cc206943ebbece,1,0,0,1.0,1.0,0.4764853842417757,0.4933762664303092,3,-0.038374734993253126,-0.08063652206439738,0.40780710951681953,0.3433425890727786,0.5,0.375,618.5681999995722,301.4953999991121,2210.0,36.0,1.0,0.0,0.0,1.0
24,8,940005,R24-T8,200,3996f98488cc206943ebbece,1,0,0,1.0,1.0,0.4764853842417757,0.4933762664303092,3,-0.038374734993253126,-0.08063652206439738,0.40780710951681953,0.3433425890727786,0.5,0.375,618.5681999995722,281.93629999987024,2210.0,36.0,1.0,0.0,0.0,1.0
24,8,940005,R24-T8,500,3996f98488cc206943ebbece,1,0,1,1.0,1.0,0.4764853842417757,0.4907607111989864,3,-0.038374734993253126,-0.07698693784114607,0.40780710951681953,0.3317369230112837,0.5,0.375,618.5681999995722,284.23730000031355,2210.0,36.0,1.0,332.0,0.0,0.0
24,8,940005,R24-T8,50,3996f98488cc206943ebbece,1,0,0,1.0,1.0,0.4764853842417757,0.4933762664303092,3,-0.038374734993253126,-0.08063652206439738,0.40780710951681953,0.3433425890727786,0.5,0.375,618.5681999995722,313.8427000012598,2210.0,36.0,1.0,0.0,0.0,1.0
24,8,940006,R24-T8,200,fa56046ee62501d4c47b18c3,1,0,0,1.0,1.0,0.4658362530340033,0.4797928402593423,3,-0.05917543733219547,-0.061404213212465336,0.3580524088217945,0.35548172477082834,0.375,0.375,558.705800000098,200.05850000052305,3698.0,48.0,1.0,731.0,0.0,1.0
24,8,940006,R24-T8,500,fa56046ee62501d4c47b18c3,1,0,1,1.0,1.0,0.4658362530340033,0.4797928402593423,3,-0.05917543733219547,-0.061404213212465336,0.3580524088217945,0.35548172477082834,0.375,0.375,558.705800000098,248.49080000058166,3698.0,48.0,1.0,4861.0,0.0,0.0
24,8,940006,R24-T8,50,fa56046ee62501d4c47b18c3,1,0,0,1.0,1.0,0.4658362530340033,0.4797928402593423,3,-0.05917543733219547,-0.061404213212465336,0.3580524088217945,0.35548172477082834,0.375,0.375,558.705800000098,237.05299999892304,3698.0,48.0,1.0,0.0,0.0,1.0
24,8,940006,R24-T8,100,fa56046ee62501d4c47b18c3,1,0,0,1.0,1.0,0.4658362530340033,0.4797928402593423,3,-0.05917543733219547,-0.061404213212465336,0.3580524088217945,0.35548172477082834,0.375,0.375,558.705800000098,242.8976999999577,3698.0,48.0,1.0,0.0,0.0,1.0
24,8,940007,R24-T8,500,da7ddd38819790a38c0188ba,1,0,0,1.0,1.0,0.5084871966098773,0.4994094393047723,3,-0.00034326234972766045,-0.02210811778629837,0.44686294638866114,0.3941005588171953,0.5,0.375,726.4744000003702,542.5049999994371,8128.0,36.0,1.0,0.0,0.0,1.0
24,8,940007,R24-T8,50,da7ddd38819790a38c0188ba,1,0,0,1.0,1.0,0.5084871966098773,0.4994094393047723,3,-0.00034326234972766045,-0.02210811778629837,0.44686294638866114,0.3941005588171953,0.5,0.375,726.4744000003702,536.4274000003206,8128.0,36.0,1.0,0.0,0.0,1.0
24,8,940007,R24-T8,100,da7ddd38819790a38c0188ba,1,0,0,1.0,1.0,0.5084871966098773,0.4994094393047723,3,-0.00034326234972766045,-0.02210811778629837,0.44686294638866114,0.3941005588171953,0.5,0.375,726.4744000003702,563.2484999987355,8128.0,36.0,1.0,0.0,0.0,1.0
24,8,940007,R24-T8,200,da7ddd38819790a38c0188ba,1,0,0,1.0,1.0,0.5084871966098773,0.4994094393047723,3,-0.00034326234972766045,-0.02210811778629837,0.44686294638866114,0.3941005588171953,0.5,0.375,726.4744000003702,528.9091000013286,8128.0,36.0,1.0,0.0,0.0,1.0
24,8,940008,R24-T8,50,b83a32ea1322163794294bb7,1,0,0,1.0,1.0,0.499842202401956,0.5011066353884603,4,-0.038476360329945475,-0.040388722143033635,0.40210775260637965,0.4199964101414601,0.5,0.5,695.261599999867,996.4027999994869,9996.0,72.0,1.0,0.0,0.0,1.0
24,8,940008,R24-T8,100,b83a32ea1322163794294bb7,1,0,0,1.0,1.0,0.499842202401956,0.5011066353884603,4,-0.038476360329945475,-0.040388722143033635,0.40210775260637965,0.4199964101414601,0.5,0.5,695.261599999867,1026.325299999371,9996.0,72.0,1.0,0.0,0.0,1.0
24,8,940008,R24-T8,200,b83a32ea1322163794294bb7,1,0,0,1.0,1.0,0.499842202401956,0.5011066353884603,4,-0.038476360329945475,-0.040388722143033635,0.40210775260637965,0.4199964101414601,0.5,0.5,695.261599999867,1025.2517000008083,9996.0,72.0,1.0,0.0,0.0,1.0
24,8,940008,R24-T8,500,b83a32ea1322163794294bb7,1,0,0,1.0,1.0,0.499842202401956,0.5011066353884603,4,-0.038476360329945475,-0.040388722143033635,0.40210775260637965,0.4199964101414601,0.5,0.5,695.261599999867,947.8469999994559,9996.0,72.0,1.0,0.0,0.0,1.0
24,8,940009,R24-T8,100,2f3983fdbd110e7725efd780,1,0,0,1.0,1.0,0.45297471983120047,0.4784217791889392,2,-0.049339187811727636,-0.06780047782062074,0.40567979938634524,0.30340357235272386,0.5,0.25,640.3809000003093,503.97200000043085,5668.0,36.0,1.0,0.0,0.0,1.0
24,8,940009,R24-T8,200,2f3983fdbd110e7725efd780,1,0,0,1.0,1.0,0.45297471983120047,0.4784217791889392,2,-0.049339187811727636,-0.06780047782062074,0.40567979938634524,0.30340357235272386,0.5,0.25,640.3809000003093,588.5286000011547,5668.0,36.0,1.0,0.0,0.0,1.0
24,8,940009,R24-T8,500,2f3983fdbd110e7725efd780,1,0,0,1.0,1.0,0.45297471983120047,0.4784217791889392,2,-0.049339187811727636,-0.06780047782062074,0.40567979938634524,0.30340357235272386,0.5,0.25,640.3809000003093,565.7860999999684,5668.0,36.0,1.0,0.0,0.0,1.0
24,8,940009,R24-T8,50,2f3983fdbd110e7725efd780,1,0,0,1.0,1.0,0.45297471983120047,0.4784217791889392,2,-0.049339187811727636,-0.06780047782062074,0.40567979938634524,0.30340357235272386,0.5,0.25,640.3809000003093,515.5928999993193,5668.0,36.0,1.0,0.0,0.0,1.0
24,8,940010,R24-T8,200,b1d400bef2b56246999d3208,1,0,0,1.0,1.0,0.5450767163488762,0.5630888160630831,3,-0.03020484267880997,-0.059210514265933226,0.43287840068126965,0.36353095695064275,0.5,0.375,664.9620999996841,594.9194000004354,7416.0,60.0,1.0,0.0,0.0,1.0
24,8,940010,R24-T8,500,b1d400bef2b56246999d3208,1,0,0,1.0,1.0,0.5450767163488762,0.5630888160630831,3,-0.03020484267880997,-0.059210514265933226,0.43287840068126965,0.36353095695064275,0.5,0.375,664.9620999996841,566.1903000000166,7416.0,60.0,1.0,0.0,0.0,1.0
24,8,940010,R24-T8,50,b1d400bef2b56246999d3208,1,0,0,1.0,1.0,0.5450767163488762,0.5630888160630831,3,-0.03020484267880997,-0.059210514265933226,0.43287840068126965,0.36353095695064275,0.5,0.375,664.9620999996841,537.6935999993293,7416.0,60.0,1.0,0.0,0.0,1.0
24,8,940010,R24-T8,100,b1d400bef2b56246999d3208,1,0,0,1.0,1.0,0.5450767163488762,0.5630888160630831,3,-0.03020484267880997,-0.059210514265933226,0.43287840068126965,0.36353095695064275,0.5,0.375,664.9620999996841,535.0992999992741,7416.0,60.0,1.0,0.0,0.0,1.0
24,8,940011,R24-T8,500,8a08648f5e2b953168041bd1,1,0,0,1.0,1.0,0.46167687491629045,0.45469565247906246,3,-0.04264785417953962,-0.044021756466673556,0.40719405739606795,0.36066061592619636,0.5,0.375,660.1002000006702,567.06000000122,4068.0,48.0,1.0,0.0,0.0,1.0
24,8,940011,R24-T8,50,8a08648f5e2b953168041bd1,1,0,0,1.0,1.0,0.46167687491629045,0.45469565247906246,3,-0.04264785417953962,-0.044021756466673556,0.40719405739606795,0.36066061592619636,0.5,0.375,660.1002000006702,572.8564000000915,4068.0,48.0,1.0,0.0,0.0,1.0
24,8,940011,R24-T8,100,8a08648f5e2b953168041bd1,1,0,0,1.0,1.0,0.46167687491629045,0.45469565247906246,3,-0.04264785417953962,-0.044021756466673556,0.40719405739606795,0.36066061592619636,0.5,0.375,660.1002000006702,601.4142999993055,4068.0,48.0,1.0,0.0,0.0,1.0
24,8,940011,R24-T8,200,8a08648f5e2b953168041bd1,1,0,0,1.0,1.0,0.46167687491629045,0.45469565247906246,3,-0.04264785417953962,-0.044021756466673556,0.40719405739606795,0.36066061592619636,0.5,0.375,660.1002000006702,546.1719000013545,4068.0,48.0,1.0,0.0,0.0,1.0
24,8,940012,R24-T8,50,c669237943273ee1f1ef4c05,1,0,0,1.0,1.0,0.5117922147819959,0.563280597157629,3,-0.047984618751138436,-0.05276044407050973,0.36527355556274677,0.36353727451154727,0.375,0.375,682.3936000000685,542.5195000007079,5164.0,48.0,1.0,0.0,0.0,1.0
24,8,940012,R24-T8,100,c669237943273ee1f1ef4c05,1,0,0,1.0,1.0,0.5117922147819959,0.563280597157629,3,-0.047984618751138436,-0.05276044407050973,0.36527355556274677,0.36353727451154727,0.375,0.375,682.3936000000685,480.3962000005413,5164.0,48.0,1.0,0.0,0.0,1.0
24,8,940012,R24-T8,200,c669237943273ee1f1ef4c05,1,0,0,1.0,1.0,0.5117922147819959,0.563280597157629,3,-0.047984618751138436,-0.05276044407050973,0.36527355556274677,0.36353727451154727,0.375,0.375,682.3936000000685,465.2753999998822,5164.0,48.0,1.0,0.0,0.0,1.0
24,8,940012,R24-T8,500,c669237943273ee1f1ef4c05,1,0,0,1.0,1.0,0.5117922147819959,0.563280597157629,3,-0.047984618751138436,-0.05276044407050973,0.36527355556274677,0.36353727451154727,0.375,0.375,682.3936000000685,500.1150999996753,5164.0,48.0,1.0,6987.0,0.0,1.0
24,8,940013,R24-T8,100,9832638d9424956ae63b9175,1,0,0,1.0,1.0,0.576666346149913,0.5824910511076625,6,-0.01005786102839308,-0.016180854991250188,0.5726302978697548,0.5267040674316771,0.875,0.75,653.693000000203,835.8860999996978,8461.0,83.0,1.0,0.0,0.0,1.0
24,8,940013,R24-T8,200,9832638d9424956ae63b9175,1,0,0,1.0,1.0,0.576666346149913,0.5824910511076625,6,-0.01005786102839308,-0.016180854991250188,0.5726302978697548,0.5267040674316771,0.875,0.75,653.693000000203,928.7867000002734,8461.0,83.0,1.0,0.0,0.0,1.0
24,8,940013,R24-T8,500,9832638d9424956ae63b9175,1,0,0,1.0,1.0,0.576666346149913,0.5824910511076625,6,-0.01005786102839308,-0.016180854991250188,0.5726302978697548,0.5267040674316771,0.875,0.75,653.693000000203,813.8017000001128,8461.0,83.0,1.0,0.0,0.0,1.0
24,8,940013,R24-T8,50,9832638d9424956ae63b9175,1,0,0,1.0,1.0,0.576666346149913,0.5824910511076625,6,-0.01005786102839308,-0.016180854991250188,0.5726302978697548,0.5267040674316771,0.875,0.75,653.693000000203,786.2196000005497,8461.0,83.0,1.0,0.0,0.0,1.0
24,8,940014,R24-T8,200,ab844c95bf5a9a1091e68b5b,1,0,0,1.0,1.0,0.4957487373257233,0.49492324908917196,3,-0.005976622158776132,-0.05104033702297507,0.5214056812176695,0.38124725566824436,0.75,0.375,711.9622999998683,542.3413999997138,7950.0,48.0,1.0,0.0,0.0,1.0
24,8,940014,R24-T8,500,ab844c95bf5a9a1091e68b5b,1,0,0,1.0,1.0,0.4957487373257233,0.49492324908917196,3,-0.005976622158776132,-0.05104033702297507,0.5214056812176695,0.38124725566824436,0.75,0.375,711.9622999998683,544.3291999999929,7950.0,48.0,1.0,0.0,0.0,1.0
24,8,940014,R24-T8,50,ab844c95bf5a9a1091e68b5b,1,0,0,1.0,1.0,0.4957487373257233,0.49492324908917196,3,-0.005976622158776132,-0.05104033702297507,0.5214056812176695,0.38124725566824436,0.75,0.375,711.9622999998683,508.8942999991559,7950.0,48.0,1.0,0.0,0.0,1.0
24,8,940014,R24-T8,100,ab844c95bf5a9a1091e68b5b,1,0,0,1.0,1.0,0.4957487373257233,0.49492324908917196,3,-0.005976622158776132,-0.05104033702297507,0.5214056812176695,0.38124725566824436,0.75,0.375,711.9622999998683,498.73850000039965,7950.0,48.0,1.0,0.0,0.0,1.0
24,8,940015,R24-T8,500,bf535920362cd5672d289d57,1,0,0,1.0,1.0,0.5658124296538815,0.5613747609190047,3,0.01313917604021235,-0.023483090079747873,0.5147944023003463,0.3992834246701768,0.625,0.375,657.4645000000601,535.7585999990988,5166.0,48.0,1.0,0.0,0.0,1.0
24,8,940015,R24-T8,50,bf535920362cd5672d289d57,1,0,0,1.0,1.0,0.5658124296538815,0.5613747609190047,3,0.01313917604021235,-0.023483090079747873,0.5147944023003463,0.3992834246701768,0.625,0.375,657.4645000000601,572.791500000676,5166.0,48.0,1.0,0.0,0.0,1.0
24,8,940015,R24-T8,100,bf535920362cd5672d289d57,1,0,0,1.0,1.0,0.5658124296538815,0.5613747609190047,3,0.01313917604021235,-0.023483090079747873,0.5147944023003463,0.3992834246701768,0.625,0.375,657.4645000000601,610.5616999993799,5166.0,48.0,1.0,0.0,0.0,1.0
24,8,940015,R24-T8,200,bf535920362cd5672d289d57,1,0,0,1.0,1.0,0.5658124296538815,0.5613747609190047,3,0.01313917604021235,-0.023483090079747873,0.5147944023003463,0.3992834246701768,0.625,0.375,657.4645000000601,536.2172999994073,5166.0,48.0,1.0,0.0,0.0,1.0
24,8,940016,R24-T8,50,6aee19cabf811a2993c0e710,1,0,0,1.0,1.0,0.5261138982471024,0.5196396394041656,5,-0.03200204282518604,-0.0760951827076868,0.5123514230181593,0.4311839383494884,0.75,0.625,614.5090000009077,1043.3852999994997,8820.0,60.0,1.0,0.0,0.0,1.0
24,8,940016,R24-T8,100,6aee19cabf811a2993c0e710,1,0,0,1.0,1.0,0.5261138982471024,0.5196396394041656,5,-0.03200204282518604,-0.0760951827076868,0.5123514230181593,0.4311839383494884,0.75,0.625,614.5090000009077,977.4557999990066,8820.0,60.0,1.0,0.0,0.0,1.0
24,8,940016,R24-T8,200,6aee19cabf811a2993c0e710,1,0,0,1.0,1.0,0.5261138982471024,0.5196396394041656,5,-0.03200204282518604,-0.0760951827076868,0.5123514230181593,0.4311839383494884,0.75,0.625,614.5090000009077,979.8666000006051,8820.0,60.0,1.0,0.0,0.0,1.0
24,8,940016,R24-T8,500,6aee19cabf811a2993c0e710,1,0,0,1.0,1.0,0.5261138982471024,0.5196396394041656,5,-0.03200204282518604,-0.0760951827076868,0.5123514230181593,0.4311839383494884,0.75,0.625,614.5090000009077,946.7538999997487,8820.0,60.0,1.0,0.0,0.0,1.0
24,8,940017,R24-T8,100,e8db5b2a592261d3cd2f565f,1,0,0,1.0,1.0,0.5829445454548525,0.5854379196236658,4,-0.07870080835230829,-0.07904925551222006,0.3843047442557521,0.38488930682978423,0.5,0.5,584.2912000007345,362.75299999942945,4146.0,42.0,1.0,0.0,0.0,1.0
24,8,940017,R24-T8,200,e8db5b2a592261d3cd2f565f,1,0,0,1.0,1.0,0.5829445454548525,0.5854379196236658,4,-0.07870080835230829,-0.07904925551222006,0.3843047442557521,0.38488930682978423,0.5,0.5,584.2912000007345,364.49700000048324,4146.0,42.0,1.0,0.0,0.0,1.0
24,8,940017,R24-T8,500,e8db5b2a592261d3cd2f565f,1,0,1,1.0,1.0,0.5829445454548525,0.5854379196236658,4,-0.07870080835230829,-0.07904925551222006,0.3843047442557521,0.38488930682978423,0.5,0.5,584.2912000007345,470.2981999998883,4146.0,42.0,1.0,6134.0,0.0,0.0
24,8,940017,R24-T8,50,e8db5b2a592261d3cd2f565f,1,0,0,1.0,1.0,0.5829445454548525,0.5854379196236658,4,-0.07870080835230829,-0.07904925551222006,0.3843047442557521,0.38488930682978423,0.5,0.5,584.2912000007345,397.47890000035113,4146.0,42.0,1.0,0.0,0.0,1.0
24,8,940018,R24-T8,200,d35e55d83545f9577ea32ae4,1,0,0,1.0,1.0,0.6055194109934269,0.5656204941571783,1,-0.021440916270712027,-0.08799260005603005,0.4805629536662681,0.24131585972152803,0.625,0.125,604.6683000004123,376.7501000002085,4301.0,25.0,1.0,0.0,0.0,1.0
24,8,940018,R24-T8,500,d35e55d83545f9577ea32ae4,1,0,1,1.0,1.0,0.647469445566082,0.647469445566082,2,-0.021440916270712027,-0.07190771608880593,0.4805629536662681,0.3001542042654425,0.625,0.25,604.6683000004123,459.7537999998167,4301.0,25.0,1.0,660.0,0.0,0.0
24,8,940018,R24-T8,50,d35e55d83545f9577ea32ae4,1,0,0,1.0,1.0,0.6055194109934269,0.5656204941571783,1,-0.021440916270712027,-0.08799260005603005,0.4805629536662681,0.24131585972152803,0.625,0.125,604.6683000004123,400.23889999974926,4301.0,25.0,1.0,0.0,0.0,1.0
24,8,940018,R24-T8,100,d35e55d83545f9577ea32ae4,1,0,0,1.0,1.0,0.6055194109934269,0.5656204941571783,1,-0.021440916270712027,-0.08799260005603005,0.4805629536662681,0.24131585972152803,0.625,0.125,604.6683000004123,410.29560000060883,4301.0,25.0,1.0,0.0,0.0,1.0
24,8,940019,R24-T8,500,e0d2340d460b59114667abe4,1,0,0,1.0,1.0,0.4204963844430381,0.42231134295867007,3,-0.07303480468852973,-0.0750530360534669,0.34367235782559263,0.34183176299217594,0.375,0.375,580.119399999603,569.8307999991812,5061.0,39.0,1.0,0.0,0.0,1.0
24,8,940019,R24-T8,50,e0d2340d460b59114667abe4,1,0,0,1.0,1.0,0.4204963844430381,0.42231134295867007,3,-0.07303480468852973,-0.0750530360534669,0.34367235782559263,0.34183176299217594,0.375,0.375,580.119399999603,598.9164000002347,5061.0,39.0,1.0,0.0,0.0,1.0
24,8,940019,R24-T8,100,e0d2340d460b59114667abe4,1,0,0,1.0,1.0,0.4204963844430381,0.42231134295867007,3,-0.07303480468852973,-0.0750530360534669,0.34367235782559263,0.34183176299217594,0.375,0.375,580.119399999603,609.3934000000445,5061.0,39.0,1.0,0.0,0.0,1.0
24,8,940019,R24-T8,200,e0d2340d460b59114667abe4,1,0,0,1.0,1.0,0.4204963844430381,0.42231134295867007,3,-0.07303480468852973,-0.0750530360534669,0.34367235782559263,0.34183176299217594,0.375,0.375,580.119399999603,580.3718999995908,5061.0,39.0,1.0,0.0,0.0,1.0
24,8,940020,R24-T8,50,473788e9f965f07551ea48ea,1,0,0,1.0,1.0,0.44709849564310006,0.45201843198832525,4,-0.008254632660198644,-0.009771897817379888,0.437160419665629,0.43596859199931837,0.5,0.5,660.6660000015836,718.4391000009782,6255.0,72.0,1.0,0.0,0.0,1.0
24,8,940020,R24-T8,100,473788e9f965f07551ea48ea,1,0,0,1.0,1.0,0.44709849564310006,0.45201843198832525,4,-0.008254632660198644,-0.009771897817379888,0.437160419665629,0.43596859199931837,0.5,0.5,660.6660000015836,687.1881000006397,6255.0,72.0,1.0,0.0,0.0,1.0
24,8,940020,R24-T8,200,473788e9f965f07551ea48ea,1,0,0,1.0,1.0,0.44709849564310006,0.45201843198832525,4,-0.008254632660198644,-0.009771897817379888,0.437160419665629,0.43596859199931837,0.5,0.5,660.6660000015836,676.3730000002397,6255.0,72.0,1.0,0.0,0.0,1.0
24,8,940020,R24-T8,500,473788e9f965f07551ea48ea,1,0,0,1.0,1.0,0.44709849564310006,0.45201843198832525,4,-0.008254632660198644,-0.009771897817379888,0.437160419665629,0.43596859199931837,0.5,0.5,660.6660000015836,680.379699999321,6255.0,72.0,1.0,0.0,0.0,1.0
24,8,940021,R24-T8,100,d99e1e795c704c9c6323d05f,1,0,0,1.0,1.0,0.562483642384504,0.5673104114187985,4,-0.032345073195874846,-0.03570651065929479,0.47311015769253656,0.427767380319864,0.625,0.5,620.7823999993707,540.0059999992664,6182.0,67.0,1.0,0.0,0.0,1.0
24,8,940021,R24-T8,200,d99e1e795c704c9c6323d05f,1,0,0,1.0,1.0,0.562483642384504,0.5673104114187985,4,-0.032345073195874846,-0.03570651065929479,0.47311015769253656,0.427767380319864,0.625,0.5,620.7823999993707,533.2182000001922,6182.0,67.0,1.0,0.0,0.0,1.0
24,8,940021,R24-T8,500,d99e1e795c704c9c6323d05f,1,0,0,1.0,1.0,0.562483642384504,0.5673104114187985,4,-0.032345073195874846,-0.03570651065929479,0.47311015769253656,0.427767380319864,0.625,0.5,620.7823999993707,564.6034000001237,6182.0,67.0,1.0,0.0,0.0,1.0
24,8,940021,R24-T8,50,d99e1e795c704c9c6323d05f,1,0,0,1.0,1.0,0.562483642384504,0.5673104114187985,4,-0.032345073195874846,-0.03570651065929479,0.47311015769253656,0.427767380319864,0.625,0.5,620.7823999993707,527.4376999986998,6182.0,67.0,1.0,0.0,0.0,1.0
24,8,940022,R24-T8,200,018beca44302ef20ca0880fd,1,0,1,1.0,1.0,0.6209040828189678,0.6207982013018143,2,-0.0657387514313921,-0.11698794590195405,0.3917408513452568,0.2576177691983956,0.5,0.25,539.9531999992178,109.96130000057747,708.0,24.0,1.0,207.0,0.0,0.0
24,8,940022,R24-T8,500,018beca44302ef20ca0880fd,1,0,1,1.0,1.0,0.6209040828189678,0.6207982013018143,2,-0.0657387514313921,-0.11698794590195405,0.3917408513452568,0.2576177691983956,0.5,0.25,539.9531999992178,108.42299999967508,708.0,24.0,1.0,207.0,0.0,0.0
24,8,940022,R24-T8,50,018beca44302ef20ca0880fd,1,0,0,1.0,1.0,0.6209040828189678,0.6207982013018143,2,-0.0657387514313921,-0.11698794590195405,0.3917408513452568,0.2576177691983956,0.5,0.25,539.9531999992178,107.97740000089107,708.0,24.0,1.0,0.0,0.0,1.0
24,8,940022,R24-T8,100,018beca44302ef20ca0880fd,1,0,0,1.0,1.0,0.6209040828189678,0.6207982013018143,2,-0.0657387514313921,-0.11698794590195405,0.3917408513452568,0.2576177691983956,0.5,0.25,539.9531999992178,104.30259999884584,708.0,24.0,1.0,0.0,0.0,1.0
24,8,940023,R24-T8,500,5a9d5f1b3e9eed4f4ec158b4,1,0,1,1.0,1.0,0.4661669360298047,0.4656614829742636,3,-0.031217764745030643,-0.06554720397993645,0.419120247732119,0.3447781644143851,0.5,0.375,566.8590999994194,244.06319999980042,1501.0,27.0,1.0,168.0,0.0,0.0
24,8,940023,R24-T8,50,5a9d5f1b3e9eed4f4ec158b4,1,0,0,1.0,1.0,0.4661669360298047,0.46130824418206556,3,-0.031217764745030643,-0.06616838843443804,0.419120247732119,0.34429567847932724,0.5,0.375,566.8590999994194,235.59260000001814,1501.0,27.0,1.0,0.0,0.0,1.0
24,8,940023,R24-T8,100,5a9d5f1b3e9eed4f4ec158b4,1,0,0,1.0,1.0,0.4661669360298047,0.46130824418206556,3,-0.031217764745030643,-0.06616838843443804,0.419120247732119,0.34429567847932724,0.5,0.375,566.8590999994194,209.80360000066867,1501.0,27.0,1.0,0.0,0.0,1.0
24,8,940023,R24-T8,200,5a9d5f1b3e9eed4f4ec158b4,1,0,0,1.0,1.0,0.4661669360298047,0.46130824418206556,3,-0.031217764745030643,-0.06616838843443804,0.419120247732119,0.34429567847932724,0.5,0.375,566.8590999994194,206.78169999882812,1501.0,27.0,1.0,0.0,0.0,1.0
24,8,940024,R24-T8,50,0839dceaea63ec1598c036fd,1,0,0,1.0,1.0,0.4917861152683315,0.5011998514545162,4,0.01597271102301935,0.0020074054855100804,0.5157013810443437,0.44073856650204507,0.625,0.5,730.5944999989151,1028.5137000009854,9246.0,61.0,1.0,0.0,0.0,1.0
24,8,940024,R24-T8,100,0839dceaea63ec1598c036fd,1,0,0,1.0,1.0,0.4917861152683315,0.5011998514545162,4,0.01597271102301935,0.0020074054855100804,0.5157013810443437,0.44073856650204507,0.625,0.5,730.5944999989151,908.5654999998951,9246.0,61.0,1.0,0.0,0.0,1.0
24,8,940024,R24-T8,200,0839dceaea63ec1598c036fd,1,0,0,1.0,1.0,0.4917861152683315,0.5011998514545162,4,0.01597271102301935,0.0020074054855100804,0.5157013810443437,0.44073856650204507,0.625,0.5,730.5944999989151,887.5126000002638,9246.0,61.0,1.0,0.0,0.0,1.0
24,8,940024,R24-T8,500,0839dceaea63ec1598c036fd,1,0,0,1.0,1.0,0.4917861152683315,0.5011998514545162,4,0.01597271102301935,0.0020074054855100804,0.5157013810443437,0.44073856650204507,0.625,0.5,730.5944999989151,887.6341000013781,9246.0,61.0,1.0,0.0,0.0,1.0
24,8,940025,R24-T8,100,2d3f3fbc3366234776e436e1,1,0,0,1.0,1.0,0.5257666597673716,0.5336660949186041,5,-0.08512245513261912,-0.08679412463695871,0.41547468376878693,0.4142997938323953,0.625,0.625,580.1762999999482,499.31199999991804,4704.0,60.0,1.0,0.0,0.0,1.0
24,8,940025,R24-T8,200,2d3f3fbc3366234776e436e1,1,0,0,1.0,1.0,0.5257666597673716,0.5336660949186041,5,-0.08512245513261912,-0.08679412463695871,0.41547468376878693,0.4142997938323953,0.625,0.625,580.1762999999482,504.2492000011407,4704.0,60.0,1.0,0.0,0.0,1.0
24,8,940025,R24-T8,500,2d3f3fbc3366234776e436e1,1,0,0,1.0,1.0,0.5257666597673716,0.5336660949186041,5,-0.08512245513261912,-0.08679412463695871,0.41547468376878693,0.4142997938323953,0.625,0.625,580.1762999999482,557.7661000006628,4704.0,60.0,1.0,0.0,0.0,1.0
24,8,940025,R24-T8,50,2d3f3fbc3366234776e436e1,1,0,0,1.0,1.0,0.5257666597673716,0.5336660949186041,5,-0.08512245513261912,-0.08679412463695871,0.41547468376878693,0.4142997938323953,0.625,0.625,580.1762999999482,497.45939999957045,4704.0,60.0,1.0,0.0,0.0,1.0
24,8,940026,R24-T8,200,d2523dac45962fc198c74da7,1,0,1,1.0,1.0,0.4766664002732681,0.4826155754876152,3,-0.021397671981396457,-0.08964313860605246,0.47904601593497537,0.3207106479527212,0.625,0.375,591.567400000713,162.6061999995727,4387.0,43.0,1.0,3762.0,0.0,0.0
24,8,940026,R24-T8,500,d2523dac45962fc198c74da7,1,0,1,1.0,1.0,0.4766664002732681,0.4826155754876152,3,-0.021397671981396457,-0.08964313860605246,0.47904601593497537,0.3207106479527212,0.625,0.375,591.567400000713,154.99839999938558,4387.0,43.0,1.0,3762.0,0.0,0.0
24,8,940026,R24-T8,50,d2523dac45962fc198c74da7,1,0,0,1.0,1.0,0.4766664002732681,0.4826155754876152,3,-0.021397671981396457,-0.08964313860605246,0.47904601593497537,0.3207106479527212,0.625,0.375,591.567400000713,129.21759999881033,4387.0,43.0,1.0,0.0,0.0,1.0
24,8,940026,R24-T8,100,d2523dac45962fc198c74da7,1,0,0,1.0,1.0,0.4766664002732681,0.4826155754876152,3,-0.021397671981396457,-0.08964313860605246,0.47904601593497537,0.3207106479527212,0.625,0.375,591.567400000713,132.6917999995203,4387.0,43.0,1.0,0.0,0.0,1.0
24,8,940027,R24-T8,500,803a3dc8e6d1536c27ea9509,1,0,1,1.0,1.0,0.5408613493521689,0.5408613493521689,3,-0.0658317829020544,-0.07390101129313889,0.4105205823012732,0.34411586786887316,0.5,0.375,586.9495000006282,415.39109999939683,5047.0,36.0,1.0,2231.0,0.0,0.0
24,8,940027,R24-T8,50,803a3dc8e6d1536c27ea9509,1,0,0,1.0,1.0,0.5408613493521689,0.5408613493521689,3,-0.0658317829020544,-0.07390101129313889,0.4105205823012732,0.34411586786887316,0.5,0.375,586.9495000006282,350.3114999984973,5047.0,36.0,1.0,0.0,0.0,1.0
24,8,940027,R24-T8,100,803a3dc8e6d1536c27ea9509,1,0,0,1.0,1.0,0.5408613493521689,0.5408613493521689,3,-0.0658317829020544,-0.07390101129313889,0.4105205823012732,0.34411586786887316,0.5,0.375,586.9495000006282,381.82749999941734,5047.0,36.0,1.0,0.0,0.0,1.0
24,8,940027,R24-T8,200,803a3dc8e6d1536c27ea9509,1,0,0,1.0,1.0,0.5408613493521689,0.5408613493521689,3,-0.0658317829020544,-0.07390101129313889,0.4105205823012732,0.34411586786887316,0.5,0.375,586.9495000006282,393.38859999952547,5047.0,36.0,1.0,0.0,0.0,1.0
24,8,940028,R24-T8,50,513f054113f6ee98ab4de946,1,0,0,1.0,1.0,0.4436545309783579,0.43515909105686296,3,-0.010327534386430012,-0.03826880717430592,0.43810999794216904,0.365106057666723,0.5,0.375,640.5008000001544,298.5738000006677,5564.0,36.0,1.0,0.0,0.0,1.0
24,8,940028,R24-T8,100,513f054113f6ee98ab4de946,1,0,0,1.0,1.0,0.4436545309783579,0.43515909105686296,3,-0.010327534386430012,-0.03826880717430592,0.43810999794216904,0.365106057666723,0.5,0.375,640.5008000001544,351.5153000007558,5564.0,36.0,1.0,0.0,0.0,1.0
24,8,940028,R24-T8,200,513f054113f6ee98ab4de946,1,0,0,1.0,1.0,0.4436545309783579,0.43515909105686296,3,-0.010327534386430012,-0.03826880717430592,0.43810999794216904,0.365106057666723,0.5,0.375,640.5008000001544,340.6866000004811,5564.0,36.0,1.0,0.0,0.0,1.0
24,8,940028,R24-T8,500,513f054113f6ee98ab4de946,1,0,1,1.0,1.0,0.4436545309783579,0.43515909105686296,3,-0.010327534386430012,-0.03826880717430592,0.43810999794216904,0.365106057666723,0.5,0.375,640.5008000001544,314.1513999999006,5564.0,36.0,1.0,3888.0,0.0,0.0
24,8,940029,R24-T8,100,ea87c14502876cf007f66636,1,0,0,1.0,1.0,0.5530922898747853,0.5536748681333514,4,0.02812340465310159,-0.01974239123941178,0.571727848486971,0.446543518736351,0.75,0.5,654.5570999987831,270.31369999895105,5379.0,71.0,1.0,0.0,0.0,1.0
24,8,940029,R24-T8,200,ea87c14502876cf007f66636,1,0,0,1.0,1.0,0.5530922898747853,0.5536748681333514,4,0.02812340465310159,-0.01974239123941178,0.571727848486971,0.446543518736351,0.75,0.5,654.5570999987831,271.262400001433,5379.0,71.0,1.0,0.0,0.0,1.0
24,8,940029,R24-T8,500,ea87c14502876cf007f66636,1,0,0,1.0,1.0,0.5711609099842544,0.5756947204063865,5,0.02812340465310159,-0.0056154738915352165,0.571727848486971,0.4825857229896138,0.75,0.625,654.5570999987831,500.233599999774,5379.0,71.0,1.0,19214.0,0.0,1.0
24,8,940029,R24-T8,50,ea87c14502876cf007f66636,1,0,0,1.0,1.0,0.5530922898747853,0.5536748681333514,4,0.02812340465310159,-0.01974239123941178,0.571727848486971,0.446543518736351,0.75,0.5,654.5570999987831,304.72740000004706,5379.0,71.0,1.0,0.0,0.0,1.0
24,12,940000,R24-T12,50,a65fa3c9581a1f971f0e9bc1,1,0,0,1.0,1.0,0.4281156225254777,0.4208439746052619,5,-0.011097708610451859,-0.03199363882320012,0.4583611557003196,0.3890989964094075,0.5833333333333334,0.4166666666666667,1075.063100000989,1275.5597999985184,10156.0,84.0,1.0,0.0,0.0,1.0
24,12,940000,R24-T12,100,a65fa3c9581a1f971f0e9bc1,1,0,0,1.0,1.0,0.4281156225254777,0.4208439746052619,5,-0.011097708610451859,-0.03199363882320012,0.4583611557003196,0.3890989964094075,0.5833333333333334,0.4166666666666667,1075.063100000989,1203.4311999996135,10156.0,84.0,1.0,0.0,0.0,1.0
24,12,940000,R24-T12,200,a65fa3c9581a1f971f0e9bc1,1,0,0,1.0,1.0,0.4281156225254777,0.4208439746052619,5,-0.011097708610451859,-0.03199363882320012,0.4583611557003196,0.3890989964094075,0.5833333333333334,0.4166666666666667,1075.063100000989,1272.2138999997696,10156.0,84.0,1.0,0.0,0.0,1.0
24,12,940000,R24-T12,500,a65fa3c9581a1f971f0e9bc1,1,0,0,1.0,1.0,0.4281156225254777,0.4208439746052619,5,-0.011097708610451859,-0.03199363882320012,0.4583611557003196,0.3890989964094075,0.5833333333333334,0.4166666666666667,1075.063100000989,1192.086199998812,10156.0,84.0,1.0,0.0,0.0,1.0
24,12,940001,R24-T12,100,f9c05860600fff03a3b3d9c4,1,0,0,1.0,1.0,0.5546723009752496,0.5461458571272605,7,0.005255218669711108,-0.023653384732642207,0.5177530029658268,0.4700050345177492,0.75,0.6666666666666666,962.451700001111,850.3213000003598,8501.0,84.0,1.0,0.0,0.0,1.0
24,12,940001,R24-T12,200,f9c05860600fff03a3b3d9c4,1,0,0,1.0,1.0,0.5546723009752496,0.5461458571272605,7,0.005255218669711108,-0.023653384732642207,0.5177530029658268,0.4700050345177492,0.75,0.6666666666666666,962.451700001111,952.2701000005327,8501.0,84.0,1.0,0.0,0.0,1.0
24,12,940001,R24-T12,500,f9c05860600fff03a3b3d9c4,1,0,0,1.0,1.0,0.5546723009752496,0.5461458571272605,7,0.005255218669711108,-0.023653384732642207,0.5177530029658268,0.4700050345177492,0.75,0.6666666666666666,962.451700001111,862.7962999998999,8501.0,84.0,1.0,0.0,0.0,1.0
24,12,940001,R24-T12,50,f9c05860600fff03a3b3d9c4,1,0,0,1.0,1.0,0.5546723009752496,0.5461458571272605,7,0.005255218669711108,-0.023653384732642207,0.5177530029658268,0.4700050345177492,0.75,0.6666666666666666,962.451700001111,861.1058999995294,8501.0,84.0,1.0,0.0,0.0,1.0
24,12,940002,R24-T12,200,392d39546000a83ebb0147b9,1,0,0,1.0,1.0,0.5510293932993947,0.559241487190112,5,-0.03722489170538649,-0.047884785050789476,0.42359611477368575,0.3801883899364861,0.5,0.4166666666666667,1047.3798000002716,892.3475000010512,9078.0,72.0,1.0,0.0,0.0,1.0
24,12,940002,R24-T12,500,392d39546000a83ebb0147b9,1,0,0,1.0,1.0,0.5510293932993947,0.559241487190112,5,-0.03722489170538649,-0.047884785050789476,0.42359611477368575,0.3801883899364861,0.5,0.4166666666666667,1047.3798000002716,858.7679000011121,9078.0,72.0,1.0,0.0,0.0,1.0
24,12,940002,R24-T12,50,392d39546000a83ebb0147b9,1,0,0,1.0,1.0,0.5510293932993947,0.559241487190112,5,-0.03722489170538649,-0.047884785050789476,0.42359611477368575,0.3801883899364861,0.5,0.4166666666666667,1047.3798000002716,857.2944999996253,9078.0,72.0,1.0,0.0,0.0,1.0
24,12,940002,R24-T12,100,392d39546000a83ebb0147b9,1,0,0,1.0,1.0,0.5510293932993947,0.559241487190112,5,-0.03722489170538649,-0.047884785050789476,0.42359611477368575,0.3801883899364861,0.5,0.4166666666666667,1047.3798000002716,879.7092999993765,9078.0,72.0,1.0,0.0,0.0,1.0
24,12,940003,R24-T12,500,9608f775ef56249b1b321f9c,1,0,0,1.0,1.0,0.5180534896059467,0.5415542884453016,4,-0.08331058892809,-0.08480145793534362,0.30229390013480867,0.30294160397411546,0.3333333333333333,0.3333333333333333,943.8454999999522,715.0251999992179,10494.0,96.0,1.0,0.0,0.0,1.0
24,12,940003,R24-T12,50,9608f775ef56249b1b321f9c,1,0,0,1.0,1.0,0.5180534896059467,0.5415542884453016,4,-0.08331058892809,-0.08480145793534362,0.30229390013480867,0.30294160397411546,0.3333333333333333,0.3333333333333333,943.8454999999522,761.8380999992951,10494.0,96.0,1.0,0.0,0.0,1.0
24,12,940003,R24-T12,100,9608f775ef56249b1b321f9c,1,0,0,1.0,1.0,0.5180534896059467,0.5415542884453016,4,-0.08331058892809,-0.08480145793534362,0.30229390013480867,0.30294160397411546,0.3333333333333333,0.3333333333333333,943.8454999999522,718.6989999991056,10494.0,96.0,1.0,0.0,0.0,1.0
24,12,940003,R24-T12,200,9608f775ef56249b1b321f9c,1,0,0,1.0,1.0,0.5180534896059467,0.5415542884453016,4,-0.08331058892809,-0.08480145793534362,0.30229390013480867,0.30294160397411546,0.3333333333333333,0.3333333333333333,943.8454999999522,759.7387000005256,10494.0,96.0,1.0,0.0,0.0,1.0
24,12,940004,R24-T12,50,2d073745ddef38daf4ec980a,1,0,0,1.0,1.0,0.45627379730275036,0.4504542215838511,7,0.002444373197856601,-0.025236082036564217,0.507793355045551,0.4435866074889036,0.75,0.5833333333333334,1113.2390000002488,1499.2868999997881,14463.0,108.0,1.0,0.0,0.0,1.0
24,12,940004,R24-T12,100,2d073745ddef38daf4ec980a,1,0,0,1.0,1.0,0.45627379730275036,0.4504542215838511,7,0.002444373197856601,-0.025236082036564217,0.507793355045551,0.4435866074889036,0.75,0.5833333333333334,1113.2390000002488,1403.0314999999973,14463.0,108.0,1.0,0.0,0.0,1.0
24,12,940004,R24-T12,200,2d073745ddef38daf4ec980a,1,0,0,1.0,1.0,0.45627379730275036,0.4504542215838511,7,0.002444373197856601,-0.025236082036564217,0.507793355045551,0.4435866074889036,0.75,0.5833333333333334,1113.2390000002488,1410.69779999998,14463.0,108.0,1.0,0.0,0.0,1.0
24,12,940004,R24-T12,500,2d073745ddef38daf4ec980a,1,0,0,1.0,1.0,0.45627379730275036,0.4504542215838511,7,0.002444373197856601,-0.025236082036564217,0.507793355045551,0.4435866074889036,0.75,0.5833333333333334,1113.2390000002488,1421.280000000479,14463.0,108.0,1.0,0.0,0.0,1.0
24,12,940005,R24-T12,100,85d0107c6876c99d13adde5b,1,0,0,1.0,1.0,0.4822897685331265,0.4933762664303092,3,-0.05739841071501379,-0.10356770007809694,0.36723907355587126,0.2789990981918864,0.4166666666666667,0.25,906.0971999988396,342.55620000112685,2217.0,36.0,1.0,0.0,0.0,1.0
24,12,940005,R24-T12,200,85d0107c6876c99d13adde5b,1,0,0,1.0,1.0,0.4822897685331265,0.4933762664303092,3,-0.05739841071501379,-0.10356770007809694,0.36723907355587126,0.2789990981918864,0.4166666666666667,0.25,906.0971999988396,346.4497000004485,2217.0,36.0,1.0,0.0,0.0,1.0
24,12,940005,R24-T12,500,85d0107c6876c99d13adde5b,1,0,1,1.0,1.0,0.4822897685331265,0.4907607111989864,3,-0.05739841071501379,-0.10113464392926275,0.36723907355587126,0.27124626637315874,0.4166666666666667,0.25,906.0971999988396,352.46270000061486,2217.0,36.0,1.0,586.0,0.0,0.0
24,12,940005,R24-T12,50,85d0107c6876c99d13adde5b,1,0,0,1.0,1.0,0.4822897685331265,0.4933762664303092,3,-0.05739841071501379,-0.10356770007809694,0.36723907355587126,0.2789990981918864,0.4166666666666667,0.25,906.0971999988396,406.3899000011588,2217.0,36.0,1.0,0.0,0.0,1.0
24,12,940006,R24-T12,200,53a1e9dd2883461ecdc582fe,1,0,0,1.0,1.0,0.4677442355195214,0.48271514912094027,5,-0.04109626030508188,-0.04909466011090188,0.40356673883103605,0.3813100562644048,0.5,0.4166666666666667,914.3028999988019,635.852800000066,6937.0,84.0,1.0,0.0,0.0,1.0
24,12,940006,R24-T12,500,53a1e9dd2883461ecdc582fe,1,0,0,1.0,1.0,0.4677442355195214,0.48271514912094027,5,-0.04109626030508188,-0.04909466011090188,0.40356673883103605,0.3813100562644048,0.5,0.4166666666666667,914.3028999988019,574.487500000032,6937.0,84.0,1.0,0.0,0.0,1.0
24,12,940006,R24-T12,50,53a1e9dd2883461ecdc582fe,1,0,0,1.0,1.0,0.4677442355195214,0.48271514912094027,5,-0.04109626030508188,-0.04909466011090188,0.40356673883103605,0.3813100562644048,0.5,0.4166666666666667,914.3028999988019,564.6312999997463,6937.0,84.0,1.0,0.0,0.0,1.0
24,12,940006,R24-T12,100,53a1e9dd2883461ecdc582fe,1,0,0,1.0,1.0,0.4677442355195214,0.48271514912094027,5,-0.04109626030508188,-0.04909466011090188,0.40356673883103605,0.3813100562644048,0.5,0.4166666666666667,914.3028999988019,598.569599998882,6937.0,84.0,1.0,0.0,0.0,1.0
24,12,940007,R24-T12,500,d2fc4c85e3a9e35292310255,1,0,0,1.0,1.0,0.4944194301435642,0.46623169255184943,4,0.003966133282691094,-0.036396851231780596,0.46327415955819823,0.357324362066408,0.5833333333333334,0.3333333333333333,1047.5786999995762,1140.1003999999375,13297.0,60.0,1.0,0.0,0.0,1.0
24,12,940007,R24-T12,50,d2fc4c85e3a9e35292310255,1,0,0,1.0,1.0,0.4944194301435642,0.46623169255184943,4,0.003966133282691094,-0.036396851231780596,0.46327415955819823,0.357324362066408,0.5833333333333334,0.3333333333333333,1047.5786999995762,1165.504200000214,13297.0,60.0,1.0,0.0,0.0,1.0
24,12,940007,R24-T12,100,d2fc4c85e3a9e35292310255,1,0,0,1.0,1.0,0.4944194301435642,0.46623169255184943,4,0.003966133282691094,-0.036396851231780596,0.46327415955819823,0.357324362066408,0.5833333333333334,0.3333333333333333,1047.5786999995762,1120.5785000001924,13297.0,60.0,1.0,0.0,0.0,1.0
24,12,940007,R24-T12,200,d2fc4c85e3a9e35292310255,1,0,0,1.0,1.0,0.4944194301435642,0.46623169255184943,4,0.003966133282691094,-0.036396851231780596,0.46327415955819823,0.357324362066408,0.5833333333333334,0.3333333333333333,1047.5786999995762,1107.278600000427,13297.0,60.0,1.0,0.0,0.0,1.0
24,12,940008,R24-T12,50,16394fd15d80a6e88eabe156,1,0,0,1.0,1.0,0.4795405109704011,0.48757262074634944,4,-0.03239887028549692,-0.049433755197955814,0.41083275499894106,0.34968253506148284,0.5,0.3333333333333333,1055.992999999944,1457.585800000743,13657.0,96.0,1.0,0.0,0.0,1.0
24,12,940008,R24-T12,100,16394fd15d80a6e88eabe156,1,0,0,1.0,1.0,0.4795405109704011,0.48757262074634944,4,-0.03239887028549692,-0.049433755197955814,0.41083275499894106,0.34968253506148284,0.5,0.3333333333333333,1055.992999999944,1396.7812999999296,13657.0,96.0,1.0,0.0,0.0,1.0
24,12,940008,R24-T12,200,16394fd15d80a6e88eabe156,1,0,0,1.0,1.0,0.4795405109704011,0.48757262074634944,4,-0.03239887028549692,-0.049433755197955814,0.41083275499894106,0.34968253506148284,0.5,0.3333333333333333,1055.992999999944,1434.0722000015376,13657.0,96.0,1.0,0.0,0.0,1.0
24,12,940008,R24-T12,500,16394fd15d80a6e88eabe156,1,0,0,1.0,1.0,0.4795405109704011,0.48757262074634944,4,-0.03239887028549692,-0.049433755197955814,0.41083275499894106,0.34968253506148284,0.5,0.3333333333333333,1055.992999999944,1378.0268999998952,13657.0,96.0,1.0,0.0,0.0,1.0
24,12,940009,R24-T12,100,a4edebe82368cb0aa4ff61db,1,0,0,1.0,1.0,0.5249985485918416,0.5198759244329059,5,-0.03246563850375967,-0.040983546235147994,0.44176946839157516,0.38139400040813387,0.5833333333333334,0.4166666666666667,1178.4865999998146,1168.337099999917,10405.0,72.0,1.0,0.0,0.0,1.0
24,12,940009,R24-T12,200,a4edebe82368cb0aa4ff61db,1,0,0,1.0,1.0,0.5249985485918416,0.5198759244329059,5,-0.03246563850375967,-0.040983546235147994,0.44176946839157516,0.38139400040813387,0.5833333333333334,0.4166666666666667,1178.4865999998146,1155.407299998842,10405.0,72.0,1.0,0.0,0.0,1.0
24,12,940009,R24-T12,500,a4edebe82368cb0aa4ff61db,1,0,0,1.0,1.0,0.5249985485918416,0.5198759244329059,5,-0.03246563850375967,-0.040983546235147994,0.44176946839157516,0.38139400040813387,0.5833333333333334,0.4166666666666667,1178.4865999998146,1439.007799999672,10405.0,72.0,1.0,0.0,0.0,1.0
24,12,940009,R24-T12,50,a4edebe82368cb0aa4ff61db,1,0,0,1.0,1.0,0.5249985485918416,0.5198759244329059,5,-0.03246563850375967,-0.040983546235147994,0.44176946839157516,0.38139400040813387,0.5833333333333334,0.4166666666666667,1178.4865999998146,1294.965000000957,10405.0,72.0,1.0,0.0,0.0,1.0
24,12,940010,R24-T12,200,db56873b16b58036c3af0f5c,1,0,0,1.0,1.0,0.5718484101471187,0.5797331119193533,7,-0.0067436010455356925,-0.02716845513716934,0.4997752328903155,0.44296133242504065,0.6666666666666666,0.5833333333333334,1121.1473000003025,1127.7571999999054,13110.0,108.0,1.0,0.0,0.0,1.0
24,12,940010,R24-T12,500,db56873b16b58036c3af0f5c,1,0,0,1.0,1.0,0.5718484101471187,0.5797331119193533,7,-0.0067436010455356925,-0.02716845513716934,0.4997752328903155,0.44296133242504065,0.6666666666666666,0.5833333333333334,1121.1473000003025,1488.9034000007086,13110.0,108.0,1.0,0.0,0.0,1.0
24,12,940010,R24-T12,50,db56873b16b58036c3af0f5c,1,0,0,1.0,1.0,0.5718484101471187,0.5797331119193533,7,-0.0067436010455356925,-0.02716845513716934,0.4997752328903155,0.44296133242504065,0.6666666666666666,0.5833333333333334,1121.1473000003025,1602.502399999139,13110.0,108.0,1.0,0.0,0.0,1.0
24,12,940010,R24-T12,100,db56873b16b58036c3af0f5c,1,0,0,1.0,1.0,0.5718484101471187,0.5797331119193533,7,-0.0067436010455356925,-0.02716845513716934,0.4997752328903155,0.44296133242504065,0.6666666666666666,0.5833333333333334,1121.1473000003025,1710.5757999997877,13110.0,108.0,1.0,0.0,0.0,1.0
24,12,940011,R24-T12,500,573e00b359ebe50c7e2dc0f1,1,0,0,1.0,1.0,0.47614310475643806,0.46840312374200177,4,-0.02822101881377571,-0.06678846492368919,0.4410630914622035,0.32644432051775346,0.5833333333333334,0.3333333333333333,1045.5310000015743,728.6065999996936,6083.0,72.0,1.0,0.0,0.0,1.0
24,12,940011,R24-T12,50,573e00b359ebe50c7e2dc0f1,1,0,0,1.0,1.0,0.47614310475643806,0.46840312374200177,4,-0.02822101881377571,-0.06678846492368919,0.4410630914622035,0.32644432051775346,0.5833333333333334,0.3333333333333333,1045.5310000015743,782.8356999998505,6083.0,72.0,1.0,0.0,0.0,1.0
24,12,940011,R24-T12,100,573e00b359ebe50c7e2dc0f1,1,0,0,1.0,1.0,0.47614310475643806,0.46840312374200177,4,-0.02822101881377571,-0.06678846492368919,0.4410630914622035,0.32644432051775346,0.5833333333333334,0.3333333333333333,1045.5310000015743,704.1950000002544,6083.0,72.0,1.0,0.0,0.0,1.0
24,12,940011,R24-T12,200,573e00b359ebe50c7e2dc0f1,1,0,0,1.0,1.0,0.47614310475643806,0.46840312374200177,4,-0.02822101881377571,-0.06678846492368919,0.4410630914622035,0.32644432051775346,0.5833333333333334,0.3333333333333333,1045.5310000015743,691.2929999998596,6083.0,72.0,1.0,0.0,0.0,1.0
24,12,940012,R24-T12,50,44d3b448ce233eba50c9fa6a,1,0,0,1.0,1.0,0.5553970799028825,0.5893121883028395,7,-0.031043561490744564,-0.04017508540429432,0.447208451524152,0.45412718015900555,0.5833333333333334,0.5833333333333334,1059.9572000010085,1301.3924000006227,11463.0,96.0,1.0,0.0,0.0,1.0
24,12,940012,R24-T12,100,44d3b448ce233eba50c9fa6a,1,0,0,1.0,1.0,0.5553970799028825,0.5893121883028395,7,-0.031043561490744564,-0.04017508540429432,0.447208451524152,0.45412718015900555,0.5833333333333334,0.5833333333333334,1059.9572000010085,1217.9584999994404,11463.0,96.0,1.0,0.0,0.0,1.0
24,12,940012,R24-T12,200,44d3b448ce233eba50c9fa6a,1,0,0,1.0,1.0,0.5553970799028825,0.5893121883028395,7,-0.031043561490744564,-0.04017508540429432,0.447208451524152,0.45412718015900555,0.5833333333333334,0.5833333333333334,1059.9572000010085,1220.4935000008845,11463.0,96.0,1.0,0.0,0.0,1.0
24,12,940012,R24-T12,500,44d3b448ce233eba50c9fa6a,1,0,0,1.0,1.0,0.5553970799028825,0.5893121883028395,7,-0.031043561490744564,-0.04017508540429432,0.447208451524152,0.45412718015900555,0.5833333333333334,0.5833333333333334,1059.9572000010085,1238.612600000124,11463.0,96.0,1.0,0.0,0.0,1.0
24,12,940013,R24-T12,100,a9a24443d37733389a1225f4,1,0,0,1.0,1.0,0.5552138849494195,0.5523142251219958,8,-0.026541497942523112,-0.030223282528679802,0.504725382971856,0.4761263310120417,0.75,0.6666666666666666,1055.7547999997041,1413.1015999992087,13392.0,131.0,1.0,0.0,0.0,1.0
24,12,940013,R24-T12,200,a9a24443d37733389a1225f4,1,0,0,1.0,1.0,0.5552138849494195,0.5523142251219958,8,-0.026541497942523112,-0.030223282528679802,0.504725382971856,0.4761263310120417,0.75,0.6666666666666666,1055.7547999997041,1393.425499998557,13392.0,131.0,1.0,0.0,0.0,1.0
24,12,940013,R24-T12,500,a9a24443d37733389a1225f4,1,0,0,1.0,1.0,0.5552138849494195,0.5523142251219958,8,-0.026541497942523112,-0.030223282528679802,0.504725382971856,0.4761263310120417,0.75,0.6666666666666666,1055.7547999997041,1391.3221999991947,13392.0,131.0,1.0,0.0,0.0,1.0
24,12,940013,R24-T12,50,a9a24443d37733389a1225f4,1,0,0,1.0,1.0,0.5552138849494195,0.5523142251219958,8,-0.026541497942523112,-0.030223282528679802,0.504725382971856,0.4761263310120417,0.75,0.6666666666666666,1055.7547999997041,1392.344600000797,13392.0,131.0,1.0,0.0,0.0,1.0
24,12,940014,R24-T12,200,2186f25c22747ac2bc993b3b,1,0,0,1.0,1.0,0.498396023268199,0.5011565032009434,5,0.00907542910253717,-0.047161495584838654,0.48822670507398774,0.37573493944316216,0.6666666666666666,0.4166666666666667,1242.658000001029,1233.1027000000176,12948.0,72.0,1.0,0.0,0.0,1.0
24,12,940014,R24-T12,500,2186f25c22747ac2bc993b3b,1,0,0,1.0,1.0,0.498396023268199,0.5011565032009434,5,0.00907542910253717,-0.047161495584838654,0.48822670507398774,0.37573493944316216,0.6666666666666666,0.4166666666666667,1242.658000001029,1063.184699998601,12948.0,72.0,1.0,0.0,0.0,1.0
24,12,940014,R24-T12,50,2186f25c22747ac2bc993b3b,1,0,0,1.0,1.0,0.498396023268199,0.5011565032009434,5,0.00907542910253717,-0.047161495584838654,0.48822670507398774,0.37573493944316216,0.6666666666666666,0.4166666666666667,1242.658000001029,983.0277000000933,12948.0,72.0,1.0,0.0,0.0,1.0
24,12,940014,R24-T12,100,2186f25c22747ac2bc993b3b,1,0,0,1.0,1.0,0.498396023268199,0.5011565032009434,5,0.00907542910253717,-0.047161495584838654,0.48822670507398774,0.37573493944316216,0.6666666666666666,0.4166666666666667,1242.658000001029,1025.7519999995566,12948.0,72.0,1.0,0.0,0.0,1.0
24,12,940015,R24-T12,500,17df485d4ef2e8a04335c6b6,1,0,0,1.0,1.0,0.5524974556565182,0.5543006947407718,5,0.020548242430816082,-0.027989779341664096,0.5322268785302965,0.3981176614313354,0.75,0.4166666666666667,1092.832999998791,1074.4525999998586,9338.0,96.0,1.0,0.0,0.0,1.0
24,12,940015,R24-T12,50,17df485d4ef2e8a04335c6b6,1,0,0,1.0,1.0,0.5524974556565182,0.5543006947407718,5,0.020548242430816082,-0.027989779341664096,0.5322268785302965,0.3981176614313354,0.75,0.4166666666666667,1092.832999998791,1088.4969999988243,9338.0,96.0,1.0,0.0,0.0,1.0
24,12,940015,R24-T12,100,17df485d4ef2e8a04335c6b6,1,0,0,1.0,1.0,0.5524974556565182,0.5543006947407718,5,0.020548242430816082,-0.027989779341664096,0.5322268785302965,0.3981176614313354,0.75,0.4166666666666667,1092.832999998791,1000.7318999996642,9338.0,96.0,1.0,0.0,0.0,1.0
24,12,940015,R24-T12,200,17df485d4ef2e8a04335c6b6,1,0,0,1.0,1.0,0.5524974556565182,0.5543006947407718,5,0.020548242430816082,-0.027989779341664096,0.5322268785302965,0.3981176614313354,0.75,0.4166666666666667,1092.832999998791,1027.9494999995222,9338.0,96.0,1.0,0.0,0.0,1.0
24,12,940016,R24-T12,50,41e72f8e578679e9c04afaad,1,0,0,1.0,1.0,0.5306570238346274,0.5402835779342272,6,-0.031704468623825456,-0.05674022054949105,0.4408296236243755,0.4289535191992138,0.5833333333333334,0.5833333333333334,1118.2835999989038,1374.3020999991131,12125.0,96.0,1.0,0.0,0.0,1.0
24,12,940016,R24-T12,100,41e72f8e578679e9c04afaad,1,0,0,1.0,1.0,0.5306570238346274,0.5402835779342272,6,-0.031704468623825456,-0.05674022054949105,0.4408296236243755,0.4289535191992138,0.5833333333333334,0.5833333333333334,1118.2835999989038,1315.6433000003744,12125.0,96.0,1.0,0.0,0.0,1.0
24,12,940016,R24-T12,200,41e72f8e578679e9c04afaad,1,0,0,1.0,1.0,0.5306570238346274,0.5402835779342272,6,-0.031704468623825456,-0.05674022054949105,0.4408296236243755,0.4289535191992138,0.5833333333333334,0.5833333333333334,1118.2835999989038,1343.4729000000516,12125.0,96.0,1.0,0.0,0.0,1.0
24,12,940016,R24-T12,500,41e72f8e578679e9c04afaad,1,0,0,1.0,1.0,0.5306570238346274,0.5402835779342272,6,-0.031704468623825456,-0.05674022054949105,0.4408296236243755,0.4289535191992138,0.5833333333333334,0.5833333333333334,1118.2835999989038,1306.2463999995089,12125.0,96.0,1.0,0.0,0.0,1.0
24,12,940017,R24-T12,100,9533d08a0c89f2dabab9f71a,1,0,0,1.0,1.0,0.547641029264286,0.5498034212210152,6,-0.052589165200553546,-0.0555089548895007,0.4112696336881323,0.40036393053522346,0.5,0.5,1054.170299999896,919.2026000000624,7944.0,66.0,1.0,0.0,0.0,1.0
24,12,940017,R24-T12,200,9533d08a0c89f2dabab9f71a,1,0,0,1.0,1.0,0.547641029264286,0.5498034212210152,6,-0.052589165200553546,-0.0555089548895007,0.4112696336881323,0.40036393053522346,0.5,0.5,1054.170299999896,1012.0202000016434,7944.0,66.0,1.0,0.0,0.0,1.0
24,12,940017,R24-T12,500,9533d08a0c89f2dabab9f71a,1,0,0,1.0,1.0,0.547641029264286,0.5498034212210152,6,-0.052589165200553546,-0.0555089548895007,0.4112696336881323,0.40036393053522346,0.5,0.5,1054.170299999896,943.9328999997088,7944.0,66.0,1.0,0.0,0.0,1.0
24,12,940017,R24-T12,50,9533d08a0c89f2dabab9f71a,1,0,0,1.0,1.0,0.547641029264286,0.5498034212210152,6,-0.052589165200553546,-0.0555089548895007,0.4112696336881323,0.40036393053522346,0.5,0.5,1054.170299999896,922.3204000008991,7944.0,66.0,1.0,0.0,0.0,1.0
24,12,940018,R24-T12,200,5d7ab694186119812e50ade5,1,0,0,1.0,1.0,0.5061094210638227,0.5091492661873016,5,-0.002986938806305258,-0.044666597289671185,0.5178498957946315,0.38703498990288515,0.75,0.4166666666666667,1189.6099000005051,1157.8896999999415,11623.0,73.0,1.0,0.0,0.0,1.0
24,12,940018,R24-T12,500,5d7ab694186119812e50ade5,1,0,0,1.0,1.0,0.5061094210638227,0.5091492661873016,5,-0.002986938806305258,-0.044666597289671185,0.5178498957946315,0.38703498990288515,0.75,0.4166666666666667,1189.6099000005051,1124.2237000005844,11623.0,73.0,1.0,0.0,0.0,1.0
24,12,940018,R24-T12,50,5d7ab694186119812e50ade5,1,0,0,1.0,1.0,0.5061094210638227,0.5091492661873016,5,-0.002986938806305258,-0.044666597289671185,0.5178498957946315,0.38703498990288515,0.75,0.4166666666666667,1189.6099000005051,1143.7869000001228,11623.0,73.0,1.0,0.0,0.0,1.0
24,12,940018,R24-T12,100,5d7ab694186119812e50ade5,1,0,0,1.0,1.0,0.5061094210638227,0.5091492661873016,5,-0.002986938806305258,-0.044666597289671185,0.5178498957946315,0.38703498990288515,0.75,0.4166666666666667,1189.6099000005051,1125.863199999003,11623.0,73.0,1.0,0.0,0.0,1.0
24,12,940019,R24-T12,500,b8a011a9d191b517f3e851c5,1,0,0,1.0,1.0,0.4480940663864089,0.4455554151880975,4,-0.0675621385651598,-0.08025175441578504,0.35385823786407583,0.3162143736747781,0.4166666666666667,0.3333333333333333,987.4144999994314,674.9027000005299,5545.0,53.0,1.0,0.0,0.0,1.0
24,12,940019,R24-T12,50,b8a011a9d191b517f3e851c5,1,0,0,1.0,1.0,0.4480940663864089,0.4455554151880975,4,-0.0675621385651598,-0.08025175441578504,0.35385823786407583,0.3162143736747781,0.4166666666666667,0.3333333333333333,987.4144999994314,747.8384000005462,5545.0,53.0,1.0,0.0,0.0,1.0
24,12,940019,R24-T12,100,b8a011a9d191b517f3e851c5,1,0,0,1.0,1.0,0.4480940663864089,0.4455554151880975,4,-0.0675621385651598,-0.08025175441578504,0.35385823786407583,0.3162143736747781,0.4166666666666667,0.3333333333333333,987.4144999994314,755.5687999993097,5545.0,53.0,1.0,0.0,0.0,1.0
24,12,940019,R24-T12,200,b8a011a9d191b517f3e851c5,1,0,0,1.0,1.0,0.4480940663864089,0.4455554151880975,4,-0.0675621385651598,-0.08025175441578504,0.35385823786407583,0.3162143736747781,0.4166666666666667,0.3333333333333333,987.4144999994314,707.0696000009775,5545.0,53.0,1.0,0.0,0.0,1.0
24,12,940020,R24-T12,50,68ca3e838a0b3fb36c037d9d,1,0,0,1.0,1.0,0.48151664479786965,0.48067310111613004,5,0.021734359441153334,-0.008910814012876142,0.4803690057842676,0.3990052752686381,0.5833333333333334,0.4166666666666667,1130.702200000087,1254.8569000009593,9941.0,99.0,1.0,0.0,0.0,1.0
24,12,940020,R24-T12,100,68ca3e838a0b3fb36c037d9d,1,0,0,1.0,1.0,0.48151664479786965,0.48067310111613004,5,0.021734359441153334,-0.008910814012876142,0.4803690057842676,0.3990052752686381,0.5833333333333334,0.4166666666666667,1130.702200000087,1330.7817000004434,9941.0,99.0,1.0,0.0,0.0,1.0
24,12,940020,R24-T12,200,68ca3e838a0b3fb36c037d9d,1,0,0,1.0,1.0,0.48151664479786965,0.48067310111613004,5,0.021734359441153334,-0.008910814012876142,0.4803690057842676,0.3990052752686381,0.5833333333333334,0.4166666666666667,1130.702200000087,1151.2416000005032,9941.0,99.0,1.0,0.0,0.0,1.0
24,12,940020,R24-T12,500,68ca3e838a0b3fb36c037d9d,1,0,0,1.0,1.0,0.48151664479786965,0.48067310111613004,5,0.021734359441153334,-0.008910814012876142,0.4803690057842676,0.3990052752686381,0.5833333333333334,0.4166666666666667,1130.702200000087,1094.6623999989242,9941.0,99.0,1.0,0.0,0.0,1.0
24,12,940021,R24-T12,100,19c53096db192f86c5dabf3d,1,0,0,1.0,1.0,0.5517327791059105,0.5543304769228141,5,-0.04289684781422315,-0.05170035067889351,0.4460478330593308,0.37494673483857877,0.5833333333333334,0.4166666666666667,1041.1668999986432,889.3553999987489,9202.0,91.0,1.0,0.0,0.0,1.0
24,12,940021,R24-T12,200,19c53096db192f86c5dabf3d,1,0,0,1.0,1.0,0.5517327791059105,0.5543304769228141,5,-0.04289684781422315,-0.05170035067889351,0.4460478330593308,0.37494673483857877,0.5833333333333334,0.4166666666666667,1041.1668999986432,965.6498000003921,9202.0,91.0,1.0,0.0,0.0,1.0
24,12,940021,R24-T12,500,19c53096db192f86c5dabf3d,1,0,0,1.0,1.0,0.5517327791059105,0.5543304769228141,5,-0.04289684781422315,-0.05170035067889351,0.4460478330593308,0.37494673483857877,0.5833333333333334,0.4166666666666667,1041.1668999986432,996.2296000012429,9202.0,91.0,1.0,0.0,0.0,1.0
24,12,940021,R24-T12,50,19c53096db192f86c5dabf3d,1,0,0,1.0,1.0,0.5517327791059105,0.5543304769228141,5,-0.04289684781422315,-0.05170035067889351,0.4460478330593308,0.37494673483857877,0.5833333333333334,0.4166666666666667,1041.1668999986432,995.4174000013154,9202.0,91.0,1.0,0.0,0.0,1.0
24,12,940022,R24-T12,200,be096cf146998ab9126a2570,1,0,0,1.0,1.0,0.5782272957134416,0.5708201201335907,4,-0.04756339616524307,-0.08306236838900058,0.43277612474079297,0.3164735965015855,0.5833333333333334,0.3333333333333333,980.3285999987565,363.15450000074634,2919.0,48.0,1.0,0.0,0.0,1.0
24,12,940022,R24-T12,500,be096cf146998ab9126a2570,1,0,0,1.0,1.0,0.5782272957134416,0.5708201201335907,4,-0.04756339616524307,-0.08306236838900058,0.43277612474079297,0.3164735965015855,0.5833333333333334,0.3333333333333333,980.3285999987565,500.0677000007272,2919.0,48.0,1.0,26490.0,0.0,1.0
24,12,940022,R24-T12,50,be096cf146998ab9126a2570,1,0,0,1.0,1.0,0.5782272957134416,0.5708201201335907,4,-0.04756339616524307,-0.08306236838900058,0.43277612474079297,0.3164735965015855,0.5833333333333334,0.3333333333333333,980.3285999987565,357.30210000110674,2919.0,48.0,1.0,0.0,0.0,1.0
24,12,940022,R24-T12,100,be096cf146998ab9126a2570,1,0,0,1.0,1.0,0.5782272957134416,0.5708201201335907,4,-0.04756339616524307,-0.08306236838900058,0.43277612474079297,0.3164735965015855,0.5833333333333334,0.3333333333333333,980.3285999987565,337.5155000012455,2919.0,48.0,1.0,0.0,0.0,1.0
24,12,940023,R24-T12,500,1eab0f9576a5d343089f5db9,1,0,0,1.0,1.0,0.5626657797373086,0.5682652187348786,5,-0.019923026874786743,-0.044517532240085284,0.4252836184327427,0.40664104508688453,0.5,0.5,972.3765999988245,806.7270000010467,6933.0,63.0,1.0,0.0,0.0,1.0
24,12,940023,R24-T12,50,1eab0f9576a5d343089f5db9,1,0,0,1.0,1.0,0.5626657797373086,0.5682652187348786,5,-0.019923026874786743,-0.044517532240085284,0.4252836184327427,0.40664104508688453,0.5,0.5,972.3765999988245,848.833599999125,6933.0,63.0,1.0,0.0,0.0,1.0
24,12,940023,R24-T12,100,1eab0f9576a5d343089f5db9,1,0,0,1.0,1.0,0.5626657797373086,0.5682652187348786,5,-0.019923026874786743,-0.044517532240085284,0.4252836184327427,0.40664104508688453,0.5,0.5,972.3765999988245,821.0849000006419,6933.0,63.0,1.0,0.0,0.0,1.0
24,12,940023,R24-T12,200,1eab0f9576a5d343089f5db9,1,0,0,1.0,1.0,0.5626657797373086,0.5682652187348786,5,-0.019923026874786743,-0.044517532240085284,0.4252836184327427,0.40664104508688453,0.5,0.5,972.3765999988245,821.490399999675,6933.0,63.0,1.0,0.0,0.0,1.0
24,12,940024,R24-T12,50,be219558f030bb1a0155e5d0,1,0,0,1.0,1.0,0.5327299997898839,0.5253622027497178,6,-0.005692343005720653,-0.014884712910170647,0.45996566709078257,0.4195052470108405,0.5833333333333334,0.5,1076.5407999988383,1340.6885999993392,13131.0,85.0,1.0,0.0,0.0,1.0
24,12,940024,R24-T12,100,be219558f030bb1a0155e5d0,1,0,0,1.0,1.0,0.5327299997898839,0.5253622027497178,6,-0.005692343005720653,-0.014884712910170647,0.45996566709078257,0.4195052470108405,0.5833333333333334,0.5,1076.5407999988383,1319.1587000001164,13131.0,85.0,1.0,0.0,0.0,1.0
24,12,940024,R24-T12,200,be219558f030bb1a0155e5d0,1,0,0,1.0,1.0,0.5327299997898839,0.5253622027497178,6,-0.005692343005720653,-0.014884712910170647,0.45996566709078257,0.4195052470108405,0.5833333333333334,0.5,1076.5407999988383,1333.5717000009026,13131.0,85.0,1.0,0.0,0.0,1.0
24,12,940024,R24-T12,500,be219558f030bb1a0155e5d0,1,0,0,1.0,1.0,0.5327299997898839,0.5253622027497178,6,-0.005692343005720653,-0.014884712910170647,0.45996566709078257,0.4195052470108405,0.5833333333333334,0.5,1076.5407999988383,1323.1681999986904,13131.0,85.0,1.0,0.0,0.0,1.0
24,12,940025,R24-T12,100,9c039ad84ee67d675ccf974e,1,0,0,1.0,1.0,0.49280294640654804,0.4909009442656615,6,-0.04984970730221969,-0.07384864292926227,0.45254418958618137,0.38710737678695206,0.6666666666666666,0.5,986.3079999995534,836.5056999991793,8729.0,84.0,1.0,0.0,0.0,1.0
24,12,940025,R24-T12,200,9c039ad84ee67d675ccf974e,1,0,0,1.0,1.0,0.49280294640654804,0.4909009442656615,6,-0.04984970730221969,-0.07384864292926227,0.45254418958618137,0.38710737678695206,0.6666666666666666,0.5,986.3079999995534,850.0062000002799,8729.0,84.0,1.0,0.0,0.0,1.0
24,12,940025,R24-T12,500,9c039ad84ee67d675ccf974e,1,0,0,1.0,1.0,0.49280294640654804,0.4909009442656615,6,-0.04984970730221969,-0.07384864292926227,0.45254418958618137,0.38710737678695206,0.6666666666666666,0.5,986.3079999995534,825.3230000009353,8729.0,84.0,1.0,0.0,0.0,1.0
24,12,940025,R24-T12,50,9c039ad84ee67d675ccf974e,1,0,0,1.0,1.0,0.49280294640654804,0.4909009442656615,6,-0.04984970730221969,-0.07384864292926227,0.45254418958618137,0.38710737678695206,0.6666666666666666,0.5,986.3079999995534,833.1096000001708,8729.0,84.0,1.0,0.0,0.0,1.0
24,12,940026,R24-T12,200,7724728324b623fc68a3185b,1,0,0,1.0,1.0,0.5167983740093668,0.5148188232122981,5,-0.02421299450369972,-0.07341623594966289,0.4773428571829032,0.34168649528980866,0.6666666666666666,0.4166666666666667,1013.7111999993067,558.1409000005806,8826.0,79.0,1.0,0.0,0.0,1.0
24,12,940026,R24-T12,500,7724728324b623fc68a3185b,1,0,0,1.0,1.0,0.5167983740093668,0.5148188232122981,5,-0.02421299450369972,-0.07341623594966289,0.4773428571829032,0.34168649528980866,0.6666666666666666,0.4166666666666667,1013.7111999993067,531.8721000003279,8826.0,79.0,1.0,0.0,0.0,1.0
24,12,940026,R24-T12,50,7724728324b623fc68a3185b,1,0,0,1.0,1.0,0.5167983740093668,0.5148188232122981,5,-0.02421299450369972,-0.07341623594966289,0.4773428571829032,0.34168649528980866,0.6666666666666666,0.4166666666666667,1013.7111999993067,527.7506000002177,8826.0,79.0,1.0,0.0,0.0,1.0
24,12,940026,R24-T12,100,7724728324b623fc68a3185b,1,0,0,1.0,1.0,0.5167983740093668,0.5148188232122981,5,-0.02421299450369972,-0.07341623594966289,0.4773428571829032,0.34168649528980866,0.6666666666666666,0.4166666666666667,1013.7111999993067,543.1701000015892,8826.0,79.0,1.0,0.0,0.0,1.0
24,12,940027,R24-T12,500,4c1ff83f177e7167c4cdfbeb,1,0,0,1.0,1.0,0.4724780133620991,0.4830172128913187,4,-0.045631084985504534,-0.06094540673783358,0.413481911032773,0.3477095654115272,0.5,0.3333333333333333,1039.0911000013148,822.5397000005614,9541.0,72.0,1.0,0.0,0.0,1.0
24,12,940027,R24-T12,50,4c1ff83f177e7167c4cdfbeb,1,0,0,1.0,1.0,0.4724780133620991,0.4830172128913187,4,-0.045631084985504534,-0.06094540673783358,0.413481911032773,0.3477095654115272,0.5,0.3333333333333333,1039.0911000013148,838.3297999989736,9541.0,72.0,1.0,0.0,0.0,1.0
24,12,940027,R24-T12,100,4c1ff83f177e7167c4cdfbeb,1,0,0,1.0,1.0,0.4724780133620991,0.4830172128913187,4,-0.045631084985504534,-0.06094540673783358,0.413481911032773,0.3477095654115272,0.5,0.3333333333333333,1039.0911000013148,821.5832999994745,9541.0,72.0,1.0,0.0,0.0,1.0
24,12,940027,R24-T12,200,4c1ff83f177e7167c4cdfbeb,1,0,0,1.0,1.0,0.4724780133620991,0.4830172128913187,4,-0.045631084985504534,-0.06094540673783358,0.413481911032773,0.3477095654115272,0.5,0.3333333333333333,1039.0911000013148,839.6624000015436,9541.0,72.0,1.0,0.0,0.0,1.0
24,12,940028,R24-T12,50,71cf05b24a6f95c09f2177b0,1,0,0,1.0,1.0,0.4869498012147453,0.4876521179800332,3,-0.026702703625925084,-0.059065157436919515,0.38533119742018235,0.31060922751394004,0.4166666666666667,0.25,1015.6224000002112,658.8396000006469,7888.0,48.0,1.0,0.0,0.0,1.0
24,12,940028,R24-T12,100,71cf05b24a6f95c09f2177b0,1,0,0,1.0,1.0,0.4869498012147453,0.4876521179800332,3,-0.026702703625925084,-0.059065157436919515,0.38533119742018235,0.31060922751394004,0.4166666666666667,0.25,1015.6224000002112,637.8647000001365,7888.0,48.0,1.0,0.0,0.0,1.0
24,12,940028,R24-T12,200,71cf05b24a6f95c09f2177b0,1,0,0,1.0,1.0,0.4869498012147453,0.4876521179800332,3,-0.026702703625925084,-0.059065157436919515,0.38533119742018235,0.31060922751394004,0.4166666666666667,0.25,1015.6224000002112,639.7431999994296,7888.0,48.0,1.0,0.0,0.0,1.0
24,12,940028,R24-T12,500,71cf05b24a6f95c09f2177b0,1,0,0,1.0,1.0,0.4869498012147453,0.4876521179800332,3,-0.026702703625925084,-0.059065157436919515,0.38533119742018235,0.31060922751394004,0.4166666666666667,0.25,1015.6224000002112,646.7209000002185,7888.0,48.0,1.0,0.0,0.0,1.0
24,12,940029,R24-T12,100,716cd2ff7dc6b5f7e4e1c083,1,0,0,1.0,1.0,0.5530922898747853,0.5536748681333514,4,0.00820892576697583,-0.05236899454517776,0.5291222203020054,0.35647733514084773,0.75,0.3333333333333333,1003.7095000006957,684.4908000002761,9043.0,95.0,1.0,0.0,0.0,1.0
24,12,940029,R24-T12,200,716cd2ff7dc6b5f7e4e1c083,1,0,0,1.0,1.0,0.5530922898747853,0.5536748681333514,4,0.00820892576697583,-0.05236899454517776,0.5291222203020054,0.35647733514084773,0.75,0.3333333333333333,1003.7095000006957,699.9433000000863,9043.0,95.0,1.0,0.0,0.0,1.0
24,12,940029,R24-T12,500,716cd2ff7dc6b5f7e4e1c083,1,0,0,1.0,1.0,0.5530922898747853,0.5536748681333514,4,0.00820892576697583,-0.05236899454517776,0.5291222203020054,0.35647733514084773,0.75,0.3333333333333333,1003.7095000006957,680.2724999997736,9043.0,95.0,1.0,0.0,0.0,1.0
24,12,940029,R24-T12,50,716cd2ff7dc6b5f7e4e1c083,1,0,0,1.0,1.0,0.5530922898747853,0.5536748681333514,4,0.00820892576697583,-0.05236899454517776,0.5291222203020054,0.35647733514084773,0.75,0.3333333333333333,1003.7095000006957,691.7369000002509,9043.0,95.0,1.0,0.0,0.0,1.0
24,16,940000,R24-T16,50,4784508d6fcae559c68367d4,1,0,0,1.0,1.0,0.47176653585987105,0.45228199048034406,6,-0.034631334764473304,-0.050854001126933154,0.42803767454204766,0.3523651067209662,0.5625,0.375,1368.546100000458,1517.575099998794,13540.0,108.0,1.0,0.0,0.0,1.0
24,16,940000,R24-T16,100,4784508d6fcae559c68367d4,1,0,0,1.0,1.0,0.47176653585987105,0.45228199048034406,6,-0.034631334764473304,-0.050854001126933154,0.42803767454204766,0.3523651067209662,0.5625,0.375,1368.546100000458,1507.7431999998225,13540.0,108.0,1.0,0.0,0.0,1.0
24,16,940000,R24-T16,200,4784508d6fcae559c68367d4,1,0,0,1.0,1.0,0.47176653585987105,0.45228199048034406,6,-0.034631334764473304,-0.050854001126933154,0.42803767454204766,0.3523651067209662,0.5625,0.375,1368.546100000458,1488.1767999995645,13540.0,108.0,1.0,0.0,0.0,1.0
24,16,940000,R24-T16,500,4784508d6fcae559c68367d4,1,0,0,1.0,1.0,0.47176653585987105,0.45228199048034406,6,-0.034631334764473304,-0.050854001126933154,0.42803767454204766,0.3523651067209662,0.5625,0.375,1368.546100000458,1479.836799999248,13540.0,108.0,1.0,0.0,0.0,1.0
24,16,940001,R24-T16,100,76789e1bb064b5434ec7778a,1,0,0,1.0,1.0,0.5594204440539051,0.5484395725629766,7,-0.008478222157744617,-0.036237873699414405,0.46074089612577024,0.39808966178609567,0.625,0.5,1277.4755000009463,1088.4220999996614,9839.0,97.0,1.0,0.0,0.0,1.0
24,16,940001,R24-T16,200,76789e1bb064b5434ec7778a,1,0,0,1.0,1.0,0.5594204440539051,0.5484395725629766,7,-0.008478222157744617,-0.036237873699414405,0.46074089612577024,0.39808966178609567,0.625,0.5,1277.4755000009463,1163.587600000028,9839.0,97.0,1.0,0.0,0.0,1.0
24,16,940001,R24-T16,500,76789e1bb064b5434ec7778a,1,0,0,1.0,1.0,0.5594204440539051,0.5484395725629766,7,-0.008478222157744617,-0.036237873699414405,0.46074089612577024,0.39808966178609567,0.625,0.5,1277.4755000009463,1078.3353000006173,9839.0,97.0,1.0,0.0,0.0,1.0
24,16,940001,R24-T16,50,76789e1bb064b5434ec7778a,1,0,0,1.0,1.0,0.5594204440539051,0.5484395725629766,7,-0.008478222157744617,-0.036237873699414405,0.46074089612577024,0.39808966178609567,0.625,0.5,1277.4755000009463,1081.629399999656,9839.0,97.0,1.0,0.0,0.0,1.0
24,16,940002,R24-T16,200,287038d2572acb07cbbc0d51,1,0,0,1.0,1.0,0.5422917464180276,0.5378974320387123,6,-0.03834282104388039,-0.0536235764084542,0.40401375052950583,0.35351513385131744,0.5,0.375,1351.8246999992698,1266.7805000000953,12208.0,96.0,1.0,0.0,0.0,1.0
24,16,940002,R24-T16,500,287038d2572acb07cbbc0d51,1,0,0,1.0,1.0,0.5422917464180276,0.5378974320387123,6,-0.03834282104388039,-0.0536235764084542,0.40401375052950583,0.35351513385131744,0.5,0.375,1351.8246999992698,1244.1539999999804,12208.0,96.0,1.0,0.0,0.0,1.0
24,16,940002,R24-T16,50,287038d2572acb07cbbc0d51,1,0,0,1.0,1.0,0.5422917464180276,0.5378974320387123,6,-0.03834282104388039,-0.0536235764084542,0.40401375052950583,0.35351513385131744,0.5,0.375,1351.8246999992698,1237.86310000105,12208.0,96.0,1.0,0.0,0.0,1.0
24,16,940002,R24-T16,100,287038d2572acb07cbbc0d51,1,0,0,1.0,1.0,0.5422917464180276,0.5378974320387123,6,-0.03834282104388039,-0.0536235764084542,0.40401375052950583,0.35351513385131744,0.5,0.375,1351.8246999992698,1274.3398000002344,12208.0,96.0,1.0,0.0,0.0,1.0
24,16,940003,R24-T16,500,528bc10025bd1f1eed9b4cc3,1,0,0,1.0,1.0,0.49622360705889895,0.5152740756291491,5,-0.05982555779787081,-0.0718824574420881,0.3626383275584474,0.3186153567976438,0.4375,0.3125,1284.8476999988634,989.0116999995371,14603.0,132.0,1.0,0.0,0.0,1.0
24,16,940003,R24-T16,50,528bc10025bd1f1eed9b4cc3,1,0,0,1.0,1.0,0.49622360705889895,0.5152740756291491,5,-0.05982555779787081,-0.0718824574420881,0.3626383275584474,0.3186153567976438,0.4375,0.3125,1284.8476999988634,1011.4028999996663,14603.0,132.0,1.0,0.0,0.0,1.0
24,16,940003,R24-T16,100,528bc10025bd1f1eed9b4cc3,1,0,0,1.0,1.0,0.49622360705889895,0.5152740756291491,5,-0.05982555779787081,-0.0718824574420881,0.3626383275584474,0.3186153567976438,0.4375,0.3125,1284.8476999988634,1005.5910000010044,14603.0,132.0,1.0,0.0,0.0,1.0
24,16,940003,R24-T16,200,528bc10025bd1f1eed9b4cc3,1,0,0,1.0,1.0,0.49622360705889895,0.5152740756291491,5,-0.05982555779787081,-0.0718824574420881,0.3626383275584474,0.3186153567976438,0.4375,0.3125,1284.8476999988634,1006.5979000009975,14603.0,132.0,1.0,0.0,0.0,1.0
24,16,940004,R24-T16,50,5bfea4c1a0ecbf18eae7c699,1,0,0,1.0,1.0,0.49438639721510835,0.4825409483643725,7,0.009373266919856238,-0.05346863412081075,0.5132756503199257,0.37446952176615256,0.8125,0.4375,1406.4176000010775,1819.7740000014164,16302.0,156.0,1.0,0.0,0.0,1.0
24,16,940004,R24-T16,100,5bfea4c1a0ecbf18eae7c699,1,0,0,1.0,1.0,0.49438639721510835,0.4825409483643725,7,0.009373266919856238,-0.05346863412081075,0.5132756503199257,0.37446952176615256,0.8125,0.4375,1406.4176000010775,1796.324500000992,16302.0,156.0,1.0,0.0,0.0,1.0
24,16,940004,R24-T16,200,5bfea4c1a0ecbf18eae7c699,1,0,0,1.0,1.0,0.49438639721510835,0.4825409483643725,7,0.009373266919856238,-0.05346863412081075,0.5132756503199257,0.37446952176615256,0.8125,0.4375,1406.4176000010775,1774.1279000001668,16302.0,156.0,1.0,0.0,0.0,1.0
24,16,940004,R24-T16,500,5bfea4c1a0ecbf18eae7c699,1,0,0,1.0,1.0,0.49438639721510835,0.4825409483643725,7,0.009373266919856238,-0.05346863412081075,0.5132756503199257,0.37446952176615256,0.8125,0.4375,1406.4176000010775,1813.082900000154,16302.0,156.0,1.0,0.0,0.0,1.0
24,16,940005,R24-T16,100,7bedaa6765e12c31b17e515e,1,0,0,1.0,1.0,0.47160495399542557,0.47698135805239134,4,-0.04813491270075117,-0.08332854005682623,0.3642886516008765,0.30634974145725125,0.4375,0.3125,1214.8773000008077,617.7747000001546,6803.0,72.0,1.0,0.0,0.0,1.0
24,16,940005,R24-T16,200,7bedaa6765e12c31b17e515e,1,0,0,1.0,1.0,0.47160495399542557,0.47698135805239134,4,-0.04813491270075117,-0.08332854005682623,0.3642886516008765,0.30634974145725125,0.4375,0.3125,1214.8773000008077,636.359000000084,6803.0,72.0,1.0,0.0,0.0,1.0
24,16,940005,R24-T16,500,7bedaa6765e12c31b17e515e,1,0,0,1.0,1.0,0.47160495399542557,0.47698135805239134,4,-0.04813491270075117,-0.08332854005682623,0.3642886516008765,0.30634974145725125,0.4375,0.3125,1214.8773000008077,622.8126000005432,6803.0,72.0,1.0,0.0,0.0,1.0
24,16,940005,R24-T16,50,7bedaa6765e12c31b17e515e,1,0,0,1.0,1.0,0.47160495399542557,0.47698135805239134,4,-0.04813491270075117,-0.08332854005682623,0.3642886516008765,0.30634974145725125,0.4375,0.3125,1214.8773000008077,627.4030999993556,6803.0,72.0,1.0,0.0,0.0,1.0
24,16,940006,R24-T16,200,9c51fc704522d571f5829654,1,0,0,1.0,1.0,0.523107053987775,0.5529930176716402,5,-0.03254373792408511,-0.05241586324288979,0.3927555484441644,0.3466910536778362,0.4375,0.3125,1293.6367000002065,690.2164000002813,9371.0,108.0,1.0,0.0,0.0,1.0
24,16,940006,R24-T16,500,9c51fc704522d571f5829654,1,0,0,1.0,1.0,0.523107053987775,0.5529930176716402,5,-0.03254373792408511,-0.05241586324288979,0.3927555484441644,0.3466910536778362,0.4375,0.3125,1293.6367000002065,735.7867999999144,9371.0,108.0,1.0,0.0,0.0,1.0
24,16,940006,R24-T16,50,9c51fc704522d571f5829654,1,0,0,1.0,1.0,0.523107053987775,0.5529930176716402,5,-0.03254373792408511,-0.05241586324288979,0.3927555484441644,0.3466910536778362,0.4375,0.3125,1293.6367000002065,684.0254999988247,9371.0,108.0,1.0,0.0,0.0,1.0
24,16,940006,R24-T16,100,9c51fc704522d571f5829654,1,0,0,1.0,1.0,0.523107053987775,0.5529930176716402,5,-0.03254373792408511,-0.05241586324288979,0.3927555484441644,0.3466910536778362,0.4375,0.3125,1293.6367000002065,681.6443000006984,9371.0,108.0,1.0,0.0,0.0,1.0
24,16,940007,R24-T16,500,c925c5448d36fa40ee5bbb0f,1,0,0,1.0,1.0,0.49497441938687686,0.46623169255184943,4,-0.017924259511085464,-0.06052817532535395,0.41194248540477857,0.3072433955497283,0.5,0.25,1397.5774999998976,1409.6577000000252,15269.0,72.0,1.0,0.0,0.0,1.0
24,16,940007,R24-T16,50,c925c5448d36fa40ee5bbb0f,1,0,0,1.0,1.0,0.49497441938687686,0.46623169255184943,4,-0.017924259511085464,-0.06052817532535395,0.41194248540477857,0.3072433955497283,0.5,0.25,1397.5774999998976,1387.048100001266,15269.0,72.0,1.0,0.0,0.0,1.0
24,16,940007,R24-T16,100,c925c5448d36fa40ee5bbb0f,1,0,0,1.0,1.0,0.49497441938687686,0.46623169255184943,4,-0.017924259511085464,-0.06052817532535395,0.41194248540477857,0.3072433955497283,0.5,0.25,1397.5774999998976,1378.65469999997,15269.0,72.0,1.0,0.0,0.0,1.0
24,16,940007,R24-T16,200,c925c5448d36fa40ee5bbb0f,1,0,0,1.0,1.0,0.49497441938687686,0.46623169255184943,4,-0.017924259511085464,-0.06052817532535395,0.41194248540477857,0.3072433955497283,0.5,0.25,1397.5774999998976,1410.0792999997793,15269.0,72.0,1.0,0.0,0.0,1.0
24,16,940008,R24-T16,50,f8ae5927f001fc615c87e38f,1,0,0,1.0,1.0,0.443219479868697,0.4525852362328907,5,-0.02913792462927378,-0.0523586889213696,0.38646655911019046,0.33051564902801794,0.4375,0.3125,1397.731200000635,1517.1628000007331,14730.0,120.0,1.0,0.0,0.0,1.0
24,16,940008,R24-T16,100,f8ae5927f001fc615c87e38f,1,0,0,1.0,1.0,0.443219479868697,0.4525852362328907,5,-0.02913792462927378,-0.0523586889213696,0.38646655911019046,0.33051564902801794,0.4375,0.3125,1397.731200000635,1514.732499999809,14730.0,120.0,1.0,0.0,0.0,1.0
24,16,940008,R24-T16,200,f8ae5927f001fc615c87e38f,1,0,0,1.0,1.0,0.443219479868697,0.4525852362328907,5,-0.02913792462927378,-0.0523586889213696,0.38646655911019046,0.33051564902801794,0.4375,0.3125,1397.731200000635,1519.6078000008129,14730.0,120.0,1.0,0.0,0.0,1.0
24,16,940008,R24-T16,500,f8ae5927f001fc615c87e38f,1,0,0,1.0,1.0,0.443219479868697,0.4525852362328907,5,-0.02913792462927378,-0.0523586889213696,0.38646655911019046,0.33051564902801794,0.4375,0.3125,1397.731200000635,1514.362900001288,14730.0,120.0,1.0,0.0,0.0,1.0
24,16,940009,R24-T16,100,9c6b3ef9e9fc801928e9670c,1,0,0,1.0,1.0,0.527731368172589,0.5221092969701616,6,-0.04018998646008382,-0.05391427036837368,0.39450342399891086,0.35192252401075047,0.5,0.375,1270.3978999998071,1345.112599999993,11018.0,85.0,1.0,0.0,0.0,1.0
24,16,940009,R24-T16,200,9c6b3ef9e9fc801928e9670c,1,0,0,1.0,1.0,0.527731368172589,0.5221092969701616,6,-0.04018998646008382,-0.05391427036837368,0.39450342399891086,0.35192252401075047,0.5,0.375,1270.3978999998071,1300.4196000001684,11018.0,85.0,1.0,0.0,0.0,1.0
24,16,940009,R24-T16,500,9c6b3ef9e9fc801928e9670c,1,0,0,1.0,1.0,0.527731368172589,0.5221092969701616,6,-0.04018998646008382,-0.05391427036837368,0.39450342399891086,0.35192252401075047,0.5,0.375,1270.3978999998071,1296.1973000001308,11018.0,85.0,1.0,0.0,0.0,1.0
24,16,940009,R24-T16,50,9c6b3ef9e9fc801928e9670c,1,0,0,1.0,1.0,0.527731368172589,0.5221092969701616,6,-0.04018998646008382,-0.05391427036837368,0.39450342399891086,0.35192252401075047,0.5,0.375,1270.3978999998071,1295.5677999998443,11018.0,85.0,1.0,0.0,0.0,1.0
24,16,940010,R24-T16,200,3f7b9d22bc8fa85ca3c77605,1,0,0,1.0,1.0,0.576803034482012,0.5875908971024123,8,-0.004795691478685665,-0.03232407748253505,0.4856815772728982,0.40914364954009397,0.6875,0.5,1418.6198000006698,1355.7313999990583,17817.0,156.0,1.0,0.0,0.0,1.0
24,16,940010,R24-T16,500,3f7b9d22bc8fa85ca3c77605,1,0,0,1.0,1.0,0.576803034482012,0.5875908971024123,8,-0.004795691478685665,-0.03232407748253505,0.4856815772728982,0.40914364954009397,0.6875,0.5,1418.6198000006698,1355.6223000014143,17817.0,156.0,1.0,0.0,0.0,1.0
24,16,940010,R24-T16,50,3f7b9d22bc8fa85ca3c77605,1,0,0,1.0,1.0,0.576803034482012,0.5875908971024123,8,-0.004795691478685665,-0.03232407748253505,0.4856815772728982,0.40914364954009397,0.6875,0.5,1418.6198000006698,1362.4302000007447,17817.0,156.0,1.0,0.0,0.0,1.0
24,16,940010,R24-T16,100,3f7b9d22bc8fa85ca3c77605,1,0,0,1.0,1.0,0.576803034482012,0.5875908971024123,8,-0.004795691478685665,-0.03232407748253505,0.4856815772728982,0.40914364954009397,0.6875,0.5,1418.6198000006698,1338.6160999998538,17817.0,156.0,1.0,0.0,0.0,1.0
24,16,940011,R24-T16,500,e8e10a042d2f4b34641511e1,1,0,0,1.0,1.0,0.49296180605664025,0.48368384325048736,6,-0.025296082345847536,-0.06850258383733121,0.43211674115100357,0.33500319744104273,0.5625,0.375,1275.9083000000828,970.3754000001936,10318.0,108.0,1.0,0.0,0.0,1.0
24,16,940011,R24-T16,50,e8e10a042d2f4b34641511e1,1,0,0,1.0,1.0,0.49296180605664025,0.48368384325048736,6,-0.025296082345847536,-0.06850258383733121,0.43211674115100357,0.33500319744104273,0.5625,0.375,1275.9083000000828,981.2213999994128,10318.0,108.0,1.0,0.0,0.0,1.0
24,16,940011,R24-T16,100,e8e10a042d2f4b34641511e1,1,0,0,1.0,1.0,0.49296180605664025,0.48368384325048736,6,-0.025296082345847536,-0.06850258383733121,0.43211674115100357,0.33500319744104273,0.5625,0.375,1275.9083000000828,964.2698000006931,10318.0,108.0,1.0,0.0,0.0,1.0
24,16,940011,R24-T16,200,e8e10a042d2f4b34641511e1,1,0,0,1.0,1.0,0.49296180605664025,0.48368384325048736,6,-0.025296082345847536,-0.06850258383733121,0.43211674115100357,0.33500319744104273,0.5625,0.375,1275.9083000000828,956.4449999998033,10318.0,108.0,1.0,0.0,0.0,1.0
24,16,940012,R24-T16,50,ea304f563d6cccd8226c19d7,1,0,0,1.0,1.0,0.5714540495459653,0.5928749952770702,8,-0.042668760279753734,-0.04858864232776126,0.4279472712163082,0.411487029592141,0.5625,0.5,1347.6391000003787,1462.960299999395,14592.0,132.0,1.0,0.0,0.0,1.0
24,16,940012,R24-T16,100,ea304f563d6cccd8226c19d7,1,0,0,1.0,1.0,0.5714540495459653,0.5928749952770702,8,-0.042668760279753734,-0.04858864232776126,0.4279472712163082,0.411487029592141,0.5625,0.5,1347.6391000003787,1556.2819999995554,14592.0,132.0,1.0,0.0,0.0,1.0
24,16,940012,R24-T16,200,ea304f563d6cccd8226c19d7,1,0,0,1.0,1.0,0.5714540495459653,0.5928749952770702,8,-0.042668760279753734,-0.04858864232776126,0.4279472712163082,0.411487029592141,0.5625,0.5,1347.6391000003787,1622.448300000542,14592.0,132.0,1.0,0.0,0.0,1.0
24,16,940012,R24-T16,500,ea304f563d6cccd8226c19d7,1,0,0,1.0,1.0,0.5714540495459653,0.5928749952770702,8,-0.042668760279753734,-0.04858864232776126,0.4279472712163082,0.411487029592141,0.5625,0.5,1347.6391000003787,1537.7886000005674,14592.0,132.0,1.0,0.0,0.0,1.0
24,16,940013,R24-T16,100,71efa733afe3114ee9dd2769,1,0,0,1.0,1.0,0.569697454715734,0.5700038151073727,7,-0.027668411904085033,-0.040380225086179146,0.45011181324320165,0.3899702927014483,0.625,0.4375,1401.2143999989348,1829.9766999989515,16064.0,162.0,1.0,0.0,0.0,1.0
24,16,940013,R24-T16,200,71efa733afe3114ee9dd2769,1,0,0,1.0,1.0,0.569697454715734,0.5700038151073727,7,-0.027668411904085033,-0.040380225086179146,0.45011181324320165,0.3899702927014483,0.625,0.4375,1401.2143999989348,1665.0924999994459,16064.0,162.0,1.0,0.0,0.0,1.0
24,16,940013,R24-T16,500,71efa733afe3114ee9dd2769,1,0,0,1.0,1.0,0.569697454715734,0.5700038151073727,7,-0.027668411904085033,-0.040380225086179146,0.45011181324320165,0.3899702927014483,0.625,0.4375,1401.2143999989348,1692.6032999999734,16064.0,162.0,1.0,0.0,0.0,1.0
24,16,940013,R24-T16,50,71efa733afe3114ee9dd2769,1,0,0,1.0,1.0,0.569697454715734,0.5700038151073727,7,-0.027668411904085033,-0.040380225086179146,0.45011181324320165,0.3899702927014483,0.625,0.4375,1401.2143999989348,1707.6705999988917,16064.0,162.0,1.0,0.0,0.0,1.0
24,16,940014,R24-T16,200,122214e5202cd35ad46a8b15,1,0,0,1.0,1.0,0.4986582241100977,0.5011565032009434,5,-0.022332545942085058,-0.0654867437907928,0.43223201913441156,0.3255375145125228,0.5625,0.3125,1512.4273999990692,1333.782699999574,15310.0,84.0,1.0,0.0,0.0,1.0
24,16,940014,R24-T16,500,122214e5202cd35ad46a8b15,1,0,0,1.0,1.0,0.4986582241100977,0.5011565032009434,5,-0.022332545942085058,-0.0654867437907928,0.43223201913441156,0.3255375145125228,0.5625,0.3125,1512.4273999990692,1274.9684000009438,15310.0,84.0,1.0,0.0,0.0,1.0
24,16,940014,R24-T16,50,122214e5202cd35ad46a8b15,1,0,0,1.0,1.0,0.4986582241100977,0.5011565032009434,5,-0.022332545942085058,-0.0654867437907928,0.43223201913441156,0.3255375145125228,0.5625,0.3125,1512.4273999990692,1290.783399999782,15310.0,84.0,1.0,0.0,0.0,1.0
24,16,940014,R24-T16,100,122214e5202cd35ad46a8b15,1,0,0,1.0,1.0,0.4986582241100977,0.5011565032009434,5,-0.022332545942085058,-0.0654867437907928,0.43223201913441156,0.3255375145125228,0.5625,0.3125,1512.4273999990692,1316.4235000003828,15310.0,84.0,1.0,0.0,0.0,1.0
24,16,940015,R24-T16,500,16ea4cf626bf3646909c2ddc,1,0,0,1.0,1.0,0.5637923693362301,0.5543006947407718,5,-0.010380662121267911,-0.05705522960161955,0.4601666096213643,0.33648136833914555,0.625,0.3125,1371.7720999993617,1102.2791000013967,10682.0,97.0,1.0,0.0,0.0,1.0
24,16,940015,R24-T16,50,16ea4cf626bf3646909c2ddc,1,0,0,1.0,1.0,0.5637923693362301,0.5543006947407718,5,-0.010380662121267911,-0.05705522960161955,0.4601666096213643,0.33648136833914555,0.625,0.3125,1371.7720999993617,1126.711000000796,10682.0,97.0,1.0,0.0,0.0,1.0
24,16,940015,R24-T16,100,16ea4cf626bf3646909c2ddc,1,0,0,1.0,1.0,0.5637923693362301,0.5543006947407718,5,-0.010380662121267911,-0.05705522960161955,0.4601666096213643,0.33648136833914555,0.625,0.3125,1371.7720999993617,1070.8642000008695,10682.0,97.0,1.0,0.0,0.0,1.0
24,16,940015,R24-T16,200,16ea4cf626bf3646909c2ddc,1,0,0,1.0,1.0,0.5637923693362301,0.5543006947407718,5,-0.010380662121267911,-0.05705522960161955,0.4601666096213643,0.33648136833914555,0.625,0.3125,1371.7720999993617,1061.2715999995999,10682.0,97.0,1.0,0.0,0.0,1.0
24,16,940016,R24-T16,50,2d928ee07d56baa6619f0ec0,1,0,0,1.0,1.0,0.532461461584483,0.5304845964101418,7,-0.038786015104876836,-0.06170351873095602,0.4192595274886557,0.37080854960499765,0.5625,0.4375,1460.686700000224,1770.0998000000254,15594.0,132.0,1.0,0.0,0.0,1.0
24,16,940016,R24-T16,100,2d928ee07d56baa6619f0ec0,1,0,0,1.0,1.0,0.532461461584483,0.5304845964101418,7,-0.038786015104876836,-0.06170351873095602,0.4192595274886557,0.37080854960499765,0.5625,0.4375,1460.686700000224,1756.9174000000203,15594.0,132.0,1.0,0.0,0.0,1.0
24,16,940016,R24-T16,200,2d928ee07d56baa6619f0ec0,1,0,0,1.0,1.0,0.532461461584483,0.5304845964101418,7,-0.038786015104876836,-0.06170351873095602,0.4192595274886557,0.37080854960499765,0.5625,0.4375,1460.686700000224,1740.1790999992954,15594.0,132.0,1.0,0.0,0.0,1.0
24,16,940016,R24-T16,500,2d928ee07d56baa6619f0ec0,1,0,0,1.0,1.0,0.532461461584483,0.5304845964101418,7,-0.038786015104876836,-0.06170351873095602,0.4192595274886557,0.37080854960499765,0.5625,0.4375,1460.686700000224,1748.6606000002212,15594.0,132.0,1.0,0.0,0.0,1.0
24,16,940017,R24-T16,100,e0584822b05839a3ec60bd3b,1,0,0,1.0,1.0,0.5651068482266595,0.5759806335750576,7,-0.04472614709766129,-0.04909527623280482,0.38684271486224336,0.37186388574807994,0.4375,0.4375,1354.2540000016743,1237.41549999977,9512.0,90.0,1.0,0.0,0.0,1.0
24,16,940017,R24-T16,200,e0584822b05839a3ec60bd3b,1,0,0,1.0,1.0,0.5651068482266595,0.5759806335750576,7,-0.04472614709766129,-0.04909527623280482,0.38684271486224336,0.37186388574807994,0.4375,0.4375,1354.2540000016743,1209.3299999996816,9512.0,90.0,1.0,0.0,0.0,1.0
24,16,940017,R24-T16,500,e0584822b05839a3ec60bd3b,1,0,0,1.0,1.0,0.5651068482266595,0.5759806335750576,7,-0.04472614709766129,-0.04909527623280482,0.38684271486224336,0.37186388574807994,0.4375,0.4375,1354.2540000016743,1198.101100000713,9512.0,90.0,1.0,0.0,0.0,1.0
24,16,940017,R24-T16,50,e0584822b05839a3ec60bd3b,1,0,0,1.0,1.0,0.5651068482266595,0.5759806335750576,7,-0.04472614709766129,-0.04909527623280482,0.38684271486224336,0.37186388574807994,0.4375,0.4375,1354.2540000016743,1173.3125999999174,9512.0,90.0,1.0,0.0,0.0,1.0
24,16,940018,R24-T16,200,dc67d538d05ac673b8306a93,1,0,0,1.0,1.0,0.5116110799578293,0.49908871582265313,5,-0.012070261255541101,-0.06278580162912194,0.4597944990679751,0.33047853951978595,0.625,0.3125,1490.9331999988353,1200.9350000007544,14827.0,97.0,1.0,0.0,0.0,1.0
24,16,940018,R24-T16,500,dc67d538d05ac673b8306a93,1,0,0,1.0,1.0,0.5116110799578293,0.49908871582265313,5,-0.012070261255541101,-0.06278580162912194,0.4597944990679751,0.33047853951978595,0.625,0.3125,1490.9331999988353,1207.7840000001743,14827.0,97.0,1.0,0.0,0.0,1.0
24,16,940018,R24-T16,50,dc67d538d05ac673b8306a93,1,0,0,1.0,1.0,0.5116110799578293,0.49908871582265313,5,-0.012070261255541101,-0.06278580162912194,0.4597944990679751,0.33047853951978595,0.625,0.3125,1490.9331999988353,1170.0877000002947,14827.0,97.0,1.0,0.0,0.0,1.0
24,16,940018,R24-T16,100,dc67d538d05ac673b8306a93,1,0,0,1.0,1.0,0.5116110799578293,0.49908871582265313,5,-0.012070261255541101,-0.06278580162912194,0.4597944990679751,0.33047853951978595,0.625,0.3125,1490.9331999988353,1204.85650000046,14827.0,97.0,1.0,0.0,0.0,1.0
24,16,940019,R24-T16,500,829c31c3d4f3c5b790510f91,1,0,0,1.0,1.0,0.48437161710368615,0.4776560070953334,7,-0.022846736539714523,-0.036520735502587935,0.4322271523612331,0.3798157745184864,0.5625,0.4375,1292.82449999846,1320.3403999996226,9048.0,95.0,1.0,0.0,0.0,1.0
24,16,940019,R24-T16,50,829c31c3d4f3c5b790510f91,1,0,0,1.0,1.0,0.48437161710368615,0.4776560070953334,7,-0.022846736539714523,-0.036520735502587935,0.4322271523612331,0.3798157745184864,0.5625,0.4375,1292.82449999846,1253.1373999991047,9048.0,95.0,1.0,0.0,0.0,1.0
24,16,940019,R24-T16,100,829c31c3d4f3c5b790510f91,1,0,0,1.0,1.0,0.48437161710368615,0.4776560070953334,7,-0.022846736539714523,-0.036520735502587935,0.4322271523612331,0.3798157745184864,0.5625,0.4375,1292.82449999846,1270.94439999928,9048.0,95.0,1.0,0.0,0.0,1.0
24,16,940019,R24-T16,200,829c31c3d4f3c5b790510f91,1,0,0,1.0,1.0,0.48437161710368615,0.4776560070953334,7,-0.022846736539714523,-0.036520735502587935,0.4322271523612331,0.3798157745184864,0.5625,0.4375,1292.82449999846,1241.1535999999614,9048.0,95.0,1.0,0.0,0.0,1.0
24,16,940020,R24-T16,50,6de2d8b54cae505a3c7b8c7f,1,0,0,1.0,1.0,0.48026717956553017,0.4822531288097225,7,0.008955835073835794,-0.021112135490113836,0.46528432733288827,0.38943526143163887,0.625,0.4375,1499.3059999997058,1765.9757000001264,14816.0,135.0,1.0,0.0,0.0,1.0
24,16,940020,R24-T16,100,6de2d8b54cae505a3c7b8c7f,1,0,0,1.0,1.0,0.48026717956553017,0.4822531288097225,7,0.008955835073835794,-0.021112135490113836,0.46528432733288827,0.38943526143163887,0.625,0.4375,1499.3059999997058,1774.2441999998846,14816.0,135.0,1.0,0.0,0.0,1.0
24,16,940020,R24-T16,200,6de2d8b54cae505a3c7b8c7f,1,0,0,1.0,1.0,0.48026717956553017,0.4822531288097225,7,0.008955835073835794,-0.021112135490113836,0.46528432733288827,0.38943526143163887,0.625,0.4375,1499.3059999997058,1753.1049999997776,14816.0,135.0,1.0,0.0,0.0,1.0
24,16,940020,R24-T16,500,6de2d8b54cae505a3c7b8c7f,1,0,0,1.0,1.0,0.48026717956553017,0.4822531288097225,7,0.008955835073835794,-0.021112135490113836,0.46528432733288827,0.38943526143163887,0.625,0.4375,1499.3059999997058,1743.4720999990532,14816.0,135.0,1.0,0.0,0.0,1.0
24,16,940021,R24-T16,100,7e2607b9be93fe3743297d59,1,0,0,1.0,1.0,0.5448318857595751,0.5354419787369065,5,-0.053672570680981926,-0.06670936364365546,0.3964064606321136,0.34280950464749116,0.5,0.375,1410.0586999993538,1060.2973999993992,10995.0,115.0,1.0,0.0,0.0,1.0
24,16,940021,R24-T16,200,7e2607b9be93fe3743297d59,1,0,0,1.0,1.0,0.5448318857595751,0.5354419787369065,5,-0.053672570680981926,-0.06670936364365546,0.3964064606321136,0.34280950464749116,0.5,0.375,1410.0586999993538,1068.552599999748,10995.0,115.0,1.0,0.0,0.0,1.0
24,16,940021,R24-T16,500,7e2607b9be93fe3743297d59,1,0,0,1.0,1.0,0.5448318857595751,0.5354419787369065,5,-0.053672570680981926,-0.06670936364365546,0.3964064606321136,0.34280950464749116,0.5,0.375,1410.0586999993538,1022.7190999994491,10995.0,115.0,1.0,0.0,0.0,1.0
24,16,940021,R24-T16,50,7e2607b9be93fe3743297d59,1,0,0,1.0,1.0,0.5448318857595751,0.5354419787369065,5,-0.053672570680981926,-0.06670936364365546,0.3964064606321136,0.34280950464749116,0.5,0.375,1410.0586999993538,998.2839000003878,10995.0,115.0,1.0,0.0,0.0,1.0
24,16,940022,R24-T16,200,8365b49ecec760d29413bc71,1,0,0,1.0,1.0,0.5978286202069064,0.5834436485409483,6,-0.05134236635461844,-0.07892791810907199,0.41292344189924773,0.35678373573006683,0.5625,0.4375,1350.0229000001127,849.5028000015736,6910.0,84.0,1.0,0.0,0.0,1.0
24,16,940022,R24-T16,500,8365b49ecec760d29413bc71,1,0,0,1.0,1.0,0.5978286202069064,0.5834436485409483,6,-0.05134236635461844,-0.07892791810907199,0.41292344189924773,0.35678373573006683,0.5625,0.4375,1350.0229000001127,836.229500000627,6910.0,84.0,1.0,0.0,0.0,1.0
24,16,940022,R24-T16,50,8365b49ecec760d29413bc71,1,0,0,1.0,1.0,0.5978286202069064,0.5834436485409483,6,-0.05134236635461844,-0.07892791810907199,0.41292344189924773,0.35678373573006683,0.5625,0.4375,1350.0229000001127,845.4305999985081,6910.0,84.0,1.0,0.0,0.0,1.0
24,16,940022,R24-T16,100,8365b49ecec760d29413bc71,1,0,0,1.0,1.0,0.5978286202069064,0.5834436485409483,6,-0.05134236635461844,-0.07892791810907199,0.41292344189924773,0.35678373573006683,0.5625,0.4375,1350.0229000001127,839.8942000003444,6910.0,84.0,1.0,0.0,0.0,1.0
24,16,940023,R24-T16,500,2b53e53ba6c7cb04707ee58e,1,0,0,1.0,1.0,0.5677010131058063,0.5446727901836035,5,-0.010226295315462583,-0.06993056040952467,0.4369800742440325,0.3495049935860506,0.5625,0.375,1344.0820000014355,931.4242000000377,9055.0,75.0,1.0,0.0,0.0,1.0
24,16,940023,R24-T16,50,2b53e53ba6c7cb04707ee58e,1,0,0,1.0,1.0,0.5677010131058063,0.5446727901836035,5,-0.010226295315462583,-0.06993056040952467,0.4369800742440325,0.3495049935860506,0.5625,0.375,1344.0820000014355,974.6360000008281,9055.0,75.0,1.0,0.0,0.0,1.0
24,16,940023,R24-T16,100,2b53e53ba6c7cb04707ee58e,1,0,0,1.0,1.0,0.5677010131058063,0.5446727901836035,5,-0.010226295315462583,-0.06993056040952467,0.4369800742440325,0.3495049935860506,0.5625,0.375,1344.0820000014355,1006.2054000009084,9055.0,75.0,1.0,0.0,0.0,1.0
24,16,940023,R24-T16,200,2b53e53ba6c7cb04707ee58e,1,0,0,1.0,1.0,0.5677010131058063,0.5446727901836035,5,-0.010226295315462583,-0.06993056040952467,0.4369800742440325,0.3495049935860506,0.5625,0.375,1344.0820000014355,1037.28559999945,9055.0,75.0,1.0,0.0,0.0,1.0
24,16,940024,R24-T16,50,70bda2e07e8ed0972299abb4,1,0,0,1.0,1.0,0.5230580311353759,0.512632903481909,7,-0.027054554008804826,-0.03396703779483978,0.4090055494849304,0.384428206261272,0.5,0.4375,1577.4767999992036,1443.446600000243,13940.0,109.0,1.0,0.0,0.0,1.0
24,16,940024,R24-T16,100,70bda2e07e8ed0972299abb4,1,0,0,1.0,1.0,0.5230580311353759,0.512632903481909,7,-0.027054554008804826,-0.03396703779483978,0.4090055494849304,0.384428206261272,0.5,0.4375,1577.4767999992036,1465.4269000002387,13940.0,109.0,1.0,0.0,0.0,1.0
24,16,940024,R24-T16,200,70bda2e07e8ed0972299abb4,1,0,0,1.0,1.0,0.5230580311353759,0.512632903481909,7,-0.027054554008804826,-0.03396703779483978,0.4090055494849304,0.384428206261272,0.5,0.4375,1577.4767999992036,1473.3615999994072,13940.0,109.0,1.0,0.0,0.0,1.0
24,16,940024,R24-T16,500,70bda2e07e8ed0972299abb4,1,0,0,1.0,1.0,0.5230580311353759,0.512632903481909,7,-0.027054554008804826,-0.03396703779483978,0.4090055494849304,0.384428206261272,0.5,0.4375,1577.4767999992036,1438.1075000001147,13940.0,109.0,1.0,0.0,0.0,1.0
24,16,940025,R24-T16,100,2347329d9810cb7439009f65,1,0,0,1.0,1.0,0.4929483234308325,0.48958848114453296,6,-0.05922090251952406,-0.08884709917172556,0.4030120935050994,0.32930252616788896,0.5625,0.375,1389.66260000052,1034.3484000004537,10067.0,96.0,1.0,0.0,0.0,1.0
24,16,940025,R24-T16,200,2347329d9810cb7439009f65,1,0,0,1.0,1.0,0.4929483234308325,0.48958848114453296,6,-0.05922090251952406,-0.08884709917172556,0.4030120935050994,0.32930252616788896,0.5625,0.375,1389.66260000052,1062.6510999991297,10067.0,96.0,1.0,0.0,0.0,1.0
24,16,940025,R24-T16,500,2347329d9810cb7439009f65,1,0,0,1.0,1.0,0.4929483234308325,0.48958848114453296,6,-0.05922090251952406,-0.08884709917172556,0.4030120935050994,0.32930252616788896,0.5625,0.375,1389.66260000052,988.2534999997006,10067.0,96.0,1.0,0.0,0.0,1.0
24,16,940025,R24-T16,50,2347329d9810cb7439009f65,1,0,0,1.0,1.0,0.4929483234308325,0.48958848114453296,6,-0.05922090251952406,-0.08884709917172556,0.4030120935050994,0.32930252616788896,0.5625,0.375,1389.66260000052,1020.5491000015172,10067.0,96.0,1.0,0.0,0.0,1.0
24,16,940026,R24-T16,200,494aea95463f2c531774ba6b,1,0,0,1.0,1.0,0.47282974257411875,0.4780935398845722,6,-0.02290005131614091,-0.06294415181160459,0.45082522458273894,0.3372421776024344,0.625,0.375,1484.8311000005197,954.3702999999368,12936.0,103.0,1.0,0.0,0.0,1.0
24,16,940026,R24-T16,500,494aea95463f2c531774ba6b,1,0,0,1.0,1.0,0.47282974257411875,0.4780935398845722,6,-0.02290005131614091,-0.06294415181160459,0.45082522458273894,0.3372421776024344,0.625,0.375,1484.8311000005197,941.9837000004918,12936.0,103.0,1.0,0.0,0.0,1.0
24,16,940026,R24-T16,50,494aea95463f2c531774ba6b,1,0,0,1.0,1.0,0.47282974257411875,0.4780935398845722,6,-0.02290005131614091,-0.06294415181160459,0.45082522458273894,0.3372421776024344,0.625,0.375,1484.8311000005197,980.6827000011253,12936.0,103.0,1.0,0.0,0.0,1.0
24,16,940026,R24-T16,100,494aea95463f2c531774ba6b,1,0,0,1.0,1.0,0.47282974257411875,0.4780935398845722,6,-0.02290005131614091,-0.06294415181160459,0.45082522458273894,0.3372421776024344,0.625,0.375,1484.8311000005197,978.3549999992829,12936.0,103.0,1.0,0.0,0.0,1.0
24,16,940027,R24-T16,500,df39ff23e7ce547e22c7ad0b,1,0,0,1.0,1.0,0.5092403682984853,0.5116673494935319,6,-0.03227419573365553,-0.04829158837924754,0.43334696338335266,0.3576010501536954,0.5625,0.375,1455.2340999998705,1544.2110000003595,14439.0,120.0,1.0,0.0,0.0,1.0
24,16,940027,R24-T16,50,df39ff23e7ce547e22c7ad0b,1,0,0,1.0,1.0,0.5092403682984853,0.5116673494935319,6,-0.03227419573365553,-0.04829158837924754,0.43334696338335266,0.3576010501536954,0.5625,0.375,1455.2340999998705,1501.8427999984851,14439.0,120.0,1.0,0.0,0.0,1.0
24,16,940027,R24-T16,100,df39ff23e7ce547e22c7ad0b,1,0,0,1.0,1.0,0.5092403682984853,0.5116673494935319,6,-0.03227419573365553,-0.04829158837924754,0.43334696338335266,0.3576010501536954,0.5625,0.375,1455.2340999998705,1461.297800000466,14439.0,120.0,1.0,0.0,0.0,1.0
24,16,940027,R24-T16,200,df39ff23e7ce547e22c7ad0b,1,0,0,1.0,1.0,0.5092403682984853,0.5116673494935319,6,-0.03227419573365553,-0.04829158837924754,0.43334696338335266,0.3576010501536954,0.5625,0.375,1455.2340999998705,1439.698899999712,14439.0,120.0,1.0,0.0,0.0,1.0
24,16,940028,R24-T16,50,ca0cb617ac1a9ef69fd05c02,1,0,0,1.0,1.0,0.5540495415626189,0.5785508284673955,4,-0.03479925602302745,-0.06066613928937723,0.36424786812130794,0.30285943715618857,0.375,0.25,1416.026499999134,970.9648999996716,11518.0,96.0,1.0,0.0,0.0,1.0
24,16,940028,R24-T16,100,ca0cb617ac1a9ef69fd05c02,1,0,0,1.0,1.0,0.5540495415626189,0.5785508284673955,4,-0.03479925602302745,-0.06066613928937723,0.36424786812130794,0.30285943715618857,0.375,0.25,1416.026499999134,1001.2424999986251,11518.0,96.0,1.0,0.0,0.0,1.0
24,16,940028,R24-T16,200,ca0cb617ac1a9ef69fd05c02,1,0,0,1.0,1.0,0.5540495415626189,0.5785508284673955,4,-0.03479925602302745,-0.06066613928937723,0.36424786812130794,0.30285943715618857,0.375,0.25,1416.026499999134,1062.0409999992262,11518.0,96.0,1.0,0.0,0.0,1.0
24,16,940028,R24-T16,500,ca0cb617ac1a9ef69fd05c02,1,0,0,1.0,1.0,0.5540495415626189,0.5785508284673955,4,-0.03479925602302745,-0.06066613928937723,0.36424786812130794,0.30285943715618857,0.375,0.25,1416.026499999134,1009.4644000000699,11518.0,96.0,1.0,0.0,0.0,1.0
24,16,940029,R24-T16,100,b0c4b0eea60ba839049092f2,1,0,0,1.0,1.0,0.5679994944928051,0.5536748681333514,4,-0.019217871939519793,-0.0699627786966241,0.47360683972749223,0.3077072892825241,0.6875,0.25,1366.907400000855,843.5763999987103,10719.0,119.0,1.0,0.0,0.0,1.0
24,16,940029,R24-T16,200,b0c4b0eea60ba839049092f2,1,0,0,1.0,1.0,0.5679994944928051,0.5536748681333514,4,-0.019217871939519793,-0.0699627786966241,0.47360683972749223,0.3077072892825241,0.6875,0.25,1366.907400000855,854.6987000008812,10719.0,119.0,1.0,0.0,0.0,1.0
24,16,940029,R24-T16,500,b0c4b0eea60ba839049092f2,1,0,0,1.0,1.0,0.5679994944928051,0.5536748681333514,4,-0.019217871939519793,-0.0699627786966241,0.47360683972749223,0.3077072892825241,0.6875,0.25,1366.907400000855,884.2351999992388,10719.0,119.0,1.0,0.0,0.0,1.0
24,16,940029,R24-T16,50,b0c4b0eea60ba839049092f2,1,0,0,1.0,1.0,0.5679994944928051,0.5536748681333514,4,-0.019217871939519793,-0.0699627786966241,0.47360683972749223,0.3077072892825241,0.6875,0.25,1366.907400000855,813.4559999998601,10719.0,119.0,1.0,0.0,0.0,1.0
32,4,940000,R32-T4,50,87779aa2a2e37b45c940a7fc,1,0,0,1.0,1.0,0.6534263012826607,0.708924478806474,1,-0.10591085357682195,-0.11223049868808976,0.2592378793510761,0.25633861953093734,0.25,0.25,662.950500000079,59.745700000348734,122.0,12.0,0.0,0.0,0.0,1.0
32,4,940000,R32-T4,100,87779aa2a2e37b45c940a7fc,1,0,1,1.0,1.0,0.6534263012826607,0.708924478806474,1,-0.10591085357682195,-0.11223049868808976,0.2592378793510761,0.25633861953093734,0.25,0.25,662.950500000079,57.819700001346064,122.0,12.0,0.0,27.0,0.0,0.0
32,4,940000,R32-T4,200,87779aa2a2e37b45c940a7fc,1,0,1,1.0,1.0,0.6534263012826607,0.708924478806474,1,-0.10591085357682195,-0.11223049868808976,0.2592378793510761,0.25633861953093734,0.25,0.25,662.950500000079,57.137499999953434,122.0,12.0,0.0,27.0,0.0,0.0
32,4,940000,R32-T4,500,87779aa2a2e37b45c940a7fc,1,0,1,1.0,1.0,0.6534263012826607,0.708924478806474,1,-0.10591085357682195,-0.11223049868808976,0.2592378793510761,0.25633861953093734,0.25,0.25,662.950500000079,61.279400000785245,122.0,12.0,0.0,27.0,0.0,0.0
32,4,940001,R32-T4,100,7a4832b7263cac44adf3daa9,1,0,0,1.0,1.0,0.5007644615739995,0.5007644615739995,1,0.05567006123653673,-0.08654219537446482,0.7149105940253764,0.31108212333053054,1.0,0.25,875.4363000007288,248.13039999935427,6279.0,12.0,1.0,0.0,0.0,1.0
32,4,940001,R32-T4,200,7a4832b7263cac44adf3daa9,1,0,0,1.0,1.0,0.5007644615739995,0.5007644615739995,1,0.05567006123653673,-0.08654219537446482,0.7149105940253764,0.31108212333053054,1.0,0.25,875.4363000007288,245.80070000047272,6279.0,12.0,1.0,0.0,0.0,1.0
32,4,940001,R32-T4,500,7a4832b7263cac44adf3daa9,1,0,1,1.0,1.0,0.5007644615739995,0.5007644615739995,1,0.05567006123653673,-0.08654219537446482,0.7149105940253764,0.31108212333053054,1.0,0.25,875.4363000007288,240.52900000060617,6279.0,12.0,1.0,27.0,0.0,0.0
32,4,940001,R32-T4,50,7a4832b7263cac44adf3daa9,1,0,0,1.0,1.0,0.5007644615739995,0.5007644615739995,1,0.05567006123653673,-0.08654219537446482,0.7149105940253764,0.31108212333053054,1.0,0.25,875.4363000007288,233.53470000074594,6279.0,12.0,1.0,0.0,0.0,1.0
32,4,940002,R32-T4,200,029b0754d2449ee4296e8fcf,1,0,0,1.0,1.0,0.5586938137911165,0.5588599510137792,3,0.0717011755047762,0.023400844229543055,0.7004400952092686,0.5684934727092833,1.0,0.75,900.6694999989122,455.3594000008161,11009.0,36.0,1.0,0.0,0.0,1.0
32,4,940002,R32-T4,500,029b0754d2449ee4296e8fcf,1,0,1,1.0,1.0,0.5586938137911165,0.5588599510137792,3,0.0717011755047762,0.023400844229543055,0.7004400952092686,0.5684934727092833,1.0,0.75,900.6694999989122,430.91939999976603,11009.0,36.0,1.0,1627.0,0.0,0.0
32,4,940002,R32-T4,50,029b0754d2449ee4296e8fcf,1,0,0,1.0,1.0,0.5586938137911165,0.5588599510137792,3,0.0717011755047762,0.023400844229543055,0.7004400952092686,0.5684934727092833,1.0,0.75,900.6694999989122,403.7735999991128,11009.0,36.0,1.0,0.0,0.0,1.0
32,4,940002,R32-T4,100,029b0754d2449ee4296e8fcf,1,0,0,1.0,1.0,0.5586938137911165,0.5588599510137792,3,0.0717011755047762,0.023400844229543055,0.7004400952092686,0.5684934727092833,1.0,0.75,900.6694999989122,420.06840000067314,11009.0,36.0,1.0,0.0,0.0,1.0
32,4,940003,R32-T4,500,a1fa3e85869ef7e4a25947fd,1,0,1,1.0,1.0,0.47879777386434674,0.48827466774305894,2,-0.020733477081630564,-0.026886154896767503,0.4646752630257954,0.46310945277451404,0.5,0.5,868.8291000016761,407.35569999924337,14980.0,36.0,1.0,650.0,0.0,0.0
32,4,940003,R32-T4,50,a1fa3e85869ef7e4a25947fd,1,0,0,1.0,1.0,0.47879777386434674,0.48827466774305894,2,-0.020733477081630564,-0.026886154896767503,0.4646752630257954,0.46310945277451404,0.5,0.5,868.8291000016761,390.4138999987481,14980.0,36.0,1.0,0.0,0.0,1.0
32,4,940003,R32-T4,100,a1fa3e85869ef7e4a25947fd,1,0,0,1.0,1.0,0.47879777386434674,0.48827466774305894,2,-0.020733477081630564,-0.026886154896767503,0.4646752630257954,0.46310945277451404,0.5,0.5,868.8291000016761,422.74989999896206,14980.0,36.0,1.0,0.0,0.0,1.0
32,4,940003,R32-T4,200,a1fa3e85869ef7e4a25947fd,1,0,0,1.0,1.0,0.47879777386434674,0.48827466774305894,2,-0.020733477081630564,-0.026886154896767503,0.4646752630257954,0.46310945277451404,0.5,0.5,868.8291000016761,413.65529999893624,14980.0,36.0,1.0,0.0,0.0,1.0
32,4,940004,R32-T4,50,8735aafee0116907df47f2a2,1,0,0,1.0,1.0,0.5018724010236175,0.5597877660137544,3,0.015245840754379375,-0.07301842772076056,0.6573771662112053,0.4788377300358652,1.0,0.75,879.6774999991612,403.1907000007777,10938.0,36.0,1.0,0.0,0.0,1.0
32,4,940004,R32-T4,100,8735aafee0116907df47f2a2,1,0,0,1.0,1.0,0.5018724010236175,0.5597877660137544,3,0.015245840754379375,-0.07301842772076056,0.6573771662112053,0.4788377300358652,1.0,0.75,879.6774999991612,398.0616999997437,10938.0,36.0,1.0,0.0,0.0,1.0
32,4,940004,R32-T4,200,8735aafee0116907df47f2a2,1,0,0,1.0,1.0,0.5018724010236175,0.5597877660137544,3,0.015245840754379375,-0.07301842772076056,0.6573771662112053,0.4788377300358652,1.0,0.75,879.6774999991612,358.41830000026675,10938.0,36.0,1.0,0.0,0.0,1.0
32,4,940004,R32-T4,500,8735aafee0116907df47f2a2,1,0,1,1.0,1.0,0.5018724010236175,0.5597877660137544,3,0.015245840754379375,-0.07301842772076056,0.6573771662112053,0.4788377300358652,1.0,0.75,879.6774999991612,386.895599998752,10938.0,36.0,1.0,2089.0,0.0,0.0
32,4,940005,R32-T4,100,7e3b969d1a8f69ff654d33cc,1,0,1,1.0,1.0,0.4066048655302193,0.43452487889087754,1,-0.09055676717338595,-0.09055846178701443,0.2731938905510319,0.2729577016380283,0.25,0.25,752.9945000005682,87.8115000014077,3164.0,12.0,0.0,38.0,0.0,0.0
32,4,940005,R32-T4,200,7e3b969d1a8f69ff654d33cc,1,0,1,1.0,1.0,0.4066048655302193,0.43452487889087754,1,-0.09055676717338595,-0.09055846178701443,0.2731938905510319,0.2729577016380283,0.25,0.25,752.9945000005682,80.71030000064638,3164.0,12.0,0.0,38.0,0.0,0.0
32,4,940005,R32-T4,500,7e3b969d1a8f69ff654d33cc,1,0,1,1.0,1.0,0.4066048655302193,0.43452487889087754,1,-0.09055676717338595,-0.09055846178701443,0.2731938905510319,0.2729577016380283,0.25,0.25,752.9945000005682,79.42349999939324,3164.0,12.0,0.0,38.0,0.0,0.0
32,4,940005,R32-T4,50,7e3b969d1a8f69ff654d33cc,1,0,0,1.0,1.0,0.4066048655302193,0.43452487889087754,1,-0.09055676717338595,-0.09055846178701443,0.2731938905510319,0.2729577016380283,0.25,0.25,752.9945000005682,89.33250000154658,3164.0,12.0,0.0,0.0,0.0,1.0
32,4,940006,R32-T4,200,e0307aa1646c16db9066ed8f,1,0,0,1.0,1.0,0.45865316466832656,0.4678700675837056,2,-0.02922488147871677,-0.06073966151757038,0.5118508469052977,0.39377626172760277,0.75,0.5,785.6320000009873,213.2340000007389,5135.0,24.0,1.0,0.0,0.0,1.0
32,4,940006,R32-T4,500,e0307aa1646c16db9066ed8f,1,0,1,1.0,1.0,0.45865316466832656,0.46596332634550897,2,-0.02922488147871677,-0.060708151665131535,0.5118508469052977,0.3937311022023006,0.75,0.5,785.6320000009873,250.86059999921417,5135.0,24.0,1.0,100.0,0.0,0.0
32,4,940006,R32-T4,50,e0307aa1646c16db9066ed8f,1,0,0,1.0,1.0,0.45865316466832656,0.4678700675837056,2,-0.02922488147871677,-0.06073966151757038,0.5118508469052977,0.39377626172760277,0.75,0.5,785.6320000009873,227.57309999906283,5135.0,24.0,1.0,0.0,0.0,1.0
32,4,940006,R32-T4,100,e0307aa1646c16db9066ed8f,1,0,0,1.0,1.0,0.45865316466832656,0.4678700675837056,2,-0.02922488147871677,-0.06073966151757038,0.5118508469052977,0.39377626172760277,0.75,0.5,785.6320000009873,222.10709999853862,5135.0,24.0,1.0,0.0,0.0,1.0
32,4,940007,R32-T4,500,53949853f231ea7be191663a,1,0,1,1.0,1.0,0.504261143987625,0.5435949077359468,1,0.008948873949956193,-0.07471861853512402,0.6038416204044849,0.2826774614691218,0.75,0.25,809.9029000004521,26.94340000016382,7042.0,7.0,1.0,23.0,0.0,0.0
32,4,940007,R32-T4,50,53949853f231ea7be191663a,1,0,1,1.0,1.0,0.504261143987625,0.5435949077359468,1,0.008948873949956193,-0.07471861853512402,0.6038416204044849,0.2826774614691218,0.75,0.25,809.9029000004521,23.533600000519073,7042.0,7.0,1.0,23.0,0.0,0.0
32,4,940007,R32-T4,100,53949853f231ea7be191663a,1,0,1,1.0,1.0,0.504261143987625,0.5435949077359468,1,0.008948873949956193,-0.07471861853512402,0.6038416204044849,0.2826774614691218,0.75,0.25,809.9029000004521,25.787799999307026,7042.0,7.0,1.0,23.0,0.0,0.0
32,4,940007,R32-T4,200,53949853f231ea7be191663a,1,0,1,1.0,1.0,0.504261143987625,0.5435949077359468,1,0.008948873949956193,-0.07471861853512402,0.6038416204044849,0.2826774614691218,0.75,0.25,809.9029000004521,24.563200000557117,7042.0,7.0,1.0,23.0,0.0,0.0
32,4,940008,R32-T4,50,59562c74408b329a85947a15,1,0,0,1.0,1.0,0.4543233477345694,0.4543233477345694,3,6.736961567999078e-05,-0.0019678367732339497,0.6043000827478728,0.5669331542485724,0.75,0.75,851.6919999983656,325.4800000013347,9492.0,36.0,1.0,0.0,0.0,1.0
32,4,940008,R32-T4,100,59562c74408b329a85947a15,1,0,0,1.0,1.0,0.4543233477345694,0.4543233477345694,3,6.736961567999078e-05,-0.0019678367732339497,0.6043000827478728,0.5669331542485724,0.75,0.75,851.6919999983656,322.1711000005598,9492.0,36.0,1.0,0.0,0.0,1.0
32,4,940008,R32-T4,200,59562c74408b329a85947a15,1,0,0,1.0,1.0,0.4543233477345694,0.4543233477345694,3,6.736961567999078e-05,-0.0019678367732339497,0.6043000827478728,0.5669331542485724,0.75,0.75,851.6919999983656,326.7537000010634,9492.0,36.0,1.0,0.0,0.0,1.0
32,4,940008,R32-T4,500,59562c74408b329a85947a15,1,0,1,1.0,1.0,0.4543233477345694,0.4543233477345694,3,6.736961567999078e-05,-0.0019678367732339497,0.6043000827478728,0.5669331542485724,0.75,0.75,851.6919999983656,357.3324999997567,9492.0,36.0,1.0,2226.0,0.0,0.0
32,4,940009,R32-T4,100,2175cd5abd35a3a57dcfd2ad,1,0,1,1.0,1.0,0.5621240585289007,0.5621240585289007,1,0.04699482724750692,-0.10004654412905975,0.6694210627737587,0.27252950483894756,1.0,0.25,889.9075000008452,30.799299998761853,5457.0,12.0,1.0,27.0,0.0,0.0
32,4,940009,R32-T4,200,2175cd5abd35a3a57dcfd2ad,1,0,1,1.0,1.0,0.5621240585289007,0.5621240585289007,1,0.04699482724750692,-0.10004654412905975,0.6694210627737587,0.27252950483894756,1.0,0.25,889.9075000008452,32.41390000039246,5457.0,12.0,1.0,27.0,0.0,0.0
32,4,940009,R32-T4,500,2175cd5abd35a3a57dcfd2ad,1,0,1,1.0,1.0,0.5621240585289007,0.5621240585289007,1,0.04699482724750692,-0.10004654412905975,0.6694210627737587,0.27252950483894756,1.0,0.25,889.9075000008452,29.434300000502844,5457.0,12.0,1.0,27.0,0.0,0.0
32,4,940009,R32-T4,50,2175cd5abd35a3a57dcfd2ad,1,0,1,1.0,1.0,0.5621240585289007,0.5621240585289007,1,0.04699482724750692,-0.10004654412905975,0.6694210627737587,0.27252950483894756,1.0,0.25,889.9075000008452,29.945399999633082,5457.0,12.0,1.0,27.0,0.0,0.0
32,4,940010,R32-T4,200,575ad00b05859dd5a6356868,1,0,1,1.0,1.0,0.37764238316425847,0.37764238316425847,1,-0.049710515280527695,-0.08446956728998059,0.3909806813303602,0.2748948179906434,0.5,0.25,777.1937999987131,167.9175999997824,3165.0,12.0,0.0,27.0,0.0,0.0
32,4,940010,R32-T4,500,575ad00b05859dd5a6356868,1,0,1,1.0,1.0,0.37764238316425847,0.37764238316425847,1,-0.049710515280527695,-0.08446956728998059,0.3909806813303602,0.2748948179906434,0.5,0.25,777.1937999987131,173.73180000140565,3165.0,12.0,0.0,27.0,0.0,0.0
32,4,940010,R32-T4,50,575ad00b05859dd5a6356868,1,0,0,1.0,1.0,0.37764238316425847,0.37764238316425847,1,-0.049710515280527695,-0.08446956728998059,0.3909806813303602,0.2748948179906434,0.5,0.25,777.1937999987131,195.0386000007711,3165.0,12.0,0.0,0.0,0.0,1.0
32,4,940010,R32-T4,100,575ad00b05859dd5a6356868,1,0,0,1.0,1.0,0.37764238316425847,0.37764238316425847,1,-0.049710515280527695,-0.08446956728998059,0.3909806813303602,0.2748948179906434,0.5,0.25,777.1937999987131,191.44909999886295,3165.0,12.0,0.0,0.0,0.0,1.0
32,4,940011,R32-T4,500,1220a2b8c34f1a54640f0143,1,0,1,1.0,1.0,0.4483140173335963,0.4483140173335963,1,0.0358598134101106,-0.043340929698282474,0.49607740587318505,0.33329235397675017,0.5,0.25,798.5758999984682,365.308799999184,6909.0,24.0,1.0,193.0,0.0,0.0
32,4,940011,R32-T4,50,1220a2b8c34f1a54640f0143,1,0,0,1.0,1.0,0.4483140173335963,0.4483140173335963,1,0.0358598134101106,-0.043340929698282474,0.49607740587318505,0.33329235397675017,0.5,0.25,798.5758999984682,340.04949999871315,6909.0,24.0,1.0,0.0,0.0,1.0
32,4,940011,R32-T4,100,1220a2b8c34f1a54640f0143,1,0,0,1.0,1.0,0.4483140173335963,0.4483140173335963,1,0.0358598134101106,-0.043340929698282474,0.49607740587318505,0.33329235397675017,0.5,0.25,798.5758999984682,338.1355000001349,6909.0,24.0,1.0,0.0,0.0,1.0
32,4,940011,R32-T4,200,1220a2b8c34f1a54640f0143,1,0,0,1.0,1.0,0.4483140173335963,0.4483140173335963,1,0.0358598134101106,-0.043340929698282474,0.49607740587318505,0.33329235397675017,0.5,0.25,798.5758999984682,367.2378999999637,6909.0,24.0,1.0,0.0,0.0,1.0
32,4,940012,R32-T4,50,e816d829a87babee78dfd932,1,0,0,1.0,1.0,0.43782813720763497,0.445073779114721,3,0.0418913196525022,0.035425523936608805,0.5899377067192749,0.5893494902273335,0.75,0.75,939.6718999996665,794.1043000009813,11816.0,36.0,1.0,0.0,0.0,1.0
32,4,940012,R32-T4,100,e816d829a87babee78dfd932,1,0,0,1.0,1.0,0.43782813720763497,0.445073779114721,3,0.0418913196525022,0.035425523936608805,0.5899377067192749,0.5893494902273335,0.75,0.75,939.6718999996665,752.9147999994166,11816.0,36.0,1.0,0.0,0.0,1.0
32,4,940012,R32-T4,200,e816d829a87babee78dfd932,1,0,0,1.0,1.0,0.43782813720763497,0.445073779114721,3,0.0418913196525022,0.035425523936608805,0.5899377067192749,0.5893494902273335,0.75,0.75,939.6718999996665,682.8167000003305,11816.0,36.0,1.0,0.0,0.0,1.0
32,4,940012,R32-T4,500,e816d829a87babee78dfd932,1,0,0,1.0,1.0,0.43782813720763497,0.445073779114721,3,0.0418913196525022,0.035425523936608805,0.5899377067192749,0.5893494902273335,0.75,0.75,939.6718999996665,683.2080000003771,11816.0,36.0,1.0,0.0,0.0,1.0
32,4,940013,R32-T4,100,67f358dce241e93798588119,1,0,1,1.0,1.0,0.552116202811203,0.5556385379404224,2,3.7531567623261264e-05,-0.027033208657318113,0.5748459670866559,0.4317008187933124,0.75,0.5,880.3479999987758,94.00430000096094,7261.0,24.0,1.0,421.0,0.0,0.0
32,4,940013,R32-T4,200,67f358dce241e93798588119,1,0,1,1.0,1.0,0.552116202811203,0.5556385379404224,2,3.7531567623261264e-05,-0.027033208657318113,0.5748459670866559,0.4317008187933124,0.75,0.5,880.3479999987758,91.77530000124534,7261.0,24.0,1.0,421.0,0.0,0.0
32,4,940013,R32-T4,500,67f358dce241e93798588119,1,0,1,1.0,1.0,0.552116202811203,0.5556385379404224,2,3.7531567623261264e-05,-0.027033208657318113,0.5748459670866559,0.4317008187933124,0.75,0.5,880.3479999987758,91.70129999984056,7261.0,24.0,1.0,421.0,0.0,0.0
32,4,940013,R32-T4,50,67f358dce241e93798588119,1,0,0,1.0,1.0,0.552116202811203,0.5556385379404224,2,3.7531567623261264e-05,-0.027033208657318113,0.5748459670866559,0.4317008187933124,0.75,0.5,880.3479999987758,92.82669999993232,7261.0,24.0,1.0,0.0,0.0,1.0
32,4,940014,R32-T4,200,34cbf1a9fc0fd720baecb689,1,0,0,1.0,1.0,0.51704021228574,0.5230571348211659,4,0.15594914166131238,0.14573037558687577,0.7579281964469538,0.7582604994426999,1.0,1.0,999.3113999989873,837.3126000005868,14980.0,48.0,1.0,0.0,0.0,1.0
32,4,940014,R32-T4,500,34cbf1a9fc0fd720baecb689,1,0,0,1.0,1.0,0.51704021228574,0.5230571348211659,4,0.15594914166131238,0.14573037558687577,0.7579281964469538,0.7582604994426999,1.0,1.0,999.3113999989873,763.0552999999054,14980.0,48.0,1.0,0.0,0.0,1.0
32,4,940014,R32-T4,50,34cbf1a9fc0fd720baecb689,1,0,0,1.0,1.0,0.51704021228574,0.5230571348211659,4,0.15594914166131238,0.14573037558687577,0.7579281964469538,0.7582604994426999,1.0,1.0,999.3113999989873,797.3586999996769,14980.0,48.0,1.0,0.0,0.0,1.0
32,4,940014,R32-T4,100,34cbf1a9fc0fd720baecb689,1,0,0,1.0,1.0,0.51704021228574,0.5230571348211659,4,0.15594914166131238,0.14573037558687577,0.7579281964469538,0.7582604994426999,1.0,1.0,999.3113999989873,763.3879999993951,14980.0,48.0,1.0,0.0,0.0,1.0
32,4,940015,R32-T4,500,8ef5d24970a715147d25bb80,1,0,1,1.0,1.0,0.5219867354122862,0.5503356476669684,1,-0.02089713596669769,-0.0782513473566553,0.43517499239245927,0.3182562127956231,0.5,0.25,821.7691999998351,116.84040000000095,4579.0,12.0,1.0,49.0,0.0,0.0
32,4,940015,R32-T4,50,8ef5d24970a715147d25bb80,1,0,0,1.0,1.0,0.5219867354122862,0.5503356476669684,1,-0.02089713596669769,-0.0782513473566553,0.43517499239245927,0.3182562127956231,0.5,0.25,821.7691999998351,117.11529999956838,4579.0,12.0,1.0,0.0,0.0,1.0
32,4,940015,R32-T4,100,8ef5d24970a715147d25bb80,1,0,0,1.0,1.0,0.5219867354122862,0.5503356476669684,1,-0.02089713596669769,-0.0782513473566553,0.43517499239245927,0.3182562127956231,0.5,0.25,821.7691999998351,115.49399999967136,4579.0,12.0,1.0,0.0,0.0,1.0
32,4,940015,R32-T4,200,8ef5d24970a715147d25bb80,1,0,1,1.0,1.0,0.5219867354122862,0.5503356476669684,1,-0.02089713596669769,-0.0782513473566553,0.43517499239245927,0.3182562127956231,0.5,0.25,821.7691999998351,112.90280000139319,4579.0,12.0,1.0,49.0,0.0,0.0
32,4,940016,R32-T4,50,c8e4857c99722d459c4ea004,1,0,0,1.0,1.0,0.6501462624330038,0.6501462624330038,2,0.009456959733808529,-0.0501921056067874,0.54244236111331,0.4336897335408275,0.75,0.5,975.702600000659,548.6847999982274,8741.0,24.0,1.0,0.0,0.0,1.0
32,4,940016,R32-T4,100,c8e4857c99722d459c4ea004,1,0,0,1.0,1.0,0.6501462624330038,0.6501462624330038,2,0.009456959733808529,-0.0501921056067874,0.54244236111331,0.4336897335408275,0.75,0.5,975.702600000659,456.32370000021183,8741.0,24.0,1.0,0.0,0.0,1.0
32,4,940016,R32-T4,200,c8e4857c99722d459c4ea004,1,0,0,1.0,1.0,0.6501462624330038,0.6501462624330038,2,0.009456959733808529,-0.0501921056067874,0.54244236111331,0.4336897335408275,0.75,0.5,975.702600000659,444.132399999944,8741.0,24.0,1.0,0.0,0.0,1.0
32,4,940016,R32-T4,500,c8e4857c99722d459c4ea004,1,0,1,1.0,1.0,0.6501462624330038,0.6501462624330038,2,0.009456959733808529,-0.0501921056067874,0.54244236111331,0.4336897335408275,0.75,0.5,975.702600000659,450.3007000002981,8741.0,24.0,1.0,469.0,0.0,0.0
32,4,940017,R32-T4,100,fe8670244747a7c7f6232f3a,1,0,0,1.0,1.0,0.3986268933845868,0.40545618233470015,2,0.028290000112948382,-0.036217236509691005,0.6205991846767366,0.4442590832507165,0.75,0.5,863.631099999111,555.8089999994991,8144.0,24.0,1.0,0.0,0.0,1.0
32,4,940017,R32-T4,200,fe8670244747a7c7f6232f3a,1,0,0,1.0,1.0,0.3986268933845868,0.40545618233470015,2,0.028290000112948382,-0.036217236509691005,0.6205991846767366,0.4442590832507165,0.75,0.5,863.631099999111,604.6247000012954,8144.0,24.0,1.0,0.0,0.0,1.0
32,4,940017,R32-T4,500,fe8670244747a7c7f6232f3a,1,0,0,1.0,1.0,0.3986268933845868,0.40545618233470015,2,0.028290000112948382,-0.036217236509691005,0.6205991846767366,0.4442590832507165,0.75,0.5,863.631099999111,643.8736000000063,8144.0,24.0,1.0,0.0,0.0,1.0
32,4,940017,R32-T4,50,fe8670244747a7c7f6232f3a,1,0,0,1.0,1.0,0.3986268933845868,0.40545618233470015,2,0.028290000112948382,-0.036217236509691005,0.6205991846767366,0.4442590832507165,0.75,0.5,863.631099999111,581.1018000003969,8144.0,24.0,1.0,0.0,0.0,1.0
32,4,940018,R32-T4,200,56cbe14085c9311b9ddd347b,1,0,0,1.0,1.0,0.4589447706501619,0.48359985444863973,3,0.05085955502778858,0.02589609872362214,0.5743622139476917,0.5612925781687169,0.75,0.75,928.9198999995278,699.0329999989626,11816.0,36.0,1.0,0.0,0.0,1.0
32,4,940018,R32-T4,500,56cbe14085c9311b9ddd347b,1,0,0,1.0,1.0,0.4589447706501619,0.48359985444863973,3,0.05085955502778858,0.02589609872362214,0.5743622139476917,0.5612925781687169,0.75,0.75,928.9198999995278,651.4575000001059,11816.0,36.0,1.0,0.0,0.0,1.0
32,4,940018,R32-T4,50,56cbe14085c9311b9ddd347b,1,0,0,1.0,1.0,0.4589447706501619,0.48359985444863973,3,0.05085955502778858,0.02589609872362214,0.5743622139476917,0.5612925781687169,0.75,0.75,928.9198999995278,636.100499999884,11816.0,36.0,1.0,0.0,0.0,1.0
32,4,940018,R32-T4,100,56cbe14085c9311b9ddd347b,1,0,0,1.0,1.0,0.4589447706501619,0.48359985444863973,3,0.05085955502778858,0.02589609872362214,0.5743622139476917,0.5612925781687169,0.75,0.75,928.9198999995278,658.973399999013,11816.0,36.0,1.0,0.0,0.0,1.0
32,4,940019,R32-T4,500,bc475666a34c382494dcc159,1,0,1,1.0,1.0,0.620124560700416,0.6144511612707563,1,0.01832438583204707,-0.08112276100801866,0.5656087755261062,0.2813031066856037,0.75,0.25,752.2853000009491,34.800600000380655,4219.0,1.0,1.0,5.0,0.0,0.0
32,4,940019,R32-T4,50,bc475666a34c382494dcc159,1,0,1,1.0,1.0,0.620124560700416,0.6144511612707563,1,0.01832438583204707,-0.08112276100801866,0.5656087755261062,0.2813031066856037,0.75,0.25,752.2853000009491,36.411899998711306,4219.0,1.0,1.0,5.0,0.0,0.0
32,4,940019,R32-T4,100,bc475666a34c382494dcc159,1,0,1,1.0,1.0,0.620124560700416,0.6144511612707563,1,0.01832438583204707,-0.08112276100801866,0.5656087755261062,0.2813031066856037,0.75,0.25,752.2853000009491,34.24219999942579,4219.0,1.0,1.0,5.0,0.0,0.0
32,4,940019,R32-T4,200,bc475666a34c382494dcc159,1,0,1,1.0,1.0,0.620124560700416,0.6144511612707563,1,0.01832438583204707,-0.08112276100801866,0.5656087755261062,0.2813031066856037,0.75,0.25,752.2853000009491,33.3993999993254,4219.0,1.0,1.0,5.0,0.0,0.0
32,4,940020,R32-T4,50,e0dc4887dcd232a7f9a5a6f9,1,0,0,1.0,1.0,0.44145627483607336,0.4301764352518129,2,0.05658686440458702,0.03579525903274704,0.49152292543578213,0.4565398609153056,0.5,0.5,863.6833000000479,274.48249999906693,4636.0,24.0,1.0,0.0,0.0,1.0
32,4,940020,R32-T4,100,e0dc4887dcd232a7f9a5a6f9,1,0,0,1.0,1.0,0.44145627483607336,0.4301764352518129,2,0.05658686440458702,0.03579525903274704,0.49152292543578213,0.4565398609153056,0.5,0.5,863.6833000000479,267.6744000000326,4636.0,24.0,1.0,0.0,0.0,1.0
32,4,940020,R32-T4,200,e0dc4887dcd232a7f9a5a6f9,1,0,0,1.0,1.0,0.44145627483607336,0.4301764352518129,2,0.05658686440458702,0.03579525903274704,0.49152292543578213,0.4565398609153056,0.5,0.5,863.6833000000479,270.1454999987618,4636.0,24.0,1.0,0.0,0.0,1.0
32,4,940020,R32-T4,500,e0dc4887dcd232a7f9a5a6f9,1,0,1,1.0,1.0,0.44145627483607336,0.4492258008028196,2,0.05658686440458702,0.05066248329742676,0.49152292543578213,0.48882080228078556,0.5,0.5,863.6833000000479,271.6633999989426,4636.0,24.0,1.0,181.0,0.0,0.0
32,4,940021,R32-T4,100,5b5e316d2e07c8c3ff47b8af,1,0,1,1.0,1.0,nan,nan,0,-0.0541335938673094,-0.12617460129129895,0.41647569286756053,0.0,0.5,0.0,746.1032000010164,36.86340000058408,3548.0,0.0,1.0,5.0,0.0,0.0
32,4,940021,R32-T4,200,5b5e316d2e07c8c3ff47b8af,1,0,1,1.0,1.0,nan,nan,0,-0.0541335938673094,-0.12617460129129895,0.41647569286756053,0.0,0.5,0.0,746.1032000010164,35.58789999988221,3548.0,0.0,1.0,5.0,0.0,0.0
32,4,940021,R32-T4,500,5b5e316d2e07c8c3ff47b8af,1,0,1,1.0,1.0,nan,nan,0,-0.0541335938673094,-0.12617460129129895,0.41647569286756053,0.0,0.5,0.0,746.1032000010164,35.139100000378676,3548.0,0.0,1.0,5.0,0.0,0.0
32,4,940021,R32-T4,50,5b5e316d2e07c8c3ff47b8af,1,0,1,1.0,1.0,nan,nan,0,-0.0541335938673094,-0.12617460129129895,0.41647569286756053,0.0,0.5,0.0,746.1032000010164,36.50009999910253,3548.0,0.0,1.0,5.0,0.0,0.0
32,4,940022,R32-T4,200,12dfc5b0c49fe7db471ad76d,1,0,0,1.0,1.0,0.5753210245036972,0.5753210245036972,2,0.025381551343722192,-0.02495897576830522,0.6842228610974749,0.441609207504673,1.0,0.5,890.0634999990871,354.37590000037744,7910.0,24.0,1.0,0.0,0.0,1.0
32,4,940022,R32-T4,500,12dfc5b0c49fe7db471ad76d,1,0,1,1.0,1.0,0.5753210245036972,0.5753210245036972,2,0.025381551343722192,-0.02495897576830522,0.6842228610974749,0.441609207504673,1.0,0.5,890.0634999990871,356.4366999999038,7910.0,24.0,1.0,469.0,0.0,0.0
32,4,940022,R32-T4,50,12dfc5b0c49fe7db471ad76d,1,0,0,1.0,1.0,0.5753210245036972,0.5753210245036972,2,0.025381551343722192,-0.02495897576830522,0.6842228610974749,0.441609207504673,1.0,0.5,890.0634999990871,345.40109999943525,7910.0,24.0,1.0,0.0,0.0,1.0
32,4,940022,R32-T4,100,12dfc5b0c49fe7db471ad76d,1,0,0,1.0,1.0,0.5753210245036972,0.5753210245036972,2,0.025381551343722192,-0.02495897576830522,0.6842228610974749,0.441609207504673,1.0,0.5,890.0634999990871,346.7162000015378,7910.0,24.0,1.0,0.0,0.0,1.0
32,4,940023,R32-T4,500,db2364833b81fbfbfa88b82e,1,0,1,1.0,1.0,0.62491235915754,0.62491235915754,1,0.023066382745241865,-0.0793846415754765,0.5719656110050769,0.3120259778367912,0.75,0.25,924.8893999993015,188.87629999881028,6664.0,12.0,1.0,49.0,0.0,0.0
32,4,940023,R32-T4,50,db2364833b81fbfbfa88b82e,1,0,0,1.0,1.0,0.62491235915754,0.62491235915754,1,0.023066382745241865,-0.0793846415754765,0.5719656110050769,0.3120259778367912,0.75,0.25,924.8893999993015,187.99399999988964,6664.0,12.0,1.0,0.0,0.0,1.0
32,4,940023,R32-T4,100,db2364833b81fbfbfa88b82e,1,0,0,1.0,1.0,0.62491235915754,0.62491235915754,1,0.023066382745241865,-0.0793846415754765,0.5719656110050769,0.3120259778367912,0.75,0.25,924.8893999993015,192.82840000050783,6664.0,12.0,1.0,0.0,0.0,1.0
32,4,940023,R32-T4,200,db2364833b81fbfbfa88b82e,1,0,1,1.0,1.0,0.62491235915754,0.62491235915754,1,0.023066382745241865,-0.0793846415754765,0.5719656110050769,0.3120259778367912,0.75,0.25,924.8893999993015,183.85679999846616,6664.0,12.0,1.0,49.0,0.0,0.0
32,4,940024,R32-T4,50,a959bd9b386aaff4fc88d68f,1,0,0,1.0,1.0,0.6358134743749668,0.6174997798198919,2,0.06820335725597115,-0.028950826966256143,0.7056236030304776,0.4594571434059553,1.0,0.5,980.6097000000591,402.1249999987049,10942.0,24.0,1.0,0.0,0.0,1.0
32,4,940024,R32-T4,100,a959bd9b386aaff4fc88d68f,1,0,0,1.0,1.0,0.6358134743749668,0.6174997798198919,2,0.06820335725597115,-0.028950826966256143,0.7056236030304776,0.4594571434059553,1.0,0.5,980.6097000000591,342.3767999993288,10942.0,24.0,1.0,0.0,0.0,1.0
32,4,940024,R32-T4,200,a959bd9b386aaff4fc88d68f,1,0,0,1.0,1.0,0.6358134743749668,0.6174997798198919,2,0.06820335725597115,-0.028950826966256143,0.7056236030304776,0.4594571434059553,1.0,0.5,980.6097000000591,327.2104000006948,10942.0,24.0,1.0,0.0,0.0,1.0
32,4,940024,R32-T4,500,a959bd9b386aaff4fc88d68f,1,0,1,1.0,1.0,0.6358134743749668,0.6174997798198919,2,0.06820335725597115,-0.028950826966256143,0.7056236030304776,0.4594571434059553,1.0,0.5,980.6097000000591,333.10180000080436,10942.0,24.0,1.0,275.0,0.0,0.0
32,4,940025,R32-T4,100,34203424f1f8a652b09dfd9e,1,0,0,1.0,1.0,0.5000438621030344,0.5019288192813011,3,0.038828415737289235,-0.0004792718439382837,0.6805137652052291,0.57102806458562,1.0,0.75,886.1735000009503,545.577199998661,10852.0,43.0,1.0,0.0,0.0,1.0
32,4,940025,R32-T4,200,34203424f1f8a652b09dfd9e,1,0,0,1.0,1.0,0.5000438621030344,0.5019288192813011,3,0.038828415737289235,-0.0004792718439382837,0.6805137652052291,0.57102806458562,1.0,0.75,886.1735000009503,504.3968000009045,10852.0,43.0,1.0,0.0,0.0,1.0
32,4,940025,R32-T4,500,34203424f1f8a652b09dfd9e,1,0,0,1.0,1.0,0.5000438621030344,0.5019288192813011,3,0.038828415737289235,-0.0004792718439382837,0.6805137652052291,0.57102806458562,1.0,0.75,886.1735000009503,561.2349000002723,10852.0,43.0,1.0,0.0,0.0,1.0
32,4,940025,R32-T4,50,34203424f1f8a652b09dfd9e,1,0,0,1.0,1.0,0.5000438621030344,0.5019288192813011,3,0.038828415737289235,-0.0004792718439382837,0.6805137652052291,0.57102806458562,1.0,0.75,886.1735000009503,521.5066000000661,10852.0,43.0,1.0,0.0,0.0,1.0
32,4,940026,R32-T4,200,0b7979e20cfcfbc59653d673,1,0,0,1.0,1.0,0.5595699964176508,0.5919591007997824,2,0.005844966472444646,-0.04595001737123021,0.5573873176720217,0.43590839226509326,0.75,0.5,778.9898000009998,346.1855999994441,6936.0,26.0,1.0,0.0,0.0,1.0
32,4,940026,R32-T4,500,0b7979e20cfcfbc59653d673,1,0,1,1.0,1.0,0.5518839257899925,0.5833045409127112,3,0.005844966472444646,0.0010901949779515696,0.5573873176720217,0.5556714343211921,0.75,0.75,778.9898000009998,384.0018999999302,6936.0,26.0,1.0,619.0,0.0,0.0
32,4,940026,R32-T4,50,0b7979e20cfcfbc59653d673,1,0,0,1.0,1.0,0.5595699964176508,0.5919591007997824,2,0.005844966472444646,-0.04595001737123021,0.5573873176720217,0.43590839226509326,0.75,0.5,778.9898000009998,332.2536999985459,6936.0,26.0,1.0,0.0,0.0,1.0
32,4,940026,R32-T4,100,0b7979e20cfcfbc59653d673,1,0,0,1.0,1.0,0.5595699964176508,0.5919591007997824,2,0.005844966472444646,-0.04595001737123021,0.5573873176720217,0.43590839226509326,0.75,0.5,778.9898000009998,344.953899999382,6936.0,26.0,1.0,0.0,0.0,1.0
32,4,940027,R32-T4,500,e4d9e819c55965c1d620828e,1,0,1,1.0,1.0,nan,nan,0,-0.0839367821182373,-0.12128076256556285,0.2743932099497644,0.0,0.25,0.0,732.9597999996622,40.258600000015576,4348.0,0.0,0.0,5.0,0.0,0.0
32,4,940027,R32-T4,50,e4d9e819c55965c1d620828e,1,0,1,1.0,1.0,nan,nan,0,-0.0839367821182373,-0.12128076256556285,0.2743932099497644,0.0,0.25,0.0,732.9597999996622,40.29839999930118,4348.0,0.0,0.0,5.0,0.0,0.0
32,4,940027,R32-T4,100,e4d9e819c55965c1d620828e,1,0,1,1.0,1.0,nan,nan,0,-0.0839367821182373,-0.12128076256556285,0.2743932099497644,0.0,0.25,0.0,732.9597999996622,39.5728000003146,4348.0,0.0,0.0,5.0,0.0,0.0
32,4,940027,R32-T4,200,e4d9e819c55965c1d620828e,1,0,1,1.0,1.0,nan,nan,0,-0.0839367821182373,-0.12128076256556285,0.2743932099497644,0.0,0.25,0.0,732.9597999996622,41.56639999928302,4348.0,0.0,0.0,5.0,0.0,0.0
32,4,940028,R32-T4,50,5784811cd9c90e34a442b6c5,1,0,1,1.0,1.0,0.4240527695774762,0.4530573721035129,1,-0.030187247751482002,-0.12756089313668023,0.52844619240953,0.2569042344894677,0.75,0.25,829.6862000006513,26.69419999983802,4639.0,11.0,1.0,15.0,0.0,0.0
32,4,940028,R32-T4,100,5784811cd9c90e34a442b6c5,1,0,1,1.0,1.0,0.4240527695774762,0.4530573721035129,1,-0.030187247751482002,-0.12756089313668023,0.52844619240953,0.2569042344894677,0.75,0.25,829.6862000006513,28.725600001052953,4639.0,11.0,1.0,15.0,0.0,0.0
32,4,940028,R32-T4,200,5784811cd9c90e34a442b6c5,1,0,1,1.0,1.0,0.4240527695774762,0.4530573721035129,1,-0.030187247751482002,-0.12756089313668023,0.52844619240953,0.2569042344894677,0.75,0.25,829.6862000006513,28.484300000855,4639.0,11.0,1.0,15.0,0.0,0.0
32,4,940028,R32-T4,500,5784811cd9c90e34a442b6c5,1,0,1,1.0,1.0,0.4240527695774762,0.4530573721035129,1,-0.030187247751482002,-0.12756089313668023,0.52844619240953,0.2569042344894677,0.75,0.25,829.6862000006513,26.703200001065852,4639.0,11.0,1.0,15.0,0.0,0.0
32,4,940029,R32-T4,100,8d972aed4d95f0405a016954,1,0,0,1.0,1.0,0.4087607726770547,0.4087607726770547,2,0.009679956020324815,-0.07249684193970288,0.6534531229316363,0.3815299889650414,1.0,0.5,881.4733999988675,594.6430999993026,12868.0,24.0,1.0,0.0,0.0,1.0
32,4,940029,R32-T4,200,8d972aed4d95f0405a016954,1,0,0,1.0,1.0,0.4087607726770547,0.4087607726770547,2,0.009679956020324815,-0.07249684193970288,0.6534531229316363,0.3815299889650414,1.0,0.5,881.4733999988675,580.0209000008181,12868.0,24.0,1.0,0.0,0.0,1.0
32,4,940029,R32-T4,500,8d972aed4d95f0405a016954,1,0,0,1.0,1.0,0.4087607726770547,0.4087607726770547,2,0.009679956020324815,-0.07249684193970288,0.6534531229316363,0.3815299889650414,1.0,0.5,881.4733999988675,562.3479000005318,12868.0,24.0,1.0,0.0,0.0,1.0
32,4,940029,R32-T4,50,8d972aed4d95f0405a016954,1,0,0,1.0,1.0,0.4087607726770547,0.4087607726770547,2,0.009679956020324815,-0.07249684193970288,0.6534531229316363,0.3815299889650414,1.0,0.5,881.4733999988675,556.1582999998791,12868.0,24.0,1.0,0.0,0.0,1.0
32,8,940000,R32-T8,50,00e9de33f0a1e147d158860f,1,0,0,1.0,1.0,0.612002054881864,0.6397511436437706,2,-0.07390964171327491,-0.0770694642689088,0.30029417727032226,0.2989285566113304,0.25,0.25,1408.7469000005512,265.26879999983066,3141.0,36.0,1.0,0.0,0.0,1.0
32,8,940000,R32-T8,100,00e9de33f0a1e147d158860f,1,0,0,1.0,1.0,0.612002054881864,0.6397511436437706,2,-0.07390964171327491,-0.0770694642689088,0.30029417727032226,0.2989285566113304,0.25,0.25,1408.7469000005512,285.367700000279,3141.0,36.0,1.0,0.0,0.0,1.0
32,8,940000,R32-T8,200,00e9de33f0a1e147d158860f,1,0,0,1.0,1.0,0.612002054881864,0.6397511436437706,2,-0.07390964171327491,-0.0770694642689088,0.30029417727032226,0.2989285566113304,0.25,0.25,1408.7469000005512,263.98410000001604,3141.0,36.0,1.0,0.0,0.0,1.0
32,8,940000,R32-T8,500,00e9de33f0a1e147d158860f,1,0,1,1.0,1.0,0.612002054881864,0.6397511436437706,2,-0.07390964171327491,-0.0770694642689088,0.30029417727032226,0.2989285566113304,0.25,0.25,1408.7469000005512,266.4163000008557,3141.0,36.0,1.0,2730.0,0.0,0.0
32,8,940001,R32-T8,100,dbb860de8986eb3039c4da8b,1,0,0,1.0,1.0,0.5052507843127124,0.48960842022671597,3,0.02533614266616642,-0.04379235143220689,0.5718741527096204,0.3669228128779538,0.75,0.375,1701.2218999989273,587.8824000010354,15859.0,36.0,1.0,0.0,0.0,1.0
32,8,940001,R32-T8,200,dbb860de8986eb3039c4da8b,1,0,0,1.0,1.0,0.5052507843127124,0.48960842022671597,3,0.02533614266616642,-0.04379235143220689,0.5718741527096204,0.3669228128779538,0.75,0.375,1701.2218999989273,618.9542000010988,15859.0,36.0,1.0,0.0,0.0,1.0
32,8,940001,R32-T8,500,dbb860de8986eb3039c4da8b,1,0,0,1.0,1.0,0.5052507843127124,0.48960842022671597,3,0.02533614266616642,-0.04379235143220689,0.5718741527096204,0.3669228128779538,0.75,0.375,1701.2218999989273,600.2076999993733,15859.0,36.0,1.0,0.0,0.0,1.0
32,8,940001,R32-T8,50,dbb860de8986eb3039c4da8b,1,0,0,1.0,1.0,0.5052507843127124,0.48960842022671597,3,0.02533614266616642,-0.04379235143220689,0.5718741527096204,0.3669228128779538,0.75,0.375,1701.2218999989273,589.0639000008377,15859.0,36.0,1.0,0.0,0.0,1.0
32,8,940002,R32-T8,200,cb16e19f8e263619280a6079,1,0,0,1.0,1.0,0.5405578002729327,0.5614421598758509,6,0.05388779137853675,-0.016406582094658256,0.6702504508581425,0.519915554944732,1.0,0.75,1905.2283999990323,1079.5416000000841,25272.0,72.0,1.0,0.0,0.0,1.0
32,8,940002,R32-T8,500,cb16e19f8e263619280a6079,1,0,0,1.0,1.0,0.5405578002729327,0.5614421598758509,6,0.05388779137853675,-0.016406582094658256,0.6702504508581425,0.519915554944732,1.0,0.75,1905.2283999990323,1086.5916000002471,25272.0,72.0,1.0,0.0,0.0,1.0
32,8,940002,R32-T8,50,cb16e19f8e263619280a6079,1,0,0,1.0,1.0,0.5405578002729327,0.5614421598758509,6,0.05388779137853675,-0.016406582094658256,0.6702504508581425,0.519915554944732,1.0,0.75,1905.2283999990323,1104.002500000206,25272.0,72.0,1.0,0.0,0.0,1.0
32,8,940002,R32-T8,100,cb16e19f8e263619280a6079,1,0,0,1.0,1.0,0.5405578002729327,0.5614421598758509,6,0.05388779137853675,-0.016406582094658256,0.6702504508581425,0.519915554944732,1.0,0.75,1905.2283999990323,1088.1174999994982,25272.0,72.0,1.0,0.0,0.0,1.0
32,8,940003,R32-T8,500,f04197bfac4994bb258c63c2,1,0,0,1.0,1.0,0.43763544020025796,0.45402312982343496,3,-0.013845819737400594,-0.021509225261806722,0.4517379281872967,0.40059875956543595,0.5,0.375,1659.7985999997036,930.8404000003065,24259.0,72.0,1.0,0.0,0.0,1.0
32,8,940003,R32-T8,50,f04197bfac4994bb258c63c2,1,0,0,1.0,1.0,0.43763544020025796,0.45402312982343496,3,-0.013845819737400594,-0.021509225261806722,0.4517379281872967,0.40059875956543595,0.5,0.375,1659.7985999997036,1009.6612999986974,24259.0,72.0,1.0,0.0,0.0,1.0
32,8,940003,R32-T8,100,f04197bfac4994bb258c63c2,1,0,0,1.0,1.0,0.43763544020025796,0.45402312982343496,3,-0.013845819737400594,-0.021509225261806722,0.4517379281872967,0.40059875956543595,0.5,0.375,1659.7985999997036,981.6571999999724,24259.0,72.0,1.0,0.0,0.0,1.0
32,8,940003,R32-T8,200,f04197bfac4994bb258c63c2,1,0,0,1.0,1.0,0.43763544020025796,0.45402312982343496,3,-0.013845819737400594,-0.021509225261806722,0.4517379281872967,0.40059875956543595,0.5,0.375,1659.7985999997036,946.6619000013452,24259.0,72.0,1.0,0.0,0.0,1.0
32,8,940004,R32-T8,50,7ba218aae9b0bae3636da5af,1,0,0,1.0,1.0,0.5371540549411838,0.5771458571701038,4,-0.016093130445173146,-0.07950879960378321,0.5215469171848861,0.388113469841649,0.75,0.5,1686.595600000146,389.1523000002053,14143.0,48.0,1.0,0.0,0.0,1.0
32,8,940004,R32-T8,100,7ba218aae9b0bae3636da5af,1,0,0,1.0,1.0,0.5371540549411838,0.5771458571701038,4,-0.016093130445173146,-0.07950879960378321,0.5215469171848861,0.388113469841649,0.75,0.5,1686.595600000146,383.37940000019444,14143.0,48.0,1.0,0.0,0.0,1.0
32,8,940004,R32-T8,200,7ba218aae9b0bae3636da5af,1,0,0,1.0,1.0,0.5371540549411838,0.5771458571701038,4,-0.016093130445173146,-0.07950879960378321,0.5215469171848861,0.388113469841649,0.75,0.5,1686.595600000146,388.76470000104746,14143.0,48.0,1.0,0.0,0.0,1.0
32,8,940004,R32-T8,500,7ba218aae9b0bae3636da5af,1,0,0,1.0,1.0,0.5371540549411838,0.5771458571701038,4,-0.016093130445173146,-0.07950879960378321,0.5215469171848861,0.388113469841649,0.75,0.5,1686.595600000146,500.1957999993465,14143.0,48.0,1.0,7140.0,0.0,1.0
32,8,940005,R32-T8,100,351a1a016944834c7cbc3382,1,0,0,1.0,1.0,0.40780891622995674,0.4720099230607169,3,-0.09247818564718699,-0.10367443177360267,0.32001029599068626,0.3133406457926833,0.375,0.375,1475.2981000001455,454.0231000009953,11816.0,36.0,1.0,0.0,0.0,1.0
32,8,940005,R32-T8,200,351a1a016944834c7cbc3382,1,0,0,1.0,1.0,0.40780891622995674,0.4720099230607169,3,-0.09247818564718699,-0.10367443177360267,0.32001029599068626,0.3133406457926833,0.375,0.375,1475.2981000001455,442.43639999876905,11816.0,36.0,1.0,0.0,0.0,1.0
32,8,940005,R32-T8,500,351a1a016944834c7cbc3382,1,0,0,1.0,1.0,0.40780891622995674,0.4720099230607169,3,-0.09247818564718699,-0.10367443177360267,0.32001029599068626,0.3133406457926833,0.375,0.375,1475.2981000001455,500.12429999878805,11816.0,36.0,1.0,619.0,0.0,1.0
32,8,940005,R32-T8,50,351a1a016944834c7cbc3382,1,0,0,1.0,1.0,0.40780891622995674,0.4720099230607169,3,-0.09247818564718699,-0.10367443177360267,0.32001029599068626,0.3133406457926833,0.375,0.375,1475.2981000001455,479.6452999999019,11816.0,36.0,1.0,0.0,0.0,1.0
32,8,940006,R32-T8,200,9f2a48122f7775f7aab2d20a,1,0,0,1.0,1.0,0.4985352963324228,0.5385031481216097,4,0.029324501840120074,0.000996889744681831,0.5683970445185429,0.4660535742293495,0.75,0.5,1704.8109999996086,748.2870000003459,15145.0,60.0,1.0,0.0,0.0,1.0
32,8,940006,R32-T8,500,9f2a48122f7775f7aab2d20a,1,0,0,1.0,1.0,0.4985352963324228,0.5385031481216097,4,0.029324501840120074,0.000996889744681831,0.5683970445185429,0.4660535742293495,0.75,0.5,1704.8109999996086,722.373399999924,15145.0,60.0,1.0,0.0,0.0,1.0
32,8,940006,R32-T8,50,9f2a48122f7775f7aab2d20a,1,0,0,1.0,1.0,0.4985352963324228,0.5385031481216097,4,0.029324501840120074,0.000996889744681831,0.5683970445185429,0.4660535742293495,0.75,0.5,1704.8109999996086,753.4305999997741,15145.0,60.0,1.0,0.0,0.0,1.0
32,8,940006,R32-T8,100,9f2a48122f7775f7aab2d20a,1,0,0,1.0,1.0,0.4985352963324228,0.5385031481216097,4,0.029324501840120074,0.000996889744681831,0.5683970445185429,0.4660535742293495,0.75,0.5,1704.8109999996086,733.900100000028,15145.0,60.0,1.0,0.0,0.0,1.0
32,8,940007,R32-T8,500,116d79ec939962f999c39b13,1,0,1,1.0,1.0,0.6057321014898086,0.6594997467454103,3,0.010428531111254358,-0.07952387627289971,0.5399568298530695,0.3550850030000525,0.625,0.375,1747.411500000453,136.9373000015912,14561.0,31.0,1.0,4583.0,0.0,0.0
32,8,940007,R32-T8,50,116d79ec939962f999c39b13,1,0,0,1.0,1.0,0.6057321014898086,0.6594997467454103,3,0.010428531111254358,-0.07952387627289971,0.5399568298530695,0.3550850030000525,0.625,0.375,1747.411500000453,112.09269999926619,14561.0,31.0,1.0,0.0,0.0,1.0
32,8,940007,R32-T8,100,116d79ec939962f999c39b13,1,0,0,1.0,1.0,0.6057321014898086,0.6594997467454103,3,0.010428531111254358,-0.07952387627289971,0.5399568298530695,0.3550850030000525,0.625,0.375,1747.411500000453,116.94990000069083,14561.0,31.0,1.0,0.0,0.0,1.0
32,8,940007,R32-T8,200,116d79ec939962f999c39b13,1,0,1,1.0,1.0,0.6057321014898086,0.6594997467454103,3,0.010428531111254358,-0.07952387627289971,0.5399568298530695,0.3550850030000525,0.625,0.375,1747.411500000453,139.11539999935485,14561.0,31.0,1.0,4583.0,0.0,0.0
32,8,940008,R32-T8,50,f0561848ad12a86e30a37ca1,1,0,0,1.0,1.0,0.4543233477345694,0.4543233477345694,3,-0.04782977413429919,-0.070151370295995,0.4233206493124243,0.34827779103080375,0.5,0.375,1614.6798999998282,373.33030000081635,10676.0,36.0,1.0,0.0,0.0,1.0
32,8,940008,R32-T8,100,f0561848ad12a86e30a37ca1,1,0,0,1.0,1.0,0.4543233477345694,0.4543233477345694,3,-0.04782977413429919,-0.070151370295995,0.4233206493124243,0.34827779103080375,0.5,0.375,1614.6798999998282,372.56759999945643,10676.0,36.0,1.0,0.0,0.0,1.0
32,8,940008,R32-T8,200,f0561848ad12a86e30a37ca1,1,0,0,1.0,1.0,0.4543233477345694,0.4543233477345694,3,-0.04782977413429919,-0.070151370295995,0.4233206493124243,0.34827779103080375,0.5,0.375,1614.6798999998282,373.1766000000789,10676.0,36.0,1.0,0.0,0.0,1.0
32,8,940008,R32-T8,500,f0561848ad12a86e30a37ca1,1,0,1,1.0,1.0,0.4543233477345694,0.4543233477345694,3,-0.04782977413429919,-0.070151370295995,0.4233206493124243,0.34827779103080375,0.5,0.375,1614.6798999998282,402.9052000005322,10676.0,36.0,1.0,2539.0,0.0,0.0
32,8,940009,R32-T8,100,9c19fd1924d1ed62f2e167a5,1,0,0,1.0,1.0,0.5136329589305809,0.5661349281244248,3,0.031942523581331955,-0.09461032332933002,0.6439545286863987,0.32022477974764013,1.0,0.375,1715.7902999988437,628.0470000001515,19940.0,36.0,1.0,0.0,0.0,1.0
32,8,940009,R32-T8,200,9c19fd1924d1ed62f2e167a5,1,0,0,1.0,1.0,0.5136329589305809,0.5661349281244248,3,0.031942523581331955,-0.09461032332933002,0.6439545286863987,0.32022477974764013,1.0,0.375,1715.7902999988437,632.6687000000675,19940.0,36.0,1.0,0.0,0.0,1.0
32,8,940009,R32-T8,500,9c19fd1924d1ed62f2e167a5,1,0,0,1.0,1.0,0.5136329589305809,0.5661349281244248,3,0.031942523581331955,-0.09461032332933002,0.6439545286863987,0.32022477974764013,1.0,0.375,1715.7902999988437,625.6692999995721,19940.0,36.0,1.0,0.0,0.0,1.0
32,8,940009,R32-T8,50,9c19fd1924d1ed62f2e167a5,1,0,0,1.0,1.0,0.5136329589305809,0.5661349281244248,3,0.031942523581331955,-0.09461032332933002,0.6439545286863987,0.32022477974764013,1.0,0.375,1715.7902999988437,605.9344000004785,19940.0,36.0,1.0,0.0,0.0,1.0
32,8,940010,R32-T8,200,e1d6c7ff0fa8c2e7f4ba27fd,1,0,0,1.0,1.0,0.37764238316425847,0.37764238316425847,1,-0.1085642282782169,-0.12594375428294338,0.2629147246298556,0.2083480409516394,0.25,0.125,1464.810600000419,217.67209999961779,3165.0,12.0,0.0,0.0,0.0,1.0
32,8,940010,R32-T8,500,e1d6c7ff0fa8c2e7f4ba27fd,1,0,1,1.0,1.0,0.37764238316425847,0.37764238316425847,1,-0.1085642282782169,-0.12594375428294338,0.2629147246298556,0.2083480409516394,0.25,0.125,1464.810600000419,218.4828000008565,3165.0,12.0,0.0,31.0,0.0,0.0
32,8,940010,R32-T8,50,e1d6c7ff0fa8c2e7f4ba27fd,1,0,0,1.0,1.0,0.37764238316425847,0.37764238316425847,1,-0.1085642282782169,-0.12594375428294338,0.2629147246298556,0.2083480409516394,0.25,0.125,1464.810600000419,212.63490000092133,3165.0,12.0,0.0,0.0,0.0,1.0
32,8,940010,R32-T8,100,e1d6c7ff0fa8c2e7f4ba27fd,1,0,0,1.0,1.0,0.37764238316425847,0.37764238316425847,1,-0.1085642282782169,-0.12594375428294338,0.2629147246298556,0.2083480409516394,0.25,0.125,1464.810600000419,217.2893999995722,3165.0,12.0,0.0,0.0,0.0,1.0
32,8,940011,R32-T8,500,61d8ce8f699ad85731813a94,1,0,0,1.0,1.0,0.503495889353127,0.5097570661504235,2,-0.01999893864971755,-0.07139831246723446,0.49400035009380017,0.3030115015234165,0.625,0.25,1542.7641999995103,654.5843000003515,15168.0,48.0,1.0,0.0,0.0,1.0
32,8,940011,R32-T8,50,61d8ce8f699ad85731813a94,1,0,0,1.0,1.0,0.503495889353127,0.5097570661504235,2,-0.01999893864971755,-0.07139831246723446,0.49400035009380017,0.3030115015234165,0.625,0.25,1542.7641999995103,694.9861999983113,15168.0,48.0,1.0,0.0,0.0,1.0
32,8,940011,R32-T8,100,61d8ce8f699ad85731813a94,1,0,0,1.0,1.0,0.503495889353127,0.5097570661504235,2,-0.01999893864971755,-0.07139831246723446,0.49400035009380017,0.3030115015234165,0.625,0.25,1542.7641999995103,667.2945000009349,15168.0,48.0,1.0,0.0,0.0,1.0
32,8,940011,R32-T8,200,61d8ce8f699ad85731813a94,1,0,0,1.0,1.0,0.503495889353127,0.5097570661504235,2,-0.01999893864971755,-0.07139831246723446,0.49400035009380017,0.3030115015234165,0.625,0.25,1542.7641999995103,640.4946999991807,15168.0,48.0,1.0,0.0,0.0,1.0
32,8,940012,R32-T8,50,905d0599d577b94df71be069,1,0,0,1.0,1.0,0.43782813720763497,0.445073779114721,3,-0.04760419545500655,-0.050837093312953247,0.37297245106438975,0.37268086132566525,0.375,0.375,1686.5622000004805,730.3534000002401,11816.0,36.0,1.0,0.0,0.0,1.0
32,8,940012,R32-T8,100,905d0599d577b94df71be069,1,0,0,1.0,1.0,0.43782813720763497,0.445073779114721,3,-0.04760419545500655,-0.050837093312953247,0.37297245106438975,0.37268086132566525,0.375,0.375,1686.5622000004805,731.4517999984673,11816.0,36.0,1.0,0.0,0.0,1.0
32,8,940012,R32-T8,200,905d0599d577b94df71be069,1,0,0,1.0,1.0,0.43782813720763497,0.445073779114721,3,-0.04760419545500655,-0.050837093312953247,0.37297245106438975,0.37268086132566525,0.375,0.375,1686.5622000004805,741.3413000012952,11816.0,36.0,1.0,0.0,0.0,1.0
32,8,940012,R32-T8,500,905d0599d577b94df71be069,1,0,0,1.0,1.0,0.43782813720763497,0.445073779114721,3,-0.04760419545500655,-0.050837093312953247,0.37297245106438975,0.37268086132566525,0.375,0.375,1686.5622000004805,726.0597000004054,11816.0,36.0,1.0,0.0,0.0,1.0
32,8,940013,R32-T8,100,5c38c126e1b17640938c01b2,1,0,0,1.0,1.0,0.5480925333279593,0.5722597115961748,4,-0.029545396654330508,-0.048065106346147614,0.5297756018518132,0.4087477944279848,0.75,0.5,1711.4665000008245,339.19760000026145,17678.0,48.0,1.0,0.0,0.0,1.0
32,8,940013,R32-T8,200,5c38c126e1b17640938c01b2,1,0,0,1.0,1.0,0.5480925333279593,0.5722597115961748,4,-0.029545396654330508,-0.048065106346147614,0.5297756018518132,0.4087477944279848,0.75,0.5,1711.4665000008245,330.3025000004709,17678.0,48.0,1.0,0.0,0.0,1.0
32,8,940013,R32-T8,500,5c38c126e1b17640938c01b2,1,0,0,1.0,1.0,0.5480925333279593,0.5722597115961748,4,-0.029545396654330508,-0.048065106346147614,0.5297756018518132,0.4087477944279848,0.75,0.5,1711.4665000008245,500.09159999899566,17678.0,48.0,1.0,24361.0,0.0,1.0
32,8,940013,R32-T8,50,5c38c126e1b17640938c01b2,1,0,0,1.0,1.0,0.5480925333279593,0.5722597115961748,4,-0.029545396654330508,-0.048065106346147614,0.5297756018518132,0.4087477944279848,0.75,0.5,1711.4665000008245,349.58559999904537,17678.0,48.0,1.0,0.0,0.0,1.0
32,8,940014,R32-T8,200,7ca4104b2f662e732cdf5d79,1,0,0,1.0,1.0,0.51704021228574,0.5230571348211659,4,0.01707560946318068,0.0067161352914790196,0.5235378483719695,0.48049359642336975,0.625,0.5,1779.94469999976,970.5413000010594,18273.0,60.0,1.0,0.0,0.0,1.0
32,8,940014,R32-T8,500,7ca4104b2f662e732cdf5d79,1,0,0,1.0,1.0,0.51704021228574,0.5230571348211659,4,0.01707560946318068,0.0067161352914790196,0.5235378483719695,0.48049359642336975,0.625,0.5,1779.94469999976,989.9095999990095,18273.0,60.0,1.0,0.0,0.0,1.0
32,8,940014,R32-T8,50,7ca4104b2f662e732cdf5d79,1,0,0,1.0,1.0,0.51704021228574,0.5230571348211659,4,0.01707560946318068,0.0067161352914790196,0.5235378483719695,0.48049359642336975,0.625,0.5,1779.94469999976,940.5832000011287,18273.0,60.0,1.0,0.0,0.0,1.0
32,8,940014,R32-T8,100,7ca4104b2f662e732cdf5d79,1,0,0,1.0,1.0,0.51704021228574,0.5230571348211659,4,0.01707560946318068,0.0067161352914790196,0.5235378483719695,0.48049359642336975,0.625,0.5,1779.94469999976,904.805000000124,18273.0,60.0,1.0,0.0,0.0,1.0
32,8,940015,R32-T8,500,a35b2326cd3aa8277834df35,1,0,1,1.0,1.0,0.48668505180479504,0.4945196623136776,2,-0.029259448227077864,-0.091248395508532,0.42513845942988515,0.29216864135515785,0.5,0.25,1606.752300000153,474.75779999876977,10067.0,24.0,1.0,416.0,0.0,0.0
32,8,940015,R32-T8,50,a35b2326cd3aa8277834df35,1,0,0,1.0,1.0,0.48668505180479504,0.4945196623136776,2,-0.029259448227077864,-0.091248395508532,0.42513845942988515,0.29216864135515785,0.5,0.25,1606.752300000153,452.44479999928444,10067.0,24.0,1.0,0.0,0.0,1.0
32,8,940015,R32-T8,100,a35b2326cd3aa8277834df35,1,0,0,1.0,1.0,0.48668505180479504,0.4945196623136776,2,-0.029259448227077864,-0.091248395508532,0.42513845942988515,0.29216864135515785,0.5,0.25,1606.752300000153,538.6101000003691,10067.0,24.0,1.0,0.0,0.0,1.0
32,8,940015,R32-T8,200,a35b2326cd3aa8277834df35,1,0,0,1.0,1.0,0.48668505180479504,0.4945196623136776,2,-0.029259448227077864,-0.091248395508532,0.42513845942988515,0.29216864135515785,0.5,0.25,1606.752300000153,468.9718999998149,10067.0,24.0,1.0,0.0,0.0,1.0
32,8,940016,R32-T8,50,01b20b04cde08597d532a937,1,0,0,1.0,1.0,0.5686299882667232,0.5696701743623239,3,-0.020118291851580802,-0.05053452927688119,0.43276785919260036,0.37202765985615754,0.5,0.375,1691.3043000004109,557.7217999998538,12345.0,36.0,1.0,0.0,0.0,1.0
32,8,940016,R32-T8,100,01b20b04cde08597d532a937,1,0,0,1.0,1.0,0.5686299882667232,0.5696701743623239,3,-0.020118291851580802,-0.05053452927688119,0.43276785919260036,0.37202765985615754,0.5,0.375,1691.3043000004109,572.6536000001943,12345.0,36.0,1.0,0.0,0.0,1.0
32,8,940016,R32-T8,200,01b20b04cde08597d532a937,1,0,0,1.0,1.0,0.5686299882667232,0.5696701743623239,3,-0.020118291851580802,-0.05053452927688119,0.43276785919260036,0.37202765985615754,0.5,0.375,1691.3043000004109,573.0684000009205,12345.0,36.0,1.0,0.0,0.0,1.0
32,8,940016,R32-T8,500,01b20b04cde08597d532a937,1,0,0,1.0,1.0,0.5686299882667232,0.5696701743623239,3,-0.020118291851580802,-0.05053452927688119,0.43276785919260036,0.37202765985615754,0.5,0.375,1691.3043000004109,574.8062000002392,12345.0,36.0,1.0,0.0,0.0,1.0
32,8,940017,R32-T8,100,03d8b7d717f08a5e8fe48777,1,0,0,1.0,1.0,0.48153017941336845,0.47947671679498777,4,0.00549322456792814,-0.027988824980527863,0.5266063669316989,0.43420237829004693,0.625,0.5,1634.4158999982028,1161.590100000467,16796.0,48.0,1.0,0.0,0.0,1.0
32,8,940017,R32-T8,200,03d8b7d717f08a5e8fe48777,1,0,0,1.0,1.0,0.48153017941336845,0.47947671679498777,4,0.00549322456792814,-0.027988824980527863,0.5266063669316989,0.43420237829004693,0.625,0.5,1634.4158999982028,1226.9792999995843,16796.0,48.0,1.0,0.0,0.0,1.0
32,8,940017,R32-T8,500,03d8b7d717f08a5e8fe48777,1,0,0,1.0,1.0,0.48153017941336845,0.47947671679498777,4,0.00549322456792814,-0.027988824980527863,0.5266063669316989,0.43420237829004693,0.625,0.5,1634.4158999982028,1182.4145999999018,16796.0,48.0,1.0,0.0,0.0,1.0
32,8,940017,R32-T8,50,03d8b7d717f08a5e8fe48777,1,0,0,1.0,1.0,0.48153017941336845,0.47947671679498777,4,0.00549322456792814,-0.027988824980527863,0.5266063669316989,0.43420237829004693,0.625,0.5,1634.4158999982028,1142.0964000008098,16796.0,48.0,1.0,0.0,0.0,1.0
32,8,940018,R32-T8,200,27519c235f49b29802d9ce30,1,0,0,1.0,1.0,0.4368222309524987,0.4743333255673772,5,0.024360601039112487,0.001640611602902492,0.5130529719157544,0.4882099232332555,0.625,0.625,1774.330900001587,1025.4657999994379,21826.0,72.0,1.0,0.0,0.0,1.0
32,8,940018,R32-T8,500,27519c235f49b29802d9ce30,1,0,0,1.0,1.0,0.4368222309524987,0.4743333255673772,5,0.024360601039112487,0.001640611602902492,0.5130529719157544,0.4882099232332555,0.625,0.625,1774.330900001587,1042.6091000008455,21826.0,72.0,1.0,0.0,0.0,1.0
32,8,940018,R32-T8,50,27519c235f49b29802d9ce30,1,0,0,1.0,1.0,0.4368222309524987,0.4743333255673772,5,0.024360601039112487,0.001640611602902492,0.5130529719157544,0.4882099232332555,0.625,0.625,1774.330900001587,1027.0946999989974,21826.0,72.0,1.0,0.0,0.0,1.0
32,8,940018,R32-T8,100,27519c235f49b29802d9ce30,1,0,0,1.0,1.0,0.4368222309524987,0.4743333255673772,5,0.024360601039112487,0.001640611602902492,0.5130529719157544,0.4882099232332555,0.625,0.625,1774.330900001587,1032.378299998527,21826.0,72.0,1.0,0.0,0.0,1.0
32,8,940019,R32-T8,500,3a6e31544e7b0eb25926bb27,1,0,0,1.0,1.0,0.5883972184797474,0.6170833847216514,4,0.009112104298027668,-0.04619920180625797,0.5455644651650114,0.4178984827101387,0.75,0.5,1679.4101999985287,717.4398000006477,15538.0,37.0,1.0,0.0,0.0,1.0
32,8,940019,R32-T8,50,3a6e31544e7b0eb25926bb27,1,0,0,1.0,1.0,0.5883972184797474,0.6170833847216514,4,0.009112104298027668,-0.04619920180625797,0.5455644651650114,0.4178984827101387,0.75,0.5,1679.4101999985287,754.7291999999288,15538.0,37.0,1.0,0.0,0.0,1.0
32,8,940019,R32-T8,100,3a6e31544e7b0eb25926bb27,1,0,0,1.0,1.0,0.5883972184797474,0.6170833847216514,4,0.009112104298027668,-0.04619920180625797,0.5455644651650114,0.4178984827101387,0.75,0.5,1679.4101999985287,621.8981000001804,15538.0,37.0,1.0,0.0,0.0,1.0
32,8,940019,R32-T8,200,3a6e31544e7b0eb25926bb27,1,0,0,1.0,1.0,0.5883972184797474,0.6170833847216514,4,0.009112104298027668,-0.04619920180625797,0.5455644651650114,0.4178984827101387,0.75,0.5,1679.4101999985287,622.7158000001509,15538.0,37.0,1.0,0.0,0.0,1.0
32,8,940020,R32-T8,50,a5a889731f54e596e68fd33e,1,0,0,1.0,1.0,0.5514796495304782,0.5364553532269674,3,0.024120070443360106,-0.02911468547703057,0.5169397792309168,0.3802438911509896,0.625,0.375,1731.8737999994482,388.38770000074874,14128.0,36.0,1.0,0.0,0.0,1.0
32,8,940020,R32-T8,100,a5a889731f54e596e68fd33e,1,0,0,1.0,1.0,0.5514796495304782,0.5364553532269674,3,0.024120070443360106,-0.02911468547703057,0.5169397792309168,0.3802438911509896,0.625,0.375,1731.8737999994482,369.3369000011444,14128.0,36.0,1.0,0.0,0.0,1.0
32,8,940020,R32-T8,200,a5a889731f54e596e68fd33e,1,0,0,1.0,1.0,0.5514796495304782,0.5364553532269674,3,0.024120070443360106,-0.02911468547703057,0.5169397792309168,0.3802438911509896,0.625,0.375,1731.8737999994482,376.7886000005092,14128.0,36.0,1.0,0.0,0.0,1.0
32,8,940020,R32-T8,500,a5a889731f54e596e68fd33e,1,0,1,1.0,1.0,0.5514796495304782,0.5491549302609718,3,0.024120070443360106,-0.022758085959242003,0.5169397792309168,0.39692633544925315,0.625,0.375,1731.8737999994482,388.8434000000416,14128.0,36.0,1.0,2435.0,0.0,0.0
32,8,940021,R32-T8,100,31f923295243b46b4cd89585,1,0,0,1.0,1.0,0.6440280256858522,0.6785484309535945,2,-0.05430195781868136,-0.10046859689541726,0.41389498728017204,0.2853557237009761,0.5,0.25,1624.4194999999308,530.064600001424,11237.0,24.0,1.0,0.0,0.0,1.0
32,8,940021,R32-T8,200,31f923295243b46b4cd89585,1,0,0,1.0,1.0,0.6440280256858522,0.6785484309535945,2,-0.05430195781868136,-0.10046859689541726,0.41389498728017204,0.2853557237009761,0.5,0.25,1624.4194999999308,546.6392999987875,11237.0,24.0,1.0,0.0,0.0,1.0
32,8,940021,R32-T8,500,31f923295243b46b4cd89585,1,0,0,1.0,1.0,0.6440280256858522,0.6785484309535945,2,-0.05430195781868136,-0.10046859689541726,0.41389498728017204,0.2853557237009761,0.5,0.25,1624.4194999999308,577.5348999995913,11237.0,24.0,1.0,0.0,0.0,1.0
32,8,940021,R32-T8,50,31f923295243b46b4cd89585,1,0,0,1.0,1.0,0.6440280256858522,0.6785484309535945,2,-0.05430195781868136,-0.10046859689541726,0.41389498728017204,0.2853557237009761,0.5,0.25,1624.4194999999308,536.8985999994038,11237.0,24.0,1.0,0.0,0.0,1.0
32,8,940022,R32-T8,200,fb9ca35affbd73a03b7106d7,1,0,0,1.0,1.0,0.5884240399704309,0.6283961196757545,3,-0.013064232143961366,-0.07069412551580609,0.5469709695384959,0.3519084583303468,0.75,0.375,1729.8900999994657,643.8084999990679,15367.0,48.0,1.0,0.0,0.0,1.0
32,8,940022,R32-T8,500,fb9ca35affbd73a03b7106d7,1,0,0,1.0,1.0,0.5884240399704309,0.6283961196757545,3,-0.013064232143961366,-0.07069412551580609,0.5469709695384959,0.3519084583303468,0.75,0.375,1729.8900999994657,658.8305999994191,15367.0,48.0,1.0,0.0,0.0,1.0
32,8,940022,R32-T8,50,fb9ca35affbd73a03b7106d7,1,0,0,1.0,1.0,0.5884240399704309,0.6283961196757545,3,-0.013064232143961366,-0.07069412551580609,0.5469709695384959,0.3519084583303468,0.75,0.375,1729.8900999994657,631.6696000012598,15367.0,48.0,1.0,0.0,0.0,1.0
32,8,940022,R32-T8,100,fb9ca35affbd73a03b7106d7,1,0,0,1.0,1.0,0.5884240399704309,0.6283961196757545,3,-0.013064232143961366,-0.07069412551580609,0.5469709695384959,0.3519084583303468,0.75,0.375,1729.8900999994657,625.2832999998645,15367.0,48.0,1.0,0.0,0.0,1.0
32,8,940023,R32-T8,500,7089220c2ee96a9e7e31d91f,1,0,0,1.0,1.0,0.5871199580821888,0.622395362932367,3,-0.021503550634196705,-0.07901508112847051,0.48390518845978686,0.35576748375899137,0.625,0.375,1614.5684000002802,632.1475000004284,15316.0,36.0,1.0,0.0,0.0,1.0
32,8,940023,R32-T8,50,7089220c2ee96a9e7e31d91f,1,0,0,1.0,1.0,0.5871199580821888,0.622395362932367,3,-0.021503550634196705,-0.07901508112847051,0.48390518845978686,0.35576748375899137,0.625,0.375,1614.5684000002802,649.2154000006849,15316.0,36.0,1.0,0.0,0.0,1.0
32,8,940023,R32-T8,100,7089220c2ee96a9e7e31d91f,1,0,0,1.0,1.0,0.5871199580821888,0.622395362932367,3,-0.021503550634196705,-0.07901508112847051,0.48390518845978686,0.35576748375899137,0.625,0.375,1614.5684000002802,695.2719000000798,15316.0,36.0,1.0,0.0,0.0,1.0
32,8,940023,R32-T8,200,7089220c2ee96a9e7e31d91f,1,0,0,1.0,1.0,0.5871199580821888,0.622395362932367,3,-0.021503550634196705,-0.07901508112847051,0.48390518845978686,0.35576748375899137,0.625,0.375,1614.5684000002802,652.6641999989806,15316.0,36.0,1.0,0.0,0.0,1.0
32,8,940024,R32-T8,50,cc1642170ae03750341b1e77,1,0,0,1.0,1.0,0.5866920714555021,0.5834514414089536,3,-0.014579248251146981,-0.06382434636058064,0.49609656691254816,0.368473265075751,0.625,0.375,1817.0819000006304,745.5941999996867,19097.0,48.0,1.0,0.0,0.0,1.0
32,8,940024,R32-T8,100,cc1642170ae03750341b1e77,1,0,0,1.0,1.0,0.5866920714555021,0.5834514414089536,3,-0.014579248251146981,-0.06382434636058064,0.49609656691254816,0.368473265075751,0.625,0.375,1817.0819000006304,723.9534999989701,19097.0,48.0,1.0,0.0,0.0,1.0
32,8,940024,R32-T8,200,cc1642170ae03750341b1e77,1,0,0,1.0,1.0,0.5866920714555021,0.5834514414089536,3,-0.014579248251146981,-0.06382434636058064,0.49609656691254816,0.368473265075751,0.625,0.375,1817.0819000006304,725.4658000001655,19097.0,48.0,1.0,0.0,0.0,1.0
32,8,940024,R32-T8,500,cc1642170ae03750341b1e77,1,0,0,1.0,1.0,0.5866920714555021,0.5834514414089536,3,-0.014579248251146981,-0.06382434636058064,0.49609656691254816,0.368473265075751,0.625,0.375,1817.0819000006304,748.5007000013866,19097.0,48.0,1.0,0.0,0.0,1.0
32,8,940025,R32-T8,100,bba26d70cd8091e6942d2f14,1,0,0,1.0,1.0,0.5160626784347169,0.5290342801286195,4,-0.009366094368725875,-0.06649538961177717,0.5383975570871636,0.40474053894511147,0.75,0.5,1707.1319999995467,834.165700000085,17044.0,55.0,1.0,0.0,0.0,1.0
32,8,940025,R32-T8,200,bba26d70cd8091e6942d2f14,1,0,0,1.0,1.0,0.5160626784347169,0.5290342801286195,4,-0.009366094368725875,-0.06649538961177717,0.5383975570871636,0.40474053894511147,0.75,0.5,1707.1319999995467,937.0281999999861,17044.0,55.0,1.0,0.0,0.0,1.0
32,8,940025,R32-T8,500,bba26d70cd8091e6942d2f14,1,0,0,1.0,1.0,0.5160626784347169,0.5290342801286195,4,-0.009366094368725875,-0.06649538961177717,0.5383975570871636,0.40474053894511147,0.75,0.5,1707.1319999995467,846.7844000006153,17044.0,55.0,1.0,0.0,0.0,1.0
32,8,940025,R32-T8,50,bba26d70cd8091e6942d2f14,1,0,0,1.0,1.0,0.5160626784347169,0.5290342801286195,4,-0.009366094368725875,-0.06649538961177717,0.5383975570871636,0.40474053894511147,0.75,0.5,1707.1319999995467,871.8520000002172,17044.0,55.0,1.0,0.0,0.0,1.0
32,8,940026,R32-T8,200,849320c5306b94fcc13783cc,1,0,0,1.0,1.0,0.5286900899880468,0.5417828232653146,3,0.002173901784418314,-0.07244773583251736,0.49596372647766435,0.350137959846577,0.625,0.375,1717.3485000002984,652.1921999992628,15591.0,38.0,1.0,0.0,0.0,1.0
32,8,940026,R32-T8,500,849320c5306b94fcc13783cc,1,0,0,1.0,1.0,0.5286900899880468,0.5417828232653146,3,0.002173901784418314,-0.07244773583251736,0.49596372647766435,0.350137959846577,0.625,0.375,1717.3485000002984,662.2953999994934,15591.0,38.0,1.0,0.0,0.0,1.0
32,8,940026,R32-T8,50,849320c5306b94fcc13783cc,1,0,0,1.0,1.0,0.5286900899880468,0.5417828232653146,3,0.002173901784418314,-0.07244773583251736,0.49596372647766435,0.350137959846577,0.625,0.375,1717.3485000002984,641.5138000011211,15591.0,38.0,1.0,0.0,0.0,1.0
32,8,940026,R32-T8,100,849320c5306b94fcc13783cc,1,0,0,1.0,1.0,0.5286900899880468,0.5417828232653146,3,0.002173901784418314,-0.07244773583251736,0.49596372647766435,0.350137959846577,0.625,0.375,1717.3485000002984,692.4108000002889,15591.0,38.0,1.0,0.0,0.0,1.0
32,8,940027,R32-T8,500,eeb2446f7c159efbdef2b10c,1,0,0,1.0,1.0,0.42665356567670876,0.46549260046450885,2,-0.024331815134673127,-0.08560220220176981,0.45161003655054205,0.2934271218813537,0.5,0.25,1586.6809000017383,508.87539999894216,13696.0,36.0,1.0,0.0,0.0,1.0
32,8,940027,R32-T8,50,eeb2446f7c159efbdef2b10c,1,0,0,1.0,1.0,0.42665356567670876,0.46549260046450885,2,-0.024331815134673127,-0.08560220220176981,0.45161003655054205,0.2934271218813537,0.5,0.25,1586.6809000017383,498.41059999926074,13696.0,36.0,1.0,0.0,0.0,1.0
32,8,940027,R32-T8,100,eeb2446f7c159efbdef2b10c,1,0,0,1.0,1.0,0.42665356567670876,0.46549260046450885,2,-0.024331815134673127,-0.08560220220176981,0.45161003655054205,0.2934271218813537,0.5,0.25,1586.6809000017383,586.729300001025,13696.0,36.0,1.0,0.0,0.0,1.0
32,8,940027,R32-T8,200,eeb2446f7c159efbdef2b10c,1,0,0,1.0,1.0,0.42665356567670876,0.46549260046450885,2,-0.024331815134673127,-0.08560220220176981,0.45161003655054205,0.2934271218813537,0.5,0.25,1586.6809000017383,522.6817999991908,13696.0,36.0,1.0,0.0,0.0,1.0
32,8,940028,R32-T8,50,5ce003942de4ba7e682b95c4,1,0,0,1.0,1.0,0.5394289817799227,0.5436991082921052,2,-0.06189209133082187,-0.11739754079049727,0.4489135629821363,0.2568603779047142,0.625,0.25,1610.8933000014076,385.2041999998619,12091.0,35.0,1.0,0.0,0.0,1.0
32,8,940028,R32-T8,100,5ce003942de4ba7e682b95c4,1,0,0,1.0,1.0,0.5394289817799227,0.5436991082921052,2,-0.06189209133082187,-0.11739754079049727,0.4489135629821363,0.2568603779047142,0.625,0.25,1610.8933000014076,385.84390000141866,12091.0,35.0,1.0,0.0,0.0,1.0
32,8,940028,R32-T8,200,5ce003942de4ba7e682b95c4,1,0,0,1.0,1.0,0.5394289817799227,0.5436991082921052,2,-0.06189209133082187,-0.11739754079049727,0.4489135629821363,0.2568603779047142,0.625,0.25,1610.8933000014076,367.8777999994054,12091.0,35.0,1.0,0.0,0.0,1.0
32,8,940028,R32-T8,500,5ce003942de4ba7e682b95c4,1,0,1,1.0,1.0,0.5394289817799227,0.5436991082921052,2,-0.06189209133082187,-0.11739754079049727,0.4489135629821363,0.2568603779047142,0.625,0.25,1610.8933000014076,386.11499999933585,12091.0,35.0,1.0,312.0,0.0,0.0
32,8,940029,R32-T8,100,89506a05d108bfd4dac39aa7,1,0,0,1.0,1.0,0.49874247631841495,0.5128625587842294,4,-0.01775071816946522,-0.060925738805877525,0.4876368722916508,0.40254039833321836,0.625,0.5,1542.6274000001285,631.7758999994112,13578.0,39.0,1.0,0.0,0.0,1.0
32,8,940029,R32-T8,200,89506a05d108bfd4dac39aa7,1,0,0,1.0,1.0,0.49874247631841495,0.5128625587842294,4,-0.01775071816946522,-0.060925738805877525,0.4876368722916508,0.40254039833321836,0.625,0.5,1542.6274000001285,671.299600000566,13578.0,39.0,1.0,0.0,0.0,1.0
32,8,940029,R32-T8,500,89506a05d108bfd4dac39aa7,1,0,0,1.0,1.0,0.49874247631841495,0.5128625587842294,4,-0.01775071816946522,-0.060925738805877525,0.4876368722916508,0.40254039833321836,0.625,0.5,1542.6274000001285,660.8075000003737,13578.0,39.0,1.0,0.0,0.0,1.0
32,8,940029,R32-T8,50,89506a05d108bfd4dac39aa7,1,0,0,1.0,1.0,0.49874247631841495,0.5128625587842294,4,-0.01775071816946522,-0.060925738805877525,0.4876368722916508,0.40254039833321836,0.625,0.5,1542.6274000001285,619.3158999994921,13578.0,39.0,1.0,0.0,0.0,1.0
32,12,940000,R32-T12,50,49571c29f634370eb349f015,1,0,0,1.0,1.0,0.5723298779324035,0.5903595379171958,5,-0.043513780171681005,-0.060517902930944216,0.4231025366598175,0.36403190307755634,0.5,0.4166666666666667,2516.9894000009663,940.3645999991568,19046.0,72.0,1.0,0.0,0.0,1.0
32,12,940000,R32-T12,100,49571c29f634370eb349f015,1,0,0,1.0,1.0,0.5723298779324035,0.5903595379171958,5,-0.043513780171681005,-0.060517902930944216,0.4231025366598175,0.36403190307755634,0.5,0.4166666666666667,2516.9894000009663,929.6113000000332,19046.0,72.0,1.0,0.0,0.0,1.0
32,12,940000,R32-T12,200,49571c29f634370eb349f015,1,0,0,1.0,1.0,0.5723298779324035,0.5903595379171958,5,-0.043513780171681005,-0.060517902930944216,0.4231025366598175,0.36403190307755634,0.5,0.4166666666666667,2516.9894000009663,1018.2334999990417,19046.0,72.0,1.0,0.0,0.0,1.0
32,12,940000,R32-T12,500,49571c29f634370eb349f015,1,0,0,1.0,1.0,0.5723298779324035,0.5903595379171958,5,-0.043513780171681005,-0.060517902930944216,0.4231025366598175,0.36403190307755634,0.5,0.4166666666666667,2516.9894000009663,1041.274400000475,19046.0,72.0,1.0,0.0,0.0,1.0
32,12,940001,R32-T12,100,8dc5e6a88a9ffce06d8471c5,1,0,0,1.0,1.0,0.455016831793968,0.4473804301091316,4,0.025360163175614552,-0.028428099682934593,0.5223195689604411,0.35162511695727267,0.6666666666666666,0.3333333333333333,2968.8323000009404,704.6359999985725,20189.0,50.0,1.0,0.0,0.0,1.0
32,12,940001,R32-T12,200,8dc5e6a88a9ffce06d8471c5,1,0,0,1.0,1.0,0.455016831793968,0.4473804301091316,4,0.025360163175614552,-0.028428099682934593,0.5223195689604411,0.35162511695727267,0.6666666666666666,0.3333333333333333,2968.8323000009404,753.2632000002195,20189.0,50.0,1.0,0.0,0.0,1.0
32,12,940001,R32-T12,500,8dc5e6a88a9ffce06d8471c5,1,0,0,1.0,1.0,0.455016831793968,0.4473804301091316,4,0.025360163175614552,-0.028428099682934593,0.5223195689604411,0.35162511695727267,0.6666666666666666,0.3333333333333333,2968.8323000009404,730.3983000001608,20189.0,50.0,1.0,0.0,0.0,1.0
32,12,940001,R32-T12,50,8dc5e6a88a9ffce06d8471c5,1,0,0,1.0,1.0,0.455016831793968,0.4473804301091316,4,0.025360163175614552,-0.028428099682934593,0.5223195689604411,0.35162511695727267,0.6666666666666666,0.3333333333333333,2968.8323000009404,848.0282999989868,20189.0,50.0,1.0,0.0,0.0,1.0
32,12,940002,R32-T12,200,775cc085360421c3d4a30764,1,0,0,1.0,1.0,0.5198554699511073,0.5363388597033494,8,0.019780203280877373,-0.03151506545036863,0.5787617576508141,0.4725495402835498,0.8333333333333334,0.6666666666666666,3377.213399999164,2079.9680999989505,33427.0,96.0,1.0,0.0,0.0,1.0
32,12,940002,R32-T12,500,775cc085360421c3d4a30764,1,0,0,1.0,1.0,0.5198554699511073,0.5363388597033494,8,0.019780203280877373,-0.03151506545036863,0.5787617576508141,0.4725495402835498,0.8333333333333334,0.6666666666666666,3377.213399999164,2274.902499999371,33427.0,96.0,1.0,0.0,0.0,1.0
32,12,940002,R32-T12,50,775cc085360421c3d4a30764,1,0,0,1.0,1.0,0.5198554699511073,0.5363388597033494,8,0.019780203280877373,-0.03151506545036863,0.5787617576508141,0.4725495402835498,0.8333333333333334,0.6666666666666666,3377.213399999164,2146.2618999994447,33427.0,96.0,1.0,0.0,0.0,1.0
32,12,940002,R32-T12,100,775cc085360421c3d4a30764,1,0,0,1.0,1.0,0.5198554699511073,0.5363388597033494,8,0.019780203280877373,-0.03151506545036863,0.5787617576508141,0.4725495402835498,0.8333333333333334,0.6666666666666666,3377.213399999164,2018.6985000000277,33427.0,96.0,1.0,0.0,0.0,1.0
32,12,940003,R32-T12,500,1a0d6d23dfc2776bee2dc9ae,1,0,0,1.0,1.0,0.4781753493025695,0.485712438622666,5,-0.007354631202266371,-0.022462233068117,0.47853039781007195,0.40861255792016615,0.5833333333333334,0.4166666666666667,3532.3476000012306,2259.339000000182,36306.0,109.0,1.0,0.0,0.0,1.0
32,12,940003,R32-T12,50,1a0d6d23dfc2776bee2dc9ae,1,0,0,1.0,1.0,0.4781753493025695,0.485712438622666,5,-0.007354631202266371,-0.022462233068117,0.47853039781007195,0.40861255792016615,0.5833333333333334,0.4166666666666667,3532.3476000012306,2234.9348999996437,36306.0,109.0,1.0,0.0,0.0,1.0
32,12,940003,R32-T12,100,1a0d6d23dfc2776bee2dc9ae,1,0,0,1.0,1.0,0.4781753493025695,0.485712438622666,5,-0.007354631202266371,-0.022462233068117,0.47853039781007195,0.40861255792016615,0.5833333333333334,0.4166666666666667,3532.3476000012306,2199.6235999995406,36306.0,109.0,1.0,0.0,0.0,1.0
32,12,940003,R32-T12,200,1a0d6d23dfc2776bee2dc9ae,1,0,0,1.0,1.0,0.4781753493025695,0.485712438622666,5,-0.007354631202266371,-0.022462233068117,0.47853039781007195,0.40861255792016615,0.5833333333333334,0.4166666666666667,3532.3476000012306,2361.941000001025,36306.0,109.0,1.0,0.0,0.0,1.0
32,12,940004,R32-T12,50,83556efd39a1c15422f7673f,1,0,0,1.0,1.0,0.5966797525262106,0.6145220086649555,6,0.00010010146033663976,-0.052005696724074325,0.5571378472043809,0.40863338155068035,0.8333333333333334,0.5,3112.9784999993717,1261.0471000007237,23195.0,96.0,1.0,0.0,0.0,1.0
32,12,940004,R32-T12,100,83556efd39a1c15422f7673f,1,0,0,1.0,1.0,0.5966797525262106,0.6145220086649555,6,0.00010010146033663976,-0.052005696724074325,0.5571378472043809,0.40863338155068035,0.8333333333333334,0.5,3112.9784999993717,1254.2372000007163,23195.0,96.0,1.0,0.0,0.0,1.0
32,12,940004,R32-T12,200,83556efd39a1c15422f7673f,1,0,0,1.0,1.0,0.5966797525262106,0.6145220086649555,6,0.00010010146033663976,-0.052005696724074325,0.5571378472043809,0.40863338155068035,0.8333333333333334,0.5,3112.9784999993717,1209.4703000002482,23195.0,96.0,1.0,0.0,0.0,1.0
32,12,940004,R32-T12,500,83556efd39a1c15422f7673f,1,0,0,1.0,1.0,0.5966797525262106,0.6145220086649555,6,0.00010010146033663976,-0.052005696724074325,0.5571378472043809,0.40863338155068035,0.8333333333333334,0.5,3112.9784999993717,1223.7326000013127,23195.0,96.0,1.0,0.0,0.0,1.0
32,12,940005,R32-T12,100,2711b6931c4005bd8d78ffab,1,0,0,1.0,1.0,0.47506173856781203,0.5054463689563131,6,-0.07618685856163472,-0.08229088173483479,0.38854780479225925,0.3761254010727438,0.5,0.5,2811.416399999871,1095.509900000252,21301.0,72.0,1.0,0.0,0.0,1.0
32,12,940005,R32-T12,200,2711b6931c4005bd8d78ffab,1,0,0,1.0,1.0,0.47506173856781203,0.5054463689563131,6,-0.07618685856163472,-0.08229088173483479,0.38854780479225925,0.3761254010727438,0.5,0.5,2811.416399999871,1049.1849999998522,21301.0,72.0,1.0,0.0,0.0,1.0
32,12,940005,R32-T12,500,2711b6931c4005bd8d78ffab,1,0,0,1.0,1.0,0.47506173856781203,0.5054463689563131,6,-0.07618685856163472,-0.08229088173483479,0.38854780479225925,0.3761254010727438,0.5,0.5,2811.416399999871,991.2781999992148,21301.0,72.0,1.0,0.0,0.0,1.0
32,12,940005,R32-T12,50,2711b6931c4005bd8d78ffab,1,0,0,1.0,1.0,0.47506173856781203,0.5054463689563131,6,-0.07618685856163472,-0.08229088173483479,0.38854780479225925,0.3761254010727438,0.5,0.5,2811.416399999871,1014.510800001517,21301.0,72.0,1.0,0.0,0.0,1.0
32,12,940006,R32-T12,200,3334e6a967643d3693cbd0f7,1,0,0,1.0,1.0,0.5579500408210092,0.5942968710101976,4,0.010354821343291945,-0.03489145217313628,0.4813364295084255,0.37335324353671695,0.5833333333333334,0.3333333333333333,2650.1549999993586,1205.2820999997493,23300.0,84.0,1.0,0.0,0.0,1.0
32,12,940006,R32-T12,500,3334e6a967643d3693cbd0f7,1,0,0,1.0,1.0,0.5579500408210092,0.5942968710101976,4,0.010354821343291945,-0.03489145217313628,0.4813364295084255,0.37335324353671695,0.5833333333333334,0.3333333333333333,2650.1549999993586,1249.621400000251,23300.0,84.0,1.0,0.0,0.0,1.0
32,12,940006,R32-T12,50,3334e6a967643d3693cbd0f7,1,0,0,1.0,1.0,0.5579500408210092,0.5942968710101976,4,0.010354821343291945,-0.03489145217313628,0.4813364295084255,0.37335324353671695,0.5833333333333334,0.3333333333333333,2650.1549999993586,1195.856400001503,23300.0,84.0,1.0,0.0,0.0,1.0
32,12,940006,R32-T12,100,3334e6a967643d3693cbd0f7,1,0,0,1.0,1.0,0.5579500408210092,0.5942968710101976,4,0.010354821343291945,-0.03489145217313628,0.4813364295084255,0.37335324353671695,0.5833333333333334,0.3333333333333333,2650.1549999993586,1197.8140999999596,23300.0,84.0,1.0,0.0,0.0,1.0
32,12,940007,R32-T12,500,d63a1c35d8e67732288c8c36,1,0,0,1.0,1.0,0.559741483631684,0.5856018841489949,6,0.008291563778061043,-0.06533510554396611,0.5483337331441619,0.4061823557400377,0.75,0.5,2600.401800000327,579.0175000001909,23339.0,62.0,1.0,0.0,0.0,1.0
32,12,940007,R32-T12,50,d63a1c35d8e67732288c8c36,1,0,0,1.0,1.0,0.559741483631684,0.5856018841489949,6,0.008291563778061043,-0.06533510554396611,0.5483337331441619,0.4061823557400377,0.75,0.5,2600.401800000327,616.9288999990385,23339.0,62.0,1.0,0.0,0.0,1.0
32,12,940007,R32-T12,100,d63a1c35d8e67732288c8c36,1,0,0,1.0,1.0,0.559741483631684,0.5856018841489949,6,0.008291563778061043,-0.06533510554396611,0.5483337331441619,0.4061823557400377,0.75,0.5,2600.401800000327,588.3967000008852,23339.0,62.0,1.0,0.0,0.0,1.0
32,12,940007,R32-T12,200,d63a1c35d8e67732288c8c36,1,0,0,1.0,1.0,0.559741483631684,0.5856018841489949,6,0.008291563778061043,-0.06533510554396611,0.5483337331441619,0.4061823557400377,0.75,0.5,2600.401800000327,709.153800000422,23339.0,62.0,1.0,0.0,0.0,1.0
32,12,940008,R32-T12,50,af017cbd9bfb67e8ce235048,1,0,0,1.0,1.0,0.559834640480478,0.5620632686758024,3,-0.042355671044346954,-0.07455555123099421,0.41913860133113834,0.30155980094059465,0.5,0.25,2391.50520000112,471.23780000038096,14358.0,48.0,1.0,0.0,0.0,1.0
32,12,940008,R32-T12,100,af017cbd9bfb67e8ce235048,1,0,0,1.0,1.0,0.559834640480478,0.5620632686758024,3,-0.042355671044346954,-0.07455555123099421,0.41913860133113834,0.30155980094059465,0.5,0.25,2391.50520000112,461.29240000118443,14358.0,48.0,1.0,0.0,0.0,1.0
32,12,940008,R32-T12,200,af017cbd9bfb67e8ce235048,1,0,0,1.0,1.0,0.559834640480478,0.5620632686758024,3,-0.042355671044346954,-0.07455555123099421,0.41913860133113834,0.30155980094059465,0.5,0.25,2391.50520000112,476.30430000026536,14358.0,48.0,1.0,0.0,0.0,1.0
32,12,940008,R32-T12,500,af017cbd9bfb67e8ce235048,1,0,0,1.0,1.0,0.559834640480478,0.5620632686758024,3,-0.042355671044346954,-0.07455555123099421,0.41913860133113834,0.30155980094059465,0.5,0.25,2391.50520000112,500.108199999886,14358.0,48.0,1.0,2056.0,0.0,1.0
32,12,940009,R32-T12,100,b35352dbe52653f71999e615,1,0,0,1.0,1.0,0.5580961941464089,0.5661472269191581,4,-0.0031363469747080672,-0.08771262588718637,0.5610347254938545,0.33750339666157325,0.8333333333333334,0.4166666666666667,2770.0559999993857,1384.7953000004054,35845.0,84.0,1.0,0.0,0.0,1.0
32,12,940009,R32-T12,200,b35352dbe52653f71999e615,1,0,0,1.0,1.0,0.5580961941464089,0.5661472269191581,4,-0.0031363469747080672,-0.08771262588718637,0.5610347254938545,0.33750339666157325,0.8333333333333334,0.4166666666666667,2770.0559999993857,1329.4568999990588,35845.0,84.0,1.0,0.0,0.0,1.0
32,12,940009,R32-T12,500,b35352dbe52653f71999e615,1,0,0,1.0,1.0,0.5580961941464089,0.5661472269191581,4,-0.0031363469747080672,-0.08771262588718637,0.5610347254938545,0.33750339666157325,0.8333333333333334,0.4166666666666667,2770.0559999993857,1327.9468999990058,35845.0,84.0,1.0,0.0,0.0,1.0
32,12,940009,R32-T12,50,b35352dbe52653f71999e615,1,0,0,1.0,1.0,0.5580961941464089,0.5661472269191581,4,-0.0031363469747080672,-0.08771262588718637,0.5610347254938545,0.33750339666157325,0.8333333333333334,0.4166666666666667,2770.0559999993857,1372.682999999597,35845.0,84.0,1.0,0.0,0.0,1.0
32,12,940010,R32-T12,200,062f31727f033220a274b45c,1,0,0,1.0,1.0,0.38523490094997176,0.4066750986872052,2,-0.10162350945798926,-0.11360493565295572,0.2641927620082825,0.2271842770820179,0.25,0.16666666666666666,2279.6297000004415,292.3199000015302,6330.0,24.0,1.0,0.0,0.0,1.0
32,12,940010,R32-T12,500,062f31727f033220a274b45c,1,0,1,1.0,1.0,0.38523490094997176,0.4066750986872052,2,-0.10162350945798926,-0.11360493565295572,0.2641927620082825,0.2271842770820179,0.25,0.16666666666666666,2279.6297000004415,289.0637999989849,6330.0,24.0,1.0,401.0,0.0,0.0
32,12,940010,R32-T12,50,062f31727f033220a274b45c,1,0,0,1.0,1.0,0.38523490094997176,0.4066750986872052,2,-0.10162350945798926,-0.11360493565295572,0.2641927620082825,0.2271842770820179,0.25,0.16666666666666666,2279.6297000004415,293.134800000189,6330.0,24.0,1.0,0.0,0.0,1.0
32,12,940010,R32-T12,100,062f31727f033220a274b45c,1,0,0,1.0,1.0,0.38523490094997176,0.4066750986872052,2,-0.10162350945798926,-0.11360493565295572,0.2641927620082825,0.2271842770820179,0.25,0.16666666666666666,2279.6297000004415,302.12289999872155,6330.0,24.0,1.0,0.0,0.0,1.0
32,12,940011,R32-T12,500,aa2ff0c36fa32538a77ba7b8,1,0,0,1.0,1.0,0.5033382240754123,0.5172461043790002,4,-0.02715530631258155,-0.062157720149101175,0.4631308096516348,0.3429209522441398,0.5833333333333334,0.3333333333333333,2409.68520000024,1017.8471000017453,23820.0,72.0,1.0,0.0,0.0,1.0
32,12,940011,R32-T12,50,aa2ff0c36fa32538a77ba7b8,1,0,0,1.0,1.0,0.5033382240754123,0.5172461043790002,4,-0.02715530631258155,-0.062157720149101175,0.4631308096516348,0.3429209522441398,0.5833333333333334,0.3333333333333333,2409.68520000024,1064.9269000005006,23820.0,72.0,1.0,0.0,0.0,1.0
32,12,940011,R32-T12,100,aa2ff0c36fa32538a77ba7b8,1,0,0,1.0,1.0,0.5033382240754123,0.5172461043790002,4,-0.02715530631258155,-0.062157720149101175,0.4631308096516348,0.3429209522441398,0.5833333333333334,0.3333333333333333,2409.68520000024,997.8524999987712,23820.0,72.0,1.0,0.0,0.0,1.0
32,12,940011,R32-T12,200,aa2ff0c36fa32538a77ba7b8,1,0,0,1.0,1.0,0.5033382240754123,0.5172461043790002,4,-0.02715530631258155,-0.062157720149101175,0.4631308096516348,0.3429209522441398,0.5833333333333334,0.3333333333333333,2409.68520000024,1025.8842000002915,23820.0,72.0,1.0,0.0,0.0,1.0
32,12,940012,R32-T12,50,acac251a3fee3a8e16762d26,1,0,0,1.0,1.0,0.48747416081472794,0.49290839224504246,4,-0.03978581733477265,-0.07635892354010713,0.418901120191133,0.3322841339356066,0.5,0.3333333333333333,2484.2767999998614,931.3501999986329,18147.0,60.0,1.0,0.0,0.0,1.0
32,12,940012,R32-T12,100,acac251a3fee3a8e16762d26,1,0,0,1.0,1.0,0.48747416081472794,0.49290839224504246,4,-0.03978581733477265,-0.07635892354010713,0.418901120191133,0.3322841339356066,0.5,0.3333333333333333,2484.2767999998614,944.8974000006274,18147.0,60.0,1.0,0.0,0.0,1.0
32,12,940012,R32-T12,200,acac251a3fee3a8e16762d26,1,0,0,1.0,1.0,0.48747416081472794,0.49290839224504246,4,-0.03978581733477265,-0.07635892354010713,0.418901120191133,0.3322841339356066,0.5,0.3333333333333333,2484.2767999998614,938.7573000003613,18147.0,60.0,1.0,0.0,0.0,1.0
32,12,940012,R32-T12,500,acac251a3fee3a8e16762d26,1,0,0,1.0,1.0,0.48747416081472794,0.49290839224504246,4,-0.03978581733477265,-0.07635892354010713,0.418901120191133,0.3322841339356066,0.5,0.3333333333333333,2484.2767999998614,948.1446000008873,18147.0,60.0,1.0,0.0,0.0,1.0
32,12,940013,R32-T12,100,61f326efdabb7c83d9ace74e,1,0,0,1.0,1.0,0.5152035031070017,0.5336305486849235,5,-0.031128490220241594,-0.04425354840351473,0.4348829252469419,0.3731062351982448,0.5,0.4166666666666667,2485.79620000055,375.75420000030135,20849.0,49.0,1.0,0.0,0.0,1.0
32,12,940013,R32-T12,200,61f326efdabb7c83d9ace74e,1,0,0,1.0,1.0,0.5152035031070017,0.5336305486849235,5,-0.031128490220241594,-0.04425354840351473,0.4348829252469419,0.3731062351982448,0.5,0.4166666666666667,2485.79620000055,397.5066999992123,20849.0,49.0,1.0,0.0,0.0,1.0
32,12,940013,R32-T12,500,61f326efdabb7c83d9ace74e,1,0,0,1.0,1.0,0.5152035031070017,0.5336305486849235,5,-0.031128490220241594,-0.04425354840351473,0.4348829252469419,0.3731062351982448,0.5,0.4166666666666667,2485.79620000055,500.09719999980007,20849.0,49.0,1.0,14167.0,0.0,1.0
32,12,940013,R32-T12,50,61f326efdabb7c83d9ace74e,1,0,0,1.0,1.0,0.5152035031070017,0.5336305486849235,5,-0.031128490220241594,-0.04425354840351473,0.4348829252469419,0.3731062351982448,0.5,0.4166666666666667,2485.79620000055,417.28650000004563,20849.0,49.0,1.0,0.0,0.0,1.0
32,12,940014,R32-T12,200,11669d1e27087ac25f493b63,1,0,0,1.0,1.0,0.5280422409382108,0.5230571348211659,4,0.0014731513837157502,-0.04340128736580204,0.4855479119633028,0.37412467058655935,0.5833333333333334,0.3333333333333333,2630.4239999990386,1290.7928000004176,26925.0,84.0,1.0,0.0,0.0,1.0
32,12,940014,R32-T12,500,11669d1e27087ac25f493b63,1,0,0,1.0,1.0,0.5280422409382108,0.5230571348211659,4,0.0014731513837157502,-0.04340128736580204,0.4855479119633028,0.37412467058655935,0.5833333333333334,0.3333333333333333,2630.4239999990386,1265.8019000009517,26925.0,84.0,1.0,0.0,0.0,1.0
32,12,940014,R32-T12,50,11669d1e27087ac25f493b63,1,0,0,1.0,1.0,0.5280422409382108,0.5230571348211659,4,0.0014731513837157502,-0.04340128736580204,0.4855479119633028,0.37412467058655935,0.5833333333333334,0.3333333333333333,2630.4239999990386,1375.544099999388,26925.0,84.0,1.0,0.0,0.0,1.0
32,12,940014,R32-T12,100,11669d1e27087ac25f493b63,1,0,0,1.0,1.0,0.5280422409382108,0.5230571348211659,4,0.0014731513837157502,-0.04340128736580204,0.4855479119633028,0.37412467058655935,0.5833333333333334,0.3333333333333333,2630.4239999990386,1287.0155000000523,26925.0,84.0,1.0,0.0,0.0,1.0
32,12,940015,R32-T12,500,7571e40688ad57a43b956445,1,0,0,1.0,1.0,0.4724710851055746,0.4646507678150704,3,-0.039624252247835064,-0.09688068275134483,0.40866284790584567,0.28272889184857447,0.5,0.25,2424.972400000115,694.7356000000582,16927.0,36.0,1.0,0.0,0.0,1.0
32,12,940015,R32-T12,50,7571e40688ad57a43b956445,1,0,0,1.0,1.0,0.4724710851055746,0.4646507678150704,3,-0.039624252247835064,-0.09688068275134483,0.40866284790584567,0.28272889184857447,0.5,0.25,2424.972400000115,761.3383000007161,16927.0,36.0,1.0,0.0,0.0,1.0
32,12,940015,R32-T12,100,7571e40688ad57a43b956445,1,0,0,1.0,1.0,0.4724710851055746,0.4646507678150704,3,-0.039624252247835064,-0.09688068275134483,0.40866284790584567,0.28272889184857447,0.5,0.25,2424.972400000115,719.8803999999654,16927.0,36.0,1.0,0.0,0.0,1.0
32,12,940015,R32-T12,200,7571e40688ad57a43b956445,1,0,0,1.0,1.0,0.4724710851055746,0.4646507678150704,3,-0.039624252247835064,-0.09688068275134483,0.40866284790584567,0.28272889184857447,0.5,0.25,2424.972400000115,716.2262999991071,16927.0,36.0,1.0,0.0,0.0,1.0
32,12,940016,R32-T12,50,0b7ec522ebdd77d54380e84b,1,0,0,1.0,1.0,0.5340424155728074,0.528619680566919,5,-0.018117110679913877,-0.03771612731640925,0.4356332129134928,0.39500156182024143,0.5,0.4166666666666667,2634.595300000001,1267.1437000008154,24150.0,72.0,1.0,0.0,0.0,1.0
32,12,940016,R32-T12,100,0b7ec522ebdd77d54380e84b,1,0,0,1.0,1.0,0.5340424155728074,0.528619680566919,5,-0.018117110679913877,-0.03771612731640925,0.4356332129134928,0.39500156182024143,0.5,0.4166666666666667,2634.595300000001,1247.807499999908,24150.0,72.0,1.0,0.0,0.0,1.0
32,12,940016,R32-T12,200,0b7ec522ebdd77d54380e84b,1,0,0,1.0,1.0,0.5340424155728074,0.528619680566919,5,-0.018117110679913877,-0.03771612731640925,0.4356332129134928,0.39500156182024143,0.5,0.4166666666666667,2634.595300000001,1298.846900001081,24150.0,72.0,1.0,0.0,0.0,1.0
32,12,940016,R32-T12,500,0b7ec522ebdd77d54380e84b,1,0,0,1.0,1.0,0.5340424155728074,0.528619680566919,5,-0.018117110679913877,-0.03771612731640925,0.4356332129134928,0.39500156182024143,0.5,0.4166666666666667,2634.595300000001,1264.4024999990506,24150.0,72.0,1.0,0.0,0.0,1.0
32,12,940017,R32-T12,100,fff8936472664b68ef9024d0,1,0,0,1.0,1.0,0.48387831927899205,0.48463287397006394,5,-0.016398041044089373,-0.04011477547181489,0.47121261992320507,0.39190184069638545,0.5833333333333334,0.4166666666666667,2467.0289999994566,1811.625099999219,25448.0,72.0,1.0,0.0,0.0,1.0
32,12,940017,R32-T12,200,fff8936472664b68ef9024d0,1,0,0,1.0,1.0,0.48387831927899205,0.48463287397006394,5,-0.016398041044089373,-0.04011477547181489,0.47121261992320507,0.39190184069638545,0.5833333333333334,0.4166666666666667,2467.0289999994566,1783.7574999994104,25448.0,72.0,1.0,0.0,0.0,1.0
32,12,940017,R32-T12,500,fff8936472664b68ef9024d0,1,0,0,1.0,1.0,0.48387831927899205,0.48463287397006394,5,-0.016398041044089373,-0.04011477547181489,0.47121261992320507,0.39190184069638545,0.5833333333333334,0.4166666666666667,2467.0289999994566,1743.0368999994243,25448.0,72.0,1.0,0.0,0.0,1.0
32,12,940017,R32-T12,50,fff8936472664b68ef9024d0,1,0,0,1.0,1.0,0.48387831927899205,0.48463287397006394,5,-0.016398041044089373,-0.04011477547181489,0.47121261992320507,0.39190184069638545,0.5833333333333334,0.4166666666666667,2467.0289999994566,1786.6468999982317,25448.0,72.0,1.0,0.0,0.0,1.0
32,12,940018,R32-T12,200,fc9c1addc16fee4ec73e076c,1,0,0,1.0,1.0,0.4799721770659966,0.5016825900169182,8,0.015457746148880624,-0.0014248446883604233,0.5114068080843756,0.49730085436073473,0.6666666666666666,0.6666666666666666,2668.1076000004396,1568.4810999991896,31129.0,108.0,1.0,0.0,0.0,1.0
32,12,940018,R32-T12,500,fc9c1addc16fee4ec73e076c,1,0,0,1.0,1.0,0.4799721770659966,0.5016825900169182,8,0.015457746148880624,-0.0014248446883604233,0.5114068080843756,0.49730085436073473,0.6666666666666666,0.6666666666666666,2668.1076000004396,1552.4007000003621,31129.0,108.0,1.0,0.0,0.0,1.0
32,12,940018,R32-T12,50,fc9c1addc16fee4ec73e076c,1,0,0,1.0,1.0,0.4799721770659966,0.5016825900169182,8,0.015457746148880624,-0.0014248446883604233,0.5114068080843756,0.49730085436073473,0.6666666666666666,0.6666666666666666,2668.1076000004396,1612.994000000981,31129.0,108.0,1.0,0.0,0.0,1.0
32,12,940018,R32-T12,100,fc9c1addc16fee4ec73e076c,1,0,0,1.0,1.0,0.4799721770659966,0.5016825900169182,8,0.015457746148880624,-0.0014248446883604233,0.5114068080843756,0.49730085436073473,0.6666666666666666,0.6666666666666666,2668.1076000004396,1560.9258000004047,31129.0,108.0,1.0,0.0,0.0,1.0
32,12,940019,R32-T12,500,c0e752271e5287c73404c920,1,0,0,1.0,1.0,0.5517041149263905,0.5715357237938272,5,0.00327495357344576,-0.04003438848074714,0.5067234085952744,0.38013030183473906,0.6666666666666666,0.4166666666666667,2486.7773999994824,1103.6490999995294,23515.0,61.0,1.0,0.0,0.0,1.0
32,12,940019,R32-T12,50,c0e752271e5287c73404c920,1,0,0,1.0,1.0,0.5517041149263905,0.5715357237938272,5,0.00327495357344576,-0.04003438848074714,0.5067234085952744,0.38013030183473906,0.6666666666666666,0.4166666666666667,2486.7773999994824,1131.1619999996765,23515.0,61.0,1.0,0.0,0.0,1.0
32,12,940019,R32-T12,100,c0e752271e5287c73404c920,1,0,0,1.0,1.0,0.5517041149263905,0.5715357237938272,5,0.00327495357344576,-0.04003438848074714,0.5067234085952744,0.38013030183473906,0.6666666666666666,0.4166666666666667,2486.7773999994824,1097.4889999997686,23515.0,61.0,1.0,0.0,0.0,1.0
32,12,940019,R32-T12,200,c0e752271e5287c73404c920,1,0,0,1.0,1.0,0.5517041149263905,0.5715357237938272,5,0.00327495357344576,-0.04003438848074714,0.5067234085952744,0.38013030183473906,0.6666666666666666,0.4166666666666667,2486.7773999994824,1095.8417000001646,23515.0,61.0,1.0,0.0,0.0,1.0
32,12,940020,R32-T12,50,66200f3aa9180e20dc963c0d,1,0,0,1.0,1.0,0.5209264702522362,0.5299856832637463,5,0.019173576752977317,-0.03418011065828059,0.5157441023146035,0.39061284851782463,0.6666666666666666,0.4166666666666667,2609.567199999219,680.3767999990669,25447.0,60.0,1.0,0.0,0.0,1.0
32,12,940020,R32-T12,100,66200f3aa9180e20dc963c0d,1,0,0,1.0,1.0,0.5209264702522362,0.5299856832637463,5,0.019173576752977317,-0.03418011065828059,0.5157441023146035,0.39061284851782463,0.6666666666666666,0.4166666666666667,2609.567199999219,686.7640000000392,25447.0,60.0,1.0,0.0,0.0,1.0
32,12,940020,R32-T12,200,66200f3aa9180e20dc963c0d,1,0,0,1.0,1.0,0.5209264702522362,0.5299856832637463,5,0.019173576752977317,-0.03418011065828059,0.5157441023146035,0.39061284851782463,0.6666666666666666,0.4166666666666667,2609.567199999219,700.3612999997131,25447.0,60.0,1.0,0.0,0.0,1.0
32,12,940020,R32-T12,500,66200f3aa9180e20dc963c0d,1,0,0,1.0,1.0,0.5209264702522362,0.5299856832637463,5,0.019173576752977317,-0.03418011065828059,0.5157441023146035,0.39061284851782463,0.6666666666666666,0.4166666666666667,2609.567199999219,698.0189000005339,25447.0,60.0,1.0,0.0,0.0,1.0
32,12,940021,R32-T12,100,e6639361339246dc3eb24e91,1,0,0,1.0,1.0,0.5775219629068385,0.5947686406935253,4,-0.042052547075324576,-0.072432847705377,0.41630329471111654,0.3349783245524196,0.5,0.3333333333333333,2435.13300000086,1095.6423999996332,19457.0,48.0,1.0,0.0,0.0,1.0
32,12,940021,R32-T12,200,e6639361339246dc3eb24e91,1,0,0,1.0,1.0,0.5775219629068385,0.5947686406935253,4,-0.042052547075324576,-0.072432847705377,0.41630329471111654,0.3349783245524196,0.5,0.3333333333333333,2435.13300000086,1153.3634000006714,19457.0,48.0,1.0,0.0,0.0,1.0
32,12,940021,R32-T12,500,e6639361339246dc3eb24e91,1,0,0,1.0,1.0,0.5775219629068385,0.5947686406935253,4,-0.042052547075324576,-0.072432847705377,0.41630329471111654,0.3349783245524196,0.5,0.3333333333333333,2435.13300000086,1134.2408999989857,19457.0,48.0,1.0,0.0,0.0,1.0
32,12,940021,R32-T12,50,e6639361339246dc3eb24e91,1,0,0,1.0,1.0,0.5775219629068385,0.5947686406935253,4,-0.042052547075324576,-0.072432847705377,0.41630329471111654,0.3349783245524196,0.5,0.3333333333333333,2435.13300000086,1090.8916999997018,19457.0,48.0,1.0,0.0,0.0,1.0
32,12,940022,R32-T12,200,32e53f1a6ab91d9142be37f3,1,0,0,1.0,1.0,0.5615620610751876,0.5719654336093943,6,0.0046572536743434605,-0.0412802621629746,0.5622605462737386,0.4248890627071297,0.8333333333333334,0.5,2548.342500000217,1154.6371000004,25375.0,96.0,1.0,0.0,0.0,1.0
32,12,940022,R32-T12,500,32e53f1a6ab91d9142be37f3,1,0,0,1.0,1.0,0.5615620610751876,0.5719654336093943,6,0.0046572536743434605,-0.0412802621629746,0.5622605462737386,0.4248890627071297,0.8333333333333334,0.5,2548.342500000217,1155.6233000010252,25375.0,96.0,1.0,0.0,0.0,1.0
32,12,940022,R32-T12,50,32e53f1a6ab91d9142be37f3,1,0,0,1.0,1.0,0.5615620610751876,0.5719654336093943,6,0.0046572536743434605,-0.0412802621629746,0.5622605462737386,0.4248890627071297,0.8333333333333334,0.5,2548.342500000217,1218.4885000006034,25375.0,96.0,1.0,0.0,0.0,1.0
32,12,940022,R32-T12,100,32e53f1a6ab91d9142be37f3,1,0,0,1.0,1.0,0.5615620610751876,0.5719654336093943,6,0.0046572536743434605,-0.0412802621629746,0.5622605462737386,0.4248890627071297,0.8333333333333334,0.5,2548.342500000217,1128.5362999988138,25375.0,96.0,1.0,0.0,0.0,1.0
32,12,940023,R32-T12,500,21022109c85819fd1d32144f,1,0,0,1.0,1.0,0.567860783693498,0.5719061740048278,6,-0.0021020504392500285,-0.043242520956423225,0.5033072114059182,0.4177718954129441,0.6666666666666666,0.5,2499.1026999996393,891.7922000000544,21801.0,72.0,1.0,0.0,0.0,1.0
32,12,940023,R32-T12,50,21022109c85819fd1d32144f,1,0,0,1.0,1.0,0.567860783693498,0.5719061740048278,6,-0.0021020504392500285,-0.043242520956423225,0.5033072114059182,0.4177718954129441,0.6666666666666666,0.5,2499.1026999996393,950.9486999995715,21801.0,72.0,1.0,0.0,0.0,1.0
32,12,940023,R32-T12,100,21022109c85819fd1d32144f,1,0,0,1.0,1.0,0.567860783693498,0.5719061740048278,6,-0.0021020504392500285,-0.043242520956423225,0.5033072114059182,0.4177718954129441,0.6666666666666666,0.5,2499.1026999996393,892.8882999989582,21801.0,72.0,1.0,0.0,0.0,1.0
32,12,940023,R32-T12,200,21022109c85819fd1d32144f,1,0,0,1.0,1.0,0.567860783693498,0.5719061740048278,6,-0.0021020504392500285,-0.043242520956423225,0.5033072114059182,0.4177718954129441,0.6666666666666666,0.5,2499.1026999996393,868.2282000008854,21801.0,72.0,1.0,0.0,0.0,1.0
32,12,940024,R32-T12,50,2da4dcfa92db2ae77ef42861,1,0,0,1.0,1.0,0.550881310353516,0.5490420362244066,5,-0.02239434214399284,-0.0579371700204443,0.4700524459788617,0.3841963988519999,0.5833333333333334,0.4166666666666667,2641.6364000015164,1130.5087999990064,27252.0,72.0,1.0,0.0,0.0,1.0
32,12,940024,R32-T12,100,2da4dcfa92db2ae77ef42861,1,0,0,1.0,1.0,0.550881310353516,0.5490420362244066,5,-0.02239434214399284,-0.0579371700204443,0.4700524459788617,0.3841963988519999,0.5833333333333334,0.4166666666666667,2641.6364000015164,1087.270099998932,27252.0,72.0,1.0,0.0,0.0,1.0
32,12,940024,R32-T12,200,2da4dcfa92db2ae77ef42861,1,0,0,1.0,1.0,0.550881310353516,0.5490420362244066,5,-0.02239434214399284,-0.0579371700204443,0.4700524459788617,0.3841963988519999,0.5833333333333334,0.4166666666666667,2641.6364000015164,1105.7443999998213,27252.0,72.0,1.0,0.0,0.0,1.0
32,12,940024,R32-T12,500,2da4dcfa92db2ae77ef42861,1,0,0,1.0,1.0,0.550881310353516,0.5490420362244066,5,-0.02239434214399284,-0.0579371700204443,0.4700524459788617,0.3841963988519999,0.5833333333333334,0.4166666666666667,2641.6364000015164,1141.9322000001557,27252.0,72.0,1.0,0.0,0.0,1.0
32,12,940025,R32-T12,100,2eb2fdc44c89e516ce48f155,1,0,0,1.0,1.0,0.505254725883016,0.5054860120970494,5,-0.033132020142338396,-0.0695511997115851,0.45984637354048097,0.3655654921692213,0.5833333333333334,0.4166666666666667,2494.920600000114,1255.653499998516,22532.0,67.0,1.0,0.0,0.0,1.0
32,12,940025,R32-T12,200,2eb2fdc44c89e516ce48f155,1,0,0,1.0,1.0,0.505254725883016,0.5054860120970494,5,-0.033132020142338396,-0.0695511997115851,0.45984637354048097,0.3655654921692213,0.5833333333333334,0.4166666666666667,2494.920600000114,1232.9188000003342,22532.0,67.0,1.0,0.0,0.0,1.0
32,12,940025,R32-T12,500,2eb2fdc44c89e516ce48f155,1,0,0,1.0,1.0,0.505254725883016,0.5054860120970494,5,-0.033132020142338396,-0.0695511997115851,0.45984637354048097,0.3655654921692213,0.5833333333333334,0.4166666666666667,2494.920600000114,1235.250100000485,22532.0,67.0,1.0,0.0,0.0,1.0
32,12,940025,R32-T12,50,2eb2fdc44c89e516ce48f155,1,0,0,1.0,1.0,0.505254725883016,0.5054860120970494,5,-0.033132020142338396,-0.0695511997115851,0.45984637354048097,0.3655654921692213,0.5833333333333334,0.4166666666666667,2494.920600000114,1208.911600000647,22532.0,67.0,1.0,0.0,0.0,1.0
32,12,940026,R32-T12,200,d7f4dbefe62209ab1c87a6d6,1,0,0,1.0,1.0,0.518936797521185,0.5428570174347168,5,-0.012367862145206437,-0.0698592263359317,0.496197445898382,0.3673570101017365,0.6666666666666666,0.4166666666666667,2679.40119999912,1268.0438999996113,29731.0,74.0,1.0,0.0,0.0,1.0
32,12,940026,R32-T12,500,d7f4dbefe62209ab1c87a6d6,1,0,0,1.0,1.0,0.518936797521185,0.5428570174347168,5,-0.012367862145206437,-0.0698592263359317,0.496197445898382,0.3673570101017365,0.6666666666666666,0.4166666666666667,2679.40119999912,1321.0808000003453,29731.0,74.0,1.0,0.0,0.0,1.0
32,12,940026,R32-T12,50,d7f4dbefe62209ab1c87a6d6,1,0,0,1.0,1.0,0.518936797521185,0.5428570174347168,5,-0.012367862145206437,-0.0698592263359317,0.496197445898382,0.3673570101017365,0.6666666666666666,0.4166666666666667,2679.40119999912,1276.8432000011671,29731.0,74.0,1.0,0.0,0.0,1.0
32,12,940026,R32-T12,100,d7f4dbefe62209ab1c87a6d6,1,0,0,1.0,1.0,0.518936797521185,0.5428570174347168,5,-0.012367862145206437,-0.0698592263359317,0.496197445898382,0.3673570101017365,0.6666666666666666,0.4166666666666667,2679.40119999912,1271.285100001478,29731.0,74.0,1.0,0.0,0.0,1.0
32,12,940027,R32-T12,500,69e8606bec9982e98b9a0b31,1,0,0,1.0,1.0,0.4279864357781638,0.4600487709412393,3,-0.01685886137405404,-0.09999209377083146,0.4769697168605541,0.2792150742326472,0.5833333333333334,0.25,2524.243799998658,888.2949999988341,21594.0,48.0,1.0,0.0,0.0,1.0
32,12,940027,R32-T12,50,69e8606bec9982e98b9a0b31,1,0,0,1.0,1.0,0.4279864357781638,0.4600487709412393,3,-0.01685886137405404,-0.09999209377083146,0.4769697168605541,0.2792150742326472,0.5833333333333334,0.25,2524.243799998658,934.6098999994865,21594.0,48.0,1.0,0.0,0.0,1.0
32,12,940027,R32-T12,100,69e8606bec9982e98b9a0b31,1,0,0,1.0,1.0,0.4279864357781638,0.4600487709412393,3,-0.01685886137405404,-0.09999209377083146,0.4769697168605541,0.2792150742326472,0.5833333333333334,0.25,2524.243799998658,864.6097000000736,21594.0,48.0,1.0,0.0,0.0,1.0
32,12,940027,R32-T12,200,69e8606bec9982e98b9a0b31,1,0,0,1.0,1.0,0.4279864357781638,0.4600487709412393,3,-0.01685886137405404,-0.09999209377083146,0.4769697168605541,0.2792150742326472,0.5833333333333334,0.25,2524.243799998658,880.2768999994441,21594.0,48.0,1.0,0.0,0.0,1.0
32,12,940028,R32-T12,50,c4f7739f4e43be9240fa69d8,1,0,0,1.0,1.0,0.5154757229806242,0.5397070817897506,3,-0.04568945315489362,-0.08698962359680841,0.465893284530303,0.31873523846847646,0.6666666666666666,0.3333333333333333,2632.937000000311,888.2539000005636,27503.0,83.0,1.0,0.0,0.0,1.0
32,12,940028,R32-T12,100,c4f7739f4e43be9240fa69d8,1,0,0,1.0,1.0,0.5154757229806242,0.5397070817897506,3,-0.04568945315489362,-0.08698962359680841,0.465893284530303,0.31873523846847646,0.6666666666666666,0.3333333333333333,2632.937000000311,871.6564999995171,27503.0,83.0,1.0,0.0,0.0,1.0
32,12,940028,R32-T12,200,c4f7739f4e43be9240fa69d8,1,0,0,1.0,1.0,0.5154757229806242,0.5397070817897506,3,-0.04568945315489362,-0.08698962359680841,0.465893284530303,0.31873523846847646,0.6666666666666666,0.3333333333333333,2632.937000000311,945.0391000009404,27503.0,83.0,1.0,0.0,0.0,1.0
32,12,940028,R32-T12,500,c4f7739f4e43be9240fa69d8,1,0,0,1.0,1.0,0.5154757229806242,0.5397070817897506,3,-0.04568945315489362,-0.08698962359680841,0.465893284530303,0.31873523846847646,0.6666666666666666,0.3333333333333333,2632.937000000311,874.359800000093,27503.0,83.0,1.0,0.0,0.0,1.0
32,12,940029,R32-T12,100,89c556892679b51c8e81a070,1,0,0,1.0,1.0,0.5072596624858623,0.5176304580068125,6,-0.027337259219334203,-0.06060209661223755,0.47851153044010386,0.3930693442388311,0.6666666666666666,0.5,2545.498100000259,1284.992200000488,27718.0,75.0,1.0,0.0,0.0,1.0
32,12,940029,R32-T12,200,89c556892679b51c8e81a070,1,0,0,1.0,1.0,0.5072596624858623,0.5176304580068125,6,-0.027337259219334203,-0.06060209661223755,0.47851153044010386,0.3930693442388311,0.6666666666666666,0.5,2545.498100000259,1297.1840999998676,27718.0,75.0,1.0,0.0,0.0,1.0
32,12,940029,R32-T12,500,89c556892679b51c8e81a070,1,0,0,1.0,1.0,0.5072596624858623,0.5176304580068125,6,-0.027337259219334203,-0.06060209661223755,0.47851153044010386,0.3930693442388311,0.6666666666666666,0.5,2545.498100000259,1245.9275999990496,27718.0,75.0,1.0,0.0,0.0,1.0
32,12,940029,R32-T12,50,89c556892679b51c8e81a070,1,0,0,1.0,1.0,0.5072596624858623,0.5176304580068125,6,-0.027337259219334203,-0.06060209661223755,0.47851153044010386,0.3930693442388311,0.6666666666666666,0.5,2545.498100000259,1248.823000001721,27718.0,75.0,1.0,0.0,0.0,1.0
32,16,940000,R32-T16,50,faf5d4c22158b7e86f9e77ad,1,0,0,1.0,1.0,0.52706796452954,0.5338563006293945,5,-0.04198501084494044,-0.0708031357951718,0.42450621542690364,0.31365620830227614,0.5625,0.3125,3331.1137999990024,1286.297900000136,29198.0,108.0,1.0,0.0,0.0,1.0
32,16,940000,R32-T16,100,faf5d4c22158b7e86f9e77ad,1,0,0,1.0,1.0,0.52706796452954,0.5338563006293945,5,-0.04198501084494044,-0.0708031357951718,0.42450621542690364,0.31365620830227614,0.5625,0.3125,3331.1137999990024,1275.5223000003753,29198.0,108.0,1.0,0.0,0.0,1.0
32,16,940000,R32-T16,200,faf5d4c22158b7e86f9e77ad,1,0,0,1.0,1.0,0.52706796452954,0.5338563006293945,5,-0.04198501084494044,-0.0708031357951718,0.42450621542690364,0.31365620830227614,0.5625,0.3125,3331.1137999990024,1250.5374000011216,29198.0,108.0,1.0,0.0,0.0,1.0
32,16,940000,R32-T16,500,faf5d4c22158b7e86f9e77ad,1,0,0,1.0,1.0,0.52706796452954,0.5338563006293945,5,-0.04198501084494044,-0.0708031357951718,0.42450621542690364,0.31365620830227614,0.5625,0.3125,3331.1137999990024,1283.1000000005588,29198.0,108.0,1.0,0.0,0.0,1.0
32,16,940001,R32-T16,100,de9fe26091e37996ed13d09e,1,0,0,1.0,1.0,0.467087590573796,0.4633342072761223,5,0.011529772377675843,-0.0533169823915029,0.5183333123946815,0.32480822689293276,0.75,0.3125,3270.2833999992436,673.6588000003394,28202.0,53.0,1.0,0.0,0.0,1.0
32,16,940001,R32-T16,200,de9fe26091e37996ed13d09e,1,0,0,1.0,1.0,0.467087590573796,0.4633342072761223,5,0.011529772377675843,-0.0533169823915029,0.5183333123946815,0.32480822689293276,0.75,0.3125,3270.2833999992436,722.7160000002186,28202.0,53.0,1.0,0.0,0.0,1.0
32,16,940001,R32-T16,500,de9fe26091e37996ed13d09e,1,0,0,1.0,1.0,0.467087590573796,0.4633342072761223,5,0.011529772377675843,-0.0533169823915029,0.5183333123946815,0.32480822689293276,0.75,0.3125,3270.2833999992436,696.0882000003039,28202.0,53.0,1.0,0.0,0.0,1.0
32,16,940001,R32-T16,50,de9fe26091e37996ed13d09e,1,0,0,1.0,1.0,0.467087590573796,0.4633342072761223,5,0.011529772377675843,-0.0533169823915029,0.5183333123946815,0.32480822689293276,0.75,0.3125,3270.2833999992436,652.5588999993488,28202.0,53.0,1.0,0.0,0.0,1.0
32,16,940002,R32-T16,200,7eaae6c9171dd50e94e9a378,1,0,0,1.0,1.0,0.5296665745167224,0.5485330310048079,9,0.009740968261651967,-0.04497950995342434,0.534904997033007,0.42061856258558983,0.8125,0.5625,3576.880999999048,1860.4280999988987,41502.0,120.0,1.0,0.0,0.0,1.0
32,16,940002,R32-T16,500,7eaae6c9171dd50e94e9a378,1,0,0,1.0,1.0,0.5296665745167224,0.5485330310048079,9,0.009740968261651967,-0.04497950995342434,0.534904997033007,0.42061856258558983,0.8125,0.5625,3576.880999999048,1897.7969000006851,41502.0,120.0,1.0,0.0,0.0,1.0
32,16,940002,R32-T16,50,7eaae6c9171dd50e94e9a378,1,0,0,1.0,1.0,0.5296665745167224,0.5485330310048079,9,0.009740968261651967,-0.04497950995342434,0.534904997033007,0.42061856258558983,0.8125,0.5625,3576.880999999048,1797.6221999997506,41502.0,120.0,1.0,0.0,0.0,1.0
32,16,940002,R32-T16,100,7eaae6c9171dd50e94e9a378,1,0,0,1.0,1.0,0.5296665745167224,0.5485330310048079,9,0.009740968261651967,-0.04497950995342434,0.534904997033007,0.42061856258558983,0.8125,0.5625,3576.880999999048,1892.2296000000642,41502.0,120.0,1.0,0.0,0.0,1.0
32,16,940003,R32-T16,500,3ecb780b8ab53977f77913d6,1,0,0,1.0,1.0,0.4718385755082583,0.47222164105655695,6,-0.005812081029249516,-0.032664873629775666,0.483455528096429,0.37399052177960834,0.625,0.375,3381.819700000051,1895.9085999995295,44958.0,133.0,1.0,0.0,0.0,1.0
32,16,940003,R32-T16,50,3ecb780b8ab53977f77913d6,1,0,0,1.0,1.0,0.4718385755082583,0.47222164105655695,6,-0.005812081029249516,-0.032664873629775666,0.483455528096429,0.37399052177960834,0.625,0.375,3381.819700000051,1857.4916000015946,44958.0,133.0,1.0,0.0,0.0,1.0
32,16,940003,R32-T16,100,3ecb780b8ab53977f77913d6,1,0,0,1.0,1.0,0.4718385755082583,0.47222164105655695,6,-0.005812081029249516,-0.032664873629775666,0.483455528096429,0.37399052177960834,0.625,0.375,3381.819700000051,1817.3112999993464,44958.0,133.0,1.0,0.0,0.0,1.0
32,16,940003,R32-T16,200,3ecb780b8ab53977f77913d6,1,0,0,1.0,1.0,0.4718385755082583,0.47222164105655695,6,-0.005812081029249516,-0.032664873629775666,0.483455528096429,0.37399052177960834,0.625,0.375,3381.819700000051,1892.9741000010836,44958.0,133.0,1.0,0.0,0.0,1.0
32,16,940004,R32-T16,50,5bbae94f4c18b72ac72d8285,1,0,0,1.0,1.0,0.5733742689110086,0.5908439076743056,7,-0.01784803722717293,-0.06059400336023507,0.48305802664966824,0.3784142896717515,0.6875,0.4375,3273.9982999992208,1032.7118999994127,29523.0,108.0,1.0,0.0,0.0,1.0
32,16,940004,R32-T16,100,5bbae94f4c18b72ac72d8285,1,0,0,1.0,1.0,0.5733742689110086,0.5908439076743056,7,-0.01784803722717293,-0.06059400336023507,0.48305802664966824,0.3784142896717515,0.6875,0.4375,3273.9982999992208,1017.7182000006724,29523.0,108.0,1.0,0.0,0.0,1.0
32,16,940004,R32-T16,200,5bbae94f4c18b72ac72d8285,1,0,0,1.0,1.0,0.5733742689110086,0.5908439076743056,7,-0.01784803722717293,-0.06059400336023507,0.48305802664966824,0.3784142896717515,0.6875,0.4375,3273.9982999992208,1015.5910000012227,29523.0,108.0,1.0,0.0,0.0,1.0
32,16,940004,R32-T16,500,5bbae94f4c18b72ac72d8285,1,0,0,1.0,1.0,0.5733742689110086,0.5908439076743056,7,-0.01784803722717293,-0.06059400336023507,0.48305802664966824,0.3784142896717515,0.6875,0.4375,3273.9982999992208,1001.4635999996244,29523.0,108.0,1.0,0.0,0.0,1.0
32,16,940005,R32-T16,100,81bb2e2a5af74126a68e79c9,1,0,0,1.0,1.0,0.477107403640552,0.5144799213706053,6,-0.06452167515236172,-0.0819447637245454,0.3881953335520463,0.3352881786653385,0.5,0.375,3267.0267000012245,1319.664399999965,33117.0,108.0,1.0,0.0,0.0,1.0
32,16,940005,R32-T16,200,81bb2e2a5af74126a68e79c9,1,0,0,1.0,1.0,0.477107403640552,0.5144799213706053,6,-0.06452167515236172,-0.0819447637245454,0.3881953335520463,0.3352881786653385,0.5,0.375,3267.0267000012245,1313.1267999997362,33117.0,108.0,1.0,0.0,0.0,1.0
32,16,940005,R32-T16,500,81bb2e2a5af74126a68e79c9,1,0,0,1.0,1.0,0.477107403640552,0.5144799213706053,6,-0.06452167515236172,-0.0819447637245454,0.3881953335520463,0.3352881786653385,0.5,0.375,3267.0267000012245,1228.4384000013233,33117.0,108.0,1.0,0.0,0.0,1.0
32,16,940005,R32-T16,50,81bb2e2a5af74126a68e79c9,1,0,0,1.0,1.0,0.477107403640552,0.5144799213706053,6,-0.06452167515236172,-0.0819447637245454,0.3881953335520463,0.3352881786653385,0.5,0.375,3267.0267000012245,1274.6538999999757,33117.0,108.0,1.0,0.0,0.0,1.0
32,16,940006,R32-T16,200,a0a6635277ce358b94fe6002,1,0,0,1.0,1.0,0.5580917248532019,0.5942968710101976,4,-0.015544833809609901,-0.06131600304491874,0.42518719033142205,0.31722906422890507,0.5,0.25,3393.9996999997675,1284.1797000000952,27392.0,96.0,1.0,0.0,0.0,1.0
32,16,940006,R32-T16,500,a0a6635277ce358b94fe6002,1,0,0,1.0,1.0,0.5580917248532019,0.5942968710101976,4,-0.015544833809609901,-0.06131600304491874,0.42518719033142205,0.31722906422890507,0.5,0.25,3393.9996999997675,1267.1555999986595,27392.0,96.0,1.0,0.0,0.0,1.0
32,16,940006,R32-T16,50,a0a6635277ce358b94fe6002,1,0,0,1.0,1.0,0.5580917248532019,0.5942968710101976,4,-0.015544833809609901,-0.06131600304491874,0.42518719033142205,0.31722906422890507,0.5,0.25,3393.9996999997675,1284.3428000014683,27392.0,96.0,1.0,0.0,0.0,1.0
32,16,940006,R32-T16,100,a0a6635277ce358b94fe6002,1,0,0,1.0,1.0,0.5580917248532019,0.5942968710101976,4,-0.015544833809609901,-0.06131600304491874,0.42518719033142205,0.31722906422890507,0.5,0.25,3393.9996999997675,1285.1841000010609,27392.0,96.0,1.0,0.0,0.0,1.0
32,16,940007,R32-T16,500,01876f72eefa5973c1bd4f20,1,0,0,1.0,1.0,0.5526867982605786,0.5744365332301559,7,-0.028214227533561537,-0.0823242769447812,0.467847793549621,0.3640257614974021,0.625,0.4375,3225.5409999997937,1123.3961999987514,29667.0,86.0,1.0,0.0,0.0,1.0
32,16,940007,R32-T16,50,01876f72eefa5973c1bd4f20,1,0,0,1.0,1.0,0.5526867982605786,0.5744365332301559,7,-0.028214227533561537,-0.0823242769447812,0.467847793549621,0.3640257614974021,0.625,0.4375,3225.5409999997937,1114.5089000001462,29667.0,86.0,1.0,0.0,0.0,1.0
32,16,940007,R32-T16,100,01876f72eefa5973c1bd4f20,1,0,0,1.0,1.0,0.5526867982605786,0.5744365332301559,7,-0.028214227533561537,-0.0823242769447812,0.467847793549621,0.3640257614974021,0.625,0.4375,3225.5409999997937,982.0880999996007,29667.0,86.0,1.0,0.0,0.0,1.0
32,16,940007,R32-T16,200,01876f72eefa5973c1bd4f20,1,0,0,1.0,1.0,0.5526867982605786,0.5744365332301559,7,-0.028214227533561537,-0.0823242769447812,0.467847793549621,0.3640257614974021,0.625,0.4375,3225.5409999997937,1005.5756000001566,29667.0,86.0,1.0,0.0,0.0,1.0
32,16,940008,R32-T16,50,b5b3821cd0a6ef9cb29eb3eb,1,0,0,1.0,1.0,0.5609215695571856,0.5799225805160442,5,-0.03894044644241622,-0.06128096769386786,0.42337062883635634,0.33429343950849016,0.5,0.3125,3135.8566999988398,802.6034999984404,17523.0,72.0,1.0,0.0,0.0,1.0
32,16,940008,R32-T16,100,b5b3821cd0a6ef9cb29eb3eb,1,0,0,1.0,1.0,0.5609215695571856,0.5799225805160442,5,-0.03894044644241622,-0.06128096769386786,0.42337062883635634,0.33429343950849016,0.5,0.3125,3135.8566999988398,819.5665999992343,17523.0,72.0,1.0,0.0,0.0,1.0
32,16,940008,R32-T16,200,b5b3821cd0a6ef9cb29eb3eb,1,0,0,1.0,1.0,0.5609215695571856,0.5799225805160442,5,-0.03894044644241622,-0.06128096769386786,0.42337062883635634,0.33429343950849016,0.5,0.3125,3135.8566999988398,779.3801999996504,17523.0,72.0,1.0,0.0,0.0,1.0
32,16,940008,R32-T16,500,b5b3821cd0a6ef9cb29eb3eb,1,0,0,1.0,1.0,0.5609215695571856,0.5799225805160442,5,-0.03894044644241622,-0.06128096769386786,0.42337062883635634,0.33429343950849016,0.5,0.3125,3135.8566999988398,788.5544000000664,17523.0,72.0,1.0,0.0,0.0,1.0
32,16,940009,R32-T16,100,65594dcba9e57c30a79d9bf8,1,0,0,1.0,1.0,0.5611333152215983,0.5551682285945739,5,-0.008949660234736631,-0.08766295309261816,0.5366237679474521,0.32803301259288936,0.8125,0.375,3471.7854999998963,1853.6158999995678,47661.0,120.0,1.0,0.0,0.0,1.0
32,16,940009,R32-T16,200,65594dcba9e57c30a79d9bf8,1,0,0,1.0,1.0,0.5611333152215983,0.5551682285945739,5,-0.008949660234736631,-0.08766295309261816,0.5366237679474521,0.32803301259288936,0.8125,0.375,3471.7854999998963,1775.9397999998328,47661.0,120.0,1.0,0.0,0.0,1.0
32,16,940009,R32-T16,500,65594dcba9e57c30a79d9bf8,1,0,0,1.0,1.0,0.5611333152215983,0.5551682285945739,5,-0.008949660234736631,-0.08766295309261816,0.5366237679474521,0.32803301259288936,0.8125,0.375,3471.7854999998963,1774.6812000004866,47661.0,120.0,1.0,0.0,0.0,1.0
32,16,940009,R32-T16,50,65594dcba9e57c30a79d9bf8,1,0,0,1.0,1.0,0.5611333152215983,0.5551682285945739,5,-0.008949660234736631,-0.08766295309261816,0.5366237679474521,0.32803301259288936,0.8125,0.375,3471.7854999998963,1779.0884000005462,47661.0,120.0,1.0,0.0,0.0,1.0
32,16,940010,R32-T16,200,db60cfd6190694e92f97a152,1,0,0,1.0,1.0,0.45141008688481815,0.4812206885741679,3,-0.09233281731242299,-0.10633202812441533,0.2905901312169968,0.23779831484526454,0.3125,0.1875,2945.0059000009787,339.3624999989697,8017.0,36.0,1.0,0.0,0.0,1.0
32,16,940010,R32-T16,500,db60cfd6190694e92f97a152,1,0,1,1.0,1.0,0.45141008688481815,0.4812206885741679,3,-0.09233281731242299,-0.10633202812441533,0.2905901312169968,0.23779831484526454,0.3125,0.1875,2945.0059000009787,352.74289999870234,8017.0,36.0,1.0,7592.0,0.0,0.0
32,16,940010,R32-T16,50,db60cfd6190694e92f97a152,1,0,0,1.0,1.0,0.45141008688481815,0.4812206885741679,3,-0.09233281731242299,-0.10633202812441533,0.2905901312169968,0.23779831484526454,0.3125,0.1875,2945.0059000009787,336.20710000104737,8017.0,36.0,1.0,0.0,0.0,1.0
32,16,940010,R32-T16,100,db60cfd6190694e92f97a152,1,0,0,1.0,1.0,0.45141008688481815,0.4812206885741679,3,-0.09233281731242299,-0.10633202812441533,0.2905901312169968,0.23779831484526454,0.3125,0.1875,2945.0059000009787,350.619300001199,8017.0,36.0,1.0,0.0,0.0,1.0
32,16,940011,R32-T16,500,ea6f3729381f0808a0328fa2,1,0,0,1.0,1.0,0.5100038086032118,0.5159030298288859,7,-0.013743968294047393,-0.05537220914768543,0.47178501972161685,0.37386551798110323,0.625,0.4375,3320.874200000617,1645.259700000679,37837.0,120.0,1.0,0.0,0.0,1.0
32,16,940011,R32-T16,50,ea6f3729381f0808a0328fa2,1,0,0,1.0,1.0,0.5100038086032118,0.5159030298288859,7,-0.013743968294047393,-0.05537220914768543,0.47178501972161685,0.37386551798110323,0.625,0.4375,3320.874200000617,1604.8434000003908,37837.0,120.0,1.0,0.0,0.0,1.0
32,16,940011,R32-T16,100,ea6f3729381f0808a0328fa2,1,0,0,1.0,1.0,0.5100038086032118,0.5159030298288859,7,-0.013743968294047393,-0.05537220914768543,0.47178501972161685,0.37386551798110323,0.625,0.4375,3320.874200000617,1579.2965999989974,37837.0,120.0,1.0,0.0,0.0,1.0
32,16,940011,R32-T16,200,ea6f3729381f0808a0328fa2,1,0,0,1.0,1.0,0.5100038086032118,0.5159030298288859,7,-0.013743968294047393,-0.05537220914768543,0.47178501972161685,0.37386551798110323,0.625,0.4375,3320.874200000617,1592.1933000008721,37837.0,120.0,1.0,0.0,0.0,1.0
32,16,940012,R32-T16,50,31d1b47d908070f041293b17,1,0,0,1.0,1.0,0.5212465590692019,0.5399193232202651,6,-0.04886986314362783,-0.07676201124090093,0.4075913279580644,0.33941030603685646,0.5,0.375,3180.134899999757,1352.915600000415,25836.0,84.0,1.0,0.0,0.0,1.0
32,16,940012,R32-T16,100,31d1b47d908070f041293b17,1,0,0,1.0,1.0,0.5212465590692019,0.5399193232202651,6,-0.04886986314362783,-0.07676201124090093,0.4075913279580644,0.33941030603685646,0.5,0.375,3180.134899999757,1280.6170000003476,25836.0,84.0,1.0,0.0,0.0,1.0
32,16,940012,R32-T16,200,31d1b47d908070f041293b17,1,0,0,1.0,1.0,0.5212465590692019,0.5399193232202651,6,-0.04886986314362783,-0.07676201124090093,0.4075913279580644,0.33941030603685646,0.5,0.375,3180.134899999757,1305.6689000004553,25836.0,84.0,1.0,0.0,0.0,1.0
32,16,940012,R32-T16,500,31d1b47d908070f041293b17,1,0,0,1.0,1.0,0.5212465590692019,0.5399193232202651,6,-0.04886986314362783,-0.07676201124090093,0.4075913279580644,0.33941030603685646,0.5,0.375,3180.134899999757,1279.0945999986434,25836.0,84.0,1.0,0.0,0.0,1.0
32,16,940013,R32-T16,100,dba3acdef1934fdf9bb69868,1,0,0,1.0,1.0,0.5160001398237848,0.5480673405734778,6,-0.0016869982324256572,-0.04014782241215301,0.45771648775125323,0.3663152414340318,0.5625,0.375,3286.480799999481,786.4172999998118,33213.0,73.0,1.0,0.0,0.0,1.0
32,16,940013,R32-T16,200,dba3acdef1934fdf9bb69868,1,0,0,1.0,1.0,0.5160001398237848,0.5480673405734778,6,-0.0016869982324256572,-0.04014782241215301,0.45771648775125323,0.3663152414340318,0.5625,0.375,3286.480799999481,795.5916000009893,33213.0,73.0,1.0,0.0,0.0,1.0
32,16,940013,R32-T16,500,dba3acdef1934fdf9bb69868,1,0,0,1.0,1.0,0.5160001398237848,0.5480673405734778,6,-0.0016869982324256572,-0.04014782241215301,0.45771648775125323,0.3663152414340318,0.5625,0.375,3286.480799999481,746.3896999997814,33213.0,73.0,1.0,0.0,0.0,1.0
32,16,940013,R32-T16,50,dba3acdef1934fdf9bb69868,1,0,0,1.0,1.0,0.5160001398237848,0.5480673405734778,6,-0.0016869982324256572,-0.04014782241215301,0.45771648775125323,0.3663152414340318,0.5625,0.375,3286.480799999481,723.4984999995504,33213.0,73.0,1.0,0.0,0.0,1.0
32,16,940014,R32-T16,200,0ef4bd9cfb7ded6e8c93f8d9,1,0,0,1.0,1.0,0.5138080116859248,0.5303745964700101,6,-0.00044652590341758003,-0.046461053804037214,0.4687975315392035,0.3769900831434219,0.625,0.375,3633.1661000003805,1829.9296999994112,35602.0,108.0,1.0,0.0,0.0,1.0
32,16,940014,R32-T16,500,0ef4bd9cfb7ded6e8c93f8d9,1,0,0,1.0,1.0,0.5138080116859248,0.5303745964700101,6,-0.00044652590341758003,-0.046461053804037214,0.4687975315392035,0.3769900831434219,0.625,0.375,3633.1661000003805,1868.8319000011688,35602.0,108.0,1.0,0.0,0.0,1.0
32,16,940014,R32-T16,50,0ef4bd9cfb7ded6e8c93f8d9,1,0,0,1.0,1.0,0.5138080116859248,0.5303745964700101,6,-0.00044652590341758003,-0.046461053804037214,0.4687975315392035,0.3769900831434219,0.625,0.375,3633.1661000003805,1822.941799999171,35602.0,108.0,1.0,0.0,0.0,1.0
32,16,940014,R32-T16,100,0ef4bd9cfb7ded6e8c93f8d9,1,0,0,1.0,1.0,0.5138080116859248,0.5303745964700101,6,-0.00044652590341758003,-0.046461053804037214,0.4687975315392035,0.3769900831434219,0.625,0.375,3633.1661000003805,1841.4166999973531,35602.0,108.0,1.0,0.0,0.0,1.0
32,16,940015,R32-T16,500,e644a4072c418878a3cbc905,1,0,0,1.0,1.0,0.5541573388796032,0.5625085626224903,5,-0.04411970949354897,-0.08844747170676043,0.4052405795929219,0.30443912501034076,0.5,0.3125,3209.8203000023204,1354.9710000006598,27051.0,72.0,1.0,0.0,0.0,1.0
32,16,940015,R32-T16,50,e644a4072c418878a3cbc905,1,0,0,1.0,1.0,0.5541573388796032,0.5625085626224903,5,-0.04411970949354897,-0.08844747170676043,0.4052405795929219,0.30443912501034076,0.5,0.3125,3209.8203000023204,1349.1237999987788,27051.0,72.0,1.0,0.0,0.0,1.0
32,16,940015,R32-T16,100,e644a4072c418878a3cbc905,1,0,0,1.0,1.0,0.5541573388796032,0.5625085626224903,5,-0.04411970949354897,-0.08844747170676043,0.4052405795929219,0.30443912501034076,0.5,0.3125,3209.8203000023204,1332.2738999995636,27051.0,72.0,1.0,0.0,0.0,1.0
32,16,940015,R32-T16,200,e644a4072c418878a3cbc905,1,0,0,1.0,1.0,0.5541573388796032,0.5625085626224903,5,-0.04411970949354897,-0.08844747170676043,0.4052405795929219,0.30443912501034076,0.5,0.3125,3209.8203000023204,1325.2958999983093,27051.0,72.0,1.0,0.0,0.0,1.0
32,16,940016,R32-T16,50,011ee7d88c92f5b59f105ef0,1,0,0,1.0,1.0,0.509268629057743,0.5205471345723004,7,-0.0076204757395320205,-0.03846202153294773,0.4681772371047363,0.3966383616803626,0.625,0.4375,3476.4642999980424,1504.363000000012,34992.0,96.0,1.0,0.0,0.0,1.0
32,16,940016,R32-T16,100,011ee7d88c92f5b59f105ef0,1,0,0,1.0,1.0,0.509268629057743,0.5205471345723004,7,-0.0076204757395320205,-0.03846202153294773,0.4681772371047363,0.3966383616803626,0.625,0.4375,3476.4642999980424,1517.1622999987449,34992.0,96.0,1.0,0.0,0.0,1.0
32,16,940016,R32-T16,200,011ee7d88c92f5b59f105ef0,1,0,0,1.0,1.0,0.509268629057743,0.5205471345723004,7,-0.0076204757395320205,-0.03846202153294773,0.4681772371047363,0.3966383616803626,0.625,0.4375,3476.4642999980424,1497.133799999574,34992.0,96.0,1.0,0.0,0.0,1.0
32,16,940016,R32-T16,500,011ee7d88c92f5b59f105ef0,1,0,0,1.0,1.0,0.509268629057743,0.5205471345723004,7,-0.0076204757395320205,-0.03846202153294773,0.4681772371047363,0.3966383616803626,0.625,0.4375,3476.4642999980424,1485.7698000014352,34992.0,96.0,1.0,0.0,0.0,1.0
32,16,940017,R32-T16,100,18e8bc25993c55d190c0662d,1,0,0,1.0,1.0,0.48387831927899205,0.48463287397006394,5,-0.043928926148512196,-0.06171647696930632,0.3946676802880136,0.3343129240569299,0.4375,0.3125,3211.1307999985,1882.779000003211,25448.0,72.0,1.0,0.0,0.0,1.0
32,16,940017,R32-T16,200,18e8bc25993c55d190c0662d,1,0,0,1.0,1.0,0.48387831927899205,0.48463287397006394,5,-0.043928926148512196,-0.06171647696930632,0.3946676802880136,0.3343129240569299,0.4375,0.3125,3211.1307999985,1765.1743999995233,25448.0,72.0,1.0,0.0,0.0,1.0
32,16,940017,R32-T16,500,18e8bc25993c55d190c0662d,1,0,0,1.0,1.0,0.48387831927899205,0.48463287397006394,5,-0.043928926148512196,-0.06171647696930632,0.3946676802880136,0.3343129240569299,0.4375,0.3125,3211.1307999985,1832.254400000238,25448.0,72.0,1.0,0.0,0.0,1.0
32,16,940017,R32-T16,50,18e8bc25993c55d190c0662d,1,0,0,1.0,1.0,0.48387831927899205,0.48463287397006394,5,-0.043928926148512196,-0.06171647696930632,0.3946676802880136,0.3343129240569299,0.4375,0.3125,3211.1307999985,1765.1898000003712,25448.0,72.0,1.0,0.0,0.0,1.0
32,16,940018,R32-T16,200,a3646fd8d2ed8603ed783982,1,0,0,1.0,1.0,0.5190410140525984,0.5296201076941649,10,0.006876215614594686,-0.015875222525941396,0.5175888299393787,0.46158962580283636,0.75,0.625,3535.4479999987234,1956.9589000020642,40342.0,144.0,1.0,0.0,0.0,1.0
32,16,940018,R32-T16,500,a3646fd8d2ed8603ed783982,1,0,0,1.0,1.0,0.5190410140525984,0.5296201076941649,10,0.006876215614594686,-0.015875222525941396,0.5175888299393787,0.46158962580283636,0.75,0.625,3535.4479999987234,1986.7018999975699,40342.0,144.0,1.0,0.0,0.0,1.0
32,16,940018,R32-T16,50,a3646fd8d2ed8603ed783982,1,0,0,1.0,1.0,0.5190410140525984,0.5296201076941649,10,0.006876215614594686,-0.015875222525941396,0.5175888299393787,0.46158962580283636,0.75,0.625,3535.4479999987234,1914.4622000021627,40342.0,144.0,1.0,0.0,0.0,1.0
32,16,940018,R32-T16,100,a3646fd8d2ed8603ed783982,1,0,0,1.0,1.0,0.5190410140525984,0.5296201076941649,10,0.006876215614594686,-0.015875222525941396,0.5175888299393787,0.46158962580283636,0.75,0.625,3535.4479999987234,1981.597199999669,40342.0,144.0,1.0,0.0,0.0,1.0
32,16,940019,R32-T16,500,6af331560169904cd61a38c1,1,0,0,1.0,1.0,0.5366721271767683,0.5529622868301685,6,-0.004237597752053013,-0.05619104693176873,0.4863186782555939,0.3567300483769935,0.6875,0.375,3298.1503999981214,1368.085099999007,31545.0,85.0,1.0,0.0,0.0,1.0
32,16,940019,R32-T16,50,6af331560169904cd61a38c1,1,0,0,1.0,1.0,0.5366721271767683,0.5529622868301685,6,-0.004237597752053013,-0.05619104693176873,0.4863186782555939,0.3567300483769935,0.6875,0.375,3298.1503999981214,1351.8303999990167,31545.0,85.0,1.0,0.0,0.0,1.0
32,16,940019,R32-T16,100,6af331560169904cd61a38c1,1,0,0,1.0,1.0,0.5366721271767683,0.5529622868301685,6,-0.004237597752053013,-0.05619104693176873,0.4863186782555939,0.3567300483769935,0.6875,0.375,3298.1503999981214,1303.090199999133,31545.0,85.0,1.0,0.0,0.0,1.0
32,16,940019,R32-T16,200,6af331560169904cd61a38c1,1,0,0,1.0,1.0,0.5366721271767683,0.5529622868301685,6,-0.004237597752053013,-0.05619104693176873,0.4863186782555939,0.3567300483769935,0.6875,0.375,3298.1503999981214,1284.8995000022114,31545.0,85.0,1.0,0.0,0.0,1.0
32,16,940020,R32-T16,50,22f67d95138038e54e52d15c,1,0,0,1.0,1.0,0.5033999088311334,0.5118252556100922,6,-0.005016050763995236,-0.044578264860281956,0.4558081849103356,0.3623224218538673,0.5625,0.375,3344.7565999995277,746.3891000006697,27130.0,72.0,1.0,0.0,0.0,1.0
32,16,940020,R32-T16,100,22f67d95138038e54e52d15c,1,0,0,1.0,1.0,0.5033999088311334,0.5118252556100922,6,-0.005016050763995236,-0.044578264860281956,0.4558081849103356,0.3623224218538673,0.5625,0.375,3344.7565999995277,734.8418000001402,27130.0,72.0,1.0,0.0,0.0,1.0
32,16,940020,R32-T16,200,22f67d95138038e54e52d15c,1,0,0,1.0,1.0,0.5033999088311334,0.5118252556100922,6,-0.005016050763995236,-0.044578264860281956,0.4558081849103356,0.3623224218538673,0.5625,0.375,3344.7565999995277,735.0354000009247,27130.0,72.0,1.0,0.0,0.0,1.0
32,16,940020,R32-T16,500,22f67d95138038e54e52d15c,1,0,0,1.0,1.0,0.5033999088311334,0.5118252556100922,6,-0.005016050763995236,-0.044578264860281956,0.4558081849103356,0.3623224218538673,0.5625,0.375,3344.7565999995277,753.8133000016387,27130.0,72.0,1.0,0.0,0.0,1.0
32,16,940021,R32-T16,100,dca5b5daba6445eb8a98f820,1,0,0,1.0,1.0,0.5223585858070335,0.5363754132759188,6,-0.03402188919782144,-0.06164701245309386,0.4385165733842831,0.35688431607931453,0.5625,0.375,3289.3487000001187,1499.1642999993928,31657.0,63.0,1.0,0.0,0.0,1.0
32,16,940021,R32-T16,200,dca5b5daba6445eb8a98f820,1,0,0,1.0,1.0,0.5223585858070335,0.5363754132759188,6,-0.03402188919782144,-0.06164701245309386,0.4385165733842831,0.35688431607931453,0.5625,0.375,3289.3487000001187,1393.4397999983048,31657.0,63.0,1.0,0.0,0.0,1.0
32,16,940021,R32-T16,500,dca5b5daba6445eb8a98f820,1,0,0,1.0,1.0,0.5223585858070335,0.5363754132759188,6,-0.03402188919782144,-0.06164701245309386,0.4385165733842831,0.35688431607931453,0.5625,0.375,3289.3487000001187,1403.7271000015608,31657.0,63.0,1.0,0.0,0.0,1.0
32,16,940021,R32-T16,50,dca5b5daba6445eb8a98f820,1,0,0,1.0,1.0,0.5223585858070335,0.5363754132759188,6,-0.03402188919782144,-0.06164701245309386,0.4385165733842831,0.35688431607931453,0.5625,0.375,3289.3487000001187,1402.6560999991489,31657.0,63.0,1.0,0.0,0.0,1.0
32,16,940022,R32-T16,200,751df57716caed358594bac6,1,0,0,1.0,1.0,0.5664465727158748,0.5729687853407893,6,-0.008849037313179292,-0.0510694692493079,0.5050942376958375,0.3860812990574829,0.75,0.4375,3334.1957999982696,1474.7795000002952,34034.0,108.0,1.0,0.0,0.0,1.0
32,16,940022,R32-T16,500,751df57716caed358594bac6,1,0,0,1.0,1.0,0.5664465727158748,0.5729687853407893,6,-0.008849037313179292,-0.0510694692493079,0.5050942376958375,0.3860812990574829,0.75,0.4375,3334.1957999982696,1498.259899999539,34034.0,108.0,1.0,0.0,0.0,1.0
32,16,940022,R32-T16,50,751df57716caed358594bac6,1,0,0,1.0,1.0,0.5664465727158748,0.5729687853407893,6,-0.008849037313179292,-0.0510694692493079,0.5050942376958375,0.3860812990574829,0.75,0.4375,3334.1957999982696,1477.0895000001474,34034.0,108.0,1.0,0.0,0.0,1.0
32,16,940022,R32-T16,100,751df57716caed358594bac6,1,0,0,1.0,1.0,0.5664465727158748,0.5729687853407893,6,-0.008849037313179292,-0.0510694692493079,0.5050942376958375,0.3860812990574829,0.75,0.4375,3334.1957999982696,1481.5960000014456,34034.0,108.0,1.0,0.0,0.0,1.0
32,16,940023,R32-T16,500,375b73b80c835b27b6f70015,1,0,0,1.0,1.0,0.567860783693498,0.5719061740048278,6,-0.01955505321154788,-0.053128620758785564,0.47293560434201404,0.3860589808805938,0.625,0.4375,3265.8981999993557,1538.0006999985198,30533.0,96.0,1.0,0.0,0.0,1.0
32,16,940023,R32-T16,50,375b73b80c835b27b6f70015,1,0,0,1.0,1.0,0.567860783693498,0.5719061740048278,6,-0.01955505321154788,-0.053128620758785564,0.47293560434201404,0.3860589808805938,0.625,0.4375,3265.8981999993557,1491.4742000000842,30533.0,96.0,1.0,0.0,0.0,1.0
32,16,940023,R32-T16,100,375b73b80c835b27b6f70015,1,0,0,1.0,1.0,0.567860783693498,0.5719061740048278,6,-0.01955505321154788,-0.053128620758785564,0.47293560434201404,0.3860589808805938,0.625,0.4375,3265.8981999993557,1455.0626000018383,30533.0,96.0,1.0,0.0,0.0,1.0
32,16,940023,R32-T16,200,375b73b80c835b27b6f70015,1,0,0,1.0,1.0,0.567860783693498,0.5719061740048278,6,-0.01955505321154788,-0.053128620758785564,0.47293560434201404,0.3860589808805938,0.625,0.4375,3265.8981999993557,1532.7207000009366,30533.0,96.0,1.0,0.0,0.0,1.0
32,16,940024,R32-T16,50,286879ff380ae4ae6d21a6ae,1,0,0,1.0,1.0,0.49157085367226677,0.5427976003501193,6,0.0007982163421553223,-0.050482775308195685,0.4819362165105085,0.37450291974783634,0.625,0.375,3753.9725999995426,1471.2978999996267,40120.0,96.0,1.0,0.0,0.0,1.0
32,16,940024,R32-T16,100,286879ff380ae4ae6d21a6ae,1,0,0,1.0,1.0,0.49157085367226677,0.5427976003501193,6,0.0007982163421553223,-0.050482775308195685,0.4819362165105085,0.37450291974783634,0.625,0.375,3753.9725999995426,1427.5245999997423,40120.0,96.0,1.0,0.0,0.0,1.0
32,16,940024,R32-T16,200,286879ff380ae4ae6d21a6ae,1,0,0,1.0,1.0,0.49157085367226677,0.5427976003501193,6,0.0007982163421553223,-0.050482775308195685,0.4819362165105085,0.37450291974783634,0.625,0.375,3753.9725999995426,1478.730999999243,40120.0,96.0,1.0,0.0,0.0,1.0
32,16,940024,R32-T16,500,286879ff380ae4ae6d21a6ae,1,0,0,1.0,1.0,0.49157085367226677,0.5427976003501193,6,0.0007982163421553223,-0.050482775308195685,0.4819362165105085,0.37450291974783634,0.625,0.375,3753.9725999995426,1478.291100000206,40120.0,96.0,1.0,0.0,0.0,1.0
32,16,940025,R32-T16,100,3d7b6133f76a24140fb86411,1,0,0,1.0,1.0,0.47533916401862836,0.4828187989756611,7,-0.03841959505426173,-0.06645689669602226,0.4520095398161675,0.3682099394414063,0.625,0.4375,3414.2825999988418,1629.6474999981,28730.0,91.0,1.0,0.0,0.0,1.0
32,16,940025,R32-T16,200,3d7b6133f76a24140fb86411,1,0,0,1.0,1.0,0.47533916401862836,0.4828187989756611,7,-0.03841959505426173,-0.06645689669602226,0.4520095398161675,0.3682099394414063,0.625,0.4375,3414.2825999988418,1532.9225000023143,28730.0,91.0,1.0,0.0,0.0,1.0
32,16,940025,R32-T16,500,3d7b6133f76a24140fb86411,1,0,0,1.0,1.0,0.47533916401862836,0.4828187989756611,7,-0.03841959505426173,-0.06645689669602226,0.4520095398161675,0.3682099394414063,0.625,0.4375,3414.2825999988418,1535.8328000002075,28730.0,91.0,1.0,0.0,0.0,1.0
32,16,940025,R32-T16,50,3d7b6133f76a24140fb86411,1,0,0,1.0,1.0,0.47533916401862836,0.4828187989756611,7,-0.03841959505426173,-0.06645689669602226,0.4520095398161675,0.3682099394414063,0.625,0.4375,3414.2825999988418,1500.576500002353,28730.0,91.0,1.0,0.0,0.0,1.0
32,16,940026,R32-T16,200,0c05a8e7a9578ee87d0c641d,1,0,0,1.0,1.0,0.5098076650973028,0.5370726677816658,6,-0.024421826131176952,-0.06725104327880682,0.44326253989853964,0.3693869825479308,0.5625,0.4375,3481.505700001435,1713.1401000006008,37886.0,98.0,1.0,0.0,0.0,1.0
32,16,940026,R32-T16,500,0c05a8e7a9578ee87d0c641d,1,0,0,1.0,1.0,0.5098076650973028,0.5370726677816658,6,-0.024421826131176952,-0.06725104327880682,0.44326253989853964,0.3693869825479308,0.5625,0.4375,3481.505700001435,1726.905200001056,37886.0,98.0,1.0,0.0,0.0,1.0
32,16,940026,R32-T16,50,0c05a8e7a9578ee87d0c641d,1,0,0,1.0,1.0,0.5098076650973028,0.5370726677816658,6,-0.024421826131176952,-0.06725104327880682,0.44326253989853964,0.3693869825479308,0.5625,0.4375,3481.505700001435,1684.426200001326,37886.0,98.0,1.0,0.0,0.0,1.0
32,16,940026,R32-T16,100,0c05a8e7a9578ee87d0c641d,1,0,0,1.0,1.0,0.5098076650973028,0.5370726677816658,6,-0.024421826131176952,-0.06725104327880682,0.44326253989853964,0.3693869825479308,0.5625,0.4375,3481.505700001435,1722.7676000002248,37886.0,98.0,1.0,0.0,0.0,1.0
32,16,940027,R32-T16,500,4bdb65b2478b4bee700eea32,1,0,0,1.0,1.0,0.5298131055119166,0.5496114403587036,5,-0.03389864804735625,-0.09279329601171898,0.44406133572653905,0.3092190262870892,0.5625,0.3125,3165.256299998873,901.9680000019434,22767.0,72.0,1.0,0.0,0.0,1.0
32,16,940027,R32-T16,50,4bdb65b2478b4bee700eea32,1,0,0,1.0,1.0,0.5298131055119166,0.5496114403587036,5,-0.03389864804735625,-0.09279329601171898,0.44406133572653905,0.3092190262870892,0.5625,0.3125,3165.256299998873,1007.2681999990891,22767.0,72.0,1.0,0.0,0.0,1.0
32,16,940027,R32-T16,100,4bdb65b2478b4bee700eea32,1,0,0,1.0,1.0,0.5298131055119166,0.5496114403587036,5,-0.03389864804735625,-0.09279329601171898,0.44406133572653905,0.3092190262870892,0.5625,0.3125,3165.256299998873,920.1938000005612,22767.0,72.0,1.0,0.0,0.0,1.0
32,16,940027,R32-T16,200,4bdb65b2478b4bee700eea32,1,0,0,1.0,1.0,0.5298131055119166,0.5496114403587036,5,-0.03389864804735625,-0.09279329601171898,0.44406133572653905,0.3092190262870892,0.5625,0.3125,3165.256299998873,899.6932999980345,22767.0,72.0,1.0,0.0,0.0,1.0
32,16,940028,R32-T16,50,9c6c195ab40be4d04d3400ad,1,0,0,1.0,1.0,0.4878276553016102,0.506001174408455,4,-0.05222566139618738,-0.0818582720647616,0.4171349269237222,0.3090799624779441,0.5625,0.3125,3397.631599997112,1384.527700000035,34315.0,107.0,1.0,0.0,0.0,1.0
32,16,940028,R32-T16,100,9c6c195ab40be4d04d3400ad,1,0,0,1.0,1.0,0.4878276553016102,0.506001174408455,4,-0.05222566139618738,-0.0818582720647616,0.4171349269237222,0.3090799624779441,0.5625,0.3125,3397.631599997112,1342.2451000005822,34315.0,107.0,1.0,0.0,0.0,1.0
32,16,940028,R32-T16,200,9c6c195ab40be4d04d3400ad,1,0,0,1.0,1.0,0.4878276553016102,0.506001174408455,4,-0.05222566139618738,-0.0818582720647616,0.4171349269237222,0.3090799624779441,0.5625,0.3125,3397.631599997112,1339.3385999988823,34315.0,107.0,1.0,0.0,0.0,1.0
32,16,940028,R32-T16,500,9c6c195ab40be4d04d3400ad,1,0,0,1.0,1.0,0.4878276553016102,0.506001174408455,4,-0.05222566139618738,-0.0818582720647616,0.4171349269237222,0.3090799624779441,0.5625,0.3125,3397.631599997112,1382.1501000020362,34315.0,107.0,1.0,0.0,0.0,1.0
32,16,940029,R32-T16,100,08379eab17df3f5161736861,1,0,0,1.0,1.0,0.5009778265078119,0.49947722878951417,7,-0.02825815176412389,-0.06240678607790099,0.4552063910643085,0.36417201047599534,0.625,0.4375,3217.893799999729,1390.6166000015219,27931.0,93.0,1.0,0.0,0.0,1.0
32,16,940029,R32-T16,200,08379eab17df3f5161736861,1,0,0,1.0,1.0,0.5009778265078119,0.49947722878951417,7,-0.02825815176412389,-0.06240678607790099,0.4552063910643085,0.36417201047599534,0.625,0.4375,3217.893799999729,1353.9047999984177,27931.0,93.0,1.0,0.0,0.0,1.0
32,16,940029,R32-T16,500,08379eab17df3f5161736861,1,0,0,1.0,1.0,0.5009778265078119,0.49947722878951417,7,-0.02825815176412389,-0.06240678607790099,0.4552063910643085,0.36417201047599534,0.625,0.4375,3217.893799999729,1354.6096999998554,27931.0,93.0,1.0,0.0,0.0,1.0
32,16,940029,R32-T16,50,08379eab17df3f5161736861,1,0,0,1.0,1.0,0.5009778265078119,0.49947722878951417,7,-0.02825815176412389,-0.06240678607790099,0.4552063910643085,0.36417201047599534,0.625,0.4375,3217.893799999729,1313.3721000012883,27931.0,93.0,1.0,0.0,0.0,1.0
