family_id,comparison,metric,registered_budget_ms,scale_cell,method_a,method_b,favorable_direction_for_method_a,n_independent_seed_pairs,method_a_mean,method_b_mean,mean_difference_a_minus_b,mean_difference_ci95_low,mean_difference_ci95_high,ci_method,p_value_test,wilcoxon_w,p_unadjusted,p_holm_adjusted,cohen_dz,rank_biserial,win_rate_favorable_to_method_a,quality_reference_filter,holm_family_size,significant_after_holm_0_05
stage3.external_objective_per_active_task.budget_50,R10-T12: bounded K12 vs exact,external_objective_per_active_task,50,R10-T12,CA-HMCD-BoundedK12-Candidate,CA-HMCD-Exact,higher,30,-0.06594178900836076,-0.048959205162957056,-0.016982583845403704,-0.021486698067536815,-0.01329854125546695,"paired BCa bootstrap, 10000 resamples",two-sided paired Wilcoxon signed-rank test,0,1.825371456361214e-06,2.9205943301779423e-05,-1.4831685563187038,-1.0,0.0,HiGHS optimal seeds only,16,True
stage3.external_objective_per_active_task.budget_50,R10-T16: bounded K12 vs exact,external_objective_per_active_task,50,R10-T16,CA-HMCD-BoundedK12-Candidate,CA-HMCD-Exact,higher,30,-0.07657654180562472,-0.05688670085118609,-0.019689840954438622,-0.023924353102265452,-0.016192955280804285,"paired BCa bootstrap, 10000 resamples",two-sided paired Wilcoxon signed-rank test,0,1.825371456361214e-06,2.9205943301779423e-05,-1.7866754208907951,-1.0,0.0,HiGHS optimal seeds only,16,True
stage3.external_objective_per_active_task.budget_50,R10-T4: bounded K12 vs exact,external_objective_per_active_task,50,R10-T4,CA-HMCD-BoundedK12-Candidate,CA-HMCD-Exact,higher,30,-0.03499902441415646,-0.029361560942637213,-0.005637463471519246,-0.011536856017215026,-0.0027289508152654476,"paired BCa bootstrap, 10000 resamples",two-sided paired Wilcoxon signed-rank test,0,0.0001220703125,0.0001220703125,-0.49744903036557614,-1.0,0.26666666666666666,HiGHS optimal seeds only,16,True
stage3.external_objective_per_active_task.budget_50,R10-T8: bounded K12 vs exact,external_objective_per_active_task,50,R10-T8,CA-HMCD-BoundedK12-Candidate,CA-HMCD-Exact,higher,30,-0.05478578765377543,-0.04296145860137774,-0.0118243290523977,-0.01687354630263806,-0.008359873147484195,"paired BCa bootstrap, 10000 resamples",two-sided paired Wilcoxon signed-rank test,0,4.003256204905308e-06,2.9205943301779423e-05,-0.9985884488398754,-1.0,0.03333333333333333,HiGHS optimal seeds only,16,True
stage3.external_objective_per_active_task.budget_50,R16-T12: bounded K12 vs exact,external_objective_per_active_task,50,R16-T12,CA-HMCD-BoundedK12-Candidate,CA-HMCD-Exact,higher,30,-0.059968228793826704,-0.04148874138396782,-0.01847948740985889,-0.024689366104493227,-0.014019791351580968,"paired BCa bootstrap, 10000 resamples",two-sided paired Wilcoxon signed-rank test,0,2.702369140477986e-06,2.9205943301779423e-05,-1.2472585877269247,-1.0,0.016666666666666666,HiGHS optimal seeds only,16,True
stage3.external_objective_per_active_task.budget_50,R16-T16: bounded K12 vs exact,external_objective_per_active_task,50,R16-T16,CA-HMCD-BoundedK12-Candidate,CA-HMCD-Exact,higher,30,-0.0680161427543426,-0.04562296429495251,-0.022393178459390095,-0.027167048522832235,-0.018254771750686988,"paired BCa bootstrap, 10000 resamples",two-sided paired Wilcoxon signed-rank test,0,1.825371456361214e-06,2.9205943301779423e-05,-1.745232557488046,-1.0,0.0,HiGHS optimal seeds only,16,True
stage3.external_objective_per_active_task.budget_50,R16-T4: bounded K12 vs exact,external_objective_per_active_task,50,R16-T4,CA-HMCD-BoundedK12-Candidate,CA-HMCD-Exact,higher,30,-0.016785778134787606,-0.0124009721454855,-0.004384805989302107,-0.01014315621046953,-0.0019898251303912397,"paired BCa bootstrap, 10000 resamples",two-sided paired Wilcoxon signed-rank test,0,7.62939453125e-06,2.9205943301779423e-05,-0.44363395856025295,-1.0,0.2,HiGHS optimal seeds only,16,True
stage3.external_objective_per_active_task.budget_50,R16-T8: bounded K12 vs exact,external_objective_per_active_task,50,R16-T8,CA-HMCD-BoundedK12-Candidate,CA-HMCD-Exact,higher,30,-0.045578084551474246,-0.032915958985542976,-0.012662125565931269,-0.01837118698942496,-0.008672435160761258,"paired BCa bootstrap, 10000 resamples",two-sided paired Wilcoxon signed-rank test,0,4.003256204905308e-06,2.9205943301779423e-05,-0.9454554132111458,-1.0,0.03333333333333333,HiGHS optimal seeds only,16,True
stage3.external_objective_per_active_task.budget_50,R24-T12: bounded K12 vs exact,external_objective_per_active_task,50,R24-T12,CA-HMCD-BoundedK12-Candidate,CA-HMCD-Exact,higher,30,-0.049748005577569615,-0.024454139397576173,-0.025293866179993442,-0.03159244448990891,-0.019778016528452368,"paired BCa bootstrap, 10000 resamples",two-sided paired Wilcoxon signed-rank test,0,1.825371456361214e-06,2.9205943301779423e-05,-1.5118971078732175,-1.0,0.0,HiGHS optimal seeds only,16,True
stage3.external_objective_per_active_task.budget_50,R24-T16: bounded K12 vs exact,external_objective_per_active_task,50,R24-T16,CA-HMCD-BoundedK12-Candidate,CA-HMCD-Exact,higher,30,-0.05641378959099961,-0.02843863443189369,-0.027975155159105924,-0.03412344737942692,-0.022638236296640205,"paired BCa bootstrap, 10000 resamples",two-sided paired Wilcoxon signed-rank test,0,1.825371456361214e-06,2.9205943301779423e-05,-1.7219390904804743,-1.0,0.0,HiGHS optimal seeds only,16,True
stage3.external_objective_per_active_task.budget_50,R24-T4: bounded K12 vs exact,external_objective_per_active_task,50,R24-T4,CA-HMCD-BoundedK12-Candidate,CA-HMCD-Exact,higher,30,-0.03921006089777254,-0.01658971535584053,-0.022620345541932017,-0.03340095514790102,-0.014652572037390222,"paired BCa bootstrap, 10000 resamples",two-sided paired Wilcoxon signed-rank test,0,1.3070605478013074e-05,2.9205943301779423e-05,-0.868977889259384,-1.0,0.08333333333333333,HiGHS optimal seeds only,16,True
stage3.external_objective_per_active_task.budget_50,R24-T8: bounded K12 vs exact,external_objective_per_active_task,50,R24-T8,CA-HMCD-BoundedK12-Candidate,CA-HMCD-Exact,higher,30,-0.051131950563521406,-0.027845392763014693,-0.023286557800506712,-0.030949312388960322,-0.016349074152456317,"paired BCa bootstrap, 10000 resamples",two-sided paired Wilcoxon signed-rank test,0,1.825371456361214e-06,2.9205943301779423e-05,-1.122227849169947,-1.0,0.0,HiGHS optimal seeds only,16,True
stage3.external_objective_per_active_task.budget_50,R32-T12: bounded K12 vs exact,external_objective_per_active_task,50,R32-T12,CA-HMCD-BoundedK12-Candidate,CA-HMCD-Exact,higher,30,-0.05772429999258692,-0.018013022545830336,-0.03971127744675659,-0.04717774383513663,-0.0330800834870609,"paired BCa bootstrap, 10000 resamples",two-sided paired Wilcoxon signed-rank test,0,1.825371456361214e-06,2.9205943301779423e-05,-1.9846104335158778,-1.0,0.0,HiGHS optimal seeds only,16,True
stage3.external_objective_per_active_task.budget_50,R32-T16: bounded K12 vs exact,external_objective_per_active_task,50,R32-T16,CA-HMCD-BoundedK12-Candidate,CA-HMCD-Exact,higher,30,-0.06181090902618778,-0.02315078648590696,-0.03866012254028082,-0.044349908274895544,-0.03379940224768519,"paired BCa bootstrap, 10000 resamples",two-sided paired Wilcoxon signed-rank test,0,1.825371456361214e-06,2.9205943301779423e-05,-2.5792782297550643,-1.0,0.0,HiGHS optimal seeds only,16,True
stage3.external_objective_per_active_task.budget_50,R32-T4: bounded K12 vs exact,external_objective_per_active_task,50,R32-T4,CA-HMCD-BoundedK12-Candidate,CA-HMCD-Exact,higher,30,-0.04627747621659577,0.009386569833058267,-0.05566404604965404,-0.07064269883166277,-0.04231148284128285,"paired BCa bootstrap, 10000 resamples",two-sided paired Wilcoxon signed-rank test,0,1.825371456361214e-06,2.9205943301779423e-05,-1.383869098116972,-1.0,0.0,HiGHS optimal seeds only,16,True
stage3.external_objective_per_active_task.budget_50,R32-T8: bounded K12 vs exact,external_objective_per_active_task,50,R32-T8,CA-HMCD-BoundedK12-Candidate,CA-HMCD-Exact,higher,30,-0.06116978160984499,-0.016092725215716686,-0.04507705639412831,-0.05564460515179382,-0.0357274896985554,"paired BCa bootstrap, 10000 resamples",two-sided paired Wilcoxon signed-rank test,0,1.825371456361214e-06,2.9205943301779423e-05,-1.607473173580962,-1.0,0.0,HiGHS optimal seeds only,16,True
stage3.independent_service_score.budget_50,R10-T12: bounded K12 vs exact,independent_service_score,50,R10-T12,CA-HMCD-BoundedK12-Candidate,CA-HMCD-Exact,higher,30,0.3269764254038875,0.37396984377737347,-0.046993418373485994,-0.0560050187563085,-0.0391579262227514,"paired BCa bootstrap, 10000 resamples",two-sided paired Wilcoxon signed-rank test,0,1.825371456361214e-06,2.9205943301779423e-05,-1.955184246295976,-1.0,0.0,HiGHS optimal seeds only,16,True
stage3.independent_service_score.budget_50,R10-T16: bounded K12 vs exact,independent_service_score,50,R10-T16,CA-HMCD-BoundedK12-Candidate,CA-HMCD-Exact,higher,30,0.29241901715320406,0.34112510441900784,-0.04870608726580374,-0.05576575842697651,-0.04209120858725277,"paired BCa bootstrap, 10000 resamples",two-sided paired Wilcoxon signed-rank test,0,1.825371456361214e-06,2.9205943301779423e-05,-2.497552362192978,-1.0,0.0,HiGHS optimal seeds only,16,True
stage3.independent_service_score.budget_50,R10-T4: bounded K12 vs exact,independent_service_score,50,R10-T4,CA-HMCD-BoundedK12-Candidate,CA-HMCD-Exact,higher,30,0.4304305241769881,0.4439161471271861,-0.013485622950197972,-0.028378046901980147,-0.003891642665839764,"paired BCa bootstrap, 10000 resamples",two-sided paired Wilcoxon signed-rank test,16.0,0.020263671875,0.020263671875,-0.4011199433741666,-0.6952380952380952,0.36666666666666664,HiGHS optimal seeds only,16,True
stage3.independent_service_score.budget_50,R10-T8: bounded K12 vs exact,independent_service_score,50,R10-T8,CA-HMCD-BoundedK12-Candidate,CA-HMCD-Exact,higher,30,0.36352080689459926,0.40237376363197586,-0.03885295673737656,-0.05080771702527877,-0.028254249892613895,"paired BCa bootstrap, 10000 resamples",two-sided paired Wilcoxon signed-rank test,7.0,8.514819472044845e-06,5.108891683226907e-05,-1.2198611511057695,-0.9655172413793104,0.1,HiGHS optimal seeds only,16,True
stage3.independent_service_score.budget_50,R16-T12: bounded K12 vs exact,independent_service_score,50,R16-T12,CA-HMCD-BoundedK12-Candidate,CA-HMCD-Exact,higher,30,0.34852589713265536,0.4058959240610798,-0.05737002692842446,-0.07142331504928699,-0.04529783922748863,"paired BCa bootstrap, 10000 resamples",two-sided paired Wilcoxon signed-rank test,0,2.702369140477986e-06,2.9205943301779423e-05,-1.547082746997658,-1.0,0.016666666666666666,HiGHS optimal seeds only,16,True
stage3.independent_service_score.budget_50,R16-T16: bounded K12 vs exact,independent_service_score,50,R16-T16,CA-HMCD-BoundedK12-Candidate,CA-HMCD-Exact,higher,30,0.314452182068942,0.38055707290491897,-0.06610489083597701,-0.0747477948127507,-0.056861605064332965,"paired BCa bootstrap, 10000 resamples",two-sided paired Wilcoxon signed-rank test,0,1.825371456361214e-06,2.9205943301779423e-05,-2.5660551240588654,-1.0,0.0,HiGHS optimal seeds only,16,True
stage3.independent_service_score.budget_50,R16-T4: bounded K12 vs exact,independent_service_score,50,R16-T4,CA-HMCD-BoundedK12-Candidate,CA-HMCD-Exact,higher,30,0.4923814502835126,0.5025684997568122,-0.010187049473299572,-0.024142107584631076,-0.0037510122938972856,"paired BCa bootstrap, 10000 resamples",two-sided paired Wilcoxon signed-rank test,5.0,7.62939453125e-05,0.000152587890625,-0.39503467486772953,-0.9415204678362573,0.26666666666666666,HiGHS optimal seeds only,16,True
stage3.independent_service_score.budget_50,R16-T8: bounded K12 vs exact,independent_service_score,50,R16-T8,CA-HMCD-BoundedK12-Candidate,CA-HMCD-Exact,higher,30,0.40034321027933056,0.44001506709376376,-0.03967185681443313,-0.056882470581420964,-0.025246223952011315,"paired BCa bootstrap, 10000 resamples",two-sided paired Wilcoxon signed-rank test,23.0,4.361021089310496e-05,0.00013671992801718734,-0.8904326946663657,-0.8866995073891626,0.13333333333333333,HiGHS optimal seeds only,16,True
stage3.independent_service_score.budget_50,R24-T12: bounded K12 vs exact,independent_service_score,50,R24-T12,CA-HMCD-BoundedK12-Candidate,CA-HMCD-Exact,higher,30,0.3800257053823007,0.4478592494003934,-0.06783354401809273,-0.08385419814761497,-0.052272075204414056,"paired BCa bootstrap, 10000 resamples",two-sided paired Wilcoxon signed-rank test,3.0,2.4753489333888993e-06,2.9205943301779423e-05,-1.5144429418159893,-0.9870967741935484,0.06666666666666667,HiGHS optimal seeds only,16,True
stage3.independent_service_score.budget_50,R24-T16: bounded K12 vs exact,independent_service_score,50,R24-T16,CA-HMCD-BoundedK12-Candidate,CA-HMCD-Exact,higher,30,0.35193470427275847,0.4250227245322372,-0.0730880202594787,-0.08688045741728712,-0.061126109828581444,"paired BCa bootstrap, 10000 resamples",two-sided paired Wilcoxon signed-rank test,0,1.825371456361214e-06,2.9205943301779423e-05,-2.02356247266115,-1.0,0.0,HiGHS optimal seeds only,16,True
stage3.independent_service_score.budget_50,R24-T4: bounded K12 vs exact,independent_service_score,50,R24-T4,CA-HMCD-BoundedK12-Candidate,CA-HMCD-Exact,higher,30,0.4226937039291522,0.4996837227876936,-0.07699001885854141,-0.11802684046183357,-0.049662696211041704,"paired BCa bootstrap, 10000 resamples",two-sided paired Wilcoxon signed-rank test,8.0,3.4179982004296834e-05,0.00013671992801718734,-0.8269392459303477,-0.9507692307692308,0.15,HiGHS optimal seeds only,16,True
stage3.independent_service_score.budget_50,R24-T8: bounded K12 vs exact,independent_service_score,50,R24-T8,CA-HMCD-BoundedK12-Candidate,CA-HMCD-Exact,higher,30,0.38852887626067345,0.4543454219621277,-0.06581654570145423,-0.08960486779458052,-0.04567908922540669,"paired BCa bootstrap, 10000 resamples",two-sided paired Wilcoxon signed-rank test,19.0,1.181053559181823e-05,5.9052677959091146e-05,-1.0662316983510087,-0.9182795698924732,0.1,HiGHS optimal seeds only,16,True
stage3.independent_service_score.budget_50,R32-T12: bounded K12 vs exact,independent_service_score,50,R32-T12,CA-HMCD-BoundedK12-Candidate,CA-HMCD-Exact,higher,30,0.3691083702200455,0.47345412603309717,-0.10434575581305167,-0.12259124089069871,-0.087966137320269,"paired BCa bootstrap, 10000 resamples",two-sided paired Wilcoxon signed-rank test,0,1.825371456361214e-06,2.9205943301779423e-05,-2.1394753952613774,-1.0,0.0,HiGHS optimal seeds only,16,True
stage3.independent_service_score.budget_50,R32-T16: bounded K12 vs exact,independent_service_score,50,R32-T16,CA-HMCD-BoundedK12-Candidate,CA-HMCD-Exact,higher,30,0.35414548909809285,0.4539973949152541,-0.09985190581716122,-0.11514237261040405,-0.08951561427672124,"paired BCa bootstrap, 10000 resamples",two-sided paired Wilcoxon signed-rank test,0,1.825371456361214e-06,2.9205943301779423e-05,-2.864441391933512,-1.0,0.0,HiGHS optimal seeds only,16,True
stage3.independent_service_score.budget_50,R32-T4: bounded K12 vs exact,independent_service_score,50,R32-T4,CA-HMCD-BoundedK12-Candidate,CA-HMCD-Exact,higher,30,0.3869345682381192,0.5523736762640818,-0.16543910802596257,-0.21373553953799343,-0.12262193381959755,"paired BCa bootstrap, 10000 resamples",two-sided paired Wilcoxon signed-rank test,2.0,2.237270713350812e-06,2.9205943301779423e-05,-1.2902964720447936,-0.9913978494623656,0.03333333333333333,HiGHS optimal seeds only,16,True
stage3.independent_service_score.budget_50,R32-T8: bounded K12 vs exact,independent_service_score,50,R32-T8,CA-HMCD-BoundedK12-Candidate,CA-HMCD-Exact,higher,30,0.36682350155554977,0.4839334440009748,-0.1171099424454251,-0.14354571636342095,-0.0934444720830308,"paired BCa bootstrap, 10000 resamples",two-sided paired Wilcoxon signed-rank test,0,1.825371456361214e-06,2.9205943301779423e-05,-1.6520048084452144,-1.0,0.0,HiGHS optimal seeds only,16,True
stage3.independent_coverage.budget_50,R10-T12: bounded K12 vs exact,independent_coverage,50,R10-T12,CA-HMCD-BoundedK12-Candidate,CA-HMCD-Exact,higher,30,0.3638888888888889,0.5055555555555556,-0.1416666666666667,-0.175,-0.11111111111111113,"paired BCa bootstrap, 10000 resamples",two-sided paired Wilcoxon signed-rank test,0,4.3310553980595194e-06,4.331055398059519e-05,-1.6108186869121128,-1.0,0.05,HiGHS optimal seeds only,16,True
stage3.independent_coverage.budget_50,R10-T16: bounded K12 vs exact,independent_coverage,50,R10-T16,CA-HMCD-BoundedK12-Candidate,CA-HMCD-Exact,higher,30,0.2916666666666667,0.4479166666666667,-0.15625,-0.18333333333333332,-0.12916666666666668,"paired BCa bootstrap, 10000 resamples",two-sided paired Wilcoxon signed-rank test,0,2.9532454880081444e-06,3.543894585609773e-05,-2.089849248036344,-1.0,0.03333333333333333,HiGHS optimal seeds only,16,True
stage3.independent_coverage.budget_50,R10-T4: bounded K12 vs exact,independent_coverage,50,R10-T4,CA-HMCD-BoundedK12-Candidate,CA-HMCD-Exact,higher,30,0.5416666666666666,0.5666666666666667,-0.025,-0.06666666666666667,0.008333333333333333,"paired BCa bootstrap, 10000 resamples",two-sided paired Wilcoxon signed-rank test,3.0,0.375,0.75,-0.24839912974802164,-0.6,0.45,HiGHS optimal seeds only,16,False
stage3.independent_coverage.budget_50,R10-T8: bounded K12 vs exact,independent_coverage,50,R10-T8,CA-HMCD-BoundedK12-Candidate,CA-HMCD-Exact,higher,30,0.42083333333333334,0.5291666666666667,-0.10833333333333334,-0.14583333333333334,-0.07916666666666666,"paired BCa bootstrap, 10000 resamples",two-sided paired Wilcoxon signed-rank test,0,1.9073486328125e-06,2.86102294921875e-05,-1.1167245816890576,-1.0,0.16666666666666666,HiGHS optimal seeds only,16,True
stage3.independent_coverage.budget_50,R16-T12: bounded K12 vs exact,independent_coverage,50,R16-T12,CA-HMCD-BoundedK12-Candidate,CA-HMCD-Exact,higher,30,0.39166666666666666,0.5416666666666666,-0.15,-0.19166666666666668,-0.11388888888888889,"paired BCa bootstrap, 10000 resamples",two-sided paired Wilcoxon signed-rank test,0,1.0697899566855175e-05,8.367600068229603e-05,-1.3339960474249744,-1.0,0.08333333333333333,HiGHS optimal seeds only,16,True
stage3.independent_coverage.budget_50,R16-T16: bounded K12 vs exact,independent_coverage,50,R16-T16,CA-HMCD-BoundedK12-Candidate,CA-HMCD-Exact,higher,30,0.325,0.5,-0.175,-0.20208333333333334,-0.14583333333333334,"paired BCa bootstrap, 10000 resamples",two-sided paired Wilcoxon signed-rank test,0,2.219118866853395e-06,2.9240354545910437e-05,-2.20411425704741,-1.0,0.016666666666666666,HiGHS optimal seeds only,16,True
stage3.independent_coverage.budget_50,R16-T4: bounded K12 vs exact,independent_coverage,50,R16-T4,CA-HMCD-BoundedK12-Candidate,CA-HMCD-Exact,higher,30,0.6583333333333333,0.675,-0.016666666666666666,-0.05,0.0,"paired BCa bootstrap, 10000 resamples",two-sided paired Wilcoxon signed-rank test,0,0.5,0.75,-0.2627691364061218,-1.0,0.4666666666666667,HiGHS optimal seeds only,16,False
stage3.independent_coverage.budget_50,R16-T8: bounded K12 vs exact,independent_coverage,50,R16-T8,CA-HMCD-BoundedK12-Candidate,CA-HMCD-Exact,higher,30,0.4875,0.5791666666666667,-0.09166666666666666,-0.1375,-0.05416666666666667,"paired BCa bootstrap, 10000 resamples",two-sided paired Wilcoxon signed-rank test,5.5,0.000335693359375,0.001007080078125,-0.7480970009343825,-0.9191176470588235,0.26666666666666666,HiGHS optimal seeds only,16,True
stage3.independent_coverage.budget_50,R24-T12: bounded K12 vs exact,independent_coverage,50,R24-T12,CA-HMCD-BoundedK12-Candidate,CA-HMCD-Exact,higher,30,0.43333333333333335,0.586111111111111,-0.1527777777777778,-0.19166666666666668,-0.11666666666666667,"paired BCa bootstrap, 10000 resamples",two-sided paired Wilcoxon signed-rank test,0,1.0459500085287004e-05,8.367600068229603e-05,-1.4225486817745305,-1.0,0.08333333333333333,HiGHS optimal seeds only,16,True
stage3.independent_coverage.budget_50,R24-T16: bounded K12 vs exact,independent_coverage,50,R24-T16,CA-HMCD-BoundedK12-Candidate,CA-HMCD-Exact,higher,30,0.3770833333333333,0.5541666666666667,-0.17708333333333334,-0.21250000000000002,-0.14791666666666667,"paired BCa bootstrap, 10000 resamples",two-sided paired Wilcoxon signed-rank test,0,2.088596753279317e-06,2.9240354545910437e-05,-1.9047673160096297,-1.0,0.016666666666666666,HiGHS optimal seeds only,16,True
stage3.independent_coverage.budget_50,R24-T4: bounded K12 vs exact,independent_coverage,50,R24-T4,CA-HMCD-BoundedK12-Candidate,CA-HMCD-Exact,higher,30,0.5083333333333333,0.6583333333333333,-0.15,-0.21666666666666667,-0.09166666666666666,"paired BCa bootstrap, 10000 resamples",two-sided paired Wilcoxon signed-rank test,0,6.103515625e-05,0.000244140625,-0.8893306982833162,-1.0,0.25,HiGHS optimal seeds only,16,True
stage3.independent_coverage.budget_50,R24-T8: bounded K12 vs exact,independent_coverage,50,R24-T8,CA-HMCD-BoundedK12-Candidate,CA-HMCD-Exact,higher,30,0.44583333333333336,0.5833333333333334,-0.1375,-0.1875,-0.09583333333333334,"paired BCa bootstrap, 10000 resamples",two-sided paired Wilcoxon signed-rank test,8.0,4.540365664545538e-05,0.00022701828322727692,-1.0358999396733697,-0.9420289855072463,0.15,HiGHS optimal seeds only,16,True
stage3.independent_coverage.budget_50,R32-T12: bounded K12 vs exact,independent_coverage,50,R32-T12,CA-HMCD-BoundedK12-Candidate,CA-HMCD-Exact,higher,30,0.40555555555555556,0.611111111111111,-0.20555555555555557,-0.24166666666666667,-0.16944444444444445,"paired BCa bootstrap, 10000 resamples",two-sided paired Wilcoxon signed-rank test,0,3.2857118377529024e-06,3.6142830215281925e-05,-2.014797000435834,-1.0,0.03333333333333333,HiGHS optimal seeds only,16,True
stage3.independent_coverage.budget_50,R32-T16: bounded K12 vs exact,independent_coverage,50,R32-T16,CA-HMCD-BoundedK12-Candidate,CA-HMCD-Exact,higher,30,0.38333333333333336,0.6020833333333333,-0.21875,-0.2520833333333333,-0.19583333333333333,"paired BCa bootstrap, 10000 resamples",two-sided paired Wilcoxon signed-rank test,0,1.4345381592851274e-06,2.295261054856204e-05,-2.734766419353041,-1.0,0.0,HiGHS optimal seeds only,16,True
stage3.independent_coverage.budget_50,R32-T4: bounded K12 vs exact,independent_coverage,50,R32-T4,CA-HMCD-BoundedK12-Candidate,CA-HMCD-Exact,higher,30,0.44166666666666665,0.725,-0.2833333333333333,-0.36666666666666664,-0.20833333333333334,"paired BCa bootstrap, 10000 resamples",two-sided paired Wilcoxon signed-rank test,0,2.735112178348889e-05,0.00016410673070093332,-1.2598851559013649,-1.0,0.13333333333333333,HiGHS optimal seeds only,16,True
stage3.independent_coverage.budget_50,R32-T8: bounded K12 vs exact,independent_coverage,50,R32-T8,CA-HMCD-BoundedK12-Candidate,CA-HMCD-Exact,higher,30,0.3958333333333333,0.6125,-0.21666666666666667,-0.26666666666666666,-0.175,"paired BCa bootstrap, 10000 resamples",two-sided paired Wilcoxon signed-rank test,0,5.597403044914001e-06,5.0376627404226005e-05,-1.60396490362897,-1.0,0.06666666666666667,HiGHS optimal seeds only,16,True
stage3.decision_runtime_ms.budget_50,R10-T12: bounded K12 vs exact,decision_runtime_ms,50,R10-T12,CA-HMCD-BoundedK12-Candidate,CA-HMCD-Exact,lower,30,191.3685333332372,92.37472666676088,98.9938066664763,85.26566056834747,113.91509744371791,"paired BCa bootstrap, 10000 resamples",two-sided paired Wilcoxon signed-rank test,0,1.825371456361214e-06,2.9205943301779423e-05,2.405871807465368,1.0,0.0,all paired seeds,16,True
stage3.decision_runtime_ms.budget_50,R10-T16: bounded K12 vs exact,decision_runtime_ms,50,R10-T16,CA-HMCD-BoundedK12-Candidate,CA-HMCD-Exact,lower,30,266.4164766665029,124.65511666662981,141.7613599998731,124.4327702267759,159.14741327959007,"paired BCa bootstrap, 10000 resamples",two-sided paired Wilcoxon signed-rank test,0,1.825371456361214e-06,2.9205943301779423e-05,2.8565678643836536,1.0,0.0,all paired seeds,16,True
stage3.decision_runtime_ms.budget_50,R10-T4: bounded K12 vs exact,decision_runtime_ms,50,R10-T4,CA-HMCD-BoundedK12-Candidate,CA-HMCD-Exact,lower,30,61.65868666673001,36.46978333345032,25.188903333279693,13.9029283186242,34.49506418142893,"paired BCa bootstrap, 10000 resamples",two-sided paired Wilcoxon signed-rank test,48.0,0.00015397181680567283,0.0007698590840283641,0.8683095701627853,0.7935483870967742,0.1,all paired seeds,16,True
stage3.decision_runtime_ms.budget_50,R10-T8: bounded K12 vs exact,decision_runtime_ms,50,R10-T8,CA-HMCD-BoundedK12-Candidate,CA-HMCD-Exact,lower,30,124.64388666655093,57.15036000007482,67.4935266664761,55.89216251589962,80.15500609458394,"paired BCa bootstrap, 10000 resamples",two-sided paired Wilcoxon signed-rank test,0,1.825371456361214e-06,2.9205943301779423e-05,1.9659365486983553,1.0,0.0,all paired seeds,16,True
stage3.decision_runtime_ms.budget_50,R16-T12: bounded K12 vs exact,decision_runtime_ms,50,R16-T12,CA-HMCD-BoundedK12-Candidate,CA-HMCD-Exact,lower,30,2143.6936833331856,312.92957000005117,1830.7641133331344,1604.774264955545,2092.323562503854,"paired BCa bootstrap, 10000 resamples",two-sided paired Wilcoxon signed-rank test,0,1.825371456361214e-06,2.9205943301779423e-05,2.6098362514490097,1.0,0.0,all paired seeds,16,True
stage3.decision_runtime_ms.budget_50,R16-T16: bounded K12 vs exact,decision_runtime_ms,50,R16-T16,CA-HMCD-BoundedK12-Candidate,CA-HMCD-Exact,lower,30,2635.1997766664986,393.08621333342063,2242.1135633330778,1996.7491959672147,2508.786057110763,"paired BCa bootstrap, 10000 resamples",two-sided paired Wilcoxon signed-rank test,0,1.825371456361214e-06,2.9205943301779423e-05,3.035976173543851,1.0,0.0,all paired seeds,16,True
stage3.decision_runtime_ms.budget_50,R16-T4: bounded K12 vs exact,decision_runtime_ms,50,R16-T4,CA-HMCD-BoundedK12-Candidate,CA-HMCD-Exact,lower,30,668.6346099999355,108.18492333334386,560.4496866665917,444.78766434328935,676.7983269963761,"paired BCa bootstrap, 10000 resamples",two-sided paired Wilcoxon signed-rank test,1.0,2.0212661161444017e-06,2.9205943301779423e-05,1.7002433167990212,0.9956989247311828,0.03333333333333333,all paired seeds,16,True
stage3.decision_runtime_ms.budget_50,R16-T8: bounded K12 vs exact,decision_runtime_ms,50,R16-T8,CA-HMCD-BoundedK12-Candidate,CA-HMCD-Exact,lower,30,1303.8659866667028,192.47770333313383,1111.388283333569,957.290366564066,1260.330208685907,"paired BCa bootstrap, 10000 resamples",two-sided paired Wilcoxon signed-rank test,0,1.825371456361214e-06,2.9205943301779423e-05,2.5750553912302405,1.0,0.0,all paired seeds,16,True
stage3.decision_runtime_ms.budget_50,R24-T12: bounded K12 vs exact,decision_runtime_ms,50,R24-T12,CA-HMCD-BoundedK12-Candidate,CA-HMCD-Exact,lower,30,994.329136666723,1049.0451466665643,-54.71600999984124,-153.0210991925988,49.98287998719712,"paired BCa bootstrap, 10000 resamples",two-sided paired Wilcoxon signed-rank test,185.0,0.3336880517072683,0.3336880517072683,-0.1887462270805573,-0.20430107526881722,0.6333333333333333,all paired seeds,16,False
stage3.decision_runtime_ms.budget_50,R24-T16: bounded K12 vs exact,decision_runtime_ms,50,R24-T16,CA-HMCD-BoundedK12-Candidate,CA-HMCD-Exact,lower,30,1226.4378166666575,1382.7739933333457,-156.3361766666882,-254.25110822169205,-49.515527038266896,"paired BCa bootstrap, 10000 resamples",two-sided paired Wilcoxon signed-rank test,107.0,0.010139290676148646,0.040557162704594585,-0.5430102321609771,-0.5397849462365591,0.7,all paired seeds,16,True
stage3.decision_runtime_ms.budget_50,R24-T4: bounded K12 vs exact,decision_runtime_ms,50,R24-T4,CA-HMCD-BoundedK12-Candidate,CA-HMCD-Exact,lower,30,272.96316666688654,334.2225600001863,-61.25939333329976,-118.01893132688761,7.362882205899568,"paired BCa bootstrap, 10000 resamples",two-sided paired Wilcoxon signed-rank test,138.0,0.0531839994705222,0.1063679989410444,-0.3491703767884018,-0.4064516129032258,0.6666666666666666,all paired seeds,16,False
stage3.decision_runtime_ms.budget_50,R24-T8: bounded K12 vs exact,decision_runtime_ms,50,R24-T8,CA-HMCD-BoundedK12-Candidate,CA-HMCD-Exact,lower,30,538.4514633332705,645.7806766666787,-107.3292133334083,-193.3944294442862,-12.022683209452873,"paired BCa bootstrap, 10000 resamples",two-sided paired Wilcoxon signed-rank test,125.0,0.027749313697886403,0.08324794109365921,-0.41431435362395,-0.46236559139784944,0.7,all paired seeds,16,False
stage3.decision_runtime_ms.budget_50,R32-T12: bounded K12 vs exact,decision_runtime_ms,50,R32-T12,CA-HMCD-BoundedK12-Candidate,CA-HMCD-Exact,lower,30,1112.4012400000236,2643.799056666709,-1531.3978166666857,-1641.377854903072,-1414.7929154591782,"paired BCa bootstrap, 10000 resamples",two-sided paired Wilcoxon signed-rank test,0,1.825371456361214e-06,2.9205943301779423e-05,-4.686706370712536,-1.0,1.0,all paired seeds,16,True
stage3.decision_runtime_ms.budget_50,R32-T16: bounded K12 vs exact,decision_runtime_ms,50,R32-T16,CA-HMCD-BoundedK12-Candidate,CA-HMCD-Exact,lower,30,1336.2111033335168,3336.3241133328606,-2000.1130099993436,-2119.1595448934754,-1898.3952841287992,"paired BCa bootstrap, 10000 resamples",two-sided paired Wilcoxon signed-rank test,0,1.825371456361214e-06,2.9205943301779423e-05,-6.36959428138998,-1.0,1.0,all paired seeds,16,True
stage3.decision_runtime_ms.budget_50,R32-T4: bounded K12 vs exact,decision_runtime_ms,50,R32-T4,CA-HMCD-BoundedK12-Candidate,CA-HMCD-Exact,lower,30,301.6243066664174,850.9910899999037,-549.3667833334863,-611.6164209985363,-481.7184108022268,"paired BCa bootstrap, 10000 resamples",two-sided paired Wilcoxon signed-rank test,0,1.825371456361214e-06,2.9205943301779423e-05,-2.977094375044544,-1.0,1.0,all paired seeds,16,True
stage3.decision_runtime_ms.budget_50,R32-T8: bounded K12 vs exact,decision_runtime_ms,50,R32-T8,CA-HMCD-BoundedK12-Candidate,CA-HMCD-Exact,lower,30,617.0624766666757,1662.461993333333,-1045.3995166666573,-1124.878052583263,-963.1594096813187,"paired BCa bootstrap, 10000 resamples",two-sided paired Wilcoxon signed-rank test,0,1.825371456361214e-06,2.9205943301779423e-05,-4.519591812857376,-1.0,1.0,all paired seeds,16,True
stage3.candidate_after_diversity.budget_50,R10-T12: bounded K12 vs exact,candidate_after_diversity,50,R10-T12,CA-HMCD-BoundedK12-Candidate,CA-HMCD-Exact,lower,30,88.73333333333333,757.4666666666667,-668.7333333333333,-725.3223951154201,-612.2072848425644,"paired BCa bootstrap, 10000 resamples",two-sided paired Wilcoxon signed-rank test,0,1.8230851402174482e-06,2.885996381526209e-05,-4.1426409848056345,-1.0,1.0,all paired seeds,16,True
stage3.candidate_after_diversity.budget_50,R10-T16: bounded K12 vs exact,candidate_after_diversity,50,R10-T16,CA-HMCD-BoundedK12-Candidate,CA-HMCD-Exact,lower,30,118.46666666666667,1010.0666666666667,-891.6,-967.7065149262796,-815.9857542296099,"paired BCa bootstrap, 10000 resamples",two-sided paired Wilcoxon signed-rank test,0,1.825371456361214e-06,2.885996381526209e-05,-4.110543851358838,-1.0,1.0,all paired seeds,16,True
stage3.candidate_after_diversity.budget_50,R10-T4: bounded K12 vs exact,candidate_after_diversity,50,R10-T4,CA-HMCD-BoundedK12-Candidate,CA-HMCD-Exact,lower,30,29.0,246.1,-217.1,-259.8809932458672,-178.38785973290652,"paired BCa bootstrap, 10000 resamples",two-sided paired Wilcoxon signed-rank test,0,1.8037477384538806e-06,2.885996381526209e-05,-1.8858658838476672,-1.0,1.0,all paired seeds,16,True
stage3.candidate_after_diversity.budget_50,R10-T8: bounded K12 vs exact,candidate_after_diversity,50,R10-T8,CA-HMCD-BoundedK12-Candidate,CA-HMCD-Exact,lower,30,58.46666666666667,484.93333333333334,-426.46666666666664,-481.55131568945694,-373.96666666666664,"paired BCa bootstrap, 10000 resamples",two-sided paired Wilcoxon signed-rank test,0,1.821942878390675e-06,2.885996381526209e-05,-2.7883570449211392,-1.0,1.0,all paired seeds,16,True
stage3.candidate_after_diversity.budget_50,R16-T12: bounded K12 vs exact,candidate_after_diversity,50,R16-T12,CA-HMCD-BoundedK12-Candidate,CA-HMCD-Exact,lower,30,92.33333333333333,2905.8333333333335,-2813.5,-3087.448368787054,-2552.6604571654652,"paired BCa bootstrap, 10000 resamples",two-sided paired Wilcoxon signed-rank test,0,1.8242279994594843e-06,2.885996381526209e-05,-3.6773543593726603,-1.0,1.0,all paired seeds,16,True
stage3.candidate_after_diversity.budget_50,R16-T16: bounded K12 vs exact,candidate_after_diversity,50,R16-T16,CA-HMCD-BoundedK12-Candidate,CA-HMCD-Exact,lower,30,123.66666666666667,3851.9666666666667,-3728.3,-4064.1394375017217,-3399.258996984976,"paired BCa bootstrap, 10000 resamples",two-sided paired Wilcoxon signed-rank test,0,1.825371456361214e-06,2.885996381526209e-05,-3.9118947028362645,-1.0,1.0,all paired seeds,16,True
stage3.candidate_after_diversity.budget_50,R16-T4: bounded K12 vs exact,candidate_after_diversity,50,R16-T4,CA-HMCD-BoundedK12-Candidate,CA-HMCD-Exact,lower,30,33.733333333333334,997.3,-963.5666666666667,-1117.1333333333334,-812.3978879916439,"paired BCa bootstrap, 10000 resamples",two-sided paired Wilcoxon signed-rank test,0,1.8185196749587962e-06,2.885996381526209e-05,-2.2001201775695183,-1.0,1.0,all paired seeds,16,True
stage3.candidate_after_diversity.budget_50,R16-T8: bounded K12 vs exact,candidate_after_diversity,50,R16-T8,CA-HMCD-BoundedK12-Candidate,CA-HMCD-Exact,lower,30,63.43333333333333,1919.7333333333333,-1856.3,-2044.0834391502235,-1638.620410551097,"paired BCa bootstrap, 10000 resamples",two-sided paired Wilcoxon signed-rank test,0,1.825371456361214e-06,2.885996381526209e-05,-3.2763523642605734,-1.0,1.0,all paired seeds,16,True
stage3.candidate_after_diversity.budget_50,R24-T12: bounded K12 vs exact,candidate_after_diversity,50,R24-T12,CA-HMCD-BoundedK12-Candidate,CA-HMCD-Exact,lower,30,80.63333333333334,9630.966666666667,-9550.333333333334,-10533.000324767776,-8404.437469670045,"paired BCa bootstrap, 10000 resamples",two-sided paired Wilcoxon signed-rank test,0,1.825371456361214e-06,2.885996381526209e-05,-3.137744438932119,-1.0,1.0,all paired seeds,16,True
stage3.candidate_after_diversity.budget_50,R24-T16: bounded K12 vs exact,candidate_after_diversity,50,R24-T16,CA-HMCD-BoundedK12-Candidate,CA-HMCD-Exact,lower,30,108.36666666666666,12428.066666666668,-12319.7,-13305.478154208668,-11262.221471983019,"paired BCa bootstrap, 10000 resamples",two-sided paired Wilcoxon signed-rank test,0,1.825371456361214e-06,2.885996381526209e-05,-4.236034281777371,-1.0,1.0,all paired seeds,16,True
stage3.candidate_after_diversity.budget_50,R24-T4: bounded K12 vs exact,candidate_after_diversity,50,R24-T4,CA-HMCD-BoundedK12-Candidate,CA-HMCD-Exact,lower,30,26.466666666666665,3047.7,-3021.233333333333,-3617.7814288310055,-2423.952223476222,"paired BCa bootstrap, 10000 resamples",two-sided paired Wilcoxon signed-rank test,0,1.825371456361214e-06,2.885996381526209e-05,-1.8008661488615643,-1.0,1.0,all paired seeds,16,True
stage3.candidate_after_diversity.budget_50,R24-T8: bounded K12 vs exact,candidate_after_diversity,50,R24-T8,CA-HMCD-BoundedK12-Candidate,CA-HMCD-Exact,lower,30,51.266666666666666,5875.833333333333,-5824.566666666667,-6692.92007829285,-4961.843103625404,"paired BCa bootstrap, 10000 resamples",two-sided paired Wilcoxon signed-rank test,0,1.825371456361214e-06,2.885996381526209e-05,-2.3684481726870605,-1.0,1.0,all paired seeds,16,True
stage3.candidate_after_diversity.budget_50,R32-T12: bounded K12 vs exact,candidate_after_diversity,50,R32-T12,CA-HMCD-BoundedK12-Candidate,CA-HMCD-Exact,lower,30,70.2,23865.2,-23795.0,-25921.58886430102,-21550.951183371377,"paired BCa bootstrap, 10000 resamples",two-sided paired Wilcoxon signed-rank test,0,1.825371456361214e-06,2.885996381526209e-05,-3.880737848755907,-1.0,1.0,all paired seeds,16,True
stage3.candidate_after_diversity.budget_50,R32-T16: bounded K12 vs exact,candidate_after_diversity,50,R32-T16,CA-HMCD-BoundedK12-Candidate,CA-HMCD-Exact,lower,30,93.0,31457.633333333335,-31364.633333333335,-34003.364962620195,-28489.77407543305,"paired BCa bootstrap, 10000 resamples",two-sided paired Wilcoxon signed-rank test,0,1.825371456361214e-06,2.885996381526209e-05,-3.9718598655979847,-1.0,1.0,all paired seeds,16,True
stage3.candidate_after_diversity.budget_50,R32-T4: bounded K12 vs exact,candidate_after_diversity,50,R32-T4,CA-HMCD-BoundedK12-Candidate,CA-HMCD-Exact,lower,30,21.733333333333334,7619.7,-7597.966666666666,-8929.740744507313,-6338.754765862865,"paired BCa bootstrap, 10000 resamples",two-sided paired Wilcoxon signed-rank test,0,1.8242279994594843e-06,2.885996381526209e-05,-2.059310902486561,-1.0,1.0,all paired seeds,16,True
stage3.candidate_after_diversity.budget_50,R32-T8: bounded K12 vs exact,candidate_after_diversity,50,R32-T8,CA-HMCD-BoundedK12-Candidate,CA-HMCD-Exact,lower,30,42.63333333333333,14820.966666666667,-14778.333333333334,-16425.066666666666,-12980.795754369043,"paired BCa bootstrap, 10000 resamples",two-sided paired Wilcoxon signed-rank test,0,1.8242279994594843e-06,2.885996381526209e-05,-3.049835438109663,-1.0,1.0,all paired seeds,16,True
stage3.nodes.budget_50,R10-T12: bounded K12 vs exact,nodes,50,R10-T12,CA-HMCD-BoundedK12-Candidate,CA-HMCD-Exact,lower,30,0.0,1.0,-1.0,-1.0,-1.0,"paired BCa bootstrap, 10000 resamples",two-sided paired Wilcoxon signed-rank test,0,4.617427956906448e-08,7.387884731050317e-07,0.0,-1.0,1.0,all paired seeds,16,True
stage3.nodes.budget_50,R10-T16: bounded K12 vs exact,nodes,50,R10-T16,CA-HMCD-BoundedK12-Candidate,CA-HMCD-Exact,lower,30,0.0,1.0,-1.0,-1.0,-1.0,"paired BCa bootstrap, 10000 resamples",two-sided paired Wilcoxon signed-rank test,0,4.617427956906448e-08,7.387884731050317e-07,0.0,-1.0,1.0,all paired seeds,16,True
stage3.nodes.budget_50,R10-T4: bounded K12 vs exact,nodes,50,R10-T4,CA-HMCD-BoundedK12-Candidate,CA-HMCD-Exact,lower,30,55.166666666666664,0.8,54.36666666666667,25.866666666666667,110.0273353456704,"paired BCa bootstrap, 10000 resamples",two-sided paired Wilcoxon signed-rank test,120.0,0.0929446791169094,0.1858893582338188,0.4924765435488747,0.36507936507936506,0.55,all paired seeds,16,False
stage3.nodes.budget_50,R10-T8: bounded K12 vs exact,nodes,50,R10-T8,CA-HMCD-BoundedK12-Candidate,CA-HMCD-Exact,lower,30,0.0,1.0,-1.0,-1.0,-1.0,"paired BCa bootstrap, 10000 resamples",two-sided paired Wilcoxon signed-rank test,0,4.617427956906448e-08,7.387884731050317e-07,0.0,-1.0,1.0,all paired seeds,16,True
stage3.nodes.budget_50,R16-T12: bounded K12 vs exact,nodes,50,R16-T12,CA-HMCD-BoundedK12-Candidate,CA-HMCD-Exact,lower,30,0.0,1.0,-1.0,-1.0,-1.0,"paired BCa bootstrap, 10000 resamples",two-sided paired Wilcoxon signed-rank test,0,4.617427956906448e-08,7.387884731050317e-07,0.0,-1.0,1.0,all paired seeds,16,True
stage3.nodes.budget_50,R16-T16: bounded K12 vs exact,nodes,50,R16-T16,CA-HMCD-BoundedK12-Candidate,CA-HMCD-Exact,lower,30,0.0,1.0,-1.0,-1.0,-1.0,"paired BCa bootstrap, 10000 resamples",two-sided paired Wilcoxon signed-rank test,0,4.617427956906448e-08,7.387884731050317e-07,0.0,-1.0,1.0,all paired seeds,16,True
stage3.nodes.budget_50,R16-T4: bounded K12 vs exact,nodes,50,R16-T4,CA-HMCD-BoundedK12-Candidate,CA-HMCD-Exact,lower,30,0.0,1.0,-1.0,-1.0,-1.0,"paired BCa bootstrap, 10000 resamples",two-sided paired Wilcoxon signed-rank test,0,4.617427956906448e-08,7.387884731050317e-07,0.0,-1.0,1.0,all paired seeds,16,True
stage3.nodes.budget_50,R16-T8: bounded K12 vs exact,nodes,50,R16-T8,CA-HMCD-BoundedK12-Candidate,CA-HMCD-Exact,lower,30,0.0,1.0,-1.0,-1.0,-1.0,"paired BCa bootstrap, 10000 resamples",two-sided paired Wilcoxon signed-rank test,0,4.617427956906448e-08,7.387884731050317e-07,0.0,-1.0,1.0,all paired seeds,16,True
stage3.nodes.budget_50,R24-T12: bounded K12 vs exact,nodes,50,R24-T12,CA-HMCD-BoundedK12-Candidate,CA-HMCD-Exact,lower,30,0.0,1.0,-1.0,-1.0,-1.0,"paired BCa bootstrap, 10000 resamples",two-sided paired Wilcoxon signed-rank test,0,4.617427956906448e-08,7.387884731050317e-07,0.0,-1.0,1.0,all paired seeds,16,True
stage3.nodes.budget_50,R24-T16: bounded K12 vs exact,nodes,50,R24-T16,CA-HMCD-BoundedK12-Candidate,CA-HMCD-Exact,lower,30,0.0,1.0,-1.0,-1.0,-1.0,"paired BCa bootstrap, 10000 resamples",two-sided paired Wilcoxon signed-rank test,0,4.617427956906448e-08,7.387884731050317e-07,0.0,-1.0,1.0,all paired seeds,16,True
stage3.nodes.budget_50,R24-T4: bounded K12 vs exact,nodes,50,R24-T4,CA-HMCD-BoundedK12-Candidate,CA-HMCD-Exact,lower,30,1.2666666666666666,0.9666666666666667,0.3,-1.0,5.5,"paired BCa bootstrap, 10000 resamples",two-sided paired Wilcoxon signed-rank test,30.0,2.752262998349333e-06,8.256788995048e-06,0.04213250442347431,-0.8709677419354839,0.9666666666666667,all paired seeds,16,True
stage3.nodes.budget_50,R24-T8: bounded K12 vs exact,nodes,50,R24-T8,CA-HMCD-BoundedK12-Candidate,CA-HMCD-Exact,lower,30,0.0,1.0,-1.0,-1.0,-1.0,"paired BCa bootstrap, 10000 resamples",two-sided paired Wilcoxon signed-rank test,0,4.617427956906448e-08,7.387884731050317e-07,0.0,-1.0,1.0,all paired seeds,16,True
stage3.nodes.budget_50,R32-T12: bounded K12 vs exact,nodes,50,R32-T12,CA-HMCD-BoundedK12-Candidate,CA-HMCD-Exact,lower,30,0.0,1.0,-1.0,-1.0,-1.0,"paired BCa bootstrap, 10000 resamples",two-sided paired Wilcoxon signed-rank test,0,4.617427956906448e-08,7.387884731050317e-07,0.0,-1.0,1.0,all paired seeds,16,True
stage3.nodes.budget_50,R32-T16: bounded K12 vs exact,nodes,50,R32-T16,CA-HMCD-BoundedK12-Candidate,CA-HMCD-Exact,lower,30,0.0,1.0,-1.0,-1.0,-1.0,"paired BCa bootstrap, 10000 resamples",two-sided paired Wilcoxon signed-rank test,0,4.617427956906448e-08,7.387884731050317e-07,0.0,-1.0,1.0,all paired seeds,16,True
stage3.nodes.budget_50,R32-T4: bounded K12 vs exact,nodes,50,R32-T4,CA-HMCD-BoundedK12-Candidate,CA-HMCD-Exact,lower,30,2.6666666666666665,0.8666666666666667,1.8,0.06666666666666667,5.433333333333334,"paired BCa bootstrap, 10000 resamples",two-sided paired Wilcoxon signed-rank test,147.0,0.29025570201191864,0.29025570201191864,0.26511743273845884,-0.2222222222222222,0.75,all paired seeds,16,False
stage3.nodes.budget_50,R32-T8: bounded K12 vs exact,nodes,50,R32-T8,CA-HMCD-BoundedK12-Candidate,CA-HMCD-Exact,lower,30,0.0,0.9666666666666667,-0.9666666666666667,-1.0,-0.8333333333333334,"paired BCa bootstrap, 10000 resamples",two-sided paired Wilcoxon signed-rank test,0,7.752970071781925e-08,7.387884731050317e-07,-5.2946513892166065,-1.0,0.9833333333333333,all paired seeds,16,True
stage3.fallback.budget_50,R10-T12: bounded K12 vs exact,fallback,50,R10-T12,CA-HMCD-BoundedK12-Candidate,CA-HMCD-Exact,lower,30,1.0,0.0,1.0,1.0,1.0,"paired BCa bootstrap, 10000 resamples",two-sided paired Wilcoxon signed-rank test,0,4.617427956906448e-08,7.387884731050317e-07,0.0,1.0,0.0,all paired seeds,16,True
stage3.fallback.budget_50,R10-T16: bounded K12 vs exact,fallback,50,R10-T16,CA-HMCD-BoundedK12-Candidate,CA-HMCD-Exact,lower,30,1.0,0.0,1.0,1.0,1.0,"paired BCa bootstrap, 10000 resamples",two-sided paired Wilcoxon signed-rank test,0,4.617427956906448e-08,7.387884731050317e-07,0.0,1.0,0.0,all paired seeds,16,True
stage3.fallback.budget_50,R10-T4: bounded K12 vs exact,fallback,50,R10-T4,CA-HMCD-BoundedK12-Candidate,CA-HMCD-Exact,lower,30,0.6333333333333333,0.0,0.6333333333333333,0.43333333333333335,0.8,"paired BCa bootstrap, 10000 resamples",two-sided paired Wilcoxon signed-rank test,0,3.814697265625e-06,3.814697265625e-06,1.2921675470684788,1.0,0.18333333333333332,all paired seeds,16,True
stage3.fallback.budget_50,R10-T8: bounded K12 vs exact,fallback,50,R10-T8,CA-HMCD-BoundedK12-Candidate,CA-HMCD-Exact,lower,30,1.0,0.0,1.0,1.0,1.0,"paired BCa bootstrap, 10000 resamples",two-sided paired Wilcoxon signed-rank test,0,4.617427956906448e-08,7.387884731050317e-07,0.0,1.0,0.0,all paired seeds,16,True
stage3.fallback.budget_50,R16-T12: bounded K12 vs exact,fallback,50,R16-T12,CA-HMCD-BoundedK12-Candidate,CA-HMCD-Exact,lower,30,1.0,0.0,1.0,1.0,1.0,"paired BCa bootstrap, 10000 resamples",two-sided paired Wilcoxon signed-rank test,0,4.617427956906448e-08,7.387884731050317e-07,0.0,1.0,0.0,all paired seeds,16,True
stage3.fallback.budget_50,R16-T16: bounded K12 vs exact,fallback,50,R16-T16,CA-HMCD-BoundedK12-Candidate,CA-HMCD-Exact,lower,30,1.0,0.0,1.0,1.0,1.0,"paired BCa bootstrap, 10000 resamples",two-sided paired Wilcoxon signed-rank test,0,4.617427956906448e-08,7.387884731050317e-07,0.0,1.0,0.0,all paired seeds,16,True
stage3.fallback.budget_50,R16-T4: bounded K12 vs exact,fallback,50,R16-T4,CA-HMCD-BoundedK12-Candidate,CA-HMCD-Exact,lower,30,1.0,0.0,1.0,1.0,1.0,"paired BCa bootstrap, 10000 resamples",two-sided paired Wilcoxon signed-rank test,0,4.617427956906448e-08,7.387884731050317e-07,0.0,1.0,0.0,all paired seeds,16,True
stage3.fallback.budget_50,R16-T8: bounded K12 vs exact,fallback,50,R16-T8,CA-HMCD-BoundedK12-Candidate,CA-HMCD-Exact,lower,30,1.0,0.0,1.0,1.0,1.0,"paired BCa bootstrap, 10000 resamples",two-sided paired Wilcoxon signed-rank test,0,4.617427956906448e-08,7.387884731050317e-07,0.0,1.0,0.0,all paired seeds,16,True
stage3.fallback.budget_50,R24-T12: bounded K12 vs exact,fallback,50,R24-T12,CA-HMCD-BoundedK12-Candidate,CA-HMCD-Exact,lower,30,1.0,0.0,1.0,1.0,1.0,"paired BCa bootstrap, 10000 resamples",two-sided paired Wilcoxon signed-rank test,0,4.617427956906448e-08,7.387884731050317e-07,0.0,1.0,0.0,all paired seeds,16,True
stage3.fallback.budget_50,R24-T16: bounded K12 vs exact,fallback,50,R24-T16,CA-HMCD-BoundedK12-Candidate,CA-HMCD-Exact,lower,30,1.0,0.0,1.0,1.0,1.0,"paired BCa bootstrap, 10000 resamples",two-sided paired Wilcoxon signed-rank test,0,4.617427956906448e-08,7.387884731050317e-07,0.0,1.0,0.0,all paired seeds,16,True
stage3.fallback.budget_50,R24-T4: bounded K12 vs exact,fallback,50,R24-T4,CA-HMCD-BoundedK12-Candidate,CA-HMCD-Exact,lower,30,0.9666666666666667,0.0,0.9666666666666667,0.8333333333333334,1.0,"paired BCa bootstrap, 10000 resamples",two-sided paired Wilcoxon signed-rank test,0,7.752970071781925e-08,7.387884731050317e-07,5.2946513892166065,1.0,0.016666666666666666,all paired seeds,16,True
stage3.fallback.budget_50,R24-T8: bounded K12 vs exact,fallback,50,R24-T8,CA-HMCD-BoundedK12-Candidate,CA-HMCD-Exact,lower,30,1.0,0.0,1.0,1.0,1.0,"paired BCa bootstrap, 10000 resamples",two-sided paired Wilcoxon signed-rank test,0,4.617427956906448e-08,7.387884731050317e-07,0.0,1.0,0.0,all paired seeds,16,True
stage3.fallback.budget_50,R32-T12: bounded K12 vs exact,fallback,50,R32-T12,CA-HMCD-BoundedK12-Candidate,CA-HMCD-Exact,lower,30,1.0,0.0,1.0,1.0,1.0,"paired BCa bootstrap, 10000 resamples",two-sided paired Wilcoxon signed-rank test,0,4.617427956906448e-08,7.387884731050317e-07,0.0,1.0,0.0,all paired seeds,16,True
stage3.fallback.budget_50,R32-T16: bounded K12 vs exact,fallback,50,R32-T16,CA-HMCD-BoundedK12-Candidate,CA-HMCD-Exact,lower,30,1.0,0.0,1.0,1.0,1.0,"paired BCa bootstrap, 10000 resamples",two-sided paired Wilcoxon signed-rank test,0,4.617427956906448e-08,7.387884731050317e-07,0.0,1.0,0.0,all paired seeds,16,True
stage3.fallback.budget_50,R32-T4: bounded K12 vs exact,fallback,50,R32-T4,CA-HMCD-BoundedK12-Candidate,CA-HMCD-Exact,lower,30,0.8,0.0,0.8,0.6,0.9,"paired BCa bootstrap, 10000 resamples",two-sided paired Wilcoxon signed-rank test,0,1.0466979767645204e-06,2.093395953529041e-06,1.9663841605003503,1.0,0.1,all paired seeds,16,True
stage3.fallback.budget_50,R32-T8: bounded K12 vs exact,fallback,50,R32-T8,CA-HMCD-BoundedK12-Candidate,CA-HMCD-Exact,lower,30,1.0,0.0,1.0,1.0,1.0,"paired BCa bootstrap, 10000 resamples",two-sided paired Wilcoxon signed-rank test,0,4.617427956906448e-08,7.387884731050317e-07,0.0,1.0,0.0,all paired seeds,16,True
stage3.deadline_hit.budget_50,R10-T12: bounded K12 vs exact,deadline_hit,50,R10-T12,CA-HMCD-BoundedK12-Candidate,CA-HMCD-Exact,higher,30,0.0,0.0,0.0,0.0,0.0,"paired BCa bootstrap, 10000 resamples",two-sided paired Wilcoxon signed-rank test,0.0,1.0,1.0,0.0,0.0,0.5,all paired seeds,16,False
stage3.deadline_hit.budget_50,R10-T16: bounded K12 vs exact,deadline_hit,50,R10-T16,CA-HMCD-BoundedK12-Candidate,CA-HMCD-Exact,higher,30,0.0,0.0,0.0,0.0,0.0,"paired BCa bootstrap, 10000 resamples",two-sided paired Wilcoxon signed-rank test,0.0,1.0,1.0,0.0,0.0,0.5,all paired seeds,16,False
stage3.deadline_hit.budget_50,R10-T4: bounded K12 vs exact,deadline_hit,50,R10-T4,CA-HMCD-BoundedK12-Candidate,CA-HMCD-Exact,higher,30,0.36666666666666664,0.9666666666666667,-0.6,-0.7666666666666667,-0.43333333333333335,"paired BCa bootstrap, 10000 resamples",two-sided paired Wilcoxon signed-rank test,0,7.62939453125e-06,0.0001220703125,-1.2041594578792294,-1.0,0.2,all paired seeds,16,True
stage3.deadline_hit.budget_50,R10-T8: bounded K12 vs exact,deadline_hit,50,R10-T8,CA-HMCD-BoundedK12-Candidate,CA-HMCD-Exact,higher,30,0.0,0.06666666666666667,-0.06666666666666667,-0.2,0.0,"paired BCa bootstrap, 10000 resamples",two-sided paired Wilcoxon signed-rank test,0,0.5,1.0,-0.2627691364061218,-1.0,0.4666666666666667,all paired seeds,16,False
stage3.deadline_hit.budget_50,R16-T12: bounded K12 vs exact,deadline_hit,50,R16-T12,CA-HMCD-BoundedK12-Candidate,CA-HMCD-Exact,higher,30,0.0,0.0,0.0,0.0,0.0,"paired BCa bootstrap, 10000 resamples",two-sided paired Wilcoxon signed-rank test,0.0,1.0,1.0,0.0,0.0,0.5,all paired seeds,16,False
stage3.deadline_hit.budget_50,R16-T16: bounded K12 vs exact,deadline_hit,50,R16-T16,CA-HMCD-BoundedK12-Candidate,CA-HMCD-Exact,higher,30,0.0,0.0,0.0,0.0,0.0,"paired BCa bootstrap, 10000 resamples",two-sided paired Wilcoxon signed-rank test,0.0,1.0,1.0,0.0,0.0,0.5,all paired seeds,16,False
stage3.deadline_hit.budget_50,R16-T4: bounded K12 vs exact,deadline_hit,50,R16-T4,CA-HMCD-BoundedK12-Candidate,CA-HMCD-Exact,higher,30,0.0,0.0,0.0,0.0,0.0,"paired BCa bootstrap, 10000 resamples",two-sided paired Wilcoxon signed-rank test,0.0,1.0,1.0,0.0,0.0,0.5,all paired seeds,16,False
stage3.deadline_hit.budget_50,R16-T8: bounded K12 vs exact,deadline_hit,50,R16-T8,CA-HMCD-BoundedK12-Candidate,CA-HMCD-Exact,higher,30,0.0,0.0,0.0,0.0,0.0,"paired BCa bootstrap, 10000 resamples",two-sided paired Wilcoxon signed-rank test,0.0,1.0,1.0,0.0,0.0,0.5,all paired seeds,16,False
stage3.deadline_hit.budget_50,R24-T12: bounded K12 vs exact,deadline_hit,50,R24-T12,CA-HMCD-BoundedK12-Candidate,CA-HMCD-Exact,higher,30,0.0,0.0,0.0,0.0,0.0,"paired BCa bootstrap, 10000 resamples",two-sided paired Wilcoxon signed-rank test,0.0,1.0,1.0,0.0,0.0,0.5,all paired seeds,16,False
stage3.deadline_hit.budget_50,R24-T16: bounded K12 vs exact,deadline_hit,50,R24-T16,CA-HMCD-BoundedK12-Candidate,CA-HMCD-Exact,higher,30,0.0,0.0,0.0,0.0,0.0,"paired BCa bootstrap, 10000 resamples",two-sided paired Wilcoxon signed-rank test,0.0,1.0,1.0,0.0,0.0,0.5,all paired seeds,16,False
stage3.deadline_hit.budget_50,R24-T4: bounded K12 vs exact,deadline_hit,50,R24-T4,CA-HMCD-BoundedK12-Candidate,CA-HMCD-Exact,higher,30,0.03333333333333333,0.0,0.03333333333333333,0.0,0.16666666666666666,"paired BCa bootstrap, 10000 resamples",two-sided paired Wilcoxon signed-rank test,0,1.0,1.0,0.18257418583505539,1.0,0.5166666666666667,all paired seeds,16,False
stage3.deadline_hit.budget_50,R24-T8: bounded K12 vs exact,deadline_hit,50,R24-T8,CA-HMCD-BoundedK12-Candidate,CA-HMCD-Exact,higher,30,0.0,0.0,0.0,0.0,0.0,"paired BCa bootstrap, 10000 resamples",two-sided paired Wilcoxon signed-rank test,0.0,1.0,1.0,0.0,0.0,0.5,all paired seeds,16,False
stage3.deadline_hit.budget_50,R32-T12: bounded K12 vs exact,deadline_hit,50,R32-T12,CA-HMCD-BoundedK12-Candidate,CA-HMCD-Exact,higher,30,0.0,0.0,0.0,0.0,0.0,"paired BCa bootstrap, 10000 resamples",two-sided paired Wilcoxon signed-rank test,0.0,1.0,1.0,0.0,0.0,0.5,all paired seeds,16,False
stage3.deadline_hit.budget_50,R32-T16: bounded K12 vs exact,deadline_hit,50,R32-T16,CA-HMCD-BoundedK12-Candidate,CA-HMCD-Exact,higher,30,0.0,0.0,0.0,0.0,0.0,"paired BCa bootstrap, 10000 resamples",two-sided paired Wilcoxon signed-rank test,0.0,1.0,1.0,0.0,0.0,0.5,all paired seeds,16,False
stage3.deadline_hit.budget_50,R32-T4: bounded K12 vs exact,deadline_hit,50,R32-T4,CA-HMCD-BoundedK12-Candidate,CA-HMCD-Exact,higher,30,0.2,0.0,0.2,0.06666666666666667,0.36666666666666664,"paired BCa bootstrap, 10000 resamples",two-sided paired Wilcoxon signed-rank test,0,0.03125,0.46875,0.49159604012508756,1.0,0.6,all paired seeds,16,False
stage3.deadline_hit.budget_50,R32-T8: bounded K12 vs exact,deadline_hit,50,R32-T8,CA-HMCD-BoundedK12-Candidate,CA-HMCD-Exact,higher,30,0.0,0.0,0.0,0.0,0.0,"paired BCa bootstrap, 10000 resamples",two-sided paired Wilcoxon signed-rank test,0.0,1.0,1.0,0.0,0.0,0.5,all paired seeds,16,False
stage3.common_served_task_response_time.budget_50,R10-T12: bounded K12 vs exact,common_served_task_response_time,50,R10-T12,CA-HMCD-BoundedK12-Candidate,CA-HMCD-Exact,lower,30,0.5610238898863237,0.569154373418631,-0.008130483532307314,-0.013198694105707476,-0.0036821267270678703,"paired BCa bootstrap, 10000 resamples",two-sided paired Wilcoxon signed-rank test,98.0,0.005848483237191831,0.05848483237191831,-0.60601026755679,-0.578494623655914,0.7,HiGHS optimal seeds only,16,False
stage3.common_served_task_response_time.budget_50,R10-T16: bounded K12 vs exact,common_served_task_response_time,50,R10-T16,CA-HMCD-BoundedK12-Candidate,CA-HMCD-Exact,lower,30,0.5600304156537496,0.5661257906240706,-0.006095374970321088,-0.01020933601774785,0.0008583528126837758,"paired BCa bootstrap, 10000 resamples",two-sided paired Wilcoxon signed-rank test,83.0,0.0037613899804406917,0.041375289784847606,-0.4139888558153901,-0.6183908045977011,0.7833333333333333,HiGHS optimal seeds only,16,True
stage3.common_served_task_response_time.budget_50,R10-T4: bounded K12 vs exact,common_served_task_response_time,50,R10-T4,CA-HMCD-BoundedK12-Candidate,CA-HMCD-Exact,lower,30,0.5185773105963167,0.5191967620942498,-0.0006194514979330194,-0.004422899063962231,0.002257822717373711,"paired BCa bootstrap, 10000 resamples",two-sided paired Wilcoxon signed-rank test,43.0,0.892578125,1.0,-0.0666666235760122,-0.054945054945054944,0.5166666666666667,HiGHS optimal seeds only,16,False
stage3.common_served_task_response_time.budget_50,R10-T8: bounded K12 vs exact,common_served_task_response_time,50,R10-T8,CA-HMCD-BoundedK12-Candidate,CA-HMCD-Exact,lower,30,0.5479512954225177,0.5497715593137251,-0.0018202638912073817,-0.006770728412416528,0.0023140162736905523,"paired BCa bootstrap, 10000 resamples",two-sided paired Wilcoxon signed-rank test,140.0,0.553882691983272,1.0,-0.14231615508716275,-0.13846153846153847,0.55,HiGHS optimal seeds only,16,False
stage3.common_served_task_response_time.budget_50,R16-T12: bounded K12 vs exact,common_served_task_response_time,50,R16-T12,CA-HMCD-BoundedK12-Candidate,CA-HMCD-Exact,lower,30,0.5338236377260563,0.539538581045859,-0.005714943319802616,-0.010771364148105988,-0.002149304004348449,"paired BCa bootstrap, 10000 resamples",two-sided paired Wilcoxon signed-rank test,112.0,0.023181134868644475,0.20863021381780028,-0.4789947645278731,-0.4850574712643678,0.65,HiGHS optimal seeds only,16,False
stage3.common_served_task_response_time.budget_50,R16-T16: bounded K12 vs exact,common_served_task_response_time,50,R16-T16,CA-HMCD-BoundedK12-Candidate,CA-HMCD-Exact,lower,30,0.540569533341665,0.5525792029874711,-0.012009669645806123,-0.017162597788274846,-0.006565108151553974,"paired BCa bootstrap, 10000 resamples",two-sided paired Wilcoxon signed-rank test,64.0,0.0005493118817546343,0.007141054462810246,-0.8009071542218145,-0.7247311827956989,0.7666666666666667,HiGHS optimal seeds only,16,True
stage3.common_served_task_response_time.budget_50,R16-T4: bounded K12 vs exact,common_served_task_response_time,50,R16-T4,CA-HMCD-BoundedK12-Candidate,CA-HMCD-Exact,lower,30,0.5193554832386423,0.5192612323193404,9.425091930200801e-05,-0.0024042944451818406,0.002648090490496729,"paired BCa bootstrap, 10000 resamples",two-sided paired Wilcoxon signed-rank test,60.0,1.0,1.0,0.012991788655013709,0.0,0.5166666666666667,HiGHS optimal seeds only,16,False
stage3.common_served_task_response_time.budget_50,R16-T8: bounded K12 vs exact,common_served_task_response_time,50,R16-T8,CA-HMCD-BoundedK12-Candidate,CA-HMCD-Exact,lower,30,0.5441719334554104,0.5457195957888298,-0.0015476623334194362,-0.0043589464881449705,0.0014002851522281472,"paired BCa bootstrap, 10000 resamples",two-sided paired Wilcoxon signed-rank test,158.0,0.31090335462393426,1.0,-0.18839257657747774,-0.22167487684729065,0.5333333333333333,HiGHS optimal seeds only,16,False
stage3.common_served_task_response_time.budget_50,R24-T12: bounded K12 vs exact,common_served_task_response_time,50,R24-T12,CA-HMCD-BoundedK12-Candidate,CA-HMCD-Exact,lower,30,0.516251269864416,0.5142709506902985,0.0019803191741176395,-0.0016713657984531484,0.006177649975401583,"paired BCa bootstrap, 10000 resamples",two-sided paired Wilcoxon signed-rank test,183.0,0.31352713674495514,1.0,0.1785870595689661,0.2129032258064516,0.43333333333333335,HiGHS optimal seeds only,16,False
stage3.common_served_task_response_time.budget_50,R24-T16: bounded K12 vs exact,common_served_task_response_time,50,R24-T16,CA-HMCD-BoundedK12-Candidate,CA-HMCD-Exact,lower,30,0.5216724946337735,0.5234132717089522,-0.0017407770751786936,-0.006291843558891987,0.0035606264384671583,"paired BCa bootstrap, 10000 resamples",two-sided paired Wilcoxon signed-rank test,186.0,0.3440753429639741,1.0,-0.12449873711393444,-0.2,0.5666666666666667,HiGHS optimal seeds only,16,False
stage3.common_served_task_response_time.budget_50,R24-T4: bounded K12 vs exact,common_served_task_response_time,50,R24-T4,CA-HMCD-BoundedK12-Candidate,CA-HMCD-Exact,lower,29,0.5042226561156217,0.5012963667234394,0.0029262893921823073,-0.002857486561072844,0.01048934376518258,"paired BCa bootstrap, 10000 resamples",two-sided paired Wilcoxon signed-rank test,60.0,0.4585723876953125,1.0,0.1603466106372025,0.21568627450980393,0.41379310344827586,HiGHS optimal seeds only,16,False
stage3.common_served_task_response_time.budget_50,R24-T8: bounded K12 vs exact,common_served_task_response_time,50,R24-T8,CA-HMCD-BoundedK12-Candidate,CA-HMCD-Exact,lower,30,0.5165128708537715,0.5122500166853536,0.004262854168417896,-0.0008512060045506187,0.010312868988070841,"paired BCa bootstrap, 10000 resamples",two-sided paired Wilcoxon signed-rank test,148.0,0.135698914485948,1.0,0.26949894319449624,0.3195402298850575,0.38333333333333336,HiGHS optimal seeds only,16,False
stage3.common_served_task_response_time.budget_50,R32-T12: bounded K12 vs exact,common_served_task_response_time,50,R32-T12,CA-HMCD-BoundedK12-Candidate,CA-HMCD-Exact,lower,30,0.529863503925779,0.5175922817972956,0.012271222128483498,0.00801108602961465,0.01649659325263897,"paired BCa bootstrap, 10000 resamples",two-sided paired Wilcoxon signed-rank test,37.0,6.0506646669380906e-05,0.0009075997000407136,1.0076481716608983,0.8408602150537634,0.16666666666666666,HiGHS optimal seeds only,16,True
stage3.common_served_task_response_time.budget_50,R32-T16: bounded K12 vs exact,common_served_task_response_time,50,R32-T16,CA-HMCD-BoundedK12-Candidate,CA-HMCD-Exact,lower,30,0.5334567901871502,0.5183287980414055,0.015127992145744713,0.010932905165162413,0.02029731771092355,"paired BCa bootstrap, 10000 resamples",two-sided paired Wilcoxon signed-rank test,14.0,7.329171360778439e-06,0.00011726674177245502,1.145598965555614,0.9397849462365592,0.1,HiGHS optimal seeds only,16,True
stage3.common_served_task_response_time.budget_50,R32-T4: bounded K12 vs exact,common_served_task_response_time,50,R32-T4,CA-HMCD-BoundedK12-Candidate,CA-HMCD-Exact,lower,28,0.519156400348139,0.5082936443219915,0.01086275602614745,0.004905192534573622,0.018959814204611257,"paired BCa bootstrap, 10000 resamples",two-sided paired Wilcoxon signed-rank test,25.0,0.0033416748046875,0.04010009765625,0.5766951395509549,0.7368421052631579,0.26785714285714285,HiGHS optimal seeds only,16,True
stage3.common_served_task_response_time.budget_50,R32-T8: bounded K12 vs exact,common_served_task_response_time,50,R32-T8,CA-HMCD-BoundedK12-Candidate,CA-HMCD-Exact,lower,30,0.5372477740755262,0.5175372705501469,0.01971050352537931,0.0127323293059673,0.027212566032025945,"paired BCa bootstrap, 10000 resamples",two-sided paired Wilcoxon signed-rank test,30.0,8.563009864285397e-05,0.0011988213809999556,0.9541803052851456,0.8522167487684729,0.16666666666666666,HiGHS optimal seeds only,16,True
stage3.external_objective_per_active_task.budget_100,R10-T12: bounded K12 vs exact,external_objective_per_active_task,100,R10-T12,CA-HMCD-BoundedK12-Candidate,CA-HMCD-Exact,higher,30,-0.06594178900836076,-0.048959205162957056,-0.016982583845403704,-0.021577854081628232,-0.013345369371983653,"paired BCa bootstrap, 10000 resamples",two-sided paired Wilcoxon signed-rank test,0,1.825371456361214e-06,2.9205943301779423e-05,-1.4831685563187038,-1.0,0.0,HiGHS optimal seeds only,16,True
stage3.external_objective_per_active_task.budget_100,R10-T16: bounded K12 vs exact,external_objective_per_active_task,100,R10-T16,CA-HMCD-BoundedK12-Candidate,CA-HMCD-Exact,higher,30,-0.07657654180562472,-0.05688670085118609,-0.019689840954438622,-0.023748625161440926,-0.01602351671285261,"paired BCa bootstrap, 10000 resamples",two-sided paired Wilcoxon signed-rank test,0,1.825371456361214e-06,2.9205943301779423e-05,-1.7866754208907951,-1.0,0.0,HiGHS optimal seeds only,16,True
stage3.external_objective_per_active_task.budget_100,R10-T4: bounded K12 vs exact,external_objective_per_active_task,100,R10-T4,CA-HMCD-BoundedK12-Candidate,CA-HMCD-Exact,higher,30,-0.03286618836429919,-0.029361560942637213,-0.0035046274216619776,-0.009292386169653,-0.0011462307854583202,"paired BCa bootstrap, 10000 resamples",two-sided paired Wilcoxon signed-rank test,0,0.00390625,0.00390625,-0.35245747170832803,-1.0,0.35,HiGHS optimal seeds only,16,True
stage3.external_objective_per_active_task.budget_100,R10-T8: bounded K12 vs exact,external_objective_per_active_task,100,R10-T8,CA-HMCD-BoundedK12-Candidate,CA-HMCD-Exact,higher,30,-0.052890031251187394,-0.04296145860137774,-0.009928572649809656,-0.01510604220201132,-0.006187559257440088,"paired BCa bootstrap, 10000 resamples",two-sided paired Wilcoxon signed-rank test,0,1.9422473917313123e-05,5.22824219120523e-05,-0.804390009596344,-1.0,0.1,HiGHS optimal seeds only,16,True
stage3.external_objective_per_active_task.budget_100,R16-T12: bounded K12 vs exact,external_objective_per_active_task,100,R16-T12,CA-HMCD-BoundedK12-Candidate,CA-HMCD-Exact,higher,30,-0.059968228793826704,-0.04148874138396782,-0.01847948740985889,-0.024595795030349442,-0.014039890835927046,"paired BCa bootstrap, 10000 resamples",two-sided paired Wilcoxon signed-rank test,0,2.702369140477986e-06,2.9205943301779423e-05,-1.2472585877269247,-1.0,0.016666666666666666,HiGHS optimal seeds only,16,True
stage3.external_objective_per_active_task.budget_100,R16-T16: bounded K12 vs exact,external_objective_per_active_task,100,R16-T16,CA-HMCD-BoundedK12-Candidate,CA-HMCD-Exact,higher,30,-0.0680161427543426,-0.04562296429495251,-0.022393178459390095,-0.027361029457493843,-0.018229897381090578,"paired BCa bootstrap, 10000 resamples",two-sided paired Wilcoxon signed-rank test,0,1.825371456361214e-06,2.9205943301779423e-05,-1.745232557488046,-1.0,0.0,HiGHS optimal seeds only,16,True
stage3.external_objective_per_active_task.budget_100,R16-T4: bounded K12 vs exact,external_objective_per_active_task,100,R16-T4,CA-HMCD-BoundedK12-Candidate,CA-HMCD-Exact,higher,30,-0.016725345982156966,-0.0124009721454855,-0.004324373836671465,-0.010646613444049068,-0.001977519844888747,"paired BCa bootstrap, 10000 resamples",two-sided paired Wilcoxon signed-rank test,0,1.52587890625e-05,5.22824219120523e-05,-0.4365574774852382,-1.0,0.21666666666666667,HiGHS optimal seeds only,16,True
stage3.external_objective_per_active_task.budget_100,R16-T8: bounded K12 vs exact,external_objective_per_active_task,100,R16-T8,CA-HMCD-BoundedK12-Candidate,CA-HMCD-Exact,higher,30,-0.045578084551474246,-0.032915958985542976,-0.012662125565931269,-0.018355981450032192,-0.00866440728640825,"paired BCa bootstrap, 10000 resamples",two-sided paired Wilcoxon signed-rank test,0,4.003256204905308e-06,2.9205943301779423e-05,-0.9454554132111458,-1.0,0.03333333333333333,HiGHS optimal seeds only,16,True
stage3.external_objective_per_active_task.budget_100,R24-T12: bounded K12 vs exact,external_objective_per_active_task,100,R24-T12,CA-HMCD-BoundedK12-Candidate,CA-HMCD-Exact,higher,30,-0.049748005577569615,-0.024454139397576173,-0.025293866179993442,-0.03140188331660654,-0.019834483001897045,"paired BCa bootstrap, 10000 resamples",two-sided paired Wilcoxon signed-rank test,0,1.825371456361214e-06,2.9205943301779423e-05,-1.5118971078732175,-1.0,0.0,HiGHS optimal seeds only,16,True
stage3.external_objective_per_active_task.budget_100,R24-T16: bounded K12 vs exact,external_objective_per_active_task,100,R24-T16,CA-HMCD-BoundedK12-Candidate,CA-HMCD-Exact,higher,30,-0.05641378959099961,-0.02843863443189369,-0.027975155159105924,-0.03404290865083561,-0.022520620466792197,"paired BCa bootstrap, 10000 resamples",two-sided paired Wilcoxon signed-rank test,0,1.825371456361214e-06,2.9205943301779423e-05,-1.7219390904804743,-1.0,0.0,HiGHS optimal seeds only,16,True
stage3.external_objective_per_active_task.budget_100,R24-T4: bounded K12 vs exact,external_objective_per_active_task,100,R24-T4,CA-HMCD-BoundedK12-Candidate,CA-HMCD-Exact,higher,30,-0.03921006089777254,-0.01658971535584053,-0.022620345541932017,-0.03283467980779543,-0.014507954813477626,"paired BCa bootstrap, 10000 resamples",two-sided paired Wilcoxon signed-rank test,0,1.3070605478013074e-05,5.22824219120523e-05,-0.868977889259384,-1.0,0.08333333333333333,HiGHS optimal seeds only,16,True
stage3.external_objective_per_active_task.budget_100,R24-T8: bounded K12 vs exact,external_objective_per_active_task,100,R24-T8,CA-HMCD-BoundedK12-Candidate,CA-HMCD-Exact,higher,30,-0.051131950563521406,-0.027845392763014693,-0.023286557800506712,-0.031150215160600105,-0.016483214313307622,"paired BCa bootstrap, 10000 resamples",two-sided paired Wilcoxon signed-rank test,0,1.825371456361214e-06,2.9205943301779423e-05,-1.122227849169947,-1.0,0.0,HiGHS optimal seeds only,16,True
stage3.external_objective_per_active_task.budget_100,R32-T12: bounded K12 vs exact,external_objective_per_active_task,100,R32-T12,CA-HMCD-BoundedK12-Candidate,CA-HMCD-Exact,higher,30,-0.05772429999258692,-0.018013022545830336,-0.03971127744675659,-0.04705036928572731,-0.03299180357588323,"paired BCa bootstrap, 10000 resamples",two-sided paired Wilcoxon signed-rank test,0,1.825371456361214e-06,2.9205943301779423e-05,-1.9846104335158778,-1.0,0.0,HiGHS optimal seeds only,16,True
stage3.external_objective_per_active_task.budget_100,R32-T16: bounded K12 vs exact,external_objective_per_active_task,100,R32-T16,CA-HMCD-BoundedK12-Candidate,CA-HMCD-Exact,higher,30,-0.06181090902618778,-0.02315078648590696,-0.03866012254028082,-0.04430154704347544,-0.03369715762073787,"paired BCa bootstrap, 10000 resamples",two-sided paired Wilcoxon signed-rank test,0,1.825371456361214e-06,2.9205943301779423e-05,-2.5792782297550643,-1.0,0.0,HiGHS optimal seeds only,16,True
stage3.external_objective_per_active_task.budget_100,R32-T4: bounded K12 vs exact,external_objective_per_active_task,100,R32-T4,CA-HMCD-BoundedK12-Candidate,CA-HMCD-Exact,higher,30,-0.04627747621659577,0.009386569833058267,-0.05566404604965404,-0.07037358779527023,-0.04219832207554849,"paired BCa bootstrap, 10000 resamples",two-sided paired Wilcoxon signed-rank test,0,1.825371456361214e-06,2.9205943301779423e-05,-1.383869098116972,-1.0,0.0,HiGHS optimal seeds only,16,True
stage3.external_objective_per_active_task.budget_100,R32-T8: bounded K12 vs exact,external_objective_per_active_task,100,R32-T8,CA-HMCD-BoundedK12-Candidate,CA-HMCD-Exact,higher,30,-0.06116978160984499,-0.016092725215716686,-0.04507705639412831,-0.05598426300802349,-0.03615194282105337,"paired BCa bootstrap, 10000 resamples",two-sided paired Wilcoxon signed-rank test,0,1.825371456361214e-06,2.9205943301779423e-05,-1.607473173580962,-1.0,0.0,HiGHS optimal seeds only,16,True
stage3.independent_service_score.budget_100,R10-T12: bounded K12 vs exact,independent_service_score,100,R10-T12,CA-HMCD-BoundedK12-Candidate,CA-HMCD-Exact,higher,30,0.3269764254038875,0.37396984377737347,-0.046993418373485994,-0.056108397649073244,-0.03898170452560543,"paired BCa bootstrap, 10000 resamples",two-sided paired Wilcoxon signed-rank test,0,1.825371456361214e-06,2.9205943301779423e-05,-1.955184246295976,-1.0,0.0,HiGHS optimal seeds only,16,True
stage3.independent_service_score.budget_100,R10-T16: bounded K12 vs exact,independent_service_score,100,R10-T16,CA-HMCD-BoundedK12-Candidate,CA-HMCD-Exact,higher,30,0.29241901715320406,0.34112510441900784,-0.04870608726580374,-0.056162100468214717,-0.04215386222188344,"paired BCa bootstrap, 10000 resamples",two-sided paired Wilcoxon signed-rank test,0,1.825371456361214e-06,2.9205943301779423e-05,-2.497552362192978,-1.0,0.0,HiGHS optimal seeds only,16,True
stage3.independent_service_score.budget_100,R10-T4: bounded K12 vs exact,independent_service_score,100,R10-T4,CA-HMCD-BoundedK12-Candidate,CA-HMCD-Exact,higher,30,0.43790853663124707,0.4439161471271861,-0.006007610495939001,-0.01781477604170529,0.0007910710615433762,"paired BCa bootstrap, 10000 resamples",two-sided paired Wilcoxon signed-rank test,8.0,0.09765625,0.09765625,-0.2454723789991624,-0.6444444444444445,0.38333333333333336,HiGHS optimal seeds only,16,False
stage3.independent_service_score.budget_100,R10-T8: bounded K12 vs exact,independent_service_score,100,R10-T8,CA-HMCD-BoundedK12-Candidate,CA-HMCD-Exact,higher,30,0.3716281728349739,0.40237376363197586,-0.030745590797001936,-0.04369167424237805,-0.020553393094279896,"paired BCa bootstrap, 10000 resamples",two-sided paired Wilcoxon signed-rank test,6.0,4.131501382509358e-05,0.00017089991002148419,-0.9450176602261987,-0.96,0.13333333333333333,HiGHS optimal seeds only,16,True
stage3.independent_service_score.budget_100,R16-T12: bounded K12 vs exact,independent_service_score,100,R16-T12,CA-HMCD-BoundedK12-Candidate,CA-HMCD-Exact,higher,30,0.34852589713265536,0.4058959240610798,-0.05737002692842446,-0.07185839326069396,-0.045600544390489,"paired BCa bootstrap, 10000 resamples",two-sided paired Wilcoxon signed-rank test,0,2.702369140477986e-06,2.9205943301779423e-05,-1.547082746997658,-1.0,0.016666666666666666,HiGHS optimal seeds only,16,True
stage3.independent_service_score.budget_100,R16-T16: bounded K12 vs exact,independent_service_score,100,R16-T16,CA-HMCD-BoundedK12-Candidate,CA-HMCD-Exact,higher,30,0.314452182068942,0.38055707290491897,-0.06610489083597701,-0.0747540647178578,-0.056763731156191294,"paired BCa bootstrap, 10000 resamples",two-sided paired Wilcoxon signed-rank test,0,1.825371456361214e-06,2.9205943301779423e-05,-2.5660551240588654,-1.0,0.0,HiGHS optimal seeds only,16,True
stage3.independent_service_score.budget_100,R16-T4: bounded K12 vs exact,independent_service_score,100,R16-T4,CA-HMCD-BoundedK12-Candidate,CA-HMCD-Exact,higher,30,0.4924283682002525,0.5025684997568122,-0.010140131556559757,-0.02355945776326328,-0.0035900640155290464,"paired BCa bootstrap, 10000 resamples",two-sided paired Wilcoxon signed-rank test,5.0,0.000152587890625,0.00030517578125,-0.3929440799499504,-0.934640522875817,0.2833333333333333,HiGHS optimal seeds only,16,True
stage3.independent_service_score.budget_100,R16-T8: bounded K12 vs exact,independent_service_score,100,R16-T8,CA-HMCD-BoundedK12-Candidate,CA-HMCD-Exact,higher,30,0.40034321027933056,0.44001506709376376,-0.03967185681443313,-0.05712387255415319,-0.025467926094823738,"paired BCa bootstrap, 10000 resamples",two-sided paired Wilcoxon signed-rank test,23.0,4.361021089310496e-05,0.00017089991002148419,-0.8904326946663657,-0.8866995073891626,0.13333333333333333,HiGHS optimal seeds only,16,True
stage3.independent_service_score.budget_100,R24-T12: bounded K12 vs exact,independent_service_score,100,R24-T12,CA-HMCD-BoundedK12-Candidate,CA-HMCD-Exact,higher,30,0.3800257053823007,0.4478592494003934,-0.06783354401809273,-0.08387107282961818,-0.05265469456357467,"paired BCa bootstrap, 10000 resamples",two-sided paired Wilcoxon signed-rank test,3.0,2.4753489333888993e-06,2.9205943301779423e-05,-1.5144429418159893,-0.9870967741935484,0.06666666666666667,HiGHS optimal seeds only,16,True
stage3.independent_service_score.budget_100,R24-T16: bounded K12 vs exact,independent_service_score,100,R24-T16,CA-HMCD-BoundedK12-Candidate,CA-HMCD-Exact,higher,30,0.35193470427275847,0.4250227245322372,-0.0730880202594787,-0.08725821255463526,-0.06129331332873617,"paired BCa bootstrap, 10000 resamples",two-sided paired Wilcoxon signed-rank test,0,1.825371456361214e-06,2.9205943301779423e-05,-2.02356247266115,-1.0,0.0,HiGHS optimal seeds only,16,True
stage3.independent_service_score.budget_100,R24-T4: bounded K12 vs exact,independent_service_score,100,R24-T4,CA-HMCD-BoundedK12-Candidate,CA-HMCD-Exact,higher,30,0.4226937039291522,0.4996837227876936,-0.07699001885854141,-0.11744418837826727,-0.04990703558543322,"paired BCa bootstrap, 10000 resamples",two-sided paired Wilcoxon signed-rank test,8.0,3.4179982004296834e-05,0.00017089991002148419,-0.8269392459303477,-0.9507692307692308,0.15,HiGHS optimal seeds only,16,True
stage3.independent_service_score.budget_100,R24-T8: bounded K12 vs exact,independent_service_score,100,R24-T8,CA-HMCD-BoundedK12-Candidate,CA-HMCD-Exact,higher,30,0.38852887626067345,0.4543454219621277,-0.06581654570145423,-0.0892642960218706,-0.04554194722115762,"paired BCa bootstrap, 10000 resamples",two-sided paired Wilcoxon signed-rank test,19.0,1.181053559181823e-05,7.086321355090938e-05,-1.0662316983510087,-0.9182795698924732,0.1,HiGHS optimal seeds only,16,True
stage3.independent_service_score.budget_100,R32-T12: bounded K12 vs exact,independent_service_score,100,R32-T12,CA-HMCD-BoundedK12-Candidate,CA-HMCD-Exact,higher,30,0.3691083702200455,0.47345412603309717,-0.10434575581305167,-0.12195211095496747,-0.08748145896546308,"paired BCa bootstrap, 10000 resamples",two-sided paired Wilcoxon signed-rank test,0,1.825371456361214e-06,2.9205943301779423e-05,-2.1394753952613774,-1.0,0.0,HiGHS optimal seeds only,16,True
stage3.independent_service_score.budget_100,R32-T16: bounded K12 vs exact,independent_service_score,100,R32-T16,CA-HMCD-BoundedK12-Candidate,CA-HMCD-Exact,higher,30,0.35414548909809285,0.4539973949152541,-0.09985190581716122,-0.11502002172863322,-0.08963514697605403,"paired BCa bootstrap, 10000 resamples",two-sided paired Wilcoxon signed-rank test,0,1.825371456361214e-06,2.9205943301779423e-05,-2.864441391933512,-1.0,0.0,HiGHS optimal seeds only,16,True
stage3.independent_service_score.budget_100,R32-T4: bounded K12 vs exact,independent_service_score,100,R32-T4,CA-HMCD-BoundedK12-Candidate,CA-HMCD-Exact,higher,30,0.3869345682381192,0.5523736762640818,-0.16543910802596257,-0.21251112586505017,-0.12121350396759009,"paired BCa bootstrap, 10000 resamples",two-sided paired Wilcoxon signed-rank test,2.0,2.237270713350812e-06,2.9205943301779423e-05,-1.2902964720447936,-0.9913978494623656,0.03333333333333333,HiGHS optimal seeds only,16,True
stage3.independent_service_score.budget_100,R32-T8: bounded K12 vs exact,independent_service_score,100,R32-T8,CA-HMCD-BoundedK12-Candidate,CA-HMCD-Exact,higher,30,0.36682350155554977,0.4839334440009748,-0.1171099424454251,-0.14358737494299428,-0.09337321919965394,"paired BCa bootstrap, 10000 resamples",two-sided paired Wilcoxon signed-rank test,0,1.825371456361214e-06,2.9205943301779423e-05,-1.6520048084452144,-1.0,0.0,HiGHS optimal seeds only,16,True
stage3.independent_coverage.budget_100,R10-T12: bounded K12 vs exact,independent_coverage,100,R10-T12,CA-HMCD-BoundedK12-Candidate,CA-HMCD-Exact,higher,30,0.3638888888888889,0.5055555555555556,-0.1416666666666667,-0.17500000000000002,-0.11111111111111113,"paired BCa bootstrap, 10000 resamples",two-sided paired Wilcoxon signed-rank test,0,4.3310553980595194e-06,4.7641609378654715e-05,-1.6108186869121128,-1.0,0.05,HiGHS optimal seeds only,16,True
stage3.independent_coverage.budget_100,R10-T16: bounded K12 vs exact,independent_coverage,100,R10-T16,CA-HMCD-BoundedK12-Candidate,CA-HMCD-Exact,higher,30,0.2916666666666667,0.4479166666666667,-0.15625,-0.18333333333333332,-0.12916666666666668,"paired BCa bootstrap, 10000 resamples",two-sided paired Wilcoxon signed-rank test,0,2.9532454880081444e-06,3.839219134410588e-05,-2.089849248036344,-1.0,0.03333333333333333,HiGHS optimal seeds only,16,True
stage3.independent_coverage.budget_100,R10-T4: bounded K12 vs exact,independent_coverage,100,R10-T4,CA-HMCD-BoundedK12-Candidate,CA-HMCD-Exact,higher,30,0.5583333333333333,0.5666666666666667,-0.008333333333333333,-0.041666666666666664,0.016666666666666666,"paired BCa bootstrap, 10000 resamples",two-sided paired Wilcoxon signed-rank test,2.0,1.0,1.0,-0.10421815207042284,-0.3333333333333333,0.48333333333333334,HiGHS optimal seeds only,16,False
stage3.independent_coverage.budget_100,R10-T8: bounded K12 vs exact,independent_coverage,100,R10-T8,CA-HMCD-BoundedK12-Candidate,CA-HMCD-Exact,higher,30,0.45,0.5291666666666667,-0.07916666666666666,-0.11666666666666667,-0.05,"paired BCa bootstrap, 10000 resamples",two-sided paired Wilcoxon signed-rank test,0,6.103515625e-05,0.00030517578125,-0.828005232686913,-1.0,0.25,HiGHS optimal seeds only,16,True
stage3.independent_coverage.budget_100,R16-T12: bounded K12 vs exact,independent_coverage,100,R16-T12,CA-HMCD-BoundedK12-Candidate,CA-HMCD-Exact,higher,30,0.39166666666666666,0.5416666666666666,-0.15,-0.19166666666666668,-0.1138888888888889,"paired BCa bootstrap, 10000 resamples",two-sided paired Wilcoxon signed-rank test,0,1.0697899566855175e-05,9.413550076758303e-05,-1.3339960474249744,-1.0,0.08333333333333333,HiGHS optimal seeds only,16,True
stage3.independent_coverage.budget_100,R16-T16: bounded K12 vs exact,independent_coverage,100,R16-T16,CA-HMCD-BoundedK12-Candidate,CA-HMCD-Exact,higher,30,0.325,0.5,-0.175,-0.20208333333333334,-0.14583333333333334,"paired BCa bootstrap, 10000 resamples",two-sided paired Wilcoxon signed-rank test,0,2.219118866853395e-06,3.1328951299189754e-05,-2.20411425704741,-1.0,0.016666666666666666,HiGHS optimal seeds only,16,True
stage3.independent_coverage.budget_100,R16-T4: bounded K12 vs exact,independent_coverage,100,R16-T4,CA-HMCD-BoundedK12-Candidate,CA-HMCD-Exact,higher,30,0.6583333333333333,0.675,-0.016666666666666666,-0.058333333333333334,0.0,"paired BCa bootstrap, 10000 resamples",two-sided paired Wilcoxon signed-rank test,0,0.5,1.0,-0.2627691364061218,-1.0,0.4666666666666667,HiGHS optimal seeds only,16,False
stage3.independent_coverage.budget_100,R16-T8: bounded K12 vs exact,independent_coverage,100,R16-T8,CA-HMCD-BoundedK12-Candidate,CA-HMCD-Exact,higher,30,0.4875,0.5791666666666667,-0.09166666666666666,-0.14166666666666666,-0.05416666666666667,"paired BCa bootstrap, 10000 resamples",two-sided paired Wilcoxon signed-rank test,5.5,0.000335693359375,0.001007080078125,-0.7480970009343825,-0.9191176470588235,0.26666666666666666,HiGHS optimal seeds only,16,True
stage3.independent_coverage.budget_100,R24-T12: bounded K12 vs exact,independent_coverage,100,R24-T12,CA-HMCD-BoundedK12-Candidate,CA-HMCD-Exact,higher,30,0.43333333333333335,0.586111111111111,-0.1527777777777778,-0.19166666666666668,-0.11666666666666667,"paired BCa bootstrap, 10000 resamples",two-sided paired Wilcoxon signed-rank test,0,1.0459500085287004e-05,9.413550076758303e-05,-1.4225486817745305,-1.0,0.08333333333333333,HiGHS optimal seeds only,16,True
stage3.independent_coverage.budget_100,R24-T16: bounded K12 vs exact,independent_coverage,100,R24-T16,CA-HMCD-BoundedK12-Candidate,CA-HMCD-Exact,higher,30,0.3770833333333333,0.5541666666666667,-0.17708333333333334,-0.21666666666666667,-0.14791666666666667,"paired BCa bootstrap, 10000 resamples",two-sided paired Wilcoxon signed-rank test,0,2.088596753279317e-06,3.1328951299189754e-05,-1.9047673160096297,-1.0,0.016666666666666666,HiGHS optimal seeds only,16,True
stage3.independent_coverage.budget_100,R24-T4: bounded K12 vs exact,independent_coverage,100,R24-T4,CA-HMCD-BoundedK12-Candidate,CA-HMCD-Exact,higher,30,0.5083333333333333,0.6583333333333333,-0.15,-0.21666666666666667,-0.1,"paired BCa bootstrap, 10000 resamples",two-sided paired Wilcoxon signed-rank test,0,6.103515625e-05,0.00030517578125,-0.8893306982833162,-1.0,0.25,HiGHS optimal seeds only,16,True
stage3.independent_coverage.budget_100,R24-T8: bounded K12 vs exact,independent_coverage,100,R24-T8,CA-HMCD-BoundedK12-Candidate,CA-HMCD-Exact,higher,30,0.44583333333333336,0.5833333333333334,-0.1375,-0.1875,-0.09583333333333334,"paired BCa bootstrap, 10000 resamples",two-sided paired Wilcoxon signed-rank test,8.0,4.540365664545538e-05,0.0002724219398727323,-1.0358999396733697,-0.9420289855072463,0.15,HiGHS optimal seeds only,16,True
stage3.independent_coverage.budget_100,R32-T12: bounded K12 vs exact,independent_coverage,100,R32-T12,CA-HMCD-BoundedK12-Candidate,CA-HMCD-Exact,higher,30,0.40555555555555556,0.611111111111111,-0.20555555555555557,-0.24166666666666667,-0.16944444444444445,"paired BCa bootstrap, 10000 resamples",two-sided paired Wilcoxon signed-rank test,0,3.2857118377529024e-06,3.9428542053034825e-05,-2.014797000435834,-1.0,0.03333333333333333,HiGHS optimal seeds only,16,True
stage3.independent_coverage.budget_100,R32-T16: bounded K12 vs exact,independent_coverage,100,R32-T16,CA-HMCD-BoundedK12-Candidate,CA-HMCD-Exact,higher,30,0.38333333333333336,0.6020833333333333,-0.21875,-0.2520833333333333,-0.19375,"paired BCa bootstrap, 10000 resamples",two-sided paired Wilcoxon signed-rank test,0,1.4345381592851274e-06,2.295261054856204e-05,-2.734766419353041,-1.0,0.0,HiGHS optimal seeds only,16,True
stage3.independent_coverage.budget_100,R32-T4: bounded K12 vs exact,independent_coverage,100,R32-T4,CA-HMCD-BoundedK12-Candidate,CA-HMCD-Exact,higher,30,0.44166666666666665,0.725,-0.2833333333333333,-0.36666666666666664,-0.20833333333333334,"paired BCa bootstrap, 10000 resamples",two-sided paired Wilcoxon signed-rank test,0,2.735112178348889e-05,0.0001914578524844222,-1.2598851559013649,-1.0,0.13333333333333333,HiGHS optimal seeds only,16,True
stage3.independent_coverage.budget_100,R32-T8: bounded K12 vs exact,independent_coverage,100,R32-T8,CA-HMCD-BoundedK12-Candidate,CA-HMCD-Exact,higher,30,0.3958333333333333,0.6125,-0.21666666666666667,-0.26666666666666666,-0.17083333333333334,"paired BCa bootstrap, 10000 resamples",two-sided paired Wilcoxon signed-rank test,0,5.597403044914001e-06,5.5974030449140005e-05,-1.60396490362897,-1.0,0.06666666666666667,HiGHS optimal seeds only,16,True
stage3.decision_runtime_ms.budget_100,R10-T12: bounded K12 vs exact,decision_runtime_ms,100,R10-T12,CA-HMCD-BoundedK12-Candidate,CA-HMCD-Exact,lower,30,194.6040433333716,92.37472666676088,102.22931666661073,87.73220215894477,117.5116656313534,"paired BCa bootstrap, 10000 resamples",two-sided paired Wilcoxon signed-rank test,0,1.825371456361214e-06,2.9205943301779423e-05,2.3871362192393053,1.0,0.0,all paired seeds,16,True
stage3.decision_runtime_ms.budget_100,R10-T16: bounded K12 vs exact,decision_runtime_ms,100,R10-T16,CA-HMCD-BoundedK12-Candidate,CA-HMCD-Exact,lower,30,266.4721666668508,124.65511666662981,141.81705000022097,123.6323926515585,165.52792598058954,"paired BCa bootstrap, 10000 resamples",two-sided paired Wilcoxon signed-rank test,0,1.825371456361214e-06,2.9205943301779423e-05,2.3999357259730774,1.0,0.0,all paired seeds,16,True
stage3.decision_runtime_ms.budget_100,R10-T4: bounded K12 vs exact,decision_runtime_ms,100,R10-T4,CA-HMCD-BoundedK12-Candidate,CA-HMCD-Exact,lower,30,64.76960333341897,36.46978333345032,28.29981999996865,17.59317401579952,38.406498461383244,"paired BCa bootstrap, 10000 resamples",two-sided paired Wilcoxon signed-rank test,40.0,7.843864559084298e-05,0.00039219322795421485,0.9575286510121417,0.8279569892473119,0.1,all paired seeds,16,True
stage3.decision_runtime_ms.budget_100,R10-T8: bounded K12 vs exact,decision_runtime_ms,100,R10-T8,CA-HMCD-BoundedK12-Candidate,CA-HMCD-Exact,lower,30,125.97173666654271,57.15036000007482,68.82137666646788,58.86187498082062,82.70051674226497,"paired BCa bootstrap, 10000 resamples",two-sided paired Wilcoxon signed-rank test,0,1.825371456361214e-06,2.9205943301779423e-05,2.086303007737736,1.0,0.0,all paired seeds,16,True
stage3.decision_runtime_ms.budget_100,R16-T12: bounded K12 vs exact,decision_runtime_ms,100,R16-T12,CA-HMCD-BoundedK12-Candidate,CA-HMCD-Exact,lower,30,2159.5743766666296,312.92957000005117,1846.6448066665787,1602.9054631656247,2118.1725075080394,"paired BCa bootstrap, 10000 resamples",two-sided paired Wilcoxon signed-rank test,0,1.825371456361214e-06,2.9205943301779423e-05,2.5090893049234264,1.0,0.0,all paired seeds,16,True
stage3.decision_runtime_ms.budget_100,R16-T16: bounded K12 vs exact,decision_runtime_ms,100,R16-T16,CA-HMCD-BoundedK12-Candidate,CA-HMCD-Exact,lower,30,2635.3619300000596,393.08621333342063,2242.2757166666393,1995.6236456128063,2496.1110069128677,"paired BCa bootstrap, 10000 resamples",two-sided paired Wilcoxon signed-rank test,0,1.825371456361214e-06,2.9205943301779423e-05,3.1113804196938695,1.0,0.0,all paired seeds,16,True
stage3.decision_runtime_ms.budget_100,R16-T4: bounded K12 vs exact,decision_runtime_ms,100,R16-T4,CA-HMCD-BoundedK12-Candidate,CA-HMCD-Exact,lower,30,670.5086899998909,108.18492333334386,562.3237666665469,447.07436312870004,681.6271955926641,"paired BCa bootstrap, 10000 resamples",two-sided paired Wilcoxon signed-rank test,0,1.825371456361214e-06,2.9205943301779423e-05,1.6683982240331312,1.0,0.0,all paired seeds,16,True
stage3.decision_runtime_ms.budget_100,R16-T8: bounded K12 vs exact,decision_runtime_ms,100,R16-T8,CA-HMCD-BoundedK12-Candidate,CA-HMCD-Exact,lower,30,1293.0285866666356,192.47770333313383,1100.5508833335018,957.238565234892,1238.4870949819297,"paired BCa bootstrap, 10000 resamples",two-sided paired Wilcoxon signed-rank test,0,1.825371456361214e-06,2.9205943301779423e-05,2.7117062253959725,1.0,0.0,all paired seeds,16,True
stage3.decision_runtime_ms.budget_100,R24-T12: bounded K12 vs exact,decision_runtime_ms,100,R24-T12,CA-HMCD-BoundedK12-Candidate,CA-HMCD-Exact,lower,30,969.7372833332338,1049.0451466665643,-79.30786333333042,-176.75268623777134,27.513102003186166,"paired BCa bootstrap, 10000 resamples",two-sided paired Wilcoxon signed-rank test,163.0,0.1558362230404193,0.1558362230404193,-0.2743774323336362,-0.2989247311827957,0.6666666666666666,all paired seeds,16,False
stage3.decision_runtime_ms.budget_100,R24-T16: bounded K12 vs exact,decision_runtime_ms,100,R24-T16,CA-HMCD-BoundedK12-Candidate,CA-HMCD-Exact,lower,30,1240.726456666683,1382.7739933333457,-142.0475366666627,-238.62766235589186,-32.634732823833566,"paired BCa bootstrap, 10000 resamples",two-sided paired Wilcoxon signed-rank test,116.0,0.017036115435234294,0.06814446174093718,-0.48440991025054647,-0.5010752688172043,0.7,all paired seeds,16,False
stage3.decision_runtime_ms.budget_100,R24-T4: bounded K12 vs exact,decision_runtime_ms,100,R24-T4,CA-HMCD-BoundedK12-Candidate,CA-HMCD-Exact,lower,30,271.96148999973957,334.2225600001863,-62.26107000044673,-117.13101756574477,7.3934972171704665,"paired BCa bootstrap, 10000 resamples",two-sided paired Wilcoxon signed-rank test,137.0,0.05070213506377895,0.1014042701275579,-0.35218275177883973,-0.410752688172043,0.6666666666666666,all paired seeds,16,False
stage3.decision_runtime_ms.budget_100,R24-T8: bounded K12 vs exact,decision_runtime_ms,100,R24-T8,CA-HMCD-BoundedK12-Candidate,CA-HMCD-Exact,lower,30,530.1244099997348,645.7806766666787,-115.65626666694395,-199.30605275636418,-23.26261600332874,"paired BCa bootstrap, 10000 resamples",two-sided paired Wilcoxon signed-rank test,117.0,0.018012599519817915,0.06814446174093718,-0.4661881550412176,-0.4967741935483871,0.7,all paired seeds,16,False
stage3.decision_runtime_ms.budget_100,R32-T12: bounded K12 vs exact,decision_runtime_ms,100,R32-T12,CA-HMCD-BoundedK12-Candidate,CA-HMCD-Exact,lower,30,1087.3094466665254,2643.799056666709,-1556.4896100001836,-1668.5682045354872,-1439.7565284790464,"paired BCa bootstrap, 10000 resamples",two-sided paired Wilcoxon signed-rank test,0,1.825371456361214e-06,2.9205943301779423e-05,-4.683168000024965,-1.0,1.0,all paired seeds,16,True
stage3.decision_runtime_ms.budget_100,R32-T16: bounded K12 vs exact,decision_runtime_ms,100,R32-T16,CA-HMCD-BoundedK12-Candidate,CA-HMCD-Exact,lower,30,1346.5162900000603,3336.3241133328606,-1989.8078233328004,-2112.3754450940614,-1880.5018003763498,"paired BCa bootstrap, 10000 resamples",two-sided paired Wilcoxon signed-rank test,0,1.825371456361214e-06,2.9205943301779423e-05,-5.991508302737282,-1.0,1.0,all paired seeds,16,True
stage3.decision_runtime_ms.budget_100,R32-T4: bounded K12 vs exact,decision_runtime_ms,100,R32-T4,CA-HMCD-BoundedK12-Candidate,CA-HMCD-Exact,lower,30,297.87242333319836,850.9910899999037,-553.1186666667054,-615.8226461088941,-486.27137264444116,"paired BCa bootstrap, 10000 resamples",two-sided paired Wilcoxon signed-rank test,0,1.825371456361214e-06,2.9205943301779423e-05,-3.042888047758182,-1.0,1.0,all paired seeds,16,True
stage3.decision_runtime_ms.budget_100,R32-T8: bounded K12 vs exact,decision_runtime_ms,100,R32-T8,CA-HMCD-BoundedK12-Candidate,CA-HMCD-Exact,lower,30,616.463206666837,1662.461993333333,-1045.998786666496,-1127.4109690129028,-965.8331099531594,"paired BCa bootstrap, 10000 resamples",two-sided paired Wilcoxon signed-rank test,0,1.825371456361214e-06,2.9205943301779423e-05,-4.599249316749701,-1.0,1.0,all paired seeds,16,True
stage3.candidate_after_diversity.budget_100,R10-T12: bounded K12 vs exact,candidate_after_diversity,100,R10-T12,CA-HMCD-BoundedK12-Candidate,CA-HMCD-Exact,lower,30,88.73333333333333,757.4666666666667,-668.7333333333333,-724.6666666666666,-611.1666666666666,"paired BCa bootstrap, 10000 resamples",two-sided paired Wilcoxon signed-rank test,0,1.8230851402174482e-06,2.885996381526209e-05,-4.1426409848056345,-1.0,1.0,all paired seeds,16,True
stage3.candidate_after_diversity.budget_100,R10-T16: bounded K12 vs exact,candidate_after_diversity,100,R10-T16,CA-HMCD-BoundedK12-Candidate,CA-HMCD-Exact,lower,30,118.46666666666667,1010.0666666666667,-891.6,-967.7371964151032,-814.3,"paired BCa bootstrap, 10000 resamples",two-sided paired Wilcoxon signed-rank test,0,1.825371456361214e-06,2.885996381526209e-05,-4.110543851358838,-1.0,1.0,all paired seeds,16,True
stage3.candidate_after_diversity.budget_100,R10-T4: bounded K12 vs exact,candidate_after_diversity,100,R10-T4,CA-HMCD-BoundedK12-Candidate,CA-HMCD-Exact,lower,30,29.0,246.1,-217.1,-258.4281759647389,-178.53948479344243,"paired BCa bootstrap, 10000 resamples",two-sided paired Wilcoxon signed-rank test,0,1.8037477384538806e-06,2.885996381526209e-05,-1.8858658838476672,-1.0,1.0,all paired seeds,16,True
stage3.candidate_after_diversity.budget_100,R10-T8: bounded K12 vs exact,candidate_after_diversity,100,R10-T8,CA-HMCD-BoundedK12-Candidate,CA-HMCD-Exact,lower,30,58.46666666666667,484.93333333333334,-426.46666666666664,-480.9333333333333,-374.03333333333336,"paired BCa bootstrap, 10000 resamples",two-sided paired Wilcoxon signed-rank test,0,1.821942878390675e-06,2.885996381526209e-05,-2.7883570449211392,-1.0,1.0,all paired seeds,16,True
stage3.candidate_after_diversity.budget_100,R16-T12: bounded K12 vs exact,candidate_after_diversity,100,R16-T12,CA-HMCD-BoundedK12-Candidate,CA-HMCD-Exact,lower,30,92.33333333333333,2905.8333333333335,-2813.5,-3082.0330426951086,-2535.1150140986542,"paired BCa bootstrap, 10000 resamples",two-sided paired Wilcoxon signed-rank test,0,1.8242279994594843e-06,2.885996381526209e-05,-3.6773543593726603,-1.0,1.0,all paired seeds,16,True
stage3.candidate_after_diversity.budget_100,R16-T16: bounded K12 vs exact,candidate_after_diversity,100,R16-T16,CA-HMCD-BoundedK12-Candidate,CA-HMCD-Exact,lower,30,123.66666666666667,3851.9666666666667,-3728.3,-4077.5824195306413,-3403.0040076515065,"paired BCa bootstrap, 10000 resamples",two-sided paired Wilcoxon signed-rank test,0,1.825371456361214e-06,2.885996381526209e-05,-3.9118947028362645,-1.0,1.0,all paired seeds,16,True
stage3.candidate_after_diversity.budget_100,R16-T4: bounded K12 vs exact,candidate_after_diversity,100,R16-T4,CA-HMCD-BoundedK12-Candidate,CA-HMCD-Exact,lower,30,33.733333333333334,997.3,-963.5666666666667,-1120.906574726237,-813.2257800330731,"paired BCa bootstrap, 10000 resamples",two-sided paired Wilcoxon signed-rank test,0,1.8185196749587962e-06,2.885996381526209e-05,-2.2001201775695183,-1.0,1.0,all paired seeds,16,True
stage3.candidate_after_diversity.budget_100,R16-T8: bounded K12 vs exact,candidate_after_diversity,100,R16-T8,CA-HMCD-BoundedK12-Candidate,CA-HMCD-Exact,lower,30,63.43333333333333,1919.7333333333333,-1856.3,-2038.3567158509431,-1639.0404733497767,"paired BCa bootstrap, 10000 resamples",two-sided paired Wilcoxon signed-rank test,0,1.825371456361214e-06,2.885996381526209e-05,-3.2763523642605734,-1.0,1.0,all paired seeds,16,True
stage3.candidate_after_diversity.budget_100,R24-T12: bounded K12 vs exact,candidate_after_diversity,100,R24-T12,CA-HMCD-BoundedK12-Candidate,CA-HMCD-Exact,lower,30,80.63333333333334,9630.966666666667,-9550.333333333334,-10559.386959051604,-8398.094283043147,"paired BCa bootstrap, 10000 resamples",two-sided paired Wilcoxon signed-rank test,0,1.825371456361214e-06,2.885996381526209e-05,-3.137744438932119,-1.0,1.0,all paired seeds,16,True
stage3.candidate_after_diversity.budget_100,R24-T16: bounded K12 vs exact,candidate_after_diversity,100,R24-T16,CA-HMCD-BoundedK12-Candidate,CA-HMCD-Exact,lower,30,108.36666666666666,12428.066666666668,-12319.7,-13318.493490533094,-11281.13821135453,"paired BCa bootstrap, 10000 resamples",two-sided paired Wilcoxon signed-rank test,0,1.825371456361214e-06,2.885996381526209e-05,-4.236034281777371,-1.0,1.0,all paired seeds,16,True
stage3.candidate_after_diversity.budget_100,R24-T4: bounded K12 vs exact,candidate_after_diversity,100,R24-T4,CA-HMCD-BoundedK12-Candidate,CA-HMCD-Exact,lower,30,26.466666666666665,3047.7,-3021.233333333333,-3608.743944217182,-2439.381030350531,"paired BCa bootstrap, 10000 resamples",two-sided paired Wilcoxon signed-rank test,0,1.825371456361214e-06,2.885996381526209e-05,-1.8008661488615643,-1.0,1.0,all paired seeds,16,True
stage3.candidate_after_diversity.budget_100,R24-T8: bounded K12 vs exact,candidate_after_diversity,100,R24-T8,CA-HMCD-BoundedK12-Candidate,CA-HMCD-Exact,lower,30,51.266666666666666,5875.833333333333,-5824.566666666667,-6690.226086556551,-4958.65693865452,"paired BCa bootstrap, 10000 resamples",two-sided paired Wilcoxon signed-rank test,0,1.825371456361214e-06,2.885996381526209e-05,-2.3684481726870605,-1.0,1.0,all paired seeds,16,True
stage3.candidate_after_diversity.budget_100,R32-T12: bounded K12 vs exact,candidate_after_diversity,100,R32-T12,CA-HMCD-BoundedK12-Candidate,CA-HMCD-Exact,lower,30,70.2,23865.2,-23795.0,-25874.70877322484,-21503.800193352406,"paired BCa bootstrap, 10000 resamples",two-sided paired Wilcoxon signed-rank test,0,1.825371456361214e-06,2.885996381526209e-05,-3.880737848755907,-1.0,1.0,all paired seeds,16,True
stage3.candidate_after_diversity.budget_100,R32-T16: bounded K12 vs exact,candidate_after_diversity,100,R32-T16,CA-HMCD-BoundedK12-Candidate,CA-HMCD-Exact,lower,30,93.0,31457.633333333335,-31364.633333333335,-34007.804648209785,-28429.294150529844,"paired BCa bootstrap, 10000 resamples",two-sided paired Wilcoxon signed-rank test,0,1.825371456361214e-06,2.885996381526209e-05,-3.9718598655979847,-1.0,1.0,all paired seeds,16,True
stage3.candidate_after_diversity.budget_100,R32-T4: bounded K12 vs exact,candidate_after_diversity,100,R32-T4,CA-HMCD-BoundedK12-Candidate,CA-HMCD-Exact,lower,30,21.733333333333334,7619.7,-7597.966666666666,-8929.156928646617,-6335.255082955803,"paired BCa bootstrap, 10000 resamples",two-sided paired Wilcoxon signed-rank test,0,1.8242279994594843e-06,2.885996381526209e-05,-2.059310902486561,-1.0,1.0,all paired seeds,16,True
stage3.candidate_after_diversity.budget_100,R32-T8: bounded K12 vs exact,candidate_after_diversity,100,R32-T8,CA-HMCD-BoundedK12-Candidate,CA-HMCD-Exact,lower,30,42.63333333333333,14820.966666666667,-14778.333333333334,-16402.204709637714,-12969.449565566301,"paired BCa bootstrap, 10000 resamples",two-sided paired Wilcoxon signed-rank test,0,1.8242279994594843e-06,2.885996381526209e-05,-3.049835438109663,-1.0,1.0,all paired seeds,16,True
stage3.nodes.budget_100,R10-T12: bounded K12 vs exact,nodes,100,R10-T12,CA-HMCD-BoundedK12-Candidate,CA-HMCD-Exact,lower,30,0.0,1.0,-1.0,-1.0,-1.0,"paired BCa bootstrap, 10000 resamples",two-sided paired Wilcoxon signed-rank test,0,4.617427956906448e-08,7.387884731050317e-07,0.0,-1.0,1.0,all paired seeds,16,True
stage3.nodes.budget_100,R10-T16: bounded K12 vs exact,nodes,100,R10-T16,CA-HMCD-BoundedK12-Candidate,CA-HMCD-Exact,lower,30,0.0,1.0,-1.0,-1.0,-1.0,"paired BCa bootstrap, 10000 resamples",two-sided paired Wilcoxon signed-rank test,0,4.617427956906448e-08,7.387884731050317e-07,0.0,-1.0,1.0,all paired seeds,16,True
stage3.nodes.budget_100,R10-T4: bounded K12 vs exact,nodes,100,R10-T4,CA-HMCD-BoundedK12-Candidate,CA-HMCD-Exact,lower,30,211.3,0.8,210.5,142.54310712515093,344.68620320764006,"paired BCa bootstrap, 10000 resamples",two-sided paired Wilcoxon signed-rank test,15.0,7.963431242031637e-06,3.185372496812655e-05,0.7982111657131215,0.9354838709677419,0.16666666666666666,all paired seeds,16,True
stage3.nodes.budget_100,R10-T8: bounded K12 vs exact,nodes,100,R10-T8,CA-HMCD-BoundedK12-Candidate,CA-HMCD-Exact,lower,30,371.03333333333336,1.0,370.03333333333336,152.00591750068335,736.3992439673086,"paired BCa bootstrap, 10000 resamples",two-sided paired Wilcoxon signed-rank test,212.0,0.6656701928455344,1.0,0.46867320166436965,-0.08817204301075268,0.7333333333333333,all paired seeds,16,False
stage3.nodes.budget_100,R16-T12: bounded K12 vs exact,nodes,100,R16-T12,CA-HMCD-BoundedK12-Candidate,CA-HMCD-Exact,lower,30,0.0,1.0,-1.0,-1.0,-1.0,"paired BCa bootstrap, 10000 resamples",two-sided paired Wilcoxon signed-rank test,0,4.617427956906448e-08,7.387884731050317e-07,0.0,-1.0,1.0,all paired seeds,16,True
stage3.nodes.budget_100,R16-T16: bounded K12 vs exact,nodes,100,R16-T16,CA-HMCD-BoundedK12-Candidate,CA-HMCD-Exact,lower,30,0.0,1.0,-1.0,-1.0,-1.0,"paired BCa bootstrap, 10000 resamples",two-sided paired Wilcoxon signed-rank test,0,4.617427956906448e-08,7.387884731050317e-07,0.0,-1.0,1.0,all paired seeds,16,True
stage3.nodes.budget_100,R16-T4: bounded K12 vs exact,nodes,100,R16-T4,CA-HMCD-BoundedK12-Candidate,CA-HMCD-Exact,lower,30,5.833333333333333,1.0,4.833333333333333,-1.0,28.16666666666667,"paired BCa bootstrap, 10000 resamples",two-sided paired Wilcoxon signed-rank test,30.0,2.752262998349333e-06,1.3761314991746664e-05,0.1512757539776173,-0.8709677419354839,0.9666666666666667,all paired seeds,16,True
stage3.nodes.budget_100,R16-T8: bounded K12 vs exact,nodes,100,R16-T8,CA-HMCD-BoundedK12-Candidate,CA-HMCD-Exact,lower,30,0.0,1.0,-1.0,-1.0,-1.0,"paired BCa bootstrap, 10000 resamples",two-sided paired Wilcoxon signed-rank test,0,4.617427956906448e-08,7.387884731050317e-07,0.0,-1.0,1.0,all paired seeds,16,True
stage3.nodes.budget_100,R24-T12: bounded K12 vs exact,nodes,100,R24-T12,CA-HMCD-BoundedK12-Candidate,CA-HMCD-Exact,lower,30,0.0,1.0,-1.0,-1.0,-1.0,"paired BCa bootstrap, 10000 resamples",two-sided paired Wilcoxon signed-rank test,0,4.617427956906448e-08,7.387884731050317e-07,0.0,-1.0,1.0,all paired seeds,16,True
stage3.nodes.budget_100,R24-T16: bounded K12 vs exact,nodes,100,R24-T16,CA-HMCD-BoundedK12-Candidate,CA-HMCD-Exact,lower,30,0.0,1.0,-1.0,-1.0,-1.0,"paired BCa bootstrap, 10000 resamples",two-sided paired Wilcoxon signed-rank test,0,4.617427956906448e-08,7.387884731050317e-07,0.0,-1.0,1.0,all paired seeds,16,True
stage3.nodes.budget_100,R24-T4: bounded K12 vs exact,nodes,100,R24-T4,CA-HMCD-BoundedK12-Candidate,CA-HMCD-Exact,lower,30,54.9,0.9666666666666667,53.93333333333333,23.336839451438962,110.1323987806684,"paired BCa bootstrap, 10000 resamples",two-sided paired Wilcoxon signed-rank test,231.0,0.9828781057640175,1.0,0.4743901810288532,0.0064516129032258064,0.7,all paired seeds,16,False
stage3.nodes.budget_100,R24-T8: bounded K12 vs exact,nodes,100,R24-T8,CA-HMCD-BoundedK12-Candidate,CA-HMCD-Exact,lower,30,0.0,1.0,-1.0,-1.0,-1.0,"paired BCa bootstrap, 10000 resamples",two-sided paired Wilcoxon signed-rank test,0,4.617427956906448e-08,7.387884731050317e-07,0.0,-1.0,1.0,all paired seeds,16,True
stage3.nodes.budget_100,R32-T12: bounded K12 vs exact,nodes,100,R32-T12,CA-HMCD-BoundedK12-Candidate,CA-HMCD-Exact,lower,30,0.0,1.0,-1.0,-1.0,-1.0,"paired BCa bootstrap, 10000 resamples",two-sided paired Wilcoxon signed-rank test,0,4.617427956906448e-08,7.387884731050317e-07,0.0,-1.0,1.0,all paired seeds,16,True
stage3.nodes.budget_100,R32-T16: bounded K12 vs exact,nodes,100,R32-T16,CA-HMCD-BoundedK12-Candidate,CA-HMCD-Exact,lower,30,0.0,1.0,-1.0,-1.0,-1.0,"paired BCa bootstrap, 10000 resamples",two-sided paired Wilcoxon signed-rank test,0,4.617427956906448e-08,7.387884731050317e-07,0.0,-1.0,1.0,all paired seeds,16,True
stage3.nodes.budget_100,R32-T4: bounded K12 vs exact,nodes,100,R32-T4,CA-HMCD-BoundedK12-Candidate,CA-HMCD-Exact,lower,30,18.866666666666667,0.8666666666666667,18.0,3.066666666666667,80.85015700856201,"paired BCa bootstrap, 10000 resamples",two-sided paired Wilcoxon signed-rank test,210.0,0.8747585388047956,1.0,0.23489946736606163,0.034482758620689655,0.6833333333333333,all paired seeds,16,False
stage3.nodes.budget_100,R32-T8: bounded K12 vs exact,nodes,100,R32-T8,CA-HMCD-BoundedK12-Candidate,CA-HMCD-Exact,lower,30,0.0,0.9666666666666667,-0.9666666666666667,-1.0,-0.8333333333333334,"paired BCa bootstrap, 10000 resamples",two-sided paired Wilcoxon signed-rank test,0,7.752970071781925e-08,7.387884731050317e-07,-5.2946513892166065,-1.0,0.9833333333333333,all paired seeds,16,True
stage3.fallback.budget_100,R10-T12: bounded K12 vs exact,fallback,100,R10-T12,CA-HMCD-BoundedK12-Candidate,CA-HMCD-Exact,lower,30,1.0,0.0,1.0,1.0,1.0,"paired BCa bootstrap, 10000 resamples",two-sided paired Wilcoxon signed-rank test,0,4.617427956906448e-08,7.387884731050317e-07,0.0,1.0,0.0,all paired seeds,16,True
stage3.fallback.budget_100,R10-T16: bounded K12 vs exact,fallback,100,R10-T16,CA-HMCD-BoundedK12-Candidate,CA-HMCD-Exact,lower,30,1.0,0.0,1.0,1.0,1.0,"paired BCa bootstrap, 10000 resamples",two-sided paired Wilcoxon signed-rank test,0,4.617427956906448e-08,7.387884731050317e-07,0.0,1.0,0.0,all paired seeds,16,True
stage3.fallback.budget_100,R10-T4: bounded K12 vs exact,fallback,100,R10-T4,CA-HMCD-BoundedK12-Candidate,CA-HMCD-Exact,lower,30,0.16666666666666666,0.0,0.16666666666666666,0.06666666666666667,0.3333333333333333,"paired BCa bootstrap, 10000 resamples",two-sided paired Wilcoxon signed-rank test,0,0.0625,0.0625,0.43969686527576396,1.0,0.4166666666666667,all paired seeds,16,False
stage3.fallback.budget_100,R10-T8: bounded K12 vs exact,fallback,100,R10-T8,CA-HMCD-BoundedK12-Candidate,CA-HMCD-Exact,lower,30,0.8333333333333334,0.0,0.8333333333333334,0.6666666666666666,0.9333333333333333,"paired BCa bootstrap, 10000 resamples",two-sided paired Wilcoxon signed-rank test,0,6.208518738318092e-07,2.4834074953272368e-06,2.19848432637882,1.0,0.08333333333333333,all paired seeds,16,True
stage3.fallback.budget_100,R16-T12: bounded K12 vs exact,fallback,100,R16-T12,CA-HMCD-BoundedK12-Candidate,CA-HMCD-Exact,lower,30,1.0,0.0,1.0,1.0,1.0,"paired BCa bootstrap, 10000 resamples",two-sided paired Wilcoxon signed-rank test,0,4.617427956906448e-08,7.387884731050317e-07,0.0,1.0,0.0,all paired seeds,16,True
stage3.fallback.budget_100,R16-T16: bounded K12 vs exact,fallback,100,R16-T16,CA-HMCD-BoundedK12-Candidate,CA-HMCD-Exact,lower,30,1.0,0.0,1.0,1.0,1.0,"paired BCa bootstrap, 10000 resamples",two-sided paired Wilcoxon signed-rank test,0,4.617427956906448e-08,7.387884731050317e-07,0.0,1.0,0.0,all paired seeds,16,True
stage3.fallback.budget_100,R16-T4: bounded K12 vs exact,fallback,100,R16-T4,CA-HMCD-BoundedK12-Candidate,CA-HMCD-Exact,lower,30,0.9666666666666667,0.0,0.9666666666666667,0.8333333333333334,1.0,"paired BCa bootstrap, 10000 resamples",two-sided paired Wilcoxon signed-rank test,0,7.752970071781925e-08,7.387884731050317e-07,5.2946513892166065,1.0,0.016666666666666666,all paired seeds,16,True
stage3.fallback.budget_100,R16-T8: bounded K12 vs exact,fallback,100,R16-T8,CA-HMCD-BoundedK12-Candidate,CA-HMCD-Exact,lower,30,1.0,0.0,1.0,1.0,1.0,"paired BCa bootstrap, 10000 resamples",two-sided paired Wilcoxon signed-rank test,0,4.617427956906448e-08,7.387884731050317e-07,0.0,1.0,0.0,all paired seeds,16,True
stage3.fallback.budget_100,R24-T12: bounded K12 vs exact,fallback,100,R24-T12,CA-HMCD-BoundedK12-Candidate,CA-HMCD-Exact,lower,30,1.0,0.0,1.0,1.0,1.0,"paired BCa bootstrap, 10000 resamples",two-sided paired Wilcoxon signed-rank test,0,4.617427956906448e-08,7.387884731050317e-07,0.0,1.0,0.0,all paired seeds,16,True
stage3.fallback.budget_100,R24-T16: bounded K12 vs exact,fallback,100,R24-T16,CA-HMCD-BoundedK12-Candidate,CA-HMCD-Exact,lower,30,1.0,0.0,1.0,1.0,1.0,"paired BCa bootstrap, 10000 resamples",two-sided paired Wilcoxon signed-rank test,0,4.617427956906448e-08,7.387884731050317e-07,0.0,1.0,0.0,all paired seeds,16,True
stage3.fallback.budget_100,R24-T4: bounded K12 vs exact,fallback,100,R24-T4,CA-HMCD-BoundedK12-Candidate,CA-HMCD-Exact,lower,30,0.7,0.0,0.7,0.5333333333333333,0.8333333333333335,"paired BCa bootstrap, 10000 resamples",two-sided paired Wilcoxon signed-rank test,0,5.049087762292772e-06,1.5147263286878315e-05,1.501850710142508,1.0,0.15,all paired seeds,16,True
stage3.fallback.budget_100,R24-T8: bounded K12 vs exact,fallback,100,R24-T8,CA-HMCD-BoundedK12-Candidate,CA-HMCD-Exact,lower,30,1.0,0.0,1.0,1.0,1.0,"paired BCa bootstrap, 10000 resamples",two-sided paired Wilcoxon signed-rank test,0,4.617427956906448e-08,7.387884731050317e-07,0.0,1.0,0.0,all paired seeds,16,True
stage3.fallback.budget_100,R32-T12: bounded K12 vs exact,fallback,100,R32-T12,CA-HMCD-BoundedK12-Candidate,CA-HMCD-Exact,lower,30,1.0,0.0,1.0,1.0,1.0,"paired BCa bootstrap, 10000 resamples",two-sided paired Wilcoxon signed-rank test,0,4.617427956906448e-08,7.387884731050317e-07,0.0,1.0,0.0,all paired seeds,16,True
stage3.fallback.budget_100,R32-T16: bounded K12 vs exact,fallback,100,R32-T16,CA-HMCD-BoundedK12-Candidate,CA-HMCD-Exact,lower,30,1.0,0.0,1.0,1.0,1.0,"paired BCa bootstrap, 10000 resamples",two-sided paired Wilcoxon signed-rank test,0,4.617427956906448e-08,7.387884731050317e-07,0.0,1.0,0.0,all paired seeds,16,True
stage3.fallback.budget_100,R32-T4: bounded K12 vs exact,fallback,100,R32-T4,CA-HMCD-BoundedK12-Candidate,CA-HMCD-Exact,lower,30,0.7,0.0,0.7,0.5333333333333333,0.8333333333333334,"paired BCa bootstrap, 10000 resamples",two-sided paired Wilcoxon signed-rank test,0,5.049087762292772e-06,1.5147263286878315e-05,1.501850710142508,1.0,0.15,all paired seeds,16,True
stage3.fallback.budget_100,R32-T8: bounded K12 vs exact,fallback,100,R32-T8,CA-HMCD-BoundedK12-Candidate,CA-HMCD-Exact,lower,30,1.0,0.0,1.0,1.0,1.0,"paired BCa bootstrap, 10000 resamples",two-sided paired Wilcoxon signed-rank test,0,4.617427956906448e-08,7.387884731050317e-07,0.0,1.0,0.0,all paired seeds,16,True
stage3.deadline_hit.budget_100,R10-T12: bounded K12 vs exact,deadline_hit,100,R10-T12,CA-HMCD-BoundedK12-Candidate,CA-HMCD-Exact,higher,30,0.0,0.9333333333333333,-0.9333333333333333,-1.0,-0.8,"paired BCa bootstrap, 10000 resamples",two-sided paired Wilcoxon signed-rank test,0,1.3026743952549642e-07,2.0842790324079428e-06,-3.6787679096857056,-1.0,0.03333333333333333,all paired seeds,16,True
stage3.deadline_hit.budget_100,R10-T16: bounded K12 vs exact,deadline_hit,100,R10-T16,CA-HMCD-BoundedK12-Candidate,CA-HMCD-Exact,higher,30,0.0,0.03333333333333333,-0.03333333333333333,-0.16666666666666666,0.0,"paired BCa bootstrap, 10000 resamples",two-sided paired Wilcoxon signed-rank test,0,1.0,1.0,-0.18257418583505539,-1.0,0.48333333333333334,all paired seeds,16,False
stage3.deadline_hit.budget_100,R10-T4: bounded K12 vs exact,deadline_hit,100,R10-T4,CA-HMCD-BoundedK12-Candidate,CA-HMCD-Exact,higher,30,0.8333333333333334,0.9666666666666667,-0.13333333333333333,-0.3,0.0,"paired BCa bootstrap, 10000 resamples",two-sided paired Wilcoxon signed-rank test,3.5,0.21875,1.0,-0.3070976116635082,-0.6666666666666666,0.43333333333333335,all paired seeds,16,False
stage3.deadline_hit.budget_100,R10-T8: bounded K12 vs exact,deadline_hit,100,R10-T8,CA-HMCD-BoundedK12-Candidate,CA-HMCD-Exact,higher,30,0.16666666666666666,1.0,-0.8333333333333334,-0.9333333333333333,-0.6666666666666666,"paired BCa bootstrap, 10000 resamples",two-sided paired Wilcoxon signed-rank test,0,6.208518738318092e-07,9.312778107477137e-06,-2.19848432637882,-1.0,0.08333333333333333,all paired seeds,16,True
stage3.deadline_hit.budget_100,R16-T12: bounded K12 vs exact,deadline_hit,100,R16-T12,CA-HMCD-BoundedK12-Candidate,CA-HMCD-Exact,higher,30,0.0,0.0,0.0,0.0,0.0,"paired BCa bootstrap, 10000 resamples",two-sided paired Wilcoxon signed-rank test,0.0,1.0,1.0,0.0,0.0,0.5,all paired seeds,16,False
stage3.deadline_hit.budget_100,R16-T16: bounded K12 vs exact,deadline_hit,100,R16-T16,CA-HMCD-BoundedK12-Candidate,CA-HMCD-Exact,higher,30,0.0,0.0,0.0,0.0,0.0,"paired BCa bootstrap, 10000 resamples",two-sided paired Wilcoxon signed-rank test,0.0,1.0,1.0,0.0,0.0,0.5,all paired seeds,16,False
stage3.deadline_hit.budget_100,R16-T4: bounded K12 vs exact,deadline_hit,100,R16-T4,CA-HMCD-BoundedK12-Candidate,CA-HMCD-Exact,higher,30,0.03333333333333333,0.23333333333333334,-0.2,-0.36666666666666664,-0.06666666666666667,"paired BCa bootstrap, 10000 resamples",two-sided paired Wilcoxon signed-rank test,0,0.03125,0.375,-0.49159604012508756,-1.0,0.4,all paired seeds,16,False
stage3.deadline_hit.budget_100,R16-T8: bounded K12 vs exact,deadline_hit,100,R16-T8,CA-HMCD-BoundedK12-Candidate,CA-HMCD-Exact,higher,30,0.0,0.0,0.0,0.0,0.0,"paired BCa bootstrap, 10000 resamples",two-sided paired Wilcoxon signed-rank test,0.0,1.0,1.0,0.0,0.0,0.5,all paired seeds,16,False
stage3.deadline_hit.budget_100,R24-T12: bounded K12 vs exact,deadline_hit,100,R24-T12,CA-HMCD-BoundedK12-Candidate,CA-HMCD-Exact,higher,30,0.0,0.0,0.0,0.0,0.0,"paired BCa bootstrap, 10000 resamples",two-sided paired Wilcoxon signed-rank test,0.0,1.0,1.0,0.0,0.0,0.5,all paired seeds,16,False
stage3.deadline_hit.budget_100,R24-T16: bounded K12 vs exact,deadline_hit,100,R24-T16,CA-HMCD-BoundedK12-Candidate,CA-HMCD-Exact,higher,30,0.0,0.0,0.0,0.0,0.0,"paired BCa bootstrap, 10000 resamples",two-sided paired Wilcoxon signed-rank test,0.0,1.0,1.0,0.0,0.0,0.5,all paired seeds,16,False
stage3.deadline_hit.budget_100,R24-T4: bounded K12 vs exact,deadline_hit,100,R24-T4,CA-HMCD-BoundedK12-Candidate,CA-HMCD-Exact,higher,30,0.3,0.0,0.3,0.16666666666666666,0.5,"paired BCa bootstrap, 10000 resamples",two-sided paired Wilcoxon signed-rank test,0,0.00390625,0.0546875,0.6436503043467892,1.0,0.65,all paired seeds,16,False
stage3.deadline_hit.budget_100,R24-T8: bounded K12 vs exact,deadline_hit,100,R24-T8,CA-HMCD-BoundedK12-Candidate,CA-HMCD-Exact,higher,30,0.0,0.0,0.0,0.0,0.0,"paired BCa bootstrap, 10000 resamples",two-sided paired Wilcoxon signed-rank test,0.0,1.0,1.0,0.0,0.0,0.5,all paired seeds,16,False
stage3.deadline_hit.budget_100,R32-T12: bounded K12 vs exact,deadline_hit,100,R32-T12,CA-HMCD-BoundedK12-Candidate,CA-HMCD-Exact,higher,30,0.0,0.0,0.0,0.0,0.0,"paired BCa bootstrap, 10000 resamples",two-sided paired Wilcoxon signed-rank test,0.0,1.0,1.0,0.0,0.0,0.5,all paired seeds,16,False
stage3.deadline_hit.budget_100,R32-T16: bounded K12 vs exact,deadline_hit,100,R32-T16,CA-HMCD-BoundedK12-Candidate,CA-HMCD-Exact,higher,30,0.0,0.0,0.0,0.0,0.0,"paired BCa bootstrap, 10000 resamples",two-sided paired Wilcoxon signed-rank test,0.0,1.0,1.0,0.0,0.0,0.5,all paired seeds,16,False
stage3.deadline_hit.budget_100,R32-T4: bounded K12 vs exact,deadline_hit,100,R32-T4,CA-HMCD-BoundedK12-Candidate,CA-HMCD-Exact,higher,30,0.3,0.0,0.3,0.16666666666666666,0.5,"paired BCa bootstrap, 10000 resamples",two-sided paired Wilcoxon signed-rank test,0,0.00390625,0.0546875,0.6436503043467892,1.0,0.65,all paired seeds,16,False
stage3.deadline_hit.budget_100,R32-T8: bounded K12 vs exact,deadline_hit,100,R32-T8,CA-HMCD-BoundedK12-Candidate,CA-HMCD-Exact,higher,30,0.0,0.0,0.0,0.0,0.0,"paired BCa bootstrap, 10000 resamples",two-sided paired Wilcoxon signed-rank test,0.0,1.0,1.0,0.0,0.0,0.5,all paired seeds,16,False
stage3.common_served_task_response_time.budget_100,R10-T12: bounded K12 vs exact,common_served_task_response_time,100,R10-T12,CA-HMCD-BoundedK12-Candidate,CA-HMCD-Exact,lower,30,0.5610238898863237,0.569154373418631,-0.008130483532307314,-0.013080710930084028,-0.003725034149836757,"paired BCa bootstrap, 10000 resamples",two-sided paired Wilcoxon signed-rank test,98.0,0.005848483237191831,0.05848483237191831,-0.60601026755679,-0.578494623655914,0.7,HiGHS optimal seeds only,16,False
stage3.common_served_task_response_time.budget_100,R10-T16: bounded K12 vs exact,common_served_task_response_time,100,R10-T16,CA-HMCD-BoundedK12-Candidate,CA-HMCD-Exact,lower,30,0.5600304156537496,0.5661257906240706,-0.006095374970321088,-0.010201511031653236,0.0007661445834834142,"paired BCa bootstrap, 10000 resamples",two-sided paired Wilcoxon signed-rank test,83.0,0.0037613899804406917,0.041375289784847606,-0.4139888558153901,-0.6183908045977011,0.7833333333333333,HiGHS optimal seeds only,16,True
stage3.common_served_task_response_time.budget_100,R10-T4: bounded K12 vs exact,common_served_task_response_time,100,R10-T4,CA-HMCD-BoundedK12-Candidate,CA-HMCD-Exact,lower,30,0.5195191646300901,0.5198893296146496,-0.0003701649845595234,-0.0014667783321180054,0.000640712315900211,"paired BCa bootstrap, 10000 resamples",two-sided paired Wilcoxon signed-rank test,12.0,0.4609375,1.0,-0.12707338388578818,-0.3333333333333333,0.5666666666666667,HiGHS optimal seeds only,16,False
stage3.common_served_task_response_time.budget_100,R10-T8: bounded K12 vs exact,common_served_task_response_time,100,R10-T8,CA-HMCD-BoundedK12-Candidate,CA-HMCD-Exact,lower,30,0.5427834939479272,0.5455285037138415,-0.0027450097659144136,-0.0078077360389748,0.0006352733146871681,"paired BCa bootstrap, 10000 resamples",two-sided paired Wilcoxon signed-rank test,96.0,0.3300716798086264,1.0,-0.23858713801529838,-0.24110671936758893,0.5666666666666667,HiGHS optimal seeds only,16,False
stage3.common_served_task_response_time.budget_100,R16-T12: bounded K12 vs exact,common_served_task_response_time,100,R16-T12,CA-HMCD-BoundedK12-Candidate,CA-HMCD-Exact,lower,30,0.5338236377260563,0.539538581045859,-0.005714943319802616,-0.010654199554834452,-0.002179119515840519,"paired BCa bootstrap, 10000 resamples",two-sided paired Wilcoxon signed-rank test,112.0,0.023181134868644475,0.20863021381780028,-0.4789947645278731,-0.4850574712643678,0.65,HiGHS optimal seeds only,16,False
stage3.common_served_task_response_time.budget_100,R16-T16: bounded K12 vs exact,common_served_task_response_time,100,R16-T16,CA-HMCD-BoundedK12-Candidate,CA-HMCD-Exact,lower,30,0.540569533341665,0.5525792029874711,-0.012009669645806123,-0.01711166786845167,-0.006585729594242988,"paired BCa bootstrap, 10000 resamples",two-sided paired Wilcoxon signed-rank test,64.0,0.0005493118817546343,0.007141054462810246,-0.8009071542218145,-0.7247311827956989,0.7666666666666667,HiGHS optimal seeds only,16,True
stage3.common_served_task_response_time.budget_100,R16-T4: bounded K12 vs exact,common_served_task_response_time,100,R16-T4,CA-HMCD-BoundedK12-Candidate,CA-HMCD-Exact,lower,30,0.5195434780652926,0.5192612323193404,0.00028224574595218097,-0.0022044129362325682,0.0028528159831564975,"paired BCa bootstrap, 10000 resamples",two-sided paired Wilcoxon signed-rank test,51.0,0.9515380859375,1.0,0.039345288236718984,0.02857142857142857,0.5,HiGHS optimal seeds only,16,False
stage3.common_served_task_response_time.budget_100,R16-T8: bounded K12 vs exact,common_served_task_response_time,100,R16-T8,CA-HMCD-BoundedK12-Candidate,CA-HMCD-Exact,lower,30,0.5441719334554104,0.5457195957888298,-0.0015476623334194362,-0.004456672460503791,0.0013540165744785222,"paired BCa bootstrap, 10000 resamples",two-sided paired Wilcoxon signed-rank test,158.0,0.31090335462393426,1.0,-0.18839257657747774,-0.22167487684729065,0.5333333333333333,HiGHS optimal seeds only,16,False
stage3.common_served_task_response_time.budget_100,R24-T12: bounded K12 vs exact,common_served_task_response_time,100,R24-T12,CA-HMCD-BoundedK12-Candidate,CA-HMCD-Exact,lower,30,0.516251269864416,0.5142709506902985,0.0019803191741176395,-0.0017697767865019133,0.005983558806396075,"paired BCa bootstrap, 10000 resamples",two-sided paired Wilcoxon signed-rank test,183.0,0.31352713674495514,1.0,0.1785870595689661,0.2129032258064516,0.43333333333333335,HiGHS optimal seeds only,16,False
stage3.common_served_task_response_time.budget_100,R24-T16: bounded K12 vs exact,common_served_task_response_time,100,R24-T16,CA-HMCD-BoundedK12-Candidate,CA-HMCD-Exact,lower,30,0.5216724946337735,0.5234132717089522,-0.0017407770751786936,-0.006328887136071219,0.003522436885596123,"paired BCa bootstrap, 10000 resamples",two-sided paired Wilcoxon signed-rank test,186.0,0.3440753429639741,1.0,-0.12449873711393444,-0.2,0.5666666666666667,HiGHS optimal seeds only,16,False
stage3.common_served_task_response_time.budget_100,R24-T4: bounded K12 vs exact,common_served_task_response_time,100,R24-T4,CA-HMCD-BoundedK12-Candidate,CA-HMCD-Exact,lower,29,0.5042226561156217,0.5012963667234394,0.0029262893921823073,-0.0028464424294769525,0.01045618795577523,"paired BCa bootstrap, 10000 resamples",two-sided paired Wilcoxon signed-rank test,60.0,0.4585723876953125,1.0,0.1603466106372025,0.21568627450980393,0.41379310344827586,HiGHS optimal seeds only,16,False
stage3.common_served_task_response_time.budget_100,R24-T8: bounded K12 vs exact,common_served_task_response_time,100,R24-T8,CA-HMCD-BoundedK12-Candidate,CA-HMCD-Exact,lower,30,0.5165128708537715,0.5122500166853536,0.004262854168417896,-0.0009295289337505684,0.010287972077180253,"paired BCa bootstrap, 10000 resamples",two-sided paired Wilcoxon signed-rank test,148.0,0.135698914485948,1.0,0.26949894319449624,0.3195402298850575,0.38333333333333336,HiGHS optimal seeds only,16,False
stage3.common_served_task_response_time.budget_100,R32-T12: bounded K12 vs exact,common_served_task_response_time,100,R32-T12,CA-HMCD-BoundedK12-Candidate,CA-HMCD-Exact,lower,30,0.529863503925779,0.5175922817972956,0.012271222128483498,0.0079008383193915,0.016529853502449246,"paired BCa bootstrap, 10000 resamples",two-sided paired Wilcoxon signed-rank test,37.0,6.0506646669380906e-05,0.0009075997000407136,1.0076481716608983,0.8408602150537634,0.16666666666666666,HiGHS optimal seeds only,16,True
stage3.common_served_task_response_time.budget_100,R32-T16: bounded K12 vs exact,common_served_task_response_time,100,R32-T16,CA-HMCD-BoundedK12-Candidate,CA-HMCD-Exact,lower,30,0.5334567901871502,0.5183287980414055,0.015127992145744713,0.011004700614690138,0.020281484943436373,"paired BCa bootstrap, 10000 resamples",two-sided paired Wilcoxon signed-rank test,14.0,7.329171360778439e-06,0.00011726674177245502,1.145598965555614,0.9397849462365592,0.1,HiGHS optimal seeds only,16,True
stage3.common_served_task_response_time.budget_100,R32-T4: bounded K12 vs exact,common_served_task_response_time,100,R32-T4,CA-HMCD-BoundedK12-Candidate,CA-HMCD-Exact,lower,28,0.519156400348139,0.5082936443219915,0.01086275602614745,0.0048991140341323215,0.0188923091192146,"paired BCa bootstrap, 10000 resamples",two-sided paired Wilcoxon signed-rank test,25.0,0.0033416748046875,0.04010009765625,0.5766951395509549,0.7368421052631579,0.26785714285714285,HiGHS optimal seeds only,16,True
stage3.common_served_task_response_time.budget_100,R32-T8: bounded K12 vs exact,common_served_task_response_time,100,R32-T8,CA-HMCD-BoundedK12-Candidate,CA-HMCD-Exact,lower,30,0.5372477740755262,0.5175372705501469,0.01971050352537931,0.012810220503199719,0.02706030348939678,"paired BCa bootstrap, 10000 resamples",two-sided paired Wilcoxon signed-rank test,30.0,8.563009864285397e-05,0.0011988213809999556,0.9541803052851456,0.8522167487684729,0.16666666666666666,HiGHS optimal seeds only,16,True
stage3.external_objective_per_active_task.budget_200,R10-T12: bounded K12 vs exact,external_objective_per_active_task,200,R10-T12,CA-HMCD-BoundedK12-Candidate,CA-HMCD-Exact,higher,30,-0.05909884635623676,-0.048959205162957056,-0.010139641193279706,-0.014621992124520818,-0.007009439425659571,"paired BCa bootstrap, 10000 resamples",two-sided paired Wilcoxon signed-rank test,0,2.702369140477986e-06,2.9205943301779423e-05,-0.9557371945539861,-1.0,0.016666666666666666,HiGHS optimal seeds only,16,True
stage3.external_objective_per_active_task.budget_200,R10-T16: bounded K12 vs exact,external_objective_per_active_task,200,R10-T16,CA-HMCD-BoundedK12-Candidate,CA-HMCD-Exact,higher,30,-0.07613924848395522,-0.05688670085118609,-0.01925254763276912,-0.023667533545605024,-0.01562456316340789,"paired BCa bootstrap, 10000 resamples",two-sided paired Wilcoxon signed-rank test,0,1.825371456361214e-06,2.9205943301779423e-05,-1.7103438669147644,-1.0,0.0,HiGHS optimal seeds only,16,True
stage3.external_objective_per_active_task.budget_200,R10-T4: bounded K12 vs exact,external_objective_per_active_task,200,R10-T4,CA-HMCD-BoundedK12-Candidate,CA-HMCD-Exact,higher,30,-0.029613790941497943,-0.029361560942637213,-0.0002522299988607271,-0.0005195710538096737,-9.931246000959113e-05,"paired BCa bootstrap, 10000 resamples",two-sided paired Wilcoxon signed-rank test,0,0.015625,0.015625,-0.44627131701025263,-1.0,0.38333333333333336,HiGHS optimal seeds only,16,True
stage3.external_objective_per_active_task.budget_200,R10-T8: bounded K12 vs exact,external_objective_per_active_task,200,R10-T8,CA-HMCD-BoundedK12-Candidate,CA-HMCD-Exact,higher,30,-0.04491033897691885,-0.04296145860137774,-0.0019488803755411135,-0.0031166098075729345,-0.0012039614441201774,"paired BCa bootstrap, 10000 resamples",two-sided paired Wilcoxon signed-rank test,0,1.9073486328125e-06,2.9205943301779423e-05,-0.7435405177742298,-1.0,0.16666666666666666,HiGHS optimal seeds only,16,True
stage3.external_objective_per_active_task.budget_200,R16-T12: bounded K12 vs exact,external_objective_per_active_task,200,R16-T12,CA-HMCD-BoundedK12-Candidate,CA-HMCD-Exact,higher,30,-0.059968228793826704,-0.04148874138396782,-0.01847948740985889,-0.024564589221162253,-0.013996695362874059,"paired BCa bootstrap, 10000 resamples",two-sided paired Wilcoxon signed-rank test,0,2.702369140477986e-06,2.9205943301779423e-05,-1.2472585877269247,-1.0,0.016666666666666666,HiGHS optimal seeds only,16,True
stage3.external_objective_per_active_task.budget_200,R16-T16: bounded K12 vs exact,external_objective_per_active_task,200,R16-T16,CA-HMCD-BoundedK12-Candidate,CA-HMCD-Exact,higher,30,-0.0680161427543426,-0.04562296429495251,-0.022393178459390095,-0.027212626181694698,-0.01812148610440809,"paired BCa bootstrap, 10000 resamples",two-sided paired Wilcoxon signed-rank test,0,1.825371456361214e-06,2.9205943301779423e-05,-1.745232557488046,-1.0,0.0,HiGHS optimal seeds only,16,True
stage3.external_objective_per_active_task.budget_200,R16-T4: bounded K12 vs exact,external_objective_per_active_task,200,R16-T4,CA-HMCD-BoundedK12-Candidate,CA-HMCD-Exact,higher,30,-0.016725345982156966,-0.0124009721454855,-0.004324373836671465,-0.01047085551169403,-0.0019371254648411864,"paired BCa bootstrap, 10000 resamples",two-sided paired Wilcoxon signed-rank test,0,1.52587890625e-05,3.9211816434039225e-05,-0.4365574774852382,-1.0,0.21666666666666667,HiGHS optimal seeds only,16,True
stage3.external_objective_per_active_task.budget_200,R16-T8: bounded K12 vs exact,external_objective_per_active_task,200,R16-T8,CA-HMCD-BoundedK12-Candidate,CA-HMCD-Exact,higher,30,-0.045578084551474246,-0.032915958985542976,-0.012662125565931269,-0.01821938859807135,-0.008742362449776636,"paired BCa bootstrap, 10000 resamples",two-sided paired Wilcoxon signed-rank test,0,4.003256204905308e-06,2.9205943301779423e-05,-0.9454554132111458,-1.0,0.03333333333333333,HiGHS optimal seeds only,16,True
stage3.external_objective_per_active_task.budget_200,R24-T12: bounded K12 vs exact,external_objective_per_active_task,200,R24-T12,CA-HMCD-BoundedK12-Candidate,CA-HMCD-Exact,higher,30,-0.049748005577569615,-0.024454139397576173,-0.025293866179993442,-0.03145774468712169,-0.019638697330207282,"paired BCa bootstrap, 10000 resamples",two-sided paired Wilcoxon signed-rank test,0,1.825371456361214e-06,2.9205943301779423e-05,-1.5118971078732175,-1.0,0.0,HiGHS optimal seeds only,16,True
stage3.external_objective_per_active_task.budget_200,R24-T16: bounded K12 vs exact,external_objective_per_active_task,200,R24-T16,CA-HMCD-BoundedK12-Candidate,CA-HMCD-Exact,higher,30,-0.05641378959099961,-0.02843863443189369,-0.027975155159105924,-0.03411586128170158,-0.022625592035368885,"paired BCa bootstrap, 10000 resamples",two-sided paired Wilcoxon signed-rank test,0,1.825371456361214e-06,2.9205943301779423e-05,-1.7219390904804743,-1.0,0.0,HiGHS optimal seeds only,16,True
stage3.external_objective_per_active_task.budget_200,R24-T4: bounded K12 vs exact,external_objective_per_active_task,200,R24-T4,CA-HMCD-BoundedK12-Candidate,CA-HMCD-Exact,higher,30,-0.03913058057748985,-0.01658971535584053,-0.022540865221649328,-0.03315077327517358,-0.014355289449710387,"paired BCa bootstrap, 10000 resamples",two-sided paired Wilcoxon signed-rank test,0,1.3070605478013074e-05,3.9211816434039225e-05,-0.8691714119601033,-1.0,0.08333333333333333,HiGHS optimal seeds only,16,True
stage3.external_objective_per_active_task.budget_200,R24-T8: bounded K12 vs exact,external_objective_per_active_task,200,R24-T8,CA-HMCD-BoundedK12-Candidate,CA-HMCD-Exact,higher,30,-0.051131950563521406,-0.027845392763014693,-0.023286557800506712,-0.03123412479147172,-0.016368562661017168,"paired BCa bootstrap, 10000 resamples",two-sided paired Wilcoxon signed-rank test,0,1.825371456361214e-06,2.9205943301779423e-05,-1.122227849169947,-1.0,0.0,HiGHS optimal seeds only,16,True
stage3.external_objective_per_active_task.budget_200,R32-T12: bounded K12 vs exact,external_objective_per_active_task,200,R32-T12,CA-HMCD-BoundedK12-Candidate,CA-HMCD-Exact,higher,30,-0.05772429999258692,-0.018013022545830336,-0.03971127744675659,-0.04703714591316832,-0.0328655027459159,"paired BCa bootstrap, 10000 resamples",two-sided paired Wilcoxon signed-rank test,0,1.825371456361214e-06,2.9205943301779423e-05,-1.9846104335158778,-1.0,0.0,HiGHS optimal seeds only,16,True
stage3.external_objective_per_active_task.budget_200,R32-T16: bounded K12 vs exact,external_objective_per_active_task,200,R32-T16,CA-HMCD-BoundedK12-Candidate,CA-HMCD-Exact,higher,30,-0.06181090902618778,-0.02315078648590696,-0.03866012254028082,-0.04436135893251303,-0.0338040674948208,"paired BCa bootstrap, 10000 resamples",two-sided paired Wilcoxon signed-rank test,0,1.825371456361214e-06,2.9205943301779423e-05,-2.5792782297550643,-1.0,0.0,HiGHS optimal seeds only,16,True
stage3.external_objective_per_active_task.budget_200,R32-T4: bounded K12 vs exact,external_objective_per_active_task,200,R32-T4,CA-HMCD-BoundedK12-Candidate,CA-HMCD-Exact,higher,30,-0.04627747621659577,0.009386569833058267,-0.05566404604965404,-0.07062638496074235,-0.042212167471898904,"paired BCa bootstrap, 10000 resamples",two-sided paired Wilcoxon signed-rank test,0,1.825371456361214e-06,2.9205943301779423e-05,-1.383869098116972,-1.0,0.0,HiGHS optimal seeds only,16,True
stage3.external_objective_per_active_task.budget_200,R32-T8: bounded K12 vs exact,external_objective_per_active_task,200,R32-T8,CA-HMCD-BoundedK12-Candidate,CA-HMCD-Exact,higher,30,-0.06116978160984499,-0.016092725215716686,-0.04507705639412831,-0.056085235310063826,-0.036048247184466774,"paired BCa bootstrap, 10000 resamples",two-sided paired Wilcoxon signed-rank test,0,1.825371456361214e-06,2.9205943301779423e-05,-1.607473173580962,-1.0,0.0,HiGHS optimal seeds only,16,True
stage3.independent_service_score.budget_200,R10-T12: bounded K12 vs exact,independent_service_score,200,R10-T12,CA-HMCD-BoundedK12-Candidate,CA-HMCD-Exact,higher,30,0.3441734022289478,0.37396984377737347,-0.029796441548425638,-0.03876731520834099,-0.02198271394557249,"paired BCa bootstrap, 10000 resamples",two-sided paired Wilcoxon signed-rank test,11.0,8.413618963195743e-06,5.048171377917446e-05,-1.2307272803545855,-0.9494252873563218,0.05,HiGHS optimal seeds only,16,True
stage3.independent_service_score.budget_200,R10-T16: bounded K12 vs exact,independent_service_score,200,R10-T16,CA-HMCD-BoundedK12-Candidate,CA-HMCD-Exact,higher,30,0.29290290639106364,0.34112510441900784,-0.048222198027944155,-0.05555189905614492,-0.04196619431209724,"paired BCa bootstrap, 10000 resamples",two-sided paired Wilcoxon signed-rank test,0,1.825371456361214e-06,2.9205943301779423e-05,-2.533564886158325,-1.0,0.0,HiGHS optimal seeds only,16,True
stage3.independent_service_score.budget_200,R10-T4: bounded K12 vs exact,independent_service_score,200,R10-T4,CA-HMCD-BoundedK12-Candidate,CA-HMCD-Exact,higher,30,0.44299403188692976,0.4439161471271861,-0.0009221152402563068,-0.003953585711248953,-0.00012619923325359584,"paired BCa bootstrap, 10000 resamples",two-sided paired Wilcoxon signed-rank test,3.0,0.078125,0.078125,-0.22562352632632138,-0.7857142857142857,0.45,HiGHS optimal seeds only,16,False
stage3.independent_service_score.budget_200,R10-T8: bounded K12 vs exact,independent_service_score,200,R10-T8,CA-HMCD-BoundedK12-Candidate,CA-HMCD-Exact,higher,30,0.3909783215485022,0.40237376363197586,-0.011395442083473623,-0.017334328506628624,-0.007015233579556541,"paired BCa bootstrap, 10000 resamples",two-sided paired Wilcoxon signed-rank test,2.0,5.7220458984375e-06,4.00543212890625e-05,-0.7835348259544861,-0.9809523809523809,0.2,HiGHS optimal seeds only,16,True
stage3.independent_service_score.budget_200,R16-T12: bounded K12 vs exact,independent_service_score,200,R16-T12,CA-HMCD-BoundedK12-Candidate,CA-HMCD-Exact,higher,30,0.34852589713265536,0.4058959240610798,-0.05737002692842446,-0.07214987984203974,-0.04584232722921425,"paired BCa bootstrap, 10000 resamples",two-sided paired Wilcoxon signed-rank test,0,2.702369140477986e-06,2.9205943301779423e-05,-1.547082746997658,-1.0,0.016666666666666666,HiGHS optimal seeds only,16,True
stage3.independent_service_score.budget_200,R16-T16: bounded K12 vs exact,independent_service_score,200,R16-T16,CA-HMCD-BoundedK12-Candidate,CA-HMCD-Exact,higher,30,0.314452182068942,0.38055707290491897,-0.06610489083597701,-0.07505444879537823,-0.057039680970198,"paired BCa bootstrap, 10000 resamples",two-sided paired Wilcoxon signed-rank test,0,1.825371456361214e-06,2.9205943301779423e-05,-2.5660551240588654,-1.0,0.0,HiGHS optimal seeds only,16,True
stage3.independent_service_score.budget_200,R16-T4: bounded K12 vs exact,independent_service_score,200,R16-T4,CA-HMCD-BoundedK12-Candidate,CA-HMCD-Exact,higher,30,0.4924283682002525,0.5025684997568122,-0.010140131556559757,-0.024141870005556718,-0.0036079161814879827,"paired BCa bootstrap, 10000 resamples",two-sided paired Wilcoxon signed-rank test,5.0,0.000152587890625,0.00030517578125,-0.3929440799499504,-0.934640522875817,0.2833333333333333,HiGHS optimal seeds only,16,True
stage3.independent_service_score.budget_200,R16-T8: bounded K12 vs exact,independent_service_score,200,R16-T8,CA-HMCD-BoundedK12-Candidate,CA-HMCD-Exact,higher,30,0.40034321027933056,0.44001506709376376,-0.03967185681443313,-0.056986743049762326,-0.025670395422358355,"paired BCa bootstrap, 10000 resamples",two-sided paired Wilcoxon signed-rank test,23.0,4.361021089310496e-05,0.00013671992801718734,-0.8904326946663657,-0.8866995073891626,0.13333333333333333,HiGHS optimal seeds only,16,True
stage3.independent_service_score.budget_200,R24-T12: bounded K12 vs exact,independent_service_score,200,R24-T12,CA-HMCD-BoundedK12-Candidate,CA-HMCD-Exact,higher,30,0.3800257053823007,0.4478592494003934,-0.06783354401809273,-0.08447270113142652,-0.05239819701948689,"paired BCa bootstrap, 10000 resamples",two-sided paired Wilcoxon signed-rank test,3.0,2.4753489333888993e-06,2.9205943301779423e-05,-1.5144429418159893,-0.9870967741935484,0.06666666666666667,HiGHS optimal seeds only,16,True
stage3.independent_service_score.budget_200,R24-T16: bounded K12 vs exact,independent_service_score,200,R24-T16,CA-HMCD-BoundedK12-Candidate,CA-HMCD-Exact,higher,30,0.35193470427275847,0.4250227245322372,-0.0730880202594787,-0.08700347847345084,-0.06136966807480339,"paired BCa bootstrap, 10000 resamples",two-sided paired Wilcoxon signed-rank test,0,1.825371456361214e-06,2.9205943301779423e-05,-2.02356247266115,-1.0,0.0,HiGHS optimal seeds only,16,True
stage3.independent_service_score.budget_200,R24-T4: bounded K12 vs exact,independent_service_score,200,R24-T4,CA-HMCD-BoundedK12-Candidate,CA-HMCD-Exact,higher,30,0.4227815436891335,0.4996837227876936,-0.07690217909856006,-0.11601320460532058,-0.050025162127599596,"paired BCa bootstrap, 10000 resamples",two-sided paired Wilcoxon signed-rank test,8.0,3.4179982004296834e-05,0.00013671992801718734,-0.8264968432590428,-0.9507692307692308,0.15,HiGHS optimal seeds only,16,True
stage3.independent_service_score.budget_200,R24-T8: bounded K12 vs exact,independent_service_score,200,R24-T8,CA-HMCD-BoundedK12-Candidate,CA-HMCD-Exact,higher,30,0.38852887626067345,0.4543454219621277,-0.06581654570145423,-0.08829822351682097,-0.045320758600987936,"paired BCa bootstrap, 10000 resamples",two-sided paired Wilcoxon signed-rank test,19.0,1.181053559181823e-05,5.9052677959091146e-05,-1.0662316983510087,-0.9182795698924732,0.1,HiGHS optimal seeds only,16,True
stage3.independent_service_score.budget_200,R32-T12: bounded K12 vs exact,independent_service_score,200,R32-T12,CA-HMCD-BoundedK12-Candidate,CA-HMCD-Exact,higher,30,0.3691083702200455,0.47345412603309717,-0.10434575581305167,-0.12329126874948645,-0.08836270774092898,"paired BCa bootstrap, 10000 resamples",two-sided paired Wilcoxon signed-rank test,0,1.825371456361214e-06,2.9205943301779423e-05,-2.1394753952613774,-1.0,0.0,HiGHS optimal seeds only,16,True
stage3.independent_service_score.budget_200,R32-T16: bounded K12 vs exact,independent_service_score,200,R32-T16,CA-HMCD-BoundedK12-Candidate,CA-HMCD-Exact,higher,30,0.35414548909809285,0.4539973949152541,-0.09985190581716122,-0.11513685482037825,-0.08932578732327887,"paired BCa bootstrap, 10000 resamples",two-sided paired Wilcoxon signed-rank test,0,1.825371456361214e-06,2.9205943301779423e-05,-2.864441391933512,-1.0,0.0,HiGHS optimal seeds only,16,True
stage3.independent_service_score.budget_200,R32-T4: bounded K12 vs exact,independent_service_score,200,R32-T4,CA-HMCD-BoundedK12-Candidate,CA-HMCD-Exact,higher,30,0.3869345682381192,0.5523736762640818,-0.16543910802596257,-0.21266727568210783,-0.1231569650423244,"paired BCa bootstrap, 10000 resamples",two-sided paired Wilcoxon signed-rank test,2.0,2.237270713350812e-06,2.9205943301779423e-05,-1.2902964720447936,-0.9913978494623656,0.03333333333333333,HiGHS optimal seeds only,16,True
stage3.independent_service_score.budget_200,R32-T8: bounded K12 vs exact,independent_service_score,200,R32-T8,CA-HMCD-BoundedK12-Candidate,CA-HMCD-Exact,higher,30,0.36682350155554977,0.4839334440009748,-0.1171099424454251,-0.1446635012516093,-0.09374887411815316,"paired BCa bootstrap, 10000 resamples",two-sided paired Wilcoxon signed-rank test,0,1.825371456361214e-06,2.9205943301779423e-05,-1.6520048084452144,-1.0,0.0,HiGHS optimal seeds only,16,True
stage3.independent_coverage.budget_200,R10-T12: bounded K12 vs exact,independent_coverage,200,R10-T12,CA-HMCD-BoundedK12-Candidate,CA-HMCD-Exact,higher,30,0.4305555555555555,0.5055555555555556,-0.07500000000000001,-0.10555555555555557,-0.047222222222222235,"paired BCa bootstrap, 10000 resamples",two-sided paired Wilcoxon signed-rank test,6.0,4.57763671875e-05,0.0003178255965181877,-0.9046916043352585,-0.9368421052631579,0.21666666666666667,HiGHS optimal seeds only,16,True
stage3.independent_coverage.budget_200,R10-T16: bounded K12 vs exact,independent_coverage,200,R10-T16,CA-HMCD-BoundedK12-Candidate,CA-HMCD-Exact,higher,30,0.29375,0.4479166666666667,-0.15416666666666667,-0.18125,-0.12916666666666668,"paired BCa bootstrap, 10000 resamples",two-sided paired Wilcoxon signed-rank test,0,2.860428870895578e-06,3.718557532164252e-05,-2.0628131968508012,-1.0,0.03333333333333333,HiGHS optimal seeds only,16,True
stage3.independent_coverage.budget_200,R10-T4: bounded K12 vs exact,independent_coverage,200,R10-T4,CA-HMCD-BoundedK12-Candidate,CA-HMCD-Exact,higher,30,0.5666666666666667,0.5666666666666667,0.0,0.0,0.0,"paired BCa bootstrap, 10000 resamples",two-sided paired Wilcoxon signed-rank test,0.0,1.0,1.0,0.0,0.0,0.5,HiGHS optimal seeds only,16,False
stage3.independent_coverage.budget_200,R10-T8: bounded K12 vs exact,independent_coverage,200,R10-T8,CA-HMCD-BoundedK12-Candidate,CA-HMCD-Exact,higher,30,0.5125,0.5291666666666667,-0.016666666666666666,-0.0375,-0.004166666666666667,"paired BCa bootstrap, 10000 resamples",two-sided paired Wilcoxon signed-rank test,0,0.125,0.375,-0.3856396617542712,-1.0,0.43333333333333335,HiGHS optimal seeds only,16,False
stage3.independent_coverage.budget_200,R16-T12: bounded K12 vs exact,independent_coverage,200,R16-T12,CA-HMCD-BoundedK12-Candidate,CA-HMCD-Exact,higher,30,0.39166666666666666,0.5416666666666666,-0.15,-0.19166666666666668,-0.11111111111111112,"paired BCa bootstrap, 10000 resamples",two-sided paired Wilcoxon signed-rank test,0,1.0697899566855175e-05,0.00010459500085287005,-1.3339960474249744,-1.0,0.08333333333333333,HiGHS optimal seeds only,16,True
stage3.independent_coverage.budget_200,R16-T16: bounded K12 vs exact,independent_coverage,200,R16-T16,CA-HMCD-BoundedK12-Candidate,CA-HMCD-Exact,higher,30,0.325,0.5,-0.175,-0.20208333333333334,-0.14791666666666667,"paired BCa bootstrap, 10000 resamples",two-sided paired Wilcoxon signed-rank test,0,2.219118866853395e-06,3.1328951299189754e-05,-2.20411425704741,-1.0,0.016666666666666666,HiGHS optimal seeds only,16,True
stage3.independent_coverage.budget_200,R16-T4: bounded K12 vs exact,independent_coverage,200,R16-T4,CA-HMCD-BoundedK12-Candidate,CA-HMCD-Exact,higher,30,0.6583333333333333,0.675,-0.016666666666666666,-0.058333333333333334,0.0,"paired BCa bootstrap, 10000 resamples",two-sided paired Wilcoxon signed-rank test,0,0.5,1.0,-0.2627691364061218,-1.0,0.4666666666666667,HiGHS optimal seeds only,16,False
stage3.independent_coverage.budget_200,R16-T8: bounded K12 vs exact,independent_coverage,200,R16-T8,CA-HMCD-BoundedK12-Candidate,CA-HMCD-Exact,higher,30,0.4875,0.5791666666666667,-0.09166666666666666,-0.1375,-0.05416666666666667,"paired BCa bootstrap, 10000 resamples",two-sided paired Wilcoxon signed-rank test,5.5,0.000335693359375,0.0013427734375,-0.7480970009343825,-0.9191176470588235,0.26666666666666666,HiGHS optimal seeds only,16,True
stage3.independent_coverage.budget_200,R24-T12: bounded K12 vs exact,independent_coverage,200,R24-T12,CA-HMCD-BoundedK12-Candidate,CA-HMCD-Exact,higher,30,0.43333333333333335,0.586111111111111,-0.1527777777777778,-0.19232301813164282,-0.11666666666666667,"paired BCa bootstrap, 10000 resamples",two-sided paired Wilcoxon signed-rank test,0,1.0459500085287004e-05,0.00010459500085287005,-1.4225486817745305,-1.0,0.08333333333333333,HiGHS optimal seeds only,16,True
stage3.independent_coverage.budget_200,R24-T16: bounded K12 vs exact,independent_coverage,200,R24-T16,CA-HMCD-BoundedK12-Candidate,CA-HMCD-Exact,higher,30,0.3770833333333333,0.5541666666666667,-0.17708333333333334,-0.21458333333333332,-0.14791666666666667,"paired BCa bootstrap, 10000 resamples",two-sided paired Wilcoxon signed-rank test,0,2.088596753279317e-06,3.1328951299189754e-05,-1.9047673160096297,-1.0,0.016666666666666666,HiGHS optimal seeds only,16,True
stage3.independent_coverage.budget_200,R24-T4: bounded K12 vs exact,independent_coverage,200,R24-T4,CA-HMCD-BoundedK12-Candidate,CA-HMCD-Exact,higher,30,0.5083333333333333,0.6583333333333333,-0.15,-0.21666666666666667,-0.1,"paired BCa bootstrap, 10000 resamples",two-sided paired Wilcoxon signed-rank test,0,6.103515625e-05,0.0003178255965181877,-0.8893306982833162,-1.0,0.25,HiGHS optimal seeds only,16,True
stage3.independent_coverage.budget_200,R24-T8: bounded K12 vs exact,independent_coverage,200,R24-T8,CA-HMCD-BoundedK12-Candidate,CA-HMCD-Exact,higher,30,0.44583333333333336,0.5833333333333334,-0.1375,-0.1875,-0.09583333333333334,"paired BCa bootstrap, 10000 resamples",two-sided paired Wilcoxon signed-rank test,8.0,4.540365664545538e-05,0.0003178255965181877,-1.0358999396733697,-0.9420289855072463,0.15,HiGHS optimal seeds only,16,True
stage3.independent_coverage.budget_200,R32-T12: bounded K12 vs exact,independent_coverage,200,R32-T12,CA-HMCD-BoundedK12-Candidate,CA-HMCD-Exact,higher,30,0.40555555555555556,0.611111111111111,-0.20555555555555557,-0.2388888888888889,-0.16666666666666666,"paired BCa bootstrap, 10000 resamples",two-sided paired Wilcoxon signed-rank test,0,3.2857118377529024e-06,3.9428542053034825e-05,-2.014797000435834,-1.0,0.03333333333333333,HiGHS optimal seeds only,16,True
stage3.independent_coverage.budget_200,R32-T16: bounded K12 vs exact,independent_coverage,200,R32-T16,CA-HMCD-BoundedK12-Candidate,CA-HMCD-Exact,higher,30,0.38333333333333336,0.6020833333333333,-0.21875,-0.2520833333333333,-0.19375,"paired BCa bootstrap, 10000 resamples",two-sided paired Wilcoxon signed-rank test,0,1.4345381592851274e-06,2.295261054856204e-05,-2.734766419353041,-1.0,0.0,HiGHS optimal seeds only,16,True
stage3.independent_coverage.budget_200,R32-T4: bounded K12 vs exact,independent_coverage,200,R32-T4,CA-HMCD-BoundedK12-Candidate,CA-HMCD-Exact,higher,30,0.44166666666666665,0.725,-0.2833333333333333,-0.36666666666666664,-0.20833333333333334,"paired BCa bootstrap, 10000 resamples",two-sided paired Wilcoxon signed-rank test,0,2.735112178348889e-05,0.0002188089742679111,-1.2598851559013649,-1.0,0.13333333333333333,HiGHS optimal seeds only,16,True
stage3.independent_coverage.budget_200,R32-T8: bounded K12 vs exact,independent_coverage,200,R32-T8,CA-HMCD-BoundedK12-Candidate,CA-HMCD-Exact,higher,30,0.3958333333333333,0.6125,-0.21666666666666667,-0.2708333333333333,-0.175,"paired BCa bootstrap, 10000 resamples",two-sided paired Wilcoxon signed-rank test,0,5.597403044914001e-06,6.1571433494054e-05,-1.60396490362897,-1.0,0.06666666666666667,HiGHS optimal seeds only,16,True
stage3.decision_runtime_ms.budget_200,R10-T12: bounded K12 vs exact,decision_runtime_ms,200,R10-T12,CA-HMCD-BoundedK12-Candidate,CA-HMCD-Exact,lower,30,214.585946666557,92.37472666676088,122.21121999979611,111.42010753468588,132.82543207060823,"paired BCa bootstrap, 10000 resamples",two-sided paired Wilcoxon signed-rank test,0,1.825371456361214e-06,2.9205943301779423e-05,4.015574141053751,1.0,0.0,all paired seeds,16,True
stage3.decision_runtime_ms.budget_200,R10-T16: bounded K12 vs exact,decision_runtime_ms,200,R10-T16,CA-HMCD-BoundedK12-Candidate,CA-HMCD-Exact,lower,30,265.8774366666573,124.65511666662981,141.22232000002745,126.03108096625513,157.6612900359724,"paired BCa bootstrap, 10000 resamples",two-sided paired Wilcoxon signed-rank test,0,1.825371456361214e-06,2.9205943301779423e-05,3.1554371705467448,1.0,0.0,all paired seeds,16,True
stage3.decision_runtime_ms.budget_200,R10-T4: bounded K12 vs exact,decision_runtime_ms,200,R10-T4,CA-HMCD-BoundedK12-Candidate,CA-HMCD-Exact,lower,30,67.8272333332643,36.46978333345032,31.35744999981398,20.433055175089855,42.74482207509972,"paired BCa bootstrap, 10000 resamples",two-sided paired Wilcoxon signed-rank test,36.0,5.544688150746628e-05,0.0002772344075373314,1.0007417591476677,0.8451612903225807,0.1,all paired seeds,16,True
stage3.decision_runtime_ms.budget_200,R10-T8: bounded K12 vs exact,decision_runtime_ms,200,R10-T8,CA-HMCD-BoundedK12-Candidate,CA-HMCD-Exact,lower,30,162.36489666656175,57.15036000007482,105.21453666648692,87.20848834369103,119.18958544741506,"paired BCa bootstrap, 10000 resamples",two-sided paired Wilcoxon signed-rank test,0,1.825371456361214e-06,2.9205943301779423e-05,2.3754733443288343,1.0,0.0,all paired seeds,16,True
stage3.decision_runtime_ms.budget_200,R16-T12: bounded K12 vs exact,decision_runtime_ms,200,R16-T12,CA-HMCD-BoundedK12-Candidate,CA-HMCD-Exact,lower,30,2125.1200466665373,312.92957000005117,1812.190476666486,1581.3894635515671,2080.5328485440464,"paired BCa bootstrap, 10000 resamples",two-sided paired Wilcoxon signed-rank test,0,1.825371456361214e-06,2.9205943301779423e-05,2.544967753473067,1.0,0.0,all paired seeds,16,True
stage3.decision_runtime_ms.budget_200,R16-T16: bounded K12 vs exact,decision_runtime_ms,200,R16-T16,CA-HMCD-BoundedK12-Candidate,CA-HMCD-Exact,lower,30,2636.1085533331184,393.08621333342063,2243.0223399996976,2006.7296349449166,2521.80826356139,"paired BCa bootstrap, 10000 resamples",two-sided paired Wilcoxon signed-rank test,0,1.825371456361214e-06,2.9205943301779423e-05,3.0954757588663644,1.0,0.0,all paired seeds,16,True
stage3.decision_runtime_ms.budget_200,R16-T4: bounded K12 vs exact,decision_runtime_ms,200,R16-T4,CA-HMCD-BoundedK12-Candidate,CA-HMCD-Exact,lower,30,681.1327966667401,108.18492333334386,572.9478733333963,455.41698824835134,702.2896713902846,"paired BCa bootstrap, 10000 resamples",two-sided paired Wilcoxon signed-rank test,0,1.825371456361214e-06,2.9205943301779423e-05,1.619589502234393,1.0,0.0,all paired seeds,16,True
stage3.decision_runtime_ms.budget_200,R16-T8: bounded K12 vs exact,decision_runtime_ms,200,R16-T8,CA-HMCD-BoundedK12-Candidate,CA-HMCD-Exact,lower,30,1305.0799200001468,192.47770333313383,1112.602216667013,958.0627486853055,1262.315692223522,"paired BCa bootstrap, 10000 resamples",two-sided paired Wilcoxon signed-rank test,0,1.825371456361214e-06,2.9205943301779423e-05,2.6086022366287955,1.0,0.0,all paired seeds,16,True
stage3.decision_runtime_ms.budget_200,R24-T12: bounded K12 vs exact,decision_runtime_ms,200,R24-T12,CA-HMCD-BoundedK12-Candidate,CA-HMCD-Exact,lower,30,970.113546666956,1049.0451466665643,-78.9315999996082,-169.14930196381442,10.720700190687417,"paired BCa bootstrap, 10000 resamples",two-sided paired Wilcoxon signed-rank test,153.0,0.10418412202320386,0.12829579732766203,-0.3072985432433559,-0.3419354838709677,0.6666666666666666,all paired seeds,16,False
stage3.decision_runtime_ms.budget_200,R24-T16: bounded K12 vs exact,decision_runtime_ms,200,R24-T16,CA-HMCD-BoundedK12-Candidate,CA-HMCD-Exact,lower,30,1239.9196533332845,1382.7739933333457,-142.85434000006111,-235.18942423375637,-39.52885181122841,"paired BCa bootstrap, 10000 resamples",two-sided paired Wilcoxon signed-rank test,107.0,0.010139290676148646,0.040557162704594585,-0.5154153714964991,-0.5397849462365591,0.7,all paired seeds,16,True
stage3.decision_runtime_ms.budget_200,R24-T4: bounded K12 vs exact,decision_runtime_ms,200,R24-T4,CA-HMCD-BoundedK12-Candidate,CA-HMCD-Exact,lower,30,272.6074299998193,334.2225600001863,-61.61513000036697,-114.99603446005665,-0.06464206279246087,"paired BCa bootstrap, 10000 resamples",two-sided paired Wilcoxon signed-rank test,142.0,0.06414789866383101,0.12829579732766203,-0.375836012366972,-0.38924731182795697,0.6,all paired seeds,16,False
stage3.decision_runtime_ms.budget_200,R24-T8: bounded K12 vs exact,decision_runtime_ms,200,R24-T8,CA-HMCD-BoundedK12-Candidate,CA-HMCD-Exact,lower,30,533.3978600002714,645.7806766666787,-112.38281666640735,-194.57225783956284,-16.164418220679515,"paired BCa bootstrap, 10000 resamples",two-sided paired Wilcoxon signed-rank test,124.0,0.02632519047485735,0.07897557142457205,-0.4393054754020942,-0.4666666666666667,0.7,all paired seeds,16,False
stage3.decision_runtime_ms.budget_200,R32-T12: bounded K12 vs exact,decision_runtime_ms,200,R32-T12,CA-HMCD-BoundedK12-Candidate,CA-HMCD-Exact,lower,30,1106.8823266667096,2643.799056666709,-1536.9167299999997,-1652.5595219506693,-1418.3071853370252,"paired BCa bootstrap, 10000 resamples",two-sided paired Wilcoxon signed-rank test,0,1.825371456361214e-06,2.9205943301779423e-05,-4.664919674138528,-1.0,1.0,all paired seeds,16,True
stage3.decision_runtime_ms.budget_200,R32-T16: bounded K12 vs exact,decision_runtime_ms,200,R32-T16,CA-HMCD-BoundedK12-Candidate,CA-HMCD-Exact,lower,30,1334.8787633334116,3336.3241133328606,-2001.4453499994488,-2117.700556356016,-1893.577165775007,"paired BCa bootstrap, 10000 resamples",two-sided paired Wilcoxon signed-rank test,0,1.825371456361214e-06,2.9205943301779423e-05,-6.2851029326996555,-1.0,1.0,all paired seeds,16,True
stage3.decision_runtime_ms.budget_200,R32-T4: bounded K12 vs exact,decision_runtime_ms,200,R32-T4,CA-HMCD-BoundedK12-Candidate,CA-HMCD-Exact,lower,30,297.3676400002053,850.9910899999037,-553.6234499996984,-615.2499763184121,-484.96444521248856,"paired BCa bootstrap, 10000 resamples",two-sided paired Wilcoxon signed-rank test,0,1.825371456361214e-06,2.9205943301779423e-05,-2.9664747856923888,-1.0,1.0,all paired seeds,16,True
stage3.decision_runtime_ms.budget_200,R32-T8: bounded K12 vs exact,decision_runtime_ms,200,R32-T8,CA-HMCD-BoundedK12-Candidate,CA-HMCD-Exact,lower,30,618.2529899999887,1662.461993333333,-1044.2090033333443,-1126.4649324242446,-960.8669433049475,"paired BCa bootstrap, 10000 resamples",two-sided paired Wilcoxon signed-rank test,0,1.825371456361214e-06,2.9205943301779423e-05,-4.4448457502354355,-1.0,1.0,all paired seeds,16,True
stage3.candidate_after_diversity.budget_200,R10-T12: bounded K12 vs exact,candidate_after_diversity,200,R10-T12,CA-HMCD-BoundedK12-Candidate,CA-HMCD-Exact,lower,30,88.73333333333333,757.4666666666667,-668.7333333333333,-724.654240292999,-609.1184920310383,"paired BCa bootstrap, 10000 resamples",two-sided paired Wilcoxon signed-rank test,0,1.8230851402174482e-06,2.885996381526209e-05,-4.1426409848056345,-1.0,1.0,all paired seeds,16,True
stage3.candidate_after_diversity.budget_200,R10-T16: bounded K12 vs exact,candidate_after_diversity,200,R10-T16,CA-HMCD-BoundedK12-Candidate,CA-HMCD-Exact,lower,30,118.46666666666667,1010.0666666666667,-891.6,-967.5,-817.2275247048408,"paired BCa bootstrap, 10000 resamples",two-sided paired Wilcoxon signed-rank test,0,1.825371456361214e-06,2.885996381526209e-05,-4.110543851358838,-1.0,1.0,all paired seeds,16,True
stage3.candidate_after_diversity.budget_200,R10-T4: bounded K12 vs exact,candidate_after_diversity,200,R10-T4,CA-HMCD-BoundedK12-Candidate,CA-HMCD-Exact,lower,30,29.0,246.1,-217.1,-260.26666666666665,-179.3,"paired BCa bootstrap, 10000 resamples",two-sided paired Wilcoxon signed-rank test,0,1.8037477384538806e-06,2.885996381526209e-05,-1.8858658838476672,-1.0,1.0,all paired seeds,16,True
stage3.candidate_after_diversity.budget_200,R10-T8: bounded K12 vs exact,candidate_after_diversity,200,R10-T8,CA-HMCD-BoundedK12-Candidate,CA-HMCD-Exact,lower,30,58.46666666666667,484.93333333333334,-426.46666666666664,-482.29999999999995,-374.43333333333334,"paired BCa bootstrap, 10000 resamples",two-sided paired Wilcoxon signed-rank test,0,1.821942878390675e-06,2.885996381526209e-05,-2.7883570449211392,-1.0,1.0,all paired seeds,16,True
stage3.candidate_after_diversity.budget_200,R16-T12: bounded K12 vs exact,candidate_after_diversity,200,R16-T12,CA-HMCD-BoundedK12-Candidate,CA-HMCD-Exact,lower,30,92.33333333333333,2905.8333333333335,-2813.5,-3077.1153488117307,-2545.490158083703,"paired BCa bootstrap, 10000 resamples",two-sided paired Wilcoxon signed-rank test,0,1.8242279994594843e-06,2.885996381526209e-05,-3.6773543593726603,-1.0,1.0,all paired seeds,16,True
stage3.candidate_after_diversity.budget_200,R16-T16: bounded K12 vs exact,candidate_after_diversity,200,R16-T16,CA-HMCD-BoundedK12-Candidate,CA-HMCD-Exact,lower,30,123.66666666666667,3851.9666666666667,-3728.3,-4063.967811061988,-3404.4245179378054,"paired BCa bootstrap, 10000 resamples",two-sided paired Wilcoxon signed-rank test,0,1.825371456361214e-06,2.885996381526209e-05,-3.9118947028362645,-1.0,1.0,all paired seeds,16,True
stage3.candidate_after_diversity.budget_200,R16-T4: bounded K12 vs exact,candidate_after_diversity,200,R16-T4,CA-HMCD-BoundedK12-Candidate,CA-HMCD-Exact,lower,30,33.733333333333334,997.3,-963.5666666666667,-1119.1473495203466,-810.6407815442836,"paired BCa bootstrap, 10000 resamples",two-sided paired Wilcoxon signed-rank test,0,1.8185196749587962e-06,2.885996381526209e-05,-2.2001201775695183,-1.0,1.0,all paired seeds,16,True
stage3.candidate_after_diversity.budget_200,R16-T8: bounded K12 vs exact,candidate_after_diversity,200,R16-T8,CA-HMCD-BoundedK12-Candidate,CA-HMCD-Exact,lower,30,63.43333333333333,1919.7333333333333,-1856.3,-2042.4082737214633,-1644.4993943485063,"paired BCa bootstrap, 10000 resamples",two-sided paired Wilcoxon signed-rank test,0,1.825371456361214e-06,2.885996381526209e-05,-3.2763523642605734,-1.0,1.0,all paired seeds,16,True
stage3.candidate_after_diversity.budget_200,R24-T12: bounded K12 vs exact,candidate_after_diversity,200,R24-T12,CA-HMCD-BoundedK12-Candidate,CA-HMCD-Exact,lower,30,80.63333333333334,9630.966666666667,-9550.333333333334,-10554.68325876909,-8414.630732274496,"paired BCa bootstrap, 10000 resamples",two-sided paired Wilcoxon signed-rank test,0,1.825371456361214e-06,2.885996381526209e-05,-3.137744438932119,-1.0,1.0,all paired seeds,16,True
stage3.candidate_after_diversity.budget_200,R24-T16: bounded K12 vs exact,candidate_after_diversity,200,R24-T16,CA-HMCD-BoundedK12-Candidate,CA-HMCD-Exact,lower,30,108.36666666666666,12428.066666666668,-12319.7,-13344.321874614005,-11301.514816544804,"paired BCa bootstrap, 10000 resamples",two-sided paired Wilcoxon signed-rank test,0,1.825371456361214e-06,2.885996381526209e-05,-4.236034281777371,-1.0,1.0,all paired seeds,16,True
stage3.candidate_after_diversity.budget_200,R24-T4: bounded K12 vs exact,candidate_after_diversity,200,R24-T4,CA-HMCD-BoundedK12-Candidate,CA-HMCD-Exact,lower,30,26.466666666666665,3047.7,-3021.233333333333,-3588.415723294098,-2416.481277010367,"paired BCa bootstrap, 10000 resamples",two-sided paired Wilcoxon signed-rank test,0,1.825371456361214e-06,2.885996381526209e-05,-1.8008661488615643,-1.0,1.0,all paired seeds,16,True
stage3.candidate_after_diversity.budget_200,R24-T8: bounded K12 vs exact,candidate_after_diversity,200,R24-T8,CA-HMCD-BoundedK12-Candidate,CA-HMCD-Exact,lower,30,51.266666666666666,5875.833333333333,-5824.566666666667,-6703.314493400976,-4969.39170313732,"paired BCa bootstrap, 10000 resamples",two-sided paired Wilcoxon signed-rank test,0,1.825371456361214e-06,2.885996381526209e-05,-2.3684481726870605,-1.0,1.0,all paired seeds,16,True
stage3.candidate_after_diversity.budget_200,R32-T12: bounded K12 vs exact,candidate_after_diversity,200,R32-T12,CA-HMCD-BoundedK12-Candidate,CA-HMCD-Exact,lower,30,70.2,23865.2,-23795.0,-25876.954007361666,-21529.483270468143,"paired BCa bootstrap, 10000 resamples",two-sided paired Wilcoxon signed-rank test,0,1.825371456361214e-06,2.885996381526209e-05,-3.880737848755907,-1.0,1.0,all paired seeds,16,True
stage3.candidate_after_diversity.budget_200,R32-T16: bounded K12 vs exact,candidate_after_diversity,200,R32-T16,CA-HMCD-BoundedK12-Candidate,CA-HMCD-Exact,lower,30,93.0,31457.633333333335,-31364.633333333335,-34022.002571760284,-28416.7249324082,"paired BCa bootstrap, 10000 resamples",two-sided paired Wilcoxon signed-rank test,0,1.825371456361214e-06,2.885996381526209e-05,-3.9718598655979847,-1.0,1.0,all paired seeds,16,True
stage3.candidate_after_diversity.budget_200,R32-T4: bounded K12 vs exact,candidate_after_diversity,200,R32-T4,CA-HMCD-BoundedK12-Candidate,CA-HMCD-Exact,lower,30,21.733333333333334,7619.7,-7597.966666666666,-8936.126918005826,-6338.317557158489,"paired BCa bootstrap, 10000 resamples",two-sided paired Wilcoxon signed-rank test,0,1.8242279994594843e-06,2.885996381526209e-05,-2.059310902486561,-1.0,1.0,all paired seeds,16,True
stage3.candidate_after_diversity.budget_200,R32-T8: bounded K12 vs exact,candidate_after_diversity,200,R32-T8,CA-HMCD-BoundedK12-Candidate,CA-HMCD-Exact,lower,30,42.63333333333333,14820.966666666667,-14778.333333333334,-16436.60925571216,-13051.302399191396,"paired BCa bootstrap, 10000 resamples",two-sided paired Wilcoxon signed-rank test,0,1.8242279994594843e-06,2.885996381526209e-05,-3.049835438109663,-1.0,1.0,all paired seeds,16,True
stage3.nodes.budget_200,R10-T12: bounded K12 vs exact,nodes,200,R10-T12,CA-HMCD-BoundedK12-Candidate,CA-HMCD-Exact,lower,30,2143.866666666667,1.0,2142.866666666667,1343.5171790357813,3244.350929800388,"paired BCa bootstrap, 10000 resamples",two-sided paired Wilcoxon signed-rank test,78.0,0.0014141235693958664,0.0056564942775834655,0.790854031655781,0.6645161290322581,0.4,all paired seeds,16,True
stage3.nodes.budget_200,R10-T16: bounded K12 vs exact,nodes,200,R10-T16,CA-HMCD-BoundedK12-Candidate,CA-HMCD-Exact,lower,30,194.23333333333332,1.0,193.23333333333332,11.5,1075.7169024788082,"paired BCa bootstrap, 10000 resamples",two-sided paired Wilcoxon signed-rank test,87.0,0.0010379569865882567,0.0051897849329412835,0.20044785962015368,-0.6258064516129033,0.9,all paired seeds,16,True
stage3.nodes.budget_200,R10-T4: bounded K12 vs exact,nodes,200,R10-T4,CA-HMCD-BoundedK12-Candidate,CA-HMCD-Exact,lower,30,403.3666666666667,0.8,402.56666666666666,267.29927138192994,615.5240840381595,"paired BCa bootstrap, 10000 resamples",two-sided paired Wilcoxon signed-rank test,0,1.820801213734828e-06,1.6387210923613452e-05,0.842201794523671,1.0,0.0,all paired seeds,16,True
stage3.nodes.budget_200,R10-T8: bounded K12 vs exact,nodes,200,R10-T8,CA-HMCD-BoundedK12-Candidate,CA-HMCD-Exact,lower,30,4193.466666666666,1.0,4192.466666666666,3197.367738301638,5370.350459255625,"paired BCa bootstrap, 10000 resamples",two-sided paired Wilcoxon signed-rank test,0,1.825371456361214e-06,1.6387210923613452e-05,1.342720896670319,1.0,0.0,all paired seeds,16,True
stage3.nodes.budget_200,R16-T12: bounded K12 vs exact,nodes,200,R16-T12,CA-HMCD-BoundedK12-Candidate,CA-HMCD-Exact,lower,30,0.0,1.0,-1.0,-1.0,-1.0,"paired BCa bootstrap, 10000 resamples",two-sided paired Wilcoxon signed-rank test,0,4.617427956906448e-08,7.387884731050317e-07,0.0,-1.0,1.0,all paired seeds,16,True
stage3.nodes.budget_200,R16-T16: bounded K12 vs exact,nodes,200,R16-T16,CA-HMCD-BoundedK12-Candidate,CA-HMCD-Exact,lower,30,0.0,1.0,-1.0,-1.0,-1.0,"paired BCa bootstrap, 10000 resamples",two-sided paired Wilcoxon signed-rank test,0,4.617427956906448e-08,7.387884731050317e-07,0.0,-1.0,1.0,all paired seeds,16,True
stage3.nodes.budget_200,R16-T4: bounded K12 vs exact,nodes,200,R16-T4,CA-HMCD-BoundedK12-Candidate,CA-HMCD-Exact,lower,30,5.833333333333333,1.0,4.833333333333333,-1.0,34.0,"paired BCa bootstrap, 10000 resamples",two-sided paired Wilcoxon signed-rank test,30.0,2.752262998349333e-06,1.9265840988445332e-05,0.1512757539776173,-0.8709677419354839,0.9666666666666667,all paired seeds,16,True
stage3.nodes.budget_200,R16-T8: bounded K12 vs exact,nodes,200,R16-T8,CA-HMCD-BoundedK12-Candidate,CA-HMCD-Exact,lower,30,0.0,1.0,-1.0,-1.0,-1.0,"paired BCa bootstrap, 10000 resamples",two-sided paired Wilcoxon signed-rank test,0,4.617427956906448e-08,7.387884731050317e-07,0.0,-1.0,1.0,all paired seeds,16,True
stage3.nodes.budget_200,R24-T12: bounded K12 vs exact,nodes,200,R24-T12,CA-HMCD-BoundedK12-Candidate,CA-HMCD-Exact,lower,30,0.0,1.0,-1.0,-1.0,-1.0,"paired BCa bootstrap, 10000 resamples",two-sided paired Wilcoxon signed-rank test,0,4.617427956906448e-08,7.387884731050317e-07,0.0,-1.0,1.0,all paired seeds,16,True
stage3.nodes.budget_200,R24-T16: bounded K12 vs exact,nodes,200,R24-T16,CA-HMCD-BoundedK12-Candidate,CA-HMCD-Exact,lower,30,0.0,1.0,-1.0,-1.0,-1.0,"paired BCa bootstrap, 10000 resamples",two-sided paired Wilcoxon signed-rank test,0,4.617427956906448e-08,7.387884731050317e-07,0.0,-1.0,1.0,all paired seeds,16,True
stage3.nodes.budget_200,R24-T4: bounded K12 vs exact,nodes,200,R24-T4,CA-HMCD-BoundedK12-Candidate,CA-HMCD-Exact,lower,30,76.86666666666666,0.9666666666666667,75.9,35.54427237546048,149.90884388428896,"paired BCa bootstrap, 10000 resamples",two-sided paired Wilcoxon signed-rank test,171.0,0.1977091679542947,0.3953433643962971,0.5012758129888124,0.2645161290322581,0.6,all paired seeds,16,False
stage3.nodes.budget_200,R24-T8: bounded K12 vs exact,nodes,200,R24-T8,CA-HMCD-BoundedK12-Candidate,CA-HMCD-Exact,lower,30,213.26666666666668,1.0,212.26666666666668,47.733333333333334,733.29015868444,"paired BCa bootstrap, 10000 resamples",two-sided paired Wilcoxon signed-rank test,114.0,0.008295547806978087,0.02488664342093426,0.28357838247041944,-0.5096774193548387,0.8666666666666667,all paired seeds,16,True
stage3.nodes.budget_200,R32-T12: bounded K12 vs exact,nodes,200,R32-T12,CA-HMCD-BoundedK12-Candidate,CA-HMCD-Exact,lower,30,0.0,1.0,-1.0,-1.0,-1.0,"paired BCa bootstrap, 10000 resamples",two-sided paired Wilcoxon signed-rank test,0,4.617427956906448e-08,7.387884731050317e-07,0.0,-1.0,1.0,all paired seeds,16,True
stage3.nodes.budget_200,R32-T16: bounded K12 vs exact,nodes,200,R32-T16,CA-HMCD-BoundedK12-Candidate,CA-HMCD-Exact,lower,30,0.0,1.0,-1.0,-1.0,-1.0,"paired BCa bootstrap, 10000 resamples",two-sided paired Wilcoxon signed-rank test,0,4.617427956906448e-08,7.387884731050317e-07,0.0,-1.0,1.0,all paired seeds,16,True
stage3.nodes.budget_200,R32-T4: bounded K12 vs exact,nodes,200,R32-T4,CA-HMCD-BoundedK12-Candidate,CA-HMCD-Exact,lower,30,23.033333333333335,0.8666666666666667,22.166666666666668,6.633333333333334,79.41918813845156,"paired BCa bootstrap, 10000 resamples",two-sided paired Wilcoxon signed-rank test,171.0,0.19767168219814854,0.3953433643962971,0.2890078665035341,0.2645161290322581,0.6,all paired seeds,16,False
stage3.nodes.budget_200,R32-T8: bounded K12 vs exact,nodes,200,R32-T8,CA-HMCD-BoundedK12-Candidate,CA-HMCD-Exact,lower,30,152.76666666666668,0.9666666666666667,151.8,-1.0,840.2865649121047,"paired BCa bootstrap, 10000 resamples",two-sided paired Wilcoxon signed-rank test,29.0,4.561586002841336e-06,2.7369516017048015e-05,0.18142026585091064,-0.8666666666666667,0.95,all paired seeds,16,True
stage3.fallback.budget_200,R10-T12: bounded K12 vs exact,fallback,200,R10-T12,CA-HMCD-BoundedK12-Candidate,CA-HMCD-Exact,lower,30,0.9333333333333333,0.0,0.9333333333333333,0.8,1.0,"paired BCa bootstrap, 10000 resamples",two-sided paired Wilcoxon signed-rank test,0,1.3026743952549642e-07,7.816046371529785e-07,3.6787679096857056,1.0,0.03333333333333333,all paired seeds,16,True
stage3.fallback.budget_200,R10-T16: bounded K12 vs exact,fallback,200,R10-T16,CA-HMCD-BoundedK12-Candidate,CA-HMCD-Exact,lower,30,1.0,0.0,1.0,1.0,1.0,"paired BCa bootstrap, 10000 resamples",two-sided paired Wilcoxon signed-rank test,0,4.617427956906448e-08,7.387884731050317e-07,0.0,1.0,0.0,all paired seeds,16,True
stage3.fallback.budget_200,R10-T4: bounded K12 vs exact,fallback,200,R10-T4,CA-HMCD-BoundedK12-Candidate,CA-HMCD-Exact,lower,30,0.0,0.0,0.0,0.0,0.0,"paired BCa bootstrap, 10000 resamples",two-sided paired Wilcoxon signed-rank test,0.0,1.0,1.0,0.0,0.0,0.5,all paired seeds,16,False
stage3.fallback.budget_200,R10-T8: bounded K12 vs exact,fallback,200,R10-T8,CA-HMCD-BoundedK12-Candidate,CA-HMCD-Exact,lower,30,0.43333333333333335,0.0,0.43333333333333335,0.26666666666666666,0.6,"paired BCa bootstrap, 10000 resamples",two-sided paired Wilcoxon signed-rank test,0,0.000244140625,0.00048828125,0.8597765327540114,1.0,0.2833333333333333,all paired seeds,16,True
stage3.fallback.budget_200,R16-T12: bounded K12 vs exact,fallback,200,R16-T12,CA-HMCD-BoundedK12-Candidate,CA-HMCD-Exact,lower,30,1.0,0.0,1.0,1.0,1.0,"paired BCa bootstrap, 10000 resamples",two-sided paired Wilcoxon signed-rank test,0,4.617427956906448e-08,7.387884731050317e-07,0.0,1.0,0.0,all paired seeds,16,True
stage3.fallback.budget_200,R16-T16: bounded K12 vs exact,fallback,200,R16-T16,CA-HMCD-BoundedK12-Candidate,CA-HMCD-Exact,lower,30,1.0,0.0,1.0,1.0,1.0,"paired BCa bootstrap, 10000 resamples",two-sided paired Wilcoxon signed-rank test,0,4.617427956906448e-08,7.387884731050317e-07,0.0,1.0,0.0,all paired seeds,16,True
stage3.fallback.budget_200,R16-T4: bounded K12 vs exact,fallback,200,R16-T4,CA-HMCD-BoundedK12-Candidate,CA-HMCD-Exact,lower,30,0.9666666666666667,0.0,0.9666666666666667,0.8333333333333334,1.0,"paired BCa bootstrap, 10000 resamples",two-sided paired Wilcoxon signed-rank test,0,7.752970071781925e-08,7.387884731050317e-07,5.2946513892166065,1.0,0.016666666666666666,all paired seeds,16,True
stage3.fallback.budget_200,R16-T8: bounded K12 vs exact,fallback,200,R16-T8,CA-HMCD-BoundedK12-Candidate,CA-HMCD-Exact,lower,30,1.0,0.0,1.0,1.0,1.0,"paired BCa bootstrap, 10000 resamples",two-sided paired Wilcoxon signed-rank test,0,4.617427956906448e-08,7.387884731050317e-07,0.0,1.0,0.0,all paired seeds,16,True
stage3.fallback.budget_200,R24-T12: bounded K12 vs exact,fallback,200,R24-T12,CA-HMCD-BoundedK12-Candidate,CA-HMCD-Exact,lower,30,1.0,0.0,1.0,1.0,1.0,"paired BCa bootstrap, 10000 resamples",two-sided paired Wilcoxon signed-rank test,0,4.617427956906448e-08,7.387884731050317e-07,0.0,1.0,0.0,all paired seeds,16,True
stage3.fallback.budget_200,R24-T16: bounded K12 vs exact,fallback,200,R24-T16,CA-HMCD-BoundedK12-Candidate,CA-HMCD-Exact,lower,30,1.0,0.0,1.0,1.0,1.0,"paired BCa bootstrap, 10000 resamples",two-sided paired Wilcoxon signed-rank test,0,4.617427956906448e-08,7.387884731050317e-07,0.0,1.0,0.0,all paired seeds,16,True
stage3.fallback.budget_200,R24-T4: bounded K12 vs exact,fallback,200,R24-T4,CA-HMCD-BoundedK12-Candidate,CA-HMCD-Exact,lower,30,0.6,0.0,0.6,0.4,0.7666666666666668,"paired BCa bootstrap, 10000 resamples",two-sided paired Wilcoxon signed-rank test,0,7.62939453125e-06,3.0517578125e-05,1.2041594578792294,1.0,0.2,all paired seeds,16,True
stage3.fallback.budget_200,R24-T8: bounded K12 vs exact,fallback,200,R24-T8,CA-HMCD-BoundedK12-Candidate,CA-HMCD-Exact,lower,30,0.9333333333333333,0.0,0.9333333333333333,0.8,1.0,"paired BCa bootstrap, 10000 resamples",two-sided paired Wilcoxon signed-rank test,0,1.3026743952549642e-07,7.816046371529785e-07,3.6787679096857056,1.0,0.03333333333333333,all paired seeds,16,True
stage3.fallback.budget_200,R32-T12: bounded K12 vs exact,fallback,200,R32-T12,CA-HMCD-BoundedK12-Candidate,CA-HMCD-Exact,lower,30,1.0,0.0,1.0,1.0,1.0,"paired BCa bootstrap, 10000 resamples",two-sided paired Wilcoxon signed-rank test,0,4.617427956906448e-08,7.387884731050317e-07,0.0,1.0,0.0,all paired seeds,16,True
stage3.fallback.budget_200,R32-T16: bounded K12 vs exact,fallback,200,R32-T16,CA-HMCD-BoundedK12-Candidate,CA-HMCD-Exact,lower,30,1.0,0.0,1.0,1.0,1.0,"paired BCa bootstrap, 10000 resamples",two-sided paired Wilcoxon signed-rank test,0,4.617427956906448e-08,7.387884731050317e-07,0.0,1.0,0.0,all paired seeds,16,True
stage3.fallback.budget_200,R32-T4: bounded K12 vs exact,fallback,200,R32-T4,CA-HMCD-BoundedK12-Candidate,CA-HMCD-Exact,lower,30,0.6,0.0,0.6,0.43333333333333335,0.7666666666666667,"paired BCa bootstrap, 10000 resamples",two-sided paired Wilcoxon signed-rank test,0,7.62939453125e-06,3.0517578125e-05,1.2041594578792294,1.0,0.2,all paired seeds,16,True
stage3.fallback.budget_200,R32-T8: bounded K12 vs exact,fallback,200,R32-T8,CA-HMCD-BoundedK12-Candidate,CA-HMCD-Exact,lower,30,0.9666666666666667,0.0,0.9666666666666667,0.8333333333333334,1.0,"paired BCa bootstrap, 10000 resamples",two-sided paired Wilcoxon signed-rank test,0,7.752970071781925e-08,7.387884731050317e-07,5.2946513892166065,1.0,0.016666666666666666,all paired seeds,16,True
stage3.deadline_hit.budget_200,R10-T12: bounded K12 vs exact,deadline_hit,200,R10-T12,CA-HMCD-BoundedK12-Candidate,CA-HMCD-Exact,higher,30,0.06666666666666667,0.9666666666666667,-0.9,-0.9666666666666667,-0.7333333333333333,"paired BCa bootstrap, 10000 resamples",two-sided paired Wilcoxon signed-rank test,0,2.1904178020089878e-07,3.066584922812583e-06,-2.9495762407505253,-1.0,0.05,all paired seeds,16,True
stage3.deadline_hit.budget_200,R10-T16: bounded K12 vs exact,deadline_hit,200,R10-T16,CA-HMCD-BoundedK12-Candidate,CA-HMCD-Exact,higher,30,0.0,1.0,-1.0,-1.0,-1.0,"paired BCa bootstrap, 10000 resamples",two-sided paired Wilcoxon signed-rank test,0,4.617427956906448e-08,7.387884731050317e-07,0.0,-1.0,0.0,all paired seeds,16,True
stage3.deadline_hit.budget_200,R10-T4: bounded K12 vs exact,deadline_hit,200,R10-T4,CA-HMCD-BoundedK12-Candidate,CA-HMCD-Exact,higher,30,1.0,1.0,0.0,0.0,0.0,"paired BCa bootstrap, 10000 resamples",two-sided paired Wilcoxon signed-rank test,0.0,1.0,1.0,0.0,0.0,0.5,all paired seeds,16,False
stage3.deadline_hit.budget_200,R10-T8: bounded K12 vs exact,deadline_hit,200,R10-T8,CA-HMCD-BoundedK12-Candidate,CA-HMCD-Exact,higher,30,0.5666666666666667,1.0,-0.43333333333333335,-0.6333333333333333,-0.26666666666666666,"paired BCa bootstrap, 10000 resamples",two-sided paired Wilcoxon signed-rank test,0,0.000244140625,0.0029296875,-0.8597765327540114,-1.0,0.2833333333333333,all paired seeds,16,True
stage3.deadline_hit.budget_200,R16-T12: bounded K12 vs exact,deadline_hit,200,R16-T12,CA-HMCD-BoundedK12-Candidate,CA-HMCD-Exact,higher,30,0.0,0.0,0.0,0.0,0.0,"paired BCa bootstrap, 10000 resamples",two-sided paired Wilcoxon signed-rank test,0.0,1.0,1.0,0.0,0.0,0.5,all paired seeds,16,False
stage3.deadline_hit.budget_200,R16-T16: bounded K12 vs exact,deadline_hit,200,R16-T16,CA-HMCD-BoundedK12-Candidate,CA-HMCD-Exact,higher,30,0.0,0.0,0.0,0.0,0.0,"paired BCa bootstrap, 10000 resamples",two-sided paired Wilcoxon signed-rank test,0.0,1.0,1.0,0.0,0.0,0.5,all paired seeds,16,False
stage3.deadline_hit.budget_200,R16-T4: bounded K12 vs exact,deadline_hit,200,R16-T4,CA-HMCD-BoundedK12-Candidate,CA-HMCD-Exact,higher,30,0.03333333333333333,1.0,-0.9666666666666667,-1.0,-0.8333333333333334,"paired BCa bootstrap, 10000 resamples",two-sided paired Wilcoxon signed-rank test,0,7.752970071781925e-08,1.1629455107672889e-06,-5.2946513892166065,-1.0,0.016666666666666666,all paired seeds,16,True
stage3.deadline_hit.budget_200,R16-T8: bounded K12 vs exact,deadline_hit,200,R16-T8,CA-HMCD-BoundedK12-Candidate,CA-HMCD-Exact,higher,30,0.0,0.7333333333333333,-0.7333333333333333,-0.8666666666666667,-0.5666666666666667,"paired BCa bootstrap, 10000 resamples",two-sided paired Wilcoxon signed-rank test,0,2.984603077976085e-06,3.8799840013689106e-05,-1.6304396135194132,-1.0,0.13333333333333333,all paired seeds,16,True
stage3.deadline_hit.budget_200,R24-T12: bounded K12 vs exact,deadline_hit,200,R24-T12,CA-HMCD-BoundedK12-Candidate,CA-HMCD-Exact,higher,30,0.0,0.0,0.0,0.0,0.0,"paired BCa bootstrap, 10000 resamples",two-sided paired Wilcoxon signed-rank test,0.0,1.0,1.0,0.0,0.0,0.5,all paired seeds,16,False
stage3.deadline_hit.budget_200,R24-T16: bounded K12 vs exact,deadline_hit,200,R24-T16,CA-HMCD-BoundedK12-Candidate,CA-HMCD-Exact,higher,30,0.0,0.0,0.0,0.0,0.0,"paired BCa bootstrap, 10000 resamples",two-sided paired Wilcoxon signed-rank test,0.0,1.0,1.0,0.0,0.0,0.5,all paired seeds,16,False
stage3.deadline_hit.budget_200,R24-T4: bounded K12 vs exact,deadline_hit,200,R24-T4,CA-HMCD-BoundedK12-Candidate,CA-HMCD-Exact,higher,30,0.4,0.0,0.4,0.23333333333333334,0.5666666666666667,"paired BCa bootstrap, 10000 resamples",two-sided paired Wilcoxon signed-rank test,0,0.00048828125,0.00537109375,0.8027729719194864,1.0,0.7,all paired seeds,16,True
stage3.deadline_hit.budget_200,R24-T8: bounded K12 vs exact,deadline_hit,200,R24-T8,CA-HMCD-BoundedK12-Candidate,CA-HMCD-Exact,higher,30,0.06666666666666667,0.0,0.06666666666666667,0.0,0.2,"paired BCa bootstrap, 10000 resamples",two-sided paired Wilcoxon signed-rank test,0,0.5,1.0,0.2627691364061218,1.0,0.5333333333333333,all paired seeds,16,False
stage3.deadline_hit.budget_200,R32-T12: bounded K12 vs exact,deadline_hit,200,R32-T12,CA-HMCD-BoundedK12-Candidate,CA-HMCD-Exact,higher,30,0.0,0.0,0.0,0.0,0.0,"paired BCa bootstrap, 10000 resamples",two-sided paired Wilcoxon signed-rank test,0.0,1.0,1.0,0.0,0.0,0.5,all paired seeds,16,False
stage3.deadline_hit.budget_200,R32-T16: bounded K12 vs exact,deadline_hit,200,R32-T16,CA-HMCD-BoundedK12-Candidate,CA-HMCD-Exact,higher,30,0.0,0.0,0.0,0.0,0.0,"paired BCa bootstrap, 10000 resamples",two-sided paired Wilcoxon signed-rank test,0.0,1.0,1.0,0.0,0.0,0.5,all paired seeds,16,False
stage3.deadline_hit.budget_200,R32-T4: bounded K12 vs exact,deadline_hit,200,R32-T4,CA-HMCD-BoundedK12-Candidate,CA-HMCD-Exact,higher,30,0.4,0.0,0.4,0.23333333333333334,0.5666666666666667,"paired BCa bootstrap, 10000 resamples",two-sided paired Wilcoxon signed-rank test,0,0.00048828125,0.00537109375,0.8027729719194864,1.0,0.7,all paired seeds,16,True
stage3.deadline_hit.budget_200,R32-T8: bounded K12 vs exact,deadline_hit,200,R32-T8,CA-HMCD-BoundedK12-Candidate,CA-HMCD-Exact,higher,30,0.03333333333333333,0.0,0.03333333333333333,0.0,0.16666666666666666,"paired BCa bootstrap, 10000 resamples",two-sided paired Wilcoxon signed-rank test,0,1.0,1.0,0.18257418583505539,1.0,0.5166666666666667,all paired seeds,16,False
stage3.common_served_task_response_time.budget_200,R10-T12: bounded K12 vs exact,common_served_task_response_time,200,R10-T12,CA-HMCD-BoundedK12-Candidate,CA-HMCD-Exact,lower,30,0.5527480489187852,0.5628295519731487,-0.010081503054363432,-0.015992300603752917,-0.004934624034990452,"paired BCa bootstrap, 10000 resamples",two-sided paired Wilcoxon signed-rank test,67.0,0.002031911801171934,0.024382941614063208,-0.6431191940961002,-0.6699507389162561,0.7666666666666667,HiGHS optimal seeds only,16,True
stage3.common_served_task_response_time.budget_200,R10-T16: bounded K12 vs exact,common_served_task_response_time,200,R10-T16,CA-HMCD-BoundedK12-Candidate,CA-HMCD-Exact,lower,30,0.5600496567313165,0.5680595464136584,-0.008009889682341865,-0.014017115838413793,-0.0015903894815881615,"paired BCa bootstrap, 10000 resamples",two-sided paired Wilcoxon signed-rank test,67.0,0.002031911801171934,0.024382941614063208,-0.4601138052517306,-0.6699507389162561,0.8,HiGHS optimal seeds only,16,True
stage3.common_served_task_response_time.budget_200,R10-T4: bounded K12 vs exact,common_served_task_response_time,200,R10-T4,CA-HMCD-BoundedK12-Candidate,CA-HMCD-Exact,lower,30,0.525723486029314,0.5256422017755544,8.128425375951709e-05,-0.0010662381204630477,0.00294275968766348,"paired BCa bootstrap, 10000 resamples",two-sided paired Wilcoxon signed-rank test,10.0,0.578125,1.0,0.016869043100797915,-0.2857142857142857,0.55,HiGHS optimal seeds only,16,False
stage3.common_served_task_response_time.budget_200,R10-T8: bounded K12 vs exact,common_served_task_response_time,200,R10-T8,CA-HMCD-BoundedK12-Candidate,CA-HMCD-Exact,lower,30,0.5441748550011528,0.5456390013854573,-0.0014641463843044304,-0.006130704551937406,0.0015232601190560378,"paired BCa bootstrap, 10000 resamples",two-sided paired Wilcoxon signed-rank test,82.0,0.6225624084472656,1.0,-0.13938189209442828,-0.1368421052631579,0.5166666666666667,HiGHS optimal seeds only,16,False
stage3.common_served_task_response_time.budget_200,R16-T12: bounded K12 vs exact,common_served_task_response_time,200,R16-T12,CA-HMCD-BoundedK12-Candidate,CA-HMCD-Exact,lower,30,0.5338236377260563,0.539538581045859,-0.005714943319802616,-0.010675020923854407,-0.002116126027574373,"paired BCa bootstrap, 10000 resamples",two-sided paired Wilcoxon signed-rank test,112.0,0.023181134868644475,0.20863021381780028,-0.4789947645278731,-0.4850574712643678,0.65,HiGHS optimal seeds only,16,False
stage3.common_served_task_response_time.budget_200,R16-T16: bounded K12 vs exact,common_served_task_response_time,200,R16-T16,CA-HMCD-BoundedK12-Candidate,CA-HMCD-Exact,lower,30,0.540569533341665,0.5525792029874711,-0.012009669645806123,-0.017158471260799828,-0.0066885263541447675,"paired BCa bootstrap, 10000 resamples",two-sided paired Wilcoxon signed-rank test,64.0,0.0005493118817546343,0.007141054462810246,-0.8009071542218145,-0.7247311827956989,0.7666666666666667,HiGHS optimal seeds only,16,True
stage3.common_served_task_response_time.budget_200,R16-T4: bounded K12 vs exact,common_served_task_response_time,200,R16-T4,CA-HMCD-BoundedK12-Candidate,CA-HMCD-Exact,lower,30,0.5195434780652926,0.5192612323193404,0.00028224574595218097,-0.002216924820585984,0.0028854635308441148,"paired BCa bootstrap, 10000 resamples",two-sided paired Wilcoxon signed-rank test,51.0,0.9515380859375,1.0,0.039345288236718984,0.02857142857142857,0.5,HiGHS optimal seeds only,16,False
stage3.common_served_task_response_time.budget_200,R16-T8: bounded K12 vs exact,common_served_task_response_time,200,R16-T8,CA-HMCD-BoundedK12-Candidate,CA-HMCD-Exact,lower,30,0.5441719334554104,0.5457195957888298,-0.0015476623334194362,-0.004435516574378047,0.0013363004365521112,"paired BCa bootstrap, 10000 resamples",two-sided paired Wilcoxon signed-rank test,158.0,0.31090335462393426,1.0,-0.18839257657747774,-0.22167487684729065,0.5333333333333333,HiGHS optimal seeds only,16,False
stage3.common_served_task_response_time.budget_200,R24-T12: bounded K12 vs exact,common_served_task_response_time,200,R24-T12,CA-HMCD-BoundedK12-Candidate,CA-HMCD-Exact,lower,30,0.516251269864416,0.5142709506902985,0.0019803191741176395,-0.0017640307056796829,0.005982560158974063,"paired BCa bootstrap, 10000 resamples",two-sided paired Wilcoxon signed-rank test,183.0,0.31352713674495514,1.0,0.1785870595689661,0.2129032258064516,0.43333333333333335,HiGHS optimal seeds only,16,False
stage3.common_served_task_response_time.budget_200,R24-T16: bounded K12 vs exact,common_served_task_response_time,200,R24-T16,CA-HMCD-BoundedK12-Candidate,CA-HMCD-Exact,lower,30,0.5216724946337735,0.5234132717089522,-0.0017407770751786936,-0.006326666033950538,0.0034789610986573952,"paired BCa bootstrap, 10000 resamples",two-sided paired Wilcoxon signed-rank test,186.0,0.3440753429639741,1.0,-0.12449873711393444,-0.2,0.5666666666666667,HiGHS optimal seeds only,16,False
stage3.common_served_task_response_time.budget_200,R24-T4: bounded K12 vs exact,common_served_task_response_time,200,R24-T4,CA-HMCD-BoundedK12-Candidate,CA-HMCD-Exact,lower,29,0.5042414795596474,0.5012963667234394,0.002945112836208086,-0.002911858962744361,0.010474244375429891,"paired BCa bootstrap, 10000 resamples",two-sided paired Wilcoxon signed-rank test,60.0,0.4585723876953125,1.0,0.16133699026515705,0.21568627450980393,0.41379310344827586,HiGHS optimal seeds only,16,False
stage3.common_served_task_response_time.budget_200,R24-T8: bounded K12 vs exact,common_served_task_response_time,200,R24-T8,CA-HMCD-BoundedK12-Candidate,CA-HMCD-Exact,lower,30,0.5165128708537715,0.5122500166853536,0.004262854168417896,-0.0007907698031034576,0.010307206853478629,"paired BCa bootstrap, 10000 resamples",two-sided paired Wilcoxon signed-rank test,148.0,0.135698914485948,1.0,0.26949894319449624,0.3195402298850575,0.38333333333333336,HiGHS optimal seeds only,16,False
stage3.common_served_task_response_time.budget_200,R32-T12: bounded K12 vs exact,common_served_task_response_time,200,R32-T12,CA-HMCD-BoundedK12-Candidate,CA-HMCD-Exact,lower,30,0.529863503925779,0.5175922817972956,0.012271222128483498,0.008072303595902707,0.016686291167317444,"paired BCa bootstrap, 10000 resamples",two-sided paired Wilcoxon signed-rank test,37.0,6.0506646669380906e-05,0.0009075997000407136,1.0076481716608983,0.8408602150537634,0.16666666666666666,HiGHS optimal seeds only,16,True
stage3.common_served_task_response_time.budget_200,R32-T16: bounded K12 vs exact,common_served_task_response_time,200,R32-T16,CA-HMCD-BoundedK12-Candidate,CA-HMCD-Exact,lower,30,0.5334567901871502,0.5183287980414055,0.015127992145744713,0.010947146921418148,0.02020893634895188,"paired BCa bootstrap, 10000 resamples",two-sided paired Wilcoxon signed-rank test,14.0,7.329171360778439e-06,0.00011726674177245502,1.145598965555614,0.9397849462365592,0.1,HiGHS optimal seeds only,16,True
stage3.common_served_task_response_time.budget_200,R32-T4: bounded K12 vs exact,common_served_task_response_time,200,R32-T4,CA-HMCD-BoundedK12-Candidate,CA-HMCD-Exact,lower,28,0.519156400348139,0.5082936443219915,0.01086275602614745,0.005099814220028724,0.019061806111290668,"paired BCa bootstrap, 10000 resamples",two-sided paired Wilcoxon signed-rank test,25.0,0.0033416748046875,0.033416748046875,0.5766951395509549,0.7368421052631579,0.26785714285714285,HiGHS optimal seeds only,16,True
stage3.common_served_task_response_time.budget_200,R32-T8: bounded K12 vs exact,common_served_task_response_time,200,R32-T8,CA-HMCD-BoundedK12-Candidate,CA-HMCD-Exact,lower,30,0.5372477740755262,0.5175372705501469,0.01971050352537931,0.012670930547094224,0.02719777488488239,"paired BCa bootstrap, 10000 resamples",two-sided paired Wilcoxon signed-rank test,30.0,8.563009864285397e-05,0.0011988213809999556,0.9541803052851456,0.8522167487684729,0.16666666666666666,HiGHS optimal seeds only,16,True
stage3.external_objective_per_active_task.budget_500,R10-T12: bounded K12 vs exact,external_objective_per_active_task,500,R10-T12,CA-HMCD-BoundedK12-Candidate,CA-HMCD-Exact,higher,30,-0.05335146602499049,-0.048959205162957056,-0.00439226086203343,-0.006721601087386223,-0.0031656210915129526,"paired BCa bootstrap, 10000 resamples",two-sided paired Wilcoxon signed-rank test,0,4.003256204905308e-06,2.9205943301779423e-05,-0.9407144379989207,-1.0,0.03333333333333333,HiGHS optimal seeds only,16,True
stage3.external_objective_per_active_task.budget_500,R10-T16: bounded K12 vs exact,external_objective_per_active_task,500,R10-T16,CA-HMCD-BoundedK12-Candidate,CA-HMCD-Exact,higher,30,-0.06344350435894529,-0.05688670085118609,-0.006556803507759197,-0.009002647861581163,-0.004893552431373958,"paired BCa bootstrap, 10000 resamples",two-sided paired Wilcoxon signed-rank test,0,1.825371456361214e-06,2.9205943301779423e-05,-1.1646531718208633,-1.0,0.0,HiGHS optimal seeds only,16,True
stage3.external_objective_per_active_task.budget_500,R10-T4: bounded K12 vs exact,external_objective_per_active_task,500,R10-T4,CA-HMCD-BoundedK12-Candidate,CA-HMCD-Exact,higher,30,-0.029613790941497943,-0.029361560942637213,-0.0002522299988607271,-0.0005146886476424617,-0.00010165213897141337,"paired BCa bootstrap, 10000 resamples",two-sided paired Wilcoxon signed-rank test,0,0.015625,0.015625,-0.44627131701025263,-1.0,0.38333333333333336,HiGHS optimal seeds only,16,True
stage3.external_objective_per_active_task.budget_500,R10-T8: bounded K12 vs exact,external_objective_per_active_task,500,R10-T8,CA-HMCD-BoundedK12-Candidate,CA-HMCD-Exact,higher,30,-0.04472001576370131,-0.04296145860137774,-0.0017585571623235756,-0.0029141954577794563,-0.001076750830639371,"paired BCa bootstrap, 10000 resamples",two-sided paired Wilcoxon signed-rank test,0,1.9073486328125e-06,2.9205943301779423e-05,-0.7126402215679855,-1.0,0.16666666666666666,HiGHS optimal seeds only,16,True
stage3.external_objective_per_active_task.budget_500,R16-T12: bounded K12 vs exact,external_objective_per_active_task,500,R16-T12,CA-HMCD-BoundedK12-Candidate,CA-HMCD-Exact,higher,30,-0.059968228793826704,-0.04148874138396782,-0.01847948740985889,-0.02485045203059627,-0.01419718737049706,"paired BCa bootstrap, 10000 resamples",two-sided paired Wilcoxon signed-rank test,0,2.702369140477986e-06,2.9205943301779423e-05,-1.2472585877269247,-1.0,0.016666666666666666,HiGHS optimal seeds only,16,True
stage3.external_objective_per_active_task.budget_500,R16-T16: bounded K12 vs exact,external_objective_per_active_task,500,R16-T16,CA-HMCD-BoundedK12-Candidate,CA-HMCD-Exact,higher,30,-0.0680161427543426,-0.04562296429495251,-0.022393178459390095,-0.02733541171018618,-0.018200107058780505,"paired BCa bootstrap, 10000 resamples",two-sided paired Wilcoxon signed-rank test,0,1.825371456361214e-06,2.9205943301779423e-05,-1.745232557488046,-1.0,0.0,HiGHS optimal seeds only,16,True
stage3.external_objective_per_active_task.budget_500,R16-T4: bounded K12 vs exact,external_objective_per_active_task,500,R16-T4,CA-HMCD-BoundedK12-Candidate,CA-HMCD-Exact,higher,30,-0.015163915742016086,-0.0124009721454855,-0.0027629435965305853,-0.005873528122718988,-0.0014128192484043189,"paired BCa bootstrap, 10000 resamples",two-sided paired Wilcoxon signed-rank test,0,6.103515625e-05,0.0001220703125,-0.5071030518708532,-1.0,0.25,HiGHS optimal seeds only,16,True
stage3.external_objective_per_active_task.budget_500,R16-T8: bounded K12 vs exact,external_objective_per_active_task,500,R16-T8,CA-HMCD-BoundedK12-Candidate,CA-HMCD-Exact,higher,30,-0.045547868475158924,-0.032915958985542976,-0.012631909489615949,-0.018347546935053707,-0.008507439196463759,"paired BCa bootstrap, 10000 resamples",two-sided paired Wilcoxon signed-rank test,0,5.934423263436316e-06,2.9205943301779423e-05,-0.9412012639000918,-1.0,0.05,HiGHS optimal seeds only,16,True
stage3.external_objective_per_active_task.budget_500,R24-T12: bounded K12 vs exact,external_objective_per_active_task,500,R24-T12,CA-HMCD-BoundedK12-Candidate,CA-HMCD-Exact,higher,30,-0.04966690370594181,-0.024454139397576173,-0.025212764308365634,-0.03136387682027509,-0.019707998587663266,"paired BCa bootstrap, 10000 resamples",two-sided paired Wilcoxon signed-rank test,0,1.825371456361214e-06,2.9205943301779423e-05,-1.5160281659026167,-1.0,0.0,HiGHS optimal seeds only,16,True
stage3.external_objective_per_active_task.budget_500,R24-T16: bounded K12 vs exact,external_objective_per_active_task,500,R24-T16,CA-HMCD-BoundedK12-Candidate,CA-HMCD-Exact,higher,30,-0.05641378959099961,-0.02843863443189369,-0.027975155159105924,-0.03412300706529261,-0.02253743343846795,"paired BCa bootstrap, 10000 resamples",two-sided paired Wilcoxon signed-rank test,0,1.825371456361214e-06,2.9205943301779423e-05,-1.7219390904804743,-1.0,0.0,HiGHS optimal seeds only,16,True
stage3.external_objective_per_active_task.budget_500,R24-T4: bounded K12 vs exact,external_objective_per_active_task,500,R24-T4,CA-HMCD-BoundedK12-Candidate,CA-HMCD-Exact,higher,30,-0.039031297642939285,-0.01658971535584053,-0.022441582287098756,-0.033031855713417956,-0.014644525642313753,"paired BCa bootstrap, 10000 resamples",two-sided paired Wilcoxon signed-rank test,0,1.3070605478013074e-05,3.9211816434039225e-05,-0.8637996382010331,-1.0,0.08333333333333333,HiGHS optimal seeds only,16,True
stage3.external_objective_per_active_task.budget_500,R24-T8: bounded K12 vs exact,external_objective_per_active_task,500,R24-T8,CA-HMCD-BoundedK12-Candidate,CA-HMCD-Exact,higher,30,-0.049982531563759626,-0.027845392763014693,-0.02213713880074493,-0.02922383840134787,-0.015662576441632922,"paired BCa bootstrap, 10000 resamples",two-sided paired Wilcoxon signed-rank test,0,1.825371456361214e-06,2.9205943301779423e-05,-1.15355941707633,-1.0,0.0,HiGHS optimal seeds only,16,True
stage3.external_objective_per_active_task.budget_500,R32-T12: bounded K12 vs exact,external_objective_per_active_task,500,R32-T12,CA-HMCD-BoundedK12-Candidate,CA-HMCD-Exact,higher,30,-0.05772429999258692,-0.018013022545830336,-0.03971127744675659,-0.04723576979469521,-0.0331166821580751,"paired BCa bootstrap, 10000 resamples",two-sided paired Wilcoxon signed-rank test,0,1.825371456361214e-06,2.9205943301779423e-05,-1.9846104335158778,-1.0,0.0,HiGHS optimal seeds only,16,True
stage3.external_objective_per_active_task.budget_500,R32-T16: bounded K12 vs exact,external_objective_per_active_task,500,R32-T16,CA-HMCD-BoundedK12-Candidate,CA-HMCD-Exact,higher,30,-0.06181090902618778,-0.02315078648590696,-0.03866012254028082,-0.044211217794525075,-0.033640726518114276,"paired BCa bootstrap, 10000 resamples",two-sided paired Wilcoxon signed-rank test,0,1.825371456361214e-06,2.9205943301779423e-05,-2.5792782297550643,-1.0,0.0,HiGHS optimal seeds only,16,True
stage3.external_objective_per_active_task.budget_500,R32-T4: bounded K12 vs exact,external_objective_per_active_task,500,R32-T4,CA-HMCD-BoundedK12-Candidate,CA-HMCD-Exact,higher,30,-0.044212844667719096,0.009386569833058267,-0.05359941450077736,-0.06897528479066685,-0.03961339998252347,"paired BCa bootstrap, 10000 resamples",two-sided paired Wilcoxon signed-rank test,0,1.825371456361214e-06,2.9205943301779423e-05,-1.2828098403710286,-1.0,0.0,HiGHS optimal seeds only,16,True
stage3.external_objective_per_active_task.budget_500,R32-T8: bounded K12 vs exact,external_objective_per_active_task,500,R32-T8,CA-HMCD-BoundedK12-Candidate,CA-HMCD-Exact,higher,30,-0.060957894959252044,-0.016092725215716686,-0.04486516974353536,-0.05559362942817295,-0.03552667595070198,"paired BCa bootstrap, 10000 resamples",two-sided paired Wilcoxon signed-rank test,0,1.825371456361214e-06,2.9205943301779423e-05,-1.6021898947791795,-1.0,0.0,HiGHS optimal seeds only,16,True
stage3.independent_service_score.budget_500,R10-T12: bounded K12 vs exact,independent_service_score,500,R10-T12,CA-HMCD-BoundedK12-Candidate,CA-HMCD-Exact,higher,30,0.3572693357202207,0.37396984377737347,-0.016700508057152858,-0.022927660096193354,-0.012064882415335395,"paired BCa bootstrap, 10000 resamples",two-sided paired Wilcoxon signed-rank test,7.0,8.514819472044845e-06,5.960373630431391e-05,-1.0904963510320766,-0.9655172413793104,0.06666666666666667,HiGHS optimal seeds only,16,True
stage3.independent_service_score.budget_500,R10-T16: bounded K12 vs exact,independent_service_score,500,R10-T16,CA-HMCD-BoundedK12-Candidate,CA-HMCD-Exact,higher,30,0.3198204141791811,0.34112510441900784,-0.021304690239826684,-0.026621342361733854,-0.01636587960051919,"paired BCa bootstrap, 10000 resamples",two-sided paired Wilcoxon signed-rank test,1.0,2.0212661161444017e-06,2.9205943301779423e-05,-1.444207984367752,-0.9956989247311828,0.03333333333333333,HiGHS optimal seeds only,16,True
stage3.independent_service_score.budget_500,R10-T4: bounded K12 vs exact,independent_service_score,500,R10-T4,CA-HMCD-BoundedK12-Candidate,CA-HMCD-Exact,higher,30,0.44299403188692976,0.4439161471271861,-0.0009221152402563068,-0.004387064602583834,-0.00012589148048940176,"paired BCa bootstrap, 10000 resamples",two-sided paired Wilcoxon signed-rank test,3.0,0.078125,0.078125,-0.22562352632632138,-0.7857142857142857,0.45,HiGHS optimal seeds only,16,False
stage3.independent_service_score.budget_500,R10-T8: bounded K12 vs exact,independent_service_score,500,R10-T8,CA-HMCD-BoundedK12-Candidate,CA-HMCD-Exact,higher,30,0.3921608346758427,0.40237376363197586,-0.01021292895613313,-0.015894740678891343,-0.006144720862868014,"paired BCa bootstrap, 10000 resamples",two-sided paired Wilcoxon signed-rank test,3.0,9.5367431640625e-06,5.960373630431391e-05,-0.7360102950733055,-0.9714285714285714,0.2,HiGHS optimal seeds only,16,True
stage3.independent_service_score.budget_500,R16-T12: bounded K12 vs exact,independent_service_score,500,R16-T12,CA-HMCD-BoundedK12-Candidate,CA-HMCD-Exact,higher,30,0.34852589713265536,0.4058959240610798,-0.05737002692842446,-0.07169212548792193,-0.04529155888520066,"paired BCa bootstrap, 10000 resamples",two-sided paired Wilcoxon signed-rank test,0,2.702369140477986e-06,2.9205943301779423e-05,-1.547082746997658,-1.0,0.016666666666666666,HiGHS optimal seeds only,16,True
stage3.independent_service_score.budget_500,R16-T16: bounded K12 vs exact,independent_service_score,500,R16-T16,CA-HMCD-BoundedK12-Candidate,CA-HMCD-Exact,higher,30,0.314452182068942,0.38055707290491897,-0.06610489083597701,-0.07478847600706248,-0.05689013678524617,"paired BCa bootstrap, 10000 resamples",two-sided paired Wilcoxon signed-rank test,0,1.825371456361214e-06,2.9205943301779423e-05,-2.5660551240588654,-1.0,0.0,HiGHS optimal seeds only,16,True
stage3.independent_service_score.budget_500,R16-T4: bounded K12 vs exact,independent_service_score,500,R16-T4,CA-HMCD-BoundedK12-Candidate,CA-HMCD-Exact,higher,30,0.4957129518778615,0.5025684997568122,-0.006855547878950635,-0.019503538710592065,-0.002463036415684999,"paired BCa bootstrap, 10000 resamples",two-sided paired Wilcoxon signed-rank test,5.0,0.0006103515625,0.001220703125,-0.3467479430966856,-0.9166666666666666,0.31666666666666665,HiGHS optimal seeds only,16,True
stage3.independent_service_score.budget_500,R16-T8: bounded K12 vs exact,independent_service_score,500,R16-T8,CA-HMCD-BoundedK12-Candidate,CA-HMCD-Exact,higher,30,0.4003682522733368,0.44001506709376376,-0.039646814820426916,-0.05722027654257367,-0.025285215086802697,"paired BCa bootstrap, 10000 resamples",two-sided paired Wilcoxon signed-rank test,21.0,5.717239518302054e-05,0.00017151718554906162,-0.8894147649705054,-0.8888888888888888,0.15,HiGHS optimal seeds only,16,True
stage3.independent_service_score.budget_500,R24-T12: bounded K12 vs exact,independent_service_score,500,R24-T12,CA-HMCD-BoundedK12-Candidate,CA-HMCD-Exact,higher,30,0.3797672776550097,0.4478592494003934,-0.06809197174538364,-0.08468936874496644,-0.05300827776763531,"paired BCa bootstrap, 10000 resamples",two-sided paired Wilcoxon signed-rank test,3.0,2.4753489333888993e-06,2.9205943301779423e-05,-1.5153431661691639,-0.9870967741935484,0.06666666666666667,HiGHS optimal seeds only,16,True
stage3.independent_service_score.budget_500,R24-T16: bounded K12 vs exact,independent_service_score,500,R24-T16,CA-HMCD-BoundedK12-Candidate,CA-HMCD-Exact,higher,30,0.35193470427275847,0.4250227245322372,-0.0730880202594787,-0.0866514188965172,-0.06136734909107157,"paired BCa bootstrap, 10000 resamples",two-sided paired Wilcoxon signed-rank test,0,1.825371456361214e-06,2.9205943301779423e-05,-2.02356247266115,-1.0,0.0,HiGHS optimal seeds only,16,True
stage3.independent_service_score.budget_500,R24-T4: bounded K12 vs exact,independent_service_score,500,R24-T4,CA-HMCD-BoundedK12-Candidate,CA-HMCD-Exact,higher,30,0.4228943736898302,0.4996837227876936,-0.07678934909786345,-0.11781661791980413,-0.04978279698808129,"paired BCa bootstrap, 10000 resamples",two-sided paired Wilcoxon signed-rank test,8.0,3.4179982004296834e-05,0.00013671992801718734,-0.8244815048363556,-0.9507692307692308,0.15,HiGHS optimal seeds only,16,True
stage3.independent_service_score.budget_500,R24-T8: bounded K12 vs exact,independent_service_score,500,R24-T8,CA-HMCD-BoundedK12-Candidate,CA-HMCD-Exact,higher,30,0.3913207885496981,0.4543454219621277,-0.06302463341242956,-0.08275736049067707,-0.04354606034863015,"paired BCa bootstrap, 10000 resamples",two-sided paired Wilcoxon signed-rank test,19.0,1.181053559181823e-05,5.960373630431391e-05,-1.1286059751734203,-0.9182795698924732,0.1,HiGHS optimal seeds only,16,True
stage3.independent_service_score.budget_500,R32-T12: bounded K12 vs exact,independent_service_score,500,R32-T12,CA-HMCD-BoundedK12-Candidate,CA-HMCD-Exact,higher,30,0.3691083702200455,0.47345412603309717,-0.10434575581305167,-0.1221420275356074,-0.0877173454568076,"paired BCa bootstrap, 10000 resamples",two-sided paired Wilcoxon signed-rank test,0,1.825371456361214e-06,2.9205943301779423e-05,-2.1394753952613774,-1.0,0.0,HiGHS optimal seeds only,16,True
stage3.independent_service_score.budget_500,R32-T16: bounded K12 vs exact,independent_service_score,500,R32-T16,CA-HMCD-BoundedK12-Candidate,CA-HMCD-Exact,higher,30,0.35414548909809285,0.4539973949152541,-0.09985190581716122,-0.1148062730301613,-0.08964498560802198,"paired BCa bootstrap, 10000 resamples",two-sided paired Wilcoxon signed-rank test,0,1.825371456361214e-06,2.9205943301779423e-05,-2.864441391933512,-1.0,0.0,HiGHS optimal seeds only,16,True
stage3.independent_service_score.budget_500,R32-T4: bounded K12 vs exact,independent_service_score,500,R32-T4,CA-HMCD-BoundedK12-Candidate,CA-HMCD-Exact,higher,30,0.39200119570132846,0.5523736762640818,-0.16037248056275336,-0.2075349596293437,-0.11542108836940797,"paired BCa bootstrap, 10000 resamples",two-sided paired Wilcoxon signed-rank test,2.0,2.237270713350812e-06,2.9205943301779423e-05,-1.2089501315053939,-0.9913978494623656,0.03333333333333333,HiGHS optimal seeds only,16,True
stage3.independent_service_score.budget_500,R32-T8: bounded K12 vs exact,independent_service_score,500,R32-T8,CA-HMCD-BoundedK12-Candidate,CA-HMCD-Exact,higher,30,0.3673795830321585,0.4839334440009748,-0.11655386096881631,-0.14276114114441618,-0.09248811518868066,"paired BCa bootstrap, 10000 resamples",two-sided paired Wilcoxon signed-rank test,0,1.825371456361214e-06,2.9205943301779423e-05,-1.646333467539868,-1.0,0.0,HiGHS optimal seeds only,16,True
stage3.independent_coverage.budget_500,R10-T12: bounded K12 vs exact,independent_coverage,500,R10-T12,CA-HMCD-BoundedK12-Candidate,CA-HMCD-Exact,higher,30,0.47222222222222227,0.5055555555555556,-0.03333333333333333,-0.05555555555555555,-0.013888888888888892,"paired BCa bootstrap, 10000 resamples",two-sided paired Wilcoxon signed-rank test,5.5,0.00537109375,0.021484375,-0.5928871321888773,-0.8589743589743589,0.3333333333333333,HiGHS optimal seeds only,16,True
stage3.independent_coverage.budget_500,R10-T16: bounded K12 vs exact,independent_coverage,500,R10-T16,CA-HMCD-BoundedK12-Candidate,CA-HMCD-Exact,higher,30,0.38958333333333334,0.4479166666666667,-0.058333333333333334,-0.08125,-0.0375,"paired BCa bootstrap, 10000 resamples",two-sided paired Wilcoxon signed-rank test,6.5,2.47955322265625e-05,0.0002231597900390625,-0.9521234557346686,-0.9380952380952381,0.2,HiGHS optimal seeds only,16,True
stage3.independent_coverage.budget_500,R10-T4: bounded K12 vs exact,independent_coverage,500,R10-T4,CA-HMCD-BoundedK12-Candidate,CA-HMCD-Exact,higher,30,0.5666666666666667,0.5666666666666667,0.0,0.0,0.0,"paired BCa bootstrap, 10000 resamples",two-sided paired Wilcoxon signed-rank test,0.0,1.0,1.0,0.0,0.0,0.5,HiGHS optimal seeds only,16,False
stage3.independent_coverage.budget_500,R10-T8: bounded K12 vs exact,independent_coverage,500,R10-T8,CA-HMCD-BoundedK12-Candidate,CA-HMCD-Exact,higher,30,0.5125,0.5291666666666667,-0.016666666666666666,-0.0375,-0.004166666666666667,"paired BCa bootstrap, 10000 resamples",two-sided paired Wilcoxon signed-rank test,0,0.125,0.375,-0.3856396617542712,-1.0,0.43333333333333335,HiGHS optimal seeds only,16,False
stage3.independent_coverage.budget_500,R16-T12: bounded K12 vs exact,independent_coverage,500,R16-T12,CA-HMCD-BoundedK12-Candidate,CA-HMCD-Exact,higher,30,0.39166666666666666,0.5416666666666666,-0.15,-0.19166666666666668,-0.11388888888888889,"paired BCa bootstrap, 10000 resamples",two-sided paired Wilcoxon signed-rank test,0,1.0697899566855175e-05,0.00011505450093815704,-1.3339960474249744,-1.0,0.08333333333333333,HiGHS optimal seeds only,16,True
stage3.independent_coverage.budget_500,R16-T16: bounded K12 vs exact,independent_coverage,500,R16-T16,CA-HMCD-BoundedK12-Candidate,CA-HMCD-Exact,higher,30,0.325,0.5,-0.175,-0.20208333333333334,-0.14583333333333334,"paired BCa bootstrap, 10000 resamples",two-sided paired Wilcoxon signed-rank test,0,2.219118866853395e-06,3.1328951299189754e-05,-2.20411425704741,-1.0,0.016666666666666666,HiGHS optimal seeds only,16,True
stage3.independent_coverage.budget_500,R16-T4: bounded K12 vs exact,independent_coverage,500,R16-T4,CA-HMCD-BoundedK12-Candidate,CA-HMCD-Exact,higher,30,0.6666666666666666,0.675,-0.008333333333333333,-0.041666666666666664,0.0,"paired BCa bootstrap, 10000 resamples",two-sided paired Wilcoxon signed-rank test,0,1.0,1.0,-0.18257418583505539,-1.0,0.48333333333333334,HiGHS optimal seeds only,16,False
stage3.independent_coverage.budget_500,R16-T8: bounded K12 vs exact,independent_coverage,500,R16-T8,CA-HMCD-BoundedK12-Candidate,CA-HMCD-Exact,higher,30,0.4875,0.5791666666666667,-0.09166666666666666,-0.1399671440891743,-0.05416666666666667,"paired BCa bootstrap, 10000 resamples",two-sided paired Wilcoxon signed-rank test,5.5,0.000335693359375,0.001678466796875,-0.7480970009343825,-0.9191176470588235,0.26666666666666666,HiGHS optimal seeds only,16,True
stage3.independent_coverage.budget_500,R24-T12: bounded K12 vs exact,independent_coverage,500,R24-T12,CA-HMCD-BoundedK12-Candidate,CA-HMCD-Exact,higher,30,0.43333333333333335,0.586111111111111,-0.1527777777777778,-0.19444444444444445,-0.11666666666666667,"paired BCa bootstrap, 10000 resamples",two-sided paired Wilcoxon signed-rank test,0,1.0459500085287004e-05,0.00011505450093815704,-1.4225486817745305,-1.0,0.08333333333333333,HiGHS optimal seeds only,16,True
stage3.independent_coverage.budget_500,R24-T16: bounded K12 vs exact,independent_coverage,500,R24-T16,CA-HMCD-BoundedK12-Candidate,CA-HMCD-Exact,higher,30,0.3770833333333333,0.5541666666666667,-0.17708333333333334,-0.21458333333333332,-0.14791666666666667,"paired BCa bootstrap, 10000 resamples",two-sided paired Wilcoxon signed-rank test,0,2.088596753279317e-06,3.1328951299189754e-05,-1.9047673160096297,-1.0,0.016666666666666666,HiGHS optimal seeds only,16,True
stage3.independent_coverage.budget_500,R24-T4: bounded K12 vs exact,independent_coverage,500,R24-T4,CA-HMCD-BoundedK12-Candidate,CA-HMCD-Exact,higher,30,0.5083333333333333,0.6583333333333333,-0.15,-0.21666666666666667,-0.1,"paired BCa bootstrap, 10000 resamples",two-sided paired Wilcoxon signed-rank test,0,6.103515625e-05,0.0003662109375,-0.8893306982833162,-1.0,0.25,HiGHS optimal seeds only,16,True
stage3.independent_coverage.budget_500,R24-T8: bounded K12 vs exact,independent_coverage,500,R24-T8,CA-HMCD-BoundedK12-Candidate,CA-HMCD-Exact,higher,30,0.45416666666666666,0.5833333333333334,-0.12916666666666668,-0.175,-0.0875,"paired BCa bootstrap, 10000 resamples",two-sided paired Wilcoxon signed-rank test,8.5,4.293002836623078e-05,0.00034141573601513574,-1.071582973943373,-0.9384057971014492,0.15,HiGHS optimal seeds only,16,True
stage3.independent_coverage.budget_500,R32-T12: bounded K12 vs exact,independent_coverage,500,R32-T12,CA-HMCD-BoundedK12-Candidate,CA-HMCD-Exact,higher,30,0.40555555555555556,0.611111111111111,-0.20555555555555557,-0.24166666666666667,-0.16944444444444443,"paired BCa bootstrap, 10000 resamples",two-sided paired Wilcoxon signed-rank test,0,3.2857118377529024e-06,4.271425389078773e-05,-2.014797000435834,-1.0,0.03333333333333333,HiGHS optimal seeds only,16,True
stage3.independent_coverage.budget_500,R32-T16: bounded K12 vs exact,independent_coverage,500,R32-T16,CA-HMCD-BoundedK12-Candidate,CA-HMCD-Exact,higher,30,0.38333333333333336,0.6020833333333333,-0.21875,-0.2520833333333333,-0.19375,"paired BCa bootstrap, 10000 resamples",two-sided paired Wilcoxon signed-rank test,0,1.4345381592851274e-06,2.295261054856204e-05,-2.734766419353041,-1.0,0.0,HiGHS optimal seeds only,16,True
stage3.independent_coverage.budget_500,R32-T4: bounded K12 vs exact,independent_coverage,500,R32-T4,CA-HMCD-BoundedK12-Candidate,CA-HMCD-Exact,higher,30,0.45,0.725,-0.275,-0.35833333333333334,-0.2,"paired BCa bootstrap, 10000 resamples",two-sided paired Wilcoxon signed-rank test,0,4.267696700189197e-05,0.00034141573601513574,-1.1919092974213066,-1.0,0.15,HiGHS optimal seeds only,16,True
stage3.independent_coverage.budget_500,R32-T8: bounded K12 vs exact,independent_coverage,500,R32-T8,CA-HMCD-BoundedK12-Candidate,CA-HMCD-Exact,higher,30,0.3958333333333333,0.6125,-0.21666666666666667,-0.26666666666666666,-0.17083333333333334,"paired BCa bootstrap, 10000 resamples",two-sided paired Wilcoxon signed-rank test,0,5.597403044914001e-06,6.716883653896801e-05,-1.60396490362897,-1.0,0.06666666666666667,HiGHS optimal seeds only,16,True
stage3.decision_runtime_ms.budget_500,R10-T12: bounded K12 vs exact,decision_runtime_ms,500,R10-T12,CA-HMCD-BoundedK12-Candidate,CA-HMCD-Exact,lower,30,447.8236666668333,92.37472666676088,355.44894000007235,308.86666120589734,385.828291937943,"paired BCa bootstrap, 10000 resamples",two-sided paired Wilcoxon signed-rank test,0,1.825371456361214e-06,2.9205943301779423e-05,3.379619188845293,1.0,0.0,all paired seeds,16,True
stage3.decision_runtime_ms.budget_500,R10-T16: bounded K12 vs exact,decision_runtime_ms,500,R10-T16,CA-HMCD-BoundedK12-Candidate,CA-HMCD-Exact,lower,30,486.6043166665501,124.65511666662981,361.94919999992027,333.95768598728586,374.8549118882962,"paired BCa bootstrap, 10000 resamples",two-sided paired Wilcoxon signed-rank test,0,1.825371456361214e-06,2.9205943301779423e-05,7.014594434623025,1.0,0.0,all paired seeds,16,True
stage3.decision_runtime_ms.budget_500,R10-T4: bounded K12 vs exact,decision_runtime_ms,500,R10-T4,CA-HMCD-BoundedK12-Candidate,CA-HMCD-Exact,lower,30,67.11742333348714,36.46978333345032,30.64764000003682,17.86128736980533,43.52792465963254,"paired BCa bootstrap, 10000 resamples",two-sided paired Wilcoxon signed-rank test,46.0,0.00013039512883810216,0.0006519756441905108,0.8453201701186969,0.8021505376344086,0.1,all paired seeds,16,True
stage3.decision_runtime_ms.budget_500,R10-T8: bounded K12 vs exact,decision_runtime_ms,500,R10-T8,CA-HMCD-BoundedK12-Candidate,CA-HMCD-Exact,lower,30,238.89230666657872,57.15036000007482,181.74194666650388,136.5790466169789,235.42417903337937,"paired BCa bootstrap, 10000 resamples",two-sided paired Wilcoxon signed-rank test,0,1.825371456361214e-06,2.9205943301779423e-05,1.291414312368866,1.0,0.0,all paired seeds,16,True
stage3.decision_runtime_ms.budget_500,R16-T12: bounded K12 vs exact,decision_runtime_ms,500,R16-T12,CA-HMCD-BoundedK12-Candidate,CA-HMCD-Exact,lower,30,2113.3691700001996,312.92957000005117,1800.4396000001482,1577.0933421238954,2035.4846349974714,"paired BCa bootstrap, 10000 resamples",two-sided paired Wilcoxon signed-rank test,0,1.825371456361214e-06,2.9205943301779423e-05,2.732447502360502,1.0,0.0,all paired seeds,16,True
stage3.decision_runtime_ms.budget_500,R16-T16: bounded K12 vs exact,decision_runtime_ms,500,R16-T16,CA-HMCD-BoundedK12-Candidate,CA-HMCD-Exact,lower,30,2663.7526799999855,393.08621333342063,2270.666466666565,2023.9900699199402,2535.4682218311623,"paired BCa bootstrap, 10000 resamples",two-sided paired Wilcoxon signed-rank test,0,1.825371456361214e-06,2.9205943301779423e-05,3.099477037309734,1.0,0.0,all paired seeds,16,True
stage3.decision_runtime_ms.budget_500,R16-T4: bounded K12 vs exact,decision_runtime_ms,500,R16-T4,CA-HMCD-BoundedK12-Candidate,CA-HMCD-Exact,lower,30,662.2777533334253,108.18492333334386,554.0928300000814,445.25123082019627,678.2712597537891,"paired BCa bootstrap, 10000 resamples",two-sided paired Wilcoxon signed-rank test,1.0,2.0212661161444017e-06,2.9205943301779423e-05,1.6713724191957813,0.9956989247311828,0.03333333333333333,all paired seeds,16,True
stage3.decision_runtime_ms.budget_500,R16-T8: bounded K12 vs exact,decision_runtime_ms,500,R16-T8,CA-HMCD-BoundedK12-Candidate,CA-HMCD-Exact,lower,30,1305.0719699999415,192.47770333313383,1112.5942666668077,961.9063204099023,1271.8862056286007,"paired BCa bootstrap, 10000 resamples",two-sided paired Wilcoxon signed-rank test,0,1.825371456361214e-06,2.9205943301779423e-05,2.5468948605366837,1.0,0.0,all paired seeds,16,True
stage3.decision_runtime_ms.budget_500,R24-T12: bounded K12 vs exact,decision_runtime_ms,500,R24-T12,CA-HMCD-BoundedK12-Candidate,CA-HMCD-Exact,lower,30,973.2003933333544,1049.0451466665643,-75.84475333320977,-170.18366736987986,17.824715375655902,"paired BCa bootstrap, 10000 resamples",two-sided paired Wilcoxon signed-rank test,163.0,0.1558362230404193,0.1558362230404193,-0.28415148312390875,-0.2989247311827957,0.6666666666666666,all paired seeds,16,False
stage3.decision_runtime_ms.budget_500,R24-T16: bounded K12 vs exact,decision_runtime_ms,500,R24-T16,CA-HMCD-BoundedK12-Candidate,CA-HMCD-Exact,lower,30,1231.06204666686,1382.7739933333457,-151.71194666648566,-250.58077029571913,-48.92744670242934,"paired BCa bootstrap, 10000 resamples",two-sided paired Wilcoxon signed-rank test,110.0,0.012095788820592989,0.048383155282371956,-0.5314614682749392,-0.5268817204301075,0.6333333333333333,all paired seeds,16,True
stage3.decision_runtime_ms.budget_500,R24-T4: bounded K12 vs exact,decision_runtime_ms,500,R24-T4,CA-HMCD-BoundedK12-Candidate,CA-HMCD-Exact,lower,30,274.38763333351136,334.2225600001863,-59.834926666674924,-112.08588797485876,3.9823444802139067,"paired BCa bootstrap, 10000 resamples",two-sided paired Wilcoxon signed-rank test,142.0,0.06414789866383101,0.12829579732766203,-0.35955249843744275,-0.38924731182795697,0.6333333333333333,all paired seeds,16,False
stage3.decision_runtime_ms.budget_500,R24-T8: bounded K12 vs exact,decision_runtime_ms,500,R24-T8,CA-HMCD-BoundedK12-Candidate,CA-HMCD-Exact,lower,30,559.6153366666234,645.7806766666787,-86.16534000005534,-155.26387184784974,-5.111585652473801,"paired BCa bootstrap, 10000 resamples",two-sided paired Wilcoxon signed-rank test,132.0,0.0397022025662172,0.11910660769865158,-0.40615437993012354,-0.432258064516129,0.7333333333333333,all paired seeds,16,False
stage3.decision_runtime_ms.budget_500,R32-T12: bounded K12 vs exact,decision_runtime_ms,500,R32-T12,CA-HMCD-BoundedK12-Candidate,CA-HMCD-Exact,lower,30,1104.7773066666803,2643.799056666709,-1539.021750000029,-1656.0722821450872,-1422.9110719234607,"paired BCa bootstrap, 10000 resamples",two-sided paired Wilcoxon signed-rank test,0,1.825371456361214e-06,2.9205943301779423e-05,-4.648477992089619,-1.0,1.0,all paired seeds,16,True
stage3.decision_runtime_ms.budget_500,R32-T16: bounded K12 vs exact,decision_runtime_ms,500,R32-T16,CA-HMCD-BoundedK12-Candidate,CA-HMCD-Exact,lower,30,1348.3414000001478,3336.3241133328606,-1987.9827133327126,-2113.0601015569814,-1881.5220864883486,"paired BCa bootstrap, 10000 resamples",two-sided paired Wilcoxon signed-rank test,0,1.825371456361214e-06,2.9205943301779423e-05,-6.0409489420009,-1.0,1.0,all paired seeds,16,True
stage3.decision_runtime_ms.budget_500,R32-T4: bounded K12 vs exact,decision_runtime_ms,500,R32-T4,CA-HMCD-BoundedK12-Candidate,CA-HMCD-Exact,lower,30,300.1671733333448,850.9910899999037,-550.823916666559,-612.1493502525689,-482.8941507927473,"paired BCa bootstrap, 10000 resamples",two-sided paired Wilcoxon signed-rank test,0,1.825371456361214e-06,2.9205943301779423e-05,-3.003907447485335,-1.0,1.0,all paired seeds,16,True
stage3.decision_runtime_ms.budget_500,R32-T8: bounded K12 vs exact,decision_runtime_ms,500,R32-T8,CA-HMCD-BoundedK12-Candidate,CA-HMCD-Exact,lower,30,630.8050533333395,1662.461993333333,-1031.6569399999935,-1105.6695979469887,-952.0380485948609,"paired BCa bootstrap, 10000 resamples",two-sided paired Wilcoxon signed-rank test,0,1.825371456361214e-06,2.9205943301779423e-05,-4.76514514748436,-1.0,1.0,all paired seeds,16,True
stage3.candidate_after_diversity.budget_500,R10-T12: bounded K12 vs exact,candidate_after_diversity,500,R10-T12,CA-HMCD-BoundedK12-Candidate,CA-HMCD-Exact,lower,30,88.73333333333333,757.4666666666667,-668.7333333333333,-725.6742384629636,-612.0746222505185,"paired BCa bootstrap, 10000 resamples",two-sided paired Wilcoxon signed-rank test,0,1.8230851402174482e-06,2.885996381526209e-05,-4.1426409848056345,-1.0,1.0,all paired seeds,16,True
stage3.candidate_after_diversity.budget_500,R10-T16: bounded K12 vs exact,candidate_after_diversity,500,R10-T16,CA-HMCD-BoundedK12-Candidate,CA-HMCD-Exact,lower,30,118.46666666666667,1010.0666666666667,-891.6,-970.0681361204581,-817.5982586543214,"paired BCa bootstrap, 10000 resamples",two-sided paired Wilcoxon signed-rank test,0,1.825371456361214e-06,2.885996381526209e-05,-4.110543851358838,-1.0,1.0,all paired seeds,16,True
stage3.candidate_after_diversity.budget_500,R10-T4: bounded K12 vs exact,candidate_after_diversity,500,R10-T4,CA-HMCD-BoundedK12-Candidate,CA-HMCD-Exact,lower,30,29.0,246.1,-217.1,-260.2091461685311,-178.96606101488385,"paired BCa bootstrap, 10000 resamples",two-sided paired Wilcoxon signed-rank test,0,1.8037477384538806e-06,2.885996381526209e-05,-1.8858658838476672,-1.0,1.0,all paired seeds,16,True
stage3.candidate_after_diversity.budget_500,R10-T8: bounded K12 vs exact,candidate_after_diversity,500,R10-T8,CA-HMCD-BoundedK12-Candidate,CA-HMCD-Exact,lower,30,58.46666666666667,484.93333333333334,-426.46666666666664,-481.5215529027132,-375.6,"paired BCa bootstrap, 10000 resamples",two-sided paired Wilcoxon signed-rank test,0,1.821942878390675e-06,2.885996381526209e-05,-2.7883570449211392,-1.0,1.0,all paired seeds,16,True
stage3.candidate_after_diversity.budget_500,R16-T12: bounded K12 vs exact,candidate_after_diversity,500,R16-T12,CA-HMCD-BoundedK12-Candidate,CA-HMCD-Exact,lower,30,92.33333333333333,2905.8333333333335,-2813.5,-3084.8115694405096,-2543.5406408809235,"paired BCa bootstrap, 10000 resamples",two-sided paired Wilcoxon signed-rank test,0,1.8242279994594843e-06,2.885996381526209e-05,-3.6773543593726603,-1.0,1.0,all paired seeds,16,True
stage3.candidate_after_diversity.budget_500,R16-T16: bounded K12 vs exact,candidate_after_diversity,500,R16-T16,CA-HMCD-BoundedK12-Candidate,CA-HMCD-Exact,lower,30,123.66666666666667,3851.9666666666667,-3728.3,-4075.366666666667,-3396.048463687396,"paired BCa bootstrap, 10000 resamples",two-sided paired Wilcoxon signed-rank test,0,1.825371456361214e-06,2.885996381526209e-05,-3.9118947028362645,-1.0,1.0,all paired seeds,16,True
stage3.candidate_after_diversity.budget_500,R16-T4: bounded K12 vs exact,candidate_after_diversity,500,R16-T4,CA-HMCD-BoundedK12-Candidate,CA-HMCD-Exact,lower,30,33.733333333333334,997.3,-963.5666666666667,-1123.42264149198,-812.5523217476732,"paired BCa bootstrap, 10000 resamples",two-sided paired Wilcoxon signed-rank test,0,1.8185196749587962e-06,2.885996381526209e-05,-2.2001201775695183,-1.0,1.0,all paired seeds,16,True
stage3.candidate_after_diversity.budget_500,R16-T8: bounded K12 vs exact,candidate_after_diversity,500,R16-T8,CA-HMCD-BoundedK12-Candidate,CA-HMCD-Exact,lower,30,63.43333333333333,1919.7333333333333,-1856.3,-2044.8078230515323,-1641.2080694367635,"paired BCa bootstrap, 10000 resamples",two-sided paired Wilcoxon signed-rank test,0,1.825371456361214e-06,2.885996381526209e-05,-3.2763523642605734,-1.0,1.0,all paired seeds,16,True
stage3.candidate_after_diversity.budget_500,R24-T12: bounded K12 vs exact,candidate_after_diversity,500,R24-T12,CA-HMCD-BoundedK12-Candidate,CA-HMCD-Exact,lower,30,80.63333333333334,9630.966666666667,-9550.333333333334,-10546.613451068242,-8400.003708520226,"paired BCa bootstrap, 10000 resamples",two-sided paired Wilcoxon signed-rank test,0,1.825371456361214e-06,2.885996381526209e-05,-3.137744438932119,-1.0,1.0,all paired seeds,16,True
stage3.candidate_after_diversity.budget_500,R24-T16: bounded K12 vs exact,candidate_after_diversity,500,R24-T16,CA-HMCD-BoundedK12-Candidate,CA-HMCD-Exact,lower,30,108.36666666666666,12428.066666666668,-12319.7,-13312.864229785058,-11266.76119229277,"paired BCa bootstrap, 10000 resamples",two-sided paired Wilcoxon signed-rank test,0,1.825371456361214e-06,2.885996381526209e-05,-4.236034281777371,-1.0,1.0,all paired seeds,16,True
stage3.candidate_after_diversity.budget_500,R24-T4: bounded K12 vs exact,candidate_after_diversity,500,R24-T4,CA-HMCD-BoundedK12-Candidate,CA-HMCD-Exact,lower,30,26.466666666666665,3047.7,-3021.233333333333,-3593.820514848459,-2423.553081895388,"paired BCa bootstrap, 10000 resamples",two-sided paired Wilcoxon signed-rank test,0,1.825371456361214e-06,2.885996381526209e-05,-1.8008661488615643,-1.0,1.0,all paired seeds,16,True
stage3.candidate_after_diversity.budget_500,R24-T8: bounded K12 vs exact,candidate_after_diversity,500,R24-T8,CA-HMCD-BoundedK12-Candidate,CA-HMCD-Exact,lower,30,51.266666666666666,5875.833333333333,-5824.566666666667,-6687.951940199414,-4948.266666666666,"paired BCa bootstrap, 10000 resamples",two-sided paired Wilcoxon signed-rank test,0,1.825371456361214e-06,2.885996381526209e-05,-2.3684481726870605,-1.0,1.0,all paired seeds,16,True
stage3.candidate_after_diversity.budget_500,R32-T12: bounded K12 vs exact,candidate_after_diversity,500,R32-T12,CA-HMCD-BoundedK12-Candidate,CA-HMCD-Exact,lower,30,70.2,23865.2,-23795.0,-25926.293314694063,-21494.268749302046,"paired BCa bootstrap, 10000 resamples",two-sided paired Wilcoxon signed-rank test,0,1.825371456361214e-06,2.885996381526209e-05,-3.880737848755907,-1.0,1.0,all paired seeds,16,True
stage3.candidate_after_diversity.budget_500,R32-T16: bounded K12 vs exact,candidate_after_diversity,500,R32-T16,CA-HMCD-BoundedK12-Candidate,CA-HMCD-Exact,lower,30,93.0,31457.633333333335,-31364.633333333335,-33908.76593941432,-28372.051446655845,"paired BCa bootstrap, 10000 resamples",two-sided paired Wilcoxon signed-rank test,0,1.825371456361214e-06,2.885996381526209e-05,-3.9718598655979847,-1.0,1.0,all paired seeds,16,True
stage3.candidate_after_diversity.budget_500,R32-T4: bounded K12 vs exact,candidate_after_diversity,500,R32-T4,CA-HMCD-BoundedK12-Candidate,CA-HMCD-Exact,lower,30,21.733333333333334,7619.7,-7597.966666666666,-8948.445762404765,-6346.171450150714,"paired BCa bootstrap, 10000 resamples",two-sided paired Wilcoxon signed-rank test,0,1.8242279994594843e-06,2.885996381526209e-05,-2.059310902486561,-1.0,1.0,all paired seeds,16,True
stage3.candidate_after_diversity.budget_500,R32-T8: bounded K12 vs exact,candidate_after_diversity,500,R32-T8,CA-HMCD-BoundedK12-Candidate,CA-HMCD-Exact,lower,30,42.63333333333333,14820.966666666667,-14778.333333333334,-16408.37019937189,-12996.093373847945,"paired BCa bootstrap, 10000 resamples",two-sided paired Wilcoxon signed-rank test,0,1.8242279994594843e-06,2.885996381526209e-05,-3.049835438109663,-1.0,1.0,all paired seeds,16,True
stage3.nodes.budget_500,R10-T12: bounded K12 vs exact,nodes,500,R10-T12,CA-HMCD-BoundedK12-Candidate,CA-HMCD-Exact,lower,30,26547.166666666668,1.0,26546.166666666668,22440.022489988914,31050.7723140495,"paired BCa bootstrap, 10000 resamples",two-sided paired Wilcoxon signed-rank test,0,1.825371456361214e-06,2.3670415778552763e-05,2.1982097145634865,1.0,0.0,all paired seeds,16,True
stage3.nodes.budget_500,R10-T16: bounded K12 vs exact,nodes,500,R10-T16,CA-HMCD-BoundedK12-Candidate,CA-HMCD-Exact,lower,30,23373.2,1.0,23372.2,20165.10931846217,27051.347907621326,"paired BCa bootstrap, 10000 resamples",two-sided paired Wilcoxon signed-rank test,0,1.825371456361214e-06,2.3670415778552763e-05,2.374110968016289,1.0,0.0,all paired seeds,16,True
stage3.nodes.budget_500,R10-T4: bounded K12 vs exact,nodes,500,R10-T4,CA-HMCD-BoundedK12-Candidate,CA-HMCD-Exact,lower,30,403.3666666666667,0.8,402.56666666666666,264.46028071424485,609.3985325338498,"paired BCa bootstrap, 10000 resamples",two-sided paired Wilcoxon signed-rank test,0,1.820801213734828e-06,2.3670415778552763e-05,0.842201794523671,1.0,0.0,all paired seeds,16,True
stage3.nodes.budget_500,R10-T8: bounded K12 vs exact,nodes,500,R10-T8,CA-HMCD-BoundedK12-Candidate,CA-HMCD-Exact,lower,30,10376.433333333332,1.0,10375.433333333332,7007.70004933903,14455.942013029246,"paired BCa bootstrap, 10000 resamples",two-sided paired Wilcoxon signed-rank test,0,1.825371456361214e-06,2.3670415778552763e-05,0.9783598516597296,1.0,0.0,all paired seeds,16,True
stage3.nodes.budget_500,R16-T12: bounded K12 vs exact,nodes,500,R16-T12,CA-HMCD-BoundedK12-Candidate,CA-HMCD-Exact,lower,30,0.0,1.0,-1.0,-1.0,-1.0,"paired BCa bootstrap, 10000 resamples",two-sided paired Wilcoxon signed-rank test,0,4.617427956906448e-08,7.387884731050317e-07,0.0,-1.0,1.0,all paired seeds,16,True
stage3.nodes.budget_500,R16-T16: bounded K12 vs exact,nodes,500,R16-T16,CA-HMCD-BoundedK12-Candidate,CA-HMCD-Exact,lower,30,0.0,1.0,-1.0,-1.0,-1.0,"paired BCa bootstrap, 10000 resamples",two-sided paired Wilcoxon signed-rank test,0,4.617427956906448e-08,7.387884731050317e-07,0.0,-1.0,1.0,all paired seeds,16,True
stage3.nodes.budget_500,R16-T4: bounded K12 vs exact,nodes,500,R16-T4,CA-HMCD-BoundedK12-Candidate,CA-HMCD-Exact,lower,30,134.26666666666668,1.0,133.26666666666668,62.3,313.0306945443372,"paired BCa bootstrap, 10000 resamples",two-sided paired Wilcoxon signed-rank test,210.0,0.6388492803597253,1.0,0.45087730642156726,0.0967741935483871,0.6666666666666666,all paired seeds,16,False
stage3.nodes.budget_500,R16-T8: bounded K12 vs exact,nodes,500,R16-T8,CA-HMCD-BoundedK12-Candidate,CA-HMCD-Exact,lower,30,28.5,1.0,27.5,-1.0,141.5,"paired BCa bootstrap, 10000 resamples",two-sided paired Wilcoxon signed-rank test,30.0,2.752262998349333e-06,2.4770366985143996e-05,0.17616807405136922,-0.8709677419354839,0.9666666666666667,all paired seeds,16,True
stage3.nodes.budget_500,R24-T12: bounded K12 vs exact,nodes,500,R24-T12,CA-HMCD-BoundedK12-Candidate,CA-HMCD-Exact,lower,30,902.5333333333333,1.0,901.5333333333333,-1.0,5316.533333333335,"paired BCa bootstrap, 10000 resamples",two-sided paired Wilcoxon signed-rank test,59.0,7.444880898618227e-05,0.00037224404493091135,0.18650290291871793,-0.7462365591397849,0.9333333333333333,all paired seeds,16,True
stage3.nodes.budget_500,R24-T16: bounded K12 vs exact,nodes,500,R24-T16,CA-HMCD-BoundedK12-Candidate,CA-HMCD-Exact,lower,30,0.0,1.0,-1.0,-1.0,-1.0,"paired BCa bootstrap, 10000 resamples",two-sided paired Wilcoxon signed-rank test,0,4.617427956906448e-08,7.387884731050317e-07,0.0,-1.0,1.0,all paired seeds,16,True
stage3.nodes.budget_500,R24-T4: bounded K12 vs exact,nodes,500,R24-T4,CA-HMCD-BoundedK12-Candidate,CA-HMCD-Exact,lower,30,580.7,0.9666666666666667,579.7333333333333,278.6476865297619,1436.9462393197816,"paired BCa bootstrap, 10000 resamples",two-sided paired Wilcoxon signed-rank test,6.0,3.3345223729986453e-06,2.4770366985143996e-05,0.44052527957283893,0.9741935483870968,0.1,all paired seeds,16,True
stage3.nodes.budget_500,R24-T8: bounded K12 vs exact,nodes,500,R24-T8,CA-HMCD-BoundedK12-Candidate,CA-HMCD-Exact,lower,30,3092.5666666666666,1.0,3091.5666666666666,1381.944536128508,6304.97268770855,"paired BCa bootstrap, 10000 resamples",two-sided paired Wilcoxon signed-rank test,153.0,0.09668644177537829,0.2900593253261349,0.4786317239259779,0.3419354838709677,0.5666666666666667,all paired seeds,16,False
stage3.nodes.budget_500,R32-T12: bounded K12 vs exact,nodes,500,R32-T12,CA-HMCD-BoundedK12-Candidate,CA-HMCD-Exact,lower,30,554.1333333333333,1.0,553.1333333333333,25.733333333333334,2715.9639074143906,"paired BCa bootstrap, 10000 resamples",two-sided paired Wilcoxon signed-rank test,87.0,0.0010379569865882567,0.004151827946353027,0.21283050633320177,-0.6258064516129033,0.9,all paired seeds,16,True
stage3.nodes.budget_500,R32-T16: bounded K12 vs exact,nodes,500,R32-T16,CA-HMCD-BoundedK12-Candidate,CA-HMCD-Exact,lower,30,253.06666666666666,1.0,252.06666666666666,-1.0,1264.3333333333333,"paired BCa bootstrap, 10000 resamples",two-sided paired Wilcoxon signed-rank test,30.0,2.752262998349333e-06,2.4770366985143996e-05,0.18185273884150274,-0.8709677419354839,0.9666666666666667,all paired seeds,16,True
stage3.nodes.budget_500,R32-T4: bounded K12 vs exact,nodes,500,R32-T4,CA-HMCD-BoundedK12-Candidate,CA-HMCD-Exact,lower,30,320.53333333333336,0.8666666666666667,319.6666666666667,160.10306304794022,613.4270525205986,"paired BCa bootstrap, 10000 resamples",two-sided paired Wilcoxon signed-rank test,21.0,1.395824487110268e-05,8.374946922661607e-05,0.5320149376056414,0.9096774193548387,0.2,all paired seeds,16,True
stage3.nodes.budget_500,R32-T8: bounded K12 vs exact,nodes,500,R32-T8,CA-HMCD-BoundedK12-Candidate,CA-HMCD-Exact,lower,30,1505.5333333333333,0.9666666666666667,1504.5666666666666,527.5333333333333,4972.419625453665,"paired BCa bootstrap, 10000 resamples",two-sided paired Wilcoxon signed-rank test,210.0,0.6388492803597253,1.0,0.32594416847888713,0.0967741935483871,0.6666666666666666,all paired seeds,16,False
stage3.fallback.budget_500,R10-T12: bounded K12 vs exact,fallback,500,R10-T12,CA-HMCD-BoundedK12-Candidate,CA-HMCD-Exact,lower,30,0.7333333333333333,0.0,0.7333333333333333,0.5666666666666667,0.8666666666666667,"paired BCa bootstrap, 10000 resamples",two-sided paired Wilcoxon signed-rank test,0,2.984603077976085e-06,2.0892221545832595e-05,1.6304396135194132,1.0,0.13333333333333333,all paired seeds,16,True
stage3.fallback.budget_500,R10-T16: bounded K12 vs exact,fallback,500,R10-T16,CA-HMCD-BoundedK12-Candidate,CA-HMCD-Exact,lower,30,0.9333333333333333,0.0,0.9333333333333333,0.8,1.0,"paired BCa bootstrap, 10000 resamples",two-sided paired Wilcoxon signed-rank test,0,1.3026743952549642e-07,1.1724069557294679e-06,3.6787679096857056,1.0,0.03333333333333333,all paired seeds,16,True
stage3.fallback.budget_500,R10-T4: bounded K12 vs exact,fallback,500,R10-T4,CA-HMCD-BoundedK12-Candidate,CA-HMCD-Exact,lower,30,0.0,0.0,0.0,0.0,0.0,"paired BCa bootstrap, 10000 resamples",two-sided paired Wilcoxon signed-rank test,0.0,1.0,1.0,0.0,0.0,0.5,all paired seeds,16,False
stage3.fallback.budget_500,R10-T8: bounded K12 vs exact,fallback,500,R10-T8,CA-HMCD-BoundedK12-Candidate,CA-HMCD-Exact,lower,30,0.1,0.0,0.1,0.03333333333333333,0.26666666666666666,"paired BCa bootstrap, 10000 resamples",two-sided paired Wilcoxon signed-rank test,0,0.25,0.5,0.32773069341672506,1.0,0.45,all paired seeds,16,False
stage3.fallback.budget_500,R16-T12: bounded K12 vs exact,fallback,500,R16-T12,CA-HMCD-BoundedK12-Candidate,CA-HMCD-Exact,lower,30,1.0,0.0,1.0,1.0,1.0,"paired BCa bootstrap, 10000 resamples",two-sided paired Wilcoxon signed-rank test,0,4.617427956906448e-08,7.387884731050317e-07,0.0,1.0,0.0,all paired seeds,16,True
stage3.fallback.budget_500,R16-T16: bounded K12 vs exact,fallback,500,R16-T16,CA-HMCD-BoundedK12-Candidate,CA-HMCD-Exact,lower,30,1.0,0.0,1.0,1.0,1.0,"paired BCa bootstrap, 10000 resamples",two-sided paired Wilcoxon signed-rank test,0,4.617427956906448e-08,7.387884731050317e-07,0.0,1.0,0.0,all paired seeds,16,True
stage3.fallback.budget_500,R16-T4: bounded K12 vs exact,fallback,500,R16-T4,CA-HMCD-BoundedK12-Candidate,CA-HMCD-Exact,lower,30,0.7,0.0,0.7,0.5333333333333333,0.8333333333333334,"paired BCa bootstrap, 10000 resamples",two-sided paired Wilcoxon signed-rank test,0,5.049087762292772e-06,2.524543881146386e-05,1.501850710142508,1.0,0.15,all paired seeds,16,True
stage3.fallback.budget_500,R16-T8: bounded K12 vs exact,fallback,500,R16-T8,CA-HMCD-BoundedK12-Candidate,CA-HMCD-Exact,lower,30,0.9666666666666667,0.0,0.9666666666666667,0.8333333333333334,1.0,"paired BCa bootstrap, 10000 resamples",two-sided paired Wilcoxon signed-rank test,0,7.752970071781925e-08,1.0078861093316503e-06,5.2946513892166065,1.0,0.016666666666666666,all paired seeds,16,True
stage3.fallback.budget_500,R24-T12: bounded K12 vs exact,fallback,500,R24-T12,CA-HMCD-BoundedK12-Candidate,CA-HMCD-Exact,lower,30,0.9666666666666667,0.0,0.9666666666666667,0.8333333333333334,1.0,"paired BCa bootstrap, 10000 resamples",two-sided paired Wilcoxon signed-rank test,0,7.752970071781925e-08,1.0078861093316503e-06,5.2946513892166065,1.0,0.016666666666666666,all paired seeds,16,True
stage3.fallback.budget_500,R24-T16: bounded K12 vs exact,fallback,500,R24-T16,CA-HMCD-BoundedK12-Candidate,CA-HMCD-Exact,lower,30,1.0,0.0,1.0,1.0,1.0,"paired BCa bootstrap, 10000 resamples",two-sided paired Wilcoxon signed-rank test,0,4.617427956906448e-08,7.387884731050317e-07,0.0,1.0,0.0,all paired seeds,16,True
stage3.fallback.budget_500,R24-T4: bounded K12 vs exact,fallback,500,R24-T4,CA-HMCD-BoundedK12-Candidate,CA-HMCD-Exact,lower,30,0.13333333333333333,0.0,0.13333333333333333,0.03333333333333333,0.3,"paired BCa bootstrap, 10000 resamples",two-sided paired Wilcoxon signed-rank test,0,0.125,0.375,0.3856396617542712,1.0,0.43333333333333335,all paired seeds,16,False
stage3.fallback.budget_500,R24-T8: bounded K12 vs exact,fallback,500,R24-T8,CA-HMCD-BoundedK12-Candidate,CA-HMCD-Exact,lower,30,0.6333333333333333,0.0,0.6333333333333333,0.4666666666666667,0.8,"paired BCa bootstrap, 10000 resamples",two-sided paired Wilcoxon signed-rank test,0,3.814697265625e-06,2.288818359375e-05,1.2921675470684788,1.0,0.18333333333333332,all paired seeds,16,True
stage3.fallback.budget_500,R32-T12: bounded K12 vs exact,fallback,500,R32-T12,CA-HMCD-BoundedK12-Candidate,CA-HMCD-Exact,lower,30,0.9666666666666667,0.0,0.9666666666666667,0.8246531265756591,1.0,"paired BCa bootstrap, 10000 resamples",two-sided paired Wilcoxon signed-rank test,0,7.752970071781925e-08,1.0078861093316503e-06,5.2946513892166065,1.0,0.016666666666666666,all paired seeds,16,True
stage3.fallback.budget_500,R32-T16: bounded K12 vs exact,fallback,500,R32-T16,CA-HMCD-BoundedK12-Candidate,CA-HMCD-Exact,lower,30,0.9666666666666667,0.0,0.9666666666666667,0.8333333333333334,1.0,"paired BCa bootstrap, 10000 resamples",two-sided paired Wilcoxon signed-rank test,0,7.752970071781925e-08,1.0078861093316503e-06,5.2946513892166065,1.0,0.016666666666666666,all paired seeds,16,True
stage3.fallback.budget_500,R32-T4: bounded K12 vs exact,fallback,500,R32-T4,CA-HMCD-BoundedK12-Candidate,CA-HMCD-Exact,lower,30,0.2,0.0,0.2,0.06666666666666667,0.36666666666666664,"paired BCa bootstrap, 10000 resamples",two-sided paired Wilcoxon signed-rank test,0,0.03125,0.125,0.49159604012508756,1.0,0.4,all paired seeds,16,False
stage3.fallback.budget_500,R32-T8: bounded K12 vs exact,fallback,500,R32-T8,CA-HMCD-BoundedK12-Candidate,CA-HMCD-Exact,lower,30,0.7666666666666667,0.0,0.7666666666666667,0.6,0.9,"paired BCa bootstrap, 10000 resamples",two-sided paired Wilcoxon signed-rank test,0,1.7664700284640873e-06,1.4131760227712698e-05,1.7821869924871736,1.0,0.11666666666666667,all paired seeds,16,True
stage3.deadline_hit.budget_500,R10-T12: bounded K12 vs exact,deadline_hit,500,R10-T12,CA-HMCD-BoundedK12-Candidate,CA-HMCD-Exact,higher,30,0.26666666666666666,1.0,-0.7333333333333333,-0.8666666666666667,-0.5666666666666667,"paired BCa bootstrap, 10000 resamples",two-sided paired Wilcoxon signed-rank test,0,2.984603077976085e-06,3.283063385773694e-05,-1.6304396135194132,-1.0,0.13333333333333333,all paired seeds,16,True
stage3.deadline_hit.budget_500,R10-T16: bounded K12 vs exact,deadline_hit,500,R10-T16,CA-HMCD-BoundedK12-Candidate,CA-HMCD-Exact,higher,30,0.06666666666666667,1.0,-0.9333333333333333,-1.0,-0.8,"paired BCa bootstrap, 10000 resamples",two-sided paired Wilcoxon signed-rank test,0,1.3026743952549642e-07,1.6934767138314536e-06,-3.6787679096857056,-1.0,0.03333333333333333,all paired seeds,16,True
stage3.deadline_hit.budget_500,R10-T4: bounded K12 vs exact,deadline_hit,500,R10-T4,CA-HMCD-BoundedK12-Candidate,CA-HMCD-Exact,higher,30,1.0,1.0,0.0,0.0,0.0,"paired BCa bootstrap, 10000 resamples",two-sided paired Wilcoxon signed-rank test,0.0,1.0,1.0,0.0,0.0,0.5,all paired seeds,16,False
stage3.deadline_hit.budget_500,R10-T8: bounded K12 vs exact,deadline_hit,500,R10-T8,CA-HMCD-BoundedK12-Candidate,CA-HMCD-Exact,higher,30,0.9,1.0,-0.1,-0.26666666666666666,-0.03333333333333333,"paired BCa bootstrap, 10000 resamples",two-sided paired Wilcoxon signed-rank test,0,0.25,1.0,-0.32773069341672506,-1.0,0.45,all paired seeds,16,False
stage3.deadline_hit.budget_500,R16-T12: bounded K12 vs exact,deadline_hit,500,R16-T12,CA-HMCD-BoundedK12-Candidate,CA-HMCD-Exact,higher,30,0.0,1.0,-1.0,-1.0,-1.0,"paired BCa bootstrap, 10000 resamples",two-sided paired Wilcoxon signed-rank test,0,4.617427956906448e-08,7.387884731050317e-07,0.0,-1.0,0.0,all paired seeds,16,True
stage3.deadline_hit.budget_500,R16-T16: bounded K12 vs exact,deadline_hit,500,R16-T16,CA-HMCD-BoundedK12-Candidate,CA-HMCD-Exact,higher,30,0.0,1.0,-1.0,-1.0,-1.0,"paired BCa bootstrap, 10000 resamples",two-sided paired Wilcoxon signed-rank test,0,4.617427956906448e-08,7.387884731050317e-07,0.0,-1.0,0.0,all paired seeds,16,True
stage3.deadline_hit.budget_500,R16-T4: bounded K12 vs exact,deadline_hit,500,R16-T4,CA-HMCD-BoundedK12-Candidate,CA-HMCD-Exact,higher,30,0.3,1.0,-0.7,-0.8333333333333334,-0.5,"paired BCa bootstrap, 10000 resamples",two-sided paired Wilcoxon signed-rank test,0,5.049087762292772e-06,5.049087762292772e-05,-1.501850710142508,-1.0,0.15,all paired seeds,16,True
stage3.deadline_hit.budget_500,R16-T8: bounded K12 vs exact,deadline_hit,500,R16-T8,CA-HMCD-BoundedK12-Candidate,CA-HMCD-Exact,higher,30,0.03333333333333333,1.0,-0.9666666666666667,-1.0,-0.8333333333333334,"paired BCa bootstrap, 10000 resamples",two-sided paired Wilcoxon signed-rank test,0,7.752970071781925e-08,1.0854158100494695e-06,-5.2946513892166065,-1.0,0.016666666666666666,all paired seeds,16,True
stage3.deadline_hit.budget_500,R24-T12: bounded K12 vs exact,deadline_hit,500,R24-T12,CA-HMCD-BoundedK12-Candidate,CA-HMCD-Exact,higher,30,0.03333333333333333,0.0,0.03333333333333333,0.0,0.16666666666666666,"paired BCa bootstrap, 10000 resamples",two-sided paired Wilcoxon signed-rank test,0,1.0,1.0,0.18257418583505539,1.0,0.5166666666666667,all paired seeds,16,False
stage3.deadline_hit.budget_500,R24-T16: bounded K12 vs exact,deadline_hit,500,R24-T16,CA-HMCD-BoundedK12-Candidate,CA-HMCD-Exact,higher,30,0.0,0.0,0.0,0.0,0.0,"paired BCa bootstrap, 10000 resamples",two-sided paired Wilcoxon signed-rank test,0.0,1.0,1.0,0.0,0.0,0.5,all paired seeds,16,False
stage3.deadline_hit.budget_500,R24-T4: bounded K12 vs exact,deadline_hit,500,R24-T4,CA-HMCD-BoundedK12-Candidate,CA-HMCD-Exact,higher,30,0.8666666666666667,1.0,-0.13333333333333333,-0.3,-0.03333333333333333,"paired BCa bootstrap, 10000 resamples",two-sided paired Wilcoxon signed-rank test,0,0.125,0.875,-0.3856396617542712,-1.0,0.43333333333333335,all paired seeds,16,False
stage3.deadline_hit.budget_500,R24-T8: bounded K12 vs exact,deadline_hit,500,R24-T8,CA-HMCD-BoundedK12-Candidate,CA-HMCD-Exact,higher,30,0.36666666666666664,0.0,0.36666666666666664,0.2,0.5666666666666667,"paired BCa bootstrap, 10000 resamples",two-sided paired Wilcoxon signed-rank test,0,0.0009765625,0.0087890625,0.7480970009343825,1.0,0.6833333333333333,all paired seeds,16,True
stage3.deadline_hit.budget_500,R32-T12: bounded K12 vs exact,deadline_hit,500,R32-T12,CA-HMCD-BoundedK12-Candidate,CA-HMCD-Exact,higher,30,0.03333333333333333,0.0,0.03333333333333333,0.0,0.16666666666666666,"paired BCa bootstrap, 10000 resamples",two-sided paired Wilcoxon signed-rank test,0,1.0,1.0,0.18257418583505539,1.0,0.5166666666666667,all paired seeds,16,False
stage3.deadline_hit.budget_500,R32-T16: bounded K12 vs exact,deadline_hit,500,R32-T16,CA-HMCD-BoundedK12-Candidate,CA-HMCD-Exact,higher,30,0.03333333333333333,0.0,0.03333333333333333,0.0,0.16666666666666666,"paired BCa bootstrap, 10000 resamples",two-sided paired Wilcoxon signed-rank test,0,1.0,1.0,0.18257418583505539,1.0,0.5166666666666667,all paired seeds,16,False
stage3.deadline_hit.budget_500,R32-T4: bounded K12 vs exact,deadline_hit,500,R32-T4,CA-HMCD-BoundedK12-Candidate,CA-HMCD-Exact,higher,30,0.8,0.0,0.8,0.6333333333333333,0.9333333333333333,"paired BCa bootstrap, 10000 resamples",two-sided paired Wilcoxon signed-rank test,0,1.0466979767645204e-06,1.2560375721174245e-05,1.9663841605003503,1.0,0.9,all paired seeds,16,True
stage3.deadline_hit.budget_500,R32-T8: bounded K12 vs exact,deadline_hit,500,R32-T8,CA-HMCD-BoundedK12-Candidate,CA-HMCD-Exact,higher,30,0.23333333333333334,0.0,0.23333333333333334,0.1,0.4,"paired BCa bootstrap, 10000 resamples",two-sided paired Wilcoxon signed-rank test,0,0.015625,0.125,0.5424047368439223,1.0,0.6166666666666667,all paired seeds,16,False
stage3.common_served_task_response_time.budget_500,R10-T12: bounded K12 vs exact,common_served_task_response_time,500,R10-T12,CA-HMCD-BoundedK12-Candidate,CA-HMCD-Exact,lower,30,0.5519846861089156,0.5580297546064211,-0.006045068497505561,-0.010804806529653927,-0.002477699827208044,"paired BCa bootstrap, 10000 resamples",two-sided paired Wilcoxon signed-rank test,50.0,0.013610225246169852,0.13610225246169852,-0.5173382501445044,-0.6047430830039525,0.6666666666666666,HiGHS optimal seeds only,16,False
stage3.common_served_task_response_time.budget_500,R10-T16: bounded K12 vs exact,common_served_task_response_time,500,R10-T16,CA-HMCD-BoundedK12-Candidate,CA-HMCD-Exact,lower,30,0.5420816796323707,0.5507227359636382,-0.008641056331267483,-0.014655412459299515,-0.004305802943858258,"paired BCa bootstrap, 10000 resamples",two-sided paired Wilcoxon signed-rank test,34.0,0.00034213128219176526,0.0044477066684929486,-0.6002703879114295,-0.8062678062678063,0.8333333333333334,HiGHS optimal seeds only,16,True
stage3.common_served_task_response_time.budget_500,R10-T4: bounded K12 vs exact,common_served_task_response_time,500,R10-T4,CA-HMCD-BoundedK12-Candidate,CA-HMCD-Exact,lower,30,0.525723486029314,0.5256422017755544,8.128425375951709e-05,-0.001060588160706318,0.0027898361900762295,"paired BCa bootstrap, 10000 resamples",two-sided paired Wilcoxon signed-rank test,10.0,0.578125,1.0,0.016869043100797915,-0.2857142857142857,0.55,HiGHS optimal seeds only,16,False
stage3.common_served_task_response_time.budget_500,R10-T8: bounded K12 vs exact,common_served_task_response_time,500,R10-T8,CA-HMCD-BoundedK12-Candidate,CA-HMCD-Exact,lower,30,0.545597912473479,0.5472972046380797,-0.0016992921646007723,-0.006256102332401528,0.0011537287001283513,"paired BCa bootstrap, 10000 resamples",two-sided paired Wilcoxon signed-rank test,68.0,0.468292236328125,1.0,-0.1679946948297257,-0.2046783625730994,0.5333333333333333,HiGHS optimal seeds only,16,False
stage3.common_served_task_response_time.budget_500,R16-T12: bounded K12 vs exact,common_served_task_response_time,500,R16-T12,CA-HMCD-BoundedK12-Candidate,CA-HMCD-Exact,lower,30,0.5338236377260563,0.539538581045859,-0.005714943319802616,-0.010773854668175343,-0.0021189975108425532,"paired BCa bootstrap, 10000 resamples",two-sided paired Wilcoxon signed-rank test,112.0,0.023181134868644475,0.20863021381780028,-0.4789947645278731,-0.4850574712643678,0.65,HiGHS optimal seeds only,16,False
stage3.common_served_task_response_time.budget_500,R16-T16: bounded K12 vs exact,common_served_task_response_time,500,R16-T16,CA-HMCD-BoundedK12-Candidate,CA-HMCD-Exact,lower,30,0.540569533341665,0.5525792029874711,-0.012009669645806123,-0.017055674706191334,-0.00650444558914755,"paired BCa bootstrap, 10000 resamples",two-sided paired Wilcoxon signed-rank test,64.0,0.0005493118817546343,0.0062713623046875,-0.8009071542218145,-0.7247311827956989,0.7666666666666667,HiGHS optimal seeds only,16,True
stage3.common_served_task_response_time.budget_500,R16-T4: bounded K12 vs exact,common_served_task_response_time,500,R16-T4,CA-HMCD-BoundedK12-Candidate,CA-HMCD-Exact,lower,30,0.5213189524189654,0.5208637226442655,0.00045522977469982423,-0.002014779679220585,0.003024086600856134,"paired BCa bootstrap, 10000 resamples",two-sided paired Wilcoxon signed-rank test,43.0,0.892578125,1.0,0.0641622713062397,0.054945054945054944,0.48333333333333334,HiGHS optimal seeds only,16,False
stage3.common_served_task_response_time.budget_500,R16-T8: bounded K12 vs exact,common_served_task_response_time,500,R16-T8,CA-HMCD-BoundedK12-Candidate,CA-HMCD-Exact,lower,30,0.5442972633398439,0.5457195957888298,-0.0014223324489859837,-0.004325597597972117,0.001455711550373511,"paired BCa bootstrap, 10000 resamples",two-sided paired Wilcoxon signed-rank test,151.0,0.36762157117697236,1.0,-0.17326803901530805,-0.20105820105820105,0.5166666666666667,HiGHS optimal seeds only,16,False
stage3.common_served_task_response_time.budget_500,R24-T12: bounded K12 vs exact,common_served_task_response_time,500,R24-T12,CA-HMCD-BoundedK12-Candidate,CA-HMCD-Exact,lower,30,0.5161640846900386,0.5142709506902985,0.0018931339997402133,-0.0017759795178111963,0.005992334046105361,"paired BCa bootstrap, 10000 resamples",two-sided paired Wilcoxon signed-rank test,184.0,0.3235052508572566,1.0,0.171715187876371,0.2086021505376344,0.43333333333333335,HiGHS optimal seeds only,16,False
stage3.common_served_task_response_time.budget_500,R24-T16: bounded K12 vs exact,common_served_task_response_time,500,R24-T16,CA-HMCD-BoundedK12-Candidate,CA-HMCD-Exact,lower,30,0.5216724946337735,0.5234132717089522,-0.0017407770751786936,-0.006428044317776694,0.003470426594354708,"paired BCa bootstrap, 10000 resamples",two-sided paired Wilcoxon signed-rank test,186.0,0.3440753429639741,1.0,-0.12449873711393444,-0.2,0.5666666666666667,HiGHS optimal seeds only,16,False
stage3.common_served_task_response_time.budget_500,R24-T4: bounded K12 vs exact,common_served_task_response_time,500,R24-T4,CA-HMCD-BoundedK12-Candidate,CA-HMCD-Exact,lower,29,0.5045485507734067,0.5012963667234394,0.003252184049967305,-0.0025531640004228685,0.010684659812836958,"paired BCa bootstrap, 10000 resamples",two-sided paired Wilcoxon signed-rank test,59.0,0.4306793212890625,1.0,0.17722704863986408,0.22875816993464052,0.41379310344827586,HiGHS optimal seeds only,16,False
stage3.common_served_task_response_time.budget_500,R24-T8: bounded K12 vs exact,common_served_task_response_time,500,R24-T8,CA-HMCD-BoundedK12-Candidate,CA-HMCD-Exact,lower,30,0.5200330870951987,0.514250638508091,0.005782448587107554,0.001918203926728411,0.011735043682256543,"paired BCa bootstrap, 10000 resamples",two-sided paired Wilcoxon signed-rank test,113.0,0.04154569332920347,0.3323655466336278,0.435132818767527,0.4433497536945813,0.36666666666666664,HiGHS optimal seeds only,16,False
stage3.common_served_task_response_time.budget_500,R32-T12: bounded K12 vs exact,common_served_task_response_time,500,R32-T12,CA-HMCD-BoundedK12-Candidate,CA-HMCD-Exact,lower,30,0.529863503925779,0.5175922817972956,0.012271222128483498,0.007977124633451694,0.016601468428860743,"paired BCa bootstrap, 10000 resamples",two-sided paired Wilcoxon signed-rank test,37.0,6.0506646669380906e-05,0.0008470930533713327,1.0076481716608983,0.8408602150537634,0.16666666666666666,HiGHS optimal seeds only,16,True
stage3.common_served_task_response_time.budget_500,R32-T16: bounded K12 vs exact,common_served_task_response_time,500,R32-T16,CA-HMCD-BoundedK12-Candidate,CA-HMCD-Exact,lower,30,0.5334567901871502,0.5183287980414055,0.015127992145744713,0.010821976513686313,0.020267584563033438,"paired BCa bootstrap, 10000 resamples",two-sided paired Wilcoxon signed-rank test,14.0,7.329171360778439e-06,0.00011726674177245502,1.145598965555614,0.9397849462365592,0.1,HiGHS optimal seeds only,16,True
stage3.common_served_task_response_time.budget_500,R32-T4: bounded K12 vs exact,common_served_task_response_time,500,R32-T4,CA-HMCD-BoundedK12-Candidate,CA-HMCD-Exact,lower,28,0.5194595455062011,0.5080191417995751,0.011440403706625923,0.005857167515596213,0.019449823892378718,"paired BCa bootstrap, 10000 resamples",two-sided paired Wilcoxon signed-rank test,15.0,0.000522613525390625,0.0062713623046875,0.6245807913493964,0.8421052631578947,0.23214285714285715,HiGHS optimal seeds only,16,True
stage3.common_served_task_response_time.budget_500,R32-T8: bounded K12 vs exact,common_served_task_response_time,500,R32-T8,CA-HMCD-BoundedK12-Candidate,CA-HMCD-Exact,lower,30,0.5376710933099929,0.5175372705501469,0.02013382275984613,0.013538133120682638,0.027751838062626093,"paired BCa bootstrap, 10000 resamples",two-sided paired Wilcoxon signed-rank test,22.0,3.952448035942005e-05,0.0005928672053913007,1.004601498243027,0.8916256157635468,0.16666666666666666,HiGHS optimal seeds only,16,True
