dataset,sequence_id,mapping_version,metadata_json,step,source_time,task_id,true_active,observed_active,min_resources,max_resources,type_requirements_json,true_s,true_v,true_h,true_n,true_rho,true_tau,observed_s,observed_v,observed_h,observed_n,observed_rho,observed_tau
anti_uav410,AU-L04-W07,public-trajectory-replay-v2,"{""event_window_version"":""anti-uav-event-window-v1"",""evidence_type"":""measured_image_plane_tracks_with_simulated_response_resources"",""fps"":null,""image_height"":512,""image_width"":640,""measured_dimensions"":[""apparent_size"",""image_plane_speed"",""visibility""],""motion_unit"":""normalized_image_diagonal_per_frame"",""protected_point"":[0.5,0.85],""source_files"":[""D:\\360Downloads\\123\\data\\Anti-UAV410\\annos\\test\\new21_train_newfix.txt"",""D:\\360Downloads\\123\\data\\Anti-UAV410\\annos\\test\\20190925_111757_1_4.txt"",""D:\\360Downloads\\123\\data\\Anti-UAV410\\annos\\test\\20190926_111509_1_6.txt"",""D:\\360Downloads\\123\\data\\Anti-UAV410\\annos\\test\\20190925_111757_1_10.txt""],""source_sha256"":[""9f8d4a687095adfcc2228a068008a77e8792654697493615a4885886dd53edb9"",""5e15675247687795d91627dd1c368d99ea2d4da489c6f545a2b0327291748374"",""cc8054e4a9e8875a4781dc478a9544ffbf89af76d5341cc2d84b214ebf22ad25"",""1c0bf72cd257afbc24df3275f019f4e780d406be4b5b1f471200f2822cad8aaa""],""synthetic_dimensions"":[""spatial_level"",""risk"",""response_window"",""multi_sequence_concurrency"",""resources""],""time_basis"":""frames"",""track_count"":4,""track_windows"":[{""dynamic_background_clutter"":1,""event_center_frame"":325,""fast_motion"":1,""inactive_frames_in_window"":0,""medium_size"":1,""normal_size"":0,""occlusion"":0,""offset_steps"":0,""out_of_view"":0,""requested_window_mode"":""motion"",""scale_variation"":1,""selected_window_mode"":""motion"",""small_size"":1,""source_active_frames"":1491,""source_end_frame"":444,""source_frames"":1491,""source_inactive_frames"":0,""source_path"":""D:\\360Downloads\\123\\data\\Anti-UAV410\\annos\\test\\new21_train_newfix.txt"",""source_sha256"":""9f8d4a687095adfcc2228a068008a77e8792654697493615a4885886dd53edb9"",""source_start_frame"":205,""source_window_frames"":240,""task_id"":""AU-01"",""thermal_crossover"":1,""tiny_size"":1,""visibility_event_count"":0},{""dynamic_background_clutter"":0,""event_center_frame"":823,""fast_motion"":0,""inactive_frames_in_window"":0,""medium_size"":1,""normal_size"":1,""occlusion"":0,""offset_steps"":1,""out_of_view"":0,""requested_window_mode"":""motion"",""scale_variation"":0,""selected_window_mode"":""motion"",""small_size"":0,""source_active_frames"":1000,""source_end_frame"":942,""source_frames"":1000,""source_inactive_frames"":0,""source_path"":""D:\\360Downloads\\123\\data\\Anti-UAV410\\annos\\test\\20190925_111757_1_4.txt"",""source_sha256"":""5e15675247687795d91627dd1c368d99ea2d4da489c6f545a2b0327291748374"",""source_start_frame"":703,""source_window_frames"":240,""task_id"":""AU-02"",""thermal_crossover"":1,""tiny_size"":0,""visibility_event_count"":0},{""dynamic_background_clutter"":0,""event_center_frame"":23,""fast_motion"":0,""inactive_frames_in_window"":0,""medium_size"":0,""normal_size"":1,""occlusion"":0,""offset_steps"":2,""out_of_view"":0,""requested_window_mode"":""motion"",""scale_variation"":0,""selected_window_mode"":""motion"",""small_size"":0,""source_active_frames"":1000,""source_end_frame"":239,""source_frames"":1000,""source_inactive_frames"":0,""source_path"":""D:\\360Downloads\\123\\data\\Anti-UAV410\\annos\\test\\20190926_111509_1_6.txt"",""source_sha256"":""cc8054e4a9e8875a4781dc478a9544ffbf89af76d5341cc2d84b214ebf22ad25"",""source_start_frame"":0,""source_window_frames"":240,""task_id"":""AU-03"",""thermal_crossover"":0,""tiny_size"":0,""visibility_event_count"":0},{""dynamic_background_clutter"":0,""event_center_frame"":239,""fast_motion"":0,""inactive_frames_in_window"":217,""medium_size"":1,""normal_size"":0,""occlusion"":0,""offset_steps"":3,""out_of_view"":1,""requested_window_mode"":""visibility"",""scale_variation"":0,""selected_window_mode"":""visibility"",""small_size"":1,""source_active_frames"":131,""source_end_frame"":347,""source_frames"":348,""source_inactive_frames"":217,""source_path"":""D:\\360Downloads\\123\\data\\Anti-UAV410\\annos\\test\\20190925_111757_1_10.txt"",""source_sha256"":""1c0bf72cd257afbc24df3275f019f4e780d406be4b5b1f471200f2822cad8aaa"",""source_start_frame"":71,""source_window_frames"":277,""task_id"":""AU-04"",""thermal_crossover"":1,""tiny_size"":0,""visibility_event_count"":1}]}",0,205.0,AU-01,1,1,1,3,{},0.1953125,0.0,0.5,0.0,0.564437399272532,1.0,0.1953125,0.0,0.5,0.0,0.564437399272532,1.0
anti_uav410,AU-L04-W07,public-trajectory-replay-v2,"{""event_window_version"":""anti-uav-event-window-v1"",""evidence_type"":""measured_image_plane_tracks_with_simulated_response_resources"",""fps"":null,""image_height"":512,""image_width"":640,""measured_dimensions"":[""apparent_size"",""image_plane_speed"",""visibility""],""motion_unit"":""normalized_image_diagonal_per_frame"",""protected_point"":[0.5,0.85],""source_files"":[""D:\\360Downloads\\123\\data\\Anti-UAV410\\annos\\test\\new21_train_newfix.txt"",""D:\\360Downloads\\123\\data\\Anti-UAV410\\annos\\test\\20190925_111757_1_4.txt"",""D:\\360Downloads\\123\\data\\Anti-UAV410\\annos\\test\\20190926_111509_1_6.txt"",""D:\\360Downloads\\123\\data\\Anti-UAV410\\annos\\test\\20190925_111757_1_10.txt""],""source_sha256"":[""9f8d4a687095adfcc2228a068008a77e8792654697493615a4885886dd53edb9"",""5e15675247687795d91627dd1c368d99ea2d4da489c6f545a2b0327291748374"",""cc8054e4a9e8875a4781dc478a9544ffbf89af76d5341cc2d84b214ebf22ad25"",""1c0bf72cd257afbc24df3275f019f4e780d406be4b5b1f471200f2822cad8aaa""],""synthetic_dimensions"":[""spatial_level"",""risk"",""response_window"",""multi_sequence_concurrency"",""resources""],""time_basis"":""frames"",""track_count"":4,""track_windows"":[{""dynamic_background_clutter"":1,""event_center_frame"":325,""fast_motion"":1,""inactive_frames_in_window"":0,""medium_size"":1,""normal_size"":0,""occlusion"":0,""offset_steps"":0,""out_of_view"":0,""requested_window_mode"":""motion"",""scale_variation"":1,""selected_window_mode"":""motion"",""small_size"":1,""source_active_frames"":1491,""source_end_frame"":444,""source_frames"":1491,""source_inactive_frames"":0,""source_path"":""D:\\360Downloads\\123\\data\\Anti-UAV410\\annos\\test\\new21_train_newfix.txt"",""source_sha256"":""9f8d4a687095adfcc2228a068008a77e8792654697493615a4885886dd53edb9"",""source_start_frame"":205,""source_window_frames"":240,""task_id"":""AU-01"",""thermal_crossover"":1,""tiny_size"":1,""visibility_event_count"":0},{""dynamic_background_clutter"":0,""event_center_frame"":823,""fast_motion"":0,""inactive_frames_in_window"":0,""medium_size"":1,""normal_size"":1,""occlusion"":0,""offset_steps"":1,""out_of_view"":0,""requested_window_mode"":""motion"",""scale_variation"":0,""selected_window_mode"":""motion"",""small_size"":0,""source_active_frames"":1000,""source_end_frame"":942,""source_frames"":1000,""source_inactive_frames"":0,""source_path"":""D:\\360Downloads\\123\\data\\Anti-UAV410\\annos\\test\\20190925_111757_1_4.txt"",""source_sha256"":""5e15675247687795d91627dd1c368d99ea2d4da489c6f545a2b0327291748374"",""source_start_frame"":703,""source_window_frames"":240,""task_id"":""AU-02"",""thermal_crossover"":1,""tiny_size"":0,""visibility_event_count"":0},{""dynamic_background_clutter"":0,""event_center_frame"":23,""fast_motion"":0,""inactive_frames_in_window"":0,""medium_size"":0,""normal_size"":1,""occlusion"":0,""offset_steps"":2,""out_of_view"":0,""requested_window_mode"":""motion"",""scale_variation"":0,""selected_window_mode"":""motion"",""small_size"":0,""source_active_frames"":1000,""source_end_frame"":239,""source_frames"":1000,""source_inactive_frames"":0,""source_path"":""D:\\360Downloads\\123\\data\\Anti-UAV410\\annos\\test\\20190926_111509_1_6.txt"",""source_sha256"":""cc8054e4a9e8875a4781dc478a9544ffbf89af76d5341cc2d84b214ebf22ad25"",""source_start_frame"":0,""source_window_frames"":240,""task_id"":""AU-03"",""thermal_crossover"":0,""tiny_size"":0,""visibility_event_count"":0},{""dynamic_background_clutter"":0,""event_center_frame"":239,""fast_motion"":0,""inactive_frames_in_window"":217,""medium_size"":1,""normal_size"":0,""occlusion"":0,""offset_steps"":3,""out_of_view"":1,""requested_window_mode"":""visibility"",""scale_variation"":0,""selected_window_mode"":""visibility"",""small_size"":1,""source_active_frames"":131,""source_end_frame"":347,""source_frames"":348,""source_inactive_frames"":217,""source_path"":""D:\\360Downloads\\123\\data\\Anti-UAV410\\annos\\test\\20190925_111757_1_10.txt"",""source_sha256"":""1c0bf72cd257afbc24df3275f019f4e780d406be4b5b1f471200f2822cad8aaa"",""source_start_frame"":71,""source_window_frames"":277,""task_id"":""AU-04"",""thermal_crossover"":1,""tiny_size"":0,""visibility_event_count"":1}]}",0,205.0,AU-02,0,0,1,3,{},0.0,0.0,0.5,0.0,0.35,1.0,0.0,0.0,0.5,0.0,0.35,1.0
anti_uav410,AU-L04-W07,public-trajectory-replay-v2,"{""event_window_version"":""anti-uav-event-window-v1"",""evidence_type"":""measured_image_plane_tracks_with_simulated_response_resources"",""fps"":null,""image_height"":512,""image_width"":640,""measured_dimensions"":[""apparent_size"",""image_plane_speed"",""visibility""],""motion_unit"":""normalized_image_diagonal_per_frame"",""protected_point"":[0.5,0.85],""source_files"":[""D:\\360Downloads\\123\\data\\Anti-UAV410\\annos\\test\\new21_train_newfix.txt"",""D:\\360Downloads\\123\\data\\Anti-UAV410\\annos\\test\\20190925_111757_1_4.txt"",""D:\\360Downloads\\123\\data\\Anti-UAV410\\annos\\test\\20190926_111509_1_6.txt"",""D:\\360Downloads\\123\\data\\Anti-UAV410\\annos\\test\\20190925_111757_1_10.txt""],""source_sha256"":[""9f8d4a687095adfcc2228a068008a77e8792654697493615a4885886dd53edb9"",""5e15675247687795d91627dd1c368d99ea2d4da489c6f545a2b0327291748374"",""cc8054e4a9e8875a4781dc478a9544ffbf89af76d5341cc2d84b214ebf22ad25"",""1c0bf72cd257afbc24df3275f019f4e780d406be4b5b1f471200f2822cad8aaa""],""synthetic_dimensions"":[""spatial_level"",""risk"",""response_window"",""multi_sequence_concurrency"",""resources""],""time_basis"":""frames"",""track_count"":4,""track_windows"":[{""dynamic_background_clutter"":1,""event_center_frame"":325,""fast_motion"":1,""inactive_frames_in_window"":0,""medium_size"":1,""normal_size"":0,""occlusion"":0,""offset_steps"":0,""out_of_view"":0,""requested_window_mode"":""motion"",""scale_variation"":1,""selected_window_mode"":""motion"",""small_size"":1,""source_active_frames"":1491,""source_end_frame"":444,""source_frames"":1491,""source_inactive_frames"":0,""source_path"":""D:\\360Downloads\\123\\data\\Anti-UAV410\\annos\\test\\new21_train_newfix.txt"",""source_sha256"":""9f8d4a687095adfcc2228a068008a77e8792654697493615a4885886dd53edb9"",""source_start_frame"":205,""source_window_frames"":240,""task_id"":""AU-01"",""thermal_crossover"":1,""tiny_size"":1,""visibility_event_count"":0},{""dynamic_background_clutter"":0,""event_center_frame"":823,""fast_motion"":0,""inactive_frames_in_window"":0,""medium_size"":1,""normal_size"":1,""occlusion"":0,""offset_steps"":1,""out_of_view"":0,""requested_window_mode"":""motion"",""scale_variation"":0,""selected_window_mode"":""motion"",""small_size"":0,""source_active_frames"":1000,""source_end_frame"":942,""source_frames"":1000,""source_inactive_frames"":0,""source_path"":""D:\\360Downloads\\123\\data\\Anti-UAV410\\annos\\test\\20190925_111757_1_4.txt"",""source_sha256"":""5e15675247687795d91627dd1c368d99ea2d4da489c6f545a2b0327291748374"",""source_start_frame"":703,""source_window_frames"":240,""task_id"":""AU-02"",""thermal_crossover"":1,""tiny_size"":0,""visibility_event_count"":0},{""dynamic_background_clutter"":0,""event_center_frame"":23,""fast_motion"":0,""inactive_frames_in_window"":0,""medium_size"":0,""normal_size"":1,""occlusion"":0,""offset_steps"":2,""out_of_view"":0,""requested_window_mode"":""motion"",""scale_variation"":0,""selected_window_mode"":""motion"",""small_size"":0,""source_active_frames"":1000,""source_end_frame"":239,""source_frames"":1000,""source_inactive_frames"":0,""source_path"":""D:\\360Downloads\\123\\data\\Anti-UAV410\\annos\\test\\20190926_111509_1_6.txt"",""source_sha256"":""cc8054e4a9e8875a4781dc478a9544ffbf89af76d5341cc2d84b214ebf22ad25"",""source_start_frame"":0,""source_window_frames"":240,""task_id"":""AU-03"",""thermal_crossover"":0,""tiny_size"":0,""visibility_event_count"":0},{""dynamic_background_clutter"":0,""event_center_frame"":239,""fast_motion"":0,""inactive_frames_in_window"":217,""medium_size"":1,""normal_size"":0,""occlusion"":0,""offset_steps"":3,""out_of_view"":1,""requested_window_mode"":""visibility"",""scale_variation"":0,""selected_window_mode"":""visibility"",""small_size"":1,""source_active_frames"":131,""source_end_frame"":347,""source_frames"":348,""source_inactive_frames"":217,""source_path"":""D:\\360Downloads\\123\\data\\Anti-UAV410\\annos\\test\\20190925_111757_1_10.txt"",""source_sha256"":""1c0bf72cd257afbc24df3275f019f4e780d406be4b5b1f471200f2822cad8aaa"",""source_start_frame"":71,""source_window_frames"":277,""task_id"":""AU-04"",""thermal_crossover"":1,""tiny_size"":0,""visibility_event_count"":1}]}",0,205.0,AU-03,0,0,1,3,{},0.0,0.0,0.5,0.0,0.35,1.0,0.0,0.0,0.5,0.0,0.35,1.0
anti_uav410,AU-L04-W07,public-trajectory-replay-v2,"{""event_window_version"":""anti-uav-event-window-v1"",""evidence_type"":""measured_image_plane_tracks_with_simulated_response_resources"",""fps"":null,""image_height"":512,""image_width"":640,""measured_dimensions"":[""apparent_size"",""image_plane_speed"",""visibility""],""motion_unit"":""normalized_image_diagonal_per_frame"",""protected_point"":[0.5,0.85],""source_files"":[""D:\\360Downloads\\123\\data\\Anti-UAV410\\annos\\test\\new21_train_newfix.txt"",""D:\\360Downloads\\123\\data\\Anti-UAV410\\annos\\test\\20190925_111757_1_4.txt"",""D:\\360Downloads\\123\\data\\Anti-UAV410\\annos\\test\\20190926_111509_1_6.txt"",""D:\\360Downloads\\123\\data\\Anti-UAV410\\annos\\test\\20190925_111757_1_10.txt""],""source_sha256"":[""9f8d4a687095adfcc2228a068008a77e8792654697493615a4885886dd53edb9"",""5e15675247687795d91627dd1c368d99ea2d4da489c6f545a2b0327291748374"",""cc8054e4a9e8875a4781dc478a9544ffbf89af76d5341cc2d84b214ebf22ad25"",""1c0bf72cd257afbc24df3275f019f4e780d406be4b5b1f471200f2822cad8aaa""],""synthetic_dimensions"":[""spatial_level"",""risk"",""response_window"",""multi_sequence_concurrency"",""resources""],""time_basis"":""frames"",""track_count"":4,""track_windows"":[{""dynamic_background_clutter"":1,""event_center_frame"":325,""fast_motion"":1,""inactive_frames_in_window"":0,""medium_size"":1,""normal_size"":0,""occlusion"":0,""offset_steps"":0,""out_of_view"":0,""requested_window_mode"":""motion"",""scale_variation"":1,""selected_window_mode"":""motion"",""small_size"":1,""source_active_frames"":1491,""source_end_frame"":444,""source_frames"":1491,""source_inactive_frames"":0,""source_path"":""D:\\360Downloads\\123\\data\\Anti-UAV410\\annos\\test\\new21_train_newfix.txt"",""source_sha256"":""9f8d4a687095adfcc2228a068008a77e8792654697493615a4885886dd53edb9"",""source_start_frame"":205,""source_window_frames"":240,""task_id"":""AU-01"",""thermal_crossover"":1,""tiny_size"":1,""visibility_event_count"":0},{""dynamic_background_clutter"":0,""event_center_frame"":823,""fast_motion"":0,""inactive_frames_in_window"":0,""medium_size"":1,""normal_size"":1,""occlusion"":0,""offset_steps"":1,""out_of_view"":0,""requested_window_mode"":""motion"",""scale_variation"":0,""selected_window_mode"":""motion"",""small_size"":0,""source_active_frames"":1000,""source_end_frame"":942,""source_frames"":1000,""source_inactive_frames"":0,""source_path"":""D:\\360Downloads\\123\\data\\Anti-UAV410\\annos\\test\\20190925_111757_1_4.txt"",""source_sha256"":""5e15675247687795d91627dd1c368d99ea2d4da489c6f545a2b0327291748374"",""source_start_frame"":703,""source_window_frames"":240,""task_id"":""AU-02"",""thermal_crossover"":1,""tiny_size"":0,""visibility_event_count"":0},{""dynamic_background_clutter"":0,""event_center_frame"":23,""fast_motion"":0,""inactive_frames_in_window"":0,""medium_size"":0,""normal_size"":1,""occlusion"":0,""offset_steps"":2,""out_of_view"":0,""requested_window_mode"":""motion"",""scale_variation"":0,""selected_window_mode"":""motion"",""small_size"":0,""source_active_frames"":1000,""source_end_frame"":239,""source_frames"":1000,""source_inactive_frames"":0,""source_path"":""D:\\360Downloads\\123\\data\\Anti-UAV410\\annos\\test\\20190926_111509_1_6.txt"",""source_sha256"":""cc8054e4a9e8875a4781dc478a9544ffbf89af76d5341cc2d84b214ebf22ad25"",""source_start_frame"":0,""source_window_frames"":240,""task_id"":""AU-03"",""thermal_crossover"":0,""tiny_size"":0,""visibility_event_count"":0},{""dynamic_background_clutter"":0,""event_center_frame"":239,""fast_motion"":0,""inactive_frames_in_window"":217,""medium_size"":1,""normal_size"":0,""occlusion"":0,""offset_steps"":3,""out_of_view"":1,""requested_window_mode"":""visibility"",""scale_variation"":0,""selected_window_mode"":""visibility"",""small_size"":1,""source_active_frames"":131,""source_end_frame"":347,""source_frames"":348,""source_inactive_frames"":217,""source_path"":""D:\\360Downloads\\123\\data\\Anti-UAV410\\annos\\test\\20190925_111757_1_10.txt"",""source_sha256"":""1c0bf72cd257afbc24df3275f019f4e780d406be4b5b1f471200f2822cad8aaa"",""source_start_frame"":71,""source_window_frames"":277,""task_id"":""AU-04"",""thermal_crossover"":1,""tiny_size"":0,""visibility_event_count"":1}]}",0,205.0,AU-04,0,0,1,3,{},0.0,0.0,0.5,0.0,0.35,1.0,0.0,0.0,0.5,0.0,0.35,1.0
anti_uav410,AU-L04-W07,public-trajectory-replay-v2,"{""event_window_version"":""anti-uav-event-window-v1"",""evidence_type"":""measured_image_plane_tracks_with_simulated_response_resources"",""fps"":null,""image_height"":512,""image_width"":640,""measured_dimensions"":[""apparent_size"",""image_plane_speed"",""visibility""],""motion_unit"":""normalized_image_diagonal_per_frame"",""protected_point"":[0.5,0.85],""source_files"":[""D:\\360Downloads\\123\\data\\Anti-UAV410\\annos\\test\\new21_train_newfix.txt"",""D:\\360Downloads\\123\\data\\Anti-UAV410\\annos\\test\\20190925_111757_1_4.txt"",""D:\\360Downloads\\123\\data\\Anti-UAV410\\annos\\test\\20190926_111509_1_6.txt"",""D:\\360Downloads\\123\\data\\Anti-UAV410\\annos\\test\\20190925_111757_1_10.txt""],""source_sha256"":[""9f8d4a687095adfcc2228a068008a77e8792654697493615a4885886dd53edb9"",""5e15675247687795d91627dd1c368d99ea2d4da489c6f545a2b0327291748374"",""cc8054e4a9e8875a4781dc478a9544ffbf89af76d5341cc2d84b214ebf22ad25"",""1c0bf72cd257afbc24df3275f019f4e780d406be4b5b1f471200f2822cad8aaa""],""synthetic_dimensions"":[""spatial_level"",""risk"",""response_window"",""multi_sequence_concurrency"",""resources""],""time_basis"":""frames"",""track_count"":4,""track_windows"":[{""dynamic_background_clutter"":1,""event_center_frame"":325,""fast_motion"":1,""inactive_frames_in_window"":0,""medium_size"":1,""normal_size"":0,""occlusion"":0,""offset_steps"":0,""out_of_view"":0,""requested_window_mode"":""motion"",""scale_variation"":1,""selected_window_mode"":""motion"",""small_size"":1,""source_active_frames"":1491,""source_end_frame"":444,""source_frames"":1491,""source_inactive_frames"":0,""source_path"":""D:\\360Downloads\\123\\data\\Anti-UAV410\\annos\\test\\new21_train_newfix.txt"",""source_sha256"":""9f8d4a687095adfcc2228a068008a77e8792654697493615a4885886dd53edb9"",""source_start_frame"":205,""source_window_frames"":240,""task_id"":""AU-01"",""thermal_crossover"":1,""tiny_size"":1,""visibility_event_count"":0},{""dynamic_background_clutter"":0,""event_center_frame"":823,""fast_motion"":0,""inactive_frames_in_window"":0,""medium_size"":1,""normal_size"":1,""occlusion"":0,""offset_steps"":1,""out_of_view"":0,""requested_window_mode"":""motion"",""scale_variation"":0,""selected_window_mode"":""motion"",""small_size"":0,""source_active_frames"":1000,""source_end_frame"":942,""source_frames"":1000,""source_inactive_frames"":0,""source_path"":""D:\\360Downloads\\123\\data\\Anti-UAV410\\annos\\test\\20190925_111757_1_4.txt"",""source_sha256"":""5e15675247687795d91627dd1c368d99ea2d4da489c6f545a2b0327291748374"",""source_start_frame"":703,""source_window_frames"":240,""task_id"":""AU-02"",""thermal_crossover"":1,""tiny_size"":0,""visibility_event_count"":0},{""dynamic_background_clutter"":0,""event_center_frame"":23,""fast_motion"":0,""inactive_frames_in_window"":0,""medium_size"":0,""normal_size"":1,""occlusion"":0,""offset_steps"":2,""out_of_view"":0,""requested_window_mode"":""motion"",""scale_variation"":0,""selected_window_mode"":""motion"",""small_size"":0,""source_active_frames"":1000,""source_end_frame"":239,""source_frames"":1000,""source_inactive_frames"":0,""source_path"":""D:\\360Downloads\\123\\data\\Anti-UAV410\\annos\\test\\20190926_111509_1_6.txt"",""source_sha256"":""cc8054e4a9e8875a4781dc478a9544ffbf89af76d5341cc2d84b214ebf22ad25"",""source_start_frame"":0,""source_window_frames"":240,""task_id"":""AU-03"",""thermal_crossover"":0,""tiny_size"":0,""visibility_event_count"":0},{""dynamic_background_clutter"":0,""event_center_frame"":239,""fast_motion"":0,""inactive_frames_in_window"":217,""medium_size"":1,""normal_size"":0,""occlusion"":0,""offset_steps"":3,""out_of_view"":1,""requested_window_mode"":""visibility"",""scale_variation"":0,""selected_window_mode"":""visibility"",""small_size"":1,""source_active_frames"":131,""source_end_frame"":347,""source_frames"":348,""source_inactive_frames"":217,""source_path"":""D:\\360Downloads\\123\\data\\Anti-UAV410\\annos\\test\\20190925_111757_1_10.txt"",""source_sha256"":""1c0bf72cd257afbc24df3275f019f4e780d406be4b5b1f471200f2822cad8aaa"",""source_start_frame"":71,""source_window_frames"":277,""task_id"":""AU-04"",""thermal_crossover"":1,""tiny_size"":0,""visibility_event_count"":1}]}",1,465.0,AU-01,1,1,1,3,{},0.2099546288619414,0.03411869615495231,0.5,0.5868346984483691,0.6187709635079743,1.0,0.2099546288619414,0.03411869615495231,0.5,0.5868346984483691,0.6187709635079743,1.0
anti_uav410,AU-L04-W07,public-trajectory-replay-v2,"{""event_window_version"":""anti-uav-event-window-v1"",""evidence_type"":""measured_image_plane_tracks_with_simulated_response_resources"",""fps"":null,""image_height"":512,""image_width"":640,""measured_dimensions"":[""apparent_size"",""image_plane_speed"",""visibility""],""motion_unit"":""normalized_image_diagonal_per_frame"",""protected_point"":[0.5,0.85],""source_files"":[""D:\\360Downloads\\123\\data\\Anti-UAV410\\annos\\test\\new21_train_newfix.txt"",""D:\\360Downloads\\123\\data\\Anti-UAV410\\annos\\test\\20190925_111757_1_4.txt"",""D:\\360Downloads\\123\\data\\Anti-UAV410\\annos\\test\\20190926_111509_1_6.txt"",""D:\\360Downloads\\123\\data\\Anti-UAV410\\annos\\test\\20190925_111757_1_10.txt""],""source_sha256"":[""9f8d4a687095adfcc2228a068008a77e8792654697493615a4885886dd53edb9"",""5e15675247687795d91627dd1c368d99ea2d4da489c6f545a2b0327291748374"",""cc8054e4a9e8875a4781dc478a9544ffbf89af76d5341cc2d84b214ebf22ad25"",""1c0bf72cd257afbc24df3275f019f4e780d406be4b5b1f471200f2822cad8aaa""],""synthetic_dimensions"":[""spatial_level"",""risk"",""response_window"",""multi_sequence_concurrency"",""resources""],""time_basis"":""frames"",""track_count"":4,""track_windows"":[{""dynamic_background_clutter"":1,""event_center_frame"":325,""fast_motion"":1,""inactive_frames_in_window"":0,""medium_size"":1,""normal_size"":0,""occlusion"":0,""offset_steps"":0,""out_of_view"":0,""requested_window_mode"":""motion"",""scale_variation"":1,""selected_window_mode"":""motion"",""small_size"":1,""source_active_frames"":1491,""source_end_frame"":444,""source_frames"":1491,""source_inactive_frames"":0,""source_path"":""D:\\360Downloads\\123\\data\\Anti-UAV410\\annos\\test\\new21_train_newfix.txt"",""source_sha256"":""9f8d4a687095adfcc2228a068008a77e8792654697493615a4885886dd53edb9"",""source_start_frame"":205,""source_window_frames"":240,""task_id"":""AU-01"",""thermal_crossover"":1,""tiny_size"":1,""visibility_event_count"":0},{""dynamic_background_clutter"":0,""event_center_frame"":823,""fast_motion"":0,""inactive_frames_in_window"":0,""medium_size"":1,""normal_size"":1,""occlusion"":0,""offset_steps"":1,""out_of_view"":0,""requested_window_mode"":""motion"",""scale_variation"":0,""selected_window_mode"":""motion"",""small_size"":0,""source_active_frames"":1000,""source_end_frame"":942,""source_frames"":1000,""source_inactive_frames"":0,""source_path"":""D:\\360Downloads\\123\\data\\Anti-UAV410\\annos\\test\\20190925_111757_1_4.txt"",""source_sha256"":""5e15675247687795d91627dd1c368d99ea2d4da489c6f545a2b0327291748374"",""source_start_frame"":703,""source_window_frames"":240,""task_id"":""AU-02"",""thermal_crossover"":1,""tiny_size"":0,""visibility_event_count"":0},{""dynamic_background_clutter"":0,""event_center_frame"":23,""fast_motion"":0,""inactive_frames_in_window"":0,""medium_size"":0,""normal_size"":1,""occlusion"":0,""offset_steps"":2,""out_of_view"":0,""requested_window_mode"":""motion"",""scale_variation"":0,""selected_window_mode"":""motion"",""small_size"":0,""source_active_frames"":1000,""source_end_frame"":239,""source_frames"":1000,""source_inactive_frames"":0,""source_path"":""D:\\360Downloads\\123\\data\\Anti-UAV410\\annos\\test\\20190926_111509_1_6.txt"",""source_sha256"":""cc8054e4a9e8875a4781dc478a9544ffbf89af76d5341cc2d84b214ebf22ad25"",""source_start_frame"":0,""source_window_frames"":240,""task_id"":""AU-03"",""thermal_crossover"":0,""tiny_size"":0,""visibility_event_count"":0},{""dynamic_background_clutter"":0,""event_center_frame"":239,""fast_motion"":0,""inactive_frames_in_window"":217,""medium_size"":1,""normal_size"":0,""occlusion"":0,""offset_steps"":3,""out_of_view"":1,""requested_window_mode"":""visibility"",""scale_variation"":0,""selected_window_mode"":""visibility"",""small_size"":1,""source_active_frames"":131,""source_end_frame"":347,""source_frames"":348,""source_inactive_frames"":217,""source_path"":""D:\\360Downloads\\123\\data\\Anti-UAV410\\annos\\test\\20190925_111757_1_10.txt"",""source_sha256"":""1c0bf72cd257afbc24df3275f019f4e780d406be4b5b1f471200f2822cad8aaa"",""source_start_frame"":71,""source_window_frames"":277,""task_id"":""AU-04"",""thermal_crossover"":1,""tiny_size"":0,""visibility_event_count"":1}]}",1,465.0,AU-02,1,1,1,3,{},0.7099041444548948,0.0,0.5,0.5868346984483691,0.6285755565307856,1.0,0.7099041444548948,0.0,0.5,0.5868346984483691,0.6285755565307856,1.0
anti_uav410,AU-L04-W07,public-trajectory-replay-v2,"{""event_window_version"":""anti-uav-event-window-v1"",""evidence_type"":""measured_image_plane_tracks_with_simulated_response_resources"",""fps"":null,""image_height"":512,""image_width"":640,""measured_dimensions"":[""apparent_size"",""image_plane_speed"",""visibility""],""motion_unit"":""normalized_image_diagonal_per_frame"",""protected_point"":[0.5,0.85],""source_files"":[""D:\\360Downloads\\123\\data\\Anti-UAV410\\annos\\test\\new21_train_newfix.txt"",""D:\\360Downloads\\123\\data\\Anti-UAV410\\annos\\test\\20190925_111757_1_4.txt"",""D:\\360Downloads\\123\\data\\Anti-UAV410\\annos\\test\\20190926_111509_1_6.txt"",""D:\\360Downloads\\123\\data\\Anti-UAV410\\annos\\test\\20190925_111757_1_10.txt""],""source_sha256"":[""9f8d4a687095adfcc2228a068008a77e8792654697493615a4885886dd53edb9"",""5e15675247687795d91627dd1c368d99ea2d4da489c6f545a2b0327291748374"",""cc8054e4a9e8875a4781dc478a9544ffbf89af76d5341cc2d84b214ebf22ad25"",""1c0bf72cd257afbc24df3275f019f4e780d406be4b5b1f471200f2822cad8aaa""],""synthetic_dimensions"":[""spatial_level"",""risk"",""response_window"",""multi_sequence_concurrency"",""resources""],""time_basis"":""frames"",""track_count"":4,""track_windows"":[{""dynamic_background_clutter"":1,""event_center_frame"":325,""fast_motion"":1,""inactive_frames_in_window"":0,""medium_size"":1,""normal_size"":0,""occlusion"":0,""offset_steps"":0,""out_of_view"":0,""requested_window_mode"":""motion"",""scale_variation"":1,""selected_window_mode"":""motion"",""small_size"":1,""source_active_frames"":1491,""source_end_frame"":444,""source_frames"":1491,""source_inactive_frames"":0,""source_path"":""D:\\360Downloads\\123\\data\\Anti-UAV410\\annos\\test\\new21_train_newfix.txt"",""source_sha256"":""9f8d4a687095adfcc2228a068008a77e8792654697493615a4885886dd53edb9"",""source_start_frame"":205,""source_window_frames"":240,""task_id"":""AU-01"",""thermal_crossover"":1,""tiny_size"":1,""visibility_event_count"":0},{""dynamic_background_clutter"":0,""event_center_frame"":823,""fast_motion"":0,""inactive_frames_in_window"":0,""medium_size"":1,""normal_size"":1,""occlusion"":0,""offset_steps"":1,""out_of_view"":0,""requested_window_mode"":""motion"",""scale_variation"":0,""selected_window_mode"":""motion"",""small_size"":0,""source_active_frames"":1000,""source_end_frame"":942,""source_frames"":1000,""source_inactive_frames"":0,""source_path"":""D:\\360Downloads\\123\\data\\Anti-UAV410\\annos\\test\\20190925_111757_1_4.txt"",""source_sha256"":""5e15675247687795d91627dd1c368d99ea2d4da489c6f545a2b0327291748374"",""source_start_frame"":703,""source_window_frames"":240,""task_id"":""AU-02"",""thermal_crossover"":1,""tiny_size"":0,""visibility_event_count"":0},{""dynamic_background_clutter"":0,""event_center_frame"":23,""fast_motion"":0,""inactive_frames_in_window"":0,""medium_size"":0,""normal_size"":1,""occlusion"":0,""offset_steps"":2,""out_of_view"":0,""requested_window_mode"":""motion"",""scale_variation"":0,""selected_window_mode"":""motion"",""small_size"":0,""source_active_frames"":1000,""source_end_frame"":239,""source_frames"":1000,""source_inactive_frames"":0,""source_path"":""D:\\360Downloads\\123\\data\\Anti-UAV410\\annos\\test\\20190926_111509_1_6.txt"",""source_sha256"":""cc8054e4a9e8875a4781dc478a9544ffbf89af76d5341cc2d84b214ebf22ad25"",""source_start_frame"":0,""source_window_frames"":240,""task_id"":""AU-03"",""thermal_crossover"":0,""tiny_size"":0,""visibility_event_count"":0},{""dynamic_background_clutter"":0,""event_center_frame"":239,""fast_motion"":0,""inactive_frames_in_window"":217,""medium_size"":1,""normal_size"":0,""occlusion"":0,""offset_steps"":3,""out_of_view"":1,""requested_window_mode"":""visibility"",""scale_variation"":0,""selected_window_mode"":""visibility"",""small_size"":1,""source_active_frames"":131,""source_end_frame"":347,""source_frames"":348,""source_inactive_frames"":217,""source_path"":""D:\\360Downloads\\123\\data\\Anti-UAV410\\annos\\test\\20190925_111757_1_10.txt"",""source_sha256"":""1c0bf72cd257afbc24df3275f019f4e780d406be4b5b1f471200f2822cad8aaa"",""source_start_frame"":71,""source_window_frames"":277,""task_id"":""AU-04"",""thermal_crossover"":1,""tiny_size"":0,""visibility_event_count"":1}]}",1,465.0,AU-03,0,0,1,3,{},0.0,0.0,0.5,0.0,0.35,1.0,0.0,0.0,0.5,0.0,0.35,1.0
anti_uav410,AU-L04-W07,public-trajectory-replay-v2,"{""event_window_version"":""anti-uav-event-window-v1"",""evidence_type"":""measured_image_plane_tracks_with_simulated_response_resources"",""fps"":null,""image_height"":512,""image_width"":640,""measured_dimensions"":[""apparent_size"",""image_plane_speed"",""visibility""],""motion_unit"":""normalized_image_diagonal_per_frame"",""protected_point"":[0.5,0.85],""source_files"":[""D:\\360Downloads\\123\\data\\Anti-UAV410\\annos\\test\\new21_train_newfix.txt"",""D:\\360Downloads\\123\\data\\Anti-UAV410\\annos\\test\\20190925_111757_1_4.txt"",""D:\\360Downloads\\123\\data\\Anti-UAV410\\annos\\test\\20190926_111509_1_6.txt"",""D:\\360Downloads\\123\\data\\Anti-UAV410\\annos\\test\\20190925_111757_1_10.txt""],""source_sha256"":[""9f8d4a687095adfcc2228a068008a77e8792654697493615a4885886dd53edb9"",""5e15675247687795d91627dd1c368d99ea2d4da489c6f545a2b0327291748374"",""cc8054e4a9e8875a4781dc478a9544ffbf89af76d5341cc2d84b214ebf22ad25"",""1c0bf72cd257afbc24df3275f019f4e780d406be4b5b1f471200f2822cad8aaa""],""synthetic_dimensions"":[""spatial_level"",""risk"",""response_window"",""multi_sequence_concurrency"",""resources""],""time_basis"":""frames"",""track_count"":4,""track_windows"":[{""dynamic_background_clutter"":1,""event_center_frame"":325,""fast_motion"":1,""inactive_frames_in_window"":0,""medium_size"":1,""normal_size"":0,""occlusion"":0,""offset_steps"":0,""out_of_view"":0,""requested_window_mode"":""motion"",""scale_variation"":1,""selected_window_mode"":""motion"",""small_size"":1,""source_active_frames"":1491,""source_end_frame"":444,""source_frames"":1491,""source_inactive_frames"":0,""source_path"":""D:\\360Downloads\\123\\data\\Anti-UAV410\\annos\\test\\new21_train_newfix.txt"",""source_sha256"":""9f8d4a687095adfcc2228a068008a77e8792654697493615a4885886dd53edb9"",""source_start_frame"":205,""source_window_frames"":240,""task_id"":""AU-01"",""thermal_crossover"":1,""tiny_size"":1,""visibility_event_count"":0},{""dynamic_background_clutter"":0,""event_center_frame"":823,""fast_motion"":0,""inactive_frames_in_window"":0,""medium_size"":1,""normal_size"":1,""occlusion"":0,""offset_steps"":1,""out_of_view"":0,""requested_window_mode"":""motion"",""scale_variation"":0,""selected_window_mode"":""motion"",""small_size"":0,""source_active_frames"":1000,""source_end_frame"":942,""source_frames"":1000,""source_inactive_frames"":0,""source_path"":""D:\\360Downloads\\123\\data\\Anti-UAV410\\annos\\test\\20190925_111757_1_4.txt"",""source_sha256"":""5e15675247687795d91627dd1c368d99ea2d4da489c6f545a2b0327291748374"",""source_start_frame"":703,""source_window_frames"":240,""task_id"":""AU-02"",""thermal_crossover"":1,""tiny_size"":0,""visibility_event_count"":0},{""dynamic_background_clutter"":0,""event_center_frame"":23,""fast_motion"":0,""inactive_frames_in_window"":0,""medium_size"":0,""normal_size"":1,""occlusion"":0,""offset_steps"":2,""out_of_view"":0,""requested_window_mode"":""motion"",""scale_variation"":0,""selected_window_mode"":""motion"",""small_size"":0,""source_active_frames"":1000,""source_end_frame"":239,""source_frames"":1000,""source_inactive_frames"":0,""source_path"":""D:\\360Downloads\\123\\data\\Anti-UAV410\\annos\\test\\20190926_111509_1_6.txt"",""source_sha256"":""cc8054e4a9e8875a4781dc478a9544ffbf89af76d5341cc2d84b214ebf22ad25"",""source_start_frame"":0,""source_window_frames"":240,""task_id"":""AU-03"",""thermal_crossover"":0,""tiny_size"":0,""visibility_event_count"":0},{""dynamic_background_clutter"":0,""event_center_frame"":239,""fast_motion"":0,""inactive_frames_in_window"":217,""medium_size"":1,""normal_size"":0,""occlusion"":0,""offset_steps"":3,""out_of_view"":1,""requested_window_mode"":""visibility"",""scale_variation"":0,""selected_window_mode"":""visibility"",""small_size"":1,""source_active_frames"":131,""source_end_frame"":347,""source_frames"":348,""source_inactive_frames"":217,""source_path"":""D:\\360Downloads\\123\\data\\Anti-UAV410\\annos\\test\\20190925_111757_1_10.txt"",""source_sha256"":""1c0bf72cd257afbc24df3275f019f4e780d406be4b5b1f471200f2822cad8aaa"",""source_start_frame"":71,""source_window_frames"":277,""task_id"":""AU-04"",""thermal_crossover"":1,""tiny_size"":0,""visibility_event_count"":1}]}",1,465.0,AU-04,0,0,1,3,{},0.0,0.0,0.5,0.0,0.35,1.0,0.0,0.0,0.5,0.0,0.35,1.0
anti_uav410,AU-L04-W07,public-trajectory-replay-v2,"{""event_window_version"":""anti-uav-event-window-v1"",""evidence_type"":""measured_image_plane_tracks_with_simulated_response_resources"",""fps"":null,""image_height"":512,""image_width"":640,""measured_dimensions"":[""apparent_size"",""image_plane_speed"",""visibility""],""motion_unit"":""normalized_image_diagonal_per_frame"",""protected_point"":[0.5,0.85],""source_files"":[""D:\\360Downloads\\123\\data\\Anti-UAV410\\annos\\test\\new21_train_newfix.txt"",""D:\\360Downloads\\123\\data\\Anti-UAV410\\annos\\test\\20190925_111757_1_4.txt"",""D:\\360Downloads\\123\\data\\Anti-UAV410\\annos\\test\\20190926_111509_1_6.txt"",""D:\\360Downloads\\123\\data\\Anti-UAV410\\annos\\test\\20190925_111757_1_10.txt""],""source_sha256"":[""9f8d4a687095adfcc2228a068008a77e8792654697493615a4885886dd53edb9"",""5e15675247687795d91627dd1c368d99ea2d4da489c6f545a2b0327291748374"",""cc8054e4a9e8875a4781dc478a9544ffbf89af76d5341cc2d84b214ebf22ad25"",""1c0bf72cd257afbc24df3275f019f4e780d406be4b5b1f471200f2822cad8aaa""],""synthetic_dimensions"":[""spatial_level"",""risk"",""response_window"",""multi_sequence_concurrency"",""resources""],""time_basis"":""frames"",""track_count"":4,""track_windows"":[{""dynamic_background_clutter"":1,""event_center_frame"":325,""fast_motion"":1,""inactive_frames_in_window"":0,""medium_size"":1,""normal_size"":0,""occlusion"":0,""offset_steps"":0,""out_of_view"":0,""requested_window_mode"":""motion"",""scale_variation"":1,""selected_window_mode"":""motion"",""small_size"":1,""source_active_frames"":1491,""source_end_frame"":444,""source_frames"":1491,""source_inactive_frames"":0,""source_path"":""D:\\360Downloads\\123\\data\\Anti-UAV410\\annos\\test\\new21_train_newfix.txt"",""source_sha256"":""9f8d4a687095adfcc2228a068008a77e8792654697493615a4885886dd53edb9"",""source_start_frame"":205,""source_window_frames"":240,""task_id"":""AU-01"",""thermal_crossover"":1,""tiny_size"":1,""visibility_event_count"":0},{""dynamic_background_clutter"":0,""event_center_frame"":823,""fast_motion"":0,""inactive_frames_in_window"":0,""medium_size"":1,""normal_size"":1,""occlusion"":0,""offset_steps"":1,""out_of_view"":0,""requested_window_mode"":""motion"",""scale_variation"":0,""selected_window_mode"":""motion"",""small_size"":0,""source_active_frames"":1000,""source_end_frame"":942,""source_frames"":1000,""source_inactive_frames"":0,""source_path"":""D:\\360Downloads\\123\\data\\Anti-UAV410\\annos\\test\\20190925_111757_1_4.txt"",""source_sha256"":""5e15675247687795d91627dd1c368d99ea2d4da489c6f545a2b0327291748374"",""source_start_frame"":703,""source_window_frames"":240,""task_id"":""AU-02"",""thermal_crossover"":1,""tiny_size"":0,""visibility_event_count"":0},{""dynamic_background_clutter"":0,""event_center_frame"":23,""fast_motion"":0,""inactive_frames_in_window"":0,""medium_size"":0,""normal_size"":1,""occlusion"":0,""offset_steps"":2,""out_of_view"":0,""requested_window_mode"":""motion"",""scale_variation"":0,""selected_window_mode"":""motion"",""small_size"":0,""source_active_frames"":1000,""source_end_frame"":239,""source_frames"":1000,""source_inactive_frames"":0,""source_path"":""D:\\360Downloads\\123\\data\\Anti-UAV410\\annos\\test\\20190926_111509_1_6.txt"",""source_sha256"":""cc8054e4a9e8875a4781dc478a9544ffbf89af76d5341cc2d84b214ebf22ad25"",""source_start_frame"":0,""source_window_frames"":240,""task_id"":""AU-03"",""thermal_crossover"":0,""tiny_size"":0,""visibility_event_count"":0},{""dynamic_background_clutter"":0,""event_center_frame"":239,""fast_motion"":0,""inactive_frames_in_window"":217,""medium_size"":1,""normal_size"":0,""occlusion"":0,""offset_steps"":3,""out_of_view"":1,""requested_window_mode"":""visibility"",""scale_variation"":0,""selected_window_mode"":""visibility"",""small_size"":1,""source_active_frames"":131,""source_end_frame"":347,""source_frames"":348,""source_inactive_frames"":217,""source_path"":""D:\\360Downloads\\123\\data\\Anti-UAV410\\annos\\test\\20190925_111757_1_10.txt"",""source_sha256"":""1c0bf72cd257afbc24df3275f019f4e780d406be4b5b1f471200f2822cad8aaa"",""source_start_frame"":71,""source_window_frames"":277,""task_id"":""AU-04"",""thermal_crossover"":1,""tiny_size"":0,""visibility_event_count"":1}]}",2,325.0,AU-01,1,1,1,3,{},0.2324683733249626,0.029150873085742744,0.5,0.5255062690371874,0.6245347554495104,1.0,0.2324683733249626,0.029150873085742744,0.5,0.5255062690371874,0.6245347554495104,1.0
anti_uav410,AU-L04-W07,public-trajectory-replay-v2,"{""event_window_version"":""anti-uav-event-window-v1"",""evidence_type"":""measured_image_plane_tracks_with_simulated_response_resources"",""fps"":null,""image_height"":512,""image_width"":640,""measured_dimensions"":[""apparent_size"",""image_plane_speed"",""visibility""],""motion_unit"":""normalized_image_diagonal_per_frame"",""protected_point"":[0.5,0.85],""source_files"":[""D:\\360Downloads\\123\\data\\Anti-UAV410\\annos\\test\\new21_train_newfix.txt"",""D:\\360Downloads\\123\\data\\Anti-UAV410\\annos\\test\\20190925_111757_1_4.txt"",""D:\\360Downloads\\123\\data\\Anti-UAV410\\annos\\test\\20190926_111509_1_6.txt"",""D:\\360Downloads\\123\\data\\Anti-UAV410\\annos\\test\\20190925_111757_1_10.txt""],""source_sha256"":[""9f8d4a687095adfcc2228a068008a77e8792654697493615a4885886dd53edb9"",""5e15675247687795d91627dd1c368d99ea2d4da489c6f545a2b0327291748374"",""cc8054e4a9e8875a4781dc478a9544ffbf89af76d5341cc2d84b214ebf22ad25"",""1c0bf72cd257afbc24df3275f019f4e780d406be4b5b1f471200f2822cad8aaa""],""synthetic_dimensions"":[""spatial_level"",""risk"",""response_window"",""multi_sequence_concurrency"",""resources""],""time_basis"":""frames"",""track_count"":4,""track_windows"":[{""dynamic_background_clutter"":1,""event_center_frame"":325,""fast_motion"":1,""inactive_frames_in_window"":0,""medium_size"":1,""normal_size"":0,""occlusion"":0,""offset_steps"":0,""out_of_view"":0,""requested_window_mode"":""motion"",""scale_variation"":1,""selected_window_mode"":""motion"",""small_size"":1,""source_active_frames"":1491,""source_end_frame"":444,""source_frames"":1491,""source_inactive_frames"":0,""source_path"":""D:\\360Downloads\\123\\data\\Anti-UAV410\\annos\\test\\new21_train_newfix.txt"",""source_sha256"":""9f8d4a687095adfcc2228a068008a77e8792654697493615a4885886dd53edb9"",""source_start_frame"":205,""source_window_frames"":240,""task_id"":""AU-01"",""thermal_crossover"":1,""tiny_size"":1,""visibility_event_count"":0},{""dynamic_background_clutter"":0,""event_center_frame"":823,""fast_motion"":0,""inactive_frames_in_window"":0,""medium_size"":1,""normal_size"":1,""occlusion"":0,""offset_steps"":1,""out_of_view"":0,""requested_window_mode"":""motion"",""scale_variation"":0,""selected_window_mode"":""motion"",""small_size"":0,""source_active_frames"":1000,""source_end_frame"":942,""source_frames"":1000,""source_inactive_frames"":0,""source_path"":""D:\\360Downloads\\123\\data\\Anti-UAV410\\annos\\test\\20190925_111757_1_4.txt"",""source_sha256"":""5e15675247687795d91627dd1c368d99ea2d4da489c6f545a2b0327291748374"",""source_start_frame"":703,""source_window_frames"":240,""task_id"":""AU-02"",""thermal_crossover"":1,""tiny_size"":0,""visibility_event_count"":0},{""dynamic_background_clutter"":0,""event_center_frame"":23,""fast_motion"":0,""inactive_frames_in_window"":0,""medium_size"":0,""normal_size"":1,""occlusion"":0,""offset_steps"":2,""out_of_view"":0,""requested_window_mode"":""motion"",""scale_variation"":0,""selected_window_mode"":""motion"",""small_size"":0,""source_active_frames"":1000,""source_end_frame"":239,""source_frames"":1000,""source_inactive_frames"":0,""source_path"":""D:\\360Downloads\\123\\data\\Anti-UAV410\\annos\\test\\20190926_111509_1_6.txt"",""source_sha256"":""cc8054e4a9e8875a4781dc478a9544ffbf89af76d5341cc2d84b214ebf22ad25"",""source_start_frame"":0,""source_window_frames"":240,""task_id"":""AU-03"",""thermal_crossover"":0,""tiny_size"":0,""visibility_event_count"":0},{""dynamic_background_clutter"":0,""event_center_frame"":239,""fast_motion"":0,""inactive_frames_in_window"":217,""medium_size"":1,""normal_size"":0,""occlusion"":0,""offset_steps"":3,""out_of_view"":1,""requested_window_mode"":""visibility"",""scale_variation"":0,""selected_window_mode"":""visibility"",""small_size"":1,""source_active_frames"":131,""source_end_frame"":347,""source_frames"":348,""source_inactive_frames"":217,""source_path"":""D:\\360Downloads\\123\\data\\Anti-UAV410\\annos\\test\\20190925_111757_1_10.txt"",""source_sha256"":""1c0bf72cd257afbc24df3275f019f4e780d406be4b5b1f471200f2822cad8aaa"",""source_start_frame"":71,""source_window_frames"":277,""task_id"":""AU-04"",""thermal_crossover"":1,""tiny_size"":0,""visibility_event_count"":1}]}",2,325.0,AU-02,1,1,1,3,{},0.6618567841076126,0.23596305528862532,0.5,0.3079914846699592,0.6743833071112874,0.4071463335782353,0.6618567841076126,0.23596305528862532,0.5,0.3079914846699592,0.6743833071112874,0.4071463335782353
anti_uav410,AU-L04-W07,public-trajectory-replay-v2,"{""event_window_version"":""anti-uav-event-window-v1"",""evidence_type"":""measured_image_plane_tracks_with_simulated_response_resources"",""fps"":null,""image_height"":512,""image_width"":640,""measured_dimensions"":[""apparent_size"",""image_plane_speed"",""visibility""],""motion_unit"":""normalized_image_diagonal_per_frame"",""protected_point"":[0.5,0.85],""source_files"":[""D:\\360Downloads\\123\\data\\Anti-UAV410\\annos\\test\\new21_train_newfix.txt"",""D:\\360Downloads\\123\\data\\Anti-UAV410\\annos\\test\\20190925_111757_1_4.txt"",""D:\\360Downloads\\123\\data\\Anti-UAV410\\annos\\test\\20190926_111509_1_6.txt"",""D:\\360Downloads\\123\\data\\Anti-UAV410\\annos\\test\\20190925_111757_1_10.txt""],""source_sha256"":[""9f8d4a687095adfcc2228a068008a77e8792654697493615a4885886dd53edb9"",""5e15675247687795d91627dd1c368d99ea2d4da489c6f545a2b0327291748374"",""cc8054e4a9e8875a4781dc478a9544ffbf89af76d5341cc2d84b214ebf22ad25"",""1c0bf72cd257afbc24df3275f019f4e780d406be4b5b1f471200f2822cad8aaa""],""synthetic_dimensions"":[""spatial_level"",""risk"",""response_window"",""multi_sequence_concurrency"",""resources""],""time_basis"":""frames"",""track_count"":4,""track_windows"":[{""dynamic_background_clutter"":1,""event_center_frame"":325,""fast_motion"":1,""inactive_frames_in_window"":0,""medium_size"":1,""normal_size"":0,""occlusion"":0,""offset_steps"":0,""out_of_view"":0,""requested_window_mode"":""motion"",""scale_variation"":1,""selected_window_mode"":""motion"",""small_size"":1,""source_active_frames"":1491,""source_end_frame"":444,""source_frames"":1491,""source_inactive_frames"":0,""source_path"":""D:\\360Downloads\\123\\data\\Anti-UAV410\\annos\\test\\new21_train_newfix.txt"",""source_sha256"":""9f8d4a687095adfcc2228a068008a77e8792654697493615a4885886dd53edb9"",""source_start_frame"":205,""source_window_frames"":240,""task_id"":""AU-01"",""thermal_crossover"":1,""tiny_size"":1,""visibility_event_count"":0},{""dynamic_background_clutter"":0,""event_center_frame"":823,""fast_motion"":0,""inactive_frames_in_window"":0,""medium_size"":1,""normal_size"":1,""occlusion"":0,""offset_steps"":1,""out_of_view"":0,""requested_window_mode"":""motion"",""scale_variation"":0,""selected_window_mode"":""motion"",""small_size"":0,""source_active_frames"":1000,""source_end_frame"":942,""source_frames"":1000,""source_inactive_frames"":0,""source_path"":""D:\\360Downloads\\123\\data\\Anti-UAV410\\annos\\test\\20190925_111757_1_4.txt"",""source_sha256"":""5e15675247687795d91627dd1c368d99ea2d4da489c6f545a2b0327291748374"",""source_start_frame"":703,""source_window_frames"":240,""task_id"":""AU-02"",""thermal_crossover"":1,""tiny_size"":0,""visibility_event_count"":0},{""dynamic_background_clutter"":0,""event_center_frame"":23,""fast_motion"":0,""inactive_frames_in_window"":0,""medium_size"":0,""normal_size"":1,""occlusion"":0,""offset_steps"":2,""out_of_view"":0,""requested_window_mode"":""motion"",""scale_variation"":0,""selected_window_mode"":""motion"",""small_size"":0,""source_active_frames"":1000,""source_end_frame"":239,""source_frames"":1000,""source_inactive_frames"":0,""source_path"":""D:\\360Downloads\\123\\data\\Anti-UAV410\\annos\\test\\20190926_111509_1_6.txt"",""source_sha256"":""cc8054e4a9e8875a4781dc478a9544ffbf89af76d5341cc2d84b214ebf22ad25"",""source_start_frame"":0,""source_window_frames"":240,""task_id"":""AU-03"",""thermal_crossover"":0,""tiny_size"":0,""visibility_event_count"":0},{""dynamic_background_clutter"":0,""event_center_frame"":239,""fast_motion"":0,""inactive_frames_in_window"":217,""medium_size"":1,""normal_size"":0,""occlusion"":0,""offset_steps"":3,""out_of_view"":1,""requested_window_mode"":""visibility"",""scale_variation"":0,""selected_window_mode"":""visibility"",""small_size"":1,""source_active_frames"":131,""source_end_frame"":347,""source_frames"":348,""source_inactive_frames"":217,""source_path"":""D:\\360Downloads\\123\\data\\Anti-UAV410\\annos\\test\\20190925_111757_1_10.txt"",""source_sha256"":""1c0bf72cd257afbc24df3275f019f4e780d406be4b5b1f471200f2822cad8aaa"",""source_start_frame"":71,""source_window_frames"":277,""task_id"":""AU-04"",""thermal_crossover"":1,""tiny_size"":0,""visibility_event_count"":1}]}",2,325.0,AU-03,1,1,1,3,{},0.8430926741239413,0.0,0.5,0.5386701201582504,0.6443105562509017,1.0,0.8430926741239413,0.0,0.5,0.5386701201582504,0.6443105562509017,1.0
anti_uav410,AU-L04-W07,public-trajectory-replay-v2,"{""event_window_version"":""anti-uav-event-window-v1"",""evidence_type"":""measured_image_plane_tracks_with_simulated_response_resources"",""fps"":null,""image_height"":512,""image_width"":640,""measured_dimensions"":[""apparent_size"",""image_plane_speed"",""visibility""],""motion_unit"":""normalized_image_diagonal_per_frame"",""protected_point"":[0.5,0.85],""source_files"":[""D:\\360Downloads\\123\\data\\Anti-UAV410\\annos\\test\\new21_train_newfix.txt"",""D:\\360Downloads\\123\\data\\Anti-UAV410\\annos\\test\\20190925_111757_1_4.txt"",""D:\\360Downloads\\123\\data\\Anti-UAV410\\annos\\test\\20190926_111509_1_6.txt"",""D:\\360Downloads\\123\\data\\Anti-UAV410\\annos\\test\\20190925_111757_1_10.txt""],""source_sha256"":[""9f8d4a687095adfcc2228a068008a77e8792654697493615a4885886dd53edb9"",""5e15675247687795d91627dd1c368d99ea2d4da489c6f545a2b0327291748374"",""cc8054e4a9e8875a4781dc478a9544ffbf89af76d5341cc2d84b214ebf22ad25"",""1c0bf72cd257afbc24df3275f019f4e780d406be4b5b1f471200f2822cad8aaa""],""synthetic_dimensions"":[""spatial_level"",""risk"",""response_window"",""multi_sequence_concurrency"",""resources""],""time_basis"":""frames"",""track_count"":4,""track_windows"":[{""dynamic_background_clutter"":1,""event_center_frame"":325,""fast_motion"":1,""inactive_frames_in_window"":0,""medium_size"":1,""normal_size"":0,""occlusion"":0,""offset_steps"":0,""out_of_view"":0,""requested_window_mode"":""motion"",""scale_variation"":1,""selected_window_mode"":""motion"",""small_size"":1,""source_active_frames"":1491,""source_end_frame"":444,""source_frames"":1491,""source_inactive_frames"":0,""source_path"":""D:\\360Downloads\\123\\data\\Anti-UAV410\\annos\\test\\new21_train_newfix.txt"",""source_sha256"":""9f8d4a687095adfcc2228a068008a77e8792654697493615a4885886dd53edb9"",""source_start_frame"":205,""source_window_frames"":240,""task_id"":""AU-01"",""thermal_crossover"":1,""tiny_size"":1,""visibility_event_count"":0},{""dynamic_background_clutter"":0,""event_center_frame"":823,""fast_motion"":0,""inactive_frames_in_window"":0,""medium_size"":1,""normal_size"":1,""occlusion"":0,""offset_steps"":1,""out_of_view"":0,""requested_window_mode"":""motion"",""scale_variation"":0,""selected_window_mode"":""motion"",""small_size"":0,""source_active_frames"":1000,""source_end_frame"":942,""source_frames"":1000,""source_inactive_frames"":0,""source_path"":""D:\\360Downloads\\123\\data\\Anti-UAV410\\annos\\test\\20190925_111757_1_4.txt"",""source_sha256"":""5e15675247687795d91627dd1c368d99ea2d4da489c6f545a2b0327291748374"",""source_start_frame"":703,""source_window_frames"":240,""task_id"":""AU-02"",""thermal_crossover"":1,""tiny_size"":0,""visibility_event_count"":0},{""dynamic_background_clutter"":0,""event_center_frame"":23,""fast_motion"":0,""inactive_frames_in_window"":0,""medium_size"":0,""normal_size"":1,""occlusion"":0,""offset_steps"":2,""out_of_view"":0,""requested_window_mode"":""motion"",""scale_variation"":0,""selected_window_mode"":""motion"",""small_size"":0,""source_active_frames"":1000,""source_end_frame"":239,""source_frames"":1000,""source_inactive_frames"":0,""source_path"":""D:\\360Downloads\\123\\data\\Anti-UAV410\\annos\\test\\20190926_111509_1_6.txt"",""source_sha256"":""cc8054e4a9e8875a4781dc478a9544ffbf89af76d5341cc2d84b214ebf22ad25"",""source_start_frame"":0,""source_window_frames"":240,""task_id"":""AU-03"",""thermal_crossover"":0,""tiny_size"":0,""visibility_event_count"":0},{""dynamic_background_clutter"":0,""event_center_frame"":239,""fast_motion"":0,""inactive_frames_in_window"":217,""medium_size"":1,""normal_size"":0,""occlusion"":0,""offset_steps"":3,""out_of_view"":1,""requested_window_mode"":""visibility"",""scale_variation"":0,""selected_window_mode"":""visibility"",""small_size"":1,""source_active_frames"":131,""source_end_frame"":347,""source_frames"":348,""source_inactive_frames"":217,""source_path"":""D:\\360Downloads\\123\\data\\Anti-UAV410\\annos\\test\\20190925_111757_1_10.txt"",""source_sha256"":""1c0bf72cd257afbc24df3275f019f4e780d406be4b5b1f471200f2822cad8aaa"",""source_start_frame"":71,""source_window_frames"":277,""task_id"":""AU-04"",""thermal_crossover"":1,""tiny_size"":0,""visibility_event_count"":1}]}",2,325.0,AU-04,0,0,1,3,{},0.0,0.0,0.5,0.0,0.35,1.0,0.0,0.0,0.5,0.0,0.35,1.0
anti_uav410,AU-L04-W07,public-trajectory-replay-v2,"{""event_window_version"":""anti-uav-event-window-v1"",""evidence_type"":""measured_image_plane_tracks_with_simulated_response_resources"",""fps"":null,""image_height"":512,""image_width"":640,""measured_dimensions"":[""apparent_size"",""image_plane_speed"",""visibility""],""motion_unit"":""normalized_image_diagonal_per_frame"",""protected_point"":[0.5,0.85],""source_files"":[""D:\\360Downloads\\123\\data\\Anti-UAV410\\annos\\test\\new21_train_newfix.txt"",""D:\\360Downloads\\123\\data\\Anti-UAV410\\annos\\test\\20190925_111757_1_4.txt"",""D:\\360Downloads\\123\\data\\Anti-UAV410\\annos\\test\\20190926_111509_1_6.txt"",""D:\\360Downloads\\123\\data\\Anti-UAV410\\annos\\test\\20190925_111757_1_10.txt""],""source_sha256"":[""9f8d4a687095adfcc2228a068008a77e8792654697493615a4885886dd53edb9"",""5e15675247687795d91627dd1c368d99ea2d4da489c6f545a2b0327291748374"",""cc8054e4a9e8875a4781dc478a9544ffbf89af76d5341cc2d84b214ebf22ad25"",""1c0bf72cd257afbc24df3275f019f4e780d406be4b5b1f471200f2822cad8aaa""],""synthetic_dimensions"":[""spatial_level"",""risk"",""response_window"",""multi_sequence_concurrency"",""resources""],""time_basis"":""frames"",""track_count"":4,""track_windows"":[{""dynamic_background_clutter"":1,""event_center_frame"":325,""fast_motion"":1,""inactive_frames_in_window"":0,""medium_size"":1,""normal_size"":0,""occlusion"":0,""offset_steps"":0,""out_of_view"":0,""requested_window_mode"":""motion"",""scale_variation"":1,""selected_window_mode"":""motion"",""small_size"":1,""source_active_frames"":1491,""source_end_frame"":444,""source_frames"":1491,""source_inactive_frames"":0,""source_path"":""D:\\360Downloads\\123\\data\\Anti-UAV410\\annos\\test\\new21_train_newfix.txt"",""source_sha256"":""9f8d4a687095adfcc2228a068008a77e8792654697493615a4885886dd53edb9"",""source_start_frame"":205,""source_window_frames"":240,""task_id"":""AU-01"",""thermal_crossover"":1,""tiny_size"":1,""visibility_event_count"":0},{""dynamic_background_clutter"":0,""event_center_frame"":823,""fast_motion"":0,""inactive_frames_in_window"":0,""medium_size"":1,""normal_size"":1,""occlusion"":0,""offset_steps"":1,""out_of_view"":0,""requested_window_mode"":""motion"",""scale_variation"":0,""selected_window_mode"":""motion"",""small_size"":0,""source_active_frames"":1000,""source_end_frame"":942,""source_frames"":1000,""source_inactive_frames"":0,""source_path"":""D:\\360Downloads\\123\\data\\Anti-UAV410\\annos\\test\\20190925_111757_1_4.txt"",""source_sha256"":""5e15675247687795d91627dd1c368d99ea2d4da489c6f545a2b0327291748374"",""source_start_frame"":703,""source_window_frames"":240,""task_id"":""AU-02"",""thermal_crossover"":1,""tiny_size"":0,""visibility_event_count"":0},{""dynamic_background_clutter"":0,""event_center_frame"":23,""fast_motion"":0,""inactive_frames_in_window"":0,""medium_size"":0,""normal_size"":1,""occlusion"":0,""offset_steps"":2,""out_of_view"":0,""requested_window_mode"":""motion"",""scale_variation"":0,""selected_window_mode"":""motion"",""small_size"":0,""source_active_frames"":1000,""source_end_frame"":239,""source_frames"":1000,""source_inactive_frames"":0,""source_path"":""D:\\360Downloads\\123\\data\\Anti-UAV410\\annos\\test\\20190926_111509_1_6.txt"",""source_sha256"":""cc8054e4a9e8875a4781dc478a9544ffbf89af76d5341cc2d84b214ebf22ad25"",""source_start_frame"":0,""source_window_frames"":240,""task_id"":""AU-03"",""thermal_crossover"":0,""tiny_size"":0,""visibility_event_count"":0},{""dynamic_background_clutter"":0,""event_center_frame"":239,""fast_motion"":0,""inactive_frames_in_window"":217,""medium_size"":1,""normal_size"":0,""occlusion"":0,""offset_steps"":3,""out_of_view"":1,""requested_window_mode"":""visibility"",""scale_variation"":0,""selected_window_mode"":""visibility"",""small_size"":1,""source_active_frames"":131,""source_end_frame"":347,""source_frames"":348,""source_inactive_frames"":217,""source_path"":""D:\\360Downloads\\123\\data\\Anti-UAV410\\annos\\test\\20190925_111757_1_10.txt"",""source_sha256"":""1c0bf72cd257afbc24df3275f019f4e780d406be4b5b1f471200f2822cad8aaa"",""source_start_frame"":71,""source_window_frames"":277,""task_id"":""AU-04"",""thermal_crossover"":1,""tiny_size"":0,""visibility_event_count"":1}]}",3,279.75,AU-01,1,1,1,3,{},0.25382276939606674,0.019743566620747135,0.5,0.3888671566292962,0.6047082650212013,1.0,0.25382276939606674,0.019743566620747135,0.5,0.3888671566292962,0.6047082650212013,1.0
anti_uav410,AU-L04-W07,public-trajectory-replay-v2,"{""event_window_version"":""anti-uav-event-window-v1"",""evidence_type"":""measured_image_plane_tracks_with_simulated_response_resources"",""fps"":null,""image_height"":512,""image_width"":640,""measured_dimensions"":[""apparent_size"",""image_plane_speed"",""visibility""],""motion_unit"":""normalized_image_diagonal_per_frame"",""protected_point"":[0.5,0.85],""source_files"":[""D:\\360Downloads\\123\\data\\Anti-UAV410\\annos\\test\\new21_train_newfix.txt"",""D:\\360Downloads\\123\\data\\Anti-UAV410\\annos\\test\\20190925_111757_1_4.txt"",""D:\\360Downloads\\123\\data\\Anti-UAV410\\annos\\test\\20190926_111509_1_6.txt"",""D:\\360Downloads\\123\\data\\Anti-UAV410\\annos\\test\\20190925_111757_1_10.txt""],""source_sha256"":[""9f8d4a687095adfcc2228a068008a77e8792654697493615a4885886dd53edb9"",""5e15675247687795d91627dd1c368d99ea2d4da489c6f545a2b0327291748374"",""cc8054e4a9e8875a4781dc478a9544ffbf89af76d5341cc2d84b214ebf22ad25"",""1c0bf72cd257afbc24df3275f019f4e780d406be4b5b1f471200f2822cad8aaa""],""synthetic_dimensions"":[""spatial_level"",""risk"",""response_window"",""multi_sequence_concurrency"",""resources""],""time_basis"":""frames"",""track_count"":4,""track_windows"":[{""dynamic_background_clutter"":1,""event_center_frame"":325,""fast_motion"":1,""inactive_frames_in_window"":0,""medium_size"":1,""normal_size"":0,""occlusion"":0,""offset_steps"":0,""out_of_view"":0,""requested_window_mode"":""motion"",""scale_variation"":1,""selected_window_mode"":""motion"",""small_size"":1,""source_active_frames"":1491,""source_end_frame"":444,""source_frames"":1491,""source_inactive_frames"":0,""source_path"":""D:\\360Downloads\\123\\data\\Anti-UAV410\\annos\\test\\new21_train_newfix.txt"",""source_sha256"":""9f8d4a687095adfcc2228a068008a77e8792654697493615a4885886dd53edb9"",""source_start_frame"":205,""source_window_frames"":240,""task_id"":""AU-01"",""thermal_crossover"":1,""tiny_size"":1,""visibility_event_count"":0},{""dynamic_background_clutter"":0,""event_center_frame"":823,""fast_motion"":0,""inactive_frames_in_window"":0,""medium_size"":1,""normal_size"":1,""occlusion"":0,""offset_steps"":1,""out_of_view"":0,""requested_window_mode"":""motion"",""scale_variation"":0,""selected_window_mode"":""motion"",""small_size"":0,""source_active_frames"":1000,""source_end_frame"":942,""source_frames"":1000,""source_inactive_frames"":0,""source_path"":""D:\\360Downloads\\123\\data\\Anti-UAV410\\annos\\test\\20190925_111757_1_4.txt"",""source_sha256"":""5e15675247687795d91627dd1c368d99ea2d4da489c6f545a2b0327291748374"",""source_start_frame"":703,""source_window_frames"":240,""task_id"":""AU-02"",""thermal_crossover"":1,""tiny_size"":0,""visibility_event_count"":0},{""dynamic_background_clutter"":0,""event_center_frame"":23,""fast_motion"":0,""inactive_frames_in_window"":0,""medium_size"":0,""normal_size"":1,""occlusion"":0,""offset_steps"":2,""out_of_view"":0,""requested_window_mode"":""motion"",""scale_variation"":0,""selected_window_mode"":""motion"",""small_size"":0,""source_active_frames"":1000,""source_end_frame"":239,""source_frames"":1000,""source_inactive_frames"":0,""source_path"":""D:\\360Downloads\\123\\data\\Anti-UAV410\\annos\\test\\20190926_111509_1_6.txt"",""source_sha256"":""cc8054e4a9e8875a4781dc478a9544ffbf89af76d5341cc2d84b214ebf22ad25"",""source_start_frame"":0,""source_window_frames"":240,""task_id"":""AU-03"",""thermal_crossover"":0,""tiny_size"":0,""visibility_event_count"":0},{""dynamic_background_clutter"":0,""event_center_frame"":239,""fast_motion"":0,""inactive_frames_in_window"":217,""medium_size"":1,""normal_size"":0,""occlusion"":0,""offset_steps"":3,""out_of_view"":1,""requested_window_mode"":""visibility"",""scale_variation"":0,""selected_window_mode"":""visibility"",""small_size"":1,""source_active_frames"":131,""source_end_frame"":347,""source_frames"":348,""source_inactive_frames"":217,""source_path"":""D:\\360Downloads\\123\\data\\Anti-UAV410\\annos\\test\\20190925_111757_1_10.txt"",""source_sha256"":""1c0bf72cd257afbc24df3275f019f4e780d406be4b5b1f471200f2822cad8aaa"",""source_start_frame"":71,""source_window_frames"":277,""task_id"":""AU-04"",""thermal_crossover"":1,""tiny_size"":0,""visibility_event_count"":1}]}",3,279.75,AU-02,1,1,1,3,{},0.6893052569045013,0.05192934617467298,0.5,0.5345186257595773,0.6486326394392052,1.0,0.6893052569045013,0.05192934617467298,0.5,0.5345186257595773,0.6486326394392052,1.0
anti_uav410,AU-L04-W07,public-trajectory-replay-v2,"{""event_window_version"":""anti-uav-event-window-v1"",""evidence_type"":""measured_image_plane_tracks_with_simulated_response_resources"",""fps"":null,""image_height"":512,""image_width"":640,""measured_dimensions"":[""apparent_size"",""image_plane_speed"",""visibility""],""motion_unit"":""normalized_image_diagonal_per_frame"",""protected_point"":[0.5,0.85],""source_files"":[""D:\\360Downloads\\123\\data\\Anti-UAV410\\annos\\test\\new21_train_newfix.txt"",""D:\\360Downloads\\123\\data\\Anti-UAV410\\annos\\test\\20190925_111757_1_4.txt"",""D:\\360Downloads\\123\\data\\Anti-UAV410\\annos\\test\\20190926_111509_1_6.txt"",""D:\\360Downloads\\123\\data\\Anti-UAV410\\annos\\test\\20190925_111757_1_10.txt""],""source_sha256"":[""9f8d4a687095adfcc2228a068008a77e8792654697493615a4885886dd53edb9"",""5e15675247687795d91627dd1c368d99ea2d4da489c6f545a2b0327291748374"",""cc8054e4a9e8875a4781dc478a9544ffbf89af76d5341cc2d84b214ebf22ad25"",""1c0bf72cd257afbc24df3275f019f4e780d406be4b5b1f471200f2822cad8aaa""],""synthetic_dimensions"":[""spatial_level"",""risk"",""response_window"",""multi_sequence_concurrency"",""resources""],""time_basis"":""frames"",""track_count"":4,""track_windows"":[{""dynamic_background_clutter"":1,""event_center_frame"":325,""fast_motion"":1,""inactive_frames_in_window"":0,""medium_size"":1,""normal_size"":0,""occlusion"":0,""offset_steps"":0,""out_of_view"":0,""requested_window_mode"":""motion"",""scale_variation"":1,""selected_window_mode"":""motion"",""small_size"":1,""source_active_frames"":1491,""source_end_frame"":444,""source_frames"":1491,""source_inactive_frames"":0,""source_path"":""D:\\360Downloads\\123\\data\\Anti-UAV410\\annos\\test\\new21_train_newfix.txt"",""source_sha256"":""9f8d4a687095adfcc2228a068008a77e8792654697493615a4885886dd53edb9"",""source_start_frame"":205,""source_window_frames"":240,""task_id"":""AU-01"",""thermal_crossover"":1,""tiny_size"":1,""visibility_event_count"":0},{""dynamic_background_clutter"":0,""event_center_frame"":823,""fast_motion"":0,""inactive_frames_in_window"":0,""medium_size"":1,""normal_size"":1,""occlusion"":0,""offset_steps"":1,""out_of_view"":0,""requested_window_mode"":""motion"",""scale_variation"":0,""selected_window_mode"":""motion"",""small_size"":0,""source_active_frames"":1000,""source_end_frame"":942,""source_frames"":1000,""source_inactive_frames"":0,""source_path"":""D:\\360Downloads\\123\\data\\Anti-UAV410\\annos\\test\\20190925_111757_1_4.txt"",""source_sha256"":""5e15675247687795d91627dd1c368d99ea2d4da489c6f545a2b0327291748374"",""source_start_frame"":703,""source_window_frames"":240,""task_id"":""AU-02"",""thermal_crossover"":1,""tiny_size"":0,""visibility_event_count"":0},{""dynamic_background_clutter"":0,""event_center_frame"":23,""fast_motion"":0,""inactive_frames_in_window"":0,""medium_size"":0,""normal_size"":1,""occlusion"":0,""offset_steps"":2,""out_of_view"":0,""requested_window_mode"":""motion"",""scale_variation"":0,""selected_window_mode"":""motion"",""small_size"":0,""source_active_frames"":1000,""source_end_frame"":239,""source_frames"":1000,""source_inactive_frames"":0,""source_path"":""D:\\360Downloads\\123\\data\\Anti-UAV410\\annos\\test\\20190926_111509_1_6.txt"",""source_sha256"":""cc8054e4a9e8875a4781dc478a9544ffbf89af76d5341cc2d84b214ebf22ad25"",""source_start_frame"":0,""source_window_frames"":240,""task_id"":""AU-03"",""thermal_crossover"":0,""tiny_size"":0,""visibility_event_count"":0},{""dynamic_background_clutter"":0,""event_center_frame"":239,""fast_motion"":0,""inactive_frames_in_window"":217,""medium_size"":1,""normal_size"":0,""occlusion"":0,""offset_steps"":3,""out_of_view"":1,""requested_window_mode"":""visibility"",""scale_variation"":0,""selected_window_mode"":""visibility"",""small_size"":1,""source_active_frames"":131,""source_end_frame"":347,""source_frames"":348,""source_inactive_frames"":217,""source_path"":""D:\\360Downloads\\123\\data\\Anti-UAV410\\annos\\test\\20190925_111757_1_10.txt"",""source_sha256"":""1c0bf72cd257afbc24df3275f019f4e780d406be4b5b1f471200f2822cad8aaa"",""source_start_frame"":71,""source_window_frames"":277,""task_id"":""AU-04"",""thermal_crossover"":1,""tiny_size"":0,""visibility_event_count"":1}]}",3,279.75,AU-03,1,1,1,3,{},0.8676214192165459,0.24478189748442783,0.5,0.6448471735445486,0.6738553976973173,1.0,0.8676214192165459,0.24478189748442783,0.5,0.6448471735445486,0.6738553976973173,1.0
anti_uav410,AU-L04-W07,public-trajectory-replay-v2,"{""event_window_version"":""anti-uav-event-window-v1"",""evidence_type"":""measured_image_plane_tracks_with_simulated_response_resources"",""fps"":null,""image_height"":512,""image_width"":640,""measured_dimensions"":[""apparent_size"",""image_plane_speed"",""visibility""],""motion_unit"":""normalized_image_diagonal_per_frame"",""protected_point"":[0.5,0.85],""source_files"":[""D:\\360Downloads\\123\\data\\Anti-UAV410\\annos\\test\\new21_train_newfix.txt"",""D:\\360Downloads\\123\\data\\Anti-UAV410\\annos\\test\\20190925_111757_1_4.txt"",""D:\\360Downloads\\123\\data\\Anti-UAV410\\annos\\test\\20190926_111509_1_6.txt"",""D:\\360Downloads\\123\\data\\Anti-UAV410\\annos\\test\\20190925_111757_1_10.txt""],""source_sha256"":[""9f8d4a687095adfcc2228a068008a77e8792654697493615a4885886dd53edb9"",""5e15675247687795d91627dd1c368d99ea2d4da489c6f545a2b0327291748374"",""cc8054e4a9e8875a4781dc478a9544ffbf89af76d5341cc2d84b214ebf22ad25"",""1c0bf72cd257afbc24df3275f019f4e780d406be4b5b1f471200f2822cad8aaa""],""synthetic_dimensions"":[""spatial_level"",""risk"",""response_window"",""multi_sequence_concurrency"",""resources""],""time_basis"":""frames"",""track_count"":4,""track_windows"":[{""dynamic_background_clutter"":1,""event_center_frame"":325,""fast_motion"":1,""inactive_frames_in_window"":0,""medium_size"":1,""normal_size"":0,""occlusion"":0,""offset_steps"":0,""out_of_view"":0,""requested_window_mode"":""motion"",""scale_variation"":1,""selected_window_mode"":""motion"",""small_size"":1,""source_active_frames"":1491,""source_end_frame"":444,""source_frames"":1491,""source_inactive_frames"":0,""source_path"":""D:\\360Downloads\\123\\data\\Anti-UAV410\\annos\\test\\new21_train_newfix.txt"",""source_sha256"":""9f8d4a687095adfcc2228a068008a77e8792654697493615a4885886dd53edb9"",""source_start_frame"":205,""source_window_frames"":240,""task_id"":""AU-01"",""thermal_crossover"":1,""tiny_size"":1,""visibility_event_count"":0},{""dynamic_background_clutter"":0,""event_center_frame"":823,""fast_motion"":0,""inactive_frames_in_window"":0,""medium_size"":1,""normal_size"":1,""occlusion"":0,""offset_steps"":1,""out_of_view"":0,""requested_window_mode"":""motion"",""scale_variation"":0,""selected_window_mode"":""motion"",""small_size"":0,""source_active_frames"":1000,""source_end_frame"":942,""source_frames"":1000,""source_inactive_frames"":0,""source_path"":""D:\\360Downloads\\123\\data\\Anti-UAV410\\annos\\test\\20190925_111757_1_4.txt"",""source_sha256"":""5e15675247687795d91627dd1c368d99ea2d4da489c6f545a2b0327291748374"",""source_start_frame"":703,""source_window_frames"":240,""task_id"":""AU-02"",""thermal_crossover"":1,""tiny_size"":0,""visibility_event_count"":0},{""dynamic_background_clutter"":0,""event_center_frame"":23,""fast_motion"":0,""inactive_frames_in_window"":0,""medium_size"":0,""normal_size"":1,""occlusion"":0,""offset_steps"":2,""out_of_view"":0,""requested_window_mode"":""motion"",""scale_variation"":0,""selected_window_mode"":""motion"",""small_size"":0,""source_active_frames"":1000,""source_end_frame"":239,""source_frames"":1000,""source_inactive_frames"":0,""source_path"":""D:\\360Downloads\\123\\data\\Anti-UAV410\\annos\\test\\20190926_111509_1_6.txt"",""source_sha256"":""cc8054e4a9e8875a4781dc478a9544ffbf89af76d5341cc2d84b214ebf22ad25"",""source_start_frame"":0,""source_window_frames"":240,""task_id"":""AU-03"",""thermal_crossover"":0,""tiny_size"":0,""visibility_event_count"":0},{""dynamic_background_clutter"":0,""event_center_frame"":239,""fast_motion"":0,""inactive_frames_in_window"":217,""medium_size"":1,""normal_size"":0,""occlusion"":0,""offset_steps"":3,""out_of_view"":1,""requested_window_mode"":""visibility"",""scale_variation"":0,""selected_window_mode"":""visibility"",""small_size"":1,""source_active_frames"":131,""source_end_frame"":347,""source_frames"":348,""source_inactive_frames"":217,""source_path"":""D:\\360Downloads\\123\\data\\Anti-UAV410\\annos\\test\\20190925_111757_1_10.txt"",""source_sha256"":""1c0bf72cd257afbc24df3275f019f4e780d406be4b5b1f471200f2822cad8aaa"",""source_start_frame"":71,""source_window_frames"":277,""task_id"":""AU-04"",""thermal_crossover"":1,""tiny_size"":0,""visibility_event_count"":1}]}",3,279.75,AU-04,1,1,1,3,{},0.5354792972650569,0.0,0.5,0.6334257582667241,0.639456861318288,1.0,0.5354792972650569,0.0,0.5,0.6334257582667241,0.639456861318288,1.0
anti_uav410,AU-L04-W07,public-trajectory-replay-v2,"{""event_window_version"":""anti-uav-event-window-v1"",""evidence_type"":""measured_image_plane_tracks_with_simulated_response_resources"",""fps"":null,""image_height"":512,""image_width"":640,""measured_dimensions"":[""apparent_size"",""image_plane_speed"",""visibility""],""motion_unit"":""normalized_image_diagonal_per_frame"",""protected_point"":[0.5,0.85],""source_files"":[""D:\\360Downloads\\123\\data\\Anti-UAV410\\annos\\test\\new21_train_newfix.txt"",""D:\\360Downloads\\123\\data\\Anti-UAV410\\annos\\test\\20190925_111757_1_4.txt"",""D:\\360Downloads\\123\\data\\Anti-UAV410\\annos\\test\\20190926_111509_1_6.txt"",""D:\\360Downloads\\123\\data\\Anti-UAV410\\annos\\test\\20190925_111757_1_10.txt""],""source_sha256"":[""9f8d4a687095adfcc2228a068008a77e8792654697493615a4885886dd53edb9"",""5e15675247687795d91627dd1c368d99ea2d4da489c6f545a2b0327291748374"",""cc8054e4a9e8875a4781dc478a9544ffbf89af76d5341cc2d84b214ebf22ad25"",""1c0bf72cd257afbc24df3275f019f4e780d406be4b5b1f471200f2822cad8aaa""],""synthetic_dimensions"":[""spatial_level"",""risk"",""response_window"",""multi_sequence_concurrency"",""resources""],""time_basis"":""frames"",""track_count"":4,""track_windows"":[{""dynamic_background_clutter"":1,""event_center_frame"":325,""fast_motion"":1,""inactive_frames_in_window"":0,""medium_size"":1,""normal_size"":0,""occlusion"":0,""offset_steps"":0,""out_of_view"":0,""requested_window_mode"":""motion"",""scale_variation"":1,""selected_window_mode"":""motion"",""small_size"":1,""source_active_frames"":1491,""source_end_frame"":444,""source_frames"":1491,""source_inactive_frames"":0,""source_path"":""D:\\360Downloads\\123\\data\\Anti-UAV410\\annos\\test\\new21_train_newfix.txt"",""source_sha256"":""9f8d4a687095adfcc2228a068008a77e8792654697493615a4885886dd53edb9"",""source_start_frame"":205,""source_window_frames"":240,""task_id"":""AU-01"",""thermal_crossover"":1,""tiny_size"":1,""visibility_event_count"":0},{""dynamic_background_clutter"":0,""event_center_frame"":823,""fast_motion"":0,""inactive_frames_in_window"":0,""medium_size"":1,""normal_size"":1,""occlusion"":0,""offset_steps"":1,""out_of_view"":0,""requested_window_mode"":""motion"",""scale_variation"":0,""selected_window_mode"":""motion"",""small_size"":0,""source_active_frames"":1000,""source_end_frame"":942,""source_frames"":1000,""source_inactive_frames"":0,""source_path"":""D:\\360Downloads\\123\\data\\Anti-UAV410\\annos\\test\\20190925_111757_1_4.txt"",""source_sha256"":""5e15675247687795d91627dd1c368d99ea2d4da489c6f545a2b0327291748374"",""source_start_frame"":703,""source_window_frames"":240,""task_id"":""AU-02"",""thermal_crossover"":1,""tiny_size"":0,""visibility_event_count"":0},{""dynamic_background_clutter"":0,""event_center_frame"":23,""fast_motion"":0,""inactive_frames_in_window"":0,""medium_size"":0,""normal_size"":1,""occlusion"":0,""offset_steps"":2,""out_of_view"":0,""requested_window_mode"":""motion"",""scale_variation"":0,""selected_window_mode"":""motion"",""small_size"":0,""source_active_frames"":1000,""source_end_frame"":239,""source_frames"":1000,""source_inactive_frames"":0,""source_path"":""D:\\360Downloads\\123\\data\\Anti-UAV410\\annos\\test\\20190926_111509_1_6.txt"",""source_sha256"":""cc8054e4a9e8875a4781dc478a9544ffbf89af76d5341cc2d84b214ebf22ad25"",""source_start_frame"":0,""source_window_frames"":240,""task_id"":""AU-03"",""thermal_crossover"":0,""tiny_size"":0,""visibility_event_count"":0},{""dynamic_background_clutter"":0,""event_center_frame"":239,""fast_motion"":0,""inactive_frames_in_window"":217,""medium_size"":1,""normal_size"":0,""occlusion"":0,""offset_steps"":3,""out_of_view"":1,""requested_window_mode"":""visibility"",""scale_variation"":0,""selected_window_mode"":""visibility"",""small_size"":1,""source_active_frames"":131,""source_end_frame"":347,""source_frames"":348,""source_inactive_frames"":217,""source_path"":""D:\\360Downloads\\123\\data\\Anti-UAV410\\annos\\test\\20190925_111757_1_10.txt"",""source_sha256"":""1c0bf72cd257afbc24df3275f019f4e780d406be4b5b1f471200f2822cad8aaa"",""source_start_frame"":71,""source_window_frames"":277,""task_id"":""AU-04"",""thermal_crossover"":1,""tiny_size"":0,""visibility_event_count"":1}]}",4,306.25,AU-01,1,1,1,3,{},0.21641627784628467,0.05923069986224156,0.5,0.6293494872452144,0.6443904251529471,1.0,0.21641627784628467,0.05923069986224156,0.5,0.6293494872452144,0.6443904251529471,1.0
anti_uav410,AU-L04-W07,public-trajectory-replay-v2,"{""event_window_version"":""anti-uav-event-window-v1"",""evidence_type"":""measured_image_plane_tracks_with_simulated_response_resources"",""fps"":null,""image_height"":512,""image_width"":640,""measured_dimensions"":[""apparent_size"",""image_plane_speed"",""visibility""],""motion_unit"":""normalized_image_diagonal_per_frame"",""protected_point"":[0.5,0.85],""source_files"":[""D:\\360Downloads\\123\\data\\Anti-UAV410\\annos\\test\\new21_train_newfix.txt"",""D:\\360Downloads\\123\\data\\Anti-UAV410\\annos\\test\\20190925_111757_1_4.txt"",""D:\\360Downloads\\123\\data\\Anti-UAV410\\annos\\test\\20190926_111509_1_6.txt"",""D:\\360Downloads\\123\\data\\Anti-UAV410\\annos\\test\\20190925_111757_1_10.txt""],""source_sha256"":[""9f8d4a687095adfcc2228a068008a77e8792654697493615a4885886dd53edb9"",""5e15675247687795d91627dd1c368d99ea2d4da489c6f545a2b0327291748374"",""cc8054e4a9e8875a4781dc478a9544ffbf89af76d5341cc2d84b214ebf22ad25"",""1c0bf72cd257afbc24df3275f019f4e780d406be4b5b1f471200f2822cad8aaa""],""synthetic_dimensions"":[""spatial_level"",""risk"",""response_window"",""multi_sequence_concurrency"",""resources""],""time_basis"":""frames"",""track_count"":4,""track_windows"":[{""dynamic_background_clutter"":1,""event_center_frame"":325,""fast_motion"":1,""inactive_frames_in_window"":0,""medium_size"":1,""normal_size"":0,""occlusion"":0,""offset_steps"":0,""out_of_view"":0,""requested_window_mode"":""motion"",""scale_variation"":1,""selected_window_mode"":""motion"",""small_size"":1,""source_active_frames"":1491,""source_end_frame"":444,""source_frames"":1491,""source_inactive_frames"":0,""source_path"":""D:\\360Downloads\\123\\data\\Anti-UAV410\\annos\\test\\new21_train_newfix.txt"",""source_sha256"":""9f8d4a687095adfcc2228a068008a77e8792654697493615a4885886dd53edb9"",""source_start_frame"":205,""source_window_frames"":240,""task_id"":""AU-01"",""thermal_crossover"":1,""tiny_size"":1,""visibility_event_count"":0},{""dynamic_background_clutter"":0,""event_center_frame"":823,""fast_motion"":0,""inactive_frames_in_window"":0,""medium_size"":1,""normal_size"":1,""occlusion"":0,""offset_steps"":1,""out_of_view"":0,""requested_window_mode"":""motion"",""scale_variation"":0,""selected_window_mode"":""motion"",""small_size"":0,""source_active_frames"":1000,""source_end_frame"":942,""source_frames"":1000,""source_inactive_frames"":0,""source_path"":""D:\\360Downloads\\123\\data\\Anti-UAV410\\annos\\test\\20190925_111757_1_4.txt"",""source_sha256"":""5e15675247687795d91627dd1c368d99ea2d4da489c6f545a2b0327291748374"",""source_start_frame"":703,""source_window_frames"":240,""task_id"":""AU-02"",""thermal_crossover"":1,""tiny_size"":0,""visibility_event_count"":0},{""dynamic_background_clutter"":0,""event_center_frame"":23,""fast_motion"":0,""inactive_frames_in_window"":0,""medium_size"":0,""normal_size"":1,""occlusion"":0,""offset_steps"":2,""out_of_view"":0,""requested_window_mode"":""motion"",""scale_variation"":0,""selected_window_mode"":""motion"",""small_size"":0,""source_active_frames"":1000,""source_end_frame"":239,""source_frames"":1000,""source_inactive_frames"":0,""source_path"":""D:\\360Downloads\\123\\data\\Anti-UAV410\\annos\\test\\20190926_111509_1_6.txt"",""source_sha256"":""cc8054e4a9e8875a4781dc478a9544ffbf89af76d5341cc2d84b214ebf22ad25"",""source_start_frame"":0,""source_window_frames"":240,""task_id"":""AU-03"",""thermal_crossover"":0,""tiny_size"":0,""visibility_event_count"":0},{""dynamic_background_clutter"":0,""event_center_frame"":239,""fast_motion"":0,""inactive_frames_in_window"":217,""medium_size"":1,""normal_size"":0,""occlusion"":0,""offset_steps"":3,""out_of_view"":1,""requested_window_mode"":""visibility"",""scale_variation"":0,""selected_window_mode"":""visibility"",""small_size"":1,""source_active_frames"":131,""source_end_frame"":347,""source_frames"":348,""source_inactive_frames"":217,""source_path"":""D:\\360Downloads\\123\\data\\Anti-UAV410\\annos\\test\\20190925_111757_1_10.txt"",""source_sha256"":""1c0bf72cd257afbc24df3275f019f4e780d406be4b5b1f471200f2822cad8aaa"",""source_start_frame"":71,""source_window_frames"":277,""task_id"":""AU-04"",""thermal_crossover"":1,""tiny_size"":0,""visibility_event_count"":1}]}",4,306.25,AU-02,1,1,1,3,{},0.6575198527579478,0.43668681926594016,0.5,0.6341199078556108,0.6554547488426367,1.0,0.6575198527579478,0.43668681926594016,0.5,0.6341199078556108,0.6554547488426367,1.0
anti_uav410,AU-L04-W07,public-trajectory-replay-v2,"{""event_window_version"":""anti-uav-event-window-v1"",""evidence_type"":""measured_image_plane_tracks_with_simulated_response_resources"",""fps"":null,""image_height"":512,""image_width"":640,""measured_dimensions"":[""apparent_size"",""image_plane_speed"",""visibility""],""motion_unit"":""normalized_image_diagonal_per_frame"",""protected_point"":[0.5,0.85],""source_files"":[""D:\\360Downloads\\123\\data\\Anti-UAV410\\annos\\test\\new21_train_newfix.txt"",""D:\\360Downloads\\123\\data\\Anti-UAV410\\annos\\test\\20190925_111757_1_4.txt"",""D:\\360Downloads\\123\\data\\Anti-UAV410\\annos\\test\\20190926_111509_1_6.txt"",""D:\\360Downloads\\123\\data\\Anti-UAV410\\annos\\test\\20190925_111757_1_10.txt""],""source_sha256"":[""9f8d4a687095adfcc2228a068008a77e8792654697493615a4885886dd53edb9"",""5e15675247687795d91627dd1c368d99ea2d4da489c6f545a2b0327291748374"",""cc8054e4a9e8875a4781dc478a9544ffbf89af76d5341cc2d84b214ebf22ad25"",""1c0bf72cd257afbc24df3275f019f4e780d406be4b5b1f471200f2822cad8aaa""],""synthetic_dimensions"":[""spatial_level"",""risk"",""response_window"",""multi_sequence_concurrency"",""resources""],""time_basis"":""frames"",""track_count"":4,""track_windows"":[{""dynamic_background_clutter"":1,""event_center_frame"":325,""fast_motion"":1,""inactive_frames_in_window"":0,""medium_size"":1,""normal_size"":0,""occlusion"":0,""offset_steps"":0,""out_of_view"":0,""requested_window_mode"":""motion"",""scale_variation"":1,""selected_window_mode"":""motion"",""small_size"":1,""source_active_frames"":1491,""source_end_frame"":444,""source_frames"":1491,""source_inactive_frames"":0,""source_path"":""D:\\360Downloads\\123\\data\\Anti-UAV410\\annos\\test\\new21_train_newfix.txt"",""source_sha256"":""9f8d4a687095adfcc2228a068008a77e8792654697493615a4885886dd53edb9"",""source_start_frame"":205,""source_window_frames"":240,""task_id"":""AU-01"",""thermal_crossover"":1,""tiny_size"":1,""visibility_event_count"":0},{""dynamic_background_clutter"":0,""event_center_frame"":823,""fast_motion"":0,""inactive_frames_in_window"":0,""medium_size"":1,""normal_size"":1,""occlusion"":0,""offset_steps"":1,""out_of_view"":0,""requested_window_mode"":""motion"",""scale_variation"":0,""selected_window_mode"":""motion"",""small_size"":0,""source_active_frames"":1000,""source_end_frame"":942,""source_frames"":1000,""source_inactive_frames"":0,""source_path"":""D:\\360Downloads\\123\\data\\Anti-UAV410\\annos\\test\\20190925_111757_1_4.txt"",""source_sha256"":""5e15675247687795d91627dd1c368d99ea2d4da489c6f545a2b0327291748374"",""source_start_frame"":703,""source_window_frames"":240,""task_id"":""AU-02"",""thermal_crossover"":1,""tiny_size"":0,""visibility_event_count"":0},{""dynamic_background_clutter"":0,""event_center_frame"":23,""fast_motion"":0,""inactive_frames_in_window"":0,""medium_size"":0,""normal_size"":1,""occlusion"":0,""offset_steps"":2,""out_of_view"":0,""requested_window_mode"":""motion"",""scale_variation"":0,""selected_window_mode"":""motion"",""small_size"":0,""source_active_frames"":1000,""source_end_frame"":239,""source_frames"":1000,""source_inactive_frames"":0,""source_path"":""D:\\360Downloads\\123\\data\\Anti-UAV410\\annos\\test\\20190926_111509_1_6.txt"",""source_sha256"":""cc8054e4a9e8875a4781dc478a9544ffbf89af76d5341cc2d84b214ebf22ad25"",""source_start_frame"":0,""source_window_frames"":240,""task_id"":""AU-03"",""thermal_crossover"":0,""tiny_size"":0,""visibility_event_count"":0},{""dynamic_background_clutter"":0,""event_center_frame"":239,""fast_motion"":0,""inactive_frames_in_window"":217,""medium_size"":1,""normal_size"":0,""occlusion"":0,""offset_steps"":3,""out_of_view"":1,""requested_window_mode"":""visibility"",""scale_variation"":0,""selected_window_mode"":""visibility"",""small_size"":1,""source_active_frames"":131,""source_end_frame"":347,""source_frames"":348,""source_inactive_frames"":217,""source_path"":""D:\\360Downloads\\123\\data\\Anti-UAV410\\annos\\test\\20190925_111757_1_10.txt"",""source_sha256"":""1c0bf72cd257afbc24df3275f019f4e780d406be4b5b1f471200f2822cad8aaa"",""source_start_frame"":71,""source_window_frames"":277,""task_id"":""AU-04"",""thermal_crossover"":1,""tiny_size"":0,""visibility_event_count"":1}]}",4,306.25,AU-03,1,1,1,3,{},0.8381766399468576,0.03375372007118792,0.5,0.6664621365833935,0.6574714441680418,1.0,0.8381766399468576,0.03375372007118792,0.5,0.6664621365833935,0.6574714441680418,1.0
anti_uav410,AU-L04-W07,public-trajectory-replay-v2,"{""event_window_version"":""anti-uav-event-window-v1"",""evidence_type"":""measured_image_plane_tracks_with_simulated_response_resources"",""fps"":null,""image_height"":512,""image_width"":640,""measured_dimensions"":[""apparent_size"",""image_plane_speed"",""visibility""],""motion_unit"":""normalized_image_diagonal_per_frame"",""protected_point"":[0.5,0.85],""source_files"":[""D:\\360Downloads\\123\\data\\Anti-UAV410\\annos\\test\\new21_train_newfix.txt"",""D:\\360Downloads\\123\\data\\Anti-UAV410\\annos\\test\\20190925_111757_1_4.txt"",""D:\\360Downloads\\123\\data\\Anti-UAV410\\annos\\test\\20190926_111509_1_6.txt"",""D:\\360Downloads\\123\\data\\Anti-UAV410\\annos\\test\\20190925_111757_1_10.txt""],""source_sha256"":[""9f8d4a687095adfcc2228a068008a77e8792654697493615a4885886dd53edb9"",""5e15675247687795d91627dd1c368d99ea2d4da489c6f545a2b0327291748374"",""cc8054e4a9e8875a4781dc478a9544ffbf89af76d5341cc2d84b214ebf22ad25"",""1c0bf72cd257afbc24df3275f019f4e780d406be4b5b1f471200f2822cad8aaa""],""synthetic_dimensions"":[""spatial_level"",""risk"",""response_window"",""multi_sequence_concurrency"",""resources""],""time_basis"":""frames"",""track_count"":4,""track_windows"":[{""dynamic_background_clutter"":1,""event_center_frame"":325,""fast_motion"":1,""inactive_frames_in_window"":0,""medium_size"":1,""normal_size"":0,""occlusion"":0,""offset_steps"":0,""out_of_view"":0,""requested_window_mode"":""motion"",""scale_variation"":1,""selected_window_mode"":""motion"",""small_size"":1,""source_active_frames"":1491,""source_end_frame"":444,""source_frames"":1491,""source_inactive_frames"":0,""source_path"":""D:\\360Downloads\\123\\data\\Anti-UAV410\\annos\\test\\new21_train_newfix.txt"",""source_sha256"":""9f8d4a687095adfcc2228a068008a77e8792654697493615a4885886dd53edb9"",""source_start_frame"":205,""source_window_frames"":240,""task_id"":""AU-01"",""thermal_crossover"":1,""tiny_size"":1,""visibility_event_count"":0},{""dynamic_background_clutter"":0,""event_center_frame"":823,""fast_motion"":0,""inactive_frames_in_window"":0,""medium_size"":1,""normal_size"":1,""occlusion"":0,""offset_steps"":1,""out_of_view"":0,""requested_window_mode"":""motion"",""scale_variation"":0,""selected_window_mode"":""motion"",""small_size"":0,""source_active_frames"":1000,""source_end_frame"":942,""source_frames"":1000,""source_inactive_frames"":0,""source_path"":""D:\\360Downloads\\123\\data\\Anti-UAV410\\annos\\test\\20190925_111757_1_4.txt"",""source_sha256"":""5e15675247687795d91627dd1c368d99ea2d4da489c6f545a2b0327291748374"",""source_start_frame"":703,""source_window_frames"":240,""task_id"":""AU-02"",""thermal_crossover"":1,""tiny_size"":0,""visibility_event_count"":0},{""dynamic_background_clutter"":0,""event_center_frame"":23,""fast_motion"":0,""inactive_frames_in_window"":0,""medium_size"":0,""normal_size"":1,""occlusion"":0,""offset_steps"":2,""out_of_view"":0,""requested_window_mode"":""motion"",""scale_variation"":0,""selected_window_mode"":""motion"",""small_size"":0,""source_active_frames"":1000,""source_end_frame"":239,""source_frames"":1000,""source_inactive_frames"":0,""source_path"":""D:\\360Downloads\\123\\data\\Anti-UAV410\\annos\\test\\20190926_111509_1_6.txt"",""source_sha256"":""cc8054e4a9e8875a4781dc478a9544ffbf89af76d5341cc2d84b214ebf22ad25"",""source_start_frame"":0,""source_window_frames"":240,""task_id"":""AU-03"",""thermal_crossover"":0,""tiny_size"":0,""visibility_event_count"":0},{""dynamic_background_clutter"":0,""event_center_frame"":239,""fast_motion"":0,""inactive_frames_in_window"":217,""medium_size"":1,""normal_size"":0,""occlusion"":0,""offset_steps"":3,""out_of_view"":1,""requested_window_mode"":""visibility"",""scale_variation"":0,""selected_window_mode"":""visibility"",""small_size"":1,""source_active_frames"":131,""source_end_frame"":347,""source_frames"":348,""source_inactive_frames"":217,""source_path"":""D:\\360Downloads\\123\\data\\Anti-UAV410\\annos\\test\\20190925_111757_1_10.txt"",""source_sha256"":""1c0bf72cd257afbc24df3275f019f4e780d406be4b5b1f471200f2822cad8aaa"",""source_start_frame"":71,""source_window_frames"":277,""task_id"":""AU-04"",""thermal_crossover"":1,""tiny_size"":0,""visibility_event_count"":1}]}",4,306.25,AU-04,1,1,1,3,{},0.5819453119814205,0.06436438929229611,0.5,0.47184578588899667,0.6055229962873646,1.0,0.5819453119814205,0.06436438929229611,0.5,0.47184578588899667,0.6055229962873646,1.0
anti_uav410,AU-L04-W07,public-trajectory-replay-v2,"{""event_window_version"":""anti-uav-event-window-v1"",""evidence_type"":""measured_image_plane_tracks_with_simulated_response_resources"",""fps"":null,""image_height"":512,""image_width"":640,""measured_dimensions"":[""apparent_size"",""image_plane_speed"",""visibility""],""motion_unit"":""normalized_image_diagonal_per_frame"",""protected_point"":[0.5,0.85],""source_files"":[""D:\\360Downloads\\123\\data\\Anti-UAV410\\annos\\test\\new21_train_newfix.txt"",""D:\\360Downloads\\123\\data\\Anti-UAV410\\annos\\test\\20190925_111757_1_4.txt"",""D:\\360Downloads\\123\\data\\Anti-UAV410\\annos\\test\\20190926_111509_1_6.txt"",""D:\\360Downloads\\123\\data\\Anti-UAV410\\annos\\test\\20190925_111757_1_10.txt""],""source_sha256"":[""9f8d4a687095adfcc2228a068008a77e8792654697493615a4885886dd53edb9"",""5e15675247687795d91627dd1c368d99ea2d4da489c6f545a2b0327291748374"",""cc8054e4a9e8875a4781dc478a9544ffbf89af76d5341cc2d84b214ebf22ad25"",""1c0bf72cd257afbc24df3275f019f4e780d406be4b5b1f471200f2822cad8aaa""],""synthetic_dimensions"":[""spatial_level"",""risk"",""response_window"",""multi_sequence_concurrency"",""resources""],""time_basis"":""frames"",""track_count"":4,""track_windows"":[{""dynamic_background_clutter"":1,""event_center_frame"":325,""fast_motion"":1,""inactive_frames_in_window"":0,""medium_size"":1,""normal_size"":0,""occlusion"":0,""offset_steps"":0,""out_of_view"":0,""requested_window_mode"":""motion"",""scale_variation"":1,""selected_window_mode"":""motion"",""small_size"":1,""source_active_frames"":1491,""source_end_frame"":444,""source_frames"":1491,""source_inactive_frames"":0,""source_path"":""D:\\360Downloads\\123\\data\\Anti-UAV410\\annos\\test\\new21_train_newfix.txt"",""source_sha256"":""9f8d4a687095adfcc2228a068008a77e8792654697493615a4885886dd53edb9"",""source_start_frame"":205,""source_window_frames"":240,""task_id"":""AU-01"",""thermal_crossover"":1,""tiny_size"":1,""visibility_event_count"":0},{""dynamic_background_clutter"":0,""event_center_frame"":823,""fast_motion"":0,""inactive_frames_in_window"":0,""medium_size"":1,""normal_size"":1,""occlusion"":0,""offset_steps"":1,""out_of_view"":0,""requested_window_mode"":""motion"",""scale_variation"":0,""selected_window_mode"":""motion"",""small_size"":0,""source_active_frames"":1000,""source_end_frame"":942,""source_frames"":1000,""source_inactive_frames"":0,""source_path"":""D:\\360Downloads\\123\\data\\Anti-UAV410\\annos\\test\\20190925_111757_1_4.txt"",""source_sha256"":""5e15675247687795d91627dd1c368d99ea2d4da489c6f545a2b0327291748374"",""source_start_frame"":703,""source_window_frames"":240,""task_id"":""AU-02"",""thermal_crossover"":1,""tiny_size"":0,""visibility_event_count"":0},{""dynamic_background_clutter"":0,""event_center_frame"":23,""fast_motion"":0,""inactive_frames_in_window"":0,""medium_size"":0,""normal_size"":1,""occlusion"":0,""offset_steps"":2,""out_of_view"":0,""requested_window_mode"":""motion"",""scale_variation"":0,""selected_window_mode"":""motion"",""small_size"":0,""source_active_frames"":1000,""source_end_frame"":239,""source_frames"":1000,""source_inactive_frames"":0,""source_path"":""D:\\360Downloads\\123\\data\\Anti-UAV410\\annos\\test\\20190926_111509_1_6.txt"",""source_sha256"":""cc8054e4a9e8875a4781dc478a9544ffbf89af76d5341cc2d84b214ebf22ad25"",""source_start_frame"":0,""source_window_frames"":240,""task_id"":""AU-03"",""thermal_crossover"":0,""tiny_size"":0,""visibility_event_count"":0},{""dynamic_background_clutter"":0,""event_center_frame"":239,""fast_motion"":0,""inactive_frames_in_window"":217,""medium_size"":1,""normal_size"":0,""occlusion"":0,""offset_steps"":3,""out_of_view"":1,""requested_window_mode"":""visibility"",""scale_variation"":0,""selected_window_mode"":""visibility"",""small_size"":1,""source_active_frames"":131,""source_end_frame"":347,""source_frames"":348,""source_inactive_frames"":217,""source_path"":""D:\\360Downloads\\123\\data\\Anti-UAV410\\annos\\test\\20190925_111757_1_10.txt"",""source_sha256"":""1c0bf72cd257afbc24df3275f019f4e780d406be4b5b1f471200f2822cad8aaa"",""source_start_frame"":71,""source_window_frames"":277,""task_id"":""AU-04"",""thermal_crossover"":1,""tiny_size"":0,""visibility_event_count"":1}]}",5,330.75,AU-01,1,1,1,3,{},0.16598370812476512,0.2729202224531261,0.5,0.29604049628139373,0.5691324443087046,1.0,0.16598370812476512,0.2729202224531261,0.5,0.29604049628139373,0.5691324443087046,1.0
anti_uav410,AU-L04-W07,public-trajectory-replay-v2,"{""event_window_version"":""anti-uav-event-window-v1"",""evidence_type"":""measured_image_plane_tracks_with_simulated_response_resources"",""fps"":null,""image_height"":512,""image_width"":640,""measured_dimensions"":[""apparent_size"",""image_plane_speed"",""visibility""],""motion_unit"":""normalized_image_diagonal_per_frame"",""protected_point"":[0.5,0.85],""source_files"":[""D:\\360Downloads\\123\\data\\Anti-UAV410\\annos\\test\\new21_train_newfix.txt"",""D:\\360Downloads\\123\\data\\Anti-UAV410\\annos\\test\\20190925_111757_1_4.txt"",""D:\\360Downloads\\123\\data\\Anti-UAV410\\annos\\test\\20190926_111509_1_6.txt"",""D:\\360Downloads\\123\\data\\Anti-UAV410\\annos\\test\\20190925_111757_1_10.txt""],""source_sha256"":[""9f8d4a687095adfcc2228a068008a77e8792654697493615a4885886dd53edb9"",""5e15675247687795d91627dd1c368d99ea2d4da489c6f545a2b0327291748374"",""cc8054e4a9e8875a4781dc478a9544ffbf89af76d5341cc2d84b214ebf22ad25"",""1c0bf72cd257afbc24df3275f019f4e780d406be4b5b1f471200f2822cad8aaa""],""synthetic_dimensions"":[""spatial_level"",""risk"",""response_window"",""multi_sequence_concurrency"",""resources""],""time_basis"":""frames"",""track_count"":4,""track_windows"":[{""dynamic_background_clutter"":1,""event_center_frame"":325,""fast_motion"":1,""inactive_frames_in_window"":0,""medium_size"":1,""normal_size"":0,""occlusion"":0,""offset_steps"":0,""out_of_view"":0,""requested_window_mode"":""motion"",""scale_variation"":1,""selected_window_mode"":""motion"",""small_size"":1,""source_active_frames"":1491,""source_end_frame"":444,""source_frames"":1491,""source_inactive_frames"":0,""source_path"":""D:\\360Downloads\\123\\data\\Anti-UAV410\\annos\\test\\new21_train_newfix.txt"",""source_sha256"":""9f8d4a687095adfcc2228a068008a77e8792654697493615a4885886dd53edb9"",""source_start_frame"":205,""source_window_frames"":240,""task_id"":""AU-01"",""thermal_crossover"":1,""tiny_size"":1,""visibility_event_count"":0},{""dynamic_background_clutter"":0,""event_center_frame"":823,""fast_motion"":0,""inactive_frames_in_window"":0,""medium_size"":1,""normal_size"":1,""occlusion"":0,""offset_steps"":1,""out_of_view"":0,""requested_window_mode"":""motion"",""scale_variation"":0,""selected_window_mode"":""motion"",""small_size"":0,""source_active_frames"":1000,""source_end_frame"":942,""source_frames"":1000,""source_inactive_frames"":0,""source_path"":""D:\\360Downloads\\123\\data\\Anti-UAV410\\annos\\test\\20190925_111757_1_4.txt"",""source_sha256"":""5e15675247687795d91627dd1c368d99ea2d4da489c6f545a2b0327291748374"",""source_start_frame"":703,""source_window_frames"":240,""task_id"":""AU-02"",""thermal_crossover"":1,""tiny_size"":0,""visibility_event_count"":0},{""dynamic_background_clutter"":0,""event_center_frame"":23,""fast_motion"":0,""inactive_frames_in_window"":0,""medium_size"":0,""normal_size"":1,""occlusion"":0,""offset_steps"":2,""out_of_view"":0,""requested_window_mode"":""motion"",""scale_variation"":0,""selected_window_mode"":""motion"",""small_size"":0,""source_active_frames"":1000,""source_end_frame"":239,""source_frames"":1000,""source_inactive_frames"":0,""source_path"":""D:\\360Downloads\\123\\data\\Anti-UAV410\\annos\\test\\20190926_111509_1_6.txt"",""source_sha256"":""cc8054e4a9e8875a4781dc478a9544ffbf89af76d5341cc2d84b214ebf22ad25"",""source_start_frame"":0,""source_window_frames"":240,""task_id"":""AU-03"",""thermal_crossover"":0,""tiny_size"":0,""visibility_event_count"":0},{""dynamic_background_clutter"":0,""event_center_frame"":239,""fast_motion"":0,""inactive_frames_in_window"":217,""medium_size"":1,""normal_size"":0,""occlusion"":0,""offset_steps"":3,""out_of_view"":1,""requested_window_mode"":""visibility"",""scale_variation"":0,""selected_window_mode"":""visibility"",""small_size"":1,""source_active_frames"":131,""source_end_frame"":347,""source_frames"":348,""source_inactive_frames"":217,""source_path"":""D:\\360Downloads\\123\\data\\Anti-UAV410\\annos\\test\\20190925_111757_1_10.txt"",""source_sha256"":""1c0bf72cd257afbc24df3275f019f4e780d406be4b5b1f471200f2822cad8aaa"",""source_start_frame"":71,""source_window_frames"":277,""task_id"":""AU-04"",""thermal_crossover"":1,""tiny_size"":0,""visibility_event_count"":1}]}",5,330.75,AU-02,1,1,1,3,{},0.7176239480810092,0.12513774712794154,0.5,0.37852895105641354,0.6242764434998415,1.0,0.7176239480810092,0.12513774712794154,0.5,0.37852895105641354,0.6242764434998415,1.0
anti_uav410,AU-L04-W07,public-trajectory-replay-v2,"{""event_window_version"":""anti-uav-event-window-v1"",""evidence_type"":""measured_image_plane_tracks_with_simulated_response_resources"",""fps"":null,""image_height"":512,""image_width"":640,""measured_dimensions"":[""apparent_size"",""image_plane_speed"",""visibility""],""motion_unit"":""normalized_image_diagonal_per_frame"",""protected_point"":[0.5,0.85],""source_files"":[""D:\\360Downloads\\123\\data\\Anti-UAV410\\annos\\test\\new21_train_newfix.txt"",""D:\\360Downloads\\123\\data\\Anti-UAV410\\annos\\test\\20190925_111757_1_4.txt"",""D:\\360Downloads\\123\\data\\Anti-UAV410\\annos\\test\\20190926_111509_1_6.txt"",""D:\\360Downloads\\123\\data\\Anti-UAV410\\annos\\test\\20190925_111757_1_10.txt""],""source_sha256"":[""9f8d4a687095adfcc2228a068008a77e8792654697493615a4885886dd53edb9"",""5e15675247687795d91627dd1c368d99ea2d4da489c6f545a2b0327291748374"",""cc8054e4a9e8875a4781dc478a9544ffbf89af76d5341cc2d84b214ebf22ad25"",""1c0bf72cd257afbc24df3275f019f4e780d406be4b5b1f471200f2822cad8aaa""],""synthetic_dimensions"":[""spatial_level"",""risk"",""response_window"",""multi_sequence_concurrency"",""resources""],""time_basis"":""frames"",""track_count"":4,""track_windows"":[{""dynamic_background_clutter"":1,""event_center_frame"":325,""fast_motion"":1,""inactive_frames_in_window"":0,""medium_size"":1,""normal_size"":0,""occlusion"":0,""offset_steps"":0,""out_of_view"":0,""requested_window_mode"":""motion"",""scale_variation"":1,""selected_window_mode"":""motion"",""small_size"":1,""source_active_frames"":1491,""source_end_frame"":444,""source_frames"":1491,""source_inactive_frames"":0,""source_path"":""D:\\360Downloads\\123\\data\\Anti-UAV410\\annos\\test\\new21_train_newfix.txt"",""source_sha256"":""9f8d4a687095adfcc2228a068008a77e8792654697493615a4885886dd53edb9"",""source_start_frame"":205,""source_window_frames"":240,""task_id"":""AU-01"",""thermal_crossover"":1,""tiny_size"":1,""visibility_event_count"":0},{""dynamic_background_clutter"":0,""event_center_frame"":823,""fast_motion"":0,""inactive_frames_in_window"":0,""medium_size"":1,""normal_size"":1,""occlusion"":0,""offset_steps"":1,""out_of_view"":0,""requested_window_mode"":""motion"",""scale_variation"":0,""selected_window_mode"":""motion"",""small_size"":0,""source_active_frames"":1000,""source_end_frame"":942,""source_frames"":1000,""source_inactive_frames"":0,""source_path"":""D:\\360Downloads\\123\\data\\Anti-UAV410\\annos\\test\\20190925_111757_1_4.txt"",""source_sha256"":""5e15675247687795d91627dd1c368d99ea2d4da489c6f545a2b0327291748374"",""source_start_frame"":703,""source_window_frames"":240,""task_id"":""AU-02"",""thermal_crossover"":1,""tiny_size"":0,""visibility_event_count"":0},{""dynamic_background_clutter"":0,""event_center_frame"":23,""fast_motion"":0,""inactive_frames_in_window"":0,""medium_size"":0,""normal_size"":1,""occlusion"":0,""offset_steps"":2,""out_of_view"":0,""requested_window_mode"":""motion"",""scale_variation"":0,""selected_window_mode"":""motion"",""small_size"":0,""source_active_frames"":1000,""source_end_frame"":239,""source_frames"":1000,""source_inactive_frames"":0,""source_path"":""D:\\360Downloads\\123\\data\\Anti-UAV410\\annos\\test\\20190926_111509_1_6.txt"",""source_sha256"":""cc8054e4a9e8875a4781dc478a9544ffbf89af76d5341cc2d84b214ebf22ad25"",""source_start_frame"":0,""source_window_frames"":240,""task_id"":""AU-03"",""thermal_crossover"":0,""tiny_size"":0,""visibility_event_count"":0},{""dynamic_background_clutter"":0,""event_center_frame"":239,""fast_motion"":0,""inactive_frames_in_window"":217,""medium_size"":1,""normal_size"":0,""occlusion"":0,""offset_steps"":3,""out_of_view"":1,""requested_window_mode"":""visibility"",""scale_variation"":0,""selected_window_mode"":""visibility"",""small_size"":1,""source_active_frames"":131,""source_end_frame"":347,""source_frames"":348,""source_inactive_frames"":217,""source_path"":""D:\\360Downloads\\123\\data\\Anti-UAV410\\annos\\test\\20190925_111757_1_10.txt"",""source_sha256"":""1c0bf72cd257afbc24df3275f019f4e780d406be4b5b1f471200f2822cad8aaa"",""source_start_frame"":71,""source_window_frames"":277,""task_id"":""AU-04"",""thermal_crossover"":1,""tiny_size"":0,""visibility_event_count"":1}]}",5,330.75,AU-03,1,1,1,3,{},0.8783032267729194,0.009600851892616651,0.5,0.27680666507063917,0.6179982852579031,1.0,0.8783032267729194,0.009600851892616651,0.5,0.27680666507063917,0.6179982852579031,1.0
anti_uav410,AU-L04-W07,public-trajectory-replay-v2,"{""event_window_version"":""anti-uav-event-window-v1"",""evidence_type"":""measured_image_plane_tracks_with_simulated_response_resources"",""fps"":null,""image_height"":512,""image_width"":640,""measured_dimensions"":[""apparent_size"",""image_plane_speed"",""visibility""],""motion_unit"":""normalized_image_diagonal_per_frame"",""protected_point"":[0.5,0.85],""source_files"":[""D:\\360Downloads\\123\\data\\Anti-UAV410\\annos\\test\\new21_train_newfix.txt"",""D:\\360Downloads\\123\\data\\Anti-UAV410\\annos\\test\\20190925_111757_1_4.txt"",""D:\\360Downloads\\123\\data\\Anti-UAV410\\annos\\test\\20190926_111509_1_6.txt"",""D:\\360Downloads\\123\\data\\Anti-UAV410\\annos\\test\\20190925_111757_1_10.txt""],""source_sha256"":[""9f8d4a687095adfcc2228a068008a77e8792654697493615a4885886dd53edb9"",""5e15675247687795d91627dd1c368d99ea2d4da489c6f545a2b0327291748374"",""cc8054e4a9e8875a4781dc478a9544ffbf89af76d5341cc2d84b214ebf22ad25"",""1c0bf72cd257afbc24df3275f019f4e780d406be4b5b1f471200f2822cad8aaa""],""synthetic_dimensions"":[""spatial_level"",""risk"",""response_window"",""multi_sequence_concurrency"",""resources""],""time_basis"":""frames"",""track_count"":4,""track_windows"":[{""dynamic_background_clutter"":1,""event_center_frame"":325,""fast_motion"":1,""inactive_frames_in_window"":0,""medium_size"":1,""normal_size"":0,""occlusion"":0,""offset_steps"":0,""out_of_view"":0,""requested_window_mode"":""motion"",""scale_variation"":1,""selected_window_mode"":""motion"",""small_size"":1,""source_active_frames"":1491,""source_end_frame"":444,""source_frames"":1491,""source_inactive_frames"":0,""source_path"":""D:\\360Downloads\\123\\data\\Anti-UAV410\\annos\\test\\new21_train_newfix.txt"",""source_sha256"":""9f8d4a687095adfcc2228a068008a77e8792654697493615a4885886dd53edb9"",""source_start_frame"":205,""source_window_frames"":240,""task_id"":""AU-01"",""thermal_crossover"":1,""tiny_size"":1,""visibility_event_count"":0},{""dynamic_background_clutter"":0,""event_center_frame"":823,""fast_motion"":0,""inactive_frames_in_window"":0,""medium_size"":1,""normal_size"":1,""occlusion"":0,""offset_steps"":1,""out_of_view"":0,""requested_window_mode"":""motion"",""scale_variation"":0,""selected_window_mode"":""motion"",""small_size"":0,""source_active_frames"":1000,""source_end_frame"":942,""source_frames"":1000,""source_inactive_frames"":0,""source_path"":""D:\\360Downloads\\123\\data\\Anti-UAV410\\annos\\test\\20190925_111757_1_4.txt"",""source_sha256"":""5e15675247687795d91627dd1c368d99ea2d4da489c6f545a2b0327291748374"",""source_start_frame"":703,""source_window_frames"":240,""task_id"":""AU-02"",""thermal_crossover"":1,""tiny_size"":0,""visibility_event_count"":0},{""dynamic_background_clutter"":0,""event_center_frame"":23,""fast_motion"":0,""inactive_frames_in_window"":0,""medium_size"":0,""normal_size"":1,""occlusion"":0,""offset_steps"":2,""out_of_view"":0,""requested_window_mode"":""motion"",""scale_variation"":0,""selected_window_mode"":""motion"",""small_size"":0,""source_active_frames"":1000,""source_end_frame"":239,""source_frames"":1000,""source_inactive_frames"":0,""source_path"":""D:\\360Downloads\\123\\data\\Anti-UAV410\\annos\\test\\20190926_111509_1_6.txt"",""source_sha256"":""cc8054e4a9e8875a4781dc478a9544ffbf89af76d5341cc2d84b214ebf22ad25"",""source_start_frame"":0,""source_window_frames"":240,""task_id"":""AU-03"",""thermal_crossover"":0,""tiny_size"":0,""visibility_event_count"":0},{""dynamic_background_clutter"":0,""event_center_frame"":239,""fast_motion"":0,""inactive_frames_in_window"":217,""medium_size"":1,""normal_size"":0,""occlusion"":0,""offset_steps"":3,""out_of_view"":1,""requested_window_mode"":""visibility"",""scale_variation"":0,""selected_window_mode"":""visibility"",""small_size"":1,""source_active_frames"":131,""source_end_frame"":347,""source_frames"":348,""source_inactive_frames"":217,""source_path"":""D:\\360Downloads\\123\\data\\Anti-UAV410\\annos\\test\\20190925_111757_1_10.txt"",""source_sha256"":""1c0bf72cd257afbc24df3275f019f4e780d406be4b5b1f471200f2822cad8aaa"",""source_start_frame"":71,""source_window_frames"":277,""task_id"":""AU-04"",""thermal_crossover"":1,""tiny_size"":0,""visibility_event_count"":1}]}",5,330.75,AU-04,1,1,1,3,{},0.41585206829873206,1.0,0.5,0.0,0.35,1.0,0.41585206829873206,1.0,0.5,0.0,0.35,1.0
anti_uav410,AU-L04-W07,public-trajectory-replay-v2,"{""event_window_version"":""anti-uav-event-window-v1"",""evidence_type"":""measured_image_plane_tracks_with_simulated_response_resources"",""fps"":null,""image_height"":512,""image_width"":640,""measured_dimensions"":[""apparent_size"",""image_plane_speed"",""visibility""],""motion_unit"":""normalized_image_diagonal_per_frame"",""protected_point"":[0.5,0.85],""source_files"":[""D:\\360Downloads\\123\\data\\Anti-UAV410\\annos\\test\\new21_train_newfix.txt"",""D:\\360Downloads\\123\\data\\Anti-UAV410\\annos\\test\\20190925_111757_1_4.txt"",""D:\\360Downloads\\123\\data\\Anti-UAV410\\annos\\test\\20190926_111509_1_6.txt"",""D:\\360Downloads\\123\\data\\Anti-UAV410\\annos\\test\\20190925_111757_1_10.txt""],""source_sha256"":[""9f8d4a687095adfcc2228a068008a77e8792654697493615a4885886dd53edb9"",""5e15675247687795d91627dd1c368d99ea2d4da489c6f545a2b0327291748374"",""cc8054e4a9e8875a4781dc478a9544ffbf89af76d5341cc2d84b214ebf22ad25"",""1c0bf72cd257afbc24df3275f019f4e780d406be4b5b1f471200f2822cad8aaa""],""synthetic_dimensions"":[""spatial_level"",""risk"",""response_window"",""multi_sequence_concurrency"",""resources""],""time_basis"":""frames"",""track_count"":4,""track_windows"":[{""dynamic_background_clutter"":1,""event_center_frame"":325,""fast_motion"":1,""inactive_frames_in_window"":0,""medium_size"":1,""normal_size"":0,""occlusion"":0,""offset_steps"":0,""out_of_view"":0,""requested_window_mode"":""motion"",""scale_variation"":1,""selected_window_mode"":""motion"",""small_size"":1,""source_active_frames"":1491,""source_end_frame"":444,""source_frames"":1491,""source_inactive_frames"":0,""source_path"":""D:\\360Downloads\\123\\data\\Anti-UAV410\\annos\\test\\new21_train_newfix.txt"",""source_sha256"":""9f8d4a687095adfcc2228a068008a77e8792654697493615a4885886dd53edb9"",""source_start_frame"":205,""source_window_frames"":240,""task_id"":""AU-01"",""thermal_crossover"":1,""tiny_size"":1,""visibility_event_count"":0},{""dynamic_background_clutter"":0,""event_center_frame"":823,""fast_motion"":0,""inactive_frames_in_window"":0,""medium_size"":1,""normal_size"":1,""occlusion"":0,""offset_steps"":1,""out_of_view"":0,""requested_window_mode"":""motion"",""scale_variation"":0,""selected_window_mode"":""motion"",""small_size"":0,""source_active_frames"":1000,""source_end_frame"":942,""source_frames"":1000,""source_inactive_frames"":0,""source_path"":""D:\\360Downloads\\123\\data\\Anti-UAV410\\annos\\test\\20190925_111757_1_4.txt"",""source_sha256"":""5e15675247687795d91627dd1c368d99ea2d4da489c6f545a2b0327291748374"",""source_start_frame"":703,""source_window_frames"":240,""task_id"":""AU-02"",""thermal_crossover"":1,""tiny_size"":0,""visibility_event_count"":0},{""dynamic_background_clutter"":0,""event_center_frame"":23,""fast_motion"":0,""inactive_frames_in_window"":0,""medium_size"":0,""normal_size"":1,""occlusion"":0,""offset_steps"":2,""out_of_view"":0,""requested_window_mode"":""motion"",""scale_variation"":0,""selected_window_mode"":""motion"",""small_size"":0,""source_active_frames"":1000,""source_end_frame"":239,""source_frames"":1000,""source_inactive_frames"":0,""source_path"":""D:\\360Downloads\\123\\data\\Anti-UAV410\\annos\\test\\20190926_111509_1_6.txt"",""source_sha256"":""cc8054e4a9e8875a4781dc478a9544ffbf89af76d5341cc2d84b214ebf22ad25"",""source_start_frame"":0,""source_window_frames"":240,""task_id"":""AU-03"",""thermal_crossover"":0,""tiny_size"":0,""visibility_event_count"":0},{""dynamic_background_clutter"":0,""event_center_frame"":239,""fast_motion"":0,""inactive_frames_in_window"":217,""medium_size"":1,""normal_size"":0,""occlusion"":0,""offset_steps"":3,""out_of_view"":1,""requested_window_mode"":""visibility"",""scale_variation"":0,""selected_window_mode"":""visibility"",""small_size"":1,""source_active_frames"":131,""source_end_frame"":347,""source_frames"":348,""source_inactive_frames"":217,""source_path"":""D:\\360Downloads\\123\\data\\Anti-UAV410\\annos\\test\\20190925_111757_1_10.txt"",""source_sha256"":""1c0bf72cd257afbc24df3275f019f4e780d406be4b5b1f471200f2822cad8aaa"",""source_start_frame"":71,""source_window_frames"":277,""task_id"":""AU-04"",""thermal_crossover"":1,""tiny_size"":0,""visibility_event_count"":1}]}",6,421.3333333333333,AU-01,1,1,1,3,{},0.16725563253470221,1.0,0.5,0.0,0.4875087227506515,1.0,0.16725563253470221,1.0,0.5,0.0,0.4875087227506515,1.0
anti_uav410,AU-L04-W07,public-trajectory-replay-v2,"{""event_window_version"":""anti-uav-event-window-v1"",""evidence_type"":""measured_image_plane_tracks_with_simulated_response_resources"",""fps"":null,""image_height"":512,""image_width"":640,""measured_dimensions"":[""apparent_size"",""image_plane_speed"",""visibility""],""motion_unit"":""normalized_image_diagonal_per_frame"",""protected_point"":[0.5,0.85],""source_files"":[""D:\\360Downloads\\123\\data\\Anti-UAV410\\annos\\test\\new21_train_newfix.txt"",""D:\\360Downloads\\123\\data\\Anti-UAV410\\annos\\test\\20190925_111757_1_4.txt"",""D:\\360Downloads\\123\\data\\Anti-UAV410\\annos\\test\\20190926_111509_1_6.txt"",""D:\\360Downloads\\123\\data\\Anti-UAV410\\annos\\test\\20190925_111757_1_10.txt""],""source_sha256"":[""9f8d4a687095adfcc2228a068008a77e8792654697493615a4885886dd53edb9"",""5e15675247687795d91627dd1c368d99ea2d4da489c6f545a2b0327291748374"",""cc8054e4a9e8875a4781dc478a9544ffbf89af76d5341cc2d84b214ebf22ad25"",""1c0bf72cd257afbc24df3275f019f4e780d406be4b5b1f471200f2822cad8aaa""],""synthetic_dimensions"":[""spatial_level"",""risk"",""response_window"",""multi_sequence_concurrency"",""resources""],""time_basis"":""frames"",""track_count"":4,""track_windows"":[{""dynamic_background_clutter"":1,""event_center_frame"":325,""fast_motion"":1,""inactive_frames_in_window"":0,""medium_size"":1,""normal_size"":0,""occlusion"":0,""offset_steps"":0,""out_of_view"":0,""requested_window_mode"":""motion"",""scale_variation"":1,""selected_window_mode"":""motion"",""small_size"":1,""source_active_frames"":1491,""source_end_frame"":444,""source_frames"":1491,""source_inactive_frames"":0,""source_path"":""D:\\360Downloads\\123\\data\\Anti-UAV410\\annos\\test\\new21_train_newfix.txt"",""source_sha256"":""9f8d4a687095adfcc2228a068008a77e8792654697493615a4885886dd53edb9"",""source_start_frame"":205,""source_window_frames"":240,""task_id"":""AU-01"",""thermal_crossover"":1,""tiny_size"":1,""visibility_event_count"":0},{""dynamic_background_clutter"":0,""event_center_frame"":823,""fast_motion"":0,""inactive_frames_in_window"":0,""medium_size"":1,""normal_size"":1,""occlusion"":0,""offset_steps"":1,""out_of_view"":0,""requested_window_mode"":""motion"",""scale_variation"":0,""selected_window_mode"":""motion"",""small_size"":0,""source_active_frames"":1000,""source_end_frame"":942,""source_frames"":1000,""source_inactive_frames"":0,""source_path"":""D:\\360Downloads\\123\\data\\Anti-UAV410\\annos\\test\\20190925_111757_1_4.txt"",""source_sha256"":""5e15675247687795d91627dd1c368d99ea2d4da489c6f545a2b0327291748374"",""source_start_frame"":703,""source_window_frames"":240,""task_id"":""AU-02"",""thermal_crossover"":1,""tiny_size"":0,""visibility_event_count"":0},{""dynamic_background_clutter"":0,""event_center_frame"":23,""fast_motion"":0,""inactive_frames_in_window"":0,""medium_size"":0,""normal_size"":1,""occlusion"":0,""offset_steps"":2,""out_of_view"":0,""requested_window_mode"":""motion"",""scale_variation"":0,""selected_window_mode"":""motion"",""small_size"":0,""source_active_frames"":1000,""source_end_frame"":239,""source_frames"":1000,""source_inactive_frames"":0,""source_path"":""D:\\360Downloads\\123\\data\\Anti-UAV410\\annos\\test\\20190926_111509_1_6.txt"",""source_sha256"":""cc8054e4a9e8875a4781dc478a9544ffbf89af76d5341cc2d84b214ebf22ad25"",""source_start_frame"":0,""source_window_frames"":240,""task_id"":""AU-03"",""thermal_crossover"":0,""tiny_size"":0,""visibility_event_count"":0},{""dynamic_background_clutter"":0,""event_center_frame"":239,""fast_motion"":0,""inactive_frames_in_window"":217,""medium_size"":1,""normal_size"":0,""occlusion"":0,""offset_steps"":3,""out_of_view"":1,""requested_window_mode"":""visibility"",""scale_variation"":0,""selected_window_mode"":""visibility"",""small_size"":1,""source_active_frames"":131,""source_end_frame"":347,""source_frames"":348,""source_inactive_frames"":217,""source_path"":""D:\\360Downloads\\123\\data\\Anti-UAV410\\annos\\test\\20190925_111757_1_10.txt"",""source_sha256"":""1c0bf72cd257afbc24df3275f019f4e780d406be4b5b1f471200f2822cad8aaa"",""source_start_frame"":71,""source_window_frames"":277,""task_id"":""AU-04"",""thermal_crossover"":1,""tiny_size"":0,""visibility_event_count"":1}]}",6,421.3333333333333,AU-02,1,1,1,3,{},0.6817310932681931,0.5488863841271588,0.5,0.37627542776234524,0.6505548299883597,1.0,0.6817310932681931,0.5488863841271588,0.5,0.37627542776234524,0.6505548299883597,1.0
anti_uav410,AU-L04-W07,public-trajectory-replay-v2,"{""event_window_version"":""anti-uav-event-window-v1"",""evidence_type"":""measured_image_plane_tracks_with_simulated_response_resources"",""fps"":null,""image_height"":512,""image_width"":640,""measured_dimensions"":[""apparent_size"",""image_plane_speed"",""visibility""],""motion_unit"":""normalized_image_diagonal_per_frame"",""protected_point"":[0.5,0.85],""source_files"":[""D:\\360Downloads\\123\\data\\Anti-UAV410\\annos\\test\\new21_train_newfix.txt"",""D:\\360Downloads\\123\\data\\Anti-UAV410\\annos\\test\\20190925_111757_1_4.txt"",""D:\\360Downloads\\123\\data\\Anti-UAV410\\annos\\test\\20190926_111509_1_6.txt"",""D:\\360Downloads\\123\\data\\Anti-UAV410\\annos\\test\\20190925_111757_1_10.txt""],""source_sha256"":[""9f8d4a687095adfcc2228a068008a77e8792654697493615a4885886dd53edb9"",""5e15675247687795d91627dd1c368d99ea2d4da489c6f545a2b0327291748374"",""cc8054e4a9e8875a4781dc478a9544ffbf89af76d5341cc2d84b214ebf22ad25"",""1c0bf72cd257afbc24df3275f019f4e780d406be4b5b1f471200f2822cad8aaa""],""synthetic_dimensions"":[""spatial_level"",""risk"",""response_window"",""multi_sequence_concurrency"",""resources""],""time_basis"":""frames"",""track_count"":4,""track_windows"":[{""dynamic_background_clutter"":1,""event_center_frame"":325,""fast_motion"":1,""inactive_frames_in_window"":0,""medium_size"":1,""normal_size"":0,""occlusion"":0,""offset_steps"":0,""out_of_view"":0,""requested_window_mode"":""motion"",""scale_variation"":1,""selected_window_mode"":""motion"",""small_size"":1,""source_active_frames"":1491,""source_end_frame"":444,""source_frames"":1491,""source_inactive_frames"":0,""source_path"":""D:\\360Downloads\\123\\data\\Anti-UAV410\\annos\\test\\new21_train_newfix.txt"",""source_sha256"":""9f8d4a687095adfcc2228a068008a77e8792654697493615a4885886dd53edb9"",""source_start_frame"":205,""source_window_frames"":240,""task_id"":""AU-01"",""thermal_crossover"":1,""tiny_size"":1,""visibility_event_count"":0},{""dynamic_background_clutter"":0,""event_center_frame"":823,""fast_motion"":0,""inactive_frames_in_window"":0,""medium_size"":1,""normal_size"":1,""occlusion"":0,""offset_steps"":1,""out_of_view"":0,""requested_window_mode"":""motion"",""scale_variation"":0,""selected_window_mode"":""motion"",""small_size"":0,""source_active_frames"":1000,""source_end_frame"":942,""source_frames"":1000,""source_inactive_frames"":0,""source_path"":""D:\\360Downloads\\123\\data\\Anti-UAV410\\annos\\test\\20190925_111757_1_4.txt"",""source_sha256"":""5e15675247687795d91627dd1c368d99ea2d4da489c6f545a2b0327291748374"",""source_start_frame"":703,""source_window_frames"":240,""task_id"":""AU-02"",""thermal_crossover"":1,""tiny_size"":0,""visibility_event_count"":0},{""dynamic_background_clutter"":0,""event_center_frame"":23,""fast_motion"":0,""inactive_frames_in_window"":0,""medium_size"":0,""normal_size"":1,""occlusion"":0,""offset_steps"":2,""out_of_view"":0,""requested_window_mode"":""motion"",""scale_variation"":0,""selected_window_mode"":""motion"",""small_size"":0,""source_active_frames"":1000,""source_end_frame"":239,""source_frames"":1000,""source_inactive_frames"":0,""source_path"":""D:\\360Downloads\\123\\data\\Anti-UAV410\\annos\\test\\20190926_111509_1_6.txt"",""source_sha256"":""cc8054e4a9e8875a4781dc478a9544ffbf89af76d5341cc2d84b214ebf22ad25"",""source_start_frame"":0,""source_window_frames"":240,""task_id"":""AU-03"",""thermal_crossover"":0,""tiny_size"":0,""visibility_event_count"":0},{""dynamic_background_clutter"":0,""event_center_frame"":239,""fast_motion"":0,""inactive_frames_in_window"":217,""medium_size"":1,""normal_size"":0,""occlusion"":0,""offset_steps"":3,""out_of_view"":1,""requested_window_mode"":""visibility"",""scale_variation"":0,""selected_window_mode"":""visibility"",""small_size"":1,""source_active_frames"":131,""source_end_frame"":347,""source_frames"":348,""source_inactive_frames"":217,""source_path"":""D:\\360Downloads\\123\\data\\Anti-UAV410\\annos\\test\\20190925_111757_1_10.txt"",""source_sha256"":""1c0bf72cd257afbc24df3275f019f4e780d406be4b5b1f471200f2822cad8aaa"",""source_start_frame"":71,""source_window_frames"":277,""task_id"":""AU-04"",""thermal_crossover"":1,""tiny_size"":0,""visibility_event_count"":1}]}",6,421.3333333333333,AU-03,1,1,1,3,{},0.8299185406238256,0.09395620758875163,0.5,0.37627542776234524,0.6229994769132485,1.0,0.8299185406238256,0.09395620758875163,0.5,0.37627542776234524,0.6229994769132485,1.0
anti_uav410,AU-L04-W07,public-trajectory-replay-v2,"{""event_window_version"":""anti-uav-event-window-v1"",""evidence_type"":""measured_image_plane_tracks_with_simulated_response_resources"",""fps"":null,""image_height"":512,""image_width"":640,""measured_dimensions"":[""apparent_size"",""image_plane_speed"",""visibility""],""motion_unit"":""normalized_image_diagonal_per_frame"",""protected_point"":[0.5,0.85],""source_files"":[""D:\\360Downloads\\123\\data\\Anti-UAV410\\annos\\test\\new21_train_newfix.txt"",""D:\\360Downloads\\123\\data\\Anti-UAV410\\annos\\test\\20190925_111757_1_4.txt"",""D:\\360Downloads\\123\\data\\Anti-UAV410\\annos\\test\\20190926_111509_1_6.txt"",""D:\\360Downloads\\123\\data\\Anti-UAV410\\annos\\test\\20190925_111757_1_10.txt""],""source_sha256"":[""9f8d4a687095adfcc2228a068008a77e8792654697493615a4885886dd53edb9"",""5e15675247687795d91627dd1c368d99ea2d4da489c6f545a2b0327291748374"",""cc8054e4a9e8875a4781dc478a9544ffbf89af76d5341cc2d84b214ebf22ad25"",""1c0bf72cd257afbc24df3275f019f4e780d406be4b5b1f471200f2822cad8aaa""],""synthetic_dimensions"":[""spatial_level"",""risk"",""response_window"",""multi_sequence_concurrency"",""resources""],""time_basis"":""frames"",""track_count"":4,""track_windows"":[{""dynamic_background_clutter"":1,""event_center_frame"":325,""fast_motion"":1,""inactive_frames_in_window"":0,""medium_size"":1,""normal_size"":0,""occlusion"":0,""offset_steps"":0,""out_of_view"":0,""requested_window_mode"":""motion"",""scale_variation"":1,""selected_window_mode"":""motion"",""small_size"":1,""source_active_frames"":1491,""source_end_frame"":444,""source_frames"":1491,""source_inactive_frames"":0,""source_path"":""D:\\360Downloads\\123\\data\\Anti-UAV410\\annos\\test\\new21_train_newfix.txt"",""source_sha256"":""9f8d4a687095adfcc2228a068008a77e8792654697493615a4885886dd53edb9"",""source_start_frame"":205,""source_window_frames"":240,""task_id"":""AU-01"",""thermal_crossover"":1,""tiny_size"":1,""visibility_event_count"":0},{""dynamic_background_clutter"":0,""event_center_frame"":823,""fast_motion"":0,""inactive_frames_in_window"":0,""medium_size"":1,""normal_size"":1,""occlusion"":0,""offset_steps"":1,""out_of_view"":0,""requested_window_mode"":""motion"",""scale_variation"":0,""selected_window_mode"":""motion"",""small_size"":0,""source_active_frames"":1000,""source_end_frame"":942,""source_frames"":1000,""source_inactive_frames"":0,""source_path"":""D:\\360Downloads\\123\\data\\Anti-UAV410\\annos\\test\\20190925_111757_1_4.txt"",""source_sha256"":""5e15675247687795d91627dd1c368d99ea2d4da489c6f545a2b0327291748374"",""source_start_frame"":703,""source_window_frames"":240,""task_id"":""AU-02"",""thermal_crossover"":1,""tiny_size"":0,""visibility_event_count"":0},{""dynamic_background_clutter"":0,""event_center_frame"":23,""fast_motion"":0,""inactive_frames_in_window"":0,""medium_size"":0,""normal_size"":1,""occlusion"":0,""offset_steps"":2,""out_of_view"":0,""requested_window_mode"":""motion"",""scale_variation"":0,""selected_window_mode"":""motion"",""small_size"":0,""source_active_frames"":1000,""source_end_frame"":239,""source_frames"":1000,""source_inactive_frames"":0,""source_path"":""D:\\360Downloads\\123\\data\\Anti-UAV410\\annos\\test\\20190926_111509_1_6.txt"",""source_sha256"":""cc8054e4a9e8875a4781dc478a9544ffbf89af76d5341cc2d84b214ebf22ad25"",""source_start_frame"":0,""source_window_frames"":240,""task_id"":""AU-03"",""thermal_crossover"":0,""tiny_size"":0,""visibility_event_count"":0},{""dynamic_background_clutter"":0,""event_center_frame"":239,""fast_motion"":0,""inactive_frames_in_window"":217,""medium_size"":1,""normal_size"":0,""occlusion"":0,""offset_steps"":3,""out_of_view"":1,""requested_window_mode"":""visibility"",""scale_variation"":0,""selected_window_mode"":""visibility"",""small_size"":1,""source_active_frames"":131,""source_end_frame"":347,""source_frames"":348,""source_inactive_frames"":217,""source_path"":""D:\\360Downloads\\123\\data\\Anti-UAV410\\annos\\test\\20190925_111757_1_10.txt"",""source_sha256"":""1c0bf72cd257afbc24df3275f019f4e780d406be4b5b1f471200f2822cad8aaa"",""source_start_frame"":71,""source_window_frames"":277,""task_id"":""AU-04"",""thermal_crossover"":1,""tiny_size"":0,""visibility_event_count"":1}]}",6,421.3333333333333,AU-04,0,0,1,3,{},0.0,0.0,0.5,0.0,0.35,1.0,0.0,0.0,0.5,0.0,0.35,1.0
anti_uav410,AU-L04-W07,public-trajectory-replay-v2,"{""event_window_version"":""anti-uav-event-window-v1"",""evidence_type"":""measured_image_plane_tracks_with_simulated_response_resources"",""fps"":null,""image_height"":512,""image_width"":640,""measured_dimensions"":[""apparent_size"",""image_plane_speed"",""visibility""],""motion_unit"":""normalized_image_diagonal_per_frame"",""protected_point"":[0.5,0.85],""source_files"":[""D:\\360Downloads\\123\\data\\Anti-UAV410\\annos\\test\\new21_train_newfix.txt"",""D:\\360Downloads\\123\\data\\Anti-UAV410\\annos\\test\\20190925_111757_1_4.txt"",""D:\\360Downloads\\123\\data\\Anti-UAV410\\annos\\test\\20190926_111509_1_6.txt"",""D:\\360Downloads\\123\\data\\Anti-UAV410\\annos\\test\\20190925_111757_1_10.txt""],""source_sha256"":[""9f8d4a687095adfcc2228a068008a77e8792654697493615a4885886dd53edb9"",""5e15675247687795d91627dd1c368d99ea2d4da489c6f545a2b0327291748374"",""cc8054e4a9e8875a4781dc478a9544ffbf89af76d5341cc2d84b214ebf22ad25"",""1c0bf72cd257afbc24df3275f019f4e780d406be4b5b1f471200f2822cad8aaa""],""synthetic_dimensions"":[""spatial_level"",""risk"",""response_window"",""multi_sequence_concurrency"",""resources""],""time_basis"":""frames"",""track_count"":4,""track_windows"":[{""dynamic_background_clutter"":1,""event_center_frame"":325,""fast_motion"":1,""inactive_frames_in_window"":0,""medium_size"":1,""normal_size"":0,""occlusion"":0,""offset_steps"":0,""out_of_view"":0,""requested_window_mode"":""motion"",""scale_variation"":1,""selected_window_mode"":""motion"",""small_size"":1,""source_active_frames"":1491,""source_end_frame"":444,""source_frames"":1491,""source_inactive_frames"":0,""source_path"":""D:\\360Downloads\\123\\data\\Anti-UAV410\\annos\\test\\new21_train_newfix.txt"",""source_sha256"":""9f8d4a687095adfcc2228a068008a77e8792654697493615a4885886dd53edb9"",""source_start_frame"":205,""source_window_frames"":240,""task_id"":""AU-01"",""thermal_crossover"":1,""tiny_size"":1,""visibility_event_count"":0},{""dynamic_background_clutter"":0,""event_center_frame"":823,""fast_motion"":0,""inactive_frames_in_window"":0,""medium_size"":1,""normal_size"":1,""occlusion"":0,""offset_steps"":1,""out_of_view"":0,""requested_window_mode"":""motion"",""scale_variation"":0,""selected_window_mode"":""motion"",""small_size"":0,""source_active_frames"":1000,""source_end_frame"":942,""source_frames"":1000,""source_inactive_frames"":0,""source_path"":""D:\\360Downloads\\123\\data\\Anti-UAV410\\annos\\test\\20190925_111757_1_4.txt"",""source_sha256"":""5e15675247687795d91627dd1c368d99ea2d4da489c6f545a2b0327291748374"",""source_start_frame"":703,""source_window_frames"":240,""task_id"":""AU-02"",""thermal_crossover"":1,""tiny_size"":0,""visibility_event_count"":0},{""dynamic_background_clutter"":0,""event_center_frame"":23,""fast_motion"":0,""inactive_frames_in_window"":0,""medium_size"":0,""normal_size"":1,""occlusion"":0,""offset_steps"":2,""out_of_view"":0,""requested_window_mode"":""motion"",""scale_variation"":0,""selected_window_mode"":""motion"",""small_size"":0,""source_active_frames"":1000,""source_end_frame"":239,""source_frames"":1000,""source_inactive_frames"":0,""source_path"":""D:\\360Downloads\\123\\data\\Anti-UAV410\\annos\\test\\20190926_111509_1_6.txt"",""source_sha256"":""cc8054e4a9e8875a4781dc478a9544ffbf89af76d5341cc2d84b214ebf22ad25"",""source_start_frame"":0,""source_window_frames"":240,""task_id"":""AU-03"",""thermal_crossover"":0,""tiny_size"":0,""visibility_event_count"":0},{""dynamic_background_clutter"":0,""event_center_frame"":239,""fast_motion"":0,""inactive_frames_in_window"":217,""medium_size"":1,""normal_size"":0,""occlusion"":0,""offset_steps"":3,""out_of_view"":1,""requested_window_mode"":""visibility"",""scale_variation"":0,""selected_window_mode"":""visibility"",""small_size"":1,""source_active_frames"":131,""source_end_frame"":347,""source_frames"":348,""source_inactive_frames"":217,""source_path"":""D:\\360Downloads\\123\\data\\Anti-UAV410\\annos\\test\\20190925_111757_1_10.txt"",""source_sha256"":""1c0bf72cd257afbc24df3275f019f4e780d406be4b5b1f471200f2822cad8aaa"",""source_start_frame"":71,""source_window_frames"":277,""task_id"":""AU-04"",""thermal_crossover"":1,""tiny_size"":0,""visibility_event_count"":1}]}",7,445.3333333333333,AU-01,1,1,1,3,{},0.18699748198365979,0.778962257691669,0.5,0.44467374797002857,0.6857803401500917,0.2886815343794698,0.18699748198365979,0.778962257691669,0.5,0.44467374797002857,0.6857803401500917,0.2886815343794698
anti_uav410,AU-L04-W07,public-trajectory-replay-v2,"{""event_window_version"":""anti-uav-event-window-v1"",""evidence_type"":""measured_image_plane_tracks_with_simulated_response_resources"",""fps"":null,""image_height"":512,""image_width"":640,""measured_dimensions"":[""apparent_size"",""image_plane_speed"",""visibility""],""motion_unit"":""normalized_image_diagonal_per_frame"",""protected_point"":[0.5,0.85],""source_files"":[""D:\\360Downloads\\123\\data\\Anti-UAV410\\annos\\test\\new21_train_newfix.txt"",""D:\\360Downloads\\123\\data\\Anti-UAV410\\annos\\test\\20190925_111757_1_4.txt"",""D:\\360Downloads\\123\\data\\Anti-UAV410\\annos\\test\\20190926_111509_1_6.txt"",""D:\\360Downloads\\123\\data\\Anti-UAV410\\annos\\test\\20190925_111757_1_10.txt""],""source_sha256"":[""9f8d4a687095adfcc2228a068008a77e8792654697493615a4885886dd53edb9"",""5e15675247687795d91627dd1c368d99ea2d4da489c6f545a2b0327291748374"",""cc8054e4a9e8875a4781dc478a9544ffbf89af76d5341cc2d84b214ebf22ad25"",""1c0bf72cd257afbc24df3275f019f4e780d406be4b5b1f471200f2822cad8aaa""],""synthetic_dimensions"":[""spatial_level"",""risk"",""response_window"",""multi_sequence_concurrency"",""resources""],""time_basis"":""frames"",""track_count"":4,""track_windows"":[{""dynamic_background_clutter"":1,""event_center_frame"":325,""fast_motion"":1,""inactive_frames_in_window"":0,""medium_size"":1,""normal_size"":0,""occlusion"":0,""offset_steps"":0,""out_of_view"":0,""requested_window_mode"":""motion"",""scale_variation"":1,""selected_window_mode"":""motion"",""small_size"":1,""source_active_frames"":1491,""source_end_frame"":444,""source_frames"":1491,""source_inactive_frames"":0,""source_path"":""D:\\360Downloads\\123\\data\\Anti-UAV410\\annos\\test\\new21_train_newfix.txt"",""source_sha256"":""9f8d4a687095adfcc2228a068008a77e8792654697493615a4885886dd53edb9"",""source_start_frame"":205,""source_window_frames"":240,""task_id"":""AU-01"",""thermal_crossover"":1,""tiny_size"":1,""visibility_event_count"":0},{""dynamic_background_clutter"":0,""event_center_frame"":823,""fast_motion"":0,""inactive_frames_in_window"":0,""medium_size"":1,""normal_size"":1,""occlusion"":0,""offset_steps"":1,""out_of_view"":0,""requested_window_mode"":""motion"",""scale_variation"":0,""selected_window_mode"":""motion"",""small_size"":0,""source_active_frames"":1000,""source_end_frame"":942,""source_frames"":1000,""source_inactive_frames"":0,""source_path"":""D:\\360Downloads\\123\\data\\Anti-UAV410\\annos\\test\\20190925_111757_1_4.txt"",""source_sha256"":""5e15675247687795d91627dd1c368d99ea2d4da489c6f545a2b0327291748374"",""source_start_frame"":703,""source_window_frames"":240,""task_id"":""AU-02"",""thermal_crossover"":1,""tiny_size"":0,""visibility_event_count"":0},{""dynamic_background_clutter"":0,""event_center_frame"":23,""fast_motion"":0,""inactive_frames_in_window"":0,""medium_size"":0,""normal_size"":1,""occlusion"":0,""offset_steps"":2,""out_of_view"":0,""requested_window_mode"":""motion"",""scale_variation"":0,""selected_window_mode"":""motion"",""small_size"":0,""source_active_frames"":1000,""source_end_frame"":239,""source_frames"":1000,""source_inactive_frames"":0,""source_path"":""D:\\360Downloads\\123\\data\\Anti-UAV410\\annos\\test\\20190926_111509_1_6.txt"",""source_sha256"":""cc8054e4a9e8875a4781dc478a9544ffbf89af76d5341cc2d84b214ebf22ad25"",""source_start_frame"":0,""source_window_frames"":240,""task_id"":""AU-03"",""thermal_crossover"":0,""tiny_size"":0,""visibility_event_count"":0},{""dynamic_background_clutter"":0,""event_center_frame"":239,""fast_motion"":0,""inactive_frames_in_window"":217,""medium_size"":1,""normal_size"":0,""occlusion"":0,""offset_steps"":3,""out_of_view"":1,""requested_window_mode"":""visibility"",""scale_variation"":0,""selected_window_mode"":""visibility"",""small_size"":1,""source_active_frames"":131,""source_end_frame"":347,""source_frames"":348,""source_inactive_frames"":217,""source_path"":""D:\\360Downloads\\123\\data\\Anti-UAV410\\annos\\test\\20190925_111757_1_10.txt"",""source_sha256"":""1c0bf72cd257afbc24df3275f019f4e780d406be4b5b1f471200f2822cad8aaa"",""source_start_frame"":71,""source_window_frames"":277,""task_id"":""AU-04"",""thermal_crossover"":1,""tiny_size"":0,""visibility_event_count"":1}]}",7,445.3333333333333,AU-02,1,1,1,3,{},0.707961040720428,0.26966144347840165,0.5,0.5805208352886095,0.6665249518206412,1.0,0.707961040720428,0.26966144347840165,0.5,0.5805208352886095,0.6665249518206412,1.0
anti_uav410,AU-L04-W07,public-trajectory-replay-v2,"{""event_window_version"":""anti-uav-event-window-v1"",""evidence_type"":""measured_image_plane_tracks_with_simulated_response_resources"",""fps"":null,""image_height"":512,""image_width"":640,""measured_dimensions"":[""apparent_size"",""image_plane_speed"",""visibility""],""motion_unit"":""normalized_image_diagonal_per_frame"",""protected_point"":[0.5,0.85],""source_files"":[""D:\\360Downloads\\123\\data\\Anti-UAV410\\annos\\test\\new21_train_newfix.txt"",""D:\\360Downloads\\123\\data\\Anti-UAV410\\annos\\test\\20190925_111757_1_4.txt"",""D:\\360Downloads\\123\\data\\Anti-UAV410\\annos\\test\\20190926_111509_1_6.txt"",""D:\\360Downloads\\123\\data\\Anti-UAV410\\annos\\test\\20190925_111757_1_10.txt""],""source_sha256"":[""9f8d4a687095adfcc2228a068008a77e8792654697493615a4885886dd53edb9"",""5e15675247687795d91627dd1c368d99ea2d4da489c6f545a2b0327291748374"",""cc8054e4a9e8875a4781dc478a9544ffbf89af76d5341cc2d84b214ebf22ad25"",""1c0bf72cd257afbc24df3275f019f4e780d406be4b5b1f471200f2822cad8aaa""],""synthetic_dimensions"":[""spatial_level"",""risk"",""response_window"",""multi_sequence_concurrency"",""resources""],""time_basis"":""frames"",""track_count"":4,""track_windows"":[{""dynamic_background_clutter"":1,""event_center_frame"":325,""fast_motion"":1,""inactive_frames_in_window"":0,""medium_size"":1,""normal_size"":0,""occlusion"":0,""offset_steps"":0,""out_of_view"":0,""requested_window_mode"":""motion"",""scale_variation"":1,""selected_window_mode"":""motion"",""small_size"":1,""source_active_frames"":1491,""source_end_frame"":444,""source_frames"":1491,""source_inactive_frames"":0,""source_path"":""D:\\360Downloads\\123\\data\\Anti-UAV410\\annos\\test\\new21_train_newfix.txt"",""source_sha256"":""9f8d4a687095adfcc2228a068008a77e8792654697493615a4885886dd53edb9"",""source_start_frame"":205,""source_window_frames"":240,""task_id"":""AU-01"",""thermal_crossover"":1,""tiny_size"":1,""visibility_event_count"":0},{""dynamic_background_clutter"":0,""event_center_frame"":823,""fast_motion"":0,""inactive_frames_in_window"":0,""medium_size"":1,""normal_size"":1,""occlusion"":0,""offset_steps"":1,""out_of_view"":0,""requested_window_mode"":""motion"",""scale_variation"":0,""selected_window_mode"":""motion"",""small_size"":0,""source_active_frames"":1000,""source_end_frame"":942,""source_frames"":1000,""source_inactive_frames"":0,""source_path"":""D:\\360Downloads\\123\\data\\Anti-UAV410\\annos\\test\\20190925_111757_1_4.txt"",""source_sha256"":""5e15675247687795d91627dd1c368d99ea2d4da489c6f545a2b0327291748374"",""source_start_frame"":703,""source_window_frames"":240,""task_id"":""AU-02"",""thermal_crossover"":1,""tiny_size"":0,""visibility_event_count"":0},{""dynamic_background_clutter"":0,""event_center_frame"":23,""fast_motion"":0,""inactive_frames_in_window"":0,""medium_size"":0,""normal_size"":1,""occlusion"":0,""offset_steps"":2,""out_of_view"":0,""requested_window_mode"":""motion"",""scale_variation"":0,""selected_window_mode"":""motion"",""small_size"":0,""source_active_frames"":1000,""source_end_frame"":239,""source_frames"":1000,""source_inactive_frames"":0,""source_path"":""D:\\360Downloads\\123\\data\\Anti-UAV410\\annos\\test\\20190926_111509_1_6.txt"",""source_sha256"":""cc8054e4a9e8875a4781dc478a9544ffbf89af76d5341cc2d84b214ebf22ad25"",""source_start_frame"":0,""source_window_frames"":240,""task_id"":""AU-03"",""thermal_crossover"":0,""tiny_size"":0,""visibility_event_count"":0},{""dynamic_background_clutter"":0,""event_center_frame"":239,""fast_motion"":0,""inactive_frames_in_window"":217,""medium_size"":1,""normal_size"":0,""occlusion"":0,""offset_steps"":3,""out_of_view"":1,""requested_window_mode"":""visibility"",""scale_variation"":0,""selected_window_mode"":""visibility"",""small_size"":1,""source_active_frames"":131,""source_end_frame"":347,""source_frames"":348,""source_inactive_frames"":217,""source_path"":""D:\\360Downloads\\123\\data\\Anti-UAV410\\annos\\test\\20190925_111757_1_10.txt"",""source_sha256"":""1c0bf72cd257afbc24df3275f019f4e780d406be4b5b1f471200f2822cad8aaa"",""source_start_frame"":71,""source_window_frames"":277,""task_id"":""AU-04"",""thermal_crossover"":1,""tiny_size"":0,""visibility_event_count"":1}]}",7,445.3333333333333,AU-03,1,1,1,3,{},0.8498525454208709,0.026360347540997198,0.5,0.6746309374343187,0.653575348976689,1.0,0.8498525454208709,0.026360347540997198,0.5,0.6746309374343187,0.653575348976689,1.0
anti_uav410,AU-L04-W07,public-trajectory-replay-v2,"{""event_window_version"":""anti-uav-event-window-v1"",""evidence_type"":""measured_image_plane_tracks_with_simulated_response_resources"",""fps"":null,""image_height"":512,""image_width"":640,""measured_dimensions"":[""apparent_size"",""image_plane_speed"",""visibility""],""motion_unit"":""normalized_image_diagonal_per_frame"",""protected_point"":[0.5,0.85],""source_files"":[""D:\\360Downloads\\123\\data\\Anti-UAV410\\annos\\test\\new21_train_newfix.txt"",""D:\\360Downloads\\123\\data\\Anti-UAV410\\annos\\test\\20190925_111757_1_4.txt"",""D:\\360Downloads\\123\\data\\Anti-UAV410\\annos\\test\\20190926_111509_1_6.txt"",""D:\\360Downloads\\123\\data\\Anti-UAV410\\annos\\test\\20190925_111757_1_10.txt""],""source_sha256"":[""9f8d4a687095adfcc2228a068008a77e8792654697493615a4885886dd53edb9"",""5e15675247687795d91627dd1c368d99ea2d4da489c6f545a2b0327291748374"",""cc8054e4a9e8875a4781dc478a9544ffbf89af76d5341cc2d84b214ebf22ad25"",""1c0bf72cd257afbc24df3275f019f4e780d406be4b5b1f471200f2822cad8aaa""],""synthetic_dimensions"":[""spatial_level"",""risk"",""response_window"",""multi_sequence_concurrency"",""resources""],""time_basis"":""frames"",""track_count"":4,""track_windows"":[{""dynamic_background_clutter"":1,""event_center_frame"":325,""fast_motion"":1,""inactive_frames_in_window"":0,""medium_size"":1,""normal_size"":0,""occlusion"":0,""offset_steps"":0,""out_of_view"":0,""requested_window_mode"":""motion"",""scale_variation"":1,""selected_window_mode"":""motion"",""small_size"":1,""source_active_frames"":1491,""source_end_frame"":444,""source_frames"":1491,""source_inactive_frames"":0,""source_path"":""D:\\360Downloads\\123\\data\\Anti-UAV410\\annos\\test\\new21_train_newfix.txt"",""source_sha256"":""9f8d4a687095adfcc2228a068008a77e8792654697493615a4885886dd53edb9"",""source_start_frame"":205,""source_window_frames"":240,""task_id"":""AU-01"",""thermal_crossover"":1,""tiny_size"":1,""visibility_event_count"":0},{""dynamic_background_clutter"":0,""event_center_frame"":823,""fast_motion"":0,""inactive_frames_in_window"":0,""medium_size"":1,""normal_size"":1,""occlusion"":0,""offset_steps"":1,""out_of_view"":0,""requested_window_mode"":""motion"",""scale_variation"":0,""selected_window_mode"":""motion"",""small_size"":0,""source_active_frames"":1000,""source_end_frame"":942,""source_frames"":1000,""source_inactive_frames"":0,""source_path"":""D:\\360Downloads\\123\\data\\Anti-UAV410\\annos\\test\\20190925_111757_1_4.txt"",""source_sha256"":""5e15675247687795d91627dd1c368d99ea2d4da489c6f545a2b0327291748374"",""source_start_frame"":703,""source_window_frames"":240,""task_id"":""AU-02"",""thermal_crossover"":1,""tiny_size"":0,""visibility_event_count"":0},{""dynamic_background_clutter"":0,""event_center_frame"":23,""fast_motion"":0,""inactive_frames_in_window"":0,""medium_size"":0,""normal_size"":1,""occlusion"":0,""offset_steps"":2,""out_of_view"":0,""requested_window_mode"":""motion"",""scale_variation"":0,""selected_window_mode"":""motion"",""small_size"":0,""source_active_frames"":1000,""source_end_frame"":239,""source_frames"":1000,""source_inactive_frames"":0,""source_path"":""D:\\360Downloads\\123\\data\\Anti-UAV410\\annos\\test\\20190926_111509_1_6.txt"",""source_sha256"":""cc8054e4a9e8875a4781dc478a9544ffbf89af76d5341cc2d84b214ebf22ad25"",""source_start_frame"":0,""source_window_frames"":240,""task_id"":""AU-03"",""thermal_crossover"":0,""tiny_size"":0,""visibility_event_count"":0},{""dynamic_background_clutter"":0,""event_center_frame"":239,""fast_motion"":0,""inactive_frames_in_window"":217,""medium_size"":1,""normal_size"":0,""occlusion"":0,""offset_steps"":3,""out_of_view"":1,""requested_window_mode"":""visibility"",""scale_variation"":0,""selected_window_mode"":""visibility"",""small_size"":1,""source_active_frames"":131,""source_end_frame"":347,""source_frames"":348,""source_inactive_frames"":217,""source_path"":""D:\\360Downloads\\123\\data\\Anti-UAV410\\annos\\test\\20190925_111757_1_10.txt"",""source_sha256"":""1c0bf72cd257afbc24df3275f019f4e780d406be4b5b1f471200f2822cad8aaa"",""source_start_frame"":71,""source_window_frames"":277,""task_id"":""AU-04"",""thermal_crossover"":1,""tiny_size"":0,""visibility_event_count"":1}]}",7,445.3333333333333,AU-04,0,0,1,3,{},0.0,0.0,0.5,0.0,0.35,1.0,0.0,0.0,0.5,0.0,0.35,1.0
anti_uav410,AU-L04-W07,public-trajectory-replay-v2,"{""event_window_version"":""anti-uav-event-window-v1"",""evidence_type"":""measured_image_plane_tracks_with_simulated_response_resources"",""fps"":null,""image_height"":512,""image_width"":640,""measured_dimensions"":[""apparent_size"",""image_plane_speed"",""visibility""],""motion_unit"":""normalized_image_diagonal_per_frame"",""protected_point"":[0.5,0.85],""source_files"":[""D:\\360Downloads\\123\\data\\Anti-UAV410\\annos\\test\\new21_train_newfix.txt"",""D:\\360Downloads\\123\\data\\Anti-UAV410\\annos\\test\\20190925_111757_1_4.txt"",""D:\\360Downloads\\123\\data\\Anti-UAV410\\annos\\test\\20190926_111509_1_6.txt"",""D:\\360Downloads\\123\\data\\Anti-UAV410\\annos\\test\\20190925_111757_1_10.txt""],""source_sha256"":[""9f8d4a687095adfcc2228a068008a77e8792654697493615a4885886dd53edb9"",""5e15675247687795d91627dd1c368d99ea2d4da489c6f545a2b0327291748374"",""cc8054e4a9e8875a4781dc478a9544ffbf89af76d5341cc2d84b214ebf22ad25"",""1c0bf72cd257afbc24df3275f019f4e780d406be4b5b1f471200f2822cad8aaa""],""synthetic_dimensions"":[""spatial_level"",""risk"",""response_window"",""multi_sequence_concurrency"",""resources""],""time_basis"":""frames"",""track_count"":4,""track_windows"":[{""dynamic_background_clutter"":1,""event_center_frame"":325,""fast_motion"":1,""inactive_frames_in_window"":0,""medium_size"":1,""normal_size"":0,""occlusion"":0,""offset_steps"":0,""out_of_view"":0,""requested_window_mode"":""motion"",""scale_variation"":1,""selected_window_mode"":""motion"",""small_size"":1,""source_active_frames"":1491,""source_end_frame"":444,""source_frames"":1491,""source_inactive_frames"":0,""source_path"":""D:\\360Downloads\\123\\data\\Anti-UAV410\\annos\\test\\new21_train_newfix.txt"",""source_sha256"":""9f8d4a687095adfcc2228a068008a77e8792654697493615a4885886dd53edb9"",""source_start_frame"":205,""source_window_frames"":240,""task_id"":""AU-01"",""thermal_crossover"":1,""tiny_size"":1,""visibility_event_count"":0},{""dynamic_background_clutter"":0,""event_center_frame"":823,""fast_motion"":0,""inactive_frames_in_window"":0,""medium_size"":1,""normal_size"":1,""occlusion"":0,""offset_steps"":1,""out_of_view"":0,""requested_window_mode"":""motion"",""scale_variation"":0,""selected_window_mode"":""motion"",""small_size"":0,""source_active_frames"":1000,""source_end_frame"":942,""source_frames"":1000,""source_inactive_frames"":0,""source_path"":""D:\\360Downloads\\123\\data\\Anti-UAV410\\annos\\test\\20190925_111757_1_4.txt"",""source_sha256"":""5e15675247687795d91627dd1c368d99ea2d4da489c6f545a2b0327291748374"",""source_start_frame"":703,""source_window_frames"":240,""task_id"":""AU-02"",""thermal_crossover"":1,""tiny_size"":0,""visibility_event_count"":0},{""dynamic_background_clutter"":0,""event_center_frame"":23,""fast_motion"":0,""inactive_frames_in_window"":0,""medium_size"":0,""normal_size"":1,""occlusion"":0,""offset_steps"":2,""out_of_view"":0,""requested_window_mode"":""motion"",""scale_variation"":0,""selected_window_mode"":""motion"",""small_size"":0,""source_active_frames"":1000,""source_end_frame"":239,""source_frames"":1000,""source_inactive_frames"":0,""source_path"":""D:\\360Downloads\\123\\data\\Anti-UAV410\\annos\\test\\20190926_111509_1_6.txt"",""source_sha256"":""cc8054e4a9e8875a4781dc478a9544ffbf89af76d5341cc2d84b214ebf22ad25"",""source_start_frame"":0,""source_window_frames"":240,""task_id"":""AU-03"",""thermal_crossover"":0,""tiny_size"":0,""visibility_event_count"":0},{""dynamic_background_clutter"":0,""event_center_frame"":239,""fast_motion"":0,""inactive_frames_in_window"":217,""medium_size"":1,""normal_size"":0,""occlusion"":0,""offset_steps"":3,""out_of_view"":1,""requested_window_mode"":""visibility"",""scale_variation"":0,""selected_window_mode"":""visibility"",""small_size"":1,""source_active_frames"":131,""source_end_frame"":347,""source_frames"":348,""source_inactive_frames"":217,""source_path"":""D:\\360Downloads\\123\\data\\Anti-UAV410\\annos\\test\\20190925_111757_1_10.txt"",""source_sha256"":""1c0bf72cd257afbc24df3275f019f4e780d406be4b5b1f471200f2822cad8aaa"",""source_start_frame"":71,""source_window_frames"":277,""task_id"":""AU-04"",""thermal_crossover"":1,""tiny_size"":0,""visibility_event_count"":1}]}",8,469.3333333333333,AU-01,1,1,1,3,{},0.13810679320049757,0.7699990982091407,0.5,0.32757371722515544,0.5666326043637151,1.0,0.13810679320049757,0.7699990982091407,0.5,0.32757371722515544,0.5666326043637151,1.0
anti_uav410,AU-L04-W07,public-trajectory-replay-v2,"{""event_window_version"":""anti-uav-event-window-v1"",""evidence_type"":""measured_image_plane_tracks_with_simulated_response_resources"",""fps"":null,""image_height"":512,""image_width"":640,""measured_dimensions"":[""apparent_size"",""image_plane_speed"",""visibility""],""motion_unit"":""normalized_image_diagonal_per_frame"",""protected_point"":[0.5,0.85],""source_files"":[""D:\\360Downloads\\123\\data\\Anti-UAV410\\annos\\test\\new21_train_newfix.txt"",""D:\\360Downloads\\123\\data\\Anti-UAV410\\annos\\test\\20190925_111757_1_4.txt"",""D:\\360Downloads\\123\\data\\Anti-UAV410\\annos\\test\\20190926_111509_1_6.txt"",""D:\\360Downloads\\123\\data\\Anti-UAV410\\annos\\test\\20190925_111757_1_10.txt""],""source_sha256"":[""9f8d4a687095adfcc2228a068008a77e8792654697493615a4885886dd53edb9"",""5e15675247687795d91627dd1c368d99ea2d4da489c6f545a2b0327291748374"",""cc8054e4a9e8875a4781dc478a9544ffbf89af76d5341cc2d84b214ebf22ad25"",""1c0bf72cd257afbc24df3275f019f4e780d406be4b5b1f471200f2822cad8aaa""],""synthetic_dimensions"":[""spatial_level"",""risk"",""response_window"",""multi_sequence_concurrency"",""resources""],""time_basis"":""frames"",""track_count"":4,""track_windows"":[{""dynamic_background_clutter"":1,""event_center_frame"":325,""fast_motion"":1,""inactive_frames_in_window"":0,""medium_size"":1,""normal_size"":0,""occlusion"":0,""offset_steps"":0,""out_of_view"":0,""requested_window_mode"":""motion"",""scale_variation"":1,""selected_window_mode"":""motion"",""small_size"":1,""source_active_frames"":1491,""source_end_frame"":444,""source_frames"":1491,""source_inactive_frames"":0,""source_path"":""D:\\360Downloads\\123\\data\\Anti-UAV410\\annos\\test\\new21_train_newfix.txt"",""source_sha256"":""9f8d4a687095adfcc2228a068008a77e8792654697493615a4885886dd53edb9"",""source_start_frame"":205,""source_window_frames"":240,""task_id"":""AU-01"",""thermal_crossover"":1,""tiny_size"":1,""visibility_event_count"":0},{""dynamic_background_clutter"":0,""event_center_frame"":823,""fast_motion"":0,""inactive_frames_in_window"":0,""medium_size"":1,""normal_size"":1,""occlusion"":0,""offset_steps"":1,""out_of_view"":0,""requested_window_mode"":""motion"",""scale_variation"":0,""selected_window_mode"":""motion"",""small_size"":0,""source_active_frames"":1000,""source_end_frame"":942,""source_frames"":1000,""source_inactive_frames"":0,""source_path"":""D:\\360Downloads\\123\\data\\Anti-UAV410\\annos\\test\\20190925_111757_1_4.txt"",""source_sha256"":""5e15675247687795d91627dd1c368d99ea2d4da489c6f545a2b0327291748374"",""source_start_frame"":703,""source_window_frames"":240,""task_id"":""AU-02"",""thermal_crossover"":1,""tiny_size"":0,""visibility_event_count"":0},{""dynamic_background_clutter"":0,""event_center_frame"":23,""fast_motion"":0,""inactive_frames_in_window"":0,""medium_size"":0,""normal_size"":1,""occlusion"":0,""offset_steps"":2,""out_of_view"":0,""requested_window_mode"":""motion"",""scale_variation"":0,""selected_window_mode"":""motion"",""small_size"":0,""source_active_frames"":1000,""source_end_frame"":239,""source_frames"":1000,""source_inactive_frames"":0,""source_path"":""D:\\360Downloads\\123\\data\\Anti-UAV410\\annos\\test\\20190926_111509_1_6.txt"",""source_sha256"":""cc8054e4a9e8875a4781dc478a9544ffbf89af76d5341cc2d84b214ebf22ad25"",""source_start_frame"":0,""source_window_frames"":240,""task_id"":""AU-03"",""thermal_crossover"":0,""tiny_size"":0,""visibility_event_count"":0},{""dynamic_background_clutter"":0,""event_center_frame"":239,""fast_motion"":0,""inactive_frames_in_window"":217,""medium_size"":1,""normal_size"":0,""occlusion"":0,""offset_steps"":3,""out_of_view"":1,""requested_window_mode"":""visibility"",""scale_variation"":0,""selected_window_mode"":""visibility"",""small_size"":1,""source_active_frames"":131,""source_end_frame"":347,""source_frames"":348,""source_inactive_frames"":217,""source_path"":""D:\\360Downloads\\123\\data\\Anti-UAV410\\annos\\test\\20190925_111757_1_10.txt"",""source_sha256"":""1c0bf72cd257afbc24df3275f019f4e780d406be4b5b1f471200f2822cad8aaa"",""source_start_frame"":71,""source_window_frames"":277,""task_id"":""AU-04"",""thermal_crossover"":1,""tiny_size"":0,""visibility_event_count"":1}]}",8,469.3333333333333,AU-02,1,1,1,3,{},0.6951222820332885,0.16133442712559531,0.5,0.3042778812742999,0.6286005657534907,1.0,0.6951222820332885,0.16133442712559531,0.5,0.3042778812742999,0.6286005657534907,1.0
anti_uav410,AU-L04-W07,public-trajectory-replay-v2,"{""event_window_version"":""anti-uav-event-window-v1"",""evidence_type"":""measured_image_plane_tracks_with_simulated_response_resources"",""fps"":null,""image_height"":512,""image_width"":640,""measured_dimensions"":[""apparent_size"",""image_plane_speed"",""visibility""],""motion_unit"":""normalized_image_diagonal_per_frame"",""protected_point"":[0.5,0.85],""source_files"":[""D:\\360Downloads\\123\\data\\Anti-UAV410\\annos\\test\\new21_train_newfix.txt"",""D:\\360Downloads\\123\\data\\Anti-UAV410\\annos\\test\\20190925_111757_1_4.txt"",""D:\\360Downloads\\123\\data\\Anti-UAV410\\annos\\test\\20190926_111509_1_6.txt"",""D:\\360Downloads\\123\\data\\Anti-UAV410\\annos\\test\\20190925_111757_1_10.txt""],""source_sha256"":[""9f8d4a687095adfcc2228a068008a77e8792654697493615a4885886dd53edb9"",""5e15675247687795d91627dd1c368d99ea2d4da489c6f545a2b0327291748374"",""cc8054e4a9e8875a4781dc478a9544ffbf89af76d5341cc2d84b214ebf22ad25"",""1c0bf72cd257afbc24df3275f019f4e780d406be4b5b1f471200f2822cad8aaa""],""synthetic_dimensions"":[""spatial_level"",""risk"",""response_window"",""multi_sequence_concurrency"",""resources""],""time_basis"":""frames"",""track_count"":4,""track_windows"":[{""dynamic_background_clutter"":1,""event_center_frame"":325,""fast_motion"":1,""inactive_frames_in_window"":0,""medium_size"":1,""normal_size"":0,""occlusion"":0,""offset_steps"":0,""out_of_view"":0,""requested_window_mode"":""motion"",""scale_variation"":1,""selected_window_mode"":""motion"",""small_size"":1,""source_active_frames"":1491,""source_end_frame"":444,""source_frames"":1491,""source_inactive_frames"":0,""source_path"":""D:\\360Downloads\\123\\data\\Anti-UAV410\\annos\\test\\new21_train_newfix.txt"",""source_sha256"":""9f8d4a687095adfcc2228a068008a77e8792654697493615a4885886dd53edb9"",""source_start_frame"":205,""source_window_frames"":240,""task_id"":""AU-01"",""thermal_crossover"":1,""tiny_size"":1,""visibility_event_count"":0},{""dynamic_background_clutter"":0,""event_center_frame"":823,""fast_motion"":0,""inactive_frames_in_window"":0,""medium_size"":1,""normal_size"":1,""occlusion"":0,""offset_steps"":1,""out_of_view"":0,""requested_window_mode"":""motion"",""scale_variation"":0,""selected_window_mode"":""motion"",""small_size"":0,""source_active_frames"":1000,""source_end_frame"":942,""source_frames"":1000,""source_inactive_frames"":0,""source_path"":""D:\\360Downloads\\123\\data\\Anti-UAV410\\annos\\test\\20190925_111757_1_4.txt"",""source_sha256"":""5e15675247687795d91627dd1c368d99ea2d4da489c6f545a2b0327291748374"",""source_start_frame"":703,""source_window_frames"":240,""task_id"":""AU-02"",""thermal_crossover"":1,""tiny_size"":0,""visibility_event_count"":0},{""dynamic_background_clutter"":0,""event_center_frame"":23,""fast_motion"":0,""inactive_frames_in_window"":0,""medium_size"":0,""normal_size"":1,""occlusion"":0,""offset_steps"":2,""out_of_view"":0,""requested_window_mode"":""motion"",""scale_variation"":0,""selected_window_mode"":""motion"",""small_size"":0,""source_active_frames"":1000,""source_end_frame"":239,""source_frames"":1000,""source_inactive_frames"":0,""source_path"":""D:\\360Downloads\\123\\data\\Anti-UAV410\\annos\\test\\20190926_111509_1_6.txt"",""source_sha256"":""cc8054e4a9e8875a4781dc478a9544ffbf89af76d5341cc2d84b214ebf22ad25"",""source_start_frame"":0,""source_window_frames"":240,""task_id"":""AU-03"",""thermal_crossover"":0,""tiny_size"":0,""visibility_event_count"":0},{""dynamic_background_clutter"":0,""event_center_frame"":239,""fast_motion"":0,""inactive_frames_in_window"":217,""medium_size"":1,""normal_size"":0,""occlusion"":0,""offset_steps"":3,""out_of_view"":1,""requested_window_mode"":""visibility"",""scale_variation"":0,""selected_window_mode"":""visibility"",""small_size"":1,""source_active_frames"":131,""source_end_frame"":347,""source_frames"":348,""source_inactive_frames"":217,""source_path"":""D:\\360Downloads\\123\\data\\Anti-UAV410\\annos\\test\\20190925_111757_1_10.txt"",""source_sha256"":""1c0bf72cd257afbc24df3275f019f4e780d406be4b5b1f471200f2822cad8aaa"",""source_start_frame"":71,""source_window_frames"":277,""task_id"":""AU-04"",""thermal_crossover"":1,""tiny_size"":0,""visibility_event_count"":1}]}",8,469.3333333333333,AU-03,1,1,1,3,{},0.861001065787063,0.22527573688810004,0.5,0.5357551475446851,0.6323238724265507,1.0,0.861001065787063,0.22527573688810004,0.5,0.5357551475446851,0.6323238724265507,1.0
anti_uav410,AU-L04-W07,public-trajectory-replay-v2,"{""event_window_version"":""anti-uav-event-window-v1"",""evidence_type"":""measured_image_plane_tracks_with_simulated_response_resources"",""fps"":null,""image_height"":512,""image_width"":640,""measured_dimensions"":[""apparent_size"",""image_plane_speed"",""visibility""],""motion_unit"":""normalized_image_diagonal_per_frame"",""protected_point"":[0.5,0.85],""source_files"":[""D:\\360Downloads\\123\\data\\Anti-UAV410\\annos\\test\\new21_train_newfix.txt"",""D:\\360Downloads\\123\\data\\Anti-UAV410\\annos\\test\\20190925_111757_1_4.txt"",""D:\\360Downloads\\123\\data\\Anti-UAV410\\annos\\test\\20190926_111509_1_6.txt"",""D:\\360Downloads\\123\\data\\Anti-UAV410\\annos\\test\\20190925_111757_1_10.txt""],""source_sha256"":[""9f8d4a687095adfcc2228a068008a77e8792654697493615a4885886dd53edb9"",""5e15675247687795d91627dd1c368d99ea2d4da489c6f545a2b0327291748374"",""cc8054e4a9e8875a4781dc478a9544ffbf89af76d5341cc2d84b214ebf22ad25"",""1c0bf72cd257afbc24df3275f019f4e780d406be4b5b1f471200f2822cad8aaa""],""synthetic_dimensions"":[""spatial_level"",""risk"",""response_window"",""multi_sequence_concurrency"",""resources""],""time_basis"":""frames"",""track_count"":4,""track_windows"":[{""dynamic_background_clutter"":1,""event_center_frame"":325,""fast_motion"":1,""inactive_frames_in_window"":0,""medium_size"":1,""normal_size"":0,""occlusion"":0,""offset_steps"":0,""out_of_view"":0,""requested_window_mode"":""motion"",""scale_variation"":1,""selected_window_mode"":""motion"",""small_size"":1,""source_active_frames"":1491,""source_end_frame"":444,""source_frames"":1491,""source_inactive_frames"":0,""source_path"":""D:\\360Downloads\\123\\data\\Anti-UAV410\\annos\\test\\new21_train_newfix.txt"",""source_sha256"":""9f8d4a687095adfcc2228a068008a77e8792654697493615a4885886dd53edb9"",""source_start_frame"":205,""source_window_frames"":240,""task_id"":""AU-01"",""thermal_crossover"":1,""tiny_size"":1,""visibility_event_count"":0},{""dynamic_background_clutter"":0,""event_center_frame"":823,""fast_motion"":0,""inactive_frames_in_window"":0,""medium_size"":1,""normal_size"":1,""occlusion"":0,""offset_steps"":1,""out_of_view"":0,""requested_window_mode"":""motion"",""scale_variation"":0,""selected_window_mode"":""motion"",""small_size"":0,""source_active_frames"":1000,""source_end_frame"":942,""source_frames"":1000,""source_inactive_frames"":0,""source_path"":""D:\\360Downloads\\123\\data\\Anti-UAV410\\annos\\test\\20190925_111757_1_4.txt"",""source_sha256"":""5e15675247687795d91627dd1c368d99ea2d4da489c6f545a2b0327291748374"",""source_start_frame"":703,""source_window_frames"":240,""task_id"":""AU-02"",""thermal_crossover"":1,""tiny_size"":0,""visibility_event_count"":0},{""dynamic_background_clutter"":0,""event_center_frame"":23,""fast_motion"":0,""inactive_frames_in_window"":0,""medium_size"":0,""normal_size"":1,""occlusion"":0,""offset_steps"":2,""out_of_view"":0,""requested_window_mode"":""motion"",""scale_variation"":0,""selected_window_mode"":""motion"",""small_size"":0,""source_active_frames"":1000,""source_end_frame"":239,""source_frames"":1000,""source_inactive_frames"":0,""source_path"":""D:\\360Downloads\\123\\data\\Anti-UAV410\\annos\\test\\20190926_111509_1_6.txt"",""source_sha256"":""cc8054e4a9e8875a4781dc478a9544ffbf89af76d5341cc2d84b214ebf22ad25"",""source_start_frame"":0,""source_window_frames"":240,""task_id"":""AU-03"",""thermal_crossover"":0,""tiny_size"":0,""visibility_event_count"":0},{""dynamic_background_clutter"":0,""event_center_frame"":239,""fast_motion"":0,""inactive_frames_in_window"":217,""medium_size"":1,""normal_size"":0,""occlusion"":0,""offset_steps"":3,""out_of_view"":1,""requested_window_mode"":""visibility"",""scale_variation"":0,""selected_window_mode"":""visibility"",""small_size"":1,""source_active_frames"":131,""source_end_frame"":347,""source_frames"":348,""source_inactive_frames"":217,""source_path"":""D:\\360Downloads\\123\\data\\Anti-UAV410\\annos\\test\\20190925_111757_1_10.txt"",""source_sha256"":""1c0bf72cd257afbc24df3275f019f4e780d406be4b5b1f471200f2822cad8aaa"",""source_start_frame"":71,""source_window_frames"":277,""task_id"":""AU-04"",""thermal_crossover"":1,""tiny_size"":0,""visibility_event_count"":1}]}",8,469.3333333333333,AU-04,0,0,1,3,{},0.0,0.0,0.5,0.0,0.35,1.0,0.0,0.0,0.5,0.0,0.35,1.0
anti_uav410,AU-L04-W07,public-trajectory-replay-v2,"{""event_window_version"":""anti-uav-event-window-v1"",""evidence_type"":""measured_image_plane_tracks_with_simulated_response_resources"",""fps"":null,""image_height"":512,""image_width"":640,""measured_dimensions"":[""apparent_size"",""image_plane_speed"",""visibility""],""motion_unit"":""normalized_image_diagonal_per_frame"",""protected_point"":[0.5,0.85],""source_files"":[""D:\\360Downloads\\123\\data\\Anti-UAV410\\annos\\test\\new21_train_newfix.txt"",""D:\\360Downloads\\123\\data\\Anti-UAV410\\annos\\test\\20190925_111757_1_4.txt"",""D:\\360Downloads\\123\\data\\Anti-UAV410\\annos\\test\\20190926_111509_1_6.txt"",""D:\\360Downloads\\123\\data\\Anti-UAV410\\annos\\test\\20190925_111757_1_10.txt""],""source_sha256"":[""9f8d4a687095adfcc2228a068008a77e8792654697493615a4885886dd53edb9"",""5e15675247687795d91627dd1c368d99ea2d4da489c6f545a2b0327291748374"",""cc8054e4a9e8875a4781dc478a9544ffbf89af76d5341cc2d84b214ebf22ad25"",""1c0bf72cd257afbc24df3275f019f4e780d406be4b5b1f471200f2822cad8aaa""],""synthetic_dimensions"":[""spatial_level"",""risk"",""response_window"",""multi_sequence_concurrency"",""resources""],""time_basis"":""frames"",""track_count"":4,""track_windows"":[{""dynamic_background_clutter"":1,""event_center_frame"":325,""fast_motion"":1,""inactive_frames_in_window"":0,""medium_size"":1,""normal_size"":0,""occlusion"":0,""offset_steps"":0,""out_of_view"":0,""requested_window_mode"":""motion"",""scale_variation"":1,""selected_window_mode"":""motion"",""small_size"":1,""source_active_frames"":1491,""source_end_frame"":444,""source_frames"":1491,""source_inactive_frames"":0,""source_path"":""D:\\360Downloads\\123\\data\\Anti-UAV410\\annos\\test\\new21_train_newfix.txt"",""source_sha256"":""9f8d4a687095adfcc2228a068008a77e8792654697493615a4885886dd53edb9"",""source_start_frame"":205,""source_window_frames"":240,""task_id"":""AU-01"",""thermal_crossover"":1,""tiny_size"":1,""visibility_event_count"":0},{""dynamic_background_clutter"":0,""event_center_frame"":823,""fast_motion"":0,""inactive_frames_in_window"":0,""medium_size"":1,""normal_size"":1,""occlusion"":0,""offset_steps"":1,""out_of_view"":0,""requested_window_mode"":""motion"",""scale_variation"":0,""selected_window_mode"":""motion"",""small_size"":0,""source_active_frames"":1000,""source_end_frame"":942,""source_frames"":1000,""source_inactive_frames"":0,""source_path"":""D:\\360Downloads\\123\\data\\Anti-UAV410\\annos\\test\\20190925_111757_1_4.txt"",""source_sha256"":""5e15675247687795d91627dd1c368d99ea2d4da489c6f545a2b0327291748374"",""source_start_frame"":703,""source_window_frames"":240,""task_id"":""AU-02"",""thermal_crossover"":1,""tiny_size"":0,""visibility_event_count"":0},{""dynamic_background_clutter"":0,""event_center_frame"":23,""fast_motion"":0,""inactive_frames_in_window"":0,""medium_size"":0,""normal_size"":1,""occlusion"":0,""offset_steps"":2,""out_of_view"":0,""requested_window_mode"":""motion"",""scale_variation"":0,""selected_window_mode"":""motion"",""small_size"":0,""source_active_frames"":1000,""source_end_frame"":239,""source_frames"":1000,""source_inactive_frames"":0,""source_path"":""D:\\360Downloads\\123\\data\\Anti-UAV410\\annos\\test\\20190926_111509_1_6.txt"",""source_sha256"":""cc8054e4a9e8875a4781dc478a9544ffbf89af76d5341cc2d84b214ebf22ad25"",""source_start_frame"":0,""source_window_frames"":240,""task_id"":""AU-03"",""thermal_crossover"":0,""tiny_size"":0,""visibility_event_count"":0},{""dynamic_background_clutter"":0,""event_center_frame"":239,""fast_motion"":0,""inactive_frames_in_window"":217,""medium_size"":1,""normal_size"":0,""occlusion"":0,""offset_steps"":3,""out_of_view"":1,""requested_window_mode"":""visibility"",""scale_variation"":0,""selected_window_mode"":""visibility"",""small_size"":1,""source_active_frames"":131,""source_end_frame"":347,""source_frames"":348,""source_inactive_frames"":217,""source_path"":""D:\\360Downloads\\123\\data\\Anti-UAV410\\annos\\test\\20190925_111757_1_10.txt"",""source_sha256"":""1c0bf72cd257afbc24df3275f019f4e780d406be4b5b1f471200f2822cad8aaa"",""source_start_frame"":71,""source_window_frames"":277,""task_id"":""AU-04"",""thermal_crossover"":1,""tiny_size"":0,""visibility_event_count"":1}]}",9,493.6666666666667,AU-01,1,1,1,3,{},0.20171788261496965,0.7137110701083657,0.5,0.36149542755621666,0.5688121928712714,1.0,0.20171788261496965,0.7137110701083657,0.5,0.36149542755621666,0.5688121928712714,1.0
anti_uav410,AU-L04-W07,public-trajectory-replay-v2,"{""event_window_version"":""anti-uav-event-window-v1"",""evidence_type"":""measured_image_plane_tracks_with_simulated_response_resources"",""fps"":null,""image_height"":512,""image_width"":640,""measured_dimensions"":[""apparent_size"",""image_plane_speed"",""visibility""],""motion_unit"":""normalized_image_diagonal_per_frame"",""protected_point"":[0.5,0.85],""source_files"":[""D:\\360Downloads\\123\\data\\Anti-UAV410\\annos\\test\\new21_train_newfix.txt"",""D:\\360Downloads\\123\\data\\Anti-UAV410\\annos\\test\\20190925_111757_1_4.txt"",""D:\\360Downloads\\123\\data\\Anti-UAV410\\annos\\test\\20190926_111509_1_6.txt"",""D:\\360Downloads\\123\\data\\Anti-UAV410\\annos\\test\\20190925_111757_1_10.txt""],""source_sha256"":[""9f8d4a687095adfcc2228a068008a77e8792654697493615a4885886dd53edb9"",""5e15675247687795d91627dd1c368d99ea2d4da489c6f545a2b0327291748374"",""cc8054e4a9e8875a4781dc478a9544ffbf89af76d5341cc2d84b214ebf22ad25"",""1c0bf72cd257afbc24df3275f019f4e780d406be4b5b1f471200f2822cad8aaa""],""synthetic_dimensions"":[""spatial_level"",""risk"",""response_window"",""multi_sequence_concurrency"",""resources""],""time_basis"":""frames"",""track_count"":4,""track_windows"":[{""dynamic_background_clutter"":1,""event_center_frame"":325,""fast_motion"":1,""inactive_frames_in_window"":0,""medium_size"":1,""normal_size"":0,""occlusion"":0,""offset_steps"":0,""out_of_view"":0,""requested_window_mode"":""motion"",""scale_variation"":1,""selected_window_mode"":""motion"",""small_size"":1,""source_active_frames"":1491,""source_end_frame"":444,""source_frames"":1491,""source_inactive_frames"":0,""source_path"":""D:\\360Downloads\\123\\data\\Anti-UAV410\\annos\\test\\new21_train_newfix.txt"",""source_sha256"":""9f8d4a687095adfcc2228a068008a77e8792654697493615a4885886dd53edb9"",""source_start_frame"":205,""source_window_frames"":240,""task_id"":""AU-01"",""thermal_crossover"":1,""tiny_size"":1,""visibility_event_count"":0},{""dynamic_background_clutter"":0,""event_center_frame"":823,""fast_motion"":0,""inactive_frames_in_window"":0,""medium_size"":1,""normal_size"":1,""occlusion"":0,""offset_steps"":1,""out_of_view"":0,""requested_window_mode"":""motion"",""scale_variation"":0,""selected_window_mode"":""motion"",""small_size"":0,""source_active_frames"":1000,""source_end_frame"":942,""source_frames"":1000,""source_inactive_frames"":0,""source_path"":""D:\\360Downloads\\123\\data\\Anti-UAV410\\annos\\test\\20190925_111757_1_4.txt"",""source_sha256"":""5e15675247687795d91627dd1c368d99ea2d4da489c6f545a2b0327291748374"",""source_start_frame"":703,""source_window_frames"":240,""task_id"":""AU-02"",""thermal_crossover"":1,""tiny_size"":0,""visibility_event_count"":0},{""dynamic_background_clutter"":0,""event_center_frame"":23,""fast_motion"":0,""inactive_frames_in_window"":0,""medium_size"":0,""normal_size"":1,""occlusion"":0,""offset_steps"":2,""out_of_view"":0,""requested_window_mode"":""motion"",""scale_variation"":0,""selected_window_mode"":""motion"",""small_size"":0,""source_active_frames"":1000,""source_end_frame"":239,""source_frames"":1000,""source_inactive_frames"":0,""source_path"":""D:\\360Downloads\\123\\data\\Anti-UAV410\\annos\\test\\20190926_111509_1_6.txt"",""source_sha256"":""cc8054e4a9e8875a4781dc478a9544ffbf89af76d5341cc2d84b214ebf22ad25"",""source_start_frame"":0,""source_window_frames"":240,""task_id"":""AU-03"",""thermal_crossover"":0,""tiny_size"":0,""visibility_event_count"":0},{""dynamic_background_clutter"":0,""event_center_frame"":239,""fast_motion"":0,""inactive_frames_in_window"":217,""medium_size"":1,""normal_size"":0,""occlusion"":0,""offset_steps"":3,""out_of_view"":1,""requested_window_mode"":""visibility"",""scale_variation"":0,""selected_window_mode"":""visibility"",""small_size"":1,""source_active_frames"":131,""source_end_frame"":347,""source_frames"":348,""source_inactive_frames"":217,""source_path"":""D:\\360Downloads\\123\\data\\Anti-UAV410\\annos\\test\\20190925_111757_1_10.txt"",""source_sha256"":""1c0bf72cd257afbc24df3275f019f4e780d406be4b5b1f471200f2822cad8aaa"",""source_start_frame"":71,""source_window_frames"":277,""task_id"":""AU-04"",""thermal_crossover"":1,""tiny_size"":0,""visibility_event_count"":1}]}",9,493.6666666666667,AU-02,1,1,1,3,{},0.6987712429686843,0.040468960658762626,0.5,0.4650063431263666,0.658466785896573,1.0,0.6987712429686843,0.040468960658762626,0.5,0.4650063431263666,0.658466785896573,1.0
anti_uav410,AU-L04-W07,public-trajectory-replay-v2,"{""event_window_version"":""anti-uav-event-window-v1"",""evidence_type"":""measured_image_plane_tracks_with_simulated_response_resources"",""fps"":null,""image_height"":512,""image_width"":640,""measured_dimensions"":[""apparent_size"",""image_plane_speed"",""visibility""],""motion_unit"":""normalized_image_diagonal_per_frame"",""protected_point"":[0.5,0.85],""source_files"":[""D:\\360Downloads\\123\\data\\Anti-UAV410\\annos\\test\\new21_train_newfix.txt"",""D:\\360Downloads\\123\\data\\Anti-UAV410\\annos\\test\\20190925_111757_1_4.txt"",""D:\\360Downloads\\123\\data\\Anti-UAV410\\annos\\test\\20190926_111509_1_6.txt"",""D:\\360Downloads\\123\\data\\Anti-UAV410\\annos\\test\\20190925_111757_1_10.txt""],""source_sha256"":[""9f8d4a687095adfcc2228a068008a77e8792654697493615a4885886dd53edb9"",""5e15675247687795d91627dd1c368d99ea2d4da489c6f545a2b0327291748374"",""cc8054e4a9e8875a4781dc478a9544ffbf89af76d5341cc2d84b214ebf22ad25"",""1c0bf72cd257afbc24df3275f019f4e780d406be4b5b1f471200f2822cad8aaa""],""synthetic_dimensions"":[""spatial_level"",""risk"",""response_window"",""multi_sequence_concurrency"",""resources""],""time_basis"":""frames"",""track_count"":4,""track_windows"":[{""dynamic_background_clutter"":1,""event_center_frame"":325,""fast_motion"":1,""inactive_frames_in_window"":0,""medium_size"":1,""normal_size"":0,""occlusion"":0,""offset_steps"":0,""out_of_view"":0,""requested_window_mode"":""motion"",""scale_variation"":1,""selected_window_mode"":""motion"",""small_size"":1,""source_active_frames"":1491,""source_end_frame"":444,""source_frames"":1491,""source_inactive_frames"":0,""source_path"":""D:\\360Downloads\\123\\data\\Anti-UAV410\\annos\\test\\new21_train_newfix.txt"",""source_sha256"":""9f8d4a687095adfcc2228a068008a77e8792654697493615a4885886dd53edb9"",""source_start_frame"":205,""source_window_frames"":240,""task_id"":""AU-01"",""thermal_crossover"":1,""tiny_size"":1,""visibility_event_count"":0},{""dynamic_background_clutter"":0,""event_center_frame"":823,""fast_motion"":0,""inactive_frames_in_window"":0,""medium_size"":1,""normal_size"":1,""occlusion"":0,""offset_steps"":1,""out_of_view"":0,""requested_window_mode"":""motion"",""scale_variation"":0,""selected_window_mode"":""motion"",""small_size"":0,""source_active_frames"":1000,""source_end_frame"":942,""source_frames"":1000,""source_inactive_frames"":0,""source_path"":""D:\\360Downloads\\123\\data\\Anti-UAV410\\annos\\test\\20190925_111757_1_4.txt"",""source_sha256"":""5e15675247687795d91627dd1c368d99ea2d4da489c6f545a2b0327291748374"",""source_start_frame"":703,""source_window_frames"":240,""task_id"":""AU-02"",""thermal_crossover"":1,""tiny_size"":0,""visibility_event_count"":0},{""dynamic_background_clutter"":0,""event_center_frame"":23,""fast_motion"":0,""inactive_frames_in_window"":0,""medium_size"":0,""normal_size"":1,""occlusion"":0,""offset_steps"":2,""out_of_view"":0,""requested_window_mode"":""motion"",""scale_variation"":0,""selected_window_mode"":""motion"",""small_size"":0,""source_active_frames"":1000,""source_end_frame"":239,""source_frames"":1000,""source_inactive_frames"":0,""source_path"":""D:\\360Downloads\\123\\data\\Anti-UAV410\\annos\\test\\20190926_111509_1_6.txt"",""source_sha256"":""cc8054e4a9e8875a4781dc478a9544ffbf89af76d5341cc2d84b214ebf22ad25"",""source_start_frame"":0,""source_window_frames"":240,""task_id"":""AU-03"",""thermal_crossover"":0,""tiny_size"":0,""visibility_event_count"":0},{""dynamic_background_clutter"":0,""event_center_frame"":239,""fast_motion"":0,""inactive_frames_in_window"":217,""medium_size"":1,""normal_size"":0,""occlusion"":0,""offset_steps"":3,""out_of_view"":1,""requested_window_mode"":""visibility"",""scale_variation"":0,""selected_window_mode"":""visibility"",""small_size"":1,""source_active_frames"":131,""source_end_frame"":347,""source_frames"":348,""source_inactive_frames"":217,""source_path"":""D:\\360Downloads\\123\\data\\Anti-UAV410\\annos\\test\\20190925_111757_1_10.txt"",""source_sha256"":""1c0bf72cd257afbc24df3275f019f4e780d406be4b5b1f471200f2822cad8aaa"",""source_start_frame"":71,""source_window_frames"":277,""task_id"":""AU-04"",""thermal_crossover"":1,""tiny_size"":0,""visibility_event_count"":1}]}",9,493.6666666666667,AU-03,1,1,1,3,{},0.8255660147993417,0.05864202560780306,0.5,0.435964905334713,0.6240963784772512,1.0,0.8255660147993417,0.05864202560780306,0.5,0.435964905334713,0.6240963784772512,1.0
anti_uav410,AU-L04-W07,public-trajectory-replay-v2,"{""event_window_version"":""anti-uav-event-window-v1"",""evidence_type"":""measured_image_plane_tracks_with_simulated_response_resources"",""fps"":null,""image_height"":512,""image_width"":640,""measured_dimensions"":[""apparent_size"",""image_plane_speed"",""visibility""],""motion_unit"":""normalized_image_diagonal_per_frame"",""protected_point"":[0.5,0.85],""source_files"":[""D:\\360Downloads\\123\\data\\Anti-UAV410\\annos\\test\\new21_train_newfix.txt"",""D:\\360Downloads\\123\\data\\Anti-UAV410\\annos\\test\\20190925_111757_1_4.txt"",""D:\\360Downloads\\123\\data\\Anti-UAV410\\annos\\test\\20190926_111509_1_6.txt"",""D:\\360Downloads\\123\\data\\Anti-UAV410\\annos\\test\\20190925_111757_1_10.txt""],""source_sha256"":[""9f8d4a687095adfcc2228a068008a77e8792654697493615a4885886dd53edb9"",""5e15675247687795d91627dd1c368d99ea2d4da489c6f545a2b0327291748374"",""cc8054e4a9e8875a4781dc478a9544ffbf89af76d5341cc2d84b214ebf22ad25"",""1c0bf72cd257afbc24df3275f019f4e780d406be4b5b1f471200f2822cad8aaa""],""synthetic_dimensions"":[""spatial_level"",""risk"",""response_window"",""multi_sequence_concurrency"",""resources""],""time_basis"":""frames"",""track_count"":4,""track_windows"":[{""dynamic_background_clutter"":1,""event_center_frame"":325,""fast_motion"":1,""inactive_frames_in_window"":0,""medium_size"":1,""normal_size"":0,""occlusion"":0,""offset_steps"":0,""out_of_view"":0,""requested_window_mode"":""motion"",""scale_variation"":1,""selected_window_mode"":""motion"",""small_size"":1,""source_active_frames"":1491,""source_end_frame"":444,""source_frames"":1491,""source_inactive_frames"":0,""source_path"":""D:\\360Downloads\\123\\data\\Anti-UAV410\\annos\\test\\new21_train_newfix.txt"",""source_sha256"":""9f8d4a687095adfcc2228a068008a77e8792654697493615a4885886dd53edb9"",""source_start_frame"":205,""source_window_frames"":240,""task_id"":""AU-01"",""thermal_crossover"":1,""tiny_size"":1,""visibility_event_count"":0},{""dynamic_background_clutter"":0,""event_center_frame"":823,""fast_motion"":0,""inactive_frames_in_window"":0,""medium_size"":1,""normal_size"":1,""occlusion"":0,""offset_steps"":1,""out_of_view"":0,""requested_window_mode"":""motion"",""scale_variation"":0,""selected_window_mode"":""motion"",""small_size"":0,""source_active_frames"":1000,""source_end_frame"":942,""source_frames"":1000,""source_inactive_frames"":0,""source_path"":""D:\\360Downloads\\123\\data\\Anti-UAV410\\annos\\test\\20190925_111757_1_4.txt"",""source_sha256"":""5e15675247687795d91627dd1c368d99ea2d4da489c6f545a2b0327291748374"",""source_start_frame"":703,""source_window_frames"":240,""task_id"":""AU-02"",""thermal_crossover"":1,""tiny_size"":0,""visibility_event_count"":0},{""dynamic_background_clutter"":0,""event_center_frame"":23,""fast_motion"":0,""inactive_frames_in_window"":0,""medium_size"":0,""normal_size"":1,""occlusion"":0,""offset_steps"":2,""out_of_view"":0,""requested_window_mode"":""motion"",""scale_variation"":0,""selected_window_mode"":""motion"",""small_size"":0,""source_active_frames"":1000,""source_end_frame"":239,""source_frames"":1000,""source_inactive_frames"":0,""source_path"":""D:\\360Downloads\\123\\data\\Anti-UAV410\\annos\\test\\20190926_111509_1_6.txt"",""source_sha256"":""cc8054e4a9e8875a4781dc478a9544ffbf89af76d5341cc2d84b214ebf22ad25"",""source_start_frame"":0,""source_window_frames"":240,""task_id"":""AU-03"",""thermal_crossover"":0,""tiny_size"":0,""visibility_event_count"":0},{""dynamic_background_clutter"":0,""event_center_frame"":239,""fast_motion"":0,""inactive_frames_in_window"":217,""medium_size"":1,""normal_size"":0,""occlusion"":0,""offset_steps"":3,""out_of_view"":1,""requested_window_mode"":""visibility"",""scale_variation"":0,""selected_window_mode"":""visibility"",""small_size"":1,""source_active_frames"":131,""source_end_frame"":347,""source_frames"":348,""source_inactive_frames"":217,""source_path"":""D:\\360Downloads\\123\\data\\Anti-UAV410\\annos\\test\\20190925_111757_1_10.txt"",""source_sha256"":""1c0bf72cd257afbc24df3275f019f4e780d406be4b5b1f471200f2822cad8aaa"",""source_start_frame"":71,""source_window_frames"":277,""task_id"":""AU-04"",""thermal_crossover"":1,""tiny_size"":0,""visibility_event_count"":1}]}",9,493.6666666666667,AU-04,0,0,1,3,{},0.0,0.0,0.5,0.0,0.35,1.0,0.0,0.0,0.5,0.0,0.35,1.0
anti_uav410,AU-L04-W07,public-trajectory-replay-v2,"{""event_window_version"":""anti-uav-event-window-v1"",""evidence_type"":""measured_image_plane_tracks_with_simulated_response_resources"",""fps"":null,""image_height"":512,""image_width"":640,""measured_dimensions"":[""apparent_size"",""image_plane_speed"",""visibility""],""motion_unit"":""normalized_image_diagonal_per_frame"",""protected_point"":[0.5,0.85],""source_files"":[""D:\\360Downloads\\123\\data\\Anti-UAV410\\annos\\test\\new21_train_newfix.txt"",""D:\\360Downloads\\123\\data\\Anti-UAV410\\annos\\test\\20190925_111757_1_4.txt"",""D:\\360Downloads\\123\\data\\Anti-UAV410\\annos\\test\\20190926_111509_1_6.txt"",""D:\\360Downloads\\123\\data\\Anti-UAV410\\annos\\test\\20190925_111757_1_10.txt""],""source_sha256"":[""9f8d4a687095adfcc2228a068008a77e8792654697493615a4885886dd53edb9"",""5e15675247687795d91627dd1c368d99ea2d4da489c6f545a2b0327291748374"",""cc8054e4a9e8875a4781dc478a9544ffbf89af76d5341cc2d84b214ebf22ad25"",""1c0bf72cd257afbc24df3275f019f4e780d406be4b5b1f471200f2822cad8aaa""],""synthetic_dimensions"":[""spatial_level"",""risk"",""response_window"",""multi_sequence_concurrency"",""resources""],""time_basis"":""frames"",""track_count"":4,""track_windows"":[{""dynamic_background_clutter"":1,""event_center_frame"":325,""fast_motion"":1,""inactive_frames_in_window"":0,""medium_size"":1,""normal_size"":0,""occlusion"":0,""offset_steps"":0,""out_of_view"":0,""requested_window_mode"":""motion"",""scale_variation"":1,""selected_window_mode"":""motion"",""small_size"":1,""source_active_frames"":1491,""source_end_frame"":444,""source_frames"":1491,""source_inactive_frames"":0,""source_path"":""D:\\360Downloads\\123\\data\\Anti-UAV410\\annos\\test\\new21_train_newfix.txt"",""source_sha256"":""9f8d4a687095adfcc2228a068008a77e8792654697493615a4885886dd53edb9"",""source_start_frame"":205,""source_window_frames"":240,""task_id"":""AU-01"",""thermal_crossover"":1,""tiny_size"":1,""visibility_event_count"":0},{""dynamic_background_clutter"":0,""event_center_frame"":823,""fast_motion"":0,""inactive_frames_in_window"":0,""medium_size"":1,""normal_size"":1,""occlusion"":0,""offset_steps"":1,""out_of_view"":0,""requested_window_mode"":""motion"",""scale_variation"":0,""selected_window_mode"":""motion"",""small_size"":0,""source_active_frames"":1000,""source_end_frame"":942,""source_frames"":1000,""source_inactive_frames"":0,""source_path"":""D:\\360Downloads\\123\\data\\Anti-UAV410\\annos\\test\\20190925_111757_1_4.txt"",""source_sha256"":""5e15675247687795d91627dd1c368d99ea2d4da489c6f545a2b0327291748374"",""source_start_frame"":703,""source_window_frames"":240,""task_id"":""AU-02"",""thermal_crossover"":1,""tiny_size"":0,""visibility_event_count"":0},{""dynamic_background_clutter"":0,""event_center_frame"":23,""fast_motion"":0,""inactive_frames_in_window"":0,""medium_size"":0,""normal_size"":1,""occlusion"":0,""offset_steps"":2,""out_of_view"":0,""requested_window_mode"":""motion"",""scale_variation"":0,""selected_window_mode"":""motion"",""small_size"":0,""source_active_frames"":1000,""source_end_frame"":239,""source_frames"":1000,""source_inactive_frames"":0,""source_path"":""D:\\360Downloads\\123\\data\\Anti-UAV410\\annos\\test\\20190926_111509_1_6.txt"",""source_sha256"":""cc8054e4a9e8875a4781dc478a9544ffbf89af76d5341cc2d84b214ebf22ad25"",""source_start_frame"":0,""source_window_frames"":240,""task_id"":""AU-03"",""thermal_crossover"":0,""tiny_size"":0,""visibility_event_count"":0},{""dynamic_background_clutter"":0,""event_center_frame"":239,""fast_motion"":0,""inactive_frames_in_window"":217,""medium_size"":1,""normal_size"":0,""occlusion"":0,""offset_steps"":3,""out_of_view"":1,""requested_window_mode"":""visibility"",""scale_variation"":0,""selected_window_mode"":""visibility"",""small_size"":1,""source_active_frames"":131,""source_end_frame"":347,""source_frames"":348,""source_inactive_frames"":217,""source_path"":""D:\\360Downloads\\123\\data\\Anti-UAV410\\annos\\test\\20190925_111757_1_10.txt"",""source_sha256"":""1c0bf72cd257afbc24df3275f019f4e780d406be4b5b1f471200f2822cad8aaa"",""source_start_frame"":71,""source_window_frames"":277,""task_id"":""AU-04"",""thermal_crossover"":1,""tiny_size"":0,""visibility_event_count"":1}]}",10,517.3333333333334,AU-01,1,1,1,3,{},0.18065673080093242,0.4114373854149692,0.5,0.3303369427998081,0.7170303826596582,0.208558614468967,0.18065673080093242,0.4114373854149692,0.5,0.3303369427998081,0.7170303826596582,0.208558614468967
anti_uav410,AU-L04-W07,public-trajectory-replay-v2,"{""event_window_version"":""anti-uav-event-window-v1"",""evidence_type"":""measured_image_plane_tracks_with_simulated_response_resources"",""fps"":null,""image_height"":512,""image_width"":640,""measured_dimensions"":[""apparent_size"",""image_plane_speed"",""visibility""],""motion_unit"":""normalized_image_diagonal_per_frame"",""protected_point"":[0.5,0.85],""source_files"":[""D:\\360Downloads\\123\\data\\Anti-UAV410\\annos\\test\\new21_train_newfix.txt"",""D:\\360Downloads\\123\\data\\Anti-UAV410\\annos\\test\\20190925_111757_1_4.txt"",""D:\\360Downloads\\123\\data\\Anti-UAV410\\annos\\test\\20190926_111509_1_6.txt"",""D:\\360Downloads\\123\\data\\Anti-UAV410\\annos\\test\\20190925_111757_1_10.txt""],""source_sha256"":[""9f8d4a687095adfcc2228a068008a77e8792654697493615a4885886dd53edb9"",""5e15675247687795d91627dd1c368d99ea2d4da489c6f545a2b0327291748374"",""cc8054e4a9e8875a4781dc478a9544ffbf89af76d5341cc2d84b214ebf22ad25"",""1c0bf72cd257afbc24df3275f019f4e780d406be4b5b1f471200f2822cad8aaa""],""synthetic_dimensions"":[""spatial_level"",""risk"",""response_window"",""multi_sequence_concurrency"",""resources""],""time_basis"":""frames"",""track_count"":4,""track_windows"":[{""dynamic_background_clutter"":1,""event_center_frame"":325,""fast_motion"":1,""inactive_frames_in_window"":0,""medium_size"":1,""normal_size"":0,""occlusion"":0,""offset_steps"":0,""out_of_view"":0,""requested_window_mode"":""motion"",""scale_variation"":1,""selected_window_mode"":""motion"",""small_size"":1,""source_active_frames"":1491,""source_end_frame"":444,""source_frames"":1491,""source_inactive_frames"":0,""source_path"":""D:\\360Downloads\\123\\data\\Anti-UAV410\\annos\\test\\new21_train_newfix.txt"",""source_sha256"":""9f8d4a687095adfcc2228a068008a77e8792654697493615a4885886dd53edb9"",""source_start_frame"":205,""source_window_frames"":240,""task_id"":""AU-01"",""thermal_crossover"":1,""tiny_size"":1,""visibility_event_count"":0},{""dynamic_background_clutter"":0,""event_center_frame"":823,""fast_motion"":0,""inactive_frames_in_window"":0,""medium_size"":1,""normal_size"":1,""occlusion"":0,""offset_steps"":1,""out_of_view"":0,""requested_window_mode"":""motion"",""scale_variation"":0,""selected_window_mode"":""motion"",""small_size"":0,""source_active_frames"":1000,""source_end_frame"":942,""source_frames"":1000,""source_inactive_frames"":0,""source_path"":""D:\\360Downloads\\123\\data\\Anti-UAV410\\annos\\test\\20190925_111757_1_4.txt"",""source_sha256"":""5e15675247687795d91627dd1c368d99ea2d4da489c6f545a2b0327291748374"",""source_start_frame"":703,""source_window_frames"":240,""task_id"":""AU-02"",""thermal_crossover"":1,""tiny_size"":0,""visibility_event_count"":0},{""dynamic_background_clutter"":0,""event_center_frame"":23,""fast_motion"":0,""inactive_frames_in_window"":0,""medium_size"":0,""normal_size"":1,""occlusion"":0,""offset_steps"":2,""out_of_view"":0,""requested_window_mode"":""motion"",""scale_variation"":0,""selected_window_mode"":""motion"",""small_size"":0,""source_active_frames"":1000,""source_end_frame"":239,""source_frames"":1000,""source_inactive_frames"":0,""source_path"":""D:\\360Downloads\\123\\data\\Anti-UAV410\\annos\\test\\20190926_111509_1_6.txt"",""source_sha256"":""cc8054e4a9e8875a4781dc478a9544ffbf89af76d5341cc2d84b214ebf22ad25"",""source_start_frame"":0,""source_window_frames"":240,""task_id"":""AU-03"",""thermal_crossover"":0,""tiny_size"":0,""visibility_event_count"":0},{""dynamic_background_clutter"":0,""event_center_frame"":239,""fast_motion"":0,""inactive_frames_in_window"":217,""medium_size"":1,""normal_size"":0,""occlusion"":0,""offset_steps"":3,""out_of_view"":1,""requested_window_mode"":""visibility"",""scale_variation"":0,""selected_window_mode"":""visibility"",""small_size"":1,""source_active_frames"":131,""source_end_frame"":347,""source_frames"":348,""source_inactive_frames"":217,""source_path"":""D:\\360Downloads\\123\\data\\Anti-UAV410\\annos\\test\\20190925_111757_1_10.txt"",""source_sha256"":""1c0bf72cd257afbc24df3275f019f4e780d406be4b5b1f471200f2822cad8aaa"",""source_start_frame"":71,""source_window_frames"":277,""task_id"":""AU-04"",""thermal_crossover"":1,""tiny_size"":0,""visibility_event_count"":1}]}",10,517.3333333333334,AU-02,1,1,1,3,{},0.6951222820332885,0.03415562939093291,0.5,0.3642440505256225,0.6464707159788613,1.0,0.6951222820332885,0.03415562939093291,0.5,0.3642440505256225,0.6464707159788613,1.0
anti_uav410,AU-L04-W07,public-trajectory-replay-v2,"{""event_window_version"":""anti-uav-event-window-v1"",""evidence_type"":""measured_image_plane_tracks_with_simulated_response_resources"",""fps"":null,""image_height"":512,""image_width"":640,""measured_dimensions"":[""apparent_size"",""image_plane_speed"",""visibility""],""motion_unit"":""normalized_image_diagonal_per_frame"",""protected_point"":[0.5,0.85],""source_files"":[""D:\\360Downloads\\123\\data\\Anti-UAV410\\annos\\test\\new21_train_newfix.txt"",""D:\\360Downloads\\123\\data\\Anti-UAV410\\annos\\test\\20190925_111757_1_4.txt"",""D:\\360Downloads\\123\\data\\Anti-UAV410\\annos\\test\\20190926_111509_1_6.txt"",""D:\\360Downloads\\123\\data\\Anti-UAV410\\annos\\test\\20190925_111757_1_10.txt""],""source_sha256"":[""9f8d4a687095adfcc2228a068008a77e8792654697493615a4885886dd53edb9"",""5e15675247687795d91627dd1c368d99ea2d4da489c6f545a2b0327291748374"",""cc8054e4a9e8875a4781dc478a9544ffbf89af76d5341cc2d84b214ebf22ad25"",""1c0bf72cd257afbc24df3275f019f4e780d406be4b5b1f471200f2822cad8aaa""],""synthetic_dimensions"":[""spatial_level"",""risk"",""response_window"",""multi_sequence_concurrency"",""resources""],""time_basis"":""frames"",""track_count"":4,""track_windows"":[{""dynamic_background_clutter"":1,""event_center_frame"":325,""fast_motion"":1,""inactive_frames_in_window"":0,""medium_size"":1,""normal_size"":0,""occlusion"":0,""offset_steps"":0,""out_of_view"":0,""requested_window_mode"":""motion"",""scale_variation"":1,""selected_window_mode"":""motion"",""small_size"":1,""source_active_frames"":1491,""source_end_frame"":444,""source_frames"":1491,""source_inactive_frames"":0,""source_path"":""D:\\360Downloads\\123\\data\\Anti-UAV410\\annos\\test\\new21_train_newfix.txt"",""source_sha256"":""9f8d4a687095adfcc2228a068008a77e8792654697493615a4885886dd53edb9"",""source_start_frame"":205,""source_window_frames"":240,""task_id"":""AU-01"",""thermal_crossover"":1,""tiny_size"":1,""visibility_event_count"":0},{""dynamic_background_clutter"":0,""event_center_frame"":823,""fast_motion"":0,""inactive_frames_in_window"":0,""medium_size"":1,""normal_size"":1,""occlusion"":0,""offset_steps"":1,""out_of_view"":0,""requested_window_mode"":""motion"",""scale_variation"":0,""selected_window_mode"":""motion"",""small_size"":0,""source_active_frames"":1000,""source_end_frame"":942,""source_frames"":1000,""source_inactive_frames"":0,""source_path"":""D:\\360Downloads\\123\\data\\Anti-UAV410\\annos\\test\\20190925_111757_1_4.txt"",""source_sha256"":""5e15675247687795d91627dd1c368d99ea2d4da489c6f545a2b0327291748374"",""source_start_frame"":703,""source_window_frames"":240,""task_id"":""AU-02"",""thermal_crossover"":1,""tiny_size"":0,""visibility_event_count"":0},{""dynamic_background_clutter"":0,""event_center_frame"":23,""fast_motion"":0,""inactive_frames_in_window"":0,""medium_size"":0,""normal_size"":1,""occlusion"":0,""offset_steps"":2,""out_of_view"":0,""requested_window_mode"":""motion"",""scale_variation"":0,""selected_window_mode"":""motion"",""small_size"":0,""source_active_frames"":1000,""source_end_frame"":239,""source_frames"":1000,""source_inactive_frames"":0,""source_path"":""D:\\360Downloads\\123\\data\\Anti-UAV410\\annos\\test\\20190926_111509_1_6.txt"",""source_sha256"":""cc8054e4a9e8875a4781dc478a9544ffbf89af76d5341cc2d84b214ebf22ad25"",""source_start_frame"":0,""source_window_frames"":240,""task_id"":""AU-03"",""thermal_crossover"":0,""tiny_size"":0,""visibility_event_count"":0},{""dynamic_background_clutter"":0,""event_center_frame"":239,""fast_motion"":0,""inactive_frames_in_window"":217,""medium_size"":1,""normal_size"":0,""occlusion"":0,""offset_steps"":3,""out_of_view"":1,""requested_window_mode"":""visibility"",""scale_variation"":0,""selected_window_mode"":""visibility"",""small_size"":1,""source_active_frames"":131,""source_end_frame"":347,""source_frames"":348,""source_inactive_frames"":217,""source_path"":""D:\\360Downloads\\123\\data\\Anti-UAV410\\annos\\test\\20190925_111757_1_10.txt"",""source_sha256"":""1c0bf72cd257afbc24df3275f019f4e780d406be4b5b1f471200f2822cad8aaa"",""source_start_frame"":71,""source_window_frames"":277,""task_id"":""AU-04"",""thermal_crossover"":1,""tiny_size"":0,""visibility_event_count"":1}]}",10,517.3333333333334,AU-03,1,1,1,3,{},0.903283654004662,0.27263648988419004,0.5,0.0339071077258144,0.5633254731118883,1.0,0.903283654004662,0.27263648988419004,0.5,0.0339071077258144,0.5633254731118883,1.0
anti_uav410,AU-L04-W07,public-trajectory-replay-v2,"{""event_window_version"":""anti-uav-event-window-v1"",""evidence_type"":""measured_image_plane_tracks_with_simulated_response_resources"",""fps"":null,""image_height"":512,""image_width"":640,""measured_dimensions"":[""apparent_size"",""image_plane_speed"",""visibility""],""motion_unit"":""normalized_image_diagonal_per_frame"",""protected_point"":[0.5,0.85],""source_files"":[""D:\\360Downloads\\123\\data\\Anti-UAV410\\annos\\test\\new21_train_newfix.txt"",""D:\\360Downloads\\123\\data\\Anti-UAV410\\annos\\test\\20190925_111757_1_4.txt"",""D:\\360Downloads\\123\\data\\Anti-UAV410\\annos\\test\\20190926_111509_1_6.txt"",""D:\\360Downloads\\123\\data\\Anti-UAV410\\annos\\test\\20190925_111757_1_10.txt""],""source_sha256"":[""9f8d4a687095adfcc2228a068008a77e8792654697493615a4885886dd53edb9"",""5e15675247687795d91627dd1c368d99ea2d4da489c6f545a2b0327291748374"",""cc8054e4a9e8875a4781dc478a9544ffbf89af76d5341cc2d84b214ebf22ad25"",""1c0bf72cd257afbc24df3275f019f4e780d406be4b5b1f471200f2822cad8aaa""],""synthetic_dimensions"":[""spatial_level"",""risk"",""response_window"",""multi_sequence_concurrency"",""resources""],""time_basis"":""frames"",""track_count"":4,""track_windows"":[{""dynamic_background_clutter"":1,""event_center_frame"":325,""fast_motion"":1,""inactive_frames_in_window"":0,""medium_size"":1,""normal_size"":0,""occlusion"":0,""offset_steps"":0,""out_of_view"":0,""requested_window_mode"":""motion"",""scale_variation"":1,""selected_window_mode"":""motion"",""small_size"":1,""source_active_frames"":1491,""source_end_frame"":444,""source_frames"":1491,""source_inactive_frames"":0,""source_path"":""D:\\360Downloads\\123\\data\\Anti-UAV410\\annos\\test\\new21_train_newfix.txt"",""source_sha256"":""9f8d4a687095adfcc2228a068008a77e8792654697493615a4885886dd53edb9"",""source_start_frame"":205,""source_window_frames"":240,""task_id"":""AU-01"",""thermal_crossover"":1,""tiny_size"":1,""visibility_event_count"":0},{""dynamic_background_clutter"":0,""event_center_frame"":823,""fast_motion"":0,""inactive_frames_in_window"":0,""medium_size"":1,""normal_size"":1,""occlusion"":0,""offset_steps"":1,""out_of_view"":0,""requested_window_mode"":""motion"",""scale_variation"":0,""selected_window_mode"":""motion"",""small_size"":0,""source_active_frames"":1000,""source_end_frame"":942,""source_frames"":1000,""source_inactive_frames"":0,""source_path"":""D:\\360Downloads\\123\\data\\Anti-UAV410\\annos\\test\\20190925_111757_1_4.txt"",""source_sha256"":""5e15675247687795d91627dd1c368d99ea2d4da489c6f545a2b0327291748374"",""source_start_frame"":703,""source_window_frames"":240,""task_id"":""AU-02"",""thermal_crossover"":1,""tiny_size"":0,""visibility_event_count"":0},{""dynamic_background_clutter"":0,""event_center_frame"":23,""fast_motion"":0,""inactive_frames_in_window"":0,""medium_size"":0,""normal_size"":1,""occlusion"":0,""offset_steps"":2,""out_of_view"":0,""requested_window_mode"":""motion"",""scale_variation"":0,""selected_window_mode"":""motion"",""small_size"":0,""source_active_frames"":1000,""source_end_frame"":239,""source_frames"":1000,""source_inactive_frames"":0,""source_path"":""D:\\360Downloads\\123\\data\\Anti-UAV410\\annos\\test\\20190926_111509_1_6.txt"",""source_sha256"":""cc8054e4a9e8875a4781dc478a9544ffbf89af76d5341cc2d84b214ebf22ad25"",""source_start_frame"":0,""source_window_frames"":240,""task_id"":""AU-03"",""thermal_crossover"":0,""tiny_size"":0,""visibility_event_count"":0},{""dynamic_background_clutter"":0,""event_center_frame"":239,""fast_motion"":0,""inactive_frames_in_window"":217,""medium_size"":1,""normal_size"":0,""occlusion"":0,""offset_steps"":3,""out_of_view"":1,""requested_window_mode"":""visibility"",""scale_variation"":0,""selected_window_mode"":""visibility"",""small_size"":1,""source_active_frames"":131,""source_end_frame"":347,""source_frames"":348,""source_inactive_frames"":217,""source_path"":""D:\\360Downloads\\123\\data\\Anti-UAV410\\annos\\test\\20190925_111757_1_10.txt"",""source_sha256"":""1c0bf72cd257afbc24df3275f019f4e780d406be4b5b1f471200f2822cad8aaa"",""source_start_frame"":71,""source_window_frames"":277,""task_id"":""AU-04"",""thermal_crossover"":1,""tiny_size"":0,""visibility_event_count"":1}]}",10,517.3333333333334,AU-04,0,0,1,3,{},0.0,0.0,0.5,0.0,0.35,1.0,0.0,0.0,0.5,0.0,0.35,1.0
anti_uav410,AU-L04-W07,public-trajectory-replay-v2,"{""event_window_version"":""anti-uav-event-window-v1"",""evidence_type"":""measured_image_plane_tracks_with_simulated_response_resources"",""fps"":null,""image_height"":512,""image_width"":640,""measured_dimensions"":[""apparent_size"",""image_plane_speed"",""visibility""],""motion_unit"":""normalized_image_diagonal_per_frame"",""protected_point"":[0.5,0.85],""source_files"":[""D:\\360Downloads\\123\\data\\Anti-UAV410\\annos\\test\\new21_train_newfix.txt"",""D:\\360Downloads\\123\\data\\Anti-UAV410\\annos\\test\\20190925_111757_1_4.txt"",""D:\\360Downloads\\123\\data\\Anti-UAV410\\annos\\test\\20190926_111509_1_6.txt"",""D:\\360Downloads\\123\\data\\Anti-UAV410\\annos\\test\\20190925_111757_1_10.txt""],""source_sha256"":[""9f8d4a687095adfcc2228a068008a77e8792654697493615a4885886dd53edb9"",""5e15675247687795d91627dd1c368d99ea2d4da489c6f545a2b0327291748374"",""cc8054e4a9e8875a4781dc478a9544ffbf89af76d5341cc2d84b214ebf22ad25"",""1c0bf72cd257afbc24df3275f019f4e780d406be4b5b1f471200f2822cad8aaa""],""synthetic_dimensions"":[""spatial_level"",""risk"",""response_window"",""multi_sequence_concurrency"",""resources""],""time_basis"":""frames"",""track_count"":4,""track_windows"":[{""dynamic_background_clutter"":1,""event_center_frame"":325,""fast_motion"":1,""inactive_frames_in_window"":0,""medium_size"":1,""normal_size"":0,""occlusion"":0,""offset_steps"":0,""out_of_view"":0,""requested_window_mode"":""motion"",""scale_variation"":1,""selected_window_mode"":""motion"",""small_size"":1,""source_active_frames"":1491,""source_end_frame"":444,""source_frames"":1491,""source_inactive_frames"":0,""source_path"":""D:\\360Downloads\\123\\data\\Anti-UAV410\\annos\\test\\new21_train_newfix.txt"",""source_sha256"":""9f8d4a687095adfcc2228a068008a77e8792654697493615a4885886dd53edb9"",""source_start_frame"":205,""source_window_frames"":240,""task_id"":""AU-01"",""thermal_crossover"":1,""tiny_size"":1,""visibility_event_count"":0},{""dynamic_background_clutter"":0,""event_center_frame"":823,""fast_motion"":0,""inactive_frames_in_window"":0,""medium_size"":1,""normal_size"":1,""occlusion"":0,""offset_steps"":1,""out_of_view"":0,""requested_window_mode"":""motion"",""scale_variation"":0,""selected_window_mode"":""motion"",""small_size"":0,""source_active_frames"":1000,""source_end_frame"":942,""source_frames"":1000,""source_inactive_frames"":0,""source_path"":""D:\\360Downloads\\123\\data\\Anti-UAV410\\annos\\test\\20190925_111757_1_4.txt"",""source_sha256"":""5e15675247687795d91627dd1c368d99ea2d4da489c6f545a2b0327291748374"",""source_start_frame"":703,""source_window_frames"":240,""task_id"":""AU-02"",""thermal_crossover"":1,""tiny_size"":0,""visibility_event_count"":0},{""dynamic_background_clutter"":0,""event_center_frame"":23,""fast_motion"":0,""inactive_frames_in_window"":0,""medium_size"":0,""normal_size"":1,""occlusion"":0,""offset_steps"":2,""out_of_view"":0,""requested_window_mode"":""motion"",""scale_variation"":0,""selected_window_mode"":""motion"",""small_size"":0,""source_active_frames"":1000,""source_end_frame"":239,""source_frames"":1000,""source_inactive_frames"":0,""source_path"":""D:\\360Downloads\\123\\data\\Anti-UAV410\\annos\\test\\20190926_111509_1_6.txt"",""source_sha256"":""cc8054e4a9e8875a4781dc478a9544ffbf89af76d5341cc2d84b214ebf22ad25"",""source_start_frame"":0,""source_window_frames"":240,""task_id"":""AU-03"",""thermal_crossover"":0,""tiny_size"":0,""visibility_event_count"":0},{""dynamic_background_clutter"":0,""event_center_frame"":239,""fast_motion"":0,""inactive_frames_in_window"":217,""medium_size"":1,""normal_size"":0,""occlusion"":0,""offset_steps"":3,""out_of_view"":1,""requested_window_mode"":""visibility"",""scale_variation"":0,""selected_window_mode"":""visibility"",""small_size"":1,""source_active_frames"":131,""source_end_frame"":347,""source_frames"":348,""source_inactive_frames"":217,""source_path"":""D:\\360Downloads\\123\\data\\Anti-UAV410\\annos\\test\\20190925_111757_1_10.txt"",""source_sha256"":""1c0bf72cd257afbc24df3275f019f4e780d406be4b5b1f471200f2822cad8aaa"",""source_start_frame"":71,""source_window_frames"":277,""task_id"":""AU-04"",""thermal_crossover"":1,""tiny_size"":0,""visibility_event_count"":1}]}",11,541.6666666666666,AU-01,1,1,1,3,{},0.21096161127629753,0.06511400831848273,0.5,0.27320055493619483,0.60646749084514,1.0,0.21096161127629753,0.06511400831848273,0.5,0.27320055493619483,0.60646749084514,1.0
anti_uav410,AU-L04-W07,public-trajectory-replay-v2,"{""event_window_version"":""anti-uav-event-window-v1"",""evidence_type"":""measured_image_plane_tracks_with_simulated_response_resources"",""fps"":null,""image_height"":512,""image_width"":640,""measured_dimensions"":[""apparent_size"",""image_plane_speed"",""visibility""],""motion_unit"":""normalized_image_diagonal_per_frame"",""protected_point"":[0.5,0.85],""source_files"":[""D:\\360Downloads\\123\\data\\Anti-UAV410\\annos\\test\\new21_train_newfix.txt"",""D:\\360Downloads\\123\\data\\Anti-UAV410\\annos\\test\\20190925_111757_1_4.txt"",""D:\\360Downloads\\123\\data\\Anti-UAV410\\annos\\test\\20190926_111509_1_6.txt"",""D:\\360Downloads\\123\\data\\Anti-UAV410\\annos\\test\\20190925_111757_1_10.txt""],""source_sha256"":[""9f8d4a687095adfcc2228a068008a77e8792654697493615a4885886dd53edb9"",""5e15675247687795d91627dd1c368d99ea2d4da489c6f545a2b0327291748374"",""cc8054e4a9e8875a4781dc478a9544ffbf89af76d5341cc2d84b214ebf22ad25"",""1c0bf72cd257afbc24df3275f019f4e780d406be4b5b1f471200f2822cad8aaa""],""synthetic_dimensions"":[""spatial_level"",""risk"",""response_window"",""multi_sequence_concurrency"",""resources""],""time_basis"":""frames"",""track_count"":4,""track_windows"":[{""dynamic_background_clutter"":1,""event_center_frame"":325,""fast_motion"":1,""inactive_frames_in_window"":0,""medium_size"":1,""normal_size"":0,""occlusion"":0,""offset_steps"":0,""out_of_view"":0,""requested_window_mode"":""motion"",""scale_variation"":1,""selected_window_mode"":""motion"",""small_size"":1,""source_active_frames"":1491,""source_end_frame"":444,""source_frames"":1491,""source_inactive_frames"":0,""source_path"":""D:\\360Downloads\\123\\data\\Anti-UAV410\\annos\\test\\new21_train_newfix.txt"",""source_sha256"":""9f8d4a687095adfcc2228a068008a77e8792654697493615a4885886dd53edb9"",""source_start_frame"":205,""source_window_frames"":240,""task_id"":""AU-01"",""thermal_crossover"":1,""tiny_size"":1,""visibility_event_count"":0},{""dynamic_background_clutter"":0,""event_center_frame"":823,""fast_motion"":0,""inactive_frames_in_window"":0,""medium_size"":1,""normal_size"":1,""occlusion"":0,""offset_steps"":1,""out_of_view"":0,""requested_window_mode"":""motion"",""scale_variation"":0,""selected_window_mode"":""motion"",""small_size"":0,""source_active_frames"":1000,""source_end_frame"":942,""source_frames"":1000,""source_inactive_frames"":0,""source_path"":""D:\\360Downloads\\123\\data\\Anti-UAV410\\annos\\test\\20190925_111757_1_4.txt"",""source_sha256"":""5e15675247687795d91627dd1c368d99ea2d4da489c6f545a2b0327291748374"",""source_start_frame"":703,""source_window_frames"":240,""task_id"":""AU-02"",""thermal_crossover"":1,""tiny_size"":0,""visibility_event_count"":0},{""dynamic_background_clutter"":0,""event_center_frame"":23,""fast_motion"":0,""inactive_frames_in_window"":0,""medium_size"":0,""normal_size"":1,""occlusion"":0,""offset_steps"":2,""out_of_view"":0,""requested_window_mode"":""motion"",""scale_variation"":0,""selected_window_mode"":""motion"",""small_size"":0,""source_active_frames"":1000,""source_end_frame"":239,""source_frames"":1000,""source_inactive_frames"":0,""source_path"":""D:\\360Downloads\\123\\data\\Anti-UAV410\\annos\\test\\20190926_111509_1_6.txt"",""source_sha256"":""cc8054e4a9e8875a4781dc478a9544ffbf89af76d5341cc2d84b214ebf22ad25"",""source_start_frame"":0,""source_window_frames"":240,""task_id"":""AU-03"",""thermal_crossover"":0,""tiny_size"":0,""visibility_event_count"":0},{""dynamic_background_clutter"":0,""event_center_frame"":239,""fast_motion"":0,""inactive_frames_in_window"":217,""medium_size"":1,""normal_size"":0,""occlusion"":0,""offset_steps"":3,""out_of_view"":1,""requested_window_mode"":""visibility"",""scale_variation"":0,""selected_window_mode"":""visibility"",""small_size"":1,""source_active_frames"":131,""source_end_frame"":347,""source_frames"":348,""source_inactive_frames"":217,""source_path"":""D:\\360Downloads\\123\\data\\Anti-UAV410\\annos\\test\\20190925_111757_1_10.txt"",""source_sha256"":""1c0bf72cd257afbc24df3275f019f4e780d406be4b5b1f471200f2822cad8aaa"",""source_start_frame"":71,""source_window_frames"":277,""task_id"":""AU-04"",""thermal_crossover"":1,""tiny_size"":0,""visibility_event_count"":1}]}",11,541.6666666666666,AU-02,1,1,1,3,{},0.7235062099900023,0.03148993436365246,0.5,0.35455259628686614,0.6582003594522807,1.0,0.7235062099900023,0.03148993436365246,0.5,0.35455259628686614,0.6582003594522807,1.0
anti_uav410,AU-L04-W07,public-trajectory-replay-v2,"{""event_window_version"":""anti-uav-event-window-v1"",""evidence_type"":""measured_image_plane_tracks_with_simulated_response_resources"",""fps"":null,""image_height"":512,""image_width"":640,""measured_dimensions"":[""apparent_size"",""image_plane_speed"",""visibility""],""motion_unit"":""normalized_image_diagonal_per_frame"",""protected_point"":[0.5,0.85],""source_files"":[""D:\\360Downloads\\123\\data\\Anti-UAV410\\annos\\test\\new21_train_newfix.txt"",""D:\\360Downloads\\123\\data\\Anti-UAV410\\annos\\test\\20190925_111757_1_4.txt"",""D:\\360Downloads\\123\\data\\Anti-UAV410\\annos\\test\\20190926_111509_1_6.txt"",""D:\\360Downloads\\123\\data\\Anti-UAV410\\annos\\test\\20190925_111757_1_10.txt""],""source_sha256"":[""9f8d4a687095adfcc2228a068008a77e8792654697493615a4885886dd53edb9"",""5e15675247687795d91627dd1c368d99ea2d4da489c6f545a2b0327291748374"",""cc8054e4a9e8875a4781dc478a9544ffbf89af76d5341cc2d84b214ebf22ad25"",""1c0bf72cd257afbc24df3275f019f4e780d406be4b5b1f471200f2822cad8aaa""],""synthetic_dimensions"":[""spatial_level"",""risk"",""response_window"",""multi_sequence_concurrency"",""resources""],""time_basis"":""frames"",""track_count"":4,""track_windows"":[{""dynamic_background_clutter"":1,""event_center_frame"":325,""fast_motion"":1,""inactive_frames_in_window"":0,""medium_size"":1,""normal_size"":0,""occlusion"":0,""offset_steps"":0,""out_of_view"":0,""requested_window_mode"":""motion"",""scale_variation"":1,""selected_window_mode"":""motion"",""small_size"":1,""source_active_frames"":1491,""source_end_frame"":444,""source_frames"":1491,""source_inactive_frames"":0,""source_path"":""D:\\360Downloads\\123\\data\\Anti-UAV410\\annos\\test\\new21_train_newfix.txt"",""source_sha256"":""9f8d4a687095adfcc2228a068008a77e8792654697493615a4885886dd53edb9"",""source_start_frame"":205,""source_window_frames"":240,""task_id"":""AU-01"",""thermal_crossover"":1,""tiny_size"":1,""visibility_event_count"":0},{""dynamic_background_clutter"":0,""event_center_frame"":823,""fast_motion"":0,""inactive_frames_in_window"":0,""medium_size"":1,""normal_size"":1,""occlusion"":0,""offset_steps"":1,""out_of_view"":0,""requested_window_mode"":""motion"",""scale_variation"":0,""selected_window_mode"":""motion"",""small_size"":0,""source_active_frames"":1000,""source_end_frame"":942,""source_frames"":1000,""source_inactive_frames"":0,""source_path"":""D:\\360Downloads\\123\\data\\Anti-UAV410\\annos\\test\\20190925_111757_1_4.txt"",""source_sha256"":""5e15675247687795d91627dd1c368d99ea2d4da489c6f545a2b0327291748374"",""source_start_frame"":703,""source_window_frames"":240,""task_id"":""AU-02"",""thermal_crossover"":1,""tiny_size"":0,""visibility_event_count"":0},{""dynamic_background_clutter"":0,""event_center_frame"":23,""fast_motion"":0,""inactive_frames_in_window"":0,""medium_size"":0,""normal_size"":1,""occlusion"":0,""offset_steps"":2,""out_of_view"":0,""requested_window_mode"":""motion"",""scale_variation"":0,""selected_window_mode"":""motion"",""small_size"":0,""source_active_frames"":1000,""source_end_frame"":239,""source_frames"":1000,""source_inactive_frames"":0,""source_path"":""D:\\360Downloads\\123\\data\\Anti-UAV410\\annos\\test\\20190926_111509_1_6.txt"",""source_sha256"":""cc8054e4a9e8875a4781dc478a9544ffbf89af76d5341cc2d84b214ebf22ad25"",""source_start_frame"":0,""source_window_frames"":240,""task_id"":""AU-03"",""thermal_crossover"":0,""tiny_size"":0,""visibility_event_count"":0},{""dynamic_background_clutter"":0,""event_center_frame"":239,""fast_motion"":0,""inactive_frames_in_window"":217,""medium_size"":1,""normal_size"":0,""occlusion"":0,""offset_steps"":3,""out_of_view"":1,""requested_window_mode"":""visibility"",""scale_variation"":0,""selected_window_mode"":""visibility"",""small_size"":1,""source_active_frames"":131,""source_end_frame"":347,""source_frames"":348,""source_inactive_frames"":217,""source_path"":""D:\\360Downloads\\123\\data\\Anti-UAV410\\annos\\test\\20190925_111757_1_10.txt"",""source_sha256"":""1c0bf72cd257afbc24df3275f019f4e780d406be4b5b1f471200f2822cad8aaa"",""source_start_frame"":71,""source_window_frames"":277,""task_id"":""AU-04"",""thermal_crossover"":1,""tiny_size"":0,""visibility_event_count"":1}]}",11,541.6666666666666,AU-03,1,1,1,3,{},0.8969265676715898,0.07029986370135627,0.5,0.08135204135067131,0.5752383812507709,1.0,0.8969265676715898,0.07029986370135627,0.5,0.08135204135067131,0.5752383812507709,1.0
anti_uav410,AU-L04-W07,public-trajectory-replay-v2,"{""event_window_version"":""anti-uav-event-window-v1"",""evidence_type"":""measured_image_plane_tracks_with_simulated_response_resources"",""fps"":null,""image_height"":512,""image_width"":640,""measured_dimensions"":[""apparent_size"",""image_plane_speed"",""visibility""],""motion_unit"":""normalized_image_diagonal_per_frame"",""protected_point"":[0.5,0.85],""source_files"":[""D:\\360Downloads\\123\\data\\Anti-UAV410\\annos\\test\\new21_train_newfix.txt"",""D:\\360Downloads\\123\\data\\Anti-UAV410\\annos\\test\\20190925_111757_1_4.txt"",""D:\\360Downloads\\123\\data\\Anti-UAV410\\annos\\test\\20190926_111509_1_6.txt"",""D:\\360Downloads\\123\\data\\Anti-UAV410\\annos\\test\\20190925_111757_1_10.txt""],""source_sha256"":[""9f8d4a687095adfcc2228a068008a77e8792654697493615a4885886dd53edb9"",""5e15675247687795d91627dd1c368d99ea2d4da489c6f545a2b0327291748374"",""cc8054e4a9e8875a4781dc478a9544ffbf89af76d5341cc2d84b214ebf22ad25"",""1c0bf72cd257afbc24df3275f019f4e780d406be4b5b1f471200f2822cad8aaa""],""synthetic_dimensions"":[""spatial_level"",""risk"",""response_window"",""multi_sequence_concurrency"",""resources""],""time_basis"":""frames"",""track_count"":4,""track_windows"":[{""dynamic_background_clutter"":1,""event_center_frame"":325,""fast_motion"":1,""inactive_frames_in_window"":0,""medium_size"":1,""normal_size"":0,""occlusion"":0,""offset_steps"":0,""out_of_view"":0,""requested_window_mode"":""motion"",""scale_variation"":1,""selected_window_mode"":""motion"",""small_size"":1,""source_active_frames"":1491,""source_end_frame"":444,""source_frames"":1491,""source_inactive_frames"":0,""source_path"":""D:\\360Downloads\\123\\data\\Anti-UAV410\\annos\\test\\new21_train_newfix.txt"",""source_sha256"":""9f8d4a687095adfcc2228a068008a77e8792654697493615a4885886dd53edb9"",""source_start_frame"":205,""source_window_frames"":240,""task_id"":""AU-01"",""thermal_crossover"":1,""tiny_size"":1,""visibility_event_count"":0},{""dynamic_background_clutter"":0,""event_center_frame"":823,""fast_motion"":0,""inactive_frames_in_window"":0,""medium_size"":1,""normal_size"":1,""occlusion"":0,""offset_steps"":1,""out_of_view"":0,""requested_window_mode"":""motion"",""scale_variation"":0,""selected_window_mode"":""motion"",""small_size"":0,""source_active_frames"":1000,""source_end_frame"":942,""source_frames"":1000,""source_inactive_frames"":0,""source_path"":""D:\\360Downloads\\123\\data\\Anti-UAV410\\annos\\test\\20190925_111757_1_4.txt"",""source_sha256"":""5e15675247687795d91627dd1c368d99ea2d4da489c6f545a2b0327291748374"",""source_start_frame"":703,""source_window_frames"":240,""task_id"":""AU-02"",""thermal_crossover"":1,""tiny_size"":0,""visibility_event_count"":0},{""dynamic_background_clutter"":0,""event_center_frame"":23,""fast_motion"":0,""inactive_frames_in_window"":0,""medium_size"":0,""normal_size"":1,""occlusion"":0,""offset_steps"":2,""out_of_view"":0,""requested_window_mode"":""motion"",""scale_variation"":0,""selected_window_mode"":""motion"",""small_size"":0,""source_active_frames"":1000,""source_end_frame"":239,""source_frames"":1000,""source_inactive_frames"":0,""source_path"":""D:\\360Downloads\\123\\data\\Anti-UAV410\\annos\\test\\20190926_111509_1_6.txt"",""source_sha256"":""cc8054e4a9e8875a4781dc478a9544ffbf89af76d5341cc2d84b214ebf22ad25"",""source_start_frame"":0,""source_window_frames"":240,""task_id"":""AU-03"",""thermal_crossover"":0,""tiny_size"":0,""visibility_event_count"":0},{""dynamic_background_clutter"":0,""event_center_frame"":239,""fast_motion"":0,""inactive_frames_in_window"":217,""medium_size"":1,""normal_size"":0,""occlusion"":0,""offset_steps"":3,""out_of_view"":1,""requested_window_mode"":""visibility"",""scale_variation"":0,""selected_window_mode"":""visibility"",""small_size"":1,""source_active_frames"":131,""source_end_frame"":347,""source_frames"":348,""source_inactive_frames"":217,""source_path"":""D:\\360Downloads\\123\\data\\Anti-UAV410\\annos\\test\\20190925_111757_1_10.txt"",""source_sha256"":""1c0bf72cd257afbc24df3275f019f4e780d406be4b5b1f471200f2822cad8aaa"",""source_start_frame"":71,""source_window_frames"":277,""task_id"":""AU-04"",""thermal_crossover"":1,""tiny_size"":0,""visibility_event_count"":1}]}",11,541.6666666666666,AU-04,0,0,1,3,{},0.0,0.0,0.5,0.0,0.35,1.0,0.0,0.0,0.5,0.0,0.35,1.0
