dataset,sequence_id,mapping_version,metadata_json,step,source_time,task_id,true_active,observed_active,min_resources,max_resources,type_requirements_json,true_s,true_v,true_h,true_n,true_rho,true_tau,observed_s,observed_v,observed_h,observed_n,observed_rho,observed_tau
anti_uav410,AU-L04-W02,public-trajectory-replay-v2,"{""event_window_version"":""anti-uav-event-window-v1"",""evidence_type"":""measured_image_plane_tracks_with_simulated_response_resources"",""fps"":null,""image_height"":512,""image_width"":640,""measured_dimensions"":[""apparent_size"",""image_plane_speed"",""visibility""],""motion_unit"":""normalized_image_diagonal_per_frame"",""protected_point"":[0.5,0.85],""source_files"":[""D:\\360Downloads\\123\\data\\Anti-UAV410\\annos\\test\\20190925_124612_1_5.txt"",""D:\\360Downloads\\123\\data\\Anti-UAV410\\annos\\test\\20190925_101846_1_5.txt"",""D:\\360Downloads\\123\\data\\Anti-UAV410\\annos\\test\\20190925_111757_1_9.txt"",""D:\\360Downloads\\123\\data\\Anti-UAV410\\annos\\test\\3700000000002_132726_2.txt""],""source_sha256"":[""b334d15af3977035a34c0fd54bd48d67799f984d7eb37284095db2ff12884700"",""909f43827707377733a597191c03b754d762a46e0ea0e91a879f62f850312a26"",""b506da1c12d3b8e9c21ea90c418692075554ad6aba19ea12916e65c51b4184b6"",""9748641bbb4535947838472e640bd6f5ec0888a8f77190363eaf70ed85a893ef""],""synthetic_dimensions"":[""spatial_level"",""risk"",""response_window"",""multi_sequence_concurrency"",""resources""],""time_basis"":""frames"",""track_count"":4,""track_windows"":[{""dynamic_background_clutter"":0,""event_center_frame"":615,""fast_motion"":0,""inactive_frames_in_window"":0,""medium_size"":1,""normal_size"":0,""occlusion"":0,""offset_steps"":0,""out_of_view"":0,""requested_window_mode"":""motion"",""scale_variation"":0,""selected_window_mode"":""motion"",""small_size"":0,""source_active_frames"":1000,""source_end_frame"":734,""source_frames"":1000,""source_inactive_frames"":0,""source_path"":""D:\\360Downloads\\123\\data\\Anti-UAV410\\annos\\test\\20190925_124612_1_5.txt"",""source_sha256"":""b334d15af3977035a34c0fd54bd48d67799f984d7eb37284095db2ff12884700"",""source_start_frame"":495,""source_window_frames"":240,""task_id"":""AU-01"",""thermal_crossover"":1,""tiny_size"":0,""visibility_event_count"":0},{""dynamic_background_clutter"":0,""event_center_frame"":774,""fast_motion"":0,""inactive_frames_in_window"":0,""medium_size"":0,""normal_size"":0,""occlusion"":0,""offset_steps"":1,""out_of_view"":0,""requested_window_mode"":""scale"",""scale_variation"":1,""selected_window_mode"":""scale"",""small_size"":1,""source_active_frames"":1000,""source_end_frame"":893,""source_frames"":1000,""source_inactive_frames"":0,""source_path"":""D:\\360Downloads\\123\\data\\Anti-UAV410\\annos\\test\\20190925_101846_1_5.txt"",""source_sha256"":""909f43827707377733a597191c03b754d762a46e0ea0e91a879f62f850312a26"",""source_start_frame"":654,""source_window_frames"":240,""task_id"":""AU-02"",""thermal_crossover"":0,""tiny_size"":0,""visibility_event_count"":0},{""dynamic_background_clutter"":0,""event_center_frame"":781,""fast_motion"":1,""inactive_frames_in_window"":10,""medium_size"":1,""normal_size"":1,""occlusion"":0,""offset_steps"":2,""out_of_view"":0,""requested_window_mode"":""visibility"",""scale_variation"":1,""selected_window_mode"":""visibility"",""small_size"":1,""source_active_frames"":990,""source_end_frame"":900,""source_frames"":1000,""source_inactive_frames"":10,""source_path"":""D:\\360Downloads\\123\\data\\Anti-UAV410\\annos\\test\\20190925_111757_1_9.txt"",""source_sha256"":""b506da1c12d3b8e9c21ea90c418692075554ad6aba19ea12916e65c51b4184b6"",""source_start_frame"":661,""source_window_frames"":240,""task_id"":""AU-03"",""thermal_crossover"":1,""tiny_size"":1,""visibility_event_count"":1},{""dynamic_background_clutter"":1,""event_center_frame"":850,""fast_motion"":1,""inactive_frames_in_window"":5,""medium_size"":0,""normal_size"":0,""occlusion"":0,""offset_steps"":3,""out_of_view"":1,""requested_window_mode"":""visibility"",""scale_variation"":1,""selected_window_mode"":""visibility"",""small_size"":1,""source_active_frames"":1494,""source_end_frame"":969,""source_frames"":1500,""source_inactive_frames"":6,""source_path"":""D:\\360Downloads\\123\\data\\Anti-UAV410\\annos\\test\\3700000000002_132726_2.txt"",""source_sha256"":""9748641bbb4535947838472e640bd6f5ec0888a8f77190363eaf70ed85a893ef"",""source_start_frame"":730,""source_window_frames"":240,""task_id"":""AU-04"",""thermal_crossover"":0,""tiny_size"":1,""visibility_event_count"":3}]}",0,495.0,AU-01,1,1,1,3,{},0.546254608421954,0.0,0.5,0.0,0.5956046398043078,1.0,0.546254608421954,0.0,0.5,0.0,0.5956046398043078,1.0
anti_uav410,AU-L04-W02,public-trajectory-replay-v2,"{""event_window_version"":""anti-uav-event-window-v1"",""evidence_type"":""measured_image_plane_tracks_with_simulated_response_resources"",""fps"":null,""image_height"":512,""image_width"":640,""measured_dimensions"":[""apparent_size"",""image_plane_speed"",""visibility""],""motion_unit"":""normalized_image_diagonal_per_frame"",""protected_point"":[0.5,0.85],""source_files"":[""D:\\360Downloads\\123\\data\\Anti-UAV410\\annos\\test\\20190925_124612_1_5.txt"",""D:\\360Downloads\\123\\data\\Anti-UAV410\\annos\\test\\20190925_101846_1_5.txt"",""D:\\360Downloads\\123\\data\\Anti-UAV410\\annos\\test\\20190925_111757_1_9.txt"",""D:\\360Downloads\\123\\data\\Anti-UAV410\\annos\\test\\3700000000002_132726_2.txt""],""source_sha256"":[""b334d15af3977035a34c0fd54bd48d67799f984d7eb37284095db2ff12884700"",""909f43827707377733a597191c03b754d762a46e0ea0e91a879f62f850312a26"",""b506da1c12d3b8e9c21ea90c418692075554ad6aba19ea12916e65c51b4184b6"",""9748641bbb4535947838472e640bd6f5ec0888a8f77190363eaf70ed85a893ef""],""synthetic_dimensions"":[""spatial_level"",""risk"",""response_window"",""multi_sequence_concurrency"",""resources""],""time_basis"":""frames"",""track_count"":4,""track_windows"":[{""dynamic_background_clutter"":0,""event_center_frame"":615,""fast_motion"":0,""inactive_frames_in_window"":0,""medium_size"":1,""normal_size"":0,""occlusion"":0,""offset_steps"":0,""out_of_view"":0,""requested_window_mode"":""motion"",""scale_variation"":0,""selected_window_mode"":""motion"",""small_size"":0,""source_active_frames"":1000,""source_end_frame"":734,""source_frames"":1000,""source_inactive_frames"":0,""source_path"":""D:\\360Downloads\\123\\data\\Anti-UAV410\\annos\\test\\20190925_124612_1_5.txt"",""source_sha256"":""b334d15af3977035a34c0fd54bd48d67799f984d7eb37284095db2ff12884700"",""source_start_frame"":495,""source_window_frames"":240,""task_id"":""AU-01"",""thermal_crossover"":1,""tiny_size"":0,""visibility_event_count"":0},{""dynamic_background_clutter"":0,""event_center_frame"":774,""fast_motion"":0,""inactive_frames_in_window"":0,""medium_size"":0,""normal_size"":0,""occlusion"":0,""offset_steps"":1,""out_of_view"":0,""requested_window_mode"":""scale"",""scale_variation"":1,""selected_window_mode"":""scale"",""small_size"":1,""source_active_frames"":1000,""source_end_frame"":893,""source_frames"":1000,""source_inactive_frames"":0,""source_path"":""D:\\360Downloads\\123\\data\\Anti-UAV410\\annos\\test\\20190925_101846_1_5.txt"",""source_sha256"":""909f43827707377733a597191c03b754d762a46e0ea0e91a879f62f850312a26"",""source_start_frame"":654,""source_window_frames"":240,""task_id"":""AU-02"",""thermal_crossover"":0,""tiny_size"":0,""visibility_event_count"":0},{""dynamic_background_clutter"":0,""event_center_frame"":781,""fast_motion"":1,""inactive_frames_in_window"":10,""medium_size"":1,""normal_size"":1,""occlusion"":0,""offset_steps"":2,""out_of_view"":0,""requested_window_mode"":""visibility"",""scale_variation"":1,""selected_window_mode"":""visibility"",""small_size"":1,""source_active_frames"":990,""source_end_frame"":900,""source_frames"":1000,""source_inactive_frames"":10,""source_path"":""D:\\360Downloads\\123\\data\\Anti-UAV410\\annos\\test\\20190925_111757_1_9.txt"",""source_sha256"":""b506da1c12d3b8e9c21ea90c418692075554ad6aba19ea12916e65c51b4184b6"",""source_start_frame"":661,""source_window_frames"":240,""task_id"":""AU-03"",""thermal_crossover"":1,""tiny_size"":1,""visibility_event_count"":1},{""dynamic_background_clutter"":1,""event_center_frame"":850,""fast_motion"":1,""inactive_frames_in_window"":5,""medium_size"":0,""normal_size"":0,""occlusion"":0,""offset_steps"":3,""out_of_view"":1,""requested_window_mode"":""visibility"",""scale_variation"":1,""selected_window_mode"":""visibility"",""small_size"":1,""source_active_frames"":1494,""source_end_frame"":969,""source_frames"":1500,""source_inactive_frames"":6,""source_path"":""D:\\360Downloads\\123\\data\\Anti-UAV410\\annos\\test\\3700000000002_132726_2.txt"",""source_sha256"":""9748641bbb4535947838472e640bd6f5ec0888a8f77190363eaf70ed85a893ef"",""source_start_frame"":730,""source_window_frames"":240,""task_id"":""AU-04"",""thermal_crossover"":0,""tiny_size"":1,""visibility_event_count"":3}]}",0,495.0,AU-02,0,0,1,3,{},0.0,0.0,0.5,0.0,0.35,1.0,0.0,0.0,0.5,0.0,0.35,1.0
anti_uav410,AU-L04-W02,public-trajectory-replay-v2,"{""event_window_version"":""anti-uav-event-window-v1"",""evidence_type"":""measured_image_plane_tracks_with_simulated_response_resources"",""fps"":null,""image_height"":512,""image_width"":640,""measured_dimensions"":[""apparent_size"",""image_plane_speed"",""visibility""],""motion_unit"":""normalized_image_diagonal_per_frame"",""protected_point"":[0.5,0.85],""source_files"":[""D:\\360Downloads\\123\\data\\Anti-UAV410\\annos\\test\\20190925_124612_1_5.txt"",""D:\\360Downloads\\123\\data\\Anti-UAV410\\annos\\test\\20190925_101846_1_5.txt"",""D:\\360Downloads\\123\\data\\Anti-UAV410\\annos\\test\\20190925_111757_1_9.txt"",""D:\\360Downloads\\123\\data\\Anti-UAV410\\annos\\test\\3700000000002_132726_2.txt""],""source_sha256"":[""b334d15af3977035a34c0fd54bd48d67799f984d7eb37284095db2ff12884700"",""909f43827707377733a597191c03b754d762a46e0ea0e91a879f62f850312a26"",""b506da1c12d3b8e9c21ea90c418692075554ad6aba19ea12916e65c51b4184b6"",""9748641bbb4535947838472e640bd6f5ec0888a8f77190363eaf70ed85a893ef""],""synthetic_dimensions"":[""spatial_level"",""risk"",""response_window"",""multi_sequence_concurrency"",""resources""],""time_basis"":""frames"",""track_count"":4,""track_windows"":[{""dynamic_background_clutter"":0,""event_center_frame"":615,""fast_motion"":0,""inactive_frames_in_window"":0,""medium_size"":1,""normal_size"":0,""occlusion"":0,""offset_steps"":0,""out_of_view"":0,""requested_window_mode"":""motion"",""scale_variation"":0,""selected_window_mode"":""motion"",""small_size"":0,""source_active_frames"":1000,""source_end_frame"":734,""source_frames"":1000,""source_inactive_frames"":0,""source_path"":""D:\\360Downloads\\123\\data\\Anti-UAV410\\annos\\test\\20190925_124612_1_5.txt"",""source_sha256"":""b334d15af3977035a34c0fd54bd48d67799f984d7eb37284095db2ff12884700"",""source_start_frame"":495,""source_window_frames"":240,""task_id"":""AU-01"",""thermal_crossover"":1,""tiny_size"":0,""visibility_event_count"":0},{""dynamic_background_clutter"":0,""event_center_frame"":774,""fast_motion"":0,""inactive_frames_in_window"":0,""medium_size"":0,""normal_size"":0,""occlusion"":0,""offset_steps"":1,""out_of_view"":0,""requested_window_mode"":""scale"",""scale_variation"":1,""selected_window_mode"":""scale"",""small_size"":1,""source_active_frames"":1000,""source_end_frame"":893,""source_frames"":1000,""source_inactive_frames"":0,""source_path"":""D:\\360Downloads\\123\\data\\Anti-UAV410\\annos\\test\\20190925_101846_1_5.txt"",""source_sha256"":""909f43827707377733a597191c03b754d762a46e0ea0e91a879f62f850312a26"",""source_start_frame"":654,""source_window_frames"":240,""task_id"":""AU-02"",""thermal_crossover"":0,""tiny_size"":0,""visibility_event_count"":0},{""dynamic_background_clutter"":0,""event_center_frame"":781,""fast_motion"":1,""inactive_frames_in_window"":10,""medium_size"":1,""normal_size"":1,""occlusion"":0,""offset_steps"":2,""out_of_view"":0,""requested_window_mode"":""visibility"",""scale_variation"":1,""selected_window_mode"":""visibility"",""small_size"":1,""source_active_frames"":990,""source_end_frame"":900,""source_frames"":1000,""source_inactive_frames"":10,""source_path"":""D:\\360Downloads\\123\\data\\Anti-UAV410\\annos\\test\\20190925_111757_1_9.txt"",""source_sha256"":""b506da1c12d3b8e9c21ea90c418692075554ad6aba19ea12916e65c51b4184b6"",""source_start_frame"":661,""source_window_frames"":240,""task_id"":""AU-03"",""thermal_crossover"":1,""tiny_size"":1,""visibility_event_count"":1},{""dynamic_background_clutter"":1,""event_center_frame"":850,""fast_motion"":1,""inactive_frames_in_window"":5,""medium_size"":0,""normal_size"":0,""occlusion"":0,""offset_steps"":3,""out_of_view"":1,""requested_window_mode"":""visibility"",""scale_variation"":1,""selected_window_mode"":""visibility"",""small_size"":1,""source_active_frames"":1494,""source_end_frame"":969,""source_frames"":1500,""source_inactive_frames"":6,""source_path"":""D:\\360Downloads\\123\\data\\Anti-UAV410\\annos\\test\\3700000000002_132726_2.txt"",""source_sha256"":""9748641bbb4535947838472e640bd6f5ec0888a8f77190363eaf70ed85a893ef"",""source_start_frame"":730,""source_window_frames"":240,""task_id"":""AU-04"",""thermal_crossover"":0,""tiny_size"":1,""visibility_event_count"":3}]}",0,495.0,AU-03,0,0,1,3,{},0.0,0.0,0.5,0.0,0.35,1.0,0.0,0.0,0.5,0.0,0.35,1.0
anti_uav410,AU-L04-W02,public-trajectory-replay-v2,"{""event_window_version"":""anti-uav-event-window-v1"",""evidence_type"":""measured_image_plane_tracks_with_simulated_response_resources"",""fps"":null,""image_height"":512,""image_width"":640,""measured_dimensions"":[""apparent_size"",""image_plane_speed"",""visibility""],""motion_unit"":""normalized_image_diagonal_per_frame"",""protected_point"":[0.5,0.85],""source_files"":[""D:\\360Downloads\\123\\data\\Anti-UAV410\\annos\\test\\20190925_124612_1_5.txt"",""D:\\360Downloads\\123\\data\\Anti-UAV410\\annos\\test\\20190925_101846_1_5.txt"",""D:\\360Downloads\\123\\data\\Anti-UAV410\\annos\\test\\20190925_111757_1_9.txt"",""D:\\360Downloads\\123\\data\\Anti-UAV410\\annos\\test\\3700000000002_132726_2.txt""],""source_sha256"":[""b334d15af3977035a34c0fd54bd48d67799f984d7eb37284095db2ff12884700"",""909f43827707377733a597191c03b754d762a46e0ea0e91a879f62f850312a26"",""b506da1c12d3b8e9c21ea90c418692075554ad6aba19ea12916e65c51b4184b6"",""9748641bbb4535947838472e640bd6f5ec0888a8f77190363eaf70ed85a893ef""],""synthetic_dimensions"":[""spatial_level"",""risk"",""response_window"",""multi_sequence_concurrency"",""resources""],""time_basis"":""frames"",""track_count"":4,""track_windows"":[{""dynamic_background_clutter"":0,""event_center_frame"":615,""fast_motion"":0,""inactive_frames_in_window"":0,""medium_size"":1,""normal_size"":0,""occlusion"":0,""offset_steps"":0,""out_of_view"":0,""requested_window_mode"":""motion"",""scale_variation"":0,""selected_window_mode"":""motion"",""small_size"":0,""source_active_frames"":1000,""source_end_frame"":734,""source_frames"":1000,""source_inactive_frames"":0,""source_path"":""D:\\360Downloads\\123\\data\\Anti-UAV410\\annos\\test\\20190925_124612_1_5.txt"",""source_sha256"":""b334d15af3977035a34c0fd54bd48d67799f984d7eb37284095db2ff12884700"",""source_start_frame"":495,""source_window_frames"":240,""task_id"":""AU-01"",""thermal_crossover"":1,""tiny_size"":0,""visibility_event_count"":0},{""dynamic_background_clutter"":0,""event_center_frame"":774,""fast_motion"":0,""inactive_frames_in_window"":0,""medium_size"":0,""normal_size"":0,""occlusion"":0,""offset_steps"":1,""out_of_view"":0,""requested_window_mode"":""scale"",""scale_variation"":1,""selected_window_mode"":""scale"",""small_size"":1,""source_active_frames"":1000,""source_end_frame"":893,""source_frames"":1000,""source_inactive_frames"":0,""source_path"":""D:\\360Downloads\\123\\data\\Anti-UAV410\\annos\\test\\20190925_101846_1_5.txt"",""source_sha256"":""909f43827707377733a597191c03b754d762a46e0ea0e91a879f62f850312a26"",""source_start_frame"":654,""source_window_frames"":240,""task_id"":""AU-02"",""thermal_crossover"":0,""tiny_size"":0,""visibility_event_count"":0},{""dynamic_background_clutter"":0,""event_center_frame"":781,""fast_motion"":1,""inactive_frames_in_window"":10,""medium_size"":1,""normal_size"":1,""occlusion"":0,""offset_steps"":2,""out_of_view"":0,""requested_window_mode"":""visibility"",""scale_variation"":1,""selected_window_mode"":""visibility"",""small_size"":1,""source_active_frames"":990,""source_end_frame"":900,""source_frames"":1000,""source_inactive_frames"":10,""source_path"":""D:\\360Downloads\\123\\data\\Anti-UAV410\\annos\\test\\20190925_111757_1_9.txt"",""source_sha256"":""b506da1c12d3b8e9c21ea90c418692075554ad6aba19ea12916e65c51b4184b6"",""source_start_frame"":661,""source_window_frames"":240,""task_id"":""AU-03"",""thermal_crossover"":1,""tiny_size"":1,""visibility_event_count"":1},{""dynamic_background_clutter"":1,""event_center_frame"":850,""fast_motion"":1,""inactive_frames_in_window"":5,""medium_size"":0,""normal_size"":0,""occlusion"":0,""offset_steps"":3,""out_of_view"":1,""requested_window_mode"":""visibility"",""scale_variation"":1,""selected_window_mode"":""visibility"",""small_size"":1,""source_active_frames"":1494,""source_end_frame"":969,""source_frames"":1500,""source_inactive_frames"":6,""source_path"":""D:\\360Downloads\\123\\data\\Anti-UAV410\\annos\\test\\3700000000002_132726_2.txt"",""source_sha256"":""9748641bbb4535947838472e640bd6f5ec0888a8f77190363eaf70ed85a893ef"",""source_start_frame"":730,""source_window_frames"":240,""task_id"":""AU-04"",""thermal_crossover"":0,""tiny_size"":1,""visibility_event_count"":3}]}",0,495.0,AU-04,0,0,1,3,{},0.0,0.0,0.5,0.0,0.35,1.0,0.0,0.0,0.5,0.0,0.35,1.0
anti_uav410,AU-L04-W02,public-trajectory-replay-v2,"{""event_window_version"":""anti-uav-event-window-v1"",""evidence_type"":""measured_image_plane_tracks_with_simulated_response_resources"",""fps"":null,""image_height"":512,""image_width"":640,""measured_dimensions"":[""apparent_size"",""image_plane_speed"",""visibility""],""motion_unit"":""normalized_image_diagonal_per_frame"",""protected_point"":[0.5,0.85],""source_files"":[""D:\\360Downloads\\123\\data\\Anti-UAV410\\annos\\test\\20190925_124612_1_5.txt"",""D:\\360Downloads\\123\\data\\Anti-UAV410\\annos\\test\\20190925_101846_1_5.txt"",""D:\\360Downloads\\123\\data\\Anti-UAV410\\annos\\test\\20190925_111757_1_9.txt"",""D:\\360Downloads\\123\\data\\Anti-UAV410\\annos\\test\\3700000000002_132726_2.txt""],""source_sha256"":[""b334d15af3977035a34c0fd54bd48d67799f984d7eb37284095db2ff12884700"",""909f43827707377733a597191c03b754d762a46e0ea0e91a879f62f850312a26"",""b506da1c12d3b8e9c21ea90c418692075554ad6aba19ea12916e65c51b4184b6"",""9748641bbb4535947838472e640bd6f5ec0888a8f77190363eaf70ed85a893ef""],""synthetic_dimensions"":[""spatial_level"",""risk"",""response_window"",""multi_sequence_concurrency"",""resources""],""time_basis"":""frames"",""track_count"":4,""track_windows"":[{""dynamic_background_clutter"":0,""event_center_frame"":615,""fast_motion"":0,""inactive_frames_in_window"":0,""medium_size"":1,""normal_size"":0,""occlusion"":0,""offset_steps"":0,""out_of_view"":0,""requested_window_mode"":""motion"",""scale_variation"":0,""selected_window_mode"":""motion"",""small_size"":0,""source_active_frames"":1000,""source_end_frame"":734,""source_frames"":1000,""source_inactive_frames"":0,""source_path"":""D:\\360Downloads\\123\\data\\Anti-UAV410\\annos\\test\\20190925_124612_1_5.txt"",""source_sha256"":""b334d15af3977035a34c0fd54bd48d67799f984d7eb37284095db2ff12884700"",""source_start_frame"":495,""source_window_frames"":240,""task_id"":""AU-01"",""thermal_crossover"":1,""tiny_size"":0,""visibility_event_count"":0},{""dynamic_background_clutter"":0,""event_center_frame"":774,""fast_motion"":0,""inactive_frames_in_window"":0,""medium_size"":0,""normal_size"":0,""occlusion"":0,""offset_steps"":1,""out_of_view"":0,""requested_window_mode"":""scale"",""scale_variation"":1,""selected_window_mode"":""scale"",""small_size"":1,""source_active_frames"":1000,""source_end_frame"":893,""source_frames"":1000,""source_inactive_frames"":0,""source_path"":""D:\\360Downloads\\123\\data\\Anti-UAV410\\annos\\test\\20190925_101846_1_5.txt"",""source_sha256"":""909f43827707377733a597191c03b754d762a46e0ea0e91a879f62f850312a26"",""source_start_frame"":654,""source_window_frames"":240,""task_id"":""AU-02"",""thermal_crossover"":0,""tiny_size"":0,""visibility_event_count"":0},{""dynamic_background_clutter"":0,""event_center_frame"":781,""fast_motion"":1,""inactive_frames_in_window"":10,""medium_size"":1,""normal_size"":1,""occlusion"":0,""offset_steps"":2,""out_of_view"":0,""requested_window_mode"":""visibility"",""scale_variation"":1,""selected_window_mode"":""visibility"",""small_size"":1,""source_active_frames"":990,""source_end_frame"":900,""source_frames"":1000,""source_inactive_frames"":10,""source_path"":""D:\\360Downloads\\123\\data\\Anti-UAV410\\annos\\test\\20190925_111757_1_9.txt"",""source_sha256"":""b506da1c12d3b8e9c21ea90c418692075554ad6aba19ea12916e65c51b4184b6"",""source_start_frame"":661,""source_window_frames"":240,""task_id"":""AU-03"",""thermal_crossover"":1,""tiny_size"":1,""visibility_event_count"":1},{""dynamic_background_clutter"":1,""event_center_frame"":850,""fast_motion"":1,""inactive_frames_in_window"":5,""medium_size"":0,""normal_size"":0,""occlusion"":0,""offset_steps"":3,""out_of_view"":1,""requested_window_mode"":""visibility"",""scale_variation"":1,""selected_window_mode"":""visibility"",""small_size"":1,""source_active_frames"":1494,""source_end_frame"":969,""source_frames"":1500,""source_inactive_frames"":6,""source_path"":""D:\\360Downloads\\123\\data\\Anti-UAV410\\annos\\test\\3700000000002_132726_2.txt"",""source_sha256"":""9748641bbb4535947838472e640bd6f5ec0888a8f77190363eaf70ed85a893ef"",""source_start_frame"":730,""source_window_frames"":240,""task_id"":""AU-04"",""thermal_crossover"":0,""tiny_size"":1,""visibility_event_count"":3}]}",1,585.5,AU-01,1,1,1,3,{},0.546254608421954,0.14056106578949593,0.5,0.5955901048672892,0.6476996718514276,1.0,0.546254608421954,0.14056106578949593,0.5,0.5955901048672892,0.6476996718514276,1.0
anti_uav410,AU-L04-W02,public-trajectory-replay-v2,"{""event_window_version"":""anti-uav-event-window-v1"",""evidence_type"":""measured_image_plane_tracks_with_simulated_response_resources"",""fps"":null,""image_height"":512,""image_width"":640,""measured_dimensions"":[""apparent_size"",""image_plane_speed"",""visibility""],""motion_unit"":""normalized_image_diagonal_per_frame"",""protected_point"":[0.5,0.85],""source_files"":[""D:\\360Downloads\\123\\data\\Anti-UAV410\\annos\\test\\20190925_124612_1_5.txt"",""D:\\360Downloads\\123\\data\\Anti-UAV410\\annos\\test\\20190925_101846_1_5.txt"",""D:\\360Downloads\\123\\data\\Anti-UAV410\\annos\\test\\20190925_111757_1_9.txt"",""D:\\360Downloads\\123\\data\\Anti-UAV410\\annos\\test\\3700000000002_132726_2.txt""],""source_sha256"":[""b334d15af3977035a34c0fd54bd48d67799f984d7eb37284095db2ff12884700"",""909f43827707377733a597191c03b754d762a46e0ea0e91a879f62f850312a26"",""b506da1c12d3b8e9c21ea90c418692075554ad6aba19ea12916e65c51b4184b6"",""9748641bbb4535947838472e640bd6f5ec0888a8f77190363eaf70ed85a893ef""],""synthetic_dimensions"":[""spatial_level"",""risk"",""response_window"",""multi_sequence_concurrency"",""resources""],""time_basis"":""frames"",""track_count"":4,""track_windows"":[{""dynamic_background_clutter"":0,""event_center_frame"":615,""fast_motion"":0,""inactive_frames_in_window"":0,""medium_size"":1,""normal_size"":0,""occlusion"":0,""offset_steps"":0,""out_of_view"":0,""requested_window_mode"":""motion"",""scale_variation"":0,""selected_window_mode"":""motion"",""small_size"":0,""source_active_frames"":1000,""source_end_frame"":734,""source_frames"":1000,""source_inactive_frames"":0,""source_path"":""D:\\360Downloads\\123\\data\\Anti-UAV410\\annos\\test\\20190925_124612_1_5.txt"",""source_sha256"":""b334d15af3977035a34c0fd54bd48d67799f984d7eb37284095db2ff12884700"",""source_start_frame"":495,""source_window_frames"":240,""task_id"":""AU-01"",""thermal_crossover"":1,""tiny_size"":0,""visibility_event_count"":0},{""dynamic_background_clutter"":0,""event_center_frame"":774,""fast_motion"":0,""inactive_frames_in_window"":0,""medium_size"":0,""normal_size"":0,""occlusion"":0,""offset_steps"":1,""out_of_view"":0,""requested_window_mode"":""scale"",""scale_variation"":1,""selected_window_mode"":""scale"",""small_size"":1,""source_active_frames"":1000,""source_end_frame"":893,""source_frames"":1000,""source_inactive_frames"":0,""source_path"":""D:\\360Downloads\\123\\data\\Anti-UAV410\\annos\\test\\20190925_101846_1_5.txt"",""source_sha256"":""909f43827707377733a597191c03b754d762a46e0ea0e91a879f62f850312a26"",""source_start_frame"":654,""source_window_frames"":240,""task_id"":""AU-02"",""thermal_crossover"":0,""tiny_size"":0,""visibility_event_count"":0},{""dynamic_background_clutter"":0,""event_center_frame"":781,""fast_motion"":1,""inactive_frames_in_window"":10,""medium_size"":1,""normal_size"":1,""occlusion"":0,""offset_steps"":2,""out_of_view"":0,""requested_window_mode"":""visibility"",""scale_variation"":1,""selected_window_mode"":""visibility"",""small_size"":1,""source_active_frames"":990,""source_end_frame"":900,""source_frames"":1000,""source_inactive_frames"":10,""source_path"":""D:\\360Downloads\\123\\data\\Anti-UAV410\\annos\\test\\20190925_111757_1_9.txt"",""source_sha256"":""b506da1c12d3b8e9c21ea90c418692075554ad6aba19ea12916e65c51b4184b6"",""source_start_frame"":661,""source_window_frames"":240,""task_id"":""AU-03"",""thermal_crossover"":1,""tiny_size"":1,""visibility_event_count"":1},{""dynamic_background_clutter"":1,""event_center_frame"":850,""fast_motion"":1,""inactive_frames_in_window"":5,""medium_size"":0,""normal_size"":0,""occlusion"":0,""offset_steps"":3,""out_of_view"":1,""requested_window_mode"":""visibility"",""scale_variation"":1,""selected_window_mode"":""visibility"",""small_size"":1,""source_active_frames"":1494,""source_end_frame"":969,""source_frames"":1500,""source_inactive_frames"":6,""source_path"":""D:\\360Downloads\\123\\data\\Anti-UAV410\\annos\\test\\3700000000002_132726_2.txt"",""source_sha256"":""9748641bbb4535947838472e640bd6f5ec0888a8f77190363eaf70ed85a893ef"",""source_start_frame"":730,""source_window_frames"":240,""task_id"":""AU-04"",""thermal_crossover"":0,""tiny_size"":1,""visibility_event_count"":3}]}",1,585.5,AU-02,1,1,1,3,{},0.2830347020740125,0.0,0.5,0.5955901048672892,0.6882312186378332,1.0,0.2830347020740125,0.0,0.5,0.5955901048672892,0.6882312186378332,1.0
anti_uav410,AU-L04-W02,public-trajectory-replay-v2,"{""event_window_version"":""anti-uav-event-window-v1"",""evidence_type"":""measured_image_plane_tracks_with_simulated_response_resources"",""fps"":null,""image_height"":512,""image_width"":640,""measured_dimensions"":[""apparent_size"",""image_plane_speed"",""visibility""],""motion_unit"":""normalized_image_diagonal_per_frame"",""protected_point"":[0.5,0.85],""source_files"":[""D:\\360Downloads\\123\\data\\Anti-UAV410\\annos\\test\\20190925_124612_1_5.txt"",""D:\\360Downloads\\123\\data\\Anti-UAV410\\annos\\test\\20190925_101846_1_5.txt"",""D:\\360Downloads\\123\\data\\Anti-UAV410\\annos\\test\\20190925_111757_1_9.txt"",""D:\\360Downloads\\123\\data\\Anti-UAV410\\annos\\test\\3700000000002_132726_2.txt""],""source_sha256"":[""b334d15af3977035a34c0fd54bd48d67799f984d7eb37284095db2ff12884700"",""909f43827707377733a597191c03b754d762a46e0ea0e91a879f62f850312a26"",""b506da1c12d3b8e9c21ea90c418692075554ad6aba19ea12916e65c51b4184b6"",""9748641bbb4535947838472e640bd6f5ec0888a8f77190363eaf70ed85a893ef""],""synthetic_dimensions"":[""spatial_level"",""risk"",""response_window"",""multi_sequence_concurrency"",""resources""],""time_basis"":""frames"",""track_count"":4,""track_windows"":[{""dynamic_background_clutter"":0,""event_center_frame"":615,""fast_motion"":0,""inactive_frames_in_window"":0,""medium_size"":1,""normal_size"":0,""occlusion"":0,""offset_steps"":0,""out_of_view"":0,""requested_window_mode"":""motion"",""scale_variation"":0,""selected_window_mode"":""motion"",""small_size"":0,""source_active_frames"":1000,""source_end_frame"":734,""source_frames"":1000,""source_inactive_frames"":0,""source_path"":""D:\\360Downloads\\123\\data\\Anti-UAV410\\annos\\test\\20190925_124612_1_5.txt"",""source_sha256"":""b334d15af3977035a34c0fd54bd48d67799f984d7eb37284095db2ff12884700"",""source_start_frame"":495,""source_window_frames"":240,""task_id"":""AU-01"",""thermal_crossover"":1,""tiny_size"":0,""visibility_event_count"":0},{""dynamic_background_clutter"":0,""event_center_frame"":774,""fast_motion"":0,""inactive_frames_in_window"":0,""medium_size"":0,""normal_size"":0,""occlusion"":0,""offset_steps"":1,""out_of_view"":0,""requested_window_mode"":""scale"",""scale_variation"":1,""selected_window_mode"":""scale"",""small_size"":1,""source_active_frames"":1000,""source_end_frame"":893,""source_frames"":1000,""source_inactive_frames"":0,""source_path"":""D:\\360Downloads\\123\\data\\Anti-UAV410\\annos\\test\\20190925_101846_1_5.txt"",""source_sha256"":""909f43827707377733a597191c03b754d762a46e0ea0e91a879f62f850312a26"",""source_start_frame"":654,""source_window_frames"":240,""task_id"":""AU-02"",""thermal_crossover"":0,""tiny_size"":0,""visibility_event_count"":0},{""dynamic_background_clutter"":0,""event_center_frame"":781,""fast_motion"":1,""inactive_frames_in_window"":10,""medium_size"":1,""normal_size"":1,""occlusion"":0,""offset_steps"":2,""out_of_view"":0,""requested_window_mode"":""visibility"",""scale_variation"":1,""selected_window_mode"":""visibility"",""small_size"":1,""source_active_frames"":990,""source_end_frame"":900,""source_frames"":1000,""source_inactive_frames"":10,""source_path"":""D:\\360Downloads\\123\\data\\Anti-UAV410\\annos\\test\\20190925_111757_1_9.txt"",""source_sha256"":""b506da1c12d3b8e9c21ea90c418692075554ad6aba19ea12916e65c51b4184b6"",""source_start_frame"":661,""source_window_frames"":240,""task_id"":""AU-03"",""thermal_crossover"":1,""tiny_size"":1,""visibility_event_count"":1},{""dynamic_background_clutter"":1,""event_center_frame"":850,""fast_motion"":1,""inactive_frames_in_window"":5,""medium_size"":0,""normal_size"":0,""occlusion"":0,""offset_steps"":3,""out_of_view"":1,""requested_window_mode"":""visibility"",""scale_variation"":1,""selected_window_mode"":""visibility"",""small_size"":1,""source_active_frames"":1494,""source_end_frame"":969,""source_frames"":1500,""source_inactive_frames"":6,""source_path"":""D:\\360Downloads\\123\\data\\Anti-UAV410\\annos\\test\\3700000000002_132726_2.txt"",""source_sha256"":""9748641bbb4535947838472e640bd6f5ec0888a8f77190363eaf70ed85a893ef"",""source_start_frame"":730,""source_window_frames"":240,""task_id"":""AU-04"",""thermal_crossover"":0,""tiny_size"":1,""visibility_event_count"":3}]}",1,585.5,AU-03,0,0,1,3,{},0.0,0.0,0.5,0.0,0.35,1.0,0.0,0.0,0.5,0.0,0.35,1.0
anti_uav410,AU-L04-W02,public-trajectory-replay-v2,"{""event_window_version"":""anti-uav-event-window-v1"",""evidence_type"":""measured_image_plane_tracks_with_simulated_response_resources"",""fps"":null,""image_height"":512,""image_width"":640,""measured_dimensions"":[""apparent_size"",""image_plane_speed"",""visibility""],""motion_unit"":""normalized_image_diagonal_per_frame"",""protected_point"":[0.5,0.85],""source_files"":[""D:\\360Downloads\\123\\data\\Anti-UAV410\\annos\\test\\20190925_124612_1_5.txt"",""D:\\360Downloads\\123\\data\\Anti-UAV410\\annos\\test\\20190925_101846_1_5.txt"",""D:\\360Downloads\\123\\data\\Anti-UAV410\\annos\\test\\20190925_111757_1_9.txt"",""D:\\360Downloads\\123\\data\\Anti-UAV410\\annos\\test\\3700000000002_132726_2.txt""],""source_sha256"":[""b334d15af3977035a34c0fd54bd48d67799f984d7eb37284095db2ff12884700"",""909f43827707377733a597191c03b754d762a46e0ea0e91a879f62f850312a26"",""b506da1c12d3b8e9c21ea90c418692075554ad6aba19ea12916e65c51b4184b6"",""9748641bbb4535947838472e640bd6f5ec0888a8f77190363eaf70ed85a893ef""],""synthetic_dimensions"":[""spatial_level"",""risk"",""response_window"",""multi_sequence_concurrency"",""resources""],""time_basis"":""frames"",""track_count"":4,""track_windows"":[{""dynamic_background_clutter"":0,""event_center_frame"":615,""fast_motion"":0,""inactive_frames_in_window"":0,""medium_size"":1,""normal_size"":0,""occlusion"":0,""offset_steps"":0,""out_of_view"":0,""requested_window_mode"":""motion"",""scale_variation"":0,""selected_window_mode"":""motion"",""small_size"":0,""source_active_frames"":1000,""source_end_frame"":734,""source_frames"":1000,""source_inactive_frames"":0,""source_path"":""D:\\360Downloads\\123\\data\\Anti-UAV410\\annos\\test\\20190925_124612_1_5.txt"",""source_sha256"":""b334d15af3977035a34c0fd54bd48d67799f984d7eb37284095db2ff12884700"",""source_start_frame"":495,""source_window_frames"":240,""task_id"":""AU-01"",""thermal_crossover"":1,""tiny_size"":0,""visibility_event_count"":0},{""dynamic_background_clutter"":0,""event_center_frame"":774,""fast_motion"":0,""inactive_frames_in_window"":0,""medium_size"":0,""normal_size"":0,""occlusion"":0,""offset_steps"":1,""out_of_view"":0,""requested_window_mode"":""scale"",""scale_variation"":1,""selected_window_mode"":""scale"",""small_size"":1,""source_active_frames"":1000,""source_end_frame"":893,""source_frames"":1000,""source_inactive_frames"":0,""source_path"":""D:\\360Downloads\\123\\data\\Anti-UAV410\\annos\\test\\20190925_101846_1_5.txt"",""source_sha256"":""909f43827707377733a597191c03b754d762a46e0ea0e91a879f62f850312a26"",""source_start_frame"":654,""source_window_frames"":240,""task_id"":""AU-02"",""thermal_crossover"":0,""tiny_size"":0,""visibility_event_count"":0},{""dynamic_background_clutter"":0,""event_center_frame"":781,""fast_motion"":1,""inactive_frames_in_window"":10,""medium_size"":1,""normal_size"":1,""occlusion"":0,""offset_steps"":2,""out_of_view"":0,""requested_window_mode"":""visibility"",""scale_variation"":1,""selected_window_mode"":""visibility"",""small_size"":1,""source_active_frames"":990,""source_end_frame"":900,""source_frames"":1000,""source_inactive_frames"":10,""source_path"":""D:\\360Downloads\\123\\data\\Anti-UAV410\\annos\\test\\20190925_111757_1_9.txt"",""source_sha256"":""b506da1c12d3b8e9c21ea90c418692075554ad6aba19ea12916e65c51b4184b6"",""source_start_frame"":661,""source_window_frames"":240,""task_id"":""AU-03"",""thermal_crossover"":1,""tiny_size"":1,""visibility_event_count"":1},{""dynamic_background_clutter"":1,""event_center_frame"":850,""fast_motion"":1,""inactive_frames_in_window"":5,""medium_size"":0,""normal_size"":0,""occlusion"":0,""offset_steps"":3,""out_of_view"":1,""requested_window_mode"":""visibility"",""scale_variation"":1,""selected_window_mode"":""visibility"",""small_size"":1,""source_active_frames"":1494,""source_end_frame"":969,""source_frames"":1500,""source_inactive_frames"":6,""source_path"":""D:\\360Downloads\\123\\data\\Anti-UAV410\\annos\\test\\3700000000002_132726_2.txt"",""source_sha256"":""9748641bbb4535947838472e640bd6f5ec0888a8f77190363eaf70ed85a893ef"",""source_start_frame"":730,""source_window_frames"":240,""task_id"":""AU-04"",""thermal_crossover"":0,""tiny_size"":1,""visibility_event_count"":3}]}",1,585.5,AU-04,0,0,1,3,{},0.0,0.0,0.5,0.0,0.35,1.0,0.0,0.0,0.5,0.0,0.35,1.0
anti_uav410,AU-L04-W02,public-trajectory-replay-v2,"{""event_window_version"":""anti-uav-event-window-v1"",""evidence_type"":""measured_image_plane_tracks_with_simulated_response_resources"",""fps"":null,""image_height"":512,""image_width"":640,""measured_dimensions"":[""apparent_size"",""image_plane_speed"",""visibility""],""motion_unit"":""normalized_image_diagonal_per_frame"",""protected_point"":[0.5,0.85],""source_files"":[""D:\\360Downloads\\123\\data\\Anti-UAV410\\annos\\test\\20190925_124612_1_5.txt"",""D:\\360Downloads\\123\\data\\Anti-UAV410\\annos\\test\\20190925_101846_1_5.txt"",""D:\\360Downloads\\123\\data\\Anti-UAV410\\annos\\test\\20190925_111757_1_9.txt"",""D:\\360Downloads\\123\\data\\Anti-UAV410\\annos\\test\\3700000000002_132726_2.txt""],""source_sha256"":[""b334d15af3977035a34c0fd54bd48d67799f984d7eb37284095db2ff12884700"",""909f43827707377733a597191c03b754d762a46e0ea0e91a879f62f850312a26"",""b506da1c12d3b8e9c21ea90c418692075554ad6aba19ea12916e65c51b4184b6"",""9748641bbb4535947838472e640bd6f5ec0888a8f77190363eaf70ed85a893ef""],""synthetic_dimensions"":[""spatial_level"",""risk"",""response_window"",""multi_sequence_concurrency"",""resources""],""time_basis"":""frames"",""track_count"":4,""track_windows"":[{""dynamic_background_clutter"":0,""event_center_frame"":615,""fast_motion"":0,""inactive_frames_in_window"":0,""medium_size"":1,""normal_size"":0,""occlusion"":0,""offset_steps"":0,""out_of_view"":0,""requested_window_mode"":""motion"",""scale_variation"":0,""selected_window_mode"":""motion"",""small_size"":0,""source_active_frames"":1000,""source_end_frame"":734,""source_frames"":1000,""source_inactive_frames"":0,""source_path"":""D:\\360Downloads\\123\\data\\Anti-UAV410\\annos\\test\\20190925_124612_1_5.txt"",""source_sha256"":""b334d15af3977035a34c0fd54bd48d67799f984d7eb37284095db2ff12884700"",""source_start_frame"":495,""source_window_frames"":240,""task_id"":""AU-01"",""thermal_crossover"":1,""tiny_size"":0,""visibility_event_count"":0},{""dynamic_background_clutter"":0,""event_center_frame"":774,""fast_motion"":0,""inactive_frames_in_window"":0,""medium_size"":0,""normal_size"":0,""occlusion"":0,""offset_steps"":1,""out_of_view"":0,""requested_window_mode"":""scale"",""scale_variation"":1,""selected_window_mode"":""scale"",""small_size"":1,""source_active_frames"":1000,""source_end_frame"":893,""source_frames"":1000,""source_inactive_frames"":0,""source_path"":""D:\\360Downloads\\123\\data\\Anti-UAV410\\annos\\test\\20190925_101846_1_5.txt"",""source_sha256"":""909f43827707377733a597191c03b754d762a46e0ea0e91a879f62f850312a26"",""source_start_frame"":654,""source_window_frames"":240,""task_id"":""AU-02"",""thermal_crossover"":0,""tiny_size"":0,""visibility_event_count"":0},{""dynamic_background_clutter"":0,""event_center_frame"":781,""fast_motion"":1,""inactive_frames_in_window"":10,""medium_size"":1,""normal_size"":1,""occlusion"":0,""offset_steps"":2,""out_of_view"":0,""requested_window_mode"":""visibility"",""scale_variation"":1,""selected_window_mode"":""visibility"",""small_size"":1,""source_active_frames"":990,""source_end_frame"":900,""source_frames"":1000,""source_inactive_frames"":10,""source_path"":""D:\\360Downloads\\123\\data\\Anti-UAV410\\annos\\test\\20190925_111757_1_9.txt"",""source_sha256"":""b506da1c12d3b8e9c21ea90c418692075554ad6aba19ea12916e65c51b4184b6"",""source_start_frame"":661,""source_window_frames"":240,""task_id"":""AU-03"",""thermal_crossover"":1,""tiny_size"":1,""visibility_event_count"":1},{""dynamic_background_clutter"":1,""event_center_frame"":850,""fast_motion"":1,""inactive_frames_in_window"":5,""medium_size"":0,""normal_size"":0,""occlusion"":0,""offset_steps"":3,""out_of_view"":1,""requested_window_mode"":""visibility"",""scale_variation"":1,""selected_window_mode"":""visibility"",""small_size"":1,""source_active_frames"":1494,""source_end_frame"":969,""source_frames"":1500,""source_inactive_frames"":6,""source_path"":""D:\\360Downloads\\123\\data\\Anti-UAV410\\annos\\test\\3700000000002_132726_2.txt"",""source_sha256"":""9748641bbb4535947838472e640bd6f5ec0888a8f77190363eaf70ed85a893ef"",""source_start_frame"":730,""source_window_frames"":240,""task_id"":""AU-04"",""thermal_crossover"":0,""tiny_size"":1,""visibility_event_count"":3}]}",2,625.6666666666666,AU-01,1,1,1,3,{},0.6065528488985477,0.48417570079498,0.5,0.3542741919868893,0.5933875819419694,1.0,0.6065528488985477,0.48417570079498,0.5,0.3542741919868893,0.5933875819419694,1.0
anti_uav410,AU-L04-W02,public-trajectory-replay-v2,"{""event_window_version"":""anti-uav-event-window-v1"",""evidence_type"":""measured_image_plane_tracks_with_simulated_response_resources"",""fps"":null,""image_height"":512,""image_width"":640,""measured_dimensions"":[""apparent_size"",""image_plane_speed"",""visibility""],""motion_unit"":""normalized_image_diagonal_per_frame"",""protected_point"":[0.5,0.85],""source_files"":[""D:\\360Downloads\\123\\data\\Anti-UAV410\\annos\\test\\20190925_124612_1_5.txt"",""D:\\360Downloads\\123\\data\\Anti-UAV410\\annos\\test\\20190925_101846_1_5.txt"",""D:\\360Downloads\\123\\data\\Anti-UAV410\\annos\\test\\20190925_111757_1_9.txt"",""D:\\360Downloads\\123\\data\\Anti-UAV410\\annos\\test\\3700000000002_132726_2.txt""],""source_sha256"":[""b334d15af3977035a34c0fd54bd48d67799f984d7eb37284095db2ff12884700"",""909f43827707377733a597191c03b754d762a46e0ea0e91a879f62f850312a26"",""b506da1c12d3b8e9c21ea90c418692075554ad6aba19ea12916e65c51b4184b6"",""9748641bbb4535947838472e640bd6f5ec0888a8f77190363eaf70ed85a893ef""],""synthetic_dimensions"":[""spatial_level"",""risk"",""response_window"",""multi_sequence_concurrency"",""resources""],""time_basis"":""frames"",""track_count"":4,""track_windows"":[{""dynamic_background_clutter"":0,""event_center_frame"":615,""fast_motion"":0,""inactive_frames_in_window"":0,""medium_size"":1,""normal_size"":0,""occlusion"":0,""offset_steps"":0,""out_of_view"":0,""requested_window_mode"":""motion"",""scale_variation"":0,""selected_window_mode"":""motion"",""small_size"":0,""source_active_frames"":1000,""source_end_frame"":734,""source_frames"":1000,""source_inactive_frames"":0,""source_path"":""D:\\360Downloads\\123\\data\\Anti-UAV410\\annos\\test\\20190925_124612_1_5.txt"",""source_sha256"":""b334d15af3977035a34c0fd54bd48d67799f984d7eb37284095db2ff12884700"",""source_start_frame"":495,""source_window_frames"":240,""task_id"":""AU-01"",""thermal_crossover"":1,""tiny_size"":0,""visibility_event_count"":0},{""dynamic_background_clutter"":0,""event_center_frame"":774,""fast_motion"":0,""inactive_frames_in_window"":0,""medium_size"":0,""normal_size"":0,""occlusion"":0,""offset_steps"":1,""out_of_view"":0,""requested_window_mode"":""scale"",""scale_variation"":1,""selected_window_mode"":""scale"",""small_size"":1,""source_active_frames"":1000,""source_end_frame"":893,""source_frames"":1000,""source_inactive_frames"":0,""source_path"":""D:\\360Downloads\\123\\data\\Anti-UAV410\\annos\\test\\20190925_101846_1_5.txt"",""source_sha256"":""909f43827707377733a597191c03b754d762a46e0ea0e91a879f62f850312a26"",""source_start_frame"":654,""source_window_frames"":240,""task_id"":""AU-02"",""thermal_crossover"":0,""tiny_size"":0,""visibility_event_count"":0},{""dynamic_background_clutter"":0,""event_center_frame"":781,""fast_motion"":1,""inactive_frames_in_window"":10,""medium_size"":1,""normal_size"":1,""occlusion"":0,""offset_steps"":2,""out_of_view"":0,""requested_window_mode"":""visibility"",""scale_variation"":1,""selected_window_mode"":""visibility"",""small_size"":1,""source_active_frames"":990,""source_end_frame"":900,""source_frames"":1000,""source_inactive_frames"":10,""source_path"":""D:\\360Downloads\\123\\data\\Anti-UAV410\\annos\\test\\20190925_111757_1_9.txt"",""source_sha256"":""b506da1c12d3b8e9c21ea90c418692075554ad6aba19ea12916e65c51b4184b6"",""source_start_frame"":661,""source_window_frames"":240,""task_id"":""AU-03"",""thermal_crossover"":1,""tiny_size"":1,""visibility_event_count"":1},{""dynamic_background_clutter"":1,""event_center_frame"":850,""fast_motion"":1,""inactive_frames_in_window"":5,""medium_size"":0,""normal_size"":0,""occlusion"":0,""offset_steps"":3,""out_of_view"":1,""requested_window_mode"":""visibility"",""scale_variation"":1,""selected_window_mode"":""visibility"",""small_size"":1,""source_active_frames"":1494,""source_end_frame"":969,""source_frames"":1500,""source_inactive_frames"":6,""source_path"":""D:\\360Downloads\\123\\data\\Anti-UAV410\\annos\\test\\3700000000002_132726_2.txt"",""source_sha256"":""9748641bbb4535947838472e640bd6f5ec0888a8f77190363eaf70ed85a893ef"",""source_start_frame"":730,""source_window_frames"":240,""task_id"":""AU-04"",""thermal_crossover"":0,""tiny_size"":1,""visibility_event_count"":3}]}",2,625.6666666666666,AU-02,1,1,1,3,{},0.2962060720332637,0.17374751823841958,0.5,0.3321316604284039,0.6245085732286113,1.0,0.2962060720332637,0.17374751823841958,0.5,0.3321316604284039,0.6245085732286113,1.0
anti_uav410,AU-L04-W02,public-trajectory-replay-v2,"{""event_window_version"":""anti-uav-event-window-v1"",""evidence_type"":""measured_image_plane_tracks_with_simulated_response_resources"",""fps"":null,""image_height"":512,""image_width"":640,""measured_dimensions"":[""apparent_size"",""image_plane_speed"",""visibility""],""motion_unit"":""normalized_image_diagonal_per_frame"",""protected_point"":[0.5,0.85],""source_files"":[""D:\\360Downloads\\123\\data\\Anti-UAV410\\annos\\test\\20190925_124612_1_5.txt"",""D:\\360Downloads\\123\\data\\Anti-UAV410\\annos\\test\\20190925_101846_1_5.txt"",""D:\\360Downloads\\123\\data\\Anti-UAV410\\annos\\test\\20190925_111757_1_9.txt"",""D:\\360Downloads\\123\\data\\Anti-UAV410\\annos\\test\\3700000000002_132726_2.txt""],""source_sha256"":[""b334d15af3977035a34c0fd54bd48d67799f984d7eb37284095db2ff12884700"",""909f43827707377733a597191c03b754d762a46e0ea0e91a879f62f850312a26"",""b506da1c12d3b8e9c21ea90c418692075554ad6aba19ea12916e65c51b4184b6"",""9748641bbb4535947838472e640bd6f5ec0888a8f77190363eaf70ed85a893ef""],""synthetic_dimensions"":[""spatial_level"",""risk"",""response_window"",""multi_sequence_concurrency"",""resources""],""time_basis"":""frames"",""track_count"":4,""track_windows"":[{""dynamic_background_clutter"":0,""event_center_frame"":615,""fast_motion"":0,""inactive_frames_in_window"":0,""medium_size"":1,""normal_size"":0,""occlusion"":0,""offset_steps"":0,""out_of_view"":0,""requested_window_mode"":""motion"",""scale_variation"":0,""selected_window_mode"":""motion"",""small_size"":0,""source_active_frames"":1000,""source_end_frame"":734,""source_frames"":1000,""source_inactive_frames"":0,""source_path"":""D:\\360Downloads\\123\\data\\Anti-UAV410\\annos\\test\\20190925_124612_1_5.txt"",""source_sha256"":""b334d15af3977035a34c0fd54bd48d67799f984d7eb37284095db2ff12884700"",""source_start_frame"":495,""source_window_frames"":240,""task_id"":""AU-01"",""thermal_crossover"":1,""tiny_size"":0,""visibility_event_count"":0},{""dynamic_background_clutter"":0,""event_center_frame"":774,""fast_motion"":0,""inactive_frames_in_window"":0,""medium_size"":0,""normal_size"":0,""occlusion"":0,""offset_steps"":1,""out_of_view"":0,""requested_window_mode"":""scale"",""scale_variation"":1,""selected_window_mode"":""scale"",""small_size"":1,""source_active_frames"":1000,""source_end_frame"":893,""source_frames"":1000,""source_inactive_frames"":0,""source_path"":""D:\\360Downloads\\123\\data\\Anti-UAV410\\annos\\test\\20190925_101846_1_5.txt"",""source_sha256"":""909f43827707377733a597191c03b754d762a46e0ea0e91a879f62f850312a26"",""source_start_frame"":654,""source_window_frames"":240,""task_id"":""AU-02"",""thermal_crossover"":0,""tiny_size"":0,""visibility_event_count"":0},{""dynamic_background_clutter"":0,""event_center_frame"":781,""fast_motion"":1,""inactive_frames_in_window"":10,""medium_size"":1,""normal_size"":1,""occlusion"":0,""offset_steps"":2,""out_of_view"":0,""requested_window_mode"":""visibility"",""scale_variation"":1,""selected_window_mode"":""visibility"",""small_size"":1,""source_active_frames"":990,""source_end_frame"":900,""source_frames"":1000,""source_inactive_frames"":10,""source_path"":""D:\\360Downloads\\123\\data\\Anti-UAV410\\annos\\test\\20190925_111757_1_9.txt"",""source_sha256"":""b506da1c12d3b8e9c21ea90c418692075554ad6aba19ea12916e65c51b4184b6"",""source_start_frame"":661,""source_window_frames"":240,""task_id"":""AU-03"",""thermal_crossover"":1,""tiny_size"":1,""visibility_event_count"":1},{""dynamic_background_clutter"":1,""event_center_frame"":850,""fast_motion"":1,""inactive_frames_in_window"":5,""medium_size"":0,""normal_size"":0,""occlusion"":0,""offset_steps"":3,""out_of_view"":1,""requested_window_mode"":""visibility"",""scale_variation"":1,""selected_window_mode"":""visibility"",""small_size"":1,""source_active_frames"":1494,""source_end_frame"":969,""source_frames"":1500,""source_inactive_frames"":6,""source_path"":""D:\\360Downloads\\123\\data\\Anti-UAV410\\annos\\test\\3700000000002_132726_2.txt"",""source_sha256"":""9748641bbb4535947838472e640bd6f5ec0888a8f77190363eaf70ed85a893ef"",""source_start_frame"":730,""source_window_frames"":240,""task_id"":""AU-04"",""thermal_crossover"":0,""tiny_size"":1,""visibility_event_count"":3}]}",2,625.6666666666666,AU-03,1,1,1,3,{},0.4166158009316708,0.0,0.5,0.552039666111398,0.6484982444126471,1.0,0.4166158009316708,0.0,0.5,0.552039666111398,0.6484982444126471,1.0
anti_uav410,AU-L04-W02,public-trajectory-replay-v2,"{""event_window_version"":""anti-uav-event-window-v1"",""evidence_type"":""measured_image_plane_tracks_with_simulated_response_resources"",""fps"":null,""image_height"":512,""image_width"":640,""measured_dimensions"":[""apparent_size"",""image_plane_speed"",""visibility""],""motion_unit"":""normalized_image_diagonal_per_frame"",""protected_point"":[0.5,0.85],""source_files"":[""D:\\360Downloads\\123\\data\\Anti-UAV410\\annos\\test\\20190925_124612_1_5.txt"",""D:\\360Downloads\\123\\data\\Anti-UAV410\\annos\\test\\20190925_101846_1_5.txt"",""D:\\360Downloads\\123\\data\\Anti-UAV410\\annos\\test\\20190925_111757_1_9.txt"",""D:\\360Downloads\\123\\data\\Anti-UAV410\\annos\\test\\3700000000002_132726_2.txt""],""source_sha256"":[""b334d15af3977035a34c0fd54bd48d67799f984d7eb37284095db2ff12884700"",""909f43827707377733a597191c03b754d762a46e0ea0e91a879f62f850312a26"",""b506da1c12d3b8e9c21ea90c418692075554ad6aba19ea12916e65c51b4184b6"",""9748641bbb4535947838472e640bd6f5ec0888a8f77190363eaf70ed85a893ef""],""synthetic_dimensions"":[""spatial_level"",""risk"",""response_window"",""multi_sequence_concurrency"",""resources""],""time_basis"":""frames"",""track_count"":4,""track_windows"":[{""dynamic_background_clutter"":0,""event_center_frame"":615,""fast_motion"":0,""inactive_frames_in_window"":0,""medium_size"":1,""normal_size"":0,""occlusion"":0,""offset_steps"":0,""out_of_view"":0,""requested_window_mode"":""motion"",""scale_variation"":0,""selected_window_mode"":""motion"",""small_size"":0,""source_active_frames"":1000,""source_end_frame"":734,""source_frames"":1000,""source_inactive_frames"":0,""source_path"":""D:\\360Downloads\\123\\data\\Anti-UAV410\\annos\\test\\20190925_124612_1_5.txt"",""source_sha256"":""b334d15af3977035a34c0fd54bd48d67799f984d7eb37284095db2ff12884700"",""source_start_frame"":495,""source_window_frames"":240,""task_id"":""AU-01"",""thermal_crossover"":1,""tiny_size"":0,""visibility_event_count"":0},{""dynamic_background_clutter"":0,""event_center_frame"":774,""fast_motion"":0,""inactive_frames_in_window"":0,""medium_size"":0,""normal_size"":0,""occlusion"":0,""offset_steps"":1,""out_of_view"":0,""requested_window_mode"":""scale"",""scale_variation"":1,""selected_window_mode"":""scale"",""small_size"":1,""source_active_frames"":1000,""source_end_frame"":893,""source_frames"":1000,""source_inactive_frames"":0,""source_path"":""D:\\360Downloads\\123\\data\\Anti-UAV410\\annos\\test\\20190925_101846_1_5.txt"",""source_sha256"":""909f43827707377733a597191c03b754d762a46e0ea0e91a879f62f850312a26"",""source_start_frame"":654,""source_window_frames"":240,""task_id"":""AU-02"",""thermal_crossover"":0,""tiny_size"":0,""visibility_event_count"":0},{""dynamic_background_clutter"":0,""event_center_frame"":781,""fast_motion"":1,""inactive_frames_in_window"":10,""medium_size"":1,""normal_size"":1,""occlusion"":0,""offset_steps"":2,""out_of_view"":0,""requested_window_mode"":""visibility"",""scale_variation"":1,""selected_window_mode"":""visibility"",""small_size"":1,""source_active_frames"":990,""source_end_frame"":900,""source_frames"":1000,""source_inactive_frames"":10,""source_path"":""D:\\360Downloads\\123\\data\\Anti-UAV410\\annos\\test\\20190925_111757_1_9.txt"",""source_sha256"":""b506da1c12d3b8e9c21ea90c418692075554ad6aba19ea12916e65c51b4184b6"",""source_start_frame"":661,""source_window_frames"":240,""task_id"":""AU-03"",""thermal_crossover"":1,""tiny_size"":1,""visibility_event_count"":1},{""dynamic_background_clutter"":1,""event_center_frame"":850,""fast_motion"":1,""inactive_frames_in_window"":5,""medium_size"":0,""normal_size"":0,""occlusion"":0,""offset_steps"":3,""out_of_view"":1,""requested_window_mode"":""visibility"",""scale_variation"":1,""selected_window_mode"":""visibility"",""small_size"":1,""source_active_frames"":1494,""source_end_frame"":969,""source_frames"":1500,""source_inactive_frames"":6,""source_path"":""D:\\360Downloads\\123\\data\\Anti-UAV410\\annos\\test\\3700000000002_132726_2.txt"",""source_sha256"":""9748641bbb4535947838472e640bd6f5ec0888a8f77190363eaf70ed85a893ef"",""source_start_frame"":730,""source_window_frames"":240,""task_id"":""AU-04"",""thermal_crossover"":0,""tiny_size"":1,""visibility_event_count"":3}]}",2,625.6666666666666,AU-04,0,0,1,3,{},0.0,0.0,0.5,0.0,0.35,1.0,0.0,0.0,0.5,0.0,0.35,1.0
anti_uav410,AU-L04-W02,public-trajectory-replay-v2,"{""event_window_version"":""anti-uav-event-window-v1"",""evidence_type"":""measured_image_plane_tracks_with_simulated_response_resources"",""fps"":null,""image_height"":512,""image_width"":640,""measured_dimensions"":[""apparent_size"",""image_plane_speed"",""visibility""],""motion_unit"":""normalized_image_diagonal_per_frame"",""protected_point"":[0.5,0.85],""source_files"":[""D:\\360Downloads\\123\\data\\Anti-UAV410\\annos\\test\\20190925_124612_1_5.txt"",""D:\\360Downloads\\123\\data\\Anti-UAV410\\annos\\test\\20190925_101846_1_5.txt"",""D:\\360Downloads\\123\\data\\Anti-UAV410\\annos\\test\\20190925_111757_1_9.txt"",""D:\\360Downloads\\123\\data\\Anti-UAV410\\annos\\test\\3700000000002_132726_2.txt""],""source_sha256"":[""b334d15af3977035a34c0fd54bd48d67799f984d7eb37284095db2ff12884700"",""909f43827707377733a597191c03b754d762a46e0ea0e91a879f62f850312a26"",""b506da1c12d3b8e9c21ea90c418692075554ad6aba19ea12916e65c51b4184b6"",""9748641bbb4535947838472e640bd6f5ec0888a8f77190363eaf70ed85a893ef""],""synthetic_dimensions"":[""spatial_level"",""risk"",""response_window"",""multi_sequence_concurrency"",""resources""],""time_basis"":""frames"",""track_count"":4,""track_windows"":[{""dynamic_background_clutter"":0,""event_center_frame"":615,""fast_motion"":0,""inactive_frames_in_window"":0,""medium_size"":1,""normal_size"":0,""occlusion"":0,""offset_steps"":0,""out_of_view"":0,""requested_window_mode"":""motion"",""scale_variation"":0,""selected_window_mode"":""motion"",""small_size"":0,""source_active_frames"":1000,""source_end_frame"":734,""source_frames"":1000,""source_inactive_frames"":0,""source_path"":""D:\\360Downloads\\123\\data\\Anti-UAV410\\annos\\test\\20190925_124612_1_5.txt"",""source_sha256"":""b334d15af3977035a34c0fd54bd48d67799f984d7eb37284095db2ff12884700"",""source_start_frame"":495,""source_window_frames"":240,""task_id"":""AU-01"",""thermal_crossover"":1,""tiny_size"":0,""visibility_event_count"":0},{""dynamic_background_clutter"":0,""event_center_frame"":774,""fast_motion"":0,""inactive_frames_in_window"":0,""medium_size"":0,""normal_size"":0,""occlusion"":0,""offset_steps"":1,""out_of_view"":0,""requested_window_mode"":""scale"",""scale_variation"":1,""selected_window_mode"":""scale"",""small_size"":1,""source_active_frames"":1000,""source_end_frame"":893,""source_frames"":1000,""source_inactive_frames"":0,""source_path"":""D:\\360Downloads\\123\\data\\Anti-UAV410\\annos\\test\\20190925_101846_1_5.txt"",""source_sha256"":""909f43827707377733a597191c03b754d762a46e0ea0e91a879f62f850312a26"",""source_start_frame"":654,""source_window_frames"":240,""task_id"":""AU-02"",""thermal_crossover"":0,""tiny_size"":0,""visibility_event_count"":0},{""dynamic_background_clutter"":0,""event_center_frame"":781,""fast_motion"":1,""inactive_frames_in_window"":10,""medium_size"":1,""normal_size"":1,""occlusion"":0,""offset_steps"":2,""out_of_view"":0,""requested_window_mode"":""visibility"",""scale_variation"":1,""selected_window_mode"":""visibility"",""small_size"":1,""source_active_frames"":990,""source_end_frame"":900,""source_frames"":1000,""source_inactive_frames"":10,""source_path"":""D:\\360Downloads\\123\\data\\Anti-UAV410\\annos\\test\\20190925_111757_1_9.txt"",""source_sha256"":""b506da1c12d3b8e9c21ea90c418692075554ad6aba19ea12916e65c51b4184b6"",""source_start_frame"":661,""source_window_frames"":240,""task_id"":""AU-03"",""thermal_crossover"":1,""tiny_size"":1,""visibility_event_count"":1},{""dynamic_background_clutter"":1,""event_center_frame"":850,""fast_motion"":1,""inactive_frames_in_window"":5,""medium_size"":0,""normal_size"":0,""occlusion"":0,""offset_steps"":3,""out_of_view"":1,""requested_window_mode"":""visibility"",""scale_variation"":1,""selected_window_mode"":""visibility"",""small_size"":1,""source_active_frames"":1494,""source_end_frame"":969,""source_frames"":1500,""source_inactive_frames"":6,""source_path"":""D:\\360Downloads\\123\\data\\Anti-UAV410\\annos\\test\\3700000000002_132726_2.txt"",""source_sha256"":""9748641bbb4535947838472e640bd6f5ec0888a8f77190363eaf70ed85a893ef"",""source_start_frame"":730,""source_window_frames"":240,""task_id"":""AU-04"",""thermal_crossover"":0,""tiny_size"":1,""visibility_event_count"":3}]}",3,670.0,AU-01,1,1,1,3,{},0.625982571826113,0.5588195285425268,0.5,0.5486949282296669,0.7207151011131777,0.2699274178591082,0.625982571826113,0.5588195285425268,0.5,0.5486949282296669,0.7207151011131777,0.2699274178591082
anti_uav410,AU-L04-W02,public-trajectory-replay-v2,"{""event_window_version"":""anti-uav-event-window-v1"",""evidence_type"":""measured_image_plane_tracks_with_simulated_response_resources"",""fps"":null,""image_height"":512,""image_width"":640,""measured_dimensions"":[""apparent_size"",""image_plane_speed"",""visibility""],""motion_unit"":""normalized_image_diagonal_per_frame"",""protected_point"":[0.5,0.85],""source_files"":[""D:\\360Downloads\\123\\data\\Anti-UAV410\\annos\\test\\20190925_124612_1_5.txt"",""D:\\360Downloads\\123\\data\\Anti-UAV410\\annos\\test\\20190925_101846_1_5.txt"",""D:\\360Downloads\\123\\data\\Anti-UAV410\\annos\\test\\20190925_111757_1_9.txt"",""D:\\360Downloads\\123\\data\\Anti-UAV410\\annos\\test\\3700000000002_132726_2.txt""],""source_sha256"":[""b334d15af3977035a34c0fd54bd48d67799f984d7eb37284095db2ff12884700"",""909f43827707377733a597191c03b754d762a46e0ea0e91a879f62f850312a26"",""b506da1c12d3b8e9c21ea90c418692075554ad6aba19ea12916e65c51b4184b6"",""9748641bbb4535947838472e640bd6f5ec0888a8f77190363eaf70ed85a893ef""],""synthetic_dimensions"":[""spatial_level"",""risk"",""response_window"",""multi_sequence_concurrency"",""resources""],""time_basis"":""frames"",""track_count"":4,""track_windows"":[{""dynamic_background_clutter"":0,""event_center_frame"":615,""fast_motion"":0,""inactive_frames_in_window"":0,""medium_size"":1,""normal_size"":0,""occlusion"":0,""offset_steps"":0,""out_of_view"":0,""requested_window_mode"":""motion"",""scale_variation"":0,""selected_window_mode"":""motion"",""small_size"":0,""source_active_frames"":1000,""source_end_frame"":734,""source_frames"":1000,""source_inactive_frames"":0,""source_path"":""D:\\360Downloads\\123\\data\\Anti-UAV410\\annos\\test\\20190925_124612_1_5.txt"",""source_sha256"":""b334d15af3977035a34c0fd54bd48d67799f984d7eb37284095db2ff12884700"",""source_start_frame"":495,""source_window_frames"":240,""task_id"":""AU-01"",""thermal_crossover"":1,""tiny_size"":0,""visibility_event_count"":0},{""dynamic_background_clutter"":0,""event_center_frame"":774,""fast_motion"":0,""inactive_frames_in_window"":0,""medium_size"":0,""normal_size"":0,""occlusion"":0,""offset_steps"":1,""out_of_view"":0,""requested_window_mode"":""scale"",""scale_variation"":1,""selected_window_mode"":""scale"",""small_size"":1,""source_active_frames"":1000,""source_end_frame"":893,""source_frames"":1000,""source_inactive_frames"":0,""source_path"":""D:\\360Downloads\\123\\data\\Anti-UAV410\\annos\\test\\20190925_101846_1_5.txt"",""source_sha256"":""909f43827707377733a597191c03b754d762a46e0ea0e91a879f62f850312a26"",""source_start_frame"":654,""source_window_frames"":240,""task_id"":""AU-02"",""thermal_crossover"":0,""tiny_size"":0,""visibility_event_count"":0},{""dynamic_background_clutter"":0,""event_center_frame"":781,""fast_motion"":1,""inactive_frames_in_window"":10,""medium_size"":1,""normal_size"":1,""occlusion"":0,""offset_steps"":2,""out_of_view"":0,""requested_window_mode"":""visibility"",""scale_variation"":1,""selected_window_mode"":""visibility"",""small_size"":1,""source_active_frames"":990,""source_end_frame"":900,""source_frames"":1000,""source_inactive_frames"":10,""source_path"":""D:\\360Downloads\\123\\data\\Anti-UAV410\\annos\\test\\20190925_111757_1_9.txt"",""source_sha256"":""b506da1c12d3b8e9c21ea90c418692075554ad6aba19ea12916e65c51b4184b6"",""source_start_frame"":661,""source_window_frames"":240,""task_id"":""AU-03"",""thermal_crossover"":1,""tiny_size"":1,""visibility_event_count"":1},{""dynamic_background_clutter"":1,""event_center_frame"":850,""fast_motion"":1,""inactive_frames_in_window"":5,""medium_size"":0,""normal_size"":0,""occlusion"":0,""offset_steps"":3,""out_of_view"":1,""requested_window_mode"":""visibility"",""scale_variation"":1,""selected_window_mode"":""visibility"",""small_size"":1,""source_active_frames"":1494,""source_end_frame"":969,""source_frames"":1500,""source_inactive_frames"":6,""source_path"":""D:\\360Downloads\\123\\data\\Anti-UAV410\\annos\\test\\3700000000002_132726_2.txt"",""source_sha256"":""9748641bbb4535947838472e640bd6f5ec0888a8f77190363eaf70ed85a893ef"",""source_start_frame"":730,""source_window_frames"":240,""task_id"":""AU-04"",""thermal_crossover"":0,""tiny_size"":1,""visibility_event_count"":3}]}",3,670.0,AU-02,1,1,1,3,{},0.2765969503417709,0.10388029132895935,0.5,0.517912586198447,0.6986697122451555,0.4639205953585806,0.2765969503417709,0.10388029132895935,0.5,0.517912586198447,0.6986697122451555,0.4639205953585806
anti_uav410,AU-L04-W02,public-trajectory-replay-v2,"{""event_window_version"":""anti-uav-event-window-v1"",""evidence_type"":""measured_image_plane_tracks_with_simulated_response_resources"",""fps"":null,""image_height"":512,""image_width"":640,""measured_dimensions"":[""apparent_size"",""image_plane_speed"",""visibility""],""motion_unit"":""normalized_image_diagonal_per_frame"",""protected_point"":[0.5,0.85],""source_files"":[""D:\\360Downloads\\123\\data\\Anti-UAV410\\annos\\test\\20190925_124612_1_5.txt"",""D:\\360Downloads\\123\\data\\Anti-UAV410\\annos\\test\\20190925_101846_1_5.txt"",""D:\\360Downloads\\123\\data\\Anti-UAV410\\annos\\test\\20190925_111757_1_9.txt"",""D:\\360Downloads\\123\\data\\Anti-UAV410\\annos\\test\\3700000000002_132726_2.txt""],""source_sha256"":[""b334d15af3977035a34c0fd54bd48d67799f984d7eb37284095db2ff12884700"",""909f43827707377733a597191c03b754d762a46e0ea0e91a879f62f850312a26"",""b506da1c12d3b8e9c21ea90c418692075554ad6aba19ea12916e65c51b4184b6"",""9748641bbb4535947838472e640bd6f5ec0888a8f77190363eaf70ed85a893ef""],""synthetic_dimensions"":[""spatial_level"",""risk"",""response_window"",""multi_sequence_concurrency"",""resources""],""time_basis"":""frames"",""track_count"":4,""track_windows"":[{""dynamic_background_clutter"":0,""event_center_frame"":615,""fast_motion"":0,""inactive_frames_in_window"":0,""medium_size"":1,""normal_size"":0,""occlusion"":0,""offset_steps"":0,""out_of_view"":0,""requested_window_mode"":""motion"",""scale_variation"":0,""selected_window_mode"":""motion"",""small_size"":0,""source_active_frames"":1000,""source_end_frame"":734,""source_frames"":1000,""source_inactive_frames"":0,""source_path"":""D:\\360Downloads\\123\\data\\Anti-UAV410\\annos\\test\\20190925_124612_1_5.txt"",""source_sha256"":""b334d15af3977035a34c0fd54bd48d67799f984d7eb37284095db2ff12884700"",""source_start_frame"":495,""source_window_frames"":240,""task_id"":""AU-01"",""thermal_crossover"":1,""tiny_size"":0,""visibility_event_count"":0},{""dynamic_background_clutter"":0,""event_center_frame"":774,""fast_motion"":0,""inactive_frames_in_window"":0,""medium_size"":0,""normal_size"":0,""occlusion"":0,""offset_steps"":1,""out_of_view"":0,""requested_window_mode"":""scale"",""scale_variation"":1,""selected_window_mode"":""scale"",""small_size"":1,""source_active_frames"":1000,""source_end_frame"":893,""source_frames"":1000,""source_inactive_frames"":0,""source_path"":""D:\\360Downloads\\123\\data\\Anti-UAV410\\annos\\test\\20190925_101846_1_5.txt"",""source_sha256"":""909f43827707377733a597191c03b754d762a46e0ea0e91a879f62f850312a26"",""source_start_frame"":654,""source_window_frames"":240,""task_id"":""AU-02"",""thermal_crossover"":0,""tiny_size"":0,""visibility_event_count"":0},{""dynamic_background_clutter"":0,""event_center_frame"":781,""fast_motion"":1,""inactive_frames_in_window"":10,""medium_size"":1,""normal_size"":1,""occlusion"":0,""offset_steps"":2,""out_of_view"":0,""requested_window_mode"":""visibility"",""scale_variation"":1,""selected_window_mode"":""visibility"",""small_size"":1,""source_active_frames"":990,""source_end_frame"":900,""source_frames"":1000,""source_inactive_frames"":10,""source_path"":""D:\\360Downloads\\123\\data\\Anti-UAV410\\annos\\test\\20190925_111757_1_9.txt"",""source_sha256"":""b506da1c12d3b8e9c21ea90c418692075554ad6aba19ea12916e65c51b4184b6"",""source_start_frame"":661,""source_window_frames"":240,""task_id"":""AU-03"",""thermal_crossover"":1,""tiny_size"":1,""visibility_event_count"":1},{""dynamic_background_clutter"":1,""event_center_frame"":850,""fast_motion"":1,""inactive_frames_in_window"":5,""medium_size"":0,""normal_size"":0,""occlusion"":0,""offset_steps"":3,""out_of_view"":1,""requested_window_mode"":""visibility"",""scale_variation"":1,""selected_window_mode"":""visibility"",""small_size"":1,""source_active_frames"":1494,""source_end_frame"":969,""source_frames"":1500,""source_inactive_frames"":6,""source_path"":""D:\\360Downloads\\123\\data\\Anti-UAV410\\annos\\test\\3700000000002_132726_2.txt"",""source_sha256"":""9748641bbb4535947838472e640bd6f5ec0888a8f77190363eaf70ed85a893ef"",""source_start_frame"":730,""source_window_frames"":240,""task_id"":""AU-04"",""thermal_crossover"":0,""tiny_size"":1,""visibility_event_count"":3}]}",3,670.0,AU-03,1,1,1,3,{},0.4703747882340741,0.014705778274204384,0.5,0.38383087649511083,0.628449093843956,1.0,0.4703747882340741,0.014705778274204384,0.5,0.38383087649511083,0.628449093843956,1.0
anti_uav410,AU-L04-W02,public-trajectory-replay-v2,"{""event_window_version"":""anti-uav-event-window-v1"",""evidence_type"":""measured_image_plane_tracks_with_simulated_response_resources"",""fps"":null,""image_height"":512,""image_width"":640,""measured_dimensions"":[""apparent_size"",""image_plane_speed"",""visibility""],""motion_unit"":""normalized_image_diagonal_per_frame"",""protected_point"":[0.5,0.85],""source_files"":[""D:\\360Downloads\\123\\data\\Anti-UAV410\\annos\\test\\20190925_124612_1_5.txt"",""D:\\360Downloads\\123\\data\\Anti-UAV410\\annos\\test\\20190925_101846_1_5.txt"",""D:\\360Downloads\\123\\data\\Anti-UAV410\\annos\\test\\20190925_111757_1_9.txt"",""D:\\360Downloads\\123\\data\\Anti-UAV410\\annos\\test\\3700000000002_132726_2.txt""],""source_sha256"":[""b334d15af3977035a34c0fd54bd48d67799f984d7eb37284095db2ff12884700"",""909f43827707377733a597191c03b754d762a46e0ea0e91a879f62f850312a26"",""b506da1c12d3b8e9c21ea90c418692075554ad6aba19ea12916e65c51b4184b6"",""9748641bbb4535947838472e640bd6f5ec0888a8f77190363eaf70ed85a893ef""],""synthetic_dimensions"":[""spatial_level"",""risk"",""response_window"",""multi_sequence_concurrency"",""resources""],""time_basis"":""frames"",""track_count"":4,""track_windows"":[{""dynamic_background_clutter"":0,""event_center_frame"":615,""fast_motion"":0,""inactive_frames_in_window"":0,""medium_size"":1,""normal_size"":0,""occlusion"":0,""offset_steps"":0,""out_of_view"":0,""requested_window_mode"":""motion"",""scale_variation"":0,""selected_window_mode"":""motion"",""small_size"":0,""source_active_frames"":1000,""source_end_frame"":734,""source_frames"":1000,""source_inactive_frames"":0,""source_path"":""D:\\360Downloads\\123\\data\\Anti-UAV410\\annos\\test\\20190925_124612_1_5.txt"",""source_sha256"":""b334d15af3977035a34c0fd54bd48d67799f984d7eb37284095db2ff12884700"",""source_start_frame"":495,""source_window_frames"":240,""task_id"":""AU-01"",""thermal_crossover"":1,""tiny_size"":0,""visibility_event_count"":0},{""dynamic_background_clutter"":0,""event_center_frame"":774,""fast_motion"":0,""inactive_frames_in_window"":0,""medium_size"":0,""normal_size"":0,""occlusion"":0,""offset_steps"":1,""out_of_view"":0,""requested_window_mode"":""scale"",""scale_variation"":1,""selected_window_mode"":""scale"",""small_size"":1,""source_active_frames"":1000,""source_end_frame"":893,""source_frames"":1000,""source_inactive_frames"":0,""source_path"":""D:\\360Downloads\\123\\data\\Anti-UAV410\\annos\\test\\20190925_101846_1_5.txt"",""source_sha256"":""909f43827707377733a597191c03b754d762a46e0ea0e91a879f62f850312a26"",""source_start_frame"":654,""source_window_frames"":240,""task_id"":""AU-02"",""thermal_crossover"":0,""tiny_size"":0,""visibility_event_count"":0},{""dynamic_background_clutter"":0,""event_center_frame"":781,""fast_motion"":1,""inactive_frames_in_window"":10,""medium_size"":1,""normal_size"":1,""occlusion"":0,""offset_steps"":2,""out_of_view"":0,""requested_window_mode"":""visibility"",""scale_variation"":1,""selected_window_mode"":""visibility"",""small_size"":1,""source_active_frames"":990,""source_end_frame"":900,""source_frames"":1000,""source_inactive_frames"":10,""source_path"":""D:\\360Downloads\\123\\data\\Anti-UAV410\\annos\\test\\20190925_111757_1_9.txt"",""source_sha256"":""b506da1c12d3b8e9c21ea90c418692075554ad6aba19ea12916e65c51b4184b6"",""source_start_frame"":661,""source_window_frames"":240,""task_id"":""AU-03"",""thermal_crossover"":1,""tiny_size"":1,""visibility_event_count"":1},{""dynamic_background_clutter"":1,""event_center_frame"":850,""fast_motion"":1,""inactive_frames_in_window"":5,""medium_size"":0,""normal_size"":0,""occlusion"":0,""offset_steps"":3,""out_of_view"":1,""requested_window_mode"":""visibility"",""scale_variation"":1,""selected_window_mode"":""visibility"",""small_size"":1,""source_active_frames"":1494,""source_end_frame"":969,""source_frames"":1500,""source_inactive_frames"":6,""source_path"":""D:\\360Downloads\\123\\data\\Anti-UAV410\\annos\\test\\3700000000002_132726_2.txt"",""source_sha256"":""9748641bbb4535947838472e640bd6f5ec0888a8f77190363eaf70ed85a893ef"",""source_start_frame"":730,""source_window_frames"":240,""task_id"":""AU-04"",""thermal_crossover"":0,""tiny_size"":1,""visibility_event_count"":3}]}",3,670.0,AU-04,1,1,1,3,{},0.18925054497068533,0.0,0.5,0.1273344143357945,0.5557710284692876,1.0,0.18925054497068533,0.0,0.5,0.1273344143357945,0.5557710284692876,1.0
anti_uav410,AU-L04-W02,public-trajectory-replay-v2,"{""event_window_version"":""anti-uav-event-window-v1"",""evidence_type"":""measured_image_plane_tracks_with_simulated_response_resources"",""fps"":null,""image_height"":512,""image_width"":640,""measured_dimensions"":[""apparent_size"",""image_plane_speed"",""visibility""],""motion_unit"":""normalized_image_diagonal_per_frame"",""protected_point"":[0.5,0.85],""source_files"":[""D:\\360Downloads\\123\\data\\Anti-UAV410\\annos\\test\\20190925_124612_1_5.txt"",""D:\\360Downloads\\123\\data\\Anti-UAV410\\annos\\test\\20190925_101846_1_5.txt"",""D:\\360Downloads\\123\\data\\Anti-UAV410\\annos\\test\\20190925_111757_1_9.txt"",""D:\\360Downloads\\123\\data\\Anti-UAV410\\annos\\test\\3700000000002_132726_2.txt""],""source_sha256"":[""b334d15af3977035a34c0fd54bd48d67799f984d7eb37284095db2ff12884700"",""909f43827707377733a597191c03b754d762a46e0ea0e91a879f62f850312a26"",""b506da1c12d3b8e9c21ea90c418692075554ad6aba19ea12916e65c51b4184b6"",""9748641bbb4535947838472e640bd6f5ec0888a8f77190363eaf70ed85a893ef""],""synthetic_dimensions"":[""spatial_level"",""risk"",""response_window"",""multi_sequence_concurrency"",""resources""],""time_basis"":""frames"",""track_count"":4,""track_windows"":[{""dynamic_background_clutter"":0,""event_center_frame"":615,""fast_motion"":0,""inactive_frames_in_window"":0,""medium_size"":1,""normal_size"":0,""occlusion"":0,""offset_steps"":0,""out_of_view"":0,""requested_window_mode"":""motion"",""scale_variation"":0,""selected_window_mode"":""motion"",""small_size"":0,""source_active_frames"":1000,""source_end_frame"":734,""source_frames"":1000,""source_inactive_frames"":0,""source_path"":""D:\\360Downloads\\123\\data\\Anti-UAV410\\annos\\test\\20190925_124612_1_5.txt"",""source_sha256"":""b334d15af3977035a34c0fd54bd48d67799f984d7eb37284095db2ff12884700"",""source_start_frame"":495,""source_window_frames"":240,""task_id"":""AU-01"",""thermal_crossover"":1,""tiny_size"":0,""visibility_event_count"":0},{""dynamic_background_clutter"":0,""event_center_frame"":774,""fast_motion"":0,""inactive_frames_in_window"":0,""medium_size"":0,""normal_size"":0,""occlusion"":0,""offset_steps"":1,""out_of_view"":0,""requested_window_mode"":""scale"",""scale_variation"":1,""selected_window_mode"":""scale"",""small_size"":1,""source_active_frames"":1000,""source_end_frame"":893,""source_frames"":1000,""source_inactive_frames"":0,""source_path"":""D:\\360Downloads\\123\\data\\Anti-UAV410\\annos\\test\\20190925_101846_1_5.txt"",""source_sha256"":""909f43827707377733a597191c03b754d762a46e0ea0e91a879f62f850312a26"",""source_start_frame"":654,""source_window_frames"":240,""task_id"":""AU-02"",""thermal_crossover"":0,""tiny_size"":0,""visibility_event_count"":0},{""dynamic_background_clutter"":0,""event_center_frame"":781,""fast_motion"":1,""inactive_frames_in_window"":10,""medium_size"":1,""normal_size"":1,""occlusion"":0,""offset_steps"":2,""out_of_view"":0,""requested_window_mode"":""visibility"",""scale_variation"":1,""selected_window_mode"":""visibility"",""small_size"":1,""source_active_frames"":990,""source_end_frame"":900,""source_frames"":1000,""source_inactive_frames"":10,""source_path"":""D:\\360Downloads\\123\\data\\Anti-UAV410\\annos\\test\\20190925_111757_1_9.txt"",""source_sha256"":""b506da1c12d3b8e9c21ea90c418692075554ad6aba19ea12916e65c51b4184b6"",""source_start_frame"":661,""source_window_frames"":240,""task_id"":""AU-03"",""thermal_crossover"":1,""tiny_size"":1,""visibility_event_count"":1},{""dynamic_background_clutter"":1,""event_center_frame"":850,""fast_motion"":1,""inactive_frames_in_window"":5,""medium_size"":0,""normal_size"":0,""occlusion"":0,""offset_steps"":3,""out_of_view"":1,""requested_window_mode"":""visibility"",""scale_variation"":1,""selected_window_mode"":""visibility"",""small_size"":1,""source_active_frames"":1494,""source_end_frame"":969,""source_frames"":1500,""source_inactive_frames"":6,""source_path"":""D:\\360Downloads\\123\\data\\Anti-UAV410\\annos\\test\\3700000000002_132726_2.txt"",""source_sha256"":""9748641bbb4535947838472e640bd6f5ec0888a8f77190363eaf70ed85a893ef"",""source_start_frame"":730,""source_window_frames"":240,""task_id"":""AU-04"",""thermal_crossover"":0,""tiny_size"":1,""visibility_event_count"":3}]}",4,717.5,AU-01,1,1,1,3,{},0.570544330734548,0.17369543449609773,0.5,0.3972177549083396,0.6352916016927125,1.0,0.570544330734548,0.17369543449609773,0.5,0.3972177549083396,0.6352916016927125,1.0
anti_uav410,AU-L04-W02,public-trajectory-replay-v2,"{""event_window_version"":""anti-uav-event-window-v1"",""evidence_type"":""measured_image_plane_tracks_with_simulated_response_resources"",""fps"":null,""image_height"":512,""image_width"":640,""measured_dimensions"":[""apparent_size"",""image_plane_speed"",""visibility""],""motion_unit"":""normalized_image_diagonal_per_frame"",""protected_point"":[0.5,0.85],""source_files"":[""D:\\360Downloads\\123\\data\\Anti-UAV410\\annos\\test\\20190925_124612_1_5.txt"",""D:\\360Downloads\\123\\data\\Anti-UAV410\\annos\\test\\20190925_101846_1_5.txt"",""D:\\360Downloads\\123\\data\\Anti-UAV410\\annos\\test\\20190925_111757_1_9.txt"",""D:\\360Downloads\\123\\data\\Anti-UAV410\\annos\\test\\3700000000002_132726_2.txt""],""source_sha256"":[""b334d15af3977035a34c0fd54bd48d67799f984d7eb37284095db2ff12884700"",""909f43827707377733a597191c03b754d762a46e0ea0e91a879f62f850312a26"",""b506da1c12d3b8e9c21ea90c418692075554ad6aba19ea12916e65c51b4184b6"",""9748641bbb4535947838472e640bd6f5ec0888a8f77190363eaf70ed85a893ef""],""synthetic_dimensions"":[""spatial_level"",""risk"",""response_window"",""multi_sequence_concurrency"",""resources""],""time_basis"":""frames"",""track_count"":4,""track_windows"":[{""dynamic_background_clutter"":0,""event_center_frame"":615,""fast_motion"":0,""inactive_frames_in_window"":0,""medium_size"":1,""normal_size"":0,""occlusion"":0,""offset_steps"":0,""out_of_view"":0,""requested_window_mode"":""motion"",""scale_variation"":0,""selected_window_mode"":""motion"",""small_size"":0,""source_active_frames"":1000,""source_end_frame"":734,""source_frames"":1000,""source_inactive_frames"":0,""source_path"":""D:\\360Downloads\\123\\data\\Anti-UAV410\\annos\\test\\20190925_124612_1_5.txt"",""source_sha256"":""b334d15af3977035a34c0fd54bd48d67799f984d7eb37284095db2ff12884700"",""source_start_frame"":495,""source_window_frames"":240,""task_id"":""AU-01"",""thermal_crossover"":1,""tiny_size"":0,""visibility_event_count"":0},{""dynamic_background_clutter"":0,""event_center_frame"":774,""fast_motion"":0,""inactive_frames_in_window"":0,""medium_size"":0,""normal_size"":0,""occlusion"":0,""offset_steps"":1,""out_of_view"":0,""requested_window_mode"":""scale"",""scale_variation"":1,""selected_window_mode"":""scale"",""small_size"":1,""source_active_frames"":1000,""source_end_frame"":893,""source_frames"":1000,""source_inactive_frames"":0,""source_path"":""D:\\360Downloads\\123\\data\\Anti-UAV410\\annos\\test\\20190925_101846_1_5.txt"",""source_sha256"":""909f43827707377733a597191c03b754d762a46e0ea0e91a879f62f850312a26"",""source_start_frame"":654,""source_window_frames"":240,""task_id"":""AU-02"",""thermal_crossover"":0,""tiny_size"":0,""visibility_event_count"":0},{""dynamic_background_clutter"":0,""event_center_frame"":781,""fast_motion"":1,""inactive_frames_in_window"":10,""medium_size"":1,""normal_size"":1,""occlusion"":0,""offset_steps"":2,""out_of_view"":0,""requested_window_mode"":""visibility"",""scale_variation"":1,""selected_window_mode"":""visibility"",""small_size"":1,""source_active_frames"":990,""source_end_frame"":900,""source_frames"":1000,""source_inactive_frames"":10,""source_path"":""D:\\360Downloads\\123\\data\\Anti-UAV410\\annos\\test\\20190925_111757_1_9.txt"",""source_sha256"":""b506da1c12d3b8e9c21ea90c418692075554ad6aba19ea12916e65c51b4184b6"",""source_start_frame"":661,""source_window_frames"":240,""task_id"":""AU-03"",""thermal_crossover"":1,""tiny_size"":1,""visibility_event_count"":1},{""dynamic_background_clutter"":1,""event_center_frame"":850,""fast_motion"":1,""inactive_frames_in_window"":5,""medium_size"":0,""normal_size"":0,""occlusion"":0,""offset_steps"":3,""out_of_view"":1,""requested_window_mode"":""visibility"",""scale_variation"":1,""selected_window_mode"":""visibility"",""small_size"":1,""source_active_frames"":1494,""source_end_frame"":969,""source_frames"":1500,""source_inactive_frames"":6,""source_path"":""D:\\360Downloads\\123\\data\\Anti-UAV410\\annos\\test\\3700000000002_132726_2.txt"",""source_sha256"":""9748641bbb4535947838472e640bd6f5ec0888a8f77190363eaf70ed85a893ef"",""source_start_frame"":730,""source_window_frames"":240,""task_id"":""AU-04"",""thermal_crossover"":0,""tiny_size"":1,""visibility_event_count"":3}]}",4,717.5,AU-02,1,1,1,3,{},0.27621358640099514,0.09975998828618018,0.5,0.37072864888724344,0.703931012489739,0.3644907428979268,0.27621358640099514,0.09975998828618018,0.5,0.37072864888724344,0.703931012489739,0.3644907428979268
anti_uav410,AU-L04-W02,public-trajectory-replay-v2,"{""event_window_version"":""anti-uav-event-window-v1"",""evidence_type"":""measured_image_plane_tracks_with_simulated_response_resources"",""fps"":null,""image_height"":512,""image_width"":640,""measured_dimensions"":[""apparent_size"",""image_plane_speed"",""visibility""],""motion_unit"":""normalized_image_diagonal_per_frame"",""protected_point"":[0.5,0.85],""source_files"":[""D:\\360Downloads\\123\\data\\Anti-UAV410\\annos\\test\\20190925_124612_1_5.txt"",""D:\\360Downloads\\123\\data\\Anti-UAV410\\annos\\test\\20190925_101846_1_5.txt"",""D:\\360Downloads\\123\\data\\Anti-UAV410\\annos\\test\\20190925_111757_1_9.txt"",""D:\\360Downloads\\123\\data\\Anti-UAV410\\annos\\test\\3700000000002_132726_2.txt""],""source_sha256"":[""b334d15af3977035a34c0fd54bd48d67799f984d7eb37284095db2ff12884700"",""909f43827707377733a597191c03b754d762a46e0ea0e91a879f62f850312a26"",""b506da1c12d3b8e9c21ea90c418692075554ad6aba19ea12916e65c51b4184b6"",""9748641bbb4535947838472e640bd6f5ec0888a8f77190363eaf70ed85a893ef""],""synthetic_dimensions"":[""spatial_level"",""risk"",""response_window"",""multi_sequence_concurrency"",""resources""],""time_basis"":""frames"",""track_count"":4,""track_windows"":[{""dynamic_background_clutter"":0,""event_center_frame"":615,""fast_motion"":0,""inactive_frames_in_window"":0,""medium_size"":1,""normal_size"":0,""occlusion"":0,""offset_steps"":0,""out_of_view"":0,""requested_window_mode"":""motion"",""scale_variation"":0,""selected_window_mode"":""motion"",""small_size"":0,""source_active_frames"":1000,""source_end_frame"":734,""source_frames"":1000,""source_inactive_frames"":0,""source_path"":""D:\\360Downloads\\123\\data\\Anti-UAV410\\annos\\test\\20190925_124612_1_5.txt"",""source_sha256"":""b334d15af3977035a34c0fd54bd48d67799f984d7eb37284095db2ff12884700"",""source_start_frame"":495,""source_window_frames"":240,""task_id"":""AU-01"",""thermal_crossover"":1,""tiny_size"":0,""visibility_event_count"":0},{""dynamic_background_clutter"":0,""event_center_frame"":774,""fast_motion"":0,""inactive_frames_in_window"":0,""medium_size"":0,""normal_size"":0,""occlusion"":0,""offset_steps"":1,""out_of_view"":0,""requested_window_mode"":""scale"",""scale_variation"":1,""selected_window_mode"":""scale"",""small_size"":1,""source_active_frames"":1000,""source_end_frame"":893,""source_frames"":1000,""source_inactive_frames"":0,""source_path"":""D:\\360Downloads\\123\\data\\Anti-UAV410\\annos\\test\\20190925_101846_1_5.txt"",""source_sha256"":""909f43827707377733a597191c03b754d762a46e0ea0e91a879f62f850312a26"",""source_start_frame"":654,""source_window_frames"":240,""task_id"":""AU-02"",""thermal_crossover"":0,""tiny_size"":0,""visibility_event_count"":0},{""dynamic_background_clutter"":0,""event_center_frame"":781,""fast_motion"":1,""inactive_frames_in_window"":10,""medium_size"":1,""normal_size"":1,""occlusion"":0,""offset_steps"":2,""out_of_view"":0,""requested_window_mode"":""visibility"",""scale_variation"":1,""selected_window_mode"":""visibility"",""small_size"":1,""source_active_frames"":990,""source_end_frame"":900,""source_frames"":1000,""source_inactive_frames"":10,""source_path"":""D:\\360Downloads\\123\\data\\Anti-UAV410\\annos\\test\\20190925_111757_1_9.txt"",""source_sha256"":""b506da1c12d3b8e9c21ea90c418692075554ad6aba19ea12916e65c51b4184b6"",""source_start_frame"":661,""source_window_frames"":240,""task_id"":""AU-03"",""thermal_crossover"":1,""tiny_size"":1,""visibility_event_count"":1},{""dynamic_background_clutter"":1,""event_center_frame"":850,""fast_motion"":1,""inactive_frames_in_window"":5,""medium_size"":0,""normal_size"":0,""occlusion"":0,""offset_steps"":3,""out_of_view"":1,""requested_window_mode"":""visibility"",""scale_variation"":1,""selected_window_mode"":""visibility"",""small_size"":1,""source_active_frames"":1494,""source_end_frame"":969,""source_frames"":1500,""source_inactive_frames"":6,""source_path"":""D:\\360Downloads\\123\\data\\Anti-UAV410\\annos\\test\\3700000000002_132726_2.txt"",""source_sha256"":""9748641bbb4535947838472e640bd6f5ec0888a8f77190363eaf70ed85a893ef"",""source_start_frame"":730,""source_window_frames"":240,""task_id"":""AU-04"",""thermal_crossover"":0,""tiny_size"":1,""visibility_event_count"":3}]}",4,717.5,AU-03,1,1,1,3,{},0.4244272399220475,0.14942385474004694,0.5,0.28730388020384245,0.6028178697407358,1.0,0.4244272399220475,0.14942385474004694,0.5,0.28730388020384245,0.6028178697407358,1.0
anti_uav410,AU-L04-W02,public-trajectory-replay-v2,"{""event_window_version"":""anti-uav-event-window-v1"",""evidence_type"":""measured_image_plane_tracks_with_simulated_response_resources"",""fps"":null,""image_height"":512,""image_width"":640,""measured_dimensions"":[""apparent_size"",""image_plane_speed"",""visibility""],""motion_unit"":""normalized_image_diagonal_per_frame"",""protected_point"":[0.5,0.85],""source_files"":[""D:\\360Downloads\\123\\data\\Anti-UAV410\\annos\\test\\20190925_124612_1_5.txt"",""D:\\360Downloads\\123\\data\\Anti-UAV410\\annos\\test\\20190925_101846_1_5.txt"",""D:\\360Downloads\\123\\data\\Anti-UAV410\\annos\\test\\20190925_111757_1_9.txt"",""D:\\360Downloads\\123\\data\\Anti-UAV410\\annos\\test\\3700000000002_132726_2.txt""],""source_sha256"":[""b334d15af3977035a34c0fd54bd48d67799f984d7eb37284095db2ff12884700"",""909f43827707377733a597191c03b754d762a46e0ea0e91a879f62f850312a26"",""b506da1c12d3b8e9c21ea90c418692075554ad6aba19ea12916e65c51b4184b6"",""9748641bbb4535947838472e640bd6f5ec0888a8f77190363eaf70ed85a893ef""],""synthetic_dimensions"":[""spatial_level"",""risk"",""response_window"",""multi_sequence_concurrency"",""resources""],""time_basis"":""frames"",""track_count"":4,""track_windows"":[{""dynamic_background_clutter"":0,""event_center_frame"":615,""fast_motion"":0,""inactive_frames_in_window"":0,""medium_size"":1,""normal_size"":0,""occlusion"":0,""offset_steps"":0,""out_of_view"":0,""requested_window_mode"":""motion"",""scale_variation"":0,""selected_window_mode"":""motion"",""small_size"":0,""source_active_frames"":1000,""source_end_frame"":734,""source_frames"":1000,""source_inactive_frames"":0,""source_path"":""D:\\360Downloads\\123\\data\\Anti-UAV410\\annos\\test\\20190925_124612_1_5.txt"",""source_sha256"":""b334d15af3977035a34c0fd54bd48d67799f984d7eb37284095db2ff12884700"",""source_start_frame"":495,""source_window_frames"":240,""task_id"":""AU-01"",""thermal_crossover"":1,""tiny_size"":0,""visibility_event_count"":0},{""dynamic_background_clutter"":0,""event_center_frame"":774,""fast_motion"":0,""inactive_frames_in_window"":0,""medium_size"":0,""normal_size"":0,""occlusion"":0,""offset_steps"":1,""out_of_view"":0,""requested_window_mode"":""scale"",""scale_variation"":1,""selected_window_mode"":""scale"",""small_size"":1,""source_active_frames"":1000,""source_end_frame"":893,""source_frames"":1000,""source_inactive_frames"":0,""source_path"":""D:\\360Downloads\\123\\data\\Anti-UAV410\\annos\\test\\20190925_101846_1_5.txt"",""source_sha256"":""909f43827707377733a597191c03b754d762a46e0ea0e91a879f62f850312a26"",""source_start_frame"":654,""source_window_frames"":240,""task_id"":""AU-02"",""thermal_crossover"":0,""tiny_size"":0,""visibility_event_count"":0},{""dynamic_background_clutter"":0,""event_center_frame"":781,""fast_motion"":1,""inactive_frames_in_window"":10,""medium_size"":1,""normal_size"":1,""occlusion"":0,""offset_steps"":2,""out_of_view"":0,""requested_window_mode"":""visibility"",""scale_variation"":1,""selected_window_mode"":""visibility"",""small_size"":1,""source_active_frames"":990,""source_end_frame"":900,""source_frames"":1000,""source_inactive_frames"":10,""source_path"":""D:\\360Downloads\\123\\data\\Anti-UAV410\\annos\\test\\20190925_111757_1_9.txt"",""source_sha256"":""b506da1c12d3b8e9c21ea90c418692075554ad6aba19ea12916e65c51b4184b6"",""source_start_frame"":661,""source_window_frames"":240,""task_id"":""AU-03"",""thermal_crossover"":1,""tiny_size"":1,""visibility_event_count"":1},{""dynamic_background_clutter"":1,""event_center_frame"":850,""fast_motion"":1,""inactive_frames_in_window"":5,""medium_size"":0,""normal_size"":0,""occlusion"":0,""offset_steps"":3,""out_of_view"":1,""requested_window_mode"":""visibility"",""scale_variation"":1,""selected_window_mode"":""visibility"",""small_size"":1,""source_active_frames"":1494,""source_end_frame"":969,""source_frames"":1500,""source_inactive_frames"":6,""source_path"":""D:\\360Downloads\\123\\data\\Anti-UAV410\\annos\\test\\3700000000002_132726_2.txt"",""source_sha256"":""9748641bbb4535947838472e640bd6f5ec0888a8f77190363eaf70ed85a893ef"",""source_start_frame"":730,""source_window_frames"":240,""task_id"":""AU-04"",""thermal_crossover"":0,""tiny_size"":1,""visibility_event_count"":3}]}",4,717.5,AU-04,1,1,1,3,{},0.18182604223657475,0.09097021863113933,0.5,0.11007315699907179,0.661002832760502,0.5378904325833049,0.18182604223657475,0.09097021863113933,0.5,0.11007315699907179,0.661002832760502,0.5378904325833049
anti_uav410,AU-L04-W02,public-trajectory-replay-v2,"{""event_window_version"":""anti-uav-event-window-v1"",""evidence_type"":""measured_image_plane_tracks_with_simulated_response_resources"",""fps"":null,""image_height"":512,""image_width"":640,""measured_dimensions"":[""apparent_size"",""image_plane_speed"",""visibility""],""motion_unit"":""normalized_image_diagonal_per_frame"",""protected_point"":[0.5,0.85],""source_files"":[""D:\\360Downloads\\123\\data\\Anti-UAV410\\annos\\test\\20190925_124612_1_5.txt"",""D:\\360Downloads\\123\\data\\Anti-UAV410\\annos\\test\\20190925_101846_1_5.txt"",""D:\\360Downloads\\123\\data\\Anti-UAV410\\annos\\test\\20190925_111757_1_9.txt"",""D:\\360Downloads\\123\\data\\Anti-UAV410\\annos\\test\\3700000000002_132726_2.txt""],""source_sha256"":[""b334d15af3977035a34c0fd54bd48d67799f984d7eb37284095db2ff12884700"",""909f43827707377733a597191c03b754d762a46e0ea0e91a879f62f850312a26"",""b506da1c12d3b8e9c21ea90c418692075554ad6aba19ea12916e65c51b4184b6"",""9748641bbb4535947838472e640bd6f5ec0888a8f77190363eaf70ed85a893ef""],""synthetic_dimensions"":[""spatial_level"",""risk"",""response_window"",""multi_sequence_concurrency"",""resources""],""time_basis"":""frames"",""track_count"":4,""track_windows"":[{""dynamic_background_clutter"":0,""event_center_frame"":615,""fast_motion"":0,""inactive_frames_in_window"":0,""medium_size"":1,""normal_size"":0,""occlusion"":0,""offset_steps"":0,""out_of_view"":0,""requested_window_mode"":""motion"",""scale_variation"":0,""selected_window_mode"":""motion"",""small_size"":0,""source_active_frames"":1000,""source_end_frame"":734,""source_frames"":1000,""source_inactive_frames"":0,""source_path"":""D:\\360Downloads\\123\\data\\Anti-UAV410\\annos\\test\\20190925_124612_1_5.txt"",""source_sha256"":""b334d15af3977035a34c0fd54bd48d67799f984d7eb37284095db2ff12884700"",""source_start_frame"":495,""source_window_frames"":240,""task_id"":""AU-01"",""thermal_crossover"":1,""tiny_size"":0,""visibility_event_count"":0},{""dynamic_background_clutter"":0,""event_center_frame"":774,""fast_motion"":0,""inactive_frames_in_window"":0,""medium_size"":0,""normal_size"":0,""occlusion"":0,""offset_steps"":1,""out_of_view"":0,""requested_window_mode"":""scale"",""scale_variation"":1,""selected_window_mode"":""scale"",""small_size"":1,""source_active_frames"":1000,""source_end_frame"":893,""source_frames"":1000,""source_inactive_frames"":0,""source_path"":""D:\\360Downloads\\123\\data\\Anti-UAV410\\annos\\test\\20190925_101846_1_5.txt"",""source_sha256"":""909f43827707377733a597191c03b754d762a46e0ea0e91a879f62f850312a26"",""source_start_frame"":654,""source_window_frames"":240,""task_id"":""AU-02"",""thermal_crossover"":0,""tiny_size"":0,""visibility_event_count"":0},{""dynamic_background_clutter"":0,""event_center_frame"":781,""fast_motion"":1,""inactive_frames_in_window"":10,""medium_size"":1,""normal_size"":1,""occlusion"":0,""offset_steps"":2,""out_of_view"":0,""requested_window_mode"":""visibility"",""scale_variation"":1,""selected_window_mode"":""visibility"",""small_size"":1,""source_active_frames"":990,""source_end_frame"":900,""source_frames"":1000,""source_inactive_frames"":10,""source_path"":""D:\\360Downloads\\123\\data\\Anti-UAV410\\annos\\test\\20190925_111757_1_9.txt"",""source_sha256"":""b506da1c12d3b8e9c21ea90c418692075554ad6aba19ea12916e65c51b4184b6"",""source_start_frame"":661,""source_window_frames"":240,""task_id"":""AU-03"",""thermal_crossover"":1,""tiny_size"":1,""visibility_event_count"":1},{""dynamic_background_clutter"":1,""event_center_frame"":850,""fast_motion"":1,""inactive_frames_in_window"":5,""medium_size"":0,""normal_size"":0,""occlusion"":0,""offset_steps"":3,""out_of_view"":1,""requested_window_mode"":""visibility"",""scale_variation"":1,""selected_window_mode"":""visibility"",""small_size"":1,""source_active_frames"":1494,""source_end_frame"":969,""source_frames"":1500,""source_inactive_frames"":6,""source_path"":""D:\\360Downloads\\123\\data\\Anti-UAV410\\annos\\test\\3700000000002_132726_2.txt"",""source_sha256"":""9748641bbb4535947838472e640bd6f5ec0888a8f77190363eaf70ed85a893ef"",""source_start_frame"":730,""source_window_frames"":240,""task_id"":""AU-04"",""thermal_crossover"":0,""tiny_size"":1,""visibility_event_count"":3}]}",5,698.3333333333334,AU-01,1,1,1,3,{},0.5466424356688367,0.044389204545454544,0.5,0.7003770622859791,0.6835086917784002,1.0,0.5466424356688367,0.044389204545454544,0.5,0.7003770622859791,0.6835086917784002,1.0
anti_uav410,AU-L04-W02,public-trajectory-replay-v2,"{""event_window_version"":""anti-uav-event-window-v1"",""evidence_type"":""measured_image_plane_tracks_with_simulated_response_resources"",""fps"":null,""image_height"":512,""image_width"":640,""measured_dimensions"":[""apparent_size"",""image_plane_speed"",""visibility""],""motion_unit"":""normalized_image_diagonal_per_frame"",""protected_point"":[0.5,0.85],""source_files"":[""D:\\360Downloads\\123\\data\\Anti-UAV410\\annos\\test\\20190925_124612_1_5.txt"",""D:\\360Downloads\\123\\data\\Anti-UAV410\\annos\\test\\20190925_101846_1_5.txt"",""D:\\360Downloads\\123\\data\\Anti-UAV410\\annos\\test\\20190925_111757_1_9.txt"",""D:\\360Downloads\\123\\data\\Anti-UAV410\\annos\\test\\3700000000002_132726_2.txt""],""source_sha256"":[""b334d15af3977035a34c0fd54bd48d67799f984d7eb37284095db2ff12884700"",""909f43827707377733a597191c03b754d762a46e0ea0e91a879f62f850312a26"",""b506da1c12d3b8e9c21ea90c418692075554ad6aba19ea12916e65c51b4184b6"",""9748641bbb4535947838472e640bd6f5ec0888a8f77190363eaf70ed85a893ef""],""synthetic_dimensions"":[""spatial_level"",""risk"",""response_window"",""multi_sequence_concurrency"",""resources""],""time_basis"":""frames"",""track_count"":4,""track_windows"":[{""dynamic_background_clutter"":0,""event_center_frame"":615,""fast_motion"":0,""inactive_frames_in_window"":0,""medium_size"":1,""normal_size"":0,""occlusion"":0,""offset_steps"":0,""out_of_view"":0,""requested_window_mode"":""motion"",""scale_variation"":0,""selected_window_mode"":""motion"",""small_size"":0,""source_active_frames"":1000,""source_end_frame"":734,""source_frames"":1000,""source_inactive_frames"":0,""source_path"":""D:\\360Downloads\\123\\data\\Anti-UAV410\\annos\\test\\20190925_124612_1_5.txt"",""source_sha256"":""b334d15af3977035a34c0fd54bd48d67799f984d7eb37284095db2ff12884700"",""source_start_frame"":495,""source_window_frames"":240,""task_id"":""AU-01"",""thermal_crossover"":1,""tiny_size"":0,""visibility_event_count"":0},{""dynamic_background_clutter"":0,""event_center_frame"":774,""fast_motion"":0,""inactive_frames_in_window"":0,""medium_size"":0,""normal_size"":0,""occlusion"":0,""offset_steps"":1,""out_of_view"":0,""requested_window_mode"":""scale"",""scale_variation"":1,""selected_window_mode"":""scale"",""small_size"":1,""source_active_frames"":1000,""source_end_frame"":893,""source_frames"":1000,""source_inactive_frames"":0,""source_path"":""D:\\360Downloads\\123\\data\\Anti-UAV410\\annos\\test\\20190925_101846_1_5.txt"",""source_sha256"":""909f43827707377733a597191c03b754d762a46e0ea0e91a879f62f850312a26"",""source_start_frame"":654,""source_window_frames"":240,""task_id"":""AU-02"",""thermal_crossover"":0,""tiny_size"":0,""visibility_event_count"":0},{""dynamic_background_clutter"":0,""event_center_frame"":781,""fast_motion"":1,""inactive_frames_in_window"":10,""medium_size"":1,""normal_size"":1,""occlusion"":0,""offset_steps"":2,""out_of_view"":0,""requested_window_mode"":""visibility"",""scale_variation"":1,""selected_window_mode"":""visibility"",""small_size"":1,""source_active_frames"":990,""source_end_frame"":900,""source_frames"":1000,""source_inactive_frames"":10,""source_path"":""D:\\360Downloads\\123\\data\\Anti-UAV410\\annos\\test\\20190925_111757_1_9.txt"",""source_sha256"":""b506da1c12d3b8e9c21ea90c418692075554ad6aba19ea12916e65c51b4184b6"",""source_start_frame"":661,""source_window_frames"":240,""task_id"":""AU-03"",""thermal_crossover"":1,""tiny_size"":1,""visibility_event_count"":1},{""dynamic_background_clutter"":1,""event_center_frame"":850,""fast_motion"":1,""inactive_frames_in_window"":5,""medium_size"":0,""normal_size"":0,""occlusion"":0,""offset_steps"":3,""out_of_view"":1,""requested_window_mode"":""visibility"",""scale_variation"":1,""selected_window_mode"":""visibility"",""small_size"":1,""source_active_frames"":1494,""source_end_frame"":969,""source_frames"":1500,""source_inactive_frames"":6,""source_path"":""D:\\360Downloads\\123\\data\\Anti-UAV410\\annos\\test\\3700000000002_132726_2.txt"",""source_sha256"":""9748641bbb4535947838472e640bd6f5ec0888a8f77190363eaf70ed85a893ef"",""source_start_frame"":730,""source_window_frames"":240,""task_id"":""AU-04"",""thermal_crossover"":0,""tiny_size"":1,""visibility_event_count"":3}]}",5,698.3333333333334,AU-02,1,1,1,3,{},0.31727846174508345,0.12542426781700367,0.5,0.682894026497719,0.6763821545768932,1.0,0.31727846174508345,0.12542426781700367,0.5,0.682894026497719,0.6763821545768932,1.0
anti_uav410,AU-L04-W02,public-trajectory-replay-v2,"{""event_window_version"":""anti-uav-event-window-v1"",""evidence_type"":""measured_image_plane_tracks_with_simulated_response_resources"",""fps"":null,""image_height"":512,""image_width"":640,""measured_dimensions"":[""apparent_size"",""image_plane_speed"",""visibility""],""motion_unit"":""normalized_image_diagonal_per_frame"",""protected_point"":[0.5,0.85],""source_files"":[""D:\\360Downloads\\123\\data\\Anti-UAV410\\annos\\test\\20190925_124612_1_5.txt"",""D:\\360Downloads\\123\\data\\Anti-UAV410\\annos\\test\\20190925_101846_1_5.txt"",""D:\\360Downloads\\123\\data\\Anti-UAV410\\annos\\test\\20190925_111757_1_9.txt"",""D:\\360Downloads\\123\\data\\Anti-UAV410\\annos\\test\\3700000000002_132726_2.txt""],""source_sha256"":[""b334d15af3977035a34c0fd54bd48d67799f984d7eb37284095db2ff12884700"",""909f43827707377733a597191c03b754d762a46e0ea0e91a879f62f850312a26"",""b506da1c12d3b8e9c21ea90c418692075554ad6aba19ea12916e65c51b4184b6"",""9748641bbb4535947838472e640bd6f5ec0888a8f77190363eaf70ed85a893ef""],""synthetic_dimensions"":[""spatial_level"",""risk"",""response_window"",""multi_sequence_concurrency"",""resources""],""time_basis"":""frames"",""track_count"":4,""track_windows"":[{""dynamic_background_clutter"":0,""event_center_frame"":615,""fast_motion"":0,""inactive_frames_in_window"":0,""medium_size"":1,""normal_size"":0,""occlusion"":0,""offset_steps"":0,""out_of_view"":0,""requested_window_mode"":""motion"",""scale_variation"":0,""selected_window_mode"":""motion"",""small_size"":0,""source_active_frames"":1000,""source_end_frame"":734,""source_frames"":1000,""source_inactive_frames"":0,""source_path"":""D:\\360Downloads\\123\\data\\Anti-UAV410\\annos\\test\\20190925_124612_1_5.txt"",""source_sha256"":""b334d15af3977035a34c0fd54bd48d67799f984d7eb37284095db2ff12884700"",""source_start_frame"":495,""source_window_frames"":240,""task_id"":""AU-01"",""thermal_crossover"":1,""tiny_size"":0,""visibility_event_count"":0},{""dynamic_background_clutter"":0,""event_center_frame"":774,""fast_motion"":0,""inactive_frames_in_window"":0,""medium_size"":0,""normal_size"":0,""occlusion"":0,""offset_steps"":1,""out_of_view"":0,""requested_window_mode"":""scale"",""scale_variation"":1,""selected_window_mode"":""scale"",""small_size"":1,""source_active_frames"":1000,""source_end_frame"":893,""source_frames"":1000,""source_inactive_frames"":0,""source_path"":""D:\\360Downloads\\123\\data\\Anti-UAV410\\annos\\test\\20190925_101846_1_5.txt"",""source_sha256"":""909f43827707377733a597191c03b754d762a46e0ea0e91a879f62f850312a26"",""source_start_frame"":654,""source_window_frames"":240,""task_id"":""AU-02"",""thermal_crossover"":0,""tiny_size"":0,""visibility_event_count"":0},{""dynamic_background_clutter"":0,""event_center_frame"":781,""fast_motion"":1,""inactive_frames_in_window"":10,""medium_size"":1,""normal_size"":1,""occlusion"":0,""offset_steps"":2,""out_of_view"":0,""requested_window_mode"":""visibility"",""scale_variation"":1,""selected_window_mode"":""visibility"",""small_size"":1,""source_active_frames"":990,""source_end_frame"":900,""source_frames"":1000,""source_inactive_frames"":10,""source_path"":""D:\\360Downloads\\123\\data\\Anti-UAV410\\annos\\test\\20190925_111757_1_9.txt"",""source_sha256"":""b506da1c12d3b8e9c21ea90c418692075554ad6aba19ea12916e65c51b4184b6"",""source_start_frame"":661,""source_window_frames"":240,""task_id"":""AU-03"",""thermal_crossover"":1,""tiny_size"":1,""visibility_event_count"":1},{""dynamic_background_clutter"":1,""event_center_frame"":850,""fast_motion"":1,""inactive_frames_in_window"":5,""medium_size"":0,""normal_size"":0,""occlusion"":0,""offset_steps"":3,""out_of_view"":1,""requested_window_mode"":""visibility"",""scale_variation"":1,""selected_window_mode"":""visibility"",""small_size"":1,""source_active_frames"":1494,""source_end_frame"":969,""source_frames"":1500,""source_inactive_frames"":6,""source_path"":""D:\\360Downloads\\123\\data\\Anti-UAV410\\annos\\test\\3700000000002_132726_2.txt"",""source_sha256"":""9748641bbb4535947838472e640bd6f5ec0888a8f77190363eaf70ed85a893ef"",""source_start_frame"":730,""source_window_frames"":240,""task_id"":""AU-04"",""thermal_crossover"":0,""tiny_size"":1,""visibility_event_count"":3}]}",5,698.3333333333334,AU-03,1,1,1,3,{},0.4143203796014927,0.326298610015243,0.5,0.66454821421174,0.6371220979318926,1.0,0.4143203796014927,0.326298610015243,0.5,0.66454821421174,0.6371220979318926,1.0
anti_uav410,AU-L04-W02,public-trajectory-replay-v2,"{""event_window_version"":""anti-uav-event-window-v1"",""evidence_type"":""measured_image_plane_tracks_with_simulated_response_resources"",""fps"":null,""image_height"":512,""image_width"":640,""measured_dimensions"":[""apparent_size"",""image_plane_speed"",""visibility""],""motion_unit"":""normalized_image_diagonal_per_frame"",""protected_point"":[0.5,0.85],""source_files"":[""D:\\360Downloads\\123\\data\\Anti-UAV410\\annos\\test\\20190925_124612_1_5.txt"",""D:\\360Downloads\\123\\data\\Anti-UAV410\\annos\\test\\20190925_101846_1_5.txt"",""D:\\360Downloads\\123\\data\\Anti-UAV410\\annos\\test\\20190925_111757_1_9.txt"",""D:\\360Downloads\\123\\data\\Anti-UAV410\\annos\\test\\3700000000002_132726_2.txt""],""source_sha256"":[""b334d15af3977035a34c0fd54bd48d67799f984d7eb37284095db2ff12884700"",""909f43827707377733a597191c03b754d762a46e0ea0e91a879f62f850312a26"",""b506da1c12d3b8e9c21ea90c418692075554ad6aba19ea12916e65c51b4184b6"",""9748641bbb4535947838472e640bd6f5ec0888a8f77190363eaf70ed85a893ef""],""synthetic_dimensions"":[""spatial_level"",""risk"",""response_window"",""multi_sequence_concurrency"",""resources""],""time_basis"":""frames"",""track_count"":4,""track_windows"":[{""dynamic_background_clutter"":0,""event_center_frame"":615,""fast_motion"":0,""inactive_frames_in_window"":0,""medium_size"":1,""normal_size"":0,""occlusion"":0,""offset_steps"":0,""out_of_view"":0,""requested_window_mode"":""motion"",""scale_variation"":0,""selected_window_mode"":""motion"",""small_size"":0,""source_active_frames"":1000,""source_end_frame"":734,""source_frames"":1000,""source_inactive_frames"":0,""source_path"":""D:\\360Downloads\\123\\data\\Anti-UAV410\\annos\\test\\20190925_124612_1_5.txt"",""source_sha256"":""b334d15af3977035a34c0fd54bd48d67799f984d7eb37284095db2ff12884700"",""source_start_frame"":495,""source_window_frames"":240,""task_id"":""AU-01"",""thermal_crossover"":1,""tiny_size"":0,""visibility_event_count"":0},{""dynamic_background_clutter"":0,""event_center_frame"":774,""fast_motion"":0,""inactive_frames_in_window"":0,""medium_size"":0,""normal_size"":0,""occlusion"":0,""offset_steps"":1,""out_of_view"":0,""requested_window_mode"":""scale"",""scale_variation"":1,""selected_window_mode"":""scale"",""small_size"":1,""source_active_frames"":1000,""source_end_frame"":893,""source_frames"":1000,""source_inactive_frames"":0,""source_path"":""D:\\360Downloads\\123\\data\\Anti-UAV410\\annos\\test\\20190925_101846_1_5.txt"",""source_sha256"":""909f43827707377733a597191c03b754d762a46e0ea0e91a879f62f850312a26"",""source_start_frame"":654,""source_window_frames"":240,""task_id"":""AU-02"",""thermal_crossover"":0,""tiny_size"":0,""visibility_event_count"":0},{""dynamic_background_clutter"":0,""event_center_frame"":781,""fast_motion"":1,""inactive_frames_in_window"":10,""medium_size"":1,""normal_size"":1,""occlusion"":0,""offset_steps"":2,""out_of_view"":0,""requested_window_mode"":""visibility"",""scale_variation"":1,""selected_window_mode"":""visibility"",""small_size"":1,""source_active_frames"":990,""source_end_frame"":900,""source_frames"":1000,""source_inactive_frames"":10,""source_path"":""D:\\360Downloads\\123\\data\\Anti-UAV410\\annos\\test\\20190925_111757_1_9.txt"",""source_sha256"":""b506da1c12d3b8e9c21ea90c418692075554ad6aba19ea12916e65c51b4184b6"",""source_start_frame"":661,""source_window_frames"":240,""task_id"":""AU-03"",""thermal_crossover"":1,""tiny_size"":1,""visibility_event_count"":1},{""dynamic_background_clutter"":1,""event_center_frame"":850,""fast_motion"":1,""inactive_frames_in_window"":5,""medium_size"":0,""normal_size"":0,""occlusion"":0,""offset_steps"":3,""out_of_view"":1,""requested_window_mode"":""visibility"",""scale_variation"":1,""selected_window_mode"":""visibility"",""small_size"":1,""source_active_frames"":1494,""source_end_frame"":969,""source_frames"":1500,""source_inactive_frames"":6,""source_path"":""D:\\360Downloads\\123\\data\\Anti-UAV410\\annos\\test\\3700000000002_132726_2.txt"",""source_sha256"":""9748641bbb4535947838472e640bd6f5ec0888a8f77190363eaf70ed85a893ef"",""source_start_frame"":730,""source_window_frames"":240,""task_id"":""AU-04"",""thermal_crossover"":0,""tiny_size"":1,""visibility_event_count"":3}]}",5,698.3333333333334,AU-04,0,0,1,3,{},0.0,0.0,0.5,0.0,0.35,1.0,0.0,0.0,0.5,0.0,0.35,1.0
anti_uav410,AU-L04-W02,public-trajectory-replay-v2,"{""event_window_version"":""anti-uav-event-window-v1"",""evidence_type"":""measured_image_plane_tracks_with_simulated_response_resources"",""fps"":null,""image_height"":512,""image_width"":640,""measured_dimensions"":[""apparent_size"",""image_plane_speed"",""visibility""],""motion_unit"":""normalized_image_diagonal_per_frame"",""protected_point"":[0.5,0.85],""source_files"":[""D:\\360Downloads\\123\\data\\Anti-UAV410\\annos\\test\\20190925_124612_1_5.txt"",""D:\\360Downloads\\123\\data\\Anti-UAV410\\annos\\test\\20190925_101846_1_5.txt"",""D:\\360Downloads\\123\\data\\Anti-UAV410\\annos\\test\\20190925_111757_1_9.txt"",""D:\\360Downloads\\123\\data\\Anti-UAV410\\annos\\test\\3700000000002_132726_2.txt""],""source_sha256"":[""b334d15af3977035a34c0fd54bd48d67799f984d7eb37284095db2ff12884700"",""909f43827707377733a597191c03b754d762a46e0ea0e91a879f62f850312a26"",""b506da1c12d3b8e9c21ea90c418692075554ad6aba19ea12916e65c51b4184b6"",""9748641bbb4535947838472e640bd6f5ec0888a8f77190363eaf70ed85a893ef""],""synthetic_dimensions"":[""spatial_level"",""risk"",""response_window"",""multi_sequence_concurrency"",""resources""],""time_basis"":""frames"",""track_count"":4,""track_windows"":[{""dynamic_background_clutter"":0,""event_center_frame"":615,""fast_motion"":0,""inactive_frames_in_window"":0,""medium_size"":1,""normal_size"":0,""occlusion"":0,""offset_steps"":0,""out_of_view"":0,""requested_window_mode"":""motion"",""scale_variation"":0,""selected_window_mode"":""motion"",""small_size"":0,""source_active_frames"":1000,""source_end_frame"":734,""source_frames"":1000,""source_inactive_frames"":0,""source_path"":""D:\\360Downloads\\123\\data\\Anti-UAV410\\annos\\test\\20190925_124612_1_5.txt"",""source_sha256"":""b334d15af3977035a34c0fd54bd48d67799f984d7eb37284095db2ff12884700"",""source_start_frame"":495,""source_window_frames"":240,""task_id"":""AU-01"",""thermal_crossover"":1,""tiny_size"":0,""visibility_event_count"":0},{""dynamic_background_clutter"":0,""event_center_frame"":774,""fast_motion"":0,""inactive_frames_in_window"":0,""medium_size"":0,""normal_size"":0,""occlusion"":0,""offset_steps"":1,""out_of_view"":0,""requested_window_mode"":""scale"",""scale_variation"":1,""selected_window_mode"":""scale"",""small_size"":1,""source_active_frames"":1000,""source_end_frame"":893,""source_frames"":1000,""source_inactive_frames"":0,""source_path"":""D:\\360Downloads\\123\\data\\Anti-UAV410\\annos\\test\\20190925_101846_1_5.txt"",""source_sha256"":""909f43827707377733a597191c03b754d762a46e0ea0e91a879f62f850312a26"",""source_start_frame"":654,""source_window_frames"":240,""task_id"":""AU-02"",""thermal_crossover"":0,""tiny_size"":0,""visibility_event_count"":0},{""dynamic_background_clutter"":0,""event_center_frame"":781,""fast_motion"":1,""inactive_frames_in_window"":10,""medium_size"":1,""normal_size"":1,""occlusion"":0,""offset_steps"":2,""out_of_view"":0,""requested_window_mode"":""visibility"",""scale_variation"":1,""selected_window_mode"":""visibility"",""small_size"":1,""source_active_frames"":990,""source_end_frame"":900,""source_frames"":1000,""source_inactive_frames"":10,""source_path"":""D:\\360Downloads\\123\\data\\Anti-UAV410\\annos\\test\\20190925_111757_1_9.txt"",""source_sha256"":""b506da1c12d3b8e9c21ea90c418692075554ad6aba19ea12916e65c51b4184b6"",""source_start_frame"":661,""source_window_frames"":240,""task_id"":""AU-03"",""thermal_crossover"":1,""tiny_size"":1,""visibility_event_count"":1},{""dynamic_background_clutter"":1,""event_center_frame"":850,""fast_motion"":1,""inactive_frames_in_window"":5,""medium_size"":0,""normal_size"":0,""occlusion"":0,""offset_steps"":3,""out_of_view"":1,""requested_window_mode"":""visibility"",""scale_variation"":1,""selected_window_mode"":""visibility"",""small_size"":1,""source_active_frames"":1494,""source_end_frame"":969,""source_frames"":1500,""source_inactive_frames"":6,""source_path"":""D:\\360Downloads\\123\\data\\Anti-UAV410\\annos\\test\\3700000000002_132726_2.txt"",""source_sha256"":""9748641bbb4535947838472e640bd6f5ec0888a8f77190363eaf70ed85a893ef"",""source_start_frame"":730,""source_window_frames"":240,""task_id"":""AU-04"",""thermal_crossover"":0,""tiny_size"":1,""visibility_event_count"":3}]}",6,725.0,AU-01,1,1,1,3,{},0.5806693144605426,0.22818982832295606,0.5,0.1254038633074281,0.5988961285273618,1.0,0.5806693144605426,0.22818982832295606,0.5,0.1254038633074281,0.5988961285273618,1.0
anti_uav410,AU-L04-W02,public-trajectory-replay-v2,"{""event_window_version"":""anti-uav-event-window-v1"",""evidence_type"":""measured_image_plane_tracks_with_simulated_response_resources"",""fps"":null,""image_height"":512,""image_width"":640,""measured_dimensions"":[""apparent_size"",""image_plane_speed"",""visibility""],""motion_unit"":""normalized_image_diagonal_per_frame"",""protected_point"":[0.5,0.85],""source_files"":[""D:\\360Downloads\\123\\data\\Anti-UAV410\\annos\\test\\20190925_124612_1_5.txt"",""D:\\360Downloads\\123\\data\\Anti-UAV410\\annos\\test\\20190925_101846_1_5.txt"",""D:\\360Downloads\\123\\data\\Anti-UAV410\\annos\\test\\20190925_111757_1_9.txt"",""D:\\360Downloads\\123\\data\\Anti-UAV410\\annos\\test\\3700000000002_132726_2.txt""],""source_sha256"":[""b334d15af3977035a34c0fd54bd48d67799f984d7eb37284095db2ff12884700"",""909f43827707377733a597191c03b754d762a46e0ea0e91a879f62f850312a26"",""b506da1c12d3b8e9c21ea90c418692075554ad6aba19ea12916e65c51b4184b6"",""9748641bbb4535947838472e640bd6f5ec0888a8f77190363eaf70ed85a893ef""],""synthetic_dimensions"":[""spatial_level"",""risk"",""response_window"",""multi_sequence_concurrency"",""resources""],""time_basis"":""frames"",""track_count"":4,""track_windows"":[{""dynamic_background_clutter"":0,""event_center_frame"":615,""fast_motion"":0,""inactive_frames_in_window"":0,""medium_size"":1,""normal_size"":0,""occlusion"":0,""offset_steps"":0,""out_of_view"":0,""requested_window_mode"":""motion"",""scale_variation"":0,""selected_window_mode"":""motion"",""small_size"":0,""source_active_frames"":1000,""source_end_frame"":734,""source_frames"":1000,""source_inactive_frames"":0,""source_path"":""D:\\360Downloads\\123\\data\\Anti-UAV410\\annos\\test\\20190925_124612_1_5.txt"",""source_sha256"":""b334d15af3977035a34c0fd54bd48d67799f984d7eb37284095db2ff12884700"",""source_start_frame"":495,""source_window_frames"":240,""task_id"":""AU-01"",""thermal_crossover"":1,""tiny_size"":0,""visibility_event_count"":0},{""dynamic_background_clutter"":0,""event_center_frame"":774,""fast_motion"":0,""inactive_frames_in_window"":0,""medium_size"":0,""normal_size"":0,""occlusion"":0,""offset_steps"":1,""out_of_view"":0,""requested_window_mode"":""scale"",""scale_variation"":1,""selected_window_mode"":""scale"",""small_size"":1,""source_active_frames"":1000,""source_end_frame"":893,""source_frames"":1000,""source_inactive_frames"":0,""source_path"":""D:\\360Downloads\\123\\data\\Anti-UAV410\\annos\\test\\20190925_101846_1_5.txt"",""source_sha256"":""909f43827707377733a597191c03b754d762a46e0ea0e91a879f62f850312a26"",""source_start_frame"":654,""source_window_frames"":240,""task_id"":""AU-02"",""thermal_crossover"":0,""tiny_size"":0,""visibility_event_count"":0},{""dynamic_background_clutter"":0,""event_center_frame"":781,""fast_motion"":1,""inactive_frames_in_window"":10,""medium_size"":1,""normal_size"":1,""occlusion"":0,""offset_steps"":2,""out_of_view"":0,""requested_window_mode"":""visibility"",""scale_variation"":1,""selected_window_mode"":""visibility"",""small_size"":1,""source_active_frames"":990,""source_end_frame"":900,""source_frames"":1000,""source_inactive_frames"":10,""source_path"":""D:\\360Downloads\\123\\data\\Anti-UAV410\\annos\\test\\20190925_111757_1_9.txt"",""source_sha256"":""b506da1c12d3b8e9c21ea90c418692075554ad6aba19ea12916e65c51b4184b6"",""source_start_frame"":661,""source_window_frames"":240,""task_id"":""AU-03"",""thermal_crossover"":1,""tiny_size"":1,""visibility_event_count"":1},{""dynamic_background_clutter"":1,""event_center_frame"":850,""fast_motion"":1,""inactive_frames_in_window"":5,""medium_size"":0,""normal_size"":0,""occlusion"":0,""offset_steps"":3,""out_of_view"":1,""requested_window_mode"":""visibility"",""scale_variation"":1,""selected_window_mode"":""visibility"",""small_size"":1,""source_active_frames"":1494,""source_end_frame"":969,""source_frames"":1500,""source_inactive_frames"":6,""source_path"":""D:\\360Downloads\\123\\data\\Anti-UAV410\\annos\\test\\3700000000002_132726_2.txt"",""source_sha256"":""9748641bbb4535947838472e640bd6f5ec0888a8f77190363eaf70ed85a893ef"",""source_start_frame"":730,""source_window_frames"":240,""task_id"":""AU-04"",""thermal_crossover"":0,""tiny_size"":1,""visibility_event_count"":3}]}",6,725.0,AU-02,1,1,1,3,{},0.24576283968980306,0.14827695491811008,0.5,0.1254038633074281,0.6830092516155747,0.3199260690678474,0.24576283968980306,0.14827695491811008,0.5,0.1254038633074281,0.6830092516155747,0.3199260690678474
anti_uav410,AU-L04-W02,public-trajectory-replay-v2,"{""event_window_version"":""anti-uav-event-window-v1"",""evidence_type"":""measured_image_plane_tracks_with_simulated_response_resources"",""fps"":null,""image_height"":512,""image_width"":640,""measured_dimensions"":[""apparent_size"",""image_plane_speed"",""visibility""],""motion_unit"":""normalized_image_diagonal_per_frame"",""protected_point"":[0.5,0.85],""source_files"":[""D:\\360Downloads\\123\\data\\Anti-UAV410\\annos\\test\\20190925_124612_1_5.txt"",""D:\\360Downloads\\123\\data\\Anti-UAV410\\annos\\test\\20190925_101846_1_5.txt"",""D:\\360Downloads\\123\\data\\Anti-UAV410\\annos\\test\\20190925_111757_1_9.txt"",""D:\\360Downloads\\123\\data\\Anti-UAV410\\annos\\test\\3700000000002_132726_2.txt""],""source_sha256"":[""b334d15af3977035a34c0fd54bd48d67799f984d7eb37284095db2ff12884700"",""909f43827707377733a597191c03b754d762a46e0ea0e91a879f62f850312a26"",""b506da1c12d3b8e9c21ea90c418692075554ad6aba19ea12916e65c51b4184b6"",""9748641bbb4535947838472e640bd6f5ec0888a8f77190363eaf70ed85a893ef""],""synthetic_dimensions"":[""spatial_level"",""risk"",""response_window"",""multi_sequence_concurrency"",""resources""],""time_basis"":""frames"",""track_count"":4,""track_windows"":[{""dynamic_background_clutter"":0,""event_center_frame"":615,""fast_motion"":0,""inactive_frames_in_window"":0,""medium_size"":1,""normal_size"":0,""occlusion"":0,""offset_steps"":0,""out_of_view"":0,""requested_window_mode"":""motion"",""scale_variation"":0,""selected_window_mode"":""motion"",""small_size"":0,""source_active_frames"":1000,""source_end_frame"":734,""source_frames"":1000,""source_inactive_frames"":0,""source_path"":""D:\\360Downloads\\123\\data\\Anti-UAV410\\annos\\test\\20190925_124612_1_5.txt"",""source_sha256"":""b334d15af3977035a34c0fd54bd48d67799f984d7eb37284095db2ff12884700"",""source_start_frame"":495,""source_window_frames"":240,""task_id"":""AU-01"",""thermal_crossover"":1,""tiny_size"":0,""visibility_event_count"":0},{""dynamic_background_clutter"":0,""event_center_frame"":774,""fast_motion"":0,""inactive_frames_in_window"":0,""medium_size"":0,""normal_size"":0,""occlusion"":0,""offset_steps"":1,""out_of_view"":0,""requested_window_mode"":""scale"",""scale_variation"":1,""selected_window_mode"":""scale"",""small_size"":1,""source_active_frames"":1000,""source_end_frame"":893,""source_frames"":1000,""source_inactive_frames"":0,""source_path"":""D:\\360Downloads\\123\\data\\Anti-UAV410\\annos\\test\\20190925_101846_1_5.txt"",""source_sha256"":""909f43827707377733a597191c03b754d762a46e0ea0e91a879f62f850312a26"",""source_start_frame"":654,""source_window_frames"":240,""task_id"":""AU-02"",""thermal_crossover"":0,""tiny_size"":0,""visibility_event_count"":0},{""dynamic_background_clutter"":0,""event_center_frame"":781,""fast_motion"":1,""inactive_frames_in_window"":10,""medium_size"":1,""normal_size"":1,""occlusion"":0,""offset_steps"":2,""out_of_view"":0,""requested_window_mode"":""visibility"",""scale_variation"":1,""selected_window_mode"":""visibility"",""small_size"":1,""source_active_frames"":990,""source_end_frame"":900,""source_frames"":1000,""source_inactive_frames"":10,""source_path"":""D:\\360Downloads\\123\\data\\Anti-UAV410\\annos\\test\\20190925_111757_1_9.txt"",""source_sha256"":""b506da1c12d3b8e9c21ea90c418692075554ad6aba19ea12916e65c51b4184b6"",""source_start_frame"":661,""source_window_frames"":240,""task_id"":""AU-03"",""thermal_crossover"":1,""tiny_size"":1,""visibility_event_count"":1},{""dynamic_background_clutter"":1,""event_center_frame"":850,""fast_motion"":1,""inactive_frames_in_window"":5,""medium_size"":0,""normal_size"":0,""occlusion"":0,""offset_steps"":3,""out_of_view"":1,""requested_window_mode"":""visibility"",""scale_variation"":1,""selected_window_mode"":""visibility"",""small_size"":1,""source_active_frames"":1494,""source_end_frame"":969,""source_frames"":1500,""source_inactive_frames"":6,""source_path"":""D:\\360Downloads\\123\\data\\Anti-UAV410\\annos\\test\\3700000000002_132726_2.txt"",""source_sha256"":""9748641bbb4535947838472e640bd6f5ec0888a8f77190363eaf70ed85a893ef"",""source_start_frame"":730,""source_window_frames"":240,""task_id"":""AU-04"",""thermal_crossover"":0,""tiny_size"":1,""visibility_event_count"":3}]}",6,725.0,AU-03,1,1,1,3,{},0.08235098073355156,1.0,0.5,0.0,0.35,1.0,0.08235098073355156,1.0,0.5,0.0,0.35,1.0
anti_uav410,AU-L04-W02,public-trajectory-replay-v2,"{""event_window_version"":""anti-uav-event-window-v1"",""evidence_type"":""measured_image_plane_tracks_with_simulated_response_resources"",""fps"":null,""image_height"":512,""image_width"":640,""measured_dimensions"":[""apparent_size"",""image_plane_speed"",""visibility""],""motion_unit"":""normalized_image_diagonal_per_frame"",""protected_point"":[0.5,0.85],""source_files"":[""D:\\360Downloads\\123\\data\\Anti-UAV410\\annos\\test\\20190925_124612_1_5.txt"",""D:\\360Downloads\\123\\data\\Anti-UAV410\\annos\\test\\20190925_101846_1_5.txt"",""D:\\360Downloads\\123\\data\\Anti-UAV410\\annos\\test\\20190925_111757_1_9.txt"",""D:\\360Downloads\\123\\data\\Anti-UAV410\\annos\\test\\3700000000002_132726_2.txt""],""source_sha256"":[""b334d15af3977035a34c0fd54bd48d67799f984d7eb37284095db2ff12884700"",""909f43827707377733a597191c03b754d762a46e0ea0e91a879f62f850312a26"",""b506da1c12d3b8e9c21ea90c418692075554ad6aba19ea12916e65c51b4184b6"",""9748641bbb4535947838472e640bd6f5ec0888a8f77190363eaf70ed85a893ef""],""synthetic_dimensions"":[""spatial_level"",""risk"",""response_window"",""multi_sequence_concurrency"",""resources""],""time_basis"":""frames"",""track_count"":4,""track_windows"":[{""dynamic_background_clutter"":0,""event_center_frame"":615,""fast_motion"":0,""inactive_frames_in_window"":0,""medium_size"":1,""normal_size"":0,""occlusion"":0,""offset_steps"":0,""out_of_view"":0,""requested_window_mode"":""motion"",""scale_variation"":0,""selected_window_mode"":""motion"",""small_size"":0,""source_active_frames"":1000,""source_end_frame"":734,""source_frames"":1000,""source_inactive_frames"":0,""source_path"":""D:\\360Downloads\\123\\data\\Anti-UAV410\\annos\\test\\20190925_124612_1_5.txt"",""source_sha256"":""b334d15af3977035a34c0fd54bd48d67799f984d7eb37284095db2ff12884700"",""source_start_frame"":495,""source_window_frames"":240,""task_id"":""AU-01"",""thermal_crossover"":1,""tiny_size"":0,""visibility_event_count"":0},{""dynamic_background_clutter"":0,""event_center_frame"":774,""fast_motion"":0,""inactive_frames_in_window"":0,""medium_size"":0,""normal_size"":0,""occlusion"":0,""offset_steps"":1,""out_of_view"":0,""requested_window_mode"":""scale"",""scale_variation"":1,""selected_window_mode"":""scale"",""small_size"":1,""source_active_frames"":1000,""source_end_frame"":893,""source_frames"":1000,""source_inactive_frames"":0,""source_path"":""D:\\360Downloads\\123\\data\\Anti-UAV410\\annos\\test\\20190925_101846_1_5.txt"",""source_sha256"":""909f43827707377733a597191c03b754d762a46e0ea0e91a879f62f850312a26"",""source_start_frame"":654,""source_window_frames"":240,""task_id"":""AU-02"",""thermal_crossover"":0,""tiny_size"":0,""visibility_event_count"":0},{""dynamic_background_clutter"":0,""event_center_frame"":781,""fast_motion"":1,""inactive_frames_in_window"":10,""medium_size"":1,""normal_size"":1,""occlusion"":0,""offset_steps"":2,""out_of_view"":0,""requested_window_mode"":""visibility"",""scale_variation"":1,""selected_window_mode"":""visibility"",""small_size"":1,""source_active_frames"":990,""source_end_frame"":900,""source_frames"":1000,""source_inactive_frames"":10,""source_path"":""D:\\360Downloads\\123\\data\\Anti-UAV410\\annos\\test\\20190925_111757_1_9.txt"",""source_sha256"":""b506da1c12d3b8e9c21ea90c418692075554ad6aba19ea12916e65c51b4184b6"",""source_start_frame"":661,""source_window_frames"":240,""task_id"":""AU-03"",""thermal_crossover"":1,""tiny_size"":1,""visibility_event_count"":1},{""dynamic_background_clutter"":1,""event_center_frame"":850,""fast_motion"":1,""inactive_frames_in_window"":5,""medium_size"":0,""normal_size"":0,""occlusion"":0,""offset_steps"":3,""out_of_view"":1,""requested_window_mode"":""visibility"",""scale_variation"":1,""selected_window_mode"":""visibility"",""small_size"":1,""source_active_frames"":1494,""source_end_frame"":969,""source_frames"":1500,""source_inactive_frames"":6,""source_path"":""D:\\360Downloads\\123\\data\\Anti-UAV410\\annos\\test\\3700000000002_132726_2.txt"",""source_sha256"":""9748641bbb4535947838472e640bd6f5ec0888a8f77190363eaf70ed85a893ef"",""source_start_frame"":730,""source_window_frames"":240,""task_id"":""AU-04"",""thermal_crossover"":0,""tiny_size"":1,""visibility_event_count"":3}]}",6,725.0,AU-04,0,0,1,3,{},0.0,0.0,0.5,0.0,0.35,1.0,0.0,0.0,0.5,0.0,0.35,1.0
anti_uav410,AU-L04-W02,public-trajectory-replay-v2,"{""event_window_version"":""anti-uav-event-window-v1"",""evidence_type"":""measured_image_plane_tracks_with_simulated_response_resources"",""fps"":null,""image_height"":512,""image_width"":640,""measured_dimensions"":[""apparent_size"",""image_plane_speed"",""visibility""],""motion_unit"":""normalized_image_diagonal_per_frame"",""protected_point"":[0.5,0.85],""source_files"":[""D:\\360Downloads\\123\\data\\Anti-UAV410\\annos\\test\\20190925_124612_1_5.txt"",""D:\\360Downloads\\123\\data\\Anti-UAV410\\annos\\test\\20190925_101846_1_5.txt"",""D:\\360Downloads\\123\\data\\Anti-UAV410\\annos\\test\\20190925_111757_1_9.txt"",""D:\\360Downloads\\123\\data\\Anti-UAV410\\annos\\test\\3700000000002_132726_2.txt""],""source_sha256"":[""b334d15af3977035a34c0fd54bd48d67799f984d7eb37284095db2ff12884700"",""909f43827707377733a597191c03b754d762a46e0ea0e91a879f62f850312a26"",""b506da1c12d3b8e9c21ea90c418692075554ad6aba19ea12916e65c51b4184b6"",""9748641bbb4535947838472e640bd6f5ec0888a8f77190363eaf70ed85a893ef""],""synthetic_dimensions"":[""spatial_level"",""risk"",""response_window"",""multi_sequence_concurrency"",""resources""],""time_basis"":""frames"",""track_count"":4,""track_windows"":[{""dynamic_background_clutter"":0,""event_center_frame"":615,""fast_motion"":0,""inactive_frames_in_window"":0,""medium_size"":1,""normal_size"":0,""occlusion"":0,""offset_steps"":0,""out_of_view"":0,""requested_window_mode"":""motion"",""scale_variation"":0,""selected_window_mode"":""motion"",""small_size"":0,""source_active_frames"":1000,""source_end_frame"":734,""source_frames"":1000,""source_inactive_frames"":0,""source_path"":""D:\\360Downloads\\123\\data\\Anti-UAV410\\annos\\test\\20190925_124612_1_5.txt"",""source_sha256"":""b334d15af3977035a34c0fd54bd48d67799f984d7eb37284095db2ff12884700"",""source_start_frame"":495,""source_window_frames"":240,""task_id"":""AU-01"",""thermal_crossover"":1,""tiny_size"":0,""visibility_event_count"":0},{""dynamic_background_clutter"":0,""event_center_frame"":774,""fast_motion"":0,""inactive_frames_in_window"":0,""medium_size"":0,""normal_size"":0,""occlusion"":0,""offset_steps"":1,""out_of_view"":0,""requested_window_mode"":""scale"",""scale_variation"":1,""selected_window_mode"":""scale"",""small_size"":1,""source_active_frames"":1000,""source_end_frame"":893,""source_frames"":1000,""source_inactive_frames"":0,""source_path"":""D:\\360Downloads\\123\\data\\Anti-UAV410\\annos\\test\\20190925_101846_1_5.txt"",""source_sha256"":""909f43827707377733a597191c03b754d762a46e0ea0e91a879f62f850312a26"",""source_start_frame"":654,""source_window_frames"":240,""task_id"":""AU-02"",""thermal_crossover"":0,""tiny_size"":0,""visibility_event_count"":0},{""dynamic_background_clutter"":0,""event_center_frame"":781,""fast_motion"":1,""inactive_frames_in_window"":10,""medium_size"":1,""normal_size"":1,""occlusion"":0,""offset_steps"":2,""out_of_view"":0,""requested_window_mode"":""visibility"",""scale_variation"":1,""selected_window_mode"":""visibility"",""small_size"":1,""source_active_frames"":990,""source_end_frame"":900,""source_frames"":1000,""source_inactive_frames"":10,""source_path"":""D:\\360Downloads\\123\\data\\Anti-UAV410\\annos\\test\\20190925_111757_1_9.txt"",""source_sha256"":""b506da1c12d3b8e9c21ea90c418692075554ad6aba19ea12916e65c51b4184b6"",""source_start_frame"":661,""source_window_frames"":240,""task_id"":""AU-03"",""thermal_crossover"":1,""tiny_size"":1,""visibility_event_count"":1},{""dynamic_background_clutter"":1,""event_center_frame"":850,""fast_motion"":1,""inactive_frames_in_window"":5,""medium_size"":0,""normal_size"":0,""occlusion"":0,""offset_steps"":3,""out_of_view"":1,""requested_window_mode"":""visibility"",""scale_variation"":1,""selected_window_mode"":""visibility"",""small_size"":1,""source_active_frames"":1494,""source_end_frame"":969,""source_frames"":1500,""source_inactive_frames"":6,""source_path"":""D:\\360Downloads\\123\\data\\Anti-UAV410\\annos\\test\\3700000000002_132726_2.txt"",""source_sha256"":""9748641bbb4535947838472e640bd6f5ec0888a8f77190363eaf70ed85a893ef"",""source_start_frame"":730,""source_window_frames"":240,""task_id"":""AU-04"",""thermal_crossover"":0,""tiny_size"":1,""visibility_event_count"":3}]}",7,722.0,AU-01,1,1,1,3,{},0.5645698799135104,0.2819282521907662,0.5,0.0,0.5604629708198989,1.0,0.5645698799135104,0.2819282521907662,0.5,0.0,0.5604629708198989,1.0
anti_uav410,AU-L04-W02,public-trajectory-replay-v2,"{""event_window_version"":""anti-uav-event-window-v1"",""evidence_type"":""measured_image_plane_tracks_with_simulated_response_resources"",""fps"":null,""image_height"":512,""image_width"":640,""measured_dimensions"":[""apparent_size"",""image_plane_speed"",""visibility""],""motion_unit"":""normalized_image_diagonal_per_frame"",""protected_point"":[0.5,0.85],""source_files"":[""D:\\360Downloads\\123\\data\\Anti-UAV410\\annos\\test\\20190925_124612_1_5.txt"",""D:\\360Downloads\\123\\data\\Anti-UAV410\\annos\\test\\20190925_101846_1_5.txt"",""D:\\360Downloads\\123\\data\\Anti-UAV410\\annos\\test\\20190925_111757_1_9.txt"",""D:\\360Downloads\\123\\data\\Anti-UAV410\\annos\\test\\3700000000002_132726_2.txt""],""source_sha256"":[""b334d15af3977035a34c0fd54bd48d67799f984d7eb37284095db2ff12884700"",""909f43827707377733a597191c03b754d762a46e0ea0e91a879f62f850312a26"",""b506da1c12d3b8e9c21ea90c418692075554ad6aba19ea12916e65c51b4184b6"",""9748641bbb4535947838472e640bd6f5ec0888a8f77190363eaf70ed85a893ef""],""synthetic_dimensions"":[""spatial_level"",""risk"",""response_window"",""multi_sequence_concurrency"",""resources""],""time_basis"":""frames"",""track_count"":4,""track_windows"":[{""dynamic_background_clutter"":0,""event_center_frame"":615,""fast_motion"":0,""inactive_frames_in_window"":0,""medium_size"":1,""normal_size"":0,""occlusion"":0,""offset_steps"":0,""out_of_view"":0,""requested_window_mode"":""motion"",""scale_variation"":0,""selected_window_mode"":""motion"",""small_size"":0,""source_active_frames"":1000,""source_end_frame"":734,""source_frames"":1000,""source_inactive_frames"":0,""source_path"":""D:\\360Downloads\\123\\data\\Anti-UAV410\\annos\\test\\20190925_124612_1_5.txt"",""source_sha256"":""b334d15af3977035a34c0fd54bd48d67799f984d7eb37284095db2ff12884700"",""source_start_frame"":495,""source_window_frames"":240,""task_id"":""AU-01"",""thermal_crossover"":1,""tiny_size"":0,""visibility_event_count"":0},{""dynamic_background_clutter"":0,""event_center_frame"":774,""fast_motion"":0,""inactive_frames_in_window"":0,""medium_size"":0,""normal_size"":0,""occlusion"":0,""offset_steps"":1,""out_of_view"":0,""requested_window_mode"":""scale"",""scale_variation"":1,""selected_window_mode"":""scale"",""small_size"":1,""source_active_frames"":1000,""source_end_frame"":893,""source_frames"":1000,""source_inactive_frames"":0,""source_path"":""D:\\360Downloads\\123\\data\\Anti-UAV410\\annos\\test\\20190925_101846_1_5.txt"",""source_sha256"":""909f43827707377733a597191c03b754d762a46e0ea0e91a879f62f850312a26"",""source_start_frame"":654,""source_window_frames"":240,""task_id"":""AU-02"",""thermal_crossover"":0,""tiny_size"":0,""visibility_event_count"":0},{""dynamic_background_clutter"":0,""event_center_frame"":781,""fast_motion"":1,""inactive_frames_in_window"":10,""medium_size"":1,""normal_size"":1,""occlusion"":0,""offset_steps"":2,""out_of_view"":0,""requested_window_mode"":""visibility"",""scale_variation"":1,""selected_window_mode"":""visibility"",""small_size"":1,""source_active_frames"":990,""source_end_frame"":900,""source_frames"":1000,""source_inactive_frames"":10,""source_path"":""D:\\360Downloads\\123\\data\\Anti-UAV410\\annos\\test\\20190925_111757_1_9.txt"",""source_sha256"":""b506da1c12d3b8e9c21ea90c418692075554ad6aba19ea12916e65c51b4184b6"",""source_start_frame"":661,""source_window_frames"":240,""task_id"":""AU-03"",""thermal_crossover"":1,""tiny_size"":1,""visibility_event_count"":1},{""dynamic_background_clutter"":1,""event_center_frame"":850,""fast_motion"":1,""inactive_frames_in_window"":5,""medium_size"":0,""normal_size"":0,""occlusion"":0,""offset_steps"":3,""out_of_view"":1,""requested_window_mode"":""visibility"",""scale_variation"":1,""selected_window_mode"":""visibility"",""small_size"":1,""source_active_frames"":1494,""source_end_frame"":969,""source_frames"":1500,""source_inactive_frames"":6,""source_path"":""D:\\360Downloads\\123\\data\\Anti-UAV410\\annos\\test\\3700000000002_132726_2.txt"",""source_sha256"":""9748641bbb4535947838472e640bd6f5ec0888a8f77190363eaf70ed85a893ef"",""source_start_frame"":730,""source_window_frames"":240,""task_id"":""AU-04"",""thermal_crossover"":0,""tiny_size"":1,""visibility_event_count"":3}]}",7,722.0,AU-02,1,1,1,3,{},0.26684767619686456,0.22946051590532499,0.5,0.0,0.599595482215983,1.0,0.26684767619686456,0.22946051590532499,0.5,0.0,0.599595482215983,1.0
anti_uav410,AU-L04-W02,public-trajectory-replay-v2,"{""event_window_version"":""anti-uav-event-window-v1"",""evidence_type"":""measured_image_plane_tracks_with_simulated_response_resources"",""fps"":null,""image_height"":512,""image_width"":640,""measured_dimensions"":[""apparent_size"",""image_plane_speed"",""visibility""],""motion_unit"":""normalized_image_diagonal_per_frame"",""protected_point"":[0.5,0.85],""source_files"":[""D:\\360Downloads\\123\\data\\Anti-UAV410\\annos\\test\\20190925_124612_1_5.txt"",""D:\\360Downloads\\123\\data\\Anti-UAV410\\annos\\test\\20190925_101846_1_5.txt"",""D:\\360Downloads\\123\\data\\Anti-UAV410\\annos\\test\\20190925_111757_1_9.txt"",""D:\\360Downloads\\123\\data\\Anti-UAV410\\annos\\test\\3700000000002_132726_2.txt""],""source_sha256"":[""b334d15af3977035a34c0fd54bd48d67799f984d7eb37284095db2ff12884700"",""909f43827707377733a597191c03b754d762a46e0ea0e91a879f62f850312a26"",""b506da1c12d3b8e9c21ea90c418692075554ad6aba19ea12916e65c51b4184b6"",""9748641bbb4535947838472e640bd6f5ec0888a8f77190363eaf70ed85a893ef""],""synthetic_dimensions"":[""spatial_level"",""risk"",""response_window"",""multi_sequence_concurrency"",""resources""],""time_basis"":""frames"",""track_count"":4,""track_windows"":[{""dynamic_background_clutter"":0,""event_center_frame"":615,""fast_motion"":0,""inactive_frames_in_window"":0,""medium_size"":1,""normal_size"":0,""occlusion"":0,""offset_steps"":0,""out_of_view"":0,""requested_window_mode"":""motion"",""scale_variation"":0,""selected_window_mode"":""motion"",""small_size"":0,""source_active_frames"":1000,""source_end_frame"":734,""source_frames"":1000,""source_inactive_frames"":0,""source_path"":""D:\\360Downloads\\123\\data\\Anti-UAV410\\annos\\test\\20190925_124612_1_5.txt"",""source_sha256"":""b334d15af3977035a34c0fd54bd48d67799f984d7eb37284095db2ff12884700"",""source_start_frame"":495,""source_window_frames"":240,""task_id"":""AU-01"",""thermal_crossover"":1,""tiny_size"":0,""visibility_event_count"":0},{""dynamic_background_clutter"":0,""event_center_frame"":774,""fast_motion"":0,""inactive_frames_in_window"":0,""medium_size"":0,""normal_size"":0,""occlusion"":0,""offset_steps"":1,""out_of_view"":0,""requested_window_mode"":""scale"",""scale_variation"":1,""selected_window_mode"":""scale"",""small_size"":1,""source_active_frames"":1000,""source_end_frame"":893,""source_frames"":1000,""source_inactive_frames"":0,""source_path"":""D:\\360Downloads\\123\\data\\Anti-UAV410\\annos\\test\\20190925_101846_1_5.txt"",""source_sha256"":""909f43827707377733a597191c03b754d762a46e0ea0e91a879f62f850312a26"",""source_start_frame"":654,""source_window_frames"":240,""task_id"":""AU-02"",""thermal_crossover"":0,""tiny_size"":0,""visibility_event_count"":0},{""dynamic_background_clutter"":0,""event_center_frame"":781,""fast_motion"":1,""inactive_frames_in_window"":10,""medium_size"":1,""normal_size"":1,""occlusion"":0,""offset_steps"":2,""out_of_view"":0,""requested_window_mode"":""visibility"",""scale_variation"":1,""selected_window_mode"":""visibility"",""small_size"":1,""source_active_frames"":990,""source_end_frame"":900,""source_frames"":1000,""source_inactive_frames"":10,""source_path"":""D:\\360Downloads\\123\\data\\Anti-UAV410\\annos\\test\\20190925_111757_1_9.txt"",""source_sha256"":""b506da1c12d3b8e9c21ea90c418692075554ad6aba19ea12916e65c51b4184b6"",""source_start_frame"":661,""source_window_frames"":240,""task_id"":""AU-03"",""thermal_crossover"":1,""tiny_size"":1,""visibility_event_count"":1},{""dynamic_background_clutter"":1,""event_center_frame"":850,""fast_motion"":1,""inactive_frames_in_window"":5,""medium_size"":0,""normal_size"":0,""occlusion"":0,""offset_steps"":3,""out_of_view"":1,""requested_window_mode"":""visibility"",""scale_variation"":1,""selected_window_mode"":""visibility"",""small_size"":1,""source_active_frames"":1494,""source_end_frame"":969,""source_frames"":1500,""source_inactive_frames"":6,""source_path"":""D:\\360Downloads\\123\\data\\Anti-UAV410\\annos\\test\\3700000000002_132726_2.txt"",""source_sha256"":""9748641bbb4535947838472e640bd6f5ec0888a8f77190363eaf70ed85a893ef"",""source_start_frame"":730,""source_window_frames"":240,""task_id"":""AU-04"",""thermal_crossover"":0,""tiny_size"":1,""visibility_event_count"":3}]}",7,722.0,AU-03,0,0,1,3,{},0.0,0.0,0.5,0.0,0.35,1.0,0.0,0.0,0.5,0.0,0.35,1.0
anti_uav410,AU-L04-W02,public-trajectory-replay-v2,"{""event_window_version"":""anti-uav-event-window-v1"",""evidence_type"":""measured_image_plane_tracks_with_simulated_response_resources"",""fps"":null,""image_height"":512,""image_width"":640,""measured_dimensions"":[""apparent_size"",""image_plane_speed"",""visibility""],""motion_unit"":""normalized_image_diagonal_per_frame"",""protected_point"":[0.5,0.85],""source_files"":[""D:\\360Downloads\\123\\data\\Anti-UAV410\\annos\\test\\20190925_124612_1_5.txt"",""D:\\360Downloads\\123\\data\\Anti-UAV410\\annos\\test\\20190925_101846_1_5.txt"",""D:\\360Downloads\\123\\data\\Anti-UAV410\\annos\\test\\20190925_111757_1_9.txt"",""D:\\360Downloads\\123\\data\\Anti-UAV410\\annos\\test\\3700000000002_132726_2.txt""],""source_sha256"":[""b334d15af3977035a34c0fd54bd48d67799f984d7eb37284095db2ff12884700"",""909f43827707377733a597191c03b754d762a46e0ea0e91a879f62f850312a26"",""b506da1c12d3b8e9c21ea90c418692075554ad6aba19ea12916e65c51b4184b6"",""9748641bbb4535947838472e640bd6f5ec0888a8f77190363eaf70ed85a893ef""],""synthetic_dimensions"":[""spatial_level"",""risk"",""response_window"",""multi_sequence_concurrency"",""resources""],""time_basis"":""frames"",""track_count"":4,""track_windows"":[{""dynamic_background_clutter"":0,""event_center_frame"":615,""fast_motion"":0,""inactive_frames_in_window"":0,""medium_size"":1,""normal_size"":0,""occlusion"":0,""offset_steps"":0,""out_of_view"":0,""requested_window_mode"":""motion"",""scale_variation"":0,""selected_window_mode"":""motion"",""small_size"":0,""source_active_frames"":1000,""source_end_frame"":734,""source_frames"":1000,""source_inactive_frames"":0,""source_path"":""D:\\360Downloads\\123\\data\\Anti-UAV410\\annos\\test\\20190925_124612_1_5.txt"",""source_sha256"":""b334d15af3977035a34c0fd54bd48d67799f984d7eb37284095db2ff12884700"",""source_start_frame"":495,""source_window_frames"":240,""task_id"":""AU-01"",""thermal_crossover"":1,""tiny_size"":0,""visibility_event_count"":0},{""dynamic_background_clutter"":0,""event_center_frame"":774,""fast_motion"":0,""inactive_frames_in_window"":0,""medium_size"":0,""normal_size"":0,""occlusion"":0,""offset_steps"":1,""out_of_view"":0,""requested_window_mode"":""scale"",""scale_variation"":1,""selected_window_mode"":""scale"",""small_size"":1,""source_active_frames"":1000,""source_end_frame"":893,""source_frames"":1000,""source_inactive_frames"":0,""source_path"":""D:\\360Downloads\\123\\data\\Anti-UAV410\\annos\\test\\20190925_101846_1_5.txt"",""source_sha256"":""909f43827707377733a597191c03b754d762a46e0ea0e91a879f62f850312a26"",""source_start_frame"":654,""source_window_frames"":240,""task_id"":""AU-02"",""thermal_crossover"":0,""tiny_size"":0,""visibility_event_count"":0},{""dynamic_background_clutter"":0,""event_center_frame"":781,""fast_motion"":1,""inactive_frames_in_window"":10,""medium_size"":1,""normal_size"":1,""occlusion"":0,""offset_steps"":2,""out_of_view"":0,""requested_window_mode"":""visibility"",""scale_variation"":1,""selected_window_mode"":""visibility"",""small_size"":1,""source_active_frames"":990,""source_end_frame"":900,""source_frames"":1000,""source_inactive_frames"":10,""source_path"":""D:\\360Downloads\\123\\data\\Anti-UAV410\\annos\\test\\20190925_111757_1_9.txt"",""source_sha256"":""b506da1c12d3b8e9c21ea90c418692075554ad6aba19ea12916e65c51b4184b6"",""source_start_frame"":661,""source_window_frames"":240,""task_id"":""AU-03"",""thermal_crossover"":1,""tiny_size"":1,""visibility_event_count"":1},{""dynamic_background_clutter"":1,""event_center_frame"":850,""fast_motion"":1,""inactive_frames_in_window"":5,""medium_size"":0,""normal_size"":0,""occlusion"":0,""offset_steps"":3,""out_of_view"":1,""requested_window_mode"":""visibility"",""scale_variation"":1,""selected_window_mode"":""visibility"",""small_size"":1,""source_active_frames"":1494,""source_end_frame"":969,""source_frames"":1500,""source_inactive_frames"":6,""source_path"":""D:\\360Downloads\\123\\data\\Anti-UAV410\\annos\\test\\3700000000002_132726_2.txt"",""source_sha256"":""9748641bbb4535947838472e640bd6f5ec0888a8f77190363eaf70ed85a893ef"",""source_start_frame"":730,""source_window_frames"":240,""task_id"":""AU-04"",""thermal_crossover"":0,""tiny_size"":1,""visibility_event_count"":3}]}",7,722.0,AU-04,0,0,1,3,{},0.0,0.0,0.5,0.0,0.35,1.0,0.0,0.0,0.5,0.0,0.35,1.0
anti_uav410,AU-L04-W02,public-trajectory-replay-v2,"{""event_window_version"":""anti-uav-event-window-v1"",""evidence_type"":""measured_image_plane_tracks_with_simulated_response_resources"",""fps"":null,""image_height"":512,""image_width"":640,""measured_dimensions"":[""apparent_size"",""image_plane_speed"",""visibility""],""motion_unit"":""normalized_image_diagonal_per_frame"",""protected_point"":[0.5,0.85],""source_files"":[""D:\\360Downloads\\123\\data\\Anti-UAV410\\annos\\test\\20190925_124612_1_5.txt"",""D:\\360Downloads\\123\\data\\Anti-UAV410\\annos\\test\\20190925_101846_1_5.txt"",""D:\\360Downloads\\123\\data\\Anti-UAV410\\annos\\test\\20190925_111757_1_9.txt"",""D:\\360Downloads\\123\\data\\Anti-UAV410\\annos\\test\\3700000000002_132726_2.txt""],""source_sha256"":[""b334d15af3977035a34c0fd54bd48d67799f984d7eb37284095db2ff12884700"",""909f43827707377733a597191c03b754d762a46e0ea0e91a879f62f850312a26"",""b506da1c12d3b8e9c21ea90c418692075554ad6aba19ea12916e65c51b4184b6"",""9748641bbb4535947838472e640bd6f5ec0888a8f77190363eaf70ed85a893ef""],""synthetic_dimensions"":[""spatial_level"",""risk"",""response_window"",""multi_sequence_concurrency"",""resources""],""time_basis"":""frames"",""track_count"":4,""track_windows"":[{""dynamic_background_clutter"":0,""event_center_frame"":615,""fast_motion"":0,""inactive_frames_in_window"":0,""medium_size"":1,""normal_size"":0,""occlusion"":0,""offset_steps"":0,""out_of_view"":0,""requested_window_mode"":""motion"",""scale_variation"":0,""selected_window_mode"":""motion"",""small_size"":0,""source_active_frames"":1000,""source_end_frame"":734,""source_frames"":1000,""source_inactive_frames"":0,""source_path"":""D:\\360Downloads\\123\\data\\Anti-UAV410\\annos\\test\\20190925_124612_1_5.txt"",""source_sha256"":""b334d15af3977035a34c0fd54bd48d67799f984d7eb37284095db2ff12884700"",""source_start_frame"":495,""source_window_frames"":240,""task_id"":""AU-01"",""thermal_crossover"":1,""tiny_size"":0,""visibility_event_count"":0},{""dynamic_background_clutter"":0,""event_center_frame"":774,""fast_motion"":0,""inactive_frames_in_window"":0,""medium_size"":0,""normal_size"":0,""occlusion"":0,""offset_steps"":1,""out_of_view"":0,""requested_window_mode"":""scale"",""scale_variation"":1,""selected_window_mode"":""scale"",""small_size"":1,""source_active_frames"":1000,""source_end_frame"":893,""source_frames"":1000,""source_inactive_frames"":0,""source_path"":""D:\\360Downloads\\123\\data\\Anti-UAV410\\annos\\test\\20190925_101846_1_5.txt"",""source_sha256"":""909f43827707377733a597191c03b754d762a46e0ea0e91a879f62f850312a26"",""source_start_frame"":654,""source_window_frames"":240,""task_id"":""AU-02"",""thermal_crossover"":0,""tiny_size"":0,""visibility_event_count"":0},{""dynamic_background_clutter"":0,""event_center_frame"":781,""fast_motion"":1,""inactive_frames_in_window"":10,""medium_size"":1,""normal_size"":1,""occlusion"":0,""offset_steps"":2,""out_of_view"":0,""requested_window_mode"":""visibility"",""scale_variation"":1,""selected_window_mode"":""visibility"",""small_size"":1,""source_active_frames"":990,""source_end_frame"":900,""source_frames"":1000,""source_inactive_frames"":10,""source_path"":""D:\\360Downloads\\123\\data\\Anti-UAV410\\annos\\test\\20190925_111757_1_9.txt"",""source_sha256"":""b506da1c12d3b8e9c21ea90c418692075554ad6aba19ea12916e65c51b4184b6"",""source_start_frame"":661,""source_window_frames"":240,""task_id"":""AU-03"",""thermal_crossover"":1,""tiny_size"":1,""visibility_event_count"":1},{""dynamic_background_clutter"":1,""event_center_frame"":850,""fast_motion"":1,""inactive_frames_in_window"":5,""medium_size"":0,""normal_size"":0,""occlusion"":0,""offset_steps"":3,""out_of_view"":1,""requested_window_mode"":""visibility"",""scale_variation"":1,""selected_window_mode"":""visibility"",""small_size"":1,""source_active_frames"":1494,""source_end_frame"":969,""source_frames"":1500,""source_inactive_frames"":6,""source_path"":""D:\\360Downloads\\123\\data\\Anti-UAV410\\annos\\test\\3700000000002_132726_2.txt"",""source_sha256"":""9748641bbb4535947838472e640bd6f5ec0888a8f77190363eaf70ed85a893ef"",""source_start_frame"":730,""source_window_frames"":240,""task_id"":""AU-04"",""thermal_crossover"":0,""tiny_size"":1,""visibility_event_count"":3}]}",8,781.0,AU-01,1,1,1,3,{},0.5940197783494355,0.5271128608474334,0.5,0.0,0.656083517231806,0.31110614674442727,0.5940197783494355,0.5271128608474334,0.5,0.0,0.656083517231806,0.31110614674442727
anti_uav410,AU-L04-W02,public-trajectory-replay-v2,"{""event_window_version"":""anti-uav-event-window-v1"",""evidence_type"":""measured_image_plane_tracks_with_simulated_response_resources"",""fps"":null,""image_height"":512,""image_width"":640,""measured_dimensions"":[""apparent_size"",""image_plane_speed"",""visibility""],""motion_unit"":""normalized_image_diagonal_per_frame"",""protected_point"":[0.5,0.85],""source_files"":[""D:\\360Downloads\\123\\data\\Anti-UAV410\\annos\\test\\20190925_124612_1_5.txt"",""D:\\360Downloads\\123\\data\\Anti-UAV410\\annos\\test\\20190925_101846_1_5.txt"",""D:\\360Downloads\\123\\data\\Anti-UAV410\\annos\\test\\20190925_111757_1_9.txt"",""D:\\360Downloads\\123\\data\\Anti-UAV410\\annos\\test\\3700000000002_132726_2.txt""],""source_sha256"":[""b334d15af3977035a34c0fd54bd48d67799f984d7eb37284095db2ff12884700"",""909f43827707377733a597191c03b754d762a46e0ea0e91a879f62f850312a26"",""b506da1c12d3b8e9c21ea90c418692075554ad6aba19ea12916e65c51b4184b6"",""9748641bbb4535947838472e640bd6f5ec0888a8f77190363eaf70ed85a893ef""],""synthetic_dimensions"":[""spatial_level"",""risk"",""response_window"",""multi_sequence_concurrency"",""resources""],""time_basis"":""frames"",""track_count"":4,""track_windows"":[{""dynamic_background_clutter"":0,""event_center_frame"":615,""fast_motion"":0,""inactive_frames_in_window"":0,""medium_size"":1,""normal_size"":0,""occlusion"":0,""offset_steps"":0,""out_of_view"":0,""requested_window_mode"":""motion"",""scale_variation"":0,""selected_window_mode"":""motion"",""small_size"":0,""source_active_frames"":1000,""source_end_frame"":734,""source_frames"":1000,""source_inactive_frames"":0,""source_path"":""D:\\360Downloads\\123\\data\\Anti-UAV410\\annos\\test\\20190925_124612_1_5.txt"",""source_sha256"":""b334d15af3977035a34c0fd54bd48d67799f984d7eb37284095db2ff12884700"",""source_start_frame"":495,""source_window_frames"":240,""task_id"":""AU-01"",""thermal_crossover"":1,""tiny_size"":0,""visibility_event_count"":0},{""dynamic_background_clutter"":0,""event_center_frame"":774,""fast_motion"":0,""inactive_frames_in_window"":0,""medium_size"":0,""normal_size"":0,""occlusion"":0,""offset_steps"":1,""out_of_view"":0,""requested_window_mode"":""scale"",""scale_variation"":1,""selected_window_mode"":""scale"",""small_size"":1,""source_active_frames"":1000,""source_end_frame"":893,""source_frames"":1000,""source_inactive_frames"":0,""source_path"":""D:\\360Downloads\\123\\data\\Anti-UAV410\\annos\\test\\20190925_101846_1_5.txt"",""source_sha256"":""909f43827707377733a597191c03b754d762a46e0ea0e91a879f62f850312a26"",""source_start_frame"":654,""source_window_frames"":240,""task_id"":""AU-02"",""thermal_crossover"":0,""tiny_size"":0,""visibility_event_count"":0},{""dynamic_background_clutter"":0,""event_center_frame"":781,""fast_motion"":1,""inactive_frames_in_window"":10,""medium_size"":1,""normal_size"":1,""occlusion"":0,""offset_steps"":2,""out_of_view"":0,""requested_window_mode"":""visibility"",""scale_variation"":1,""selected_window_mode"":""visibility"",""small_size"":1,""source_active_frames"":990,""source_end_frame"":900,""source_frames"":1000,""source_inactive_frames"":10,""source_path"":""D:\\360Downloads\\123\\data\\Anti-UAV410\\annos\\test\\20190925_111757_1_9.txt"",""source_sha256"":""b506da1c12d3b8e9c21ea90c418692075554ad6aba19ea12916e65c51b4184b6"",""source_start_frame"":661,""source_window_frames"":240,""task_id"":""AU-03"",""thermal_crossover"":1,""tiny_size"":1,""visibility_event_count"":1},{""dynamic_background_clutter"":1,""event_center_frame"":850,""fast_motion"":1,""inactive_frames_in_window"":5,""medium_size"":0,""normal_size"":0,""occlusion"":0,""offset_steps"":3,""out_of_view"":1,""requested_window_mode"":""visibility"",""scale_variation"":1,""selected_window_mode"":""visibility"",""small_size"":1,""source_active_frames"":1494,""source_end_frame"":969,""source_frames"":1500,""source_inactive_frames"":6,""source_path"":""D:\\360Downloads\\123\\data\\Anti-UAV410\\annos\\test\\3700000000002_132726_2.txt"",""source_sha256"":""9748641bbb4535947838472e640bd6f5ec0888a8f77190363eaf70ed85a893ef"",""source_start_frame"":730,""source_window_frames"":240,""task_id"":""AU-04"",""thermal_crossover"":0,""tiny_size"":1,""visibility_event_count"":3}]}",8,781.0,AU-02,1,1,1,3,{},0.3088161777508183,0.2525598587341695,0.5,0.36390992757552076,0.6374196171144749,1.0,0.3088161777508183,0.2525598587341695,0.5,0.36390992757552076,0.6374196171144749,1.0
anti_uav410,AU-L04-W02,public-trajectory-replay-v2,"{""event_window_version"":""anti-uav-event-window-v1"",""evidence_type"":""measured_image_plane_tracks_with_simulated_response_resources"",""fps"":null,""image_height"":512,""image_width"":640,""measured_dimensions"":[""apparent_size"",""image_plane_speed"",""visibility""],""motion_unit"":""normalized_image_diagonal_per_frame"",""protected_point"":[0.5,0.85],""source_files"":[""D:\\360Downloads\\123\\data\\Anti-UAV410\\annos\\test\\20190925_124612_1_5.txt"",""D:\\360Downloads\\123\\data\\Anti-UAV410\\annos\\test\\20190925_101846_1_5.txt"",""D:\\360Downloads\\123\\data\\Anti-UAV410\\annos\\test\\20190925_111757_1_9.txt"",""D:\\360Downloads\\123\\data\\Anti-UAV410\\annos\\test\\3700000000002_132726_2.txt""],""source_sha256"":[""b334d15af3977035a34c0fd54bd48d67799f984d7eb37284095db2ff12884700"",""909f43827707377733a597191c03b754d762a46e0ea0e91a879f62f850312a26"",""b506da1c12d3b8e9c21ea90c418692075554ad6aba19ea12916e65c51b4184b6"",""9748641bbb4535947838472e640bd6f5ec0888a8f77190363eaf70ed85a893ef""],""synthetic_dimensions"":[""spatial_level"",""risk"",""response_window"",""multi_sequence_concurrency"",""resources""],""time_basis"":""frames"",""track_count"":4,""track_windows"":[{""dynamic_background_clutter"":0,""event_center_frame"":615,""fast_motion"":0,""inactive_frames_in_window"":0,""medium_size"":1,""normal_size"":0,""occlusion"":0,""offset_steps"":0,""out_of_view"":0,""requested_window_mode"":""motion"",""scale_variation"":0,""selected_window_mode"":""motion"",""small_size"":0,""source_active_frames"":1000,""source_end_frame"":734,""source_frames"":1000,""source_inactive_frames"":0,""source_path"":""D:\\360Downloads\\123\\data\\Anti-UAV410\\annos\\test\\20190925_124612_1_5.txt"",""source_sha256"":""b334d15af3977035a34c0fd54bd48d67799f984d7eb37284095db2ff12884700"",""source_start_frame"":495,""source_window_frames"":240,""task_id"":""AU-01"",""thermal_crossover"":1,""tiny_size"":0,""visibility_event_count"":0},{""dynamic_background_clutter"":0,""event_center_frame"":774,""fast_motion"":0,""inactive_frames_in_window"":0,""medium_size"":0,""normal_size"":0,""occlusion"":0,""offset_steps"":1,""out_of_view"":0,""requested_window_mode"":""scale"",""scale_variation"":1,""selected_window_mode"":""scale"",""small_size"":1,""source_active_frames"":1000,""source_end_frame"":893,""source_frames"":1000,""source_inactive_frames"":0,""source_path"":""D:\\360Downloads\\123\\data\\Anti-UAV410\\annos\\test\\20190925_101846_1_5.txt"",""source_sha256"":""909f43827707377733a597191c03b754d762a46e0ea0e91a879f62f850312a26"",""source_start_frame"":654,""source_window_frames"":240,""task_id"":""AU-02"",""thermal_crossover"":0,""tiny_size"":0,""visibility_event_count"":0},{""dynamic_background_clutter"":0,""event_center_frame"":781,""fast_motion"":1,""inactive_frames_in_window"":10,""medium_size"":1,""normal_size"":1,""occlusion"":0,""offset_steps"":2,""out_of_view"":0,""requested_window_mode"":""visibility"",""scale_variation"":1,""selected_window_mode"":""visibility"",""small_size"":1,""source_active_frames"":990,""source_end_frame"":900,""source_frames"":1000,""source_inactive_frames"":10,""source_path"":""D:\\360Downloads\\123\\data\\Anti-UAV410\\annos\\test\\20190925_111757_1_9.txt"",""source_sha256"":""b506da1c12d3b8e9c21ea90c418692075554ad6aba19ea12916e65c51b4184b6"",""source_start_frame"":661,""source_window_frames"":240,""task_id"":""AU-03"",""thermal_crossover"":1,""tiny_size"":1,""visibility_event_count"":1},{""dynamic_background_clutter"":1,""event_center_frame"":850,""fast_motion"":1,""inactive_frames_in_window"":5,""medium_size"":0,""normal_size"":0,""occlusion"":0,""offset_steps"":3,""out_of_view"":1,""requested_window_mode"":""visibility"",""scale_variation"":1,""selected_window_mode"":""visibility"",""small_size"":1,""source_active_frames"":1494,""source_end_frame"":969,""source_frames"":1500,""source_inactive_frames"":6,""source_path"":""D:\\360Downloads\\123\\data\\Anti-UAV410\\annos\\test\\3700000000002_132726_2.txt"",""source_sha256"":""9748641bbb4535947838472e640bd6f5ec0888a8f77190363eaf70ed85a893ef"",""source_start_frame"":730,""source_window_frames"":240,""task_id"":""AU-04"",""thermal_crossover"":0,""tiny_size"":1,""visibility_event_count"":3}]}",8,781.0,AU-03,0,0,1,3,{},0.0,0.0,0.5,0.0,0.35,1.0,0.0,0.0,0.5,0.0,0.35,1.0
anti_uav410,AU-L04-W02,public-trajectory-replay-v2,"{""event_window_version"":""anti-uav-event-window-v1"",""evidence_type"":""measured_image_plane_tracks_with_simulated_response_resources"",""fps"":null,""image_height"":512,""image_width"":640,""measured_dimensions"":[""apparent_size"",""image_plane_speed"",""visibility""],""motion_unit"":""normalized_image_diagonal_per_frame"",""protected_point"":[0.5,0.85],""source_files"":[""D:\\360Downloads\\123\\data\\Anti-UAV410\\annos\\test\\20190925_124612_1_5.txt"",""D:\\360Downloads\\123\\data\\Anti-UAV410\\annos\\test\\20190925_101846_1_5.txt"",""D:\\360Downloads\\123\\data\\Anti-UAV410\\annos\\test\\20190925_111757_1_9.txt"",""D:\\360Downloads\\123\\data\\Anti-UAV410\\annos\\test\\3700000000002_132726_2.txt""],""source_sha256"":[""b334d15af3977035a34c0fd54bd48d67799f984d7eb37284095db2ff12884700"",""909f43827707377733a597191c03b754d762a46e0ea0e91a879f62f850312a26"",""b506da1c12d3b8e9c21ea90c418692075554ad6aba19ea12916e65c51b4184b6"",""9748641bbb4535947838472e640bd6f5ec0888a8f77190363eaf70ed85a893ef""],""synthetic_dimensions"":[""spatial_level"",""risk"",""response_window"",""multi_sequence_concurrency"",""resources""],""time_basis"":""frames"",""track_count"":4,""track_windows"":[{""dynamic_background_clutter"":0,""event_center_frame"":615,""fast_motion"":0,""inactive_frames_in_window"":0,""medium_size"":1,""normal_size"":0,""occlusion"":0,""offset_steps"":0,""out_of_view"":0,""requested_window_mode"":""motion"",""scale_variation"":0,""selected_window_mode"":""motion"",""small_size"":0,""source_active_frames"":1000,""source_end_frame"":734,""source_frames"":1000,""source_inactive_frames"":0,""source_path"":""D:\\360Downloads\\123\\data\\Anti-UAV410\\annos\\test\\20190925_124612_1_5.txt"",""source_sha256"":""b334d15af3977035a34c0fd54bd48d67799f984d7eb37284095db2ff12884700"",""source_start_frame"":495,""source_window_frames"":240,""task_id"":""AU-01"",""thermal_crossover"":1,""tiny_size"":0,""visibility_event_count"":0},{""dynamic_background_clutter"":0,""event_center_frame"":774,""fast_motion"":0,""inactive_frames_in_window"":0,""medium_size"":0,""normal_size"":0,""occlusion"":0,""offset_steps"":1,""out_of_view"":0,""requested_window_mode"":""scale"",""scale_variation"":1,""selected_window_mode"":""scale"",""small_size"":1,""source_active_frames"":1000,""source_end_frame"":893,""source_frames"":1000,""source_inactive_frames"":0,""source_path"":""D:\\360Downloads\\123\\data\\Anti-UAV410\\annos\\test\\20190925_101846_1_5.txt"",""source_sha256"":""909f43827707377733a597191c03b754d762a46e0ea0e91a879f62f850312a26"",""source_start_frame"":654,""source_window_frames"":240,""task_id"":""AU-02"",""thermal_crossover"":0,""tiny_size"":0,""visibility_event_count"":0},{""dynamic_background_clutter"":0,""event_center_frame"":781,""fast_motion"":1,""inactive_frames_in_window"":10,""medium_size"":1,""normal_size"":1,""occlusion"":0,""offset_steps"":2,""out_of_view"":0,""requested_window_mode"":""visibility"",""scale_variation"":1,""selected_window_mode"":""visibility"",""small_size"":1,""source_active_frames"":990,""source_end_frame"":900,""source_frames"":1000,""source_inactive_frames"":10,""source_path"":""D:\\360Downloads\\123\\data\\Anti-UAV410\\annos\\test\\20190925_111757_1_9.txt"",""source_sha256"":""b506da1c12d3b8e9c21ea90c418692075554ad6aba19ea12916e65c51b4184b6"",""source_start_frame"":661,""source_window_frames"":240,""task_id"":""AU-03"",""thermal_crossover"":1,""tiny_size"":1,""visibility_event_count"":1},{""dynamic_background_clutter"":1,""event_center_frame"":850,""fast_motion"":1,""inactive_frames_in_window"":5,""medium_size"":0,""normal_size"":0,""occlusion"":0,""offset_steps"":3,""out_of_view"":1,""requested_window_mode"":""visibility"",""scale_variation"":1,""selected_window_mode"":""visibility"",""small_size"":1,""source_active_frames"":1494,""source_end_frame"":969,""source_frames"":1500,""source_inactive_frames"":6,""source_path"":""D:\\360Downloads\\123\\data\\Anti-UAV410\\annos\\test\\3700000000002_132726_2.txt"",""source_sha256"":""9748641bbb4535947838472e640bd6f5ec0888a8f77190363eaf70ed85a893ef"",""source_start_frame"":730,""source_window_frames"":240,""task_id"":""AU-04"",""thermal_crossover"":0,""tiny_size"":1,""visibility_event_count"":3}]}",8,781.0,AU-04,1,1,1,3,{},0.17469281074217108,0.0,0.5,0.36390992757552076,0.7840681588544838,0.2,0.17469281074217108,0.0,0.5,0.36390992757552076,0.7840681588544838,0.2
anti_uav410,AU-L04-W02,public-trajectory-replay-v2,"{""event_window_version"":""anti-uav-event-window-v1"",""evidence_type"":""measured_image_plane_tracks_with_simulated_response_resources"",""fps"":null,""image_height"":512,""image_width"":640,""measured_dimensions"":[""apparent_size"",""image_plane_speed"",""visibility""],""motion_unit"":""normalized_image_diagonal_per_frame"",""protected_point"":[0.5,0.85],""source_files"":[""D:\\360Downloads\\123\\data\\Anti-UAV410\\annos\\test\\20190925_124612_1_5.txt"",""D:\\360Downloads\\123\\data\\Anti-UAV410\\annos\\test\\20190925_101846_1_5.txt"",""D:\\360Downloads\\123\\data\\Anti-UAV410\\annos\\test\\20190925_111757_1_9.txt"",""D:\\360Downloads\\123\\data\\Anti-UAV410\\annos\\test\\3700000000002_132726_2.txt""],""source_sha256"":[""b334d15af3977035a34c0fd54bd48d67799f984d7eb37284095db2ff12884700"",""909f43827707377733a597191c03b754d762a46e0ea0e91a879f62f850312a26"",""b506da1c12d3b8e9c21ea90c418692075554ad6aba19ea12916e65c51b4184b6"",""9748641bbb4535947838472e640bd6f5ec0888a8f77190363eaf70ed85a893ef""],""synthetic_dimensions"":[""spatial_level"",""risk"",""response_window"",""multi_sequence_concurrency"",""resources""],""time_basis"":""frames"",""track_count"":4,""track_windows"":[{""dynamic_background_clutter"":0,""event_center_frame"":615,""fast_motion"":0,""inactive_frames_in_window"":0,""medium_size"":1,""normal_size"":0,""occlusion"":0,""offset_steps"":0,""out_of_view"":0,""requested_window_mode"":""motion"",""scale_variation"":0,""selected_window_mode"":""motion"",""small_size"":0,""source_active_frames"":1000,""source_end_frame"":734,""source_frames"":1000,""source_inactive_frames"":0,""source_path"":""D:\\360Downloads\\123\\data\\Anti-UAV410\\annos\\test\\20190925_124612_1_5.txt"",""source_sha256"":""b334d15af3977035a34c0fd54bd48d67799f984d7eb37284095db2ff12884700"",""source_start_frame"":495,""source_window_frames"":240,""task_id"":""AU-01"",""thermal_crossover"":1,""tiny_size"":0,""visibility_event_count"":0},{""dynamic_background_clutter"":0,""event_center_frame"":774,""fast_motion"":0,""inactive_frames_in_window"":0,""medium_size"":0,""normal_size"":0,""occlusion"":0,""offset_steps"":1,""out_of_view"":0,""requested_window_mode"":""scale"",""scale_variation"":1,""selected_window_mode"":""scale"",""small_size"":1,""source_active_frames"":1000,""source_end_frame"":893,""source_frames"":1000,""source_inactive_frames"":0,""source_path"":""D:\\360Downloads\\123\\data\\Anti-UAV410\\annos\\test\\20190925_101846_1_5.txt"",""source_sha256"":""909f43827707377733a597191c03b754d762a46e0ea0e91a879f62f850312a26"",""source_start_frame"":654,""source_window_frames"":240,""task_id"":""AU-02"",""thermal_crossover"":0,""tiny_size"":0,""visibility_event_count"":0},{""dynamic_background_clutter"":0,""event_center_frame"":781,""fast_motion"":1,""inactive_frames_in_window"":10,""medium_size"":1,""normal_size"":1,""occlusion"":0,""offset_steps"":2,""out_of_view"":0,""requested_window_mode"":""visibility"",""scale_variation"":1,""selected_window_mode"":""visibility"",""small_size"":1,""source_active_frames"":990,""source_end_frame"":900,""source_frames"":1000,""source_inactive_frames"":10,""source_path"":""D:\\360Downloads\\123\\data\\Anti-UAV410\\annos\\test\\20190925_111757_1_9.txt"",""source_sha256"":""b506da1c12d3b8e9c21ea90c418692075554ad6aba19ea12916e65c51b4184b6"",""source_start_frame"":661,""source_window_frames"":240,""task_id"":""AU-03"",""thermal_crossover"":1,""tiny_size"":1,""visibility_event_count"":1},{""dynamic_background_clutter"":1,""event_center_frame"":850,""fast_motion"":1,""inactive_frames_in_window"":5,""medium_size"":0,""normal_size"":0,""occlusion"":0,""offset_steps"":3,""out_of_view"":1,""requested_window_mode"":""visibility"",""scale_variation"":1,""selected_window_mode"":""visibility"",""small_size"":1,""source_active_frames"":1494,""source_end_frame"":969,""source_frames"":1500,""source_inactive_frames"":6,""source_path"":""D:\\360Downloads\\123\\data\\Anti-UAV410\\annos\\test\\3700000000002_132726_2.txt"",""source_sha256"":""9748641bbb4535947838472e640bd6f5ec0888a8f77190363eaf70ed85a893ef"",""source_start_frame"":730,""source_window_frames"":240,""task_id"":""AU-04"",""thermal_crossover"":0,""tiny_size"":1,""visibility_event_count"":3}]}",9,768.0,AU-01,1,1,1,3,{},0.5873824775333314,0.07296452484233633,0.5,0.3885127752957037,0.6352963535892839,1.0,0.5873824775333314,0.07296452484233633,0.5,0.3885127752957037,0.6352963535892839,1.0
anti_uav410,AU-L04-W02,public-trajectory-replay-v2,"{""event_window_version"":""anti-uav-event-window-v1"",""evidence_type"":""measured_image_plane_tracks_with_simulated_response_resources"",""fps"":null,""image_height"":512,""image_width"":640,""measured_dimensions"":[""apparent_size"",""image_plane_speed"",""visibility""],""motion_unit"":""normalized_image_diagonal_per_frame"",""protected_point"":[0.5,0.85],""source_files"":[""D:\\360Downloads\\123\\data\\Anti-UAV410\\annos\\test\\20190925_124612_1_5.txt"",""D:\\360Downloads\\123\\data\\Anti-UAV410\\annos\\test\\20190925_101846_1_5.txt"",""D:\\360Downloads\\123\\data\\Anti-UAV410\\annos\\test\\20190925_111757_1_9.txt"",""D:\\360Downloads\\123\\data\\Anti-UAV410\\annos\\test\\3700000000002_132726_2.txt""],""source_sha256"":[""b334d15af3977035a34c0fd54bd48d67799f984d7eb37284095db2ff12884700"",""909f43827707377733a597191c03b754d762a46e0ea0e91a879f62f850312a26"",""b506da1c12d3b8e9c21ea90c418692075554ad6aba19ea12916e65c51b4184b6"",""9748641bbb4535947838472e640bd6f5ec0888a8f77190363eaf70ed85a893ef""],""synthetic_dimensions"":[""spatial_level"",""risk"",""response_window"",""multi_sequence_concurrency"",""resources""],""time_basis"":""frames"",""track_count"":4,""track_windows"":[{""dynamic_background_clutter"":0,""event_center_frame"":615,""fast_motion"":0,""inactive_frames_in_window"":0,""medium_size"":1,""normal_size"":0,""occlusion"":0,""offset_steps"":0,""out_of_view"":0,""requested_window_mode"":""motion"",""scale_variation"":0,""selected_window_mode"":""motion"",""small_size"":0,""source_active_frames"":1000,""source_end_frame"":734,""source_frames"":1000,""source_inactive_frames"":0,""source_path"":""D:\\360Downloads\\123\\data\\Anti-UAV410\\annos\\test\\20190925_124612_1_5.txt"",""source_sha256"":""b334d15af3977035a34c0fd54bd48d67799f984d7eb37284095db2ff12884700"",""source_start_frame"":495,""source_window_frames"":240,""task_id"":""AU-01"",""thermal_crossover"":1,""tiny_size"":0,""visibility_event_count"":0},{""dynamic_background_clutter"":0,""event_center_frame"":774,""fast_motion"":0,""inactive_frames_in_window"":0,""medium_size"":0,""normal_size"":0,""occlusion"":0,""offset_steps"":1,""out_of_view"":0,""requested_window_mode"":""scale"",""scale_variation"":1,""selected_window_mode"":""scale"",""small_size"":1,""source_active_frames"":1000,""source_end_frame"":893,""source_frames"":1000,""source_inactive_frames"":0,""source_path"":""D:\\360Downloads\\123\\data\\Anti-UAV410\\annos\\test\\20190925_101846_1_5.txt"",""source_sha256"":""909f43827707377733a597191c03b754d762a46e0ea0e91a879f62f850312a26"",""source_start_frame"":654,""source_window_frames"":240,""task_id"":""AU-02"",""thermal_crossover"":0,""tiny_size"":0,""visibility_event_count"":0},{""dynamic_background_clutter"":0,""event_center_frame"":781,""fast_motion"":1,""inactive_frames_in_window"":10,""medium_size"":1,""normal_size"":1,""occlusion"":0,""offset_steps"":2,""out_of_view"":0,""requested_window_mode"":""visibility"",""scale_variation"":1,""selected_window_mode"":""visibility"",""small_size"":1,""source_active_frames"":990,""source_end_frame"":900,""source_frames"":1000,""source_inactive_frames"":10,""source_path"":""D:\\360Downloads\\123\\data\\Anti-UAV410\\annos\\test\\20190925_111757_1_9.txt"",""source_sha256"":""b506da1c12d3b8e9c21ea90c418692075554ad6aba19ea12916e65c51b4184b6"",""source_start_frame"":661,""source_window_frames"":240,""task_id"":""AU-03"",""thermal_crossover"":1,""tiny_size"":1,""visibility_event_count"":1},{""dynamic_background_clutter"":1,""event_center_frame"":850,""fast_motion"":1,""inactive_frames_in_window"":5,""medium_size"":0,""normal_size"":0,""occlusion"":0,""offset_steps"":3,""out_of_view"":1,""requested_window_mode"":""visibility"",""scale_variation"":1,""selected_window_mode"":""visibility"",""small_size"":1,""source_active_frames"":1494,""source_end_frame"":969,""source_frames"":1500,""source_inactive_frames"":6,""source_path"":""D:\\360Downloads\\123\\data\\Anti-UAV410\\annos\\test\\3700000000002_132726_2.txt"",""source_sha256"":""9748641bbb4535947838472e640bd6f5ec0888a8f77190363eaf70ed85a893ef"",""source_start_frame"":730,""source_window_frames"":240,""task_id"":""AU-04"",""thermal_crossover"":0,""tiny_size"":1,""visibility_event_count"":3}]}",9,768.0,AU-02,1,1,1,3,{},0.27621358640099514,0.3436843910958696,0.5,0.3885127752957037,0.7574308139900152,0.2,0.27621358640099514,0.3436843910958696,0.5,0.3885127752957037,0.7574308139900152,0.2
anti_uav410,AU-L04-W02,public-trajectory-replay-v2,"{""event_window_version"":""anti-uav-event-window-v1"",""evidence_type"":""measured_image_plane_tracks_with_simulated_response_resources"",""fps"":null,""image_height"":512,""image_width"":640,""measured_dimensions"":[""apparent_size"",""image_plane_speed"",""visibility""],""motion_unit"":""normalized_image_diagonal_per_frame"",""protected_point"":[0.5,0.85],""source_files"":[""D:\\360Downloads\\123\\data\\Anti-UAV410\\annos\\test\\20190925_124612_1_5.txt"",""D:\\360Downloads\\123\\data\\Anti-UAV410\\annos\\test\\20190925_101846_1_5.txt"",""D:\\360Downloads\\123\\data\\Anti-UAV410\\annos\\test\\20190925_111757_1_9.txt"",""D:\\360Downloads\\123\\data\\Anti-UAV410\\annos\\test\\3700000000002_132726_2.txt""],""source_sha256"":[""b334d15af3977035a34c0fd54bd48d67799f984d7eb37284095db2ff12884700"",""909f43827707377733a597191c03b754d762a46e0ea0e91a879f62f850312a26"",""b506da1c12d3b8e9c21ea90c418692075554ad6aba19ea12916e65c51b4184b6"",""9748641bbb4535947838472e640bd6f5ec0888a8f77190363eaf70ed85a893ef""],""synthetic_dimensions"":[""spatial_level"",""risk"",""response_window"",""multi_sequence_concurrency"",""resources""],""time_basis"":""frames"",""track_count"":4,""track_windows"":[{""dynamic_background_clutter"":0,""event_center_frame"":615,""fast_motion"":0,""inactive_frames_in_window"":0,""medium_size"":1,""normal_size"":0,""occlusion"":0,""offset_steps"":0,""out_of_view"":0,""requested_window_mode"":""motion"",""scale_variation"":0,""selected_window_mode"":""motion"",""small_size"":0,""source_active_frames"":1000,""source_end_frame"":734,""source_frames"":1000,""source_inactive_frames"":0,""source_path"":""D:\\360Downloads\\123\\data\\Anti-UAV410\\annos\\test\\20190925_124612_1_5.txt"",""source_sha256"":""b334d15af3977035a34c0fd54bd48d67799f984d7eb37284095db2ff12884700"",""source_start_frame"":495,""source_window_frames"":240,""task_id"":""AU-01"",""thermal_crossover"":1,""tiny_size"":0,""visibility_event_count"":0},{""dynamic_background_clutter"":0,""event_center_frame"":774,""fast_motion"":0,""inactive_frames_in_window"":0,""medium_size"":0,""normal_size"":0,""occlusion"":0,""offset_steps"":1,""out_of_view"":0,""requested_window_mode"":""scale"",""scale_variation"":1,""selected_window_mode"":""scale"",""small_size"":1,""source_active_frames"":1000,""source_end_frame"":893,""source_frames"":1000,""source_inactive_frames"":0,""source_path"":""D:\\360Downloads\\123\\data\\Anti-UAV410\\annos\\test\\20190925_101846_1_5.txt"",""source_sha256"":""909f43827707377733a597191c03b754d762a46e0ea0e91a879f62f850312a26"",""source_start_frame"":654,""source_window_frames"":240,""task_id"":""AU-02"",""thermal_crossover"":0,""tiny_size"":0,""visibility_event_count"":0},{""dynamic_background_clutter"":0,""event_center_frame"":781,""fast_motion"":1,""inactive_frames_in_window"":10,""medium_size"":1,""normal_size"":1,""occlusion"":0,""offset_steps"":2,""out_of_view"":0,""requested_window_mode"":""visibility"",""scale_variation"":1,""selected_window_mode"":""visibility"",""small_size"":1,""source_active_frames"":990,""source_end_frame"":900,""source_frames"":1000,""source_inactive_frames"":10,""source_path"":""D:\\360Downloads\\123\\data\\Anti-UAV410\\annos\\test\\20190925_111757_1_9.txt"",""source_sha256"":""b506da1c12d3b8e9c21ea90c418692075554ad6aba19ea12916e65c51b4184b6"",""source_start_frame"":661,""source_window_frames"":240,""task_id"":""AU-03"",""thermal_crossover"":1,""tiny_size"":1,""visibility_event_count"":1},{""dynamic_background_clutter"":1,""event_center_frame"":850,""fast_motion"":1,""inactive_frames_in_window"":5,""medium_size"":0,""normal_size"":0,""occlusion"":0,""offset_steps"":3,""out_of_view"":1,""requested_window_mode"":""visibility"",""scale_variation"":1,""selected_window_mode"":""visibility"",""small_size"":1,""source_active_frames"":1494,""source_end_frame"":969,""source_frames"":1500,""source_inactive_frames"":6,""source_path"":""D:\\360Downloads\\123\\data\\Anti-UAV410\\annos\\test\\3700000000002_132726_2.txt"",""source_sha256"":""9748641bbb4535947838472e640bd6f5ec0888a8f77190363eaf70ed85a893ef"",""source_start_frame"":730,""source_window_frames"":240,""task_id"":""AU-04"",""thermal_crossover"":0,""tiny_size"":1,""visibility_event_count"":3}]}",9,768.0,AU-03,0,0,1,3,{},0.0,0.0,0.5,0.0,0.35,1.0,0.0,0.0,0.5,0.0,0.35,1.0
anti_uav410,AU-L04-W02,public-trajectory-replay-v2,"{""event_window_version"":""anti-uav-event-window-v1"",""evidence_type"":""measured_image_plane_tracks_with_simulated_response_resources"",""fps"":null,""image_height"":512,""image_width"":640,""measured_dimensions"":[""apparent_size"",""image_plane_speed"",""visibility""],""motion_unit"":""normalized_image_diagonal_per_frame"",""protected_point"":[0.5,0.85],""source_files"":[""D:\\360Downloads\\123\\data\\Anti-UAV410\\annos\\test\\20190925_124612_1_5.txt"",""D:\\360Downloads\\123\\data\\Anti-UAV410\\annos\\test\\20190925_101846_1_5.txt"",""D:\\360Downloads\\123\\data\\Anti-UAV410\\annos\\test\\20190925_111757_1_9.txt"",""D:\\360Downloads\\123\\data\\Anti-UAV410\\annos\\test\\3700000000002_132726_2.txt""],""source_sha256"":[""b334d15af3977035a34c0fd54bd48d67799f984d7eb37284095db2ff12884700"",""909f43827707377733a597191c03b754d762a46e0ea0e91a879f62f850312a26"",""b506da1c12d3b8e9c21ea90c418692075554ad6aba19ea12916e65c51b4184b6"",""9748641bbb4535947838472e640bd6f5ec0888a8f77190363eaf70ed85a893ef""],""synthetic_dimensions"":[""spatial_level"",""risk"",""response_window"",""multi_sequence_concurrency"",""resources""],""time_basis"":""frames"",""track_count"":4,""track_windows"":[{""dynamic_background_clutter"":0,""event_center_frame"":615,""fast_motion"":0,""inactive_frames_in_window"":0,""medium_size"":1,""normal_size"":0,""occlusion"":0,""offset_steps"":0,""out_of_view"":0,""requested_window_mode"":""motion"",""scale_variation"":0,""selected_window_mode"":""motion"",""small_size"":0,""source_active_frames"":1000,""source_end_frame"":734,""source_frames"":1000,""source_inactive_frames"":0,""source_path"":""D:\\360Downloads\\123\\data\\Anti-UAV410\\annos\\test\\20190925_124612_1_5.txt"",""source_sha256"":""b334d15af3977035a34c0fd54bd48d67799f984d7eb37284095db2ff12884700"",""source_start_frame"":495,""source_window_frames"":240,""task_id"":""AU-01"",""thermal_crossover"":1,""tiny_size"":0,""visibility_event_count"":0},{""dynamic_background_clutter"":0,""event_center_frame"":774,""fast_motion"":0,""inactive_frames_in_window"":0,""medium_size"":0,""normal_size"":0,""occlusion"":0,""offset_steps"":1,""out_of_view"":0,""requested_window_mode"":""scale"",""scale_variation"":1,""selected_window_mode"":""scale"",""small_size"":1,""source_active_frames"":1000,""source_end_frame"":893,""source_frames"":1000,""source_inactive_frames"":0,""source_path"":""D:\\360Downloads\\123\\data\\Anti-UAV410\\annos\\test\\20190925_101846_1_5.txt"",""source_sha256"":""909f43827707377733a597191c03b754d762a46e0ea0e91a879f62f850312a26"",""source_start_frame"":654,""source_window_frames"":240,""task_id"":""AU-02"",""thermal_crossover"":0,""tiny_size"":0,""visibility_event_count"":0},{""dynamic_background_clutter"":0,""event_center_frame"":781,""fast_motion"":1,""inactive_frames_in_window"":10,""medium_size"":1,""normal_size"":1,""occlusion"":0,""offset_steps"":2,""out_of_view"":0,""requested_window_mode"":""visibility"",""scale_variation"":1,""selected_window_mode"":""visibility"",""small_size"":1,""source_active_frames"":990,""source_end_frame"":900,""source_frames"":1000,""source_inactive_frames"":10,""source_path"":""D:\\360Downloads\\123\\data\\Anti-UAV410\\annos\\test\\20190925_111757_1_9.txt"",""source_sha256"":""b506da1c12d3b8e9c21ea90c418692075554ad6aba19ea12916e65c51b4184b6"",""source_start_frame"":661,""source_window_frames"":240,""task_id"":""AU-03"",""thermal_crossover"":1,""tiny_size"":1,""visibility_event_count"":1},{""dynamic_background_clutter"":1,""event_center_frame"":850,""fast_motion"":1,""inactive_frames_in_window"":5,""medium_size"":0,""normal_size"":0,""occlusion"":0,""offset_steps"":3,""out_of_view"":1,""requested_window_mode"":""visibility"",""scale_variation"":1,""selected_window_mode"":""visibility"",""small_size"":1,""source_active_frames"":1494,""source_end_frame"":969,""source_frames"":1500,""source_inactive_frames"":6,""source_path"":""D:\\360Downloads\\123\\data\\Anti-UAV410\\annos\\test\\3700000000002_132726_2.txt"",""source_sha256"":""9748641bbb4535947838472e640bd6f5ec0888a8f77190363eaf70ed85a893ef"",""source_start_frame"":730,""source_window_frames"":240,""task_id"":""AU-04"",""thermal_crossover"":0,""tiny_size"":1,""visibility_event_count"":3}]}",9,768.0,AU-04,0,0,1,3,{},0.0,0.0,0.5,0.0,0.35,1.0,0.0,0.0,0.5,0.0,0.35,1.0
anti_uav410,AU-L04-W02,public-trajectory-replay-v2,"{""event_window_version"":""anti-uav-event-window-v1"",""evidence_type"":""measured_image_plane_tracks_with_simulated_response_resources"",""fps"":null,""image_height"":512,""image_width"":640,""measured_dimensions"":[""apparent_size"",""image_plane_speed"",""visibility""],""motion_unit"":""normalized_image_diagonal_per_frame"",""protected_point"":[0.5,0.85],""source_files"":[""D:\\360Downloads\\123\\data\\Anti-UAV410\\annos\\test\\20190925_124612_1_5.txt"",""D:\\360Downloads\\123\\data\\Anti-UAV410\\annos\\test\\20190925_101846_1_5.txt"",""D:\\360Downloads\\123\\data\\Anti-UAV410\\annos\\test\\20190925_111757_1_9.txt"",""D:\\360Downloads\\123\\data\\Anti-UAV410\\annos\\test\\3700000000002_132726_2.txt""],""source_sha256"":[""b334d15af3977035a34c0fd54bd48d67799f984d7eb37284095db2ff12884700"",""909f43827707377733a597191c03b754d762a46e0ea0e91a879f62f850312a26"",""b506da1c12d3b8e9c21ea90c418692075554ad6aba19ea12916e65c51b4184b6"",""9748641bbb4535947838472e640bd6f5ec0888a8f77190363eaf70ed85a893ef""],""synthetic_dimensions"":[""spatial_level"",""risk"",""response_window"",""multi_sequence_concurrency"",""resources""],""time_basis"":""frames"",""track_count"":4,""track_windows"":[{""dynamic_background_clutter"":0,""event_center_frame"":615,""fast_motion"":0,""inactive_frames_in_window"":0,""medium_size"":1,""normal_size"":0,""occlusion"":0,""offset_steps"":0,""out_of_view"":0,""requested_window_mode"":""motion"",""scale_variation"":0,""selected_window_mode"":""motion"",""small_size"":0,""source_active_frames"":1000,""source_end_frame"":734,""source_frames"":1000,""source_inactive_frames"":0,""source_path"":""D:\\360Downloads\\123\\data\\Anti-UAV410\\annos\\test\\20190925_124612_1_5.txt"",""source_sha256"":""b334d15af3977035a34c0fd54bd48d67799f984d7eb37284095db2ff12884700"",""source_start_frame"":495,""source_window_frames"":240,""task_id"":""AU-01"",""thermal_crossover"":1,""tiny_size"":0,""visibility_event_count"":0},{""dynamic_background_clutter"":0,""event_center_frame"":774,""fast_motion"":0,""inactive_frames_in_window"":0,""medium_size"":0,""normal_size"":0,""occlusion"":0,""offset_steps"":1,""out_of_view"":0,""requested_window_mode"":""scale"",""scale_variation"":1,""selected_window_mode"":""scale"",""small_size"":1,""source_active_frames"":1000,""source_end_frame"":893,""source_frames"":1000,""source_inactive_frames"":0,""source_path"":""D:\\360Downloads\\123\\data\\Anti-UAV410\\annos\\test\\20190925_101846_1_5.txt"",""source_sha256"":""909f43827707377733a597191c03b754d762a46e0ea0e91a879f62f850312a26"",""source_start_frame"":654,""source_window_frames"":240,""task_id"":""AU-02"",""thermal_crossover"":0,""tiny_size"":0,""visibility_event_count"":0},{""dynamic_background_clutter"":0,""event_center_frame"":781,""fast_motion"":1,""inactive_frames_in_window"":10,""medium_size"":1,""normal_size"":1,""occlusion"":0,""offset_steps"":2,""out_of_view"":0,""requested_window_mode"":""visibility"",""scale_variation"":1,""selected_window_mode"":""visibility"",""small_size"":1,""source_active_frames"":990,""source_end_frame"":900,""source_frames"":1000,""source_inactive_frames"":10,""source_path"":""D:\\360Downloads\\123\\data\\Anti-UAV410\\annos\\test\\20190925_111757_1_9.txt"",""source_sha256"":""b506da1c12d3b8e9c21ea90c418692075554ad6aba19ea12916e65c51b4184b6"",""source_start_frame"":661,""source_window_frames"":240,""task_id"":""AU-03"",""thermal_crossover"":1,""tiny_size"":1,""visibility_event_count"":1},{""dynamic_background_clutter"":1,""event_center_frame"":850,""fast_motion"":1,""inactive_frames_in_window"":5,""medium_size"":0,""normal_size"":0,""occlusion"":0,""offset_steps"":3,""out_of_view"":1,""requested_window_mode"":""visibility"",""scale_variation"":1,""selected_window_mode"":""visibility"",""small_size"":1,""source_active_frames"":1494,""source_end_frame"":969,""source_frames"":1500,""source_inactive_frames"":6,""source_path"":""D:\\360Downloads\\123\\data\\Anti-UAV410\\annos\\test\\3700000000002_132726_2.txt"",""source_sha256"":""9748641bbb4535947838472e640bd6f5ec0888a8f77190363eaf70ed85a893ef"",""source_start_frame"":730,""source_window_frames"":240,""task_id"":""AU-04"",""thermal_crossover"":0,""tiny_size"":1,""visibility_event_count"":3}]}",10,805.75,AU-01,1,1,1,3,{},0.6225878473859522,0.2014547233551241,0.5,0.0,0.5912668245976563,1.0,0.6225878473859522,0.2014547233551241,0.5,0.0,0.5912668245976563,1.0
anti_uav410,AU-L04-W02,public-trajectory-replay-v2,"{""event_window_version"":""anti-uav-event-window-v1"",""evidence_type"":""measured_image_plane_tracks_with_simulated_response_resources"",""fps"":null,""image_height"":512,""image_width"":640,""measured_dimensions"":[""apparent_size"",""image_plane_speed"",""visibility""],""motion_unit"":""normalized_image_diagonal_per_frame"",""protected_point"":[0.5,0.85],""source_files"":[""D:\\360Downloads\\123\\data\\Anti-UAV410\\annos\\test\\20190925_124612_1_5.txt"",""D:\\360Downloads\\123\\data\\Anti-UAV410\\annos\\test\\20190925_101846_1_5.txt"",""D:\\360Downloads\\123\\data\\Anti-UAV410\\annos\\test\\20190925_111757_1_9.txt"",""D:\\360Downloads\\123\\data\\Anti-UAV410\\annos\\test\\3700000000002_132726_2.txt""],""source_sha256"":[""b334d15af3977035a34c0fd54bd48d67799f984d7eb37284095db2ff12884700"",""909f43827707377733a597191c03b754d762a46e0ea0e91a879f62f850312a26"",""b506da1c12d3b8e9c21ea90c418692075554ad6aba19ea12916e65c51b4184b6"",""9748641bbb4535947838472e640bd6f5ec0888a8f77190363eaf70ed85a893ef""],""synthetic_dimensions"":[""spatial_level"",""risk"",""response_window"",""multi_sequence_concurrency"",""resources""],""time_basis"":""frames"",""track_count"":4,""track_windows"":[{""dynamic_background_clutter"":0,""event_center_frame"":615,""fast_motion"":0,""inactive_frames_in_window"":0,""medium_size"":1,""normal_size"":0,""occlusion"":0,""offset_steps"":0,""out_of_view"":0,""requested_window_mode"":""motion"",""scale_variation"":0,""selected_window_mode"":""motion"",""small_size"":0,""source_active_frames"":1000,""source_end_frame"":734,""source_frames"":1000,""source_inactive_frames"":0,""source_path"":""D:\\360Downloads\\123\\data\\Anti-UAV410\\annos\\test\\20190925_124612_1_5.txt"",""source_sha256"":""b334d15af3977035a34c0fd54bd48d67799f984d7eb37284095db2ff12884700"",""source_start_frame"":495,""source_window_frames"":240,""task_id"":""AU-01"",""thermal_crossover"":1,""tiny_size"":0,""visibility_event_count"":0},{""dynamic_background_clutter"":0,""event_center_frame"":774,""fast_motion"":0,""inactive_frames_in_window"":0,""medium_size"":0,""normal_size"":0,""occlusion"":0,""offset_steps"":1,""out_of_view"":0,""requested_window_mode"":""scale"",""scale_variation"":1,""selected_window_mode"":""scale"",""small_size"":1,""source_active_frames"":1000,""source_end_frame"":893,""source_frames"":1000,""source_inactive_frames"":0,""source_path"":""D:\\360Downloads\\123\\data\\Anti-UAV410\\annos\\test\\20190925_101846_1_5.txt"",""source_sha256"":""909f43827707377733a597191c03b754d762a46e0ea0e91a879f62f850312a26"",""source_start_frame"":654,""source_window_frames"":240,""task_id"":""AU-02"",""thermal_crossover"":0,""tiny_size"":0,""visibility_event_count"":0},{""dynamic_background_clutter"":0,""event_center_frame"":781,""fast_motion"":1,""inactive_frames_in_window"":10,""medium_size"":1,""normal_size"":1,""occlusion"":0,""offset_steps"":2,""out_of_view"":0,""requested_window_mode"":""visibility"",""scale_variation"":1,""selected_window_mode"":""visibility"",""small_size"":1,""source_active_frames"":990,""source_end_frame"":900,""source_frames"":1000,""source_inactive_frames"":10,""source_path"":""D:\\360Downloads\\123\\data\\Anti-UAV410\\annos\\test\\20190925_111757_1_9.txt"",""source_sha256"":""b506da1c12d3b8e9c21ea90c418692075554ad6aba19ea12916e65c51b4184b6"",""source_start_frame"":661,""source_window_frames"":240,""task_id"":""AU-03"",""thermal_crossover"":1,""tiny_size"":1,""visibility_event_count"":1},{""dynamic_background_clutter"":1,""event_center_frame"":850,""fast_motion"":1,""inactive_frames_in_window"":5,""medium_size"":0,""normal_size"":0,""occlusion"":0,""offset_steps"":3,""out_of_view"":1,""requested_window_mode"":""visibility"",""scale_variation"":1,""selected_window_mode"":""visibility"",""small_size"":1,""source_active_frames"":1494,""source_end_frame"":969,""source_frames"":1500,""source_inactive_frames"":6,""source_path"":""D:\\360Downloads\\123\\data\\Anti-UAV410\\annos\\test\\3700000000002_132726_2.txt"",""source_sha256"":""9748641bbb4535947838472e640bd6f5ec0888a8f77190363eaf70ed85a893ef"",""source_start_frame"":730,""source_window_frames"":240,""task_id"":""AU-04"",""thermal_crossover"":0,""tiny_size"":1,""visibility_event_count"":3}]}",10,805.75,AU-02,1,1,1,3,{},0.27621358640099514,0.4030230671537552,0.5,0.12066218467978877,0.5816959739701844,1.0,0.27621358640099514,0.4030230671537552,0.5,0.12066218467978877,0.5816959739701844,1.0
anti_uav410,AU-L04-W02,public-trajectory-replay-v2,"{""event_window_version"":""anti-uav-event-window-v1"",""evidence_type"":""measured_image_plane_tracks_with_simulated_response_resources"",""fps"":null,""image_height"":512,""image_width"":640,""measured_dimensions"":[""apparent_size"",""image_plane_speed"",""visibility""],""motion_unit"":""normalized_image_diagonal_per_frame"",""protected_point"":[0.5,0.85],""source_files"":[""D:\\360Downloads\\123\\data\\Anti-UAV410\\annos\\test\\20190925_124612_1_5.txt"",""D:\\360Downloads\\123\\data\\Anti-UAV410\\annos\\test\\20190925_101846_1_5.txt"",""D:\\360Downloads\\123\\data\\Anti-UAV410\\annos\\test\\20190925_111757_1_9.txt"",""D:\\360Downloads\\123\\data\\Anti-UAV410\\annos\\test\\3700000000002_132726_2.txt""],""source_sha256"":[""b334d15af3977035a34c0fd54bd48d67799f984d7eb37284095db2ff12884700"",""909f43827707377733a597191c03b754d762a46e0ea0e91a879f62f850312a26"",""b506da1c12d3b8e9c21ea90c418692075554ad6aba19ea12916e65c51b4184b6"",""9748641bbb4535947838472e640bd6f5ec0888a8f77190363eaf70ed85a893ef""],""synthetic_dimensions"":[""spatial_level"",""risk"",""response_window"",""multi_sequence_concurrency"",""resources""],""time_basis"":""frames"",""track_count"":4,""track_windows"":[{""dynamic_background_clutter"":0,""event_center_frame"":615,""fast_motion"":0,""inactive_frames_in_window"":0,""medium_size"":1,""normal_size"":0,""occlusion"":0,""offset_steps"":0,""out_of_view"":0,""requested_window_mode"":""motion"",""scale_variation"":0,""selected_window_mode"":""motion"",""small_size"":0,""source_active_frames"":1000,""source_end_frame"":734,""source_frames"":1000,""source_inactive_frames"":0,""source_path"":""D:\\360Downloads\\123\\data\\Anti-UAV410\\annos\\test\\20190925_124612_1_5.txt"",""source_sha256"":""b334d15af3977035a34c0fd54bd48d67799f984d7eb37284095db2ff12884700"",""source_start_frame"":495,""source_window_frames"":240,""task_id"":""AU-01"",""thermal_crossover"":1,""tiny_size"":0,""visibility_event_count"":0},{""dynamic_background_clutter"":0,""event_center_frame"":774,""fast_motion"":0,""inactive_frames_in_window"":0,""medium_size"":0,""normal_size"":0,""occlusion"":0,""offset_steps"":1,""out_of_view"":0,""requested_window_mode"":""scale"",""scale_variation"":1,""selected_window_mode"":""scale"",""small_size"":1,""source_active_frames"":1000,""source_end_frame"":893,""source_frames"":1000,""source_inactive_frames"":0,""source_path"":""D:\\360Downloads\\123\\data\\Anti-UAV410\\annos\\test\\20190925_101846_1_5.txt"",""source_sha256"":""909f43827707377733a597191c03b754d762a46e0ea0e91a879f62f850312a26"",""source_start_frame"":654,""source_window_frames"":240,""task_id"":""AU-02"",""thermal_crossover"":0,""tiny_size"":0,""visibility_event_count"":0},{""dynamic_background_clutter"":0,""event_center_frame"":781,""fast_motion"":1,""inactive_frames_in_window"":10,""medium_size"":1,""normal_size"":1,""occlusion"":0,""offset_steps"":2,""out_of_view"":0,""requested_window_mode"":""visibility"",""scale_variation"":1,""selected_window_mode"":""visibility"",""small_size"":1,""source_active_frames"":990,""source_end_frame"":900,""source_frames"":1000,""source_inactive_frames"":10,""source_path"":""D:\\360Downloads\\123\\data\\Anti-UAV410\\annos\\test\\20190925_111757_1_9.txt"",""source_sha256"":""b506da1c12d3b8e9c21ea90c418692075554ad6aba19ea12916e65c51b4184b6"",""source_start_frame"":661,""source_window_frames"":240,""task_id"":""AU-03"",""thermal_crossover"":1,""tiny_size"":1,""visibility_event_count"":1},{""dynamic_background_clutter"":1,""event_center_frame"":850,""fast_motion"":1,""inactive_frames_in_window"":5,""medium_size"":0,""normal_size"":0,""occlusion"":0,""offset_steps"":3,""out_of_view"":1,""requested_window_mode"":""visibility"",""scale_variation"":1,""selected_window_mode"":""visibility"",""small_size"":1,""source_active_frames"":1494,""source_end_frame"":969,""source_frames"":1500,""source_inactive_frames"":6,""source_path"":""D:\\360Downloads\\123\\data\\Anti-UAV410\\annos\\test\\3700000000002_132726_2.txt"",""source_sha256"":""9748641bbb4535947838472e640bd6f5ec0888a8f77190363eaf70ed85a893ef"",""source_start_frame"":730,""source_window_frames"":240,""task_id"":""AU-04"",""thermal_crossover"":0,""tiny_size"":1,""visibility_event_count"":3}]}",10,805.75,AU-03,1,1,1,3,{},0.025214735326871206,0.0,0.5,0.0,0.35,1.0,0.025214735326871206,0.0,0.5,0.0,0.35,1.0
anti_uav410,AU-L04-W02,public-trajectory-replay-v2,"{""event_window_version"":""anti-uav-event-window-v1"",""evidence_type"":""measured_image_plane_tracks_with_simulated_response_resources"",""fps"":null,""image_height"":512,""image_width"":640,""measured_dimensions"":[""apparent_size"",""image_plane_speed"",""visibility""],""motion_unit"":""normalized_image_diagonal_per_frame"",""protected_point"":[0.5,0.85],""source_files"":[""D:\\360Downloads\\123\\data\\Anti-UAV410\\annos\\test\\20190925_124612_1_5.txt"",""D:\\360Downloads\\123\\data\\Anti-UAV410\\annos\\test\\20190925_101846_1_5.txt"",""D:\\360Downloads\\123\\data\\Anti-UAV410\\annos\\test\\20190925_111757_1_9.txt"",""D:\\360Downloads\\123\\data\\Anti-UAV410\\annos\\test\\3700000000002_132726_2.txt""],""source_sha256"":[""b334d15af3977035a34c0fd54bd48d67799f984d7eb37284095db2ff12884700"",""909f43827707377733a597191c03b754d762a46e0ea0e91a879f62f850312a26"",""b506da1c12d3b8e9c21ea90c418692075554ad6aba19ea12916e65c51b4184b6"",""9748641bbb4535947838472e640bd6f5ec0888a8f77190363eaf70ed85a893ef""],""synthetic_dimensions"":[""spatial_level"",""risk"",""response_window"",""multi_sequence_concurrency"",""resources""],""time_basis"":""frames"",""track_count"":4,""track_windows"":[{""dynamic_background_clutter"":0,""event_center_frame"":615,""fast_motion"":0,""inactive_frames_in_window"":0,""medium_size"":1,""normal_size"":0,""occlusion"":0,""offset_steps"":0,""out_of_view"":0,""requested_window_mode"":""motion"",""scale_variation"":0,""selected_window_mode"":""motion"",""small_size"":0,""source_active_frames"":1000,""source_end_frame"":734,""source_frames"":1000,""source_inactive_frames"":0,""source_path"":""D:\\360Downloads\\123\\data\\Anti-UAV410\\annos\\test\\20190925_124612_1_5.txt"",""source_sha256"":""b334d15af3977035a34c0fd54bd48d67799f984d7eb37284095db2ff12884700"",""source_start_frame"":495,""source_window_frames"":240,""task_id"":""AU-01"",""thermal_crossover"":1,""tiny_size"":0,""visibility_event_count"":0},{""dynamic_background_clutter"":0,""event_center_frame"":774,""fast_motion"":0,""inactive_frames_in_window"":0,""medium_size"":0,""normal_size"":0,""occlusion"":0,""offset_steps"":1,""out_of_view"":0,""requested_window_mode"":""scale"",""scale_variation"":1,""selected_window_mode"":""scale"",""small_size"":1,""source_active_frames"":1000,""source_end_frame"":893,""source_frames"":1000,""source_inactive_frames"":0,""source_path"":""D:\\360Downloads\\123\\data\\Anti-UAV410\\annos\\test\\20190925_101846_1_5.txt"",""source_sha256"":""909f43827707377733a597191c03b754d762a46e0ea0e91a879f62f850312a26"",""source_start_frame"":654,""source_window_frames"":240,""task_id"":""AU-02"",""thermal_crossover"":0,""tiny_size"":0,""visibility_event_count"":0},{""dynamic_background_clutter"":0,""event_center_frame"":781,""fast_motion"":1,""inactive_frames_in_window"":10,""medium_size"":1,""normal_size"":1,""occlusion"":0,""offset_steps"":2,""out_of_view"":0,""requested_window_mode"":""visibility"",""scale_variation"":1,""selected_window_mode"":""visibility"",""small_size"":1,""source_active_frames"":990,""source_end_frame"":900,""source_frames"":1000,""source_inactive_frames"":10,""source_path"":""D:\\360Downloads\\123\\data\\Anti-UAV410\\annos\\test\\20190925_111757_1_9.txt"",""source_sha256"":""b506da1c12d3b8e9c21ea90c418692075554ad6aba19ea12916e65c51b4184b6"",""source_start_frame"":661,""source_window_frames"":240,""task_id"":""AU-03"",""thermal_crossover"":1,""tiny_size"":1,""visibility_event_count"":1},{""dynamic_background_clutter"":1,""event_center_frame"":850,""fast_motion"":1,""inactive_frames_in_window"":5,""medium_size"":0,""normal_size"":0,""occlusion"":0,""offset_steps"":3,""out_of_view"":1,""requested_window_mode"":""visibility"",""scale_variation"":1,""selected_window_mode"":""visibility"",""small_size"":1,""source_active_frames"":1494,""source_end_frame"":969,""source_frames"":1500,""source_inactive_frames"":6,""source_path"":""D:\\360Downloads\\123\\data\\Anti-UAV410\\annos\\test\\3700000000002_132726_2.txt"",""source_sha256"":""9748641bbb4535947838472e640bd6f5ec0888a8f77190363eaf70ed85a893ef"",""source_start_frame"":730,""source_window_frames"":240,""task_id"":""AU-04"",""thermal_crossover"":0,""tiny_size"":1,""visibility_event_count"":3}]}",10,805.75,AU-04,1,1,1,3,{},0.17408518173334556,0.0,0.5,0.12066218467978877,0.6678086075119526,0.4766038479759373,0.17408518173334556,0.0,0.5,0.12066218467978877,0.6678086075119526,0.4766038479759373
anti_uav410,AU-L04-W02,public-trajectory-replay-v2,"{""event_window_version"":""anti-uav-event-window-v1"",""evidence_type"":""measured_image_plane_tracks_with_simulated_response_resources"",""fps"":null,""image_height"":512,""image_width"":640,""measured_dimensions"":[""apparent_size"",""image_plane_speed"",""visibility""],""motion_unit"":""normalized_image_diagonal_per_frame"",""protected_point"":[0.5,0.85],""source_files"":[""D:\\360Downloads\\123\\data\\Anti-UAV410\\annos\\test\\20190925_124612_1_5.txt"",""D:\\360Downloads\\123\\data\\Anti-UAV410\\annos\\test\\20190925_101846_1_5.txt"",""D:\\360Downloads\\123\\data\\Anti-UAV410\\annos\\test\\20190925_111757_1_9.txt"",""D:\\360Downloads\\123\\data\\Anti-UAV410\\annos\\test\\3700000000002_132726_2.txt""],""source_sha256"":[""b334d15af3977035a34c0fd54bd48d67799f984d7eb37284095db2ff12884700"",""909f43827707377733a597191c03b754d762a46e0ea0e91a879f62f850312a26"",""b506da1c12d3b8e9c21ea90c418692075554ad6aba19ea12916e65c51b4184b6"",""9748641bbb4535947838472e640bd6f5ec0888a8f77190363eaf70ed85a893ef""],""synthetic_dimensions"":[""spatial_level"",""risk"",""response_window"",""multi_sequence_concurrency"",""resources""],""time_basis"":""frames"",""track_count"":4,""track_windows"":[{""dynamic_background_clutter"":0,""event_center_frame"":615,""fast_motion"":0,""inactive_frames_in_window"":0,""medium_size"":1,""normal_size"":0,""occlusion"":0,""offset_steps"":0,""out_of_view"":0,""requested_window_mode"":""motion"",""scale_variation"":0,""selected_window_mode"":""motion"",""small_size"":0,""source_active_frames"":1000,""source_end_frame"":734,""source_frames"":1000,""source_inactive_frames"":0,""source_path"":""D:\\360Downloads\\123\\data\\Anti-UAV410\\annos\\test\\20190925_124612_1_5.txt"",""source_sha256"":""b334d15af3977035a34c0fd54bd48d67799f984d7eb37284095db2ff12884700"",""source_start_frame"":495,""source_window_frames"":240,""task_id"":""AU-01"",""thermal_crossover"":1,""tiny_size"":0,""visibility_event_count"":0},{""dynamic_background_clutter"":0,""event_center_frame"":774,""fast_motion"":0,""inactive_frames_in_window"":0,""medium_size"":0,""normal_size"":0,""occlusion"":0,""offset_steps"":1,""out_of_view"":0,""requested_window_mode"":""scale"",""scale_variation"":1,""selected_window_mode"":""scale"",""small_size"":1,""source_active_frames"":1000,""source_end_frame"":893,""source_frames"":1000,""source_inactive_frames"":0,""source_path"":""D:\\360Downloads\\123\\data\\Anti-UAV410\\annos\\test\\20190925_101846_1_5.txt"",""source_sha256"":""909f43827707377733a597191c03b754d762a46e0ea0e91a879f62f850312a26"",""source_start_frame"":654,""source_window_frames"":240,""task_id"":""AU-02"",""thermal_crossover"":0,""tiny_size"":0,""visibility_event_count"":0},{""dynamic_background_clutter"":0,""event_center_frame"":781,""fast_motion"":1,""inactive_frames_in_window"":10,""medium_size"":1,""normal_size"":1,""occlusion"":0,""offset_steps"":2,""out_of_view"":0,""requested_window_mode"":""visibility"",""scale_variation"":1,""selected_window_mode"":""visibility"",""small_size"":1,""source_active_frames"":990,""source_end_frame"":900,""source_frames"":1000,""source_inactive_frames"":10,""source_path"":""D:\\360Downloads\\123\\data\\Anti-UAV410\\annos\\test\\20190925_111757_1_9.txt"",""source_sha256"":""b506da1c12d3b8e9c21ea90c418692075554ad6aba19ea12916e65c51b4184b6"",""source_start_frame"":661,""source_window_frames"":240,""task_id"":""AU-03"",""thermal_crossover"":1,""tiny_size"":1,""visibility_event_count"":1},{""dynamic_background_clutter"":1,""event_center_frame"":850,""fast_motion"":1,""inactive_frames_in_window"":5,""medium_size"":0,""normal_size"":0,""occlusion"":0,""offset_steps"":3,""out_of_view"":1,""requested_window_mode"":""visibility"",""scale_variation"":1,""selected_window_mode"":""visibility"",""small_size"":1,""source_active_frames"":1494,""source_end_frame"":969,""source_frames"":1500,""source_inactive_frames"":6,""source_path"":""D:\\360Downloads\\123\\data\\Anti-UAV410\\annos\\test\\3700000000002_132726_2.txt"",""source_sha256"":""9748641bbb4535947838472e640bd6f5ec0888a8f77190363eaf70ed85a893ef"",""source_start_frame"":730,""source_window_frames"":240,""task_id"":""AU-04"",""thermal_crossover"":0,""tiny_size"":1,""visibility_event_count"":3}]}",11,874.0,AU-01,1,1,1,3,{},0.5904413133859718,0.35172922224327724,0.5,0.0,0.560717989237084,1.0,0.5904413133859718,0.35172922224327724,0.5,0.0,0.560717989237084,1.0
anti_uav410,AU-L04-W02,public-trajectory-replay-v2,"{""event_window_version"":""anti-uav-event-window-v1"",""evidence_type"":""measured_image_plane_tracks_with_simulated_response_resources"",""fps"":null,""image_height"":512,""image_width"":640,""measured_dimensions"":[""apparent_size"",""image_plane_speed"",""visibility""],""motion_unit"":""normalized_image_diagonal_per_frame"",""protected_point"":[0.5,0.85],""source_files"":[""D:\\360Downloads\\123\\data\\Anti-UAV410\\annos\\test\\20190925_124612_1_5.txt"",""D:\\360Downloads\\123\\data\\Anti-UAV410\\annos\\test\\20190925_101846_1_5.txt"",""D:\\360Downloads\\123\\data\\Anti-UAV410\\annos\\test\\20190925_111757_1_9.txt"",""D:\\360Downloads\\123\\data\\Anti-UAV410\\annos\\test\\3700000000002_132726_2.txt""],""source_sha256"":[""b334d15af3977035a34c0fd54bd48d67799f984d7eb37284095db2ff12884700"",""909f43827707377733a597191c03b754d762a46e0ea0e91a879f62f850312a26"",""b506da1c12d3b8e9c21ea90c418692075554ad6aba19ea12916e65c51b4184b6"",""9748641bbb4535947838472e640bd6f5ec0888a8f77190363eaf70ed85a893ef""],""synthetic_dimensions"":[""spatial_level"",""risk"",""response_window"",""multi_sequence_concurrency"",""resources""],""time_basis"":""frames"",""track_count"":4,""track_windows"":[{""dynamic_background_clutter"":0,""event_center_frame"":615,""fast_motion"":0,""inactive_frames_in_window"":0,""medium_size"":1,""normal_size"":0,""occlusion"":0,""offset_steps"":0,""out_of_view"":0,""requested_window_mode"":""motion"",""scale_variation"":0,""selected_window_mode"":""motion"",""small_size"":0,""source_active_frames"":1000,""source_end_frame"":734,""source_frames"":1000,""source_inactive_frames"":0,""source_path"":""D:\\360Downloads\\123\\data\\Anti-UAV410\\annos\\test\\20190925_124612_1_5.txt"",""source_sha256"":""b334d15af3977035a34c0fd54bd48d67799f984d7eb37284095db2ff12884700"",""source_start_frame"":495,""source_window_frames"":240,""task_id"":""AU-01"",""thermal_crossover"":1,""tiny_size"":0,""visibility_event_count"":0},{""dynamic_background_clutter"":0,""event_center_frame"":774,""fast_motion"":0,""inactive_frames_in_window"":0,""medium_size"":0,""normal_size"":0,""occlusion"":0,""offset_steps"":1,""out_of_view"":0,""requested_window_mode"":""scale"",""scale_variation"":1,""selected_window_mode"":""scale"",""small_size"":1,""source_active_frames"":1000,""source_end_frame"":893,""source_frames"":1000,""source_inactive_frames"":0,""source_path"":""D:\\360Downloads\\123\\data\\Anti-UAV410\\annos\\test\\20190925_101846_1_5.txt"",""source_sha256"":""909f43827707377733a597191c03b754d762a46e0ea0e91a879f62f850312a26"",""source_start_frame"":654,""source_window_frames"":240,""task_id"":""AU-02"",""thermal_crossover"":0,""tiny_size"":0,""visibility_event_count"":0},{""dynamic_background_clutter"":0,""event_center_frame"":781,""fast_motion"":1,""inactive_frames_in_window"":10,""medium_size"":1,""normal_size"":1,""occlusion"":0,""offset_steps"":2,""out_of_view"":0,""requested_window_mode"":""visibility"",""scale_variation"":1,""selected_window_mode"":""visibility"",""small_size"":1,""source_active_frames"":990,""source_end_frame"":900,""source_frames"":1000,""source_inactive_frames"":10,""source_path"":""D:\\360Downloads\\123\\data\\Anti-UAV410\\annos\\test\\20190925_111757_1_9.txt"",""source_sha256"":""b506da1c12d3b8e9c21ea90c418692075554ad6aba19ea12916e65c51b4184b6"",""source_start_frame"":661,""source_window_frames"":240,""task_id"":""AU-03"",""thermal_crossover"":1,""tiny_size"":1,""visibility_event_count"":1},{""dynamic_background_clutter"":1,""event_center_frame"":850,""fast_motion"":1,""inactive_frames_in_window"":5,""medium_size"":0,""normal_size"":0,""occlusion"":0,""offset_steps"":3,""out_of_view"":1,""requested_window_mode"":""visibility"",""scale_variation"":1,""selected_window_mode"":""visibility"",""small_size"":1,""source_active_frames"":1494,""source_end_frame"":969,""source_frames"":1500,""source_inactive_frames"":6,""source_path"":""D:\\360Downloads\\123\\data\\Anti-UAV410\\annos\\test\\3700000000002_132726_2.txt"",""source_sha256"":""9748641bbb4535947838472e640bd6f5ec0888a8f77190363eaf70ed85a893ef"",""source_start_frame"":730,""source_window_frames"":240,""task_id"":""AU-04"",""thermal_crossover"":0,""tiny_size"":1,""visibility_event_count"":3}]}",11,874.0,AU-02,1,1,1,3,{},0.31894397692489296,0.20462702188423498,0.5,0.22277757321185312,0.6661342050765368,0.4044047520016379,0.31894397692489296,0.20462702188423498,0.5,0.22277757321185312,0.6661342050765368,0.4044047520016379
anti_uav410,AU-L04-W02,public-trajectory-replay-v2,"{""event_window_version"":""anti-uav-event-window-v1"",""evidence_type"":""measured_image_plane_tracks_with_simulated_response_resources"",""fps"":null,""image_height"":512,""image_width"":640,""measured_dimensions"":[""apparent_size"",""image_plane_speed"",""visibility""],""motion_unit"":""normalized_image_diagonal_per_frame"",""protected_point"":[0.5,0.85],""source_files"":[""D:\\360Downloads\\123\\data\\Anti-UAV410\\annos\\test\\20190925_124612_1_5.txt"",""D:\\360Downloads\\123\\data\\Anti-UAV410\\annos\\test\\20190925_101846_1_5.txt"",""D:\\360Downloads\\123\\data\\Anti-UAV410\\annos\\test\\20190925_111757_1_9.txt"",""D:\\360Downloads\\123\\data\\Anti-UAV410\\annos\\test\\3700000000002_132726_2.txt""],""source_sha256"":[""b334d15af3977035a34c0fd54bd48d67799f984d7eb37284095db2ff12884700"",""909f43827707377733a597191c03b754d762a46e0ea0e91a879f62f850312a26"",""b506da1c12d3b8e9c21ea90c418692075554ad6aba19ea12916e65c51b4184b6"",""9748641bbb4535947838472e640bd6f5ec0888a8f77190363eaf70ed85a893ef""],""synthetic_dimensions"":[""spatial_level"",""risk"",""response_window"",""multi_sequence_concurrency"",""resources""],""time_basis"":""frames"",""track_count"":4,""track_windows"":[{""dynamic_background_clutter"":0,""event_center_frame"":615,""fast_motion"":0,""inactive_frames_in_window"":0,""medium_size"":1,""normal_size"":0,""occlusion"":0,""offset_steps"":0,""out_of_view"":0,""requested_window_mode"":""motion"",""scale_variation"":0,""selected_window_mode"":""motion"",""small_size"":0,""source_active_frames"":1000,""source_end_frame"":734,""source_frames"":1000,""source_inactive_frames"":0,""source_path"":""D:\\360Downloads\\123\\data\\Anti-UAV410\\annos\\test\\20190925_124612_1_5.txt"",""source_sha256"":""b334d15af3977035a34c0fd54bd48d67799f984d7eb37284095db2ff12884700"",""source_start_frame"":495,""source_window_frames"":240,""task_id"":""AU-01"",""thermal_crossover"":1,""tiny_size"":0,""visibility_event_count"":0},{""dynamic_background_clutter"":0,""event_center_frame"":774,""fast_motion"":0,""inactive_frames_in_window"":0,""medium_size"":0,""normal_size"":0,""occlusion"":0,""offset_steps"":1,""out_of_view"":0,""requested_window_mode"":""scale"",""scale_variation"":1,""selected_window_mode"":""scale"",""small_size"":1,""source_active_frames"":1000,""source_end_frame"":893,""source_frames"":1000,""source_inactive_frames"":0,""source_path"":""D:\\360Downloads\\123\\data\\Anti-UAV410\\annos\\test\\20190925_101846_1_5.txt"",""source_sha256"":""909f43827707377733a597191c03b754d762a46e0ea0e91a879f62f850312a26"",""source_start_frame"":654,""source_window_frames"":240,""task_id"":""AU-02"",""thermal_crossover"":0,""tiny_size"":0,""visibility_event_count"":0},{""dynamic_background_clutter"":0,""event_center_frame"":781,""fast_motion"":1,""inactive_frames_in_window"":10,""medium_size"":1,""normal_size"":1,""occlusion"":0,""offset_steps"":2,""out_of_view"":0,""requested_window_mode"":""visibility"",""scale_variation"":1,""selected_window_mode"":""visibility"",""small_size"":1,""source_active_frames"":990,""source_end_frame"":900,""source_frames"":1000,""source_inactive_frames"":10,""source_path"":""D:\\360Downloads\\123\\data\\Anti-UAV410\\annos\\test\\20190925_111757_1_9.txt"",""source_sha256"":""b506da1c12d3b8e9c21ea90c418692075554ad6aba19ea12916e65c51b4184b6"",""source_start_frame"":661,""source_window_frames"":240,""task_id"":""AU-03"",""thermal_crossover"":1,""tiny_size"":1,""visibility_event_count"":1},{""dynamic_background_clutter"":1,""event_center_frame"":850,""fast_motion"":1,""inactive_frames_in_window"":5,""medium_size"":0,""normal_size"":0,""occlusion"":0,""offset_steps"":3,""out_of_view"":1,""requested_window_mode"":""visibility"",""scale_variation"":1,""selected_window_mode"":""visibility"",""small_size"":1,""source_active_frames"":1494,""source_end_frame"":969,""source_frames"":1500,""source_inactive_frames"":6,""source_path"":""D:\\360Downloads\\123\\data\\Anti-UAV410\\annos\\test\\3700000000002_132726_2.txt"",""source_sha256"":""9748641bbb4535947838472e640bd6f5ec0888a8f77190363eaf70ed85a893ef"",""source_start_frame"":730,""source_window_frames"":240,""task_id"":""AU-04"",""thermal_crossover"":0,""tiny_size"":1,""visibility_event_count"":3}]}",11,874.0,AU-03,1,1,1,3,{},0.49965062120702847,0.2748193006512814,0.5,0.13390966064662804,0.61212929107655,0.42306534538097895,0.49965062120702847,0.2748193006512814,0.5,0.13390966064662804,0.61212929107655,0.42306534538097895
anti_uav410,AU-L04-W02,public-trajectory-replay-v2,"{""event_window_version"":""anti-uav-event-window-v1"",""evidence_type"":""measured_image_plane_tracks_with_simulated_response_resources"",""fps"":null,""image_height"":512,""image_width"":640,""measured_dimensions"":[""apparent_size"",""image_plane_speed"",""visibility""],""motion_unit"":""normalized_image_diagonal_per_frame"",""protected_point"":[0.5,0.85],""source_files"":[""D:\\360Downloads\\123\\data\\Anti-UAV410\\annos\\test\\20190925_124612_1_5.txt"",""D:\\360Downloads\\123\\data\\Anti-UAV410\\annos\\test\\20190925_101846_1_5.txt"",""D:\\360Downloads\\123\\data\\Anti-UAV410\\annos\\test\\20190925_111757_1_9.txt"",""D:\\360Downloads\\123\\data\\Anti-UAV410\\annos\\test\\3700000000002_132726_2.txt""],""source_sha256"":[""b334d15af3977035a34c0fd54bd48d67799f984d7eb37284095db2ff12884700"",""909f43827707377733a597191c03b754d762a46e0ea0e91a879f62f850312a26"",""b506da1c12d3b8e9c21ea90c418692075554ad6aba19ea12916e65c51b4184b6"",""9748641bbb4535947838472e640bd6f5ec0888a8f77190363eaf70ed85a893ef""],""synthetic_dimensions"":[""spatial_level"",""risk"",""response_window"",""multi_sequence_concurrency"",""resources""],""time_basis"":""frames"",""track_count"":4,""track_windows"":[{""dynamic_background_clutter"":0,""event_center_frame"":615,""fast_motion"":0,""inactive_frames_in_window"":0,""medium_size"":1,""normal_size"":0,""occlusion"":0,""offset_steps"":0,""out_of_view"":0,""requested_window_mode"":""motion"",""scale_variation"":0,""selected_window_mode"":""motion"",""small_size"":0,""source_active_frames"":1000,""source_end_frame"":734,""source_frames"":1000,""source_inactive_frames"":0,""source_path"":""D:\\360Downloads\\123\\data\\Anti-UAV410\\annos\\test\\20190925_124612_1_5.txt"",""source_sha256"":""b334d15af3977035a34c0fd54bd48d67799f984d7eb37284095db2ff12884700"",""source_start_frame"":495,""source_window_frames"":240,""task_id"":""AU-01"",""thermal_crossover"":1,""tiny_size"":0,""visibility_event_count"":0},{""dynamic_background_clutter"":0,""event_center_frame"":774,""fast_motion"":0,""inactive_frames_in_window"":0,""medium_size"":0,""normal_size"":0,""occlusion"":0,""offset_steps"":1,""out_of_view"":0,""requested_window_mode"":""scale"",""scale_variation"":1,""selected_window_mode"":""scale"",""small_size"":1,""source_active_frames"":1000,""source_end_frame"":893,""source_frames"":1000,""source_inactive_frames"":0,""source_path"":""D:\\360Downloads\\123\\data\\Anti-UAV410\\annos\\test\\20190925_101846_1_5.txt"",""source_sha256"":""909f43827707377733a597191c03b754d762a46e0ea0e91a879f62f850312a26"",""source_start_frame"":654,""source_window_frames"":240,""task_id"":""AU-02"",""thermal_crossover"":0,""tiny_size"":0,""visibility_event_count"":0},{""dynamic_background_clutter"":0,""event_center_frame"":781,""fast_motion"":1,""inactive_frames_in_window"":10,""medium_size"":1,""normal_size"":1,""occlusion"":0,""offset_steps"":2,""out_of_view"":0,""requested_window_mode"":""visibility"",""scale_variation"":1,""selected_window_mode"":""visibility"",""small_size"":1,""source_active_frames"":990,""source_end_frame"":900,""source_frames"":1000,""source_inactive_frames"":10,""source_path"":""D:\\360Downloads\\123\\data\\Anti-UAV410\\annos\\test\\20190925_111757_1_9.txt"",""source_sha256"":""b506da1c12d3b8e9c21ea90c418692075554ad6aba19ea12916e65c51b4184b6"",""source_start_frame"":661,""source_window_frames"":240,""task_id"":""AU-03"",""thermal_crossover"":1,""tiny_size"":1,""visibility_event_count"":1},{""dynamic_background_clutter"":1,""event_center_frame"":850,""fast_motion"":1,""inactive_frames_in_window"":5,""medium_size"":0,""normal_size"":0,""occlusion"":0,""offset_steps"":3,""out_of_view"":1,""requested_window_mode"":""visibility"",""scale_variation"":1,""selected_window_mode"":""visibility"",""small_size"":1,""source_active_frames"":1494,""source_end_frame"":969,""source_frames"":1500,""source_inactive_frames"":6,""source_path"":""D:\\360Downloads\\123\\data\\Anti-UAV410\\annos\\test\\3700000000002_132726_2.txt"",""source_sha256"":""9748641bbb4535947838472e640bd6f5ec0888a8f77190363eaf70ed85a893ef"",""source_start_frame"":730,""source_window_frames"":240,""task_id"":""AU-04"",""thermal_crossover"":0,""tiny_size"":1,""visibility_event_count"":3}]}",11,874.0,AU-04,1,1,1,3,{},0.18182604223657475,0.07224458447307366,0.5,0.12523564462878964,0.575413011437741,1.0,0.18182604223657475,0.07224458447307366,0.5,0.12523564462878964,0.575413011437741,1.0
