dataset,sequence_id,mapping_version,metadata_json,step,source_time,task_id,true_active,observed_active,min_resources,max_resources,type_requirements_json,true_s,true_v,true_h,true_n,true_rho,true_tau,observed_s,observed_v,observed_h,observed_n,observed_rho,observed_tau
anti_uav410,AU-L04-W08,public-trajectory-replay-v2,"{""event_window_version"":""anti-uav-event-window-v1"",""evidence_type"":""measured_image_plane_tracks_with_simulated_response_resources"",""fps"":null,""image_height"":512,""image_width"":640,""measured_dimensions"":[""apparent_size"",""image_plane_speed"",""visibility""],""motion_unit"":""normalized_image_diagonal_per_frame"",""protected_point"":[0.5,0.85],""source_files"":[""D:\\360Downloads\\123\\data\\Anti-UAV410\\annos\\test\\20190925_124000_1_7.txt"",""D:\\360Downloads\\123\\data\\Anti-UAV410\\annos\\test\\20190925_124000_1_10.txt"",""D:\\360Downloads\\123\\data\\Anti-UAV410\\annos\\test\\20190926_111509_1_4.txt"",""D:\\360Downloads\\123\\data\\Anti-UAV410\\annos\\test\\20190925_124612_1_3.txt""],""source_sha256"":[""048fc956ffc203cedd2474e5b95ef3588e1453ade0fbb5d0c389cc6e7b0427de"",""a8f0c34264460d5f69611ba6a50f6f4a587c0ebf7fdfa313d148e5ad707c9ba0"",""00d4a615114f07e67d7aa588a8035a90618dc23af4bf67b8cb279d7add27be89"",""2f82ceb0bc3d8a1f33f4619dacd4c82d805574ca1f0160d44538d6ef081b2832""],""synthetic_dimensions"":[""spatial_level"",""risk"",""response_window"",""multi_sequence_concurrency"",""resources""],""time_basis"":""frames"",""track_count"":4,""track_windows"":[{""dynamic_background_clutter"":0,""event_center_frame"":42,""fast_motion"":1,""inactive_frames_in_window"":0,""medium_size"":1,""normal_size"":0,""occlusion"":0,""offset_steps"":0,""out_of_view"":0,""requested_window_mode"":""motion"",""scale_variation"":0,""selected_window_mode"":""motion"",""small_size"":1,""source_active_frames"":1000,""source_end_frame"":239,""source_frames"":1000,""source_inactive_frames"":0,""source_path"":""D:\\360Downloads\\123\\data\\Anti-UAV410\\annos\\test\\20190925_124000_1_7.txt"",""source_sha256"":""048fc956ffc203cedd2474e5b95ef3588e1453ade0fbb5d0c389cc6e7b0427de"",""source_start_frame"":0,""source_window_frames"":240,""task_id"":""AU-01"",""thermal_crossover"":1,""tiny_size"":0,""visibility_event_count"":0},{""dynamic_background_clutter"":0,""event_center_frame"":81,""fast_motion"":0,""inactive_frames_in_window"":0,""medium_size"":1,""normal_size"":0,""occlusion"":0,""offset_steps"":1,""out_of_view"":0,""requested_window_mode"":""motion"",""scale_variation"":0,""selected_window_mode"":""motion"",""small_size"":1,""source_active_frames"":164,""source_end_frame"":163,""source_frames"":164,""source_inactive_frames"":0,""source_path"":""D:\\360Downloads\\123\\data\\Anti-UAV410\\annos\\test\\20190925_124000_1_10.txt"",""source_sha256"":""a8f0c34264460d5f69611ba6a50f6f4a587c0ebf7fdfa313d148e5ad707c9ba0"",""source_start_frame"":0,""source_window_frames"":164,""task_id"":""AU-02"",""thermal_crossover"":1,""tiny_size"":0,""visibility_event_count"":0},{""dynamic_background_clutter"":0,""event_center_frame"":45,""fast_motion"":0,""inactive_frames_in_window"":0,""medium_size"":0,""normal_size"":1,""occlusion"":0,""offset_steps"":2,""out_of_view"":0,""requested_window_mode"":""motion"",""scale_variation"":0,""selected_window_mode"":""motion"",""small_size"":0,""source_active_frames"":1000,""source_end_frame"":239,""source_frames"":1000,""source_inactive_frames"":0,""source_path"":""D:\\360Downloads\\123\\data\\Anti-UAV410\\annos\\test\\20190926_111509_1_4.txt"",""source_sha256"":""00d4a615114f07e67d7aa588a8035a90618dc23af4bf67b8cb279d7add27be89"",""source_start_frame"":0,""source_window_frames"":240,""task_id"":""AU-03"",""thermal_crossover"":0,""tiny_size"":0,""visibility_event_count"":0},{""dynamic_background_clutter"":0,""event_center_frame"":373,""fast_motion"":0,""inactive_frames_in_window"":70,""medium_size"":1,""normal_size"":1,""occlusion"":0,""offset_steps"":3,""out_of_view"":1,""requested_window_mode"":""visibility"",""scale_variation"":1,""selected_window_mode"":""visibility"",""small_size"":1,""source_active_frames"":930,""source_end_frame"":492,""source_frames"":1000,""source_inactive_frames"":70,""source_path"":""D:\\360Downloads\\123\\data\\Anti-UAV410\\annos\\test\\20190925_124612_1_3.txt"",""source_sha256"":""2f82ceb0bc3d8a1f33f4619dacd4c82d805574ca1f0160d44538d6ef081b2832"",""source_start_frame"":253,""source_window_frames"":240,""task_id"":""AU-04"",""thermal_crossover"":1,""tiny_size"":0,""visibility_event_count"":3}]}",0,0.0,AU-01,1,1,1,3,{},0.5042947065374241,0.0,0.5,0.0,0.5483648290935579,1.0,0.5042947065374241,0.0,0.5,0.0,0.5483648290935579,1.0
anti_uav410,AU-L04-W08,public-trajectory-replay-v2,"{""event_window_version"":""anti-uav-event-window-v1"",""evidence_type"":""measured_image_plane_tracks_with_simulated_response_resources"",""fps"":null,""image_height"":512,""image_width"":640,""measured_dimensions"":[""apparent_size"",""image_plane_speed"",""visibility""],""motion_unit"":""normalized_image_diagonal_per_frame"",""protected_point"":[0.5,0.85],""source_files"":[""D:\\360Downloads\\123\\data\\Anti-UAV410\\annos\\test\\20190925_124000_1_7.txt"",""D:\\360Downloads\\123\\data\\Anti-UAV410\\annos\\test\\20190925_124000_1_10.txt"",""D:\\360Downloads\\123\\data\\Anti-UAV410\\annos\\test\\20190926_111509_1_4.txt"",""D:\\360Downloads\\123\\data\\Anti-UAV410\\annos\\test\\20190925_124612_1_3.txt""],""source_sha256"":[""048fc956ffc203cedd2474e5b95ef3588e1453ade0fbb5d0c389cc6e7b0427de"",""a8f0c34264460d5f69611ba6a50f6f4a587c0ebf7fdfa313d148e5ad707c9ba0"",""00d4a615114f07e67d7aa588a8035a90618dc23af4bf67b8cb279d7add27be89"",""2f82ceb0bc3d8a1f33f4619dacd4c82d805574ca1f0160d44538d6ef081b2832""],""synthetic_dimensions"":[""spatial_level"",""risk"",""response_window"",""multi_sequence_concurrency"",""resources""],""time_basis"":""frames"",""track_count"":4,""track_windows"":[{""dynamic_background_clutter"":0,""event_center_frame"":42,""fast_motion"":1,""inactive_frames_in_window"":0,""medium_size"":1,""normal_size"":0,""occlusion"":0,""offset_steps"":0,""out_of_view"":0,""requested_window_mode"":""motion"",""scale_variation"":0,""selected_window_mode"":""motion"",""small_size"":1,""source_active_frames"":1000,""source_end_frame"":239,""source_frames"":1000,""source_inactive_frames"":0,""source_path"":""D:\\360Downloads\\123\\data\\Anti-UAV410\\annos\\test\\20190925_124000_1_7.txt"",""source_sha256"":""048fc956ffc203cedd2474e5b95ef3588e1453ade0fbb5d0c389cc6e7b0427de"",""source_start_frame"":0,""source_window_frames"":240,""task_id"":""AU-01"",""thermal_crossover"":1,""tiny_size"":0,""visibility_event_count"":0},{""dynamic_background_clutter"":0,""event_center_frame"":81,""fast_motion"":0,""inactive_frames_in_window"":0,""medium_size"":1,""normal_size"":0,""occlusion"":0,""offset_steps"":1,""out_of_view"":0,""requested_window_mode"":""motion"",""scale_variation"":0,""selected_window_mode"":""motion"",""small_size"":1,""source_active_frames"":164,""source_end_frame"":163,""source_frames"":164,""source_inactive_frames"":0,""source_path"":""D:\\360Downloads\\123\\data\\Anti-UAV410\\annos\\test\\20190925_124000_1_10.txt"",""source_sha256"":""a8f0c34264460d5f69611ba6a50f6f4a587c0ebf7fdfa313d148e5ad707c9ba0"",""source_start_frame"":0,""source_window_frames"":164,""task_id"":""AU-02"",""thermal_crossover"":1,""tiny_size"":0,""visibility_event_count"":0},{""dynamic_background_clutter"":0,""event_center_frame"":45,""fast_motion"":0,""inactive_frames_in_window"":0,""medium_size"":0,""normal_size"":1,""occlusion"":0,""offset_steps"":2,""out_of_view"":0,""requested_window_mode"":""motion"",""scale_variation"":0,""selected_window_mode"":""motion"",""small_size"":0,""source_active_frames"":1000,""source_end_frame"":239,""source_frames"":1000,""source_inactive_frames"":0,""source_path"":""D:\\360Downloads\\123\\data\\Anti-UAV410\\annos\\test\\20190926_111509_1_4.txt"",""source_sha256"":""00d4a615114f07e67d7aa588a8035a90618dc23af4bf67b8cb279d7add27be89"",""source_start_frame"":0,""source_window_frames"":240,""task_id"":""AU-03"",""thermal_crossover"":0,""tiny_size"":0,""visibility_event_count"":0},{""dynamic_background_clutter"":0,""event_center_frame"":373,""fast_motion"":0,""inactive_frames_in_window"":70,""medium_size"":1,""normal_size"":1,""occlusion"":0,""offset_steps"":3,""out_of_view"":1,""requested_window_mode"":""visibility"",""scale_variation"":1,""selected_window_mode"":""visibility"",""small_size"":1,""source_active_frames"":930,""source_end_frame"":492,""source_frames"":1000,""source_inactive_frames"":70,""source_path"":""D:\\360Downloads\\123\\data\\Anti-UAV410\\annos\\test\\20190925_124612_1_3.txt"",""source_sha256"":""2f82ceb0bc3d8a1f33f4619dacd4c82d805574ca1f0160d44538d6ef081b2832"",""source_start_frame"":253,""source_window_frames"":240,""task_id"":""AU-04"",""thermal_crossover"":1,""tiny_size"":0,""visibility_event_count"":3}]}",0,0.0,AU-02,0,0,1,3,{},0.0,0.0,0.5,0.0,0.35,1.0,0.0,0.0,0.5,0.0,0.35,1.0
anti_uav410,AU-L04-W08,public-trajectory-replay-v2,"{""event_window_version"":""anti-uav-event-window-v1"",""evidence_type"":""measured_image_plane_tracks_with_simulated_response_resources"",""fps"":null,""image_height"":512,""image_width"":640,""measured_dimensions"":[""apparent_size"",""image_plane_speed"",""visibility""],""motion_unit"":""normalized_image_diagonal_per_frame"",""protected_point"":[0.5,0.85],""source_files"":[""D:\\360Downloads\\123\\data\\Anti-UAV410\\annos\\test\\20190925_124000_1_7.txt"",""D:\\360Downloads\\123\\data\\Anti-UAV410\\annos\\test\\20190925_124000_1_10.txt"",""D:\\360Downloads\\123\\data\\Anti-UAV410\\annos\\test\\20190926_111509_1_4.txt"",""D:\\360Downloads\\123\\data\\Anti-UAV410\\annos\\test\\20190925_124612_1_3.txt""],""source_sha256"":[""048fc956ffc203cedd2474e5b95ef3588e1453ade0fbb5d0c389cc6e7b0427de"",""a8f0c34264460d5f69611ba6a50f6f4a587c0ebf7fdfa313d148e5ad707c9ba0"",""00d4a615114f07e67d7aa588a8035a90618dc23af4bf67b8cb279d7add27be89"",""2f82ceb0bc3d8a1f33f4619dacd4c82d805574ca1f0160d44538d6ef081b2832""],""synthetic_dimensions"":[""spatial_level"",""risk"",""response_window"",""multi_sequence_concurrency"",""resources""],""time_basis"":""frames"",""track_count"":4,""track_windows"":[{""dynamic_background_clutter"":0,""event_center_frame"":42,""fast_motion"":1,""inactive_frames_in_window"":0,""medium_size"":1,""normal_size"":0,""occlusion"":0,""offset_steps"":0,""out_of_view"":0,""requested_window_mode"":""motion"",""scale_variation"":0,""selected_window_mode"":""motion"",""small_size"":1,""source_active_frames"":1000,""source_end_frame"":239,""source_frames"":1000,""source_inactive_frames"":0,""source_path"":""D:\\360Downloads\\123\\data\\Anti-UAV410\\annos\\test\\20190925_124000_1_7.txt"",""source_sha256"":""048fc956ffc203cedd2474e5b95ef3588e1453ade0fbb5d0c389cc6e7b0427de"",""source_start_frame"":0,""source_window_frames"":240,""task_id"":""AU-01"",""thermal_crossover"":1,""tiny_size"":0,""visibility_event_count"":0},{""dynamic_background_clutter"":0,""event_center_frame"":81,""fast_motion"":0,""inactive_frames_in_window"":0,""medium_size"":1,""normal_size"":0,""occlusion"":0,""offset_steps"":1,""out_of_view"":0,""requested_window_mode"":""motion"",""scale_variation"":0,""selected_window_mode"":""motion"",""small_size"":1,""source_active_frames"":164,""source_end_frame"":163,""source_frames"":164,""source_inactive_frames"":0,""source_path"":""D:\\360Downloads\\123\\data\\Anti-UAV410\\annos\\test\\20190925_124000_1_10.txt"",""source_sha256"":""a8f0c34264460d5f69611ba6a50f6f4a587c0ebf7fdfa313d148e5ad707c9ba0"",""source_start_frame"":0,""source_window_frames"":164,""task_id"":""AU-02"",""thermal_crossover"":1,""tiny_size"":0,""visibility_event_count"":0},{""dynamic_background_clutter"":0,""event_center_frame"":45,""fast_motion"":0,""inactive_frames_in_window"":0,""medium_size"":0,""normal_size"":1,""occlusion"":0,""offset_steps"":2,""out_of_view"":0,""requested_window_mode"":""motion"",""scale_variation"":0,""selected_window_mode"":""motion"",""small_size"":0,""source_active_frames"":1000,""source_end_frame"":239,""source_frames"":1000,""source_inactive_frames"":0,""source_path"":""D:\\360Downloads\\123\\data\\Anti-UAV410\\annos\\test\\20190926_111509_1_4.txt"",""source_sha256"":""00d4a615114f07e67d7aa588a8035a90618dc23af4bf67b8cb279d7add27be89"",""source_start_frame"":0,""source_window_frames"":240,""task_id"":""AU-03"",""thermal_crossover"":0,""tiny_size"":0,""visibility_event_count"":0},{""dynamic_background_clutter"":0,""event_center_frame"":373,""fast_motion"":0,""inactive_frames_in_window"":70,""medium_size"":1,""normal_size"":1,""occlusion"":0,""offset_steps"":3,""out_of_view"":1,""requested_window_mode"":""visibility"",""scale_variation"":1,""selected_window_mode"":""visibility"",""small_size"":1,""source_active_frames"":930,""source_end_frame"":492,""source_frames"":1000,""source_inactive_frames"":70,""source_path"":""D:\\360Downloads\\123\\data\\Anti-UAV410\\annos\\test\\20190925_124612_1_3.txt"",""source_sha256"":""2f82ceb0bc3d8a1f33f4619dacd4c82d805574ca1f0160d44538d6ef081b2832"",""source_start_frame"":253,""source_window_frames"":240,""task_id"":""AU-04"",""thermal_crossover"":1,""tiny_size"":0,""visibility_event_count"":3}]}",0,0.0,AU-03,0,0,1,3,{},0.0,0.0,0.5,0.0,0.35,1.0,0.0,0.0,0.5,0.0,0.35,1.0
anti_uav410,AU-L04-W08,public-trajectory-replay-v2,"{""event_window_version"":""anti-uav-event-window-v1"",""evidence_type"":""measured_image_plane_tracks_with_simulated_response_resources"",""fps"":null,""image_height"":512,""image_width"":640,""measured_dimensions"":[""apparent_size"",""image_plane_speed"",""visibility""],""motion_unit"":""normalized_image_diagonal_per_frame"",""protected_point"":[0.5,0.85],""source_files"":[""D:\\360Downloads\\123\\data\\Anti-UAV410\\annos\\test\\20190925_124000_1_7.txt"",""D:\\360Downloads\\123\\data\\Anti-UAV410\\annos\\test\\20190925_124000_1_10.txt"",""D:\\360Downloads\\123\\data\\Anti-UAV410\\annos\\test\\20190926_111509_1_4.txt"",""D:\\360Downloads\\123\\data\\Anti-UAV410\\annos\\test\\20190925_124612_1_3.txt""],""source_sha256"":[""048fc956ffc203cedd2474e5b95ef3588e1453ade0fbb5d0c389cc6e7b0427de"",""a8f0c34264460d5f69611ba6a50f6f4a587c0ebf7fdfa313d148e5ad707c9ba0"",""00d4a615114f07e67d7aa588a8035a90618dc23af4bf67b8cb279d7add27be89"",""2f82ceb0bc3d8a1f33f4619dacd4c82d805574ca1f0160d44538d6ef081b2832""],""synthetic_dimensions"":[""spatial_level"",""risk"",""response_window"",""multi_sequence_concurrency"",""resources""],""time_basis"":""frames"",""track_count"":4,""track_windows"":[{""dynamic_background_clutter"":0,""event_center_frame"":42,""fast_motion"":1,""inactive_frames_in_window"":0,""medium_size"":1,""normal_size"":0,""occlusion"":0,""offset_steps"":0,""out_of_view"":0,""requested_window_mode"":""motion"",""scale_variation"":0,""selected_window_mode"":""motion"",""small_size"":1,""source_active_frames"":1000,""source_end_frame"":239,""source_frames"":1000,""source_inactive_frames"":0,""source_path"":""D:\\360Downloads\\123\\data\\Anti-UAV410\\annos\\test\\20190925_124000_1_7.txt"",""source_sha256"":""048fc956ffc203cedd2474e5b95ef3588e1453ade0fbb5d0c389cc6e7b0427de"",""source_start_frame"":0,""source_window_frames"":240,""task_id"":""AU-01"",""thermal_crossover"":1,""tiny_size"":0,""visibility_event_count"":0},{""dynamic_background_clutter"":0,""event_center_frame"":81,""fast_motion"":0,""inactive_frames_in_window"":0,""medium_size"":1,""normal_size"":0,""occlusion"":0,""offset_steps"":1,""out_of_view"":0,""requested_window_mode"":""motion"",""scale_variation"":0,""selected_window_mode"":""motion"",""small_size"":1,""source_active_frames"":164,""source_end_frame"":163,""source_frames"":164,""source_inactive_frames"":0,""source_path"":""D:\\360Downloads\\123\\data\\Anti-UAV410\\annos\\test\\20190925_124000_1_10.txt"",""source_sha256"":""a8f0c34264460d5f69611ba6a50f6f4a587c0ebf7fdfa313d148e5ad707c9ba0"",""source_start_frame"":0,""source_window_frames"":164,""task_id"":""AU-02"",""thermal_crossover"":1,""tiny_size"":0,""visibility_event_count"":0},{""dynamic_background_clutter"":0,""event_center_frame"":45,""fast_motion"":0,""inactive_frames_in_window"":0,""medium_size"":0,""normal_size"":1,""occlusion"":0,""offset_steps"":2,""out_of_view"":0,""requested_window_mode"":""motion"",""scale_variation"":0,""selected_window_mode"":""motion"",""small_size"":0,""source_active_frames"":1000,""source_end_frame"":239,""source_frames"":1000,""source_inactive_frames"":0,""source_path"":""D:\\360Downloads\\123\\data\\Anti-UAV410\\annos\\test\\20190926_111509_1_4.txt"",""source_sha256"":""00d4a615114f07e67d7aa588a8035a90618dc23af4bf67b8cb279d7add27be89"",""source_start_frame"":0,""source_window_frames"":240,""task_id"":""AU-03"",""thermal_crossover"":0,""tiny_size"":0,""visibility_event_count"":0},{""dynamic_background_clutter"":0,""event_center_frame"":373,""fast_motion"":0,""inactive_frames_in_window"":70,""medium_size"":1,""normal_size"":1,""occlusion"":0,""offset_steps"":3,""out_of_view"":1,""requested_window_mode"":""visibility"",""scale_variation"":1,""selected_window_mode"":""visibility"",""small_size"":1,""source_active_frames"":930,""source_end_frame"":492,""source_frames"":1000,""source_inactive_frames"":70,""source_path"":""D:\\360Downloads\\123\\data\\Anti-UAV410\\annos\\test\\20190925_124612_1_3.txt"",""source_sha256"":""2f82ceb0bc3d8a1f33f4619dacd4c82d805574ca1f0160d44538d6ef081b2832"",""source_start_frame"":253,""source_window_frames"":240,""task_id"":""AU-04"",""thermal_crossover"":1,""tiny_size"":0,""visibility_event_count"":3}]}",0,0.0,AU-04,0,0,1,3,{},0.0,0.0,0.5,0.0,0.35,1.0,0.0,0.0,0.5,0.0,0.35,1.0
anti_uav410,AU-L04-W08,public-trajectory-replay-v2,"{""event_window_version"":""anti-uav-event-window-v1"",""evidence_type"":""measured_image_plane_tracks_with_simulated_response_resources"",""fps"":null,""image_height"":512,""image_width"":640,""measured_dimensions"":[""apparent_size"",""image_plane_speed"",""visibility""],""motion_unit"":""normalized_image_diagonal_per_frame"",""protected_point"":[0.5,0.85],""source_files"":[""D:\\360Downloads\\123\\data\\Anti-UAV410\\annos\\test\\20190925_124000_1_7.txt"",""D:\\360Downloads\\123\\data\\Anti-UAV410\\annos\\test\\20190925_124000_1_10.txt"",""D:\\360Downloads\\123\\data\\Anti-UAV410\\annos\\test\\20190926_111509_1_4.txt"",""D:\\360Downloads\\123\\data\\Anti-UAV410\\annos\\test\\20190925_124612_1_3.txt""],""source_sha256"":[""048fc956ffc203cedd2474e5b95ef3588e1453ade0fbb5d0c389cc6e7b0427de"",""a8f0c34264460d5f69611ba6a50f6f4a587c0ebf7fdfa313d148e5ad707c9ba0"",""00d4a615114f07e67d7aa588a8035a90618dc23af4bf67b8cb279d7add27be89"",""2f82ceb0bc3d8a1f33f4619dacd4c82d805574ca1f0160d44538d6ef081b2832""],""synthetic_dimensions"":[""spatial_level"",""risk"",""response_window"",""multi_sequence_concurrency"",""resources""],""time_basis"":""frames"",""track_count"":4,""track_windows"":[{""dynamic_background_clutter"":0,""event_center_frame"":42,""fast_motion"":1,""inactive_frames_in_window"":0,""medium_size"":1,""normal_size"":0,""occlusion"":0,""offset_steps"":0,""out_of_view"":0,""requested_window_mode"":""motion"",""scale_variation"":0,""selected_window_mode"":""motion"",""small_size"":1,""source_active_frames"":1000,""source_end_frame"":239,""source_frames"":1000,""source_inactive_frames"":0,""source_path"":""D:\\360Downloads\\123\\data\\Anti-UAV410\\annos\\test\\20190925_124000_1_7.txt"",""source_sha256"":""048fc956ffc203cedd2474e5b95ef3588e1453ade0fbb5d0c389cc6e7b0427de"",""source_start_frame"":0,""source_window_frames"":240,""task_id"":""AU-01"",""thermal_crossover"":1,""tiny_size"":0,""visibility_event_count"":0},{""dynamic_background_clutter"":0,""event_center_frame"":81,""fast_motion"":0,""inactive_frames_in_window"":0,""medium_size"":1,""normal_size"":0,""occlusion"":0,""offset_steps"":1,""out_of_view"":0,""requested_window_mode"":""motion"",""scale_variation"":0,""selected_window_mode"":""motion"",""small_size"":1,""source_active_frames"":164,""source_end_frame"":163,""source_frames"":164,""source_inactive_frames"":0,""source_path"":""D:\\360Downloads\\123\\data\\Anti-UAV410\\annos\\test\\20190925_124000_1_10.txt"",""source_sha256"":""a8f0c34264460d5f69611ba6a50f6f4a587c0ebf7fdfa313d148e5ad707c9ba0"",""source_start_frame"":0,""source_window_frames"":164,""task_id"":""AU-02"",""thermal_crossover"":1,""tiny_size"":0,""visibility_event_count"":0},{""dynamic_background_clutter"":0,""event_center_frame"":45,""fast_motion"":0,""inactive_frames_in_window"":0,""medium_size"":0,""normal_size"":1,""occlusion"":0,""offset_steps"":2,""out_of_view"":0,""requested_window_mode"":""motion"",""scale_variation"":0,""selected_window_mode"":""motion"",""small_size"":0,""source_active_frames"":1000,""source_end_frame"":239,""source_frames"":1000,""source_inactive_frames"":0,""source_path"":""D:\\360Downloads\\123\\data\\Anti-UAV410\\annos\\test\\20190926_111509_1_4.txt"",""source_sha256"":""00d4a615114f07e67d7aa588a8035a90618dc23af4bf67b8cb279d7add27be89"",""source_start_frame"":0,""source_window_frames"":240,""task_id"":""AU-03"",""thermal_crossover"":0,""tiny_size"":0,""visibility_event_count"":0},{""dynamic_background_clutter"":0,""event_center_frame"":373,""fast_motion"":0,""inactive_frames_in_window"":70,""medium_size"":1,""normal_size"":1,""occlusion"":0,""offset_steps"":3,""out_of_view"":1,""requested_window_mode"":""visibility"",""scale_variation"":1,""selected_window_mode"":""visibility"",""small_size"":1,""source_active_frames"":930,""source_end_frame"":492,""source_frames"":1000,""source_inactive_frames"":70,""source_path"":""D:\\360Downloads\\123\\data\\Anti-UAV410\\annos\\test\\20190925_124612_1_3.txt"",""source_sha256"":""2f82ceb0bc3d8a1f33f4619dacd4c82d805574ca1f0160d44538d6ef081b2832"",""source_start_frame"":253,""source_window_frames"":240,""task_id"":""AU-04"",""thermal_crossover"":1,""tiny_size"":0,""visibility_event_count"":3}]}",1,11.0,AU-01,1,1,1,3,{},0.4538652358836817,0.07383751132927398,0.5,0.6166426071861923,0.6082624641892916,1.0,0.4538652358836817,0.07383751132927398,0.5,0.6166426071861923,0.6082624641892916,1.0
anti_uav410,AU-L04-W08,public-trajectory-replay-v2,"{""event_window_version"":""anti-uav-event-window-v1"",""evidence_type"":""measured_image_plane_tracks_with_simulated_response_resources"",""fps"":null,""image_height"":512,""image_width"":640,""measured_dimensions"":[""apparent_size"",""image_plane_speed"",""visibility""],""motion_unit"":""normalized_image_diagonal_per_frame"",""protected_point"":[0.5,0.85],""source_files"":[""D:\\360Downloads\\123\\data\\Anti-UAV410\\annos\\test\\20190925_124000_1_7.txt"",""D:\\360Downloads\\123\\data\\Anti-UAV410\\annos\\test\\20190925_124000_1_10.txt"",""D:\\360Downloads\\123\\data\\Anti-UAV410\\annos\\test\\20190926_111509_1_4.txt"",""D:\\360Downloads\\123\\data\\Anti-UAV410\\annos\\test\\20190925_124612_1_3.txt""],""source_sha256"":[""048fc956ffc203cedd2474e5b95ef3588e1453ade0fbb5d0c389cc6e7b0427de"",""a8f0c34264460d5f69611ba6a50f6f4a587c0ebf7fdfa313d148e5ad707c9ba0"",""00d4a615114f07e67d7aa588a8035a90618dc23af4bf67b8cb279d7add27be89"",""2f82ceb0bc3d8a1f33f4619dacd4c82d805574ca1f0160d44538d6ef081b2832""],""synthetic_dimensions"":[""spatial_level"",""risk"",""response_window"",""multi_sequence_concurrency"",""resources""],""time_basis"":""frames"",""track_count"":4,""track_windows"":[{""dynamic_background_clutter"":0,""event_center_frame"":42,""fast_motion"":1,""inactive_frames_in_window"":0,""medium_size"":1,""normal_size"":0,""occlusion"":0,""offset_steps"":0,""out_of_view"":0,""requested_window_mode"":""motion"",""scale_variation"":0,""selected_window_mode"":""motion"",""small_size"":1,""source_active_frames"":1000,""source_end_frame"":239,""source_frames"":1000,""source_inactive_frames"":0,""source_path"":""D:\\360Downloads\\123\\data\\Anti-UAV410\\annos\\test\\20190925_124000_1_7.txt"",""source_sha256"":""048fc956ffc203cedd2474e5b95ef3588e1453ade0fbb5d0c389cc6e7b0427de"",""source_start_frame"":0,""source_window_frames"":240,""task_id"":""AU-01"",""thermal_crossover"":1,""tiny_size"":0,""visibility_event_count"":0},{""dynamic_background_clutter"":0,""event_center_frame"":81,""fast_motion"":0,""inactive_frames_in_window"":0,""medium_size"":1,""normal_size"":0,""occlusion"":0,""offset_steps"":1,""out_of_view"":0,""requested_window_mode"":""motion"",""scale_variation"":0,""selected_window_mode"":""motion"",""small_size"":1,""source_active_frames"":164,""source_end_frame"":163,""source_frames"":164,""source_inactive_frames"":0,""source_path"":""D:\\360Downloads\\123\\data\\Anti-UAV410\\annos\\test\\20190925_124000_1_10.txt"",""source_sha256"":""a8f0c34264460d5f69611ba6a50f6f4a587c0ebf7fdfa313d148e5ad707c9ba0"",""source_start_frame"":0,""source_window_frames"":164,""task_id"":""AU-02"",""thermal_crossover"":1,""tiny_size"":0,""visibility_event_count"":0},{""dynamic_background_clutter"":0,""event_center_frame"":45,""fast_motion"":0,""inactive_frames_in_window"":0,""medium_size"":0,""normal_size"":1,""occlusion"":0,""offset_steps"":2,""out_of_view"":0,""requested_window_mode"":""motion"",""scale_variation"":0,""selected_window_mode"":""motion"",""small_size"":0,""source_active_frames"":1000,""source_end_frame"":239,""source_frames"":1000,""source_inactive_frames"":0,""source_path"":""D:\\360Downloads\\123\\data\\Anti-UAV410\\annos\\test\\20190926_111509_1_4.txt"",""source_sha256"":""00d4a615114f07e67d7aa588a8035a90618dc23af4bf67b8cb279d7add27be89"",""source_start_frame"":0,""source_window_frames"":240,""task_id"":""AU-03"",""thermal_crossover"":0,""tiny_size"":0,""visibility_event_count"":0},{""dynamic_background_clutter"":0,""event_center_frame"":373,""fast_motion"":0,""inactive_frames_in_window"":70,""medium_size"":1,""normal_size"":1,""occlusion"":0,""offset_steps"":3,""out_of_view"":1,""requested_window_mode"":""visibility"",""scale_variation"":1,""selected_window_mode"":""visibility"",""small_size"":1,""source_active_frames"":930,""source_end_frame"":492,""source_frames"":1000,""source_inactive_frames"":70,""source_path"":""D:\\360Downloads\\123\\data\\Anti-UAV410\\annos\\test\\20190925_124612_1_3.txt"",""source_sha256"":""2f82ceb0bc3d8a1f33f4619dacd4c82d805574ca1f0160d44538d6ef081b2832"",""source_start_frame"":253,""source_window_frames"":240,""task_id"":""AU-04"",""thermal_crossover"":1,""tiny_size"":0,""visibility_event_count"":3}]}",1,11.0,AU-02,1,1,1,3,{},0.5670045929636199,0.0,0.5,0.6166426071861923,0.6146198459961314,1.0,0.5670045929636199,0.0,0.5,0.6166426071861923,0.6146198459961314,1.0
anti_uav410,AU-L04-W08,public-trajectory-replay-v2,"{""event_window_version"":""anti-uav-event-window-v1"",""evidence_type"":""measured_image_plane_tracks_with_simulated_response_resources"",""fps"":null,""image_height"":512,""image_width"":640,""measured_dimensions"":[""apparent_size"",""image_plane_speed"",""visibility""],""motion_unit"":""normalized_image_diagonal_per_frame"",""protected_point"":[0.5,0.85],""source_files"":[""D:\\360Downloads\\123\\data\\Anti-UAV410\\annos\\test\\20190925_124000_1_7.txt"",""D:\\360Downloads\\123\\data\\Anti-UAV410\\annos\\test\\20190925_124000_1_10.txt"",""D:\\360Downloads\\123\\data\\Anti-UAV410\\annos\\test\\20190926_111509_1_4.txt"",""D:\\360Downloads\\123\\data\\Anti-UAV410\\annos\\test\\20190925_124612_1_3.txt""],""source_sha256"":[""048fc956ffc203cedd2474e5b95ef3588e1453ade0fbb5d0c389cc6e7b0427de"",""a8f0c34264460d5f69611ba6a50f6f4a587c0ebf7fdfa313d148e5ad707c9ba0"",""00d4a615114f07e67d7aa588a8035a90618dc23af4bf67b8cb279d7add27be89"",""2f82ceb0bc3d8a1f33f4619dacd4c82d805574ca1f0160d44538d6ef081b2832""],""synthetic_dimensions"":[""spatial_level"",""risk"",""response_window"",""multi_sequence_concurrency"",""resources""],""time_basis"":""frames"",""track_count"":4,""track_windows"":[{""dynamic_background_clutter"":0,""event_center_frame"":42,""fast_motion"":1,""inactive_frames_in_window"":0,""medium_size"":1,""normal_size"":0,""occlusion"":0,""offset_steps"":0,""out_of_view"":0,""requested_window_mode"":""motion"",""scale_variation"":0,""selected_window_mode"":""motion"",""small_size"":1,""source_active_frames"":1000,""source_end_frame"":239,""source_frames"":1000,""source_inactive_frames"":0,""source_path"":""D:\\360Downloads\\123\\data\\Anti-UAV410\\annos\\test\\20190925_124000_1_7.txt"",""source_sha256"":""048fc956ffc203cedd2474e5b95ef3588e1453ade0fbb5d0c389cc6e7b0427de"",""source_start_frame"":0,""source_window_frames"":240,""task_id"":""AU-01"",""thermal_crossover"":1,""tiny_size"":0,""visibility_event_count"":0},{""dynamic_background_clutter"":0,""event_center_frame"":81,""fast_motion"":0,""inactive_frames_in_window"":0,""medium_size"":1,""normal_size"":0,""occlusion"":0,""offset_steps"":1,""out_of_view"":0,""requested_window_mode"":""motion"",""scale_variation"":0,""selected_window_mode"":""motion"",""small_size"":1,""source_active_frames"":164,""source_end_frame"":163,""source_frames"":164,""source_inactive_frames"":0,""source_path"":""D:\\360Downloads\\123\\data\\Anti-UAV410\\annos\\test\\20190925_124000_1_10.txt"",""source_sha256"":""a8f0c34264460d5f69611ba6a50f6f4a587c0ebf7fdfa313d148e5ad707c9ba0"",""source_start_frame"":0,""source_window_frames"":164,""task_id"":""AU-02"",""thermal_crossover"":1,""tiny_size"":0,""visibility_event_count"":0},{""dynamic_background_clutter"":0,""event_center_frame"":45,""fast_motion"":0,""inactive_frames_in_window"":0,""medium_size"":0,""normal_size"":1,""occlusion"":0,""offset_steps"":2,""out_of_view"":0,""requested_window_mode"":""motion"",""scale_variation"":0,""selected_window_mode"":""motion"",""small_size"":0,""source_active_frames"":1000,""source_end_frame"":239,""source_frames"":1000,""source_inactive_frames"":0,""source_path"":""D:\\360Downloads\\123\\data\\Anti-UAV410\\annos\\test\\20190926_111509_1_4.txt"",""source_sha256"":""00d4a615114f07e67d7aa588a8035a90618dc23af4bf67b8cb279d7add27be89"",""source_start_frame"":0,""source_window_frames"":240,""task_id"":""AU-03"",""thermal_crossover"":0,""tiny_size"":0,""visibility_event_count"":0},{""dynamic_background_clutter"":0,""event_center_frame"":373,""fast_motion"":0,""inactive_frames_in_window"":70,""medium_size"":1,""normal_size"":1,""occlusion"":0,""offset_steps"":3,""out_of_view"":1,""requested_window_mode"":""visibility"",""scale_variation"":1,""selected_window_mode"":""visibility"",""small_size"":1,""source_active_frames"":930,""source_end_frame"":492,""source_frames"":1000,""source_inactive_frames"":70,""source_path"":""D:\\360Downloads\\123\\data\\Anti-UAV410\\annos\\test\\20190925_124612_1_3.txt"",""source_sha256"":""2f82ceb0bc3d8a1f33f4619dacd4c82d805574ca1f0160d44538d6ef081b2832"",""source_start_frame"":253,""source_window_frames"":240,""task_id"":""AU-04"",""thermal_crossover"":1,""tiny_size"":0,""visibility_event_count"":3}]}",1,11.0,AU-03,0,0,1,3,{},0.0,0.0,0.5,0.0,0.35,1.0,0.0,0.0,0.5,0.0,0.35,1.0
anti_uav410,AU-L04-W08,public-trajectory-replay-v2,"{""event_window_version"":""anti-uav-event-window-v1"",""evidence_type"":""measured_image_plane_tracks_with_simulated_response_resources"",""fps"":null,""image_height"":512,""image_width"":640,""measured_dimensions"":[""apparent_size"",""image_plane_speed"",""visibility""],""motion_unit"":""normalized_image_diagonal_per_frame"",""protected_point"":[0.5,0.85],""source_files"":[""D:\\360Downloads\\123\\data\\Anti-UAV410\\annos\\test\\20190925_124000_1_7.txt"",""D:\\360Downloads\\123\\data\\Anti-UAV410\\annos\\test\\20190925_124000_1_10.txt"",""D:\\360Downloads\\123\\data\\Anti-UAV410\\annos\\test\\20190926_111509_1_4.txt"",""D:\\360Downloads\\123\\data\\Anti-UAV410\\annos\\test\\20190925_124612_1_3.txt""],""source_sha256"":[""048fc956ffc203cedd2474e5b95ef3588e1453ade0fbb5d0c389cc6e7b0427de"",""a8f0c34264460d5f69611ba6a50f6f4a587c0ebf7fdfa313d148e5ad707c9ba0"",""00d4a615114f07e67d7aa588a8035a90618dc23af4bf67b8cb279d7add27be89"",""2f82ceb0bc3d8a1f33f4619dacd4c82d805574ca1f0160d44538d6ef081b2832""],""synthetic_dimensions"":[""spatial_level"",""risk"",""response_window"",""multi_sequence_concurrency"",""resources""],""time_basis"":""frames"",""track_count"":4,""track_windows"":[{""dynamic_background_clutter"":0,""event_center_frame"":42,""fast_motion"":1,""inactive_frames_in_window"":0,""medium_size"":1,""normal_size"":0,""occlusion"":0,""offset_steps"":0,""out_of_view"":0,""requested_window_mode"":""motion"",""scale_variation"":0,""selected_window_mode"":""motion"",""small_size"":1,""source_active_frames"":1000,""source_end_frame"":239,""source_frames"":1000,""source_inactive_frames"":0,""source_path"":""D:\\360Downloads\\123\\data\\Anti-UAV410\\annos\\test\\20190925_124000_1_7.txt"",""source_sha256"":""048fc956ffc203cedd2474e5b95ef3588e1453ade0fbb5d0c389cc6e7b0427de"",""source_start_frame"":0,""source_window_frames"":240,""task_id"":""AU-01"",""thermal_crossover"":1,""tiny_size"":0,""visibility_event_count"":0},{""dynamic_background_clutter"":0,""event_center_frame"":81,""fast_motion"":0,""inactive_frames_in_window"":0,""medium_size"":1,""normal_size"":0,""occlusion"":0,""offset_steps"":1,""out_of_view"":0,""requested_window_mode"":""motion"",""scale_variation"":0,""selected_window_mode"":""motion"",""small_size"":1,""source_active_frames"":164,""source_end_frame"":163,""source_frames"":164,""source_inactive_frames"":0,""source_path"":""D:\\360Downloads\\123\\data\\Anti-UAV410\\annos\\test\\20190925_124000_1_10.txt"",""source_sha256"":""a8f0c34264460d5f69611ba6a50f6f4a587c0ebf7fdfa313d148e5ad707c9ba0"",""source_start_frame"":0,""source_window_frames"":164,""task_id"":""AU-02"",""thermal_crossover"":1,""tiny_size"":0,""visibility_event_count"":0},{""dynamic_background_clutter"":0,""event_center_frame"":45,""fast_motion"":0,""inactive_frames_in_window"":0,""medium_size"":0,""normal_size"":1,""occlusion"":0,""offset_steps"":2,""out_of_view"":0,""requested_window_mode"":""motion"",""scale_variation"":0,""selected_window_mode"":""motion"",""small_size"":0,""source_active_frames"":1000,""source_end_frame"":239,""source_frames"":1000,""source_inactive_frames"":0,""source_path"":""D:\\360Downloads\\123\\data\\Anti-UAV410\\annos\\test\\20190926_111509_1_4.txt"",""source_sha256"":""00d4a615114f07e67d7aa588a8035a90618dc23af4bf67b8cb279d7add27be89"",""source_start_frame"":0,""source_window_frames"":240,""task_id"":""AU-03"",""thermal_crossover"":0,""tiny_size"":0,""visibility_event_count"":0},{""dynamic_background_clutter"":0,""event_center_frame"":373,""fast_motion"":0,""inactive_frames_in_window"":70,""medium_size"":1,""normal_size"":1,""occlusion"":0,""offset_steps"":3,""out_of_view"":1,""requested_window_mode"":""visibility"",""scale_variation"":1,""selected_window_mode"":""visibility"",""small_size"":1,""source_active_frames"":930,""source_end_frame"":492,""source_frames"":1000,""source_inactive_frames"":70,""source_path"":""D:\\360Downloads\\123\\data\\Anti-UAV410\\annos\\test\\20190925_124612_1_3.txt"",""source_sha256"":""2f82ceb0bc3d8a1f33f4619dacd4c82d805574ca1f0160d44538d6ef081b2832"",""source_start_frame"":253,""source_window_frames"":240,""task_id"":""AU-04"",""thermal_crossover"":1,""tiny_size"":0,""visibility_event_count"":3}]}",1,11.0,AU-04,0,0,1,3,{},0.0,0.0,0.5,0.0,0.35,1.0,0.0,0.0,0.5,0.0,0.35,1.0
anti_uav410,AU-L04-W08,public-trajectory-replay-v2,"{""event_window_version"":""anti-uav-event-window-v1"",""evidence_type"":""measured_image_plane_tracks_with_simulated_response_resources"",""fps"":null,""image_height"":512,""image_width"":640,""measured_dimensions"":[""apparent_size"",""image_plane_speed"",""visibility""],""motion_unit"":""normalized_image_diagonal_per_frame"",""protected_point"":[0.5,0.85],""source_files"":[""D:\\360Downloads\\123\\data\\Anti-UAV410\\annos\\test\\20190925_124000_1_7.txt"",""D:\\360Downloads\\123\\data\\Anti-UAV410\\annos\\test\\20190925_124000_1_10.txt"",""D:\\360Downloads\\123\\data\\Anti-UAV410\\annos\\test\\20190926_111509_1_4.txt"",""D:\\360Downloads\\123\\data\\Anti-UAV410\\annos\\test\\20190925_124612_1_3.txt""],""source_sha256"":[""048fc956ffc203cedd2474e5b95ef3588e1453ade0fbb5d0c389cc6e7b0427de"",""a8f0c34264460d5f69611ba6a50f6f4a587c0ebf7fdfa313d148e5ad707c9ba0"",""00d4a615114f07e67d7aa588a8035a90618dc23af4bf67b8cb279d7add27be89"",""2f82ceb0bc3d8a1f33f4619dacd4c82d805574ca1f0160d44538d6ef081b2832""],""synthetic_dimensions"":[""spatial_level"",""risk"",""response_window"",""multi_sequence_concurrency"",""resources""],""time_basis"":""frames"",""track_count"":4,""track_windows"":[{""dynamic_background_clutter"":0,""event_center_frame"":42,""fast_motion"":1,""inactive_frames_in_window"":0,""medium_size"":1,""normal_size"":0,""occlusion"":0,""offset_steps"":0,""out_of_view"":0,""requested_window_mode"":""motion"",""scale_variation"":0,""selected_window_mode"":""motion"",""small_size"":1,""source_active_frames"":1000,""source_end_frame"":239,""source_frames"":1000,""source_inactive_frames"":0,""source_path"":""D:\\360Downloads\\123\\data\\Anti-UAV410\\annos\\test\\20190925_124000_1_7.txt"",""source_sha256"":""048fc956ffc203cedd2474e5b95ef3588e1453ade0fbb5d0c389cc6e7b0427de"",""source_start_frame"":0,""source_window_frames"":240,""task_id"":""AU-01"",""thermal_crossover"":1,""tiny_size"":0,""visibility_event_count"":0},{""dynamic_background_clutter"":0,""event_center_frame"":81,""fast_motion"":0,""inactive_frames_in_window"":0,""medium_size"":1,""normal_size"":0,""occlusion"":0,""offset_steps"":1,""out_of_view"":0,""requested_window_mode"":""motion"",""scale_variation"":0,""selected_window_mode"":""motion"",""small_size"":1,""source_active_frames"":164,""source_end_frame"":163,""source_frames"":164,""source_inactive_frames"":0,""source_path"":""D:\\360Downloads\\123\\data\\Anti-UAV410\\annos\\test\\20190925_124000_1_10.txt"",""source_sha256"":""a8f0c34264460d5f69611ba6a50f6f4a587c0ebf7fdfa313d148e5ad707c9ba0"",""source_start_frame"":0,""source_window_frames"":164,""task_id"":""AU-02"",""thermal_crossover"":1,""tiny_size"":0,""visibility_event_count"":0},{""dynamic_background_clutter"":0,""event_center_frame"":45,""fast_motion"":0,""inactive_frames_in_window"":0,""medium_size"":0,""normal_size"":1,""occlusion"":0,""offset_steps"":2,""out_of_view"":0,""requested_window_mode"":""motion"",""scale_variation"":0,""selected_window_mode"":""motion"",""small_size"":0,""source_active_frames"":1000,""source_end_frame"":239,""source_frames"":1000,""source_inactive_frames"":0,""source_path"":""D:\\360Downloads\\123\\data\\Anti-UAV410\\annos\\test\\20190926_111509_1_4.txt"",""source_sha256"":""00d4a615114f07e67d7aa588a8035a90618dc23af4bf67b8cb279d7add27be89"",""source_start_frame"":0,""source_window_frames"":240,""task_id"":""AU-03"",""thermal_crossover"":0,""tiny_size"":0,""visibility_event_count"":0},{""dynamic_background_clutter"":0,""event_center_frame"":373,""fast_motion"":0,""inactive_frames_in_window"":70,""medium_size"":1,""normal_size"":1,""occlusion"":0,""offset_steps"":3,""out_of_view"":1,""requested_window_mode"":""visibility"",""scale_variation"":1,""selected_window_mode"":""visibility"",""small_size"":1,""source_active_frames"":930,""source_end_frame"":492,""source_frames"":1000,""source_inactive_frames"":70,""source_path"":""D:\\360Downloads\\123\\data\\Anti-UAV410\\annos\\test\\20190925_124612_1_3.txt"",""source_sha256"":""2f82ceb0bc3d8a1f33f4619dacd4c82d805574ca1f0160d44538d6ef081b2832"",""source_start_frame"":253,""source_window_frames"":240,""task_id"":""AU-04"",""thermal_crossover"":1,""tiny_size"":0,""visibility_event_count"":3}]}",2,19.666666666666668,AU-01,1,1,1,3,{},0.48501511802575975,0.0807997767771944,0.5,0.36990310758509404,0.5780782194061461,1.0,0.48501511802575975,0.0807997767771944,0.5,0.36990310758509404,0.5780782194061461,1.0
anti_uav410,AU-L04-W08,public-trajectory-replay-v2,"{""event_window_version"":""anti-uav-event-window-v1"",""evidence_type"":""measured_image_plane_tracks_with_simulated_response_resources"",""fps"":null,""image_height"":512,""image_width"":640,""measured_dimensions"":[""apparent_size"",""image_plane_speed"",""visibility""],""motion_unit"":""normalized_image_diagonal_per_frame"",""protected_point"":[0.5,0.85],""source_files"":[""D:\\360Downloads\\123\\data\\Anti-UAV410\\annos\\test\\20190925_124000_1_7.txt"",""D:\\360Downloads\\123\\data\\Anti-UAV410\\annos\\test\\20190925_124000_1_10.txt"",""D:\\360Downloads\\123\\data\\Anti-UAV410\\annos\\test\\20190926_111509_1_4.txt"",""D:\\360Downloads\\123\\data\\Anti-UAV410\\annos\\test\\20190925_124612_1_3.txt""],""source_sha256"":[""048fc956ffc203cedd2474e5b95ef3588e1453ade0fbb5d0c389cc6e7b0427de"",""a8f0c34264460d5f69611ba6a50f6f4a587c0ebf7fdfa313d148e5ad707c9ba0"",""00d4a615114f07e67d7aa588a8035a90618dc23af4bf67b8cb279d7add27be89"",""2f82ceb0bc3d8a1f33f4619dacd4c82d805574ca1f0160d44538d6ef081b2832""],""synthetic_dimensions"":[""spatial_level"",""risk"",""response_window"",""multi_sequence_concurrency"",""resources""],""time_basis"":""frames"",""track_count"":4,""track_windows"":[{""dynamic_background_clutter"":0,""event_center_frame"":42,""fast_motion"":1,""inactive_frames_in_window"":0,""medium_size"":1,""normal_size"":0,""occlusion"":0,""offset_steps"":0,""out_of_view"":0,""requested_window_mode"":""motion"",""scale_variation"":0,""selected_window_mode"":""motion"",""small_size"":1,""source_active_frames"":1000,""source_end_frame"":239,""source_frames"":1000,""source_inactive_frames"":0,""source_path"":""D:\\360Downloads\\123\\data\\Anti-UAV410\\annos\\test\\20190925_124000_1_7.txt"",""source_sha256"":""048fc956ffc203cedd2474e5b95ef3588e1453ade0fbb5d0c389cc6e7b0427de"",""source_start_frame"":0,""source_window_frames"":240,""task_id"":""AU-01"",""thermal_crossover"":1,""tiny_size"":0,""visibility_event_count"":0},{""dynamic_background_clutter"":0,""event_center_frame"":81,""fast_motion"":0,""inactive_frames_in_window"":0,""medium_size"":1,""normal_size"":0,""occlusion"":0,""offset_steps"":1,""out_of_view"":0,""requested_window_mode"":""motion"",""scale_variation"":0,""selected_window_mode"":""motion"",""small_size"":1,""source_active_frames"":164,""source_end_frame"":163,""source_frames"":164,""source_inactive_frames"":0,""source_path"":""D:\\360Downloads\\123\\data\\Anti-UAV410\\annos\\test\\20190925_124000_1_10.txt"",""source_sha256"":""a8f0c34264460d5f69611ba6a50f6f4a587c0ebf7fdfa313d148e5ad707c9ba0"",""source_start_frame"":0,""source_window_frames"":164,""task_id"":""AU-02"",""thermal_crossover"":1,""tiny_size"":0,""visibility_event_count"":0},{""dynamic_background_clutter"":0,""event_center_frame"":45,""fast_motion"":0,""inactive_frames_in_window"":0,""medium_size"":0,""normal_size"":1,""occlusion"":0,""offset_steps"":2,""out_of_view"":0,""requested_window_mode"":""motion"",""scale_variation"":0,""selected_window_mode"":""motion"",""small_size"":0,""source_active_frames"":1000,""source_end_frame"":239,""source_frames"":1000,""source_inactive_frames"":0,""source_path"":""D:\\360Downloads\\123\\data\\Anti-UAV410\\annos\\test\\20190926_111509_1_4.txt"",""source_sha256"":""00d4a615114f07e67d7aa588a8035a90618dc23af4bf67b8cb279d7add27be89"",""source_start_frame"":0,""source_window_frames"":240,""task_id"":""AU-03"",""thermal_crossover"":0,""tiny_size"":0,""visibility_event_count"":0},{""dynamic_background_clutter"":0,""event_center_frame"":373,""fast_motion"":0,""inactive_frames_in_window"":70,""medium_size"":1,""normal_size"":1,""occlusion"":0,""offset_steps"":3,""out_of_view"":1,""requested_window_mode"":""visibility"",""scale_variation"":1,""selected_window_mode"":""visibility"",""small_size"":1,""source_active_frames"":930,""source_end_frame"":492,""source_frames"":1000,""source_inactive_frames"":70,""source_path"":""D:\\360Downloads\\123\\data\\Anti-UAV410\\annos\\test\\20190925_124612_1_3.txt"",""source_sha256"":""2f82ceb0bc3d8a1f33f4619dacd4c82d805574ca1f0160d44538d6ef081b2832"",""source_start_frame"":253,""source_window_frames"":240,""task_id"":""AU-04"",""thermal_crossover"":1,""tiny_size"":0,""visibility_event_count"":3}]}",2,19.666666666666668,AU-02,1,1,1,3,{},0.49581856157968157,0.4230191220451148,0.5,0.36990310758509404,0.636749641168982,0.7323598714212209,0.49581856157968157,0.4230191220451148,0.5,0.36990310758509404,0.636749641168982,0.7323598714212209
anti_uav410,AU-L04-W08,public-trajectory-replay-v2,"{""event_window_version"":""anti-uav-event-window-v1"",""evidence_type"":""measured_image_plane_tracks_with_simulated_response_resources"",""fps"":null,""image_height"":512,""image_width"":640,""measured_dimensions"":[""apparent_size"",""image_plane_speed"",""visibility""],""motion_unit"":""normalized_image_diagonal_per_frame"",""protected_point"":[0.5,0.85],""source_files"":[""D:\\360Downloads\\123\\data\\Anti-UAV410\\annos\\test\\20190925_124000_1_7.txt"",""D:\\360Downloads\\123\\data\\Anti-UAV410\\annos\\test\\20190925_124000_1_10.txt"",""D:\\360Downloads\\123\\data\\Anti-UAV410\\annos\\test\\20190926_111509_1_4.txt"",""D:\\360Downloads\\123\\data\\Anti-UAV410\\annos\\test\\20190925_124612_1_3.txt""],""source_sha256"":[""048fc956ffc203cedd2474e5b95ef3588e1453ade0fbb5d0c389cc6e7b0427de"",""a8f0c34264460d5f69611ba6a50f6f4a587c0ebf7fdfa313d148e5ad707c9ba0"",""00d4a615114f07e67d7aa588a8035a90618dc23af4bf67b8cb279d7add27be89"",""2f82ceb0bc3d8a1f33f4619dacd4c82d805574ca1f0160d44538d6ef081b2832""],""synthetic_dimensions"":[""spatial_level"",""risk"",""response_window"",""multi_sequence_concurrency"",""resources""],""time_basis"":""frames"",""track_count"":4,""track_windows"":[{""dynamic_background_clutter"":0,""event_center_frame"":42,""fast_motion"":1,""inactive_frames_in_window"":0,""medium_size"":1,""normal_size"":0,""occlusion"":0,""offset_steps"":0,""out_of_view"":0,""requested_window_mode"":""motion"",""scale_variation"":0,""selected_window_mode"":""motion"",""small_size"":1,""source_active_frames"":1000,""source_end_frame"":239,""source_frames"":1000,""source_inactive_frames"":0,""source_path"":""D:\\360Downloads\\123\\data\\Anti-UAV410\\annos\\test\\20190925_124000_1_7.txt"",""source_sha256"":""048fc956ffc203cedd2474e5b95ef3588e1453ade0fbb5d0c389cc6e7b0427de"",""source_start_frame"":0,""source_window_frames"":240,""task_id"":""AU-01"",""thermal_crossover"":1,""tiny_size"":0,""visibility_event_count"":0},{""dynamic_background_clutter"":0,""event_center_frame"":81,""fast_motion"":0,""inactive_frames_in_window"":0,""medium_size"":1,""normal_size"":0,""occlusion"":0,""offset_steps"":1,""out_of_view"":0,""requested_window_mode"":""motion"",""scale_variation"":0,""selected_window_mode"":""motion"",""small_size"":1,""source_active_frames"":164,""source_end_frame"":163,""source_frames"":164,""source_inactive_frames"":0,""source_path"":""D:\\360Downloads\\123\\data\\Anti-UAV410\\annos\\test\\20190925_124000_1_10.txt"",""source_sha256"":""a8f0c34264460d5f69611ba6a50f6f4a587c0ebf7fdfa313d148e5ad707c9ba0"",""source_start_frame"":0,""source_window_frames"":164,""task_id"":""AU-02"",""thermal_crossover"":1,""tiny_size"":0,""visibility_event_count"":0},{""dynamic_background_clutter"":0,""event_center_frame"":45,""fast_motion"":0,""inactive_frames_in_window"":0,""medium_size"":0,""normal_size"":1,""occlusion"":0,""offset_steps"":2,""out_of_view"":0,""requested_window_mode"":""motion"",""scale_variation"":0,""selected_window_mode"":""motion"",""small_size"":0,""source_active_frames"":1000,""source_end_frame"":239,""source_frames"":1000,""source_inactive_frames"":0,""source_path"":""D:\\360Downloads\\123\\data\\Anti-UAV410\\annos\\test\\20190926_111509_1_4.txt"",""source_sha256"":""00d4a615114f07e67d7aa588a8035a90618dc23af4bf67b8cb279d7add27be89"",""source_start_frame"":0,""source_window_frames"":240,""task_id"":""AU-03"",""thermal_crossover"":0,""tiny_size"":0,""visibility_event_count"":0},{""dynamic_background_clutter"":0,""event_center_frame"":373,""fast_motion"":0,""inactive_frames_in_window"":70,""medium_size"":1,""normal_size"":1,""occlusion"":0,""offset_steps"":3,""out_of_view"":1,""requested_window_mode"":""visibility"",""scale_variation"":1,""selected_window_mode"":""visibility"",""small_size"":1,""source_active_frames"":930,""source_end_frame"":492,""source_frames"":1000,""source_inactive_frames"":70,""source_path"":""D:\\360Downloads\\123\\data\\Anti-UAV410\\annos\\test\\20190925_124612_1_3.txt"",""source_sha256"":""2f82ceb0bc3d8a1f33f4619dacd4c82d805574ca1f0160d44538d6ef081b2832"",""source_start_frame"":253,""source_window_frames"":240,""task_id"":""AU-04"",""thermal_crossover"":1,""tiny_size"":0,""visibility_event_count"":3}]}",2,19.666666666666668,AU-03,1,1,1,3,{},0.956831930774679,0.0,0.5,0.0,0.5142320891084384,1.0,0.956831930774679,0.0,0.5,0.0,0.5142320891084384,1.0
anti_uav410,AU-L04-W08,public-trajectory-replay-v2,"{""event_window_version"":""anti-uav-event-window-v1"",""evidence_type"":""measured_image_plane_tracks_with_simulated_response_resources"",""fps"":null,""image_height"":512,""image_width"":640,""measured_dimensions"":[""apparent_size"",""image_plane_speed"",""visibility""],""motion_unit"":""normalized_image_diagonal_per_frame"",""protected_point"":[0.5,0.85],""source_files"":[""D:\\360Downloads\\123\\data\\Anti-UAV410\\annos\\test\\20190925_124000_1_7.txt"",""D:\\360Downloads\\123\\data\\Anti-UAV410\\annos\\test\\20190925_124000_1_10.txt"",""D:\\360Downloads\\123\\data\\Anti-UAV410\\annos\\test\\20190926_111509_1_4.txt"",""D:\\360Downloads\\123\\data\\Anti-UAV410\\annos\\test\\20190925_124612_1_3.txt""],""source_sha256"":[""048fc956ffc203cedd2474e5b95ef3588e1453ade0fbb5d0c389cc6e7b0427de"",""a8f0c34264460d5f69611ba6a50f6f4a587c0ebf7fdfa313d148e5ad707c9ba0"",""00d4a615114f07e67d7aa588a8035a90618dc23af4bf67b8cb279d7add27be89"",""2f82ceb0bc3d8a1f33f4619dacd4c82d805574ca1f0160d44538d6ef081b2832""],""synthetic_dimensions"":[""spatial_level"",""risk"",""response_window"",""multi_sequence_concurrency"",""resources""],""time_basis"":""frames"",""track_count"":4,""track_windows"":[{""dynamic_background_clutter"":0,""event_center_frame"":42,""fast_motion"":1,""inactive_frames_in_window"":0,""medium_size"":1,""normal_size"":0,""occlusion"":0,""offset_steps"":0,""out_of_view"":0,""requested_window_mode"":""motion"",""scale_variation"":0,""selected_window_mode"":""motion"",""small_size"":1,""source_active_frames"":1000,""source_end_frame"":239,""source_frames"":1000,""source_inactive_frames"":0,""source_path"":""D:\\360Downloads\\123\\data\\Anti-UAV410\\annos\\test\\20190925_124000_1_7.txt"",""source_sha256"":""048fc956ffc203cedd2474e5b95ef3588e1453ade0fbb5d0c389cc6e7b0427de"",""source_start_frame"":0,""source_window_frames"":240,""task_id"":""AU-01"",""thermal_crossover"":1,""tiny_size"":0,""visibility_event_count"":0},{""dynamic_background_clutter"":0,""event_center_frame"":81,""fast_motion"":0,""inactive_frames_in_window"":0,""medium_size"":1,""normal_size"":0,""occlusion"":0,""offset_steps"":1,""out_of_view"":0,""requested_window_mode"":""motion"",""scale_variation"":0,""selected_window_mode"":""motion"",""small_size"":1,""source_active_frames"":164,""source_end_frame"":163,""source_frames"":164,""source_inactive_frames"":0,""source_path"":""D:\\360Downloads\\123\\data\\Anti-UAV410\\annos\\test\\20190925_124000_1_10.txt"",""source_sha256"":""a8f0c34264460d5f69611ba6a50f6f4a587c0ebf7fdfa313d148e5ad707c9ba0"",""source_start_frame"":0,""source_window_frames"":164,""task_id"":""AU-02"",""thermal_crossover"":1,""tiny_size"":0,""visibility_event_count"":0},{""dynamic_background_clutter"":0,""event_center_frame"":45,""fast_motion"":0,""inactive_frames_in_window"":0,""medium_size"":0,""normal_size"":1,""occlusion"":0,""offset_steps"":2,""out_of_view"":0,""requested_window_mode"":""motion"",""scale_variation"":0,""selected_window_mode"":""motion"",""small_size"":0,""source_active_frames"":1000,""source_end_frame"":239,""source_frames"":1000,""source_inactive_frames"":0,""source_path"":""D:\\360Downloads\\123\\data\\Anti-UAV410\\annos\\test\\20190926_111509_1_4.txt"",""source_sha256"":""00d4a615114f07e67d7aa588a8035a90618dc23af4bf67b8cb279d7add27be89"",""source_start_frame"":0,""source_window_frames"":240,""task_id"":""AU-03"",""thermal_crossover"":0,""tiny_size"":0,""visibility_event_count"":0},{""dynamic_background_clutter"":0,""event_center_frame"":373,""fast_motion"":0,""inactive_frames_in_window"":70,""medium_size"":1,""normal_size"":1,""occlusion"":0,""offset_steps"":3,""out_of_view"":1,""requested_window_mode"":""visibility"",""scale_variation"":1,""selected_window_mode"":""visibility"",""small_size"":1,""source_active_frames"":930,""source_end_frame"":492,""source_frames"":1000,""source_inactive_frames"":70,""source_path"":""D:\\360Downloads\\123\\data\\Anti-UAV410\\annos\\test\\20190925_124612_1_3.txt"",""source_sha256"":""2f82ceb0bc3d8a1f33f4619dacd4c82d805574ca1f0160d44538d6ef081b2832"",""source_start_frame"":253,""source_window_frames"":240,""task_id"":""AU-04"",""thermal_crossover"":1,""tiny_size"":0,""visibility_event_count"":3}]}",2,19.666666666666668,AU-04,0,0,1,3,{},0.0,0.0,0.5,0.0,0.35,1.0,0.0,0.0,0.5,0.0,0.35,1.0
anti_uav410,AU-L04-W08,public-trajectory-replay-v2,"{""event_window_version"":""anti-uav-event-window-v1"",""evidence_type"":""measured_image_plane_tracks_with_simulated_response_resources"",""fps"":null,""image_height"":512,""image_width"":640,""measured_dimensions"":[""apparent_size"",""image_plane_speed"",""visibility""],""motion_unit"":""normalized_image_diagonal_per_frame"",""protected_point"":[0.5,0.85],""source_files"":[""D:\\360Downloads\\123\\data\\Anti-UAV410\\annos\\test\\20190925_124000_1_7.txt"",""D:\\360Downloads\\123\\data\\Anti-UAV410\\annos\\test\\20190925_124000_1_10.txt"",""D:\\360Downloads\\123\\data\\Anti-UAV410\\annos\\test\\20190926_111509_1_4.txt"",""D:\\360Downloads\\123\\data\\Anti-UAV410\\annos\\test\\20190925_124612_1_3.txt""],""source_sha256"":[""048fc956ffc203cedd2474e5b95ef3588e1453ade0fbb5d0c389cc6e7b0427de"",""a8f0c34264460d5f69611ba6a50f6f4a587c0ebf7fdfa313d148e5ad707c9ba0"",""00d4a615114f07e67d7aa588a8035a90618dc23af4bf67b8cb279d7add27be89"",""2f82ceb0bc3d8a1f33f4619dacd4c82d805574ca1f0160d44538d6ef081b2832""],""synthetic_dimensions"":[""spatial_level"",""risk"",""response_window"",""multi_sequence_concurrency"",""resources""],""time_basis"":""frames"",""track_count"":4,""track_windows"":[{""dynamic_background_clutter"":0,""event_center_frame"":42,""fast_motion"":1,""inactive_frames_in_window"":0,""medium_size"":1,""normal_size"":0,""occlusion"":0,""offset_steps"":0,""out_of_view"":0,""requested_window_mode"":""motion"",""scale_variation"":0,""selected_window_mode"":""motion"",""small_size"":1,""source_active_frames"":1000,""source_end_frame"":239,""source_frames"":1000,""source_inactive_frames"":0,""source_path"":""D:\\360Downloads\\123\\data\\Anti-UAV410\\annos\\test\\20190925_124000_1_7.txt"",""source_sha256"":""048fc956ffc203cedd2474e5b95ef3588e1453ade0fbb5d0c389cc6e7b0427de"",""source_start_frame"":0,""source_window_frames"":240,""task_id"":""AU-01"",""thermal_crossover"":1,""tiny_size"":0,""visibility_event_count"":0},{""dynamic_background_clutter"":0,""event_center_frame"":81,""fast_motion"":0,""inactive_frames_in_window"":0,""medium_size"":1,""normal_size"":0,""occlusion"":0,""offset_steps"":1,""out_of_view"":0,""requested_window_mode"":""motion"",""scale_variation"":0,""selected_window_mode"":""motion"",""small_size"":1,""source_active_frames"":164,""source_end_frame"":163,""source_frames"":164,""source_inactive_frames"":0,""source_path"":""D:\\360Downloads\\123\\data\\Anti-UAV410\\annos\\test\\20190925_124000_1_10.txt"",""source_sha256"":""a8f0c34264460d5f69611ba6a50f6f4a587c0ebf7fdfa313d148e5ad707c9ba0"",""source_start_frame"":0,""source_window_frames"":164,""task_id"":""AU-02"",""thermal_crossover"":1,""tiny_size"":0,""visibility_event_count"":0},{""dynamic_background_clutter"":0,""event_center_frame"":45,""fast_motion"":0,""inactive_frames_in_window"":0,""medium_size"":0,""normal_size"":1,""occlusion"":0,""offset_steps"":2,""out_of_view"":0,""requested_window_mode"":""motion"",""scale_variation"":0,""selected_window_mode"":""motion"",""small_size"":0,""source_active_frames"":1000,""source_end_frame"":239,""source_frames"":1000,""source_inactive_frames"":0,""source_path"":""D:\\360Downloads\\123\\data\\Anti-UAV410\\annos\\test\\20190926_111509_1_4.txt"",""source_sha256"":""00d4a615114f07e67d7aa588a8035a90618dc23af4bf67b8cb279d7add27be89"",""source_start_frame"":0,""source_window_frames"":240,""task_id"":""AU-03"",""thermal_crossover"":0,""tiny_size"":0,""visibility_event_count"":0},{""dynamic_background_clutter"":0,""event_center_frame"":373,""fast_motion"":0,""inactive_frames_in_window"":70,""medium_size"":1,""normal_size"":1,""occlusion"":0,""offset_steps"":3,""out_of_view"":1,""requested_window_mode"":""visibility"",""scale_variation"":1,""selected_window_mode"":""visibility"",""small_size"":1,""source_active_frames"":930,""source_end_frame"":492,""source_frames"":1000,""source_inactive_frames"":70,""source_path"":""D:\\360Downloads\\123\\data\\Anti-UAV410\\annos\\test\\20190925_124612_1_3.txt"",""source_sha256"":""2f82ceb0bc3d8a1f33f4619dacd4c82d805574ca1f0160d44538d6ef081b2832"",""source_start_frame"":253,""source_window_frames"":240,""task_id"":""AU-04"",""thermal_crossover"":1,""tiny_size"":0,""visibility_event_count"":3}]}",3,94.5,AU-01,1,1,1,3,{},0.560047217906421,0.3536218405758969,0.5,0.23331188571888517,0.5421602789865811,1.0,0.560047217906421,0.3536218405758969,0.5,0.23331188571888517,0.5421602789865811,1.0
anti_uav410,AU-L04-W08,public-trajectory-replay-v2,"{""event_window_version"":""anti-uav-event-window-v1"",""evidence_type"":""measured_image_plane_tracks_with_simulated_response_resources"",""fps"":null,""image_height"":512,""image_width"":640,""measured_dimensions"":[""apparent_size"",""image_plane_speed"",""visibility""],""motion_unit"":""normalized_image_diagonal_per_frame"",""protected_point"":[0.5,0.85],""source_files"":[""D:\\360Downloads\\123\\data\\Anti-UAV410\\annos\\test\\20190925_124000_1_7.txt"",""D:\\360Downloads\\123\\data\\Anti-UAV410\\annos\\test\\20190925_124000_1_10.txt"",""D:\\360Downloads\\123\\data\\Anti-UAV410\\annos\\test\\20190926_111509_1_4.txt"",""D:\\360Downloads\\123\\data\\Anti-UAV410\\annos\\test\\20190925_124612_1_3.txt""],""source_sha256"":[""048fc956ffc203cedd2474e5b95ef3588e1453ade0fbb5d0c389cc6e7b0427de"",""a8f0c34264460d5f69611ba6a50f6f4a587c0ebf7fdfa313d148e5ad707c9ba0"",""00d4a615114f07e67d7aa588a8035a90618dc23af4bf67b8cb279d7add27be89"",""2f82ceb0bc3d8a1f33f4619dacd4c82d805574ca1f0160d44538d6ef081b2832""],""synthetic_dimensions"":[""spatial_level"",""risk"",""response_window"",""multi_sequence_concurrency"",""resources""],""time_basis"":""frames"",""track_count"":4,""track_windows"":[{""dynamic_background_clutter"":0,""event_center_frame"":42,""fast_motion"":1,""inactive_frames_in_window"":0,""medium_size"":1,""normal_size"":0,""occlusion"":0,""offset_steps"":0,""out_of_view"":0,""requested_window_mode"":""motion"",""scale_variation"":0,""selected_window_mode"":""motion"",""small_size"":1,""source_active_frames"":1000,""source_end_frame"":239,""source_frames"":1000,""source_inactive_frames"":0,""source_path"":""D:\\360Downloads\\123\\data\\Anti-UAV410\\annos\\test\\20190925_124000_1_7.txt"",""source_sha256"":""048fc956ffc203cedd2474e5b95ef3588e1453ade0fbb5d0c389cc6e7b0427de"",""source_start_frame"":0,""source_window_frames"":240,""task_id"":""AU-01"",""thermal_crossover"":1,""tiny_size"":0,""visibility_event_count"":0},{""dynamic_background_clutter"":0,""event_center_frame"":81,""fast_motion"":0,""inactive_frames_in_window"":0,""medium_size"":1,""normal_size"":0,""occlusion"":0,""offset_steps"":1,""out_of_view"":0,""requested_window_mode"":""motion"",""scale_variation"":0,""selected_window_mode"":""motion"",""small_size"":1,""source_active_frames"":164,""source_end_frame"":163,""source_frames"":164,""source_inactive_frames"":0,""source_path"":""D:\\360Downloads\\123\\data\\Anti-UAV410\\annos\\test\\20190925_124000_1_10.txt"",""source_sha256"":""a8f0c34264460d5f69611ba6a50f6f4a587c0ebf7fdfa313d148e5ad707c9ba0"",""source_start_frame"":0,""source_window_frames"":164,""task_id"":""AU-02"",""thermal_crossover"":1,""tiny_size"":0,""visibility_event_count"":0},{""dynamic_background_clutter"":0,""event_center_frame"":45,""fast_motion"":0,""inactive_frames_in_window"":0,""medium_size"":0,""normal_size"":1,""occlusion"":0,""offset_steps"":2,""out_of_view"":0,""requested_window_mode"":""motion"",""scale_variation"":0,""selected_window_mode"":""motion"",""small_size"":0,""source_active_frames"":1000,""source_end_frame"":239,""source_frames"":1000,""source_inactive_frames"":0,""source_path"":""D:\\360Downloads\\123\\data\\Anti-UAV410\\annos\\test\\20190926_111509_1_4.txt"",""source_sha256"":""00d4a615114f07e67d7aa588a8035a90618dc23af4bf67b8cb279d7add27be89"",""source_start_frame"":0,""source_window_frames"":240,""task_id"":""AU-03"",""thermal_crossover"":0,""tiny_size"":0,""visibility_event_count"":0},{""dynamic_background_clutter"":0,""event_center_frame"":373,""fast_motion"":0,""inactive_frames_in_window"":70,""medium_size"":1,""normal_size"":1,""occlusion"":0,""offset_steps"":3,""out_of_view"":1,""requested_window_mode"":""visibility"",""scale_variation"":1,""selected_window_mode"":""visibility"",""small_size"":1,""source_active_frames"":930,""source_end_frame"":492,""source_frames"":1000,""source_inactive_frames"":70,""source_path"":""D:\\360Downloads\\123\\data\\Anti-UAV410\\annos\\test\\20190925_124612_1_3.txt"",""source_sha256"":""2f82ceb0bc3d8a1f33f4619dacd4c82d805574ca1f0160d44538d6ef081b2832"",""source_start_frame"":253,""source_window_frames"":240,""task_id"":""AU-04"",""thermal_crossover"":1,""tiny_size"":0,""visibility_event_count"":3}]}",3,94.5,AU-02,1,1,1,3,{},0.5105594772577514,0.15324464230560075,0.5,0.36221466432228205,0.6007219181439846,1.0,0.5105594772577514,0.15324464230560075,0.5,0.36221466432228205,0.6007219181439846,1.0
anti_uav410,AU-L04-W08,public-trajectory-replay-v2,"{""event_window_version"":""anti-uav-event-window-v1"",""evidence_type"":""measured_image_plane_tracks_with_simulated_response_resources"",""fps"":null,""image_height"":512,""image_width"":640,""measured_dimensions"":[""apparent_size"",""image_plane_speed"",""visibility""],""motion_unit"":""normalized_image_diagonal_per_frame"",""protected_point"":[0.5,0.85],""source_files"":[""D:\\360Downloads\\123\\data\\Anti-UAV410\\annos\\test\\20190925_124000_1_7.txt"",""D:\\360Downloads\\123\\data\\Anti-UAV410\\annos\\test\\20190925_124000_1_10.txt"",""D:\\360Downloads\\123\\data\\Anti-UAV410\\annos\\test\\20190926_111509_1_4.txt"",""D:\\360Downloads\\123\\data\\Anti-UAV410\\annos\\test\\20190925_124612_1_3.txt""],""source_sha256"":[""048fc956ffc203cedd2474e5b95ef3588e1453ade0fbb5d0c389cc6e7b0427de"",""a8f0c34264460d5f69611ba6a50f6f4a587c0ebf7fdfa313d148e5ad707c9ba0"",""00d4a615114f07e67d7aa588a8035a90618dc23af4bf67b8cb279d7add27be89"",""2f82ceb0bc3d8a1f33f4619dacd4c82d805574ca1f0160d44538d6ef081b2832""],""synthetic_dimensions"":[""spatial_level"",""risk"",""response_window"",""multi_sequence_concurrency"",""resources""],""time_basis"":""frames"",""track_count"":4,""track_windows"":[{""dynamic_background_clutter"":0,""event_center_frame"":42,""fast_motion"":1,""inactive_frames_in_window"":0,""medium_size"":1,""normal_size"":0,""occlusion"":0,""offset_steps"":0,""out_of_view"":0,""requested_window_mode"":""motion"",""scale_variation"":0,""selected_window_mode"":""motion"",""small_size"":1,""source_active_frames"":1000,""source_end_frame"":239,""source_frames"":1000,""source_inactive_frames"":0,""source_path"":""D:\\360Downloads\\123\\data\\Anti-UAV410\\annos\\test\\20190925_124000_1_7.txt"",""source_sha256"":""048fc956ffc203cedd2474e5b95ef3588e1453ade0fbb5d0c389cc6e7b0427de"",""source_start_frame"":0,""source_window_frames"":240,""task_id"":""AU-01"",""thermal_crossover"":1,""tiny_size"":0,""visibility_event_count"":0},{""dynamic_background_clutter"":0,""event_center_frame"":81,""fast_motion"":0,""inactive_frames_in_window"":0,""medium_size"":1,""normal_size"":0,""occlusion"":0,""offset_steps"":1,""out_of_view"":0,""requested_window_mode"":""motion"",""scale_variation"":0,""selected_window_mode"":""motion"",""small_size"":1,""source_active_frames"":164,""source_end_frame"":163,""source_frames"":164,""source_inactive_frames"":0,""source_path"":""D:\\360Downloads\\123\\data\\Anti-UAV410\\annos\\test\\20190925_124000_1_10.txt"",""source_sha256"":""a8f0c34264460d5f69611ba6a50f6f4a587c0ebf7fdfa313d148e5ad707c9ba0"",""source_start_frame"":0,""source_window_frames"":164,""task_id"":""AU-02"",""thermal_crossover"":1,""tiny_size"":0,""visibility_event_count"":0},{""dynamic_background_clutter"":0,""event_center_frame"":45,""fast_motion"":0,""inactive_frames_in_window"":0,""medium_size"":0,""normal_size"":1,""occlusion"":0,""offset_steps"":2,""out_of_view"":0,""requested_window_mode"":""motion"",""scale_variation"":0,""selected_window_mode"":""motion"",""small_size"":0,""source_active_frames"":1000,""source_end_frame"":239,""source_frames"":1000,""source_inactive_frames"":0,""source_path"":""D:\\360Downloads\\123\\data\\Anti-UAV410\\annos\\test\\20190926_111509_1_4.txt"",""source_sha256"":""00d4a615114f07e67d7aa588a8035a90618dc23af4bf67b8cb279d7add27be89"",""source_start_frame"":0,""source_window_frames"":240,""task_id"":""AU-03"",""thermal_crossover"":0,""tiny_size"":0,""visibility_event_count"":0},{""dynamic_background_clutter"":0,""event_center_frame"":373,""fast_motion"":0,""inactive_frames_in_window"":70,""medium_size"":1,""normal_size"":1,""occlusion"":0,""offset_steps"":3,""out_of_view"":1,""requested_window_mode"":""visibility"",""scale_variation"":1,""selected_window_mode"":""visibility"",""small_size"":1,""source_active_frames"":930,""source_end_frame"":492,""source_frames"":1000,""source_inactive_frames"":70,""source_path"":""D:\\360Downloads\\123\\data\\Anti-UAV410\\annos\\test\\20190925_124612_1_3.txt"",""source_sha256"":""2f82ceb0bc3d8a1f33f4619dacd4c82d805574ca1f0160d44538d6ef081b2832"",""source_start_frame"":253,""source_window_frames"":240,""task_id"":""AU-04"",""thermal_crossover"":1,""tiny_size"":0,""visibility_event_count"":3}]}",3,94.5,AU-03,1,1,1,3,{},0.9847745000619291,0.28580138791944154,0.5,0.0,0.5097549818582582,1.0,0.9847745000619291,0.28580138791944154,0.5,0.0,0.5097549818582582,1.0
anti_uav410,AU-L04-W08,public-trajectory-replay-v2,"{""event_window_version"":""anti-uav-event-window-v1"",""evidence_type"":""measured_image_plane_tracks_with_simulated_response_resources"",""fps"":null,""image_height"":512,""image_width"":640,""measured_dimensions"":[""apparent_size"",""image_plane_speed"",""visibility""],""motion_unit"":""normalized_image_diagonal_per_frame"",""protected_point"":[0.5,0.85],""source_files"":[""D:\\360Downloads\\123\\data\\Anti-UAV410\\annos\\test\\20190925_124000_1_7.txt"",""D:\\360Downloads\\123\\data\\Anti-UAV410\\annos\\test\\20190925_124000_1_10.txt"",""D:\\360Downloads\\123\\data\\Anti-UAV410\\annos\\test\\20190926_111509_1_4.txt"",""D:\\360Downloads\\123\\data\\Anti-UAV410\\annos\\test\\20190925_124612_1_3.txt""],""source_sha256"":[""048fc956ffc203cedd2474e5b95ef3588e1453ade0fbb5d0c389cc6e7b0427de"",""a8f0c34264460d5f69611ba6a50f6f4a587c0ebf7fdfa313d148e5ad707c9ba0"",""00d4a615114f07e67d7aa588a8035a90618dc23af4bf67b8cb279d7add27be89"",""2f82ceb0bc3d8a1f33f4619dacd4c82d805574ca1f0160d44538d6ef081b2832""],""synthetic_dimensions"":[""spatial_level"",""risk"",""response_window"",""multi_sequence_concurrency"",""resources""],""time_basis"":""frames"",""track_count"":4,""track_windows"":[{""dynamic_background_clutter"":0,""event_center_frame"":42,""fast_motion"":1,""inactive_frames_in_window"":0,""medium_size"":1,""normal_size"":0,""occlusion"":0,""offset_steps"":0,""out_of_view"":0,""requested_window_mode"":""motion"",""scale_variation"":0,""selected_window_mode"":""motion"",""small_size"":1,""source_active_frames"":1000,""source_end_frame"":239,""source_frames"":1000,""source_inactive_frames"":0,""source_path"":""D:\\360Downloads\\123\\data\\Anti-UAV410\\annos\\test\\20190925_124000_1_7.txt"",""source_sha256"":""048fc956ffc203cedd2474e5b95ef3588e1453ade0fbb5d0c389cc6e7b0427de"",""source_start_frame"":0,""source_window_frames"":240,""task_id"":""AU-01"",""thermal_crossover"":1,""tiny_size"":0,""visibility_event_count"":0},{""dynamic_background_clutter"":0,""event_center_frame"":81,""fast_motion"":0,""inactive_frames_in_window"":0,""medium_size"":1,""normal_size"":0,""occlusion"":0,""offset_steps"":1,""out_of_view"":0,""requested_window_mode"":""motion"",""scale_variation"":0,""selected_window_mode"":""motion"",""small_size"":1,""source_active_frames"":164,""source_end_frame"":163,""source_frames"":164,""source_inactive_frames"":0,""source_path"":""D:\\360Downloads\\123\\data\\Anti-UAV410\\annos\\test\\20190925_124000_1_10.txt"",""source_sha256"":""a8f0c34264460d5f69611ba6a50f6f4a587c0ebf7fdfa313d148e5ad707c9ba0"",""source_start_frame"":0,""source_window_frames"":164,""task_id"":""AU-02"",""thermal_crossover"":1,""tiny_size"":0,""visibility_event_count"":0},{""dynamic_background_clutter"":0,""event_center_frame"":45,""fast_motion"":0,""inactive_frames_in_window"":0,""medium_size"":0,""normal_size"":1,""occlusion"":0,""offset_steps"":2,""out_of_view"":0,""requested_window_mode"":""motion"",""scale_variation"":0,""selected_window_mode"":""motion"",""small_size"":0,""source_active_frames"":1000,""source_end_frame"":239,""source_frames"":1000,""source_inactive_frames"":0,""source_path"":""D:\\360Downloads\\123\\data\\Anti-UAV410\\annos\\test\\20190926_111509_1_4.txt"",""source_sha256"":""00d4a615114f07e67d7aa588a8035a90618dc23af4bf67b8cb279d7add27be89"",""source_start_frame"":0,""source_window_frames"":240,""task_id"":""AU-03"",""thermal_crossover"":0,""tiny_size"":0,""visibility_event_count"":0},{""dynamic_background_clutter"":0,""event_center_frame"":373,""fast_motion"":0,""inactive_frames_in_window"":70,""medium_size"":1,""normal_size"":1,""occlusion"":0,""offset_steps"":3,""out_of_view"":1,""requested_window_mode"":""visibility"",""scale_variation"":1,""selected_window_mode"":""visibility"",""small_size"":1,""source_active_frames"":930,""source_end_frame"":492,""source_frames"":1000,""source_inactive_frames"":70,""source_path"":""D:\\360Downloads\\123\\data\\Anti-UAV410\\annos\\test\\20190925_124612_1_3.txt"",""source_sha256"":""2f82ceb0bc3d8a1f33f4619dacd4c82d805574ca1f0160d44538d6ef081b2832"",""source_start_frame"":253,""source_window_frames"":240,""task_id"":""AU-04"",""thermal_crossover"":1,""tiny_size"":0,""visibility_event_count"":3}]}",3,94.5,AU-04,1,1,1,3,{},0.46766367177260343,0.0,0.5,0.2877291682519782,0.6341527679662311,1.0,0.46766367177260343,0.0,0.5,0.2877291682519782,0.6341527679662311,1.0
anti_uav410,AU-L04-W08,public-trajectory-replay-v2,"{""event_window_version"":""anti-uav-event-window-v1"",""evidence_type"":""measured_image_plane_tracks_with_simulated_response_resources"",""fps"":null,""image_height"":512,""image_width"":640,""measured_dimensions"":[""apparent_size"",""image_plane_speed"",""visibility""],""motion_unit"":""normalized_image_diagonal_per_frame"",""protected_point"":[0.5,0.85],""source_files"":[""D:\\360Downloads\\123\\data\\Anti-UAV410\\annos\\test\\20190925_124000_1_7.txt"",""D:\\360Downloads\\123\\data\\Anti-UAV410\\annos\\test\\20190925_124000_1_10.txt"",""D:\\360Downloads\\123\\data\\Anti-UAV410\\annos\\test\\20190926_111509_1_4.txt"",""D:\\360Downloads\\123\\data\\Anti-UAV410\\annos\\test\\20190925_124612_1_3.txt""],""source_sha256"":[""048fc956ffc203cedd2474e5b95ef3588e1453ade0fbb5d0c389cc6e7b0427de"",""a8f0c34264460d5f69611ba6a50f6f4a587c0ebf7fdfa313d148e5ad707c9ba0"",""00d4a615114f07e67d7aa588a8035a90618dc23af4bf67b8cb279d7add27be89"",""2f82ceb0bc3d8a1f33f4619dacd4c82d805574ca1f0160d44538d6ef081b2832""],""synthetic_dimensions"":[""spatial_level"",""risk"",""response_window"",""multi_sequence_concurrency"",""resources""],""time_basis"":""frames"",""track_count"":4,""track_windows"":[{""dynamic_background_clutter"":0,""event_center_frame"":42,""fast_motion"":1,""inactive_frames_in_window"":0,""medium_size"":1,""normal_size"":0,""occlusion"":0,""offset_steps"":0,""out_of_view"":0,""requested_window_mode"":""motion"",""scale_variation"":0,""selected_window_mode"":""motion"",""small_size"":1,""source_active_frames"":1000,""source_end_frame"":239,""source_frames"":1000,""source_inactive_frames"":0,""source_path"":""D:\\360Downloads\\123\\data\\Anti-UAV410\\annos\\test\\20190925_124000_1_7.txt"",""source_sha256"":""048fc956ffc203cedd2474e5b95ef3588e1453ade0fbb5d0c389cc6e7b0427de"",""source_start_frame"":0,""source_window_frames"":240,""task_id"":""AU-01"",""thermal_crossover"":1,""tiny_size"":0,""visibility_event_count"":0},{""dynamic_background_clutter"":0,""event_center_frame"":81,""fast_motion"":0,""inactive_frames_in_window"":0,""medium_size"":1,""normal_size"":0,""occlusion"":0,""offset_steps"":1,""out_of_view"":0,""requested_window_mode"":""motion"",""scale_variation"":0,""selected_window_mode"":""motion"",""small_size"":1,""source_active_frames"":164,""source_end_frame"":163,""source_frames"":164,""source_inactive_frames"":0,""source_path"":""D:\\360Downloads\\123\\data\\Anti-UAV410\\annos\\test\\20190925_124000_1_10.txt"",""source_sha256"":""a8f0c34264460d5f69611ba6a50f6f4a587c0ebf7fdfa313d148e5ad707c9ba0"",""source_start_frame"":0,""source_window_frames"":164,""task_id"":""AU-02"",""thermal_crossover"":1,""tiny_size"":0,""visibility_event_count"":0},{""dynamic_background_clutter"":0,""event_center_frame"":45,""fast_motion"":0,""inactive_frames_in_window"":0,""medium_size"":0,""normal_size"":1,""occlusion"":0,""offset_steps"":2,""out_of_view"":0,""requested_window_mode"":""motion"",""scale_variation"":0,""selected_window_mode"":""motion"",""small_size"":0,""source_active_frames"":1000,""source_end_frame"":239,""source_frames"":1000,""source_inactive_frames"":0,""source_path"":""D:\\360Downloads\\123\\data\\Anti-UAV410\\annos\\test\\20190926_111509_1_4.txt"",""source_sha256"":""00d4a615114f07e67d7aa588a8035a90618dc23af4bf67b8cb279d7add27be89"",""source_start_frame"":0,""source_window_frames"":240,""task_id"":""AU-03"",""thermal_crossover"":0,""tiny_size"":0,""visibility_event_count"":0},{""dynamic_background_clutter"":0,""event_center_frame"":373,""fast_motion"":0,""inactive_frames_in_window"":70,""medium_size"":1,""normal_size"":1,""occlusion"":0,""offset_steps"":3,""out_of_view"":1,""requested_window_mode"":""visibility"",""scale_variation"":1,""selected_window_mode"":""visibility"",""small_size"":1,""source_active_frames"":930,""source_end_frame"":492,""source_frames"":1000,""source_inactive_frames"":70,""source_path"":""D:\\360Downloads\\123\\data\\Anti-UAV410\\annos\\test\\20190925_124612_1_3.txt"",""source_sha256"":""2f82ceb0bc3d8a1f33f4619dacd4c82d805574ca1f0160d44538d6ef081b2832"",""source_start_frame"":253,""source_window_frames"":240,""task_id"":""AU-04"",""thermal_crossover"":1,""tiny_size"":0,""visibility_event_count"":3}]}",4,63.0,AU-01,1,1,1,3,{},0.42192322255259507,0.381850375845287,0.5,0.1803131109487754,0.5917268937061823,0.8428720736742389,0.42192322255259507,0.381850375845287,0.5,0.1803131109487754,0.5917268937061823,0.8428720736742389
anti_uav410,AU-L04-W08,public-trajectory-replay-v2,"{""event_window_version"":""anti-uav-event-window-v1"",""evidence_type"":""measured_image_plane_tracks_with_simulated_response_resources"",""fps"":null,""image_height"":512,""image_width"":640,""measured_dimensions"":[""apparent_size"",""image_plane_speed"",""visibility""],""motion_unit"":""normalized_image_diagonal_per_frame"",""protected_point"":[0.5,0.85],""source_files"":[""D:\\360Downloads\\123\\data\\Anti-UAV410\\annos\\test\\20190925_124000_1_7.txt"",""D:\\360Downloads\\123\\data\\Anti-UAV410\\annos\\test\\20190925_124000_1_10.txt"",""D:\\360Downloads\\123\\data\\Anti-UAV410\\annos\\test\\20190926_111509_1_4.txt"",""D:\\360Downloads\\123\\data\\Anti-UAV410\\annos\\test\\20190925_124612_1_3.txt""],""source_sha256"":[""048fc956ffc203cedd2474e5b95ef3588e1453ade0fbb5d0c389cc6e7b0427de"",""a8f0c34264460d5f69611ba6a50f6f4a587c0ebf7fdfa313d148e5ad707c9ba0"",""00d4a615114f07e67d7aa588a8035a90618dc23af4bf67b8cb279d7add27be89"",""2f82ceb0bc3d8a1f33f4619dacd4c82d805574ca1f0160d44538d6ef081b2832""],""synthetic_dimensions"":[""spatial_level"",""risk"",""response_window"",""multi_sequence_concurrency"",""resources""],""time_basis"":""frames"",""track_count"":4,""track_windows"":[{""dynamic_background_clutter"":0,""event_center_frame"":42,""fast_motion"":1,""inactive_frames_in_window"":0,""medium_size"":1,""normal_size"":0,""occlusion"":0,""offset_steps"":0,""out_of_view"":0,""requested_window_mode"":""motion"",""scale_variation"":0,""selected_window_mode"":""motion"",""small_size"":1,""source_active_frames"":1000,""source_end_frame"":239,""source_frames"":1000,""source_inactive_frames"":0,""source_path"":""D:\\360Downloads\\123\\data\\Anti-UAV410\\annos\\test\\20190925_124000_1_7.txt"",""source_sha256"":""048fc956ffc203cedd2474e5b95ef3588e1453ade0fbb5d0c389cc6e7b0427de"",""source_start_frame"":0,""source_window_frames"":240,""task_id"":""AU-01"",""thermal_crossover"":1,""tiny_size"":0,""visibility_event_count"":0},{""dynamic_background_clutter"":0,""event_center_frame"":81,""fast_motion"":0,""inactive_frames_in_window"":0,""medium_size"":1,""normal_size"":0,""occlusion"":0,""offset_steps"":1,""out_of_view"":0,""requested_window_mode"":""motion"",""scale_variation"":0,""selected_window_mode"":""motion"",""small_size"":1,""source_active_frames"":164,""source_end_frame"":163,""source_frames"":164,""source_inactive_frames"":0,""source_path"":""D:\\360Downloads\\123\\data\\Anti-UAV410\\annos\\test\\20190925_124000_1_10.txt"",""source_sha256"":""a8f0c34264460d5f69611ba6a50f6f4a587c0ebf7fdfa313d148e5ad707c9ba0"",""source_start_frame"":0,""source_window_frames"":164,""task_id"":""AU-02"",""thermal_crossover"":1,""tiny_size"":0,""visibility_event_count"":0},{""dynamic_background_clutter"":0,""event_center_frame"":45,""fast_motion"":0,""inactive_frames_in_window"":0,""medium_size"":0,""normal_size"":1,""occlusion"":0,""offset_steps"":2,""out_of_view"":0,""requested_window_mode"":""motion"",""scale_variation"":0,""selected_window_mode"":""motion"",""small_size"":0,""source_active_frames"":1000,""source_end_frame"":239,""source_frames"":1000,""source_inactive_frames"":0,""source_path"":""D:\\360Downloads\\123\\data\\Anti-UAV410\\annos\\test\\20190926_111509_1_4.txt"",""source_sha256"":""00d4a615114f07e67d7aa588a8035a90618dc23af4bf67b8cb279d7add27be89"",""source_start_frame"":0,""source_window_frames"":240,""task_id"":""AU-03"",""thermal_crossover"":0,""tiny_size"":0,""visibility_event_count"":0},{""dynamic_background_clutter"":0,""event_center_frame"":373,""fast_motion"":0,""inactive_frames_in_window"":70,""medium_size"":1,""normal_size"":1,""occlusion"":0,""offset_steps"":3,""out_of_view"":1,""requested_window_mode"":""visibility"",""scale_variation"":1,""selected_window_mode"":""visibility"",""small_size"":1,""source_active_frames"":930,""source_end_frame"":492,""source_frames"":1000,""source_inactive_frames"":70,""source_path"":""D:\\360Downloads\\123\\data\\Anti-UAV410\\annos\\test\\20190925_124612_1_3.txt"",""source_sha256"":""2f82ceb0bc3d8a1f33f4619dacd4c82d805574ca1f0160d44538d6ef081b2832"",""source_start_frame"":253,""source_window_frames"":240,""task_id"":""AU-04"",""thermal_crossover"":1,""tiny_size"":0,""visibility_event_count"":3}]}",4,63.0,AU-02,1,1,1,3,{},0.5273035607113694,0.6294067222256042,0.5,0.3192435243897705,0.6159044200349838,1.0,0.5273035607113694,0.6294067222256042,0.5,0.3192435243897705,0.6159044200349838,1.0
anti_uav410,AU-L04-W08,public-trajectory-replay-v2,"{""event_window_version"":""anti-uav-event-window-v1"",""evidence_type"":""measured_image_plane_tracks_with_simulated_response_resources"",""fps"":null,""image_height"":512,""image_width"":640,""measured_dimensions"":[""apparent_size"",""image_plane_speed"",""visibility""],""motion_unit"":""normalized_image_diagonal_per_frame"",""protected_point"":[0.5,0.85],""source_files"":[""D:\\360Downloads\\123\\data\\Anti-UAV410\\annos\\test\\20190925_124000_1_7.txt"",""D:\\360Downloads\\123\\data\\Anti-UAV410\\annos\\test\\20190925_124000_1_10.txt"",""D:\\360Downloads\\123\\data\\Anti-UAV410\\annos\\test\\20190926_111509_1_4.txt"",""D:\\360Downloads\\123\\data\\Anti-UAV410\\annos\\test\\20190925_124612_1_3.txt""],""source_sha256"":[""048fc956ffc203cedd2474e5b95ef3588e1453ade0fbb5d0c389cc6e7b0427de"",""a8f0c34264460d5f69611ba6a50f6f4a587c0ebf7fdfa313d148e5ad707c9ba0"",""00d4a615114f07e67d7aa588a8035a90618dc23af4bf67b8cb279d7add27be89"",""2f82ceb0bc3d8a1f33f4619dacd4c82d805574ca1f0160d44538d6ef081b2832""],""synthetic_dimensions"":[""spatial_level"",""risk"",""response_window"",""multi_sequence_concurrency"",""resources""],""time_basis"":""frames"",""track_count"":4,""track_windows"":[{""dynamic_background_clutter"":0,""event_center_frame"":42,""fast_motion"":1,""inactive_frames_in_window"":0,""medium_size"":1,""normal_size"":0,""occlusion"":0,""offset_steps"":0,""out_of_view"":0,""requested_window_mode"":""motion"",""scale_variation"":0,""selected_window_mode"":""motion"",""small_size"":1,""source_active_frames"":1000,""source_end_frame"":239,""source_frames"":1000,""source_inactive_frames"":0,""source_path"":""D:\\360Downloads\\123\\data\\Anti-UAV410\\annos\\test\\20190925_124000_1_7.txt"",""source_sha256"":""048fc956ffc203cedd2474e5b95ef3588e1453ade0fbb5d0c389cc6e7b0427de"",""source_start_frame"":0,""source_window_frames"":240,""task_id"":""AU-01"",""thermal_crossover"":1,""tiny_size"":0,""visibility_event_count"":0},{""dynamic_background_clutter"":0,""event_center_frame"":81,""fast_motion"":0,""inactive_frames_in_window"":0,""medium_size"":1,""normal_size"":0,""occlusion"":0,""offset_steps"":1,""out_of_view"":0,""requested_window_mode"":""motion"",""scale_variation"":0,""selected_window_mode"":""motion"",""small_size"":1,""source_active_frames"":164,""source_end_frame"":163,""source_frames"":164,""source_inactive_frames"":0,""source_path"":""D:\\360Downloads\\123\\data\\Anti-UAV410\\annos\\test\\20190925_124000_1_10.txt"",""source_sha256"":""a8f0c34264460d5f69611ba6a50f6f4a587c0ebf7fdfa313d148e5ad707c9ba0"",""source_start_frame"":0,""source_window_frames"":164,""task_id"":""AU-02"",""thermal_crossover"":1,""tiny_size"":0,""visibility_event_count"":0},{""dynamic_background_clutter"":0,""event_center_frame"":45,""fast_motion"":0,""inactive_frames_in_window"":0,""medium_size"":0,""normal_size"":1,""occlusion"":0,""offset_steps"":2,""out_of_view"":0,""requested_window_mode"":""motion"",""scale_variation"":0,""selected_window_mode"":""motion"",""small_size"":0,""source_active_frames"":1000,""source_end_frame"":239,""source_frames"":1000,""source_inactive_frames"":0,""source_path"":""D:\\360Downloads\\123\\data\\Anti-UAV410\\annos\\test\\20190926_111509_1_4.txt"",""source_sha256"":""00d4a615114f07e67d7aa588a8035a90618dc23af4bf67b8cb279d7add27be89"",""source_start_frame"":0,""source_window_frames"":240,""task_id"":""AU-03"",""thermal_crossover"":0,""tiny_size"":0,""visibility_event_count"":0},{""dynamic_background_clutter"":0,""event_center_frame"":373,""fast_motion"":0,""inactive_frames_in_window"":70,""medium_size"":1,""normal_size"":1,""occlusion"":0,""offset_steps"":3,""out_of_view"":1,""requested_window_mode"":""visibility"",""scale_variation"":1,""selected_window_mode"":""visibility"",""small_size"":1,""source_active_frames"":930,""source_end_frame"":492,""source_frames"":1000,""source_inactive_frames"":70,""source_path"":""D:\\360Downloads\\123\\data\\Anti-UAV410\\annos\\test\\20190925_124612_1_3.txt"",""source_sha256"":""2f82ceb0bc3d8a1f33f4619dacd4c82d805574ca1f0160d44538d6ef081b2832"",""source_start_frame"":253,""source_window_frames"":240,""task_id"":""AU-04"",""thermal_crossover"":1,""tiny_size"":0,""visibility_event_count"":3}]}",4,63.0,AU-03,1,1,1,3,{},1.0,0.1741535130174563,0.5,0.1389304134409951,0.5991868766518945,0.6471388410840986,1.0,0.1741535130174563,0.5,0.1389304134409951,0.5991868766518945,0.6471388410840986
anti_uav410,AU-L04-W08,public-trajectory-replay-v2,"{""event_window_version"":""anti-uav-event-window-v1"",""evidence_type"":""measured_image_plane_tracks_with_simulated_response_resources"",""fps"":null,""image_height"":512,""image_width"":640,""measured_dimensions"":[""apparent_size"",""image_plane_speed"",""visibility""],""motion_unit"":""normalized_image_diagonal_per_frame"",""protected_point"":[0.5,0.85],""source_files"":[""D:\\360Downloads\\123\\data\\Anti-UAV410\\annos\\test\\20190925_124000_1_7.txt"",""D:\\360Downloads\\123\\data\\Anti-UAV410\\annos\\test\\20190925_124000_1_10.txt"",""D:\\360Downloads\\123\\data\\Anti-UAV410\\annos\\test\\20190926_111509_1_4.txt"",""D:\\360Downloads\\123\\data\\Anti-UAV410\\annos\\test\\20190925_124612_1_3.txt""],""source_sha256"":[""048fc956ffc203cedd2474e5b95ef3588e1453ade0fbb5d0c389cc6e7b0427de"",""a8f0c34264460d5f69611ba6a50f6f4a587c0ebf7fdfa313d148e5ad707c9ba0"",""00d4a615114f07e67d7aa588a8035a90618dc23af4bf67b8cb279d7add27be89"",""2f82ceb0bc3d8a1f33f4619dacd4c82d805574ca1f0160d44538d6ef081b2832""],""synthetic_dimensions"":[""spatial_level"",""risk"",""response_window"",""multi_sequence_concurrency"",""resources""],""time_basis"":""frames"",""track_count"":4,""track_windows"":[{""dynamic_background_clutter"":0,""event_center_frame"":42,""fast_motion"":1,""inactive_frames_in_window"":0,""medium_size"":1,""normal_size"":0,""occlusion"":0,""offset_steps"":0,""out_of_view"":0,""requested_window_mode"":""motion"",""scale_variation"":0,""selected_window_mode"":""motion"",""small_size"":1,""source_active_frames"":1000,""source_end_frame"":239,""source_frames"":1000,""source_inactive_frames"":0,""source_path"":""D:\\360Downloads\\123\\data\\Anti-UAV410\\annos\\test\\20190925_124000_1_7.txt"",""source_sha256"":""048fc956ffc203cedd2474e5b95ef3588e1453ade0fbb5d0c389cc6e7b0427de"",""source_start_frame"":0,""source_window_frames"":240,""task_id"":""AU-01"",""thermal_crossover"":1,""tiny_size"":0,""visibility_event_count"":0},{""dynamic_background_clutter"":0,""event_center_frame"":81,""fast_motion"":0,""inactive_frames_in_window"":0,""medium_size"":1,""normal_size"":0,""occlusion"":0,""offset_steps"":1,""out_of_view"":0,""requested_window_mode"":""motion"",""scale_variation"":0,""selected_window_mode"":""motion"",""small_size"":1,""source_active_frames"":164,""source_end_frame"":163,""source_frames"":164,""source_inactive_frames"":0,""source_path"":""D:\\360Downloads\\123\\data\\Anti-UAV410\\annos\\test\\20190925_124000_1_10.txt"",""source_sha256"":""a8f0c34264460d5f69611ba6a50f6f4a587c0ebf7fdfa313d148e5ad707c9ba0"",""source_start_frame"":0,""source_window_frames"":164,""task_id"":""AU-02"",""thermal_crossover"":1,""tiny_size"":0,""visibility_event_count"":0},{""dynamic_background_clutter"":0,""event_center_frame"":45,""fast_motion"":0,""inactive_frames_in_window"":0,""medium_size"":0,""normal_size"":1,""occlusion"":0,""offset_steps"":2,""out_of_view"":0,""requested_window_mode"":""motion"",""scale_variation"":0,""selected_window_mode"":""motion"",""small_size"":0,""source_active_frames"":1000,""source_end_frame"":239,""source_frames"":1000,""source_inactive_frames"":0,""source_path"":""D:\\360Downloads\\123\\data\\Anti-UAV410\\annos\\test\\20190926_111509_1_4.txt"",""source_sha256"":""00d4a615114f07e67d7aa588a8035a90618dc23af4bf67b8cb279d7add27be89"",""source_start_frame"":0,""source_window_frames"":240,""task_id"":""AU-03"",""thermal_crossover"":0,""tiny_size"":0,""visibility_event_count"":0},{""dynamic_background_clutter"":0,""event_center_frame"":373,""fast_motion"":0,""inactive_frames_in_window"":70,""medium_size"":1,""normal_size"":1,""occlusion"":0,""offset_steps"":3,""out_of_view"":1,""requested_window_mode"":""visibility"",""scale_variation"":1,""selected_window_mode"":""visibility"",""small_size"":1,""source_active_frames"":930,""source_end_frame"":492,""source_frames"":1000,""source_inactive_frames"":70,""source_path"":""D:\\360Downloads\\123\\data\\Anti-UAV410\\annos\\test\\20190925_124612_1_3.txt"",""source_sha256"":""2f82ceb0bc3d8a1f33f4619dacd4c82d805574ca1f0160d44538d6ef081b2832"",""source_start_frame"":253,""source_window_frames"":240,""task_id"":""AU-04"",""thermal_crossover"":1,""tiny_size"":0,""visibility_event_count"":3}]}",4,63.0,AU-04,0,0,1,3,{},0.0,0.0,0.5,0.0,0.35,1.0,0.0,0.0,0.5,0.0,0.35,1.0
anti_uav410,AU-L04-W08,public-trajectory-replay-v2,"{""event_window_version"":""anti-uav-event-window-v1"",""evidence_type"":""measured_image_plane_tracks_with_simulated_response_resources"",""fps"":null,""image_height"":512,""image_width"":640,""measured_dimensions"":[""apparent_size"",""image_plane_speed"",""visibility""],""motion_unit"":""normalized_image_diagonal_per_frame"",""protected_point"":[0.5,0.85],""source_files"":[""D:\\360Downloads\\123\\data\\Anti-UAV410\\annos\\test\\20190925_124000_1_7.txt"",""D:\\360Downloads\\123\\data\\Anti-UAV410\\annos\\test\\20190925_124000_1_10.txt"",""D:\\360Downloads\\123\\data\\Anti-UAV410\\annos\\test\\20190926_111509_1_4.txt"",""D:\\360Downloads\\123\\data\\Anti-UAV410\\annos\\test\\20190925_124612_1_3.txt""],""source_sha256"":[""048fc956ffc203cedd2474e5b95ef3588e1453ade0fbb5d0c389cc6e7b0427de"",""a8f0c34264460d5f69611ba6a50f6f4a587c0ebf7fdfa313d148e5ad707c9ba0"",""00d4a615114f07e67d7aa588a8035a90618dc23af4bf67b8cb279d7add27be89"",""2f82ceb0bc3d8a1f33f4619dacd4c82d805574ca1f0160d44538d6ef081b2832""],""synthetic_dimensions"":[""spatial_level"",""risk"",""response_window"",""multi_sequence_concurrency"",""resources""],""time_basis"":""frames"",""track_count"":4,""track_windows"":[{""dynamic_background_clutter"":0,""event_center_frame"":42,""fast_motion"":1,""inactive_frames_in_window"":0,""medium_size"":1,""normal_size"":0,""occlusion"":0,""offset_steps"":0,""out_of_view"":0,""requested_window_mode"":""motion"",""scale_variation"":0,""selected_window_mode"":""motion"",""small_size"":1,""source_active_frames"":1000,""source_end_frame"":239,""source_frames"":1000,""source_inactive_frames"":0,""source_path"":""D:\\360Downloads\\123\\data\\Anti-UAV410\\annos\\test\\20190925_124000_1_7.txt"",""source_sha256"":""048fc956ffc203cedd2474e5b95ef3588e1453ade0fbb5d0c389cc6e7b0427de"",""source_start_frame"":0,""source_window_frames"":240,""task_id"":""AU-01"",""thermal_crossover"":1,""tiny_size"":0,""visibility_event_count"":0},{""dynamic_background_clutter"":0,""event_center_frame"":81,""fast_motion"":0,""inactive_frames_in_window"":0,""medium_size"":1,""normal_size"":0,""occlusion"":0,""offset_steps"":1,""out_of_view"":0,""requested_window_mode"":""motion"",""scale_variation"":0,""selected_window_mode"":""motion"",""small_size"":1,""source_active_frames"":164,""source_end_frame"":163,""source_frames"":164,""source_inactive_frames"":0,""source_path"":""D:\\360Downloads\\123\\data\\Anti-UAV410\\annos\\test\\20190925_124000_1_10.txt"",""source_sha256"":""a8f0c34264460d5f69611ba6a50f6f4a587c0ebf7fdfa313d148e5ad707c9ba0"",""source_start_frame"":0,""source_window_frames"":164,""task_id"":""AU-02"",""thermal_crossover"":1,""tiny_size"":0,""visibility_event_count"":0},{""dynamic_background_clutter"":0,""event_center_frame"":45,""fast_motion"":0,""inactive_frames_in_window"":0,""medium_size"":0,""normal_size"":1,""occlusion"":0,""offset_steps"":2,""out_of_view"":0,""requested_window_mode"":""motion"",""scale_variation"":0,""selected_window_mode"":""motion"",""small_size"":0,""source_active_frames"":1000,""source_end_frame"":239,""source_frames"":1000,""source_inactive_frames"":0,""source_path"":""D:\\360Downloads\\123\\data\\Anti-UAV410\\annos\\test\\20190926_111509_1_4.txt"",""source_sha256"":""00d4a615114f07e67d7aa588a8035a90618dc23af4bf67b8cb279d7add27be89"",""source_start_frame"":0,""source_window_frames"":240,""task_id"":""AU-03"",""thermal_crossover"":0,""tiny_size"":0,""visibility_event_count"":0},{""dynamic_background_clutter"":0,""event_center_frame"":373,""fast_motion"":0,""inactive_frames_in_window"":70,""medium_size"":1,""normal_size"":1,""occlusion"":0,""offset_steps"":3,""out_of_view"":1,""requested_window_mode"":""visibility"",""scale_variation"":1,""selected_window_mode"":""visibility"",""small_size"":1,""source_active_frames"":930,""source_end_frame"":492,""source_frames"":1000,""source_inactive_frames"":70,""source_path"":""D:\\360Downloads\\123\\data\\Anti-UAV410\\annos\\test\\20190925_124612_1_3.txt"",""source_sha256"":""2f82ceb0bc3d8a1f33f4619dacd4c82d805574ca1f0160d44538d6ef081b2832"",""source_start_frame"":253,""source_window_frames"":240,""task_id"":""AU-04"",""thermal_crossover"":1,""tiny_size"":0,""visibility_event_count"":3}]}",5,84.66666666666667,AU-01,1,1,1,3,{},0.4768630228445309,0.2681435521909309,0.5,0.10722758228314883,0.5359953056616995,1.0,0.4768630228445309,0.2681435521909309,0.5,0.10722758228314883,0.5359953056616995,1.0
anti_uav410,AU-L04-W08,public-trajectory-replay-v2,"{""event_window_version"":""anti-uav-event-window-v1"",""evidence_type"":""measured_image_plane_tracks_with_simulated_response_resources"",""fps"":null,""image_height"":512,""image_width"":640,""measured_dimensions"":[""apparent_size"",""image_plane_speed"",""visibility""],""motion_unit"":""normalized_image_diagonal_per_frame"",""protected_point"":[0.5,0.85],""source_files"":[""D:\\360Downloads\\123\\data\\Anti-UAV410\\annos\\test\\20190925_124000_1_7.txt"",""D:\\360Downloads\\123\\data\\Anti-UAV410\\annos\\test\\20190925_124000_1_10.txt"",""D:\\360Downloads\\123\\data\\Anti-UAV410\\annos\\test\\20190926_111509_1_4.txt"",""D:\\360Downloads\\123\\data\\Anti-UAV410\\annos\\test\\20190925_124612_1_3.txt""],""source_sha256"":[""048fc956ffc203cedd2474e5b95ef3588e1453ade0fbb5d0c389cc6e7b0427de"",""a8f0c34264460d5f69611ba6a50f6f4a587c0ebf7fdfa313d148e5ad707c9ba0"",""00d4a615114f07e67d7aa588a8035a90618dc23af4bf67b8cb279d7add27be89"",""2f82ceb0bc3d8a1f33f4619dacd4c82d805574ca1f0160d44538d6ef081b2832""],""synthetic_dimensions"":[""spatial_level"",""risk"",""response_window"",""multi_sequence_concurrency"",""resources""],""time_basis"":""frames"",""track_count"":4,""track_windows"":[{""dynamic_background_clutter"":0,""event_center_frame"":42,""fast_motion"":1,""inactive_frames_in_window"":0,""medium_size"":1,""normal_size"":0,""occlusion"":0,""offset_steps"":0,""out_of_view"":0,""requested_window_mode"":""motion"",""scale_variation"":0,""selected_window_mode"":""motion"",""small_size"":1,""source_active_frames"":1000,""source_end_frame"":239,""source_frames"":1000,""source_inactive_frames"":0,""source_path"":""D:\\360Downloads\\123\\data\\Anti-UAV410\\annos\\test\\20190925_124000_1_7.txt"",""source_sha256"":""048fc956ffc203cedd2474e5b95ef3588e1453ade0fbb5d0c389cc6e7b0427de"",""source_start_frame"":0,""source_window_frames"":240,""task_id"":""AU-01"",""thermal_crossover"":1,""tiny_size"":0,""visibility_event_count"":0},{""dynamic_background_clutter"":0,""event_center_frame"":81,""fast_motion"":0,""inactive_frames_in_window"":0,""medium_size"":1,""normal_size"":0,""occlusion"":0,""offset_steps"":1,""out_of_view"":0,""requested_window_mode"":""motion"",""scale_variation"":0,""selected_window_mode"":""motion"",""small_size"":1,""source_active_frames"":164,""source_end_frame"":163,""source_frames"":164,""source_inactive_frames"":0,""source_path"":""D:\\360Downloads\\123\\data\\Anti-UAV410\\annos\\test\\20190925_124000_1_10.txt"",""source_sha256"":""a8f0c34264460d5f69611ba6a50f6f4a587c0ebf7fdfa313d148e5ad707c9ba0"",""source_start_frame"":0,""source_window_frames"":164,""task_id"":""AU-02"",""thermal_crossover"":1,""tiny_size"":0,""visibility_event_count"":0},{""dynamic_background_clutter"":0,""event_center_frame"":45,""fast_motion"":0,""inactive_frames_in_window"":0,""medium_size"":0,""normal_size"":1,""occlusion"":0,""offset_steps"":2,""out_of_view"":0,""requested_window_mode"":""motion"",""scale_variation"":0,""selected_window_mode"":""motion"",""small_size"":0,""source_active_frames"":1000,""source_end_frame"":239,""source_frames"":1000,""source_inactive_frames"":0,""source_path"":""D:\\360Downloads\\123\\data\\Anti-UAV410\\annos\\test\\20190926_111509_1_4.txt"",""source_sha256"":""00d4a615114f07e67d7aa588a8035a90618dc23af4bf67b8cb279d7add27be89"",""source_start_frame"":0,""source_window_frames"":240,""task_id"":""AU-03"",""thermal_crossover"":0,""tiny_size"":0,""visibility_event_count"":0},{""dynamic_background_clutter"":0,""event_center_frame"":373,""fast_motion"":0,""inactive_frames_in_window"":70,""medium_size"":1,""normal_size"":1,""occlusion"":0,""offset_steps"":3,""out_of_view"":1,""requested_window_mode"":""visibility"",""scale_variation"":1,""selected_window_mode"":""visibility"",""small_size"":1,""source_active_frames"":930,""source_end_frame"":492,""source_frames"":1000,""source_inactive_frames"":70,""source_path"":""D:\\360Downloads\\123\\data\\Anti-UAV410\\annos\\test\\20190925_124612_1_3.txt"",""source_sha256"":""2f82ceb0bc3d8a1f33f4619dacd4c82d805574ca1f0160d44538d6ef081b2832"",""source_start_frame"":253,""source_window_frames"":240,""task_id"":""AU-04"",""thermal_crossover"":1,""tiny_size"":0,""visibility_event_count"":3}]}",5,84.66666666666667,AU-02,1,1,1,3,{},0.46947282232604026,0.20691930634464484,0.5,0.2957936095300696,0.5988305842024538,1.0,0.46947282232604026,0.20691930634464484,0.5,0.2957936095300696,0.5988305842024538,1.0
anti_uav410,AU-L04-W08,public-trajectory-replay-v2,"{""event_window_version"":""anti-uav-event-window-v1"",""evidence_type"":""measured_image_plane_tracks_with_simulated_response_resources"",""fps"":null,""image_height"":512,""image_width"":640,""measured_dimensions"":[""apparent_size"",""image_plane_speed"",""visibility""],""motion_unit"":""normalized_image_diagonal_per_frame"",""protected_point"":[0.5,0.85],""source_files"":[""D:\\360Downloads\\123\\data\\Anti-UAV410\\annos\\test\\20190925_124000_1_7.txt"",""D:\\360Downloads\\123\\data\\Anti-UAV410\\annos\\test\\20190925_124000_1_10.txt"",""D:\\360Downloads\\123\\data\\Anti-UAV410\\annos\\test\\20190926_111509_1_4.txt"",""D:\\360Downloads\\123\\data\\Anti-UAV410\\annos\\test\\20190925_124612_1_3.txt""],""source_sha256"":[""048fc956ffc203cedd2474e5b95ef3588e1453ade0fbb5d0c389cc6e7b0427de"",""a8f0c34264460d5f69611ba6a50f6f4a587c0ebf7fdfa313d148e5ad707c9ba0"",""00d4a615114f07e67d7aa588a8035a90618dc23af4bf67b8cb279d7add27be89"",""2f82ceb0bc3d8a1f33f4619dacd4c82d805574ca1f0160d44538d6ef081b2832""],""synthetic_dimensions"":[""spatial_level"",""risk"",""response_window"",""multi_sequence_concurrency"",""resources""],""time_basis"":""frames"",""track_count"":4,""track_windows"":[{""dynamic_background_clutter"":0,""event_center_frame"":42,""fast_motion"":1,""inactive_frames_in_window"":0,""medium_size"":1,""normal_size"":0,""occlusion"":0,""offset_steps"":0,""out_of_view"":0,""requested_window_mode"":""motion"",""scale_variation"":0,""selected_window_mode"":""motion"",""small_size"":1,""source_active_frames"":1000,""source_end_frame"":239,""source_frames"":1000,""source_inactive_frames"":0,""source_path"":""D:\\360Downloads\\123\\data\\Anti-UAV410\\annos\\test\\20190925_124000_1_7.txt"",""source_sha256"":""048fc956ffc203cedd2474e5b95ef3588e1453ade0fbb5d0c389cc6e7b0427de"",""source_start_frame"":0,""source_window_frames"":240,""task_id"":""AU-01"",""thermal_crossover"":1,""tiny_size"":0,""visibility_event_count"":0},{""dynamic_background_clutter"":0,""event_center_frame"":81,""fast_motion"":0,""inactive_frames_in_window"":0,""medium_size"":1,""normal_size"":0,""occlusion"":0,""offset_steps"":1,""out_of_view"":0,""requested_window_mode"":""motion"",""scale_variation"":0,""selected_window_mode"":""motion"",""small_size"":1,""source_active_frames"":164,""source_end_frame"":163,""source_frames"":164,""source_inactive_frames"":0,""source_path"":""D:\\360Downloads\\123\\data\\Anti-UAV410\\annos\\test\\20190925_124000_1_10.txt"",""source_sha256"":""a8f0c34264460d5f69611ba6a50f6f4a587c0ebf7fdfa313d148e5ad707c9ba0"",""source_start_frame"":0,""source_window_frames"":164,""task_id"":""AU-02"",""thermal_crossover"":1,""tiny_size"":0,""visibility_event_count"":0},{""dynamic_background_clutter"":0,""event_center_frame"":45,""fast_motion"":0,""inactive_frames_in_window"":0,""medium_size"":0,""normal_size"":1,""occlusion"":0,""offset_steps"":2,""out_of_view"":0,""requested_window_mode"":""motion"",""scale_variation"":0,""selected_window_mode"":""motion"",""small_size"":0,""source_active_frames"":1000,""source_end_frame"":239,""source_frames"":1000,""source_inactive_frames"":0,""source_path"":""D:\\360Downloads\\123\\data\\Anti-UAV410\\annos\\test\\20190926_111509_1_4.txt"",""source_sha256"":""00d4a615114f07e67d7aa588a8035a90618dc23af4bf67b8cb279d7add27be89"",""source_start_frame"":0,""source_window_frames"":240,""task_id"":""AU-03"",""thermal_crossover"":0,""tiny_size"":0,""visibility_event_count"":0},{""dynamic_background_clutter"":0,""event_center_frame"":373,""fast_motion"":0,""inactive_frames_in_window"":70,""medium_size"":1,""normal_size"":1,""occlusion"":0,""offset_steps"":3,""out_of_view"":1,""requested_window_mode"":""visibility"",""scale_variation"":1,""selected_window_mode"":""visibility"",""small_size"":1,""source_active_frames"":930,""source_end_frame"":492,""source_frames"":1000,""source_inactive_frames"":70,""source_path"":""D:\\360Downloads\\123\\data\\Anti-UAV410\\annos\\test\\20190925_124612_1_3.txt"",""source_sha256"":""2f82ceb0bc3d8a1f33f4619dacd4c82d805574ca1f0160d44538d6ef081b2832"",""source_start_frame"":253,""source_window_frames"":240,""task_id"":""AU-04"",""thermal_crossover"":1,""tiny_size"":0,""visibility_event_count"":3}]}",5,84.66666666666667,AU-03,1,1,1,3,{},0.9655411053878423,0.1836075433469236,0.5,0.1885660272469208,0.6062198268604391,0.9500128127137814,0.9655411053878423,0.1836075433469236,0.5,0.1885660272469208,0.6062198268604391,0.9500128127137814
anti_uav410,AU-L04-W08,public-trajectory-replay-v2,"{""event_window_version"":""anti-uav-event-window-v1"",""evidence_type"":""measured_image_plane_tracks_with_simulated_response_resources"",""fps"":null,""image_height"":512,""image_width"":640,""measured_dimensions"":[""apparent_size"",""image_plane_speed"",""visibility""],""motion_unit"":""normalized_image_diagonal_per_frame"",""protected_point"":[0.5,0.85],""source_files"":[""D:\\360Downloads\\123\\data\\Anti-UAV410\\annos\\test\\20190925_124000_1_7.txt"",""D:\\360Downloads\\123\\data\\Anti-UAV410\\annos\\test\\20190925_124000_1_10.txt"",""D:\\360Downloads\\123\\data\\Anti-UAV410\\annos\\test\\20190926_111509_1_4.txt"",""D:\\360Downloads\\123\\data\\Anti-UAV410\\annos\\test\\20190925_124612_1_3.txt""],""source_sha256"":[""048fc956ffc203cedd2474e5b95ef3588e1453ade0fbb5d0c389cc6e7b0427de"",""a8f0c34264460d5f69611ba6a50f6f4a587c0ebf7fdfa313d148e5ad707c9ba0"",""00d4a615114f07e67d7aa588a8035a90618dc23af4bf67b8cb279d7add27be89"",""2f82ceb0bc3d8a1f33f4619dacd4c82d805574ca1f0160d44538d6ef081b2832""],""synthetic_dimensions"":[""spatial_level"",""risk"",""response_window"",""multi_sequence_concurrency"",""resources""],""time_basis"":""frames"",""track_count"":4,""track_windows"":[{""dynamic_background_clutter"":0,""event_center_frame"":42,""fast_motion"":1,""inactive_frames_in_window"":0,""medium_size"":1,""normal_size"":0,""occlusion"":0,""offset_steps"":0,""out_of_view"":0,""requested_window_mode"":""motion"",""scale_variation"":0,""selected_window_mode"":""motion"",""small_size"":1,""source_active_frames"":1000,""source_end_frame"":239,""source_frames"":1000,""source_inactive_frames"":0,""source_path"":""D:\\360Downloads\\123\\data\\Anti-UAV410\\annos\\test\\20190925_124000_1_7.txt"",""source_sha256"":""048fc956ffc203cedd2474e5b95ef3588e1453ade0fbb5d0c389cc6e7b0427de"",""source_start_frame"":0,""source_window_frames"":240,""task_id"":""AU-01"",""thermal_crossover"":1,""tiny_size"":0,""visibility_event_count"":0},{""dynamic_background_clutter"":0,""event_center_frame"":81,""fast_motion"":0,""inactive_frames_in_window"":0,""medium_size"":1,""normal_size"":0,""occlusion"":0,""offset_steps"":1,""out_of_view"":0,""requested_window_mode"":""motion"",""scale_variation"":0,""selected_window_mode"":""motion"",""small_size"":1,""source_active_frames"":164,""source_end_frame"":163,""source_frames"":164,""source_inactive_frames"":0,""source_path"":""D:\\360Downloads\\123\\data\\Anti-UAV410\\annos\\test\\20190925_124000_1_10.txt"",""source_sha256"":""a8f0c34264460d5f69611ba6a50f6f4a587c0ebf7fdfa313d148e5ad707c9ba0"",""source_start_frame"":0,""source_window_frames"":164,""task_id"":""AU-02"",""thermal_crossover"":1,""tiny_size"":0,""visibility_event_count"":0},{""dynamic_background_clutter"":0,""event_center_frame"":45,""fast_motion"":0,""inactive_frames_in_window"":0,""medium_size"":0,""normal_size"":1,""occlusion"":0,""offset_steps"":2,""out_of_view"":0,""requested_window_mode"":""motion"",""scale_variation"":0,""selected_window_mode"":""motion"",""small_size"":0,""source_active_frames"":1000,""source_end_frame"":239,""source_frames"":1000,""source_inactive_frames"":0,""source_path"":""D:\\360Downloads\\123\\data\\Anti-UAV410\\annos\\test\\20190926_111509_1_4.txt"",""source_sha256"":""00d4a615114f07e67d7aa588a8035a90618dc23af4bf67b8cb279d7add27be89"",""source_start_frame"":0,""source_window_frames"":240,""task_id"":""AU-03"",""thermal_crossover"":0,""tiny_size"":0,""visibility_event_count"":0},{""dynamic_background_clutter"":0,""event_center_frame"":373,""fast_motion"":0,""inactive_frames_in_window"":70,""medium_size"":1,""normal_size"":1,""occlusion"":0,""offset_steps"":3,""out_of_view"":1,""requested_window_mode"":""visibility"",""scale_variation"":1,""selected_window_mode"":""visibility"",""small_size"":1,""source_active_frames"":930,""source_end_frame"":492,""source_frames"":1000,""source_inactive_frames"":70,""source_path"":""D:\\360Downloads\\123\\data\\Anti-UAV410\\annos\\test\\20190925_124612_1_3.txt"",""source_sha256"":""2f82ceb0bc3d8a1f33f4619dacd4c82d805574ca1f0160d44538d6ef081b2832"",""source_start_frame"":253,""source_window_frames"":240,""task_id"":""AU-04"",""thermal_crossover"":1,""tiny_size"":0,""visibility_event_count"":3}]}",5,84.66666666666667,AU-04,0,0,1,3,{},0.0,0.0,0.5,0.0,0.35,1.0,0.0,0.0,0.5,0.0,0.35,1.0
anti_uav410,AU-L04-W08,public-trajectory-replay-v2,"{""event_window_version"":""anti-uav-event-window-v1"",""evidence_type"":""measured_image_plane_tracks_with_simulated_response_resources"",""fps"":null,""image_height"":512,""image_width"":640,""measured_dimensions"":[""apparent_size"",""image_plane_speed"",""visibility""],""motion_unit"":""normalized_image_diagonal_per_frame"",""protected_point"":[0.5,0.85],""source_files"":[""D:\\360Downloads\\123\\data\\Anti-UAV410\\annos\\test\\20190925_124000_1_7.txt"",""D:\\360Downloads\\123\\data\\Anti-UAV410\\annos\\test\\20190925_124000_1_10.txt"",""D:\\360Downloads\\123\\data\\Anti-UAV410\\annos\\test\\20190926_111509_1_4.txt"",""D:\\360Downloads\\123\\data\\Anti-UAV410\\annos\\test\\20190925_124612_1_3.txt""],""source_sha256"":[""048fc956ffc203cedd2474e5b95ef3588e1453ade0fbb5d0c389cc6e7b0427de"",""a8f0c34264460d5f69611ba6a50f6f4a587c0ebf7fdfa313d148e5ad707c9ba0"",""00d4a615114f07e67d7aa588a8035a90618dc23af4bf67b8cb279d7add27be89"",""2f82ceb0bc3d8a1f33f4619dacd4c82d805574ca1f0160d44538d6ef081b2832""],""synthetic_dimensions"":[""spatial_level"",""risk"",""response_window"",""multi_sequence_concurrency"",""resources""],""time_basis"":""frames"",""track_count"":4,""track_windows"":[{""dynamic_background_clutter"":0,""event_center_frame"":42,""fast_motion"":1,""inactive_frames_in_window"":0,""medium_size"":1,""normal_size"":0,""occlusion"":0,""offset_steps"":0,""out_of_view"":0,""requested_window_mode"":""motion"",""scale_variation"":0,""selected_window_mode"":""motion"",""small_size"":1,""source_active_frames"":1000,""source_end_frame"":239,""source_frames"":1000,""source_inactive_frames"":0,""source_path"":""D:\\360Downloads\\123\\data\\Anti-UAV410\\annos\\test\\20190925_124000_1_7.txt"",""source_sha256"":""048fc956ffc203cedd2474e5b95ef3588e1453ade0fbb5d0c389cc6e7b0427de"",""source_start_frame"":0,""source_window_frames"":240,""task_id"":""AU-01"",""thermal_crossover"":1,""tiny_size"":0,""visibility_event_count"":0},{""dynamic_background_clutter"":0,""event_center_frame"":81,""fast_motion"":0,""inactive_frames_in_window"":0,""medium_size"":1,""normal_size"":0,""occlusion"":0,""offset_steps"":1,""out_of_view"":0,""requested_window_mode"":""motion"",""scale_variation"":0,""selected_window_mode"":""motion"",""small_size"":1,""source_active_frames"":164,""source_end_frame"":163,""source_frames"":164,""source_inactive_frames"":0,""source_path"":""D:\\360Downloads\\123\\data\\Anti-UAV410\\annos\\test\\20190925_124000_1_10.txt"",""source_sha256"":""a8f0c34264460d5f69611ba6a50f6f4a587c0ebf7fdfa313d148e5ad707c9ba0"",""source_start_frame"":0,""source_window_frames"":164,""task_id"":""AU-02"",""thermal_crossover"":1,""tiny_size"":0,""visibility_event_count"":0},{""dynamic_background_clutter"":0,""event_center_frame"":45,""fast_motion"":0,""inactive_frames_in_window"":0,""medium_size"":0,""normal_size"":1,""occlusion"":0,""offset_steps"":2,""out_of_view"":0,""requested_window_mode"":""motion"",""scale_variation"":0,""selected_window_mode"":""motion"",""small_size"":0,""source_active_frames"":1000,""source_end_frame"":239,""source_frames"":1000,""source_inactive_frames"":0,""source_path"":""D:\\360Downloads\\123\\data\\Anti-UAV410\\annos\\test\\20190926_111509_1_4.txt"",""source_sha256"":""00d4a615114f07e67d7aa588a8035a90618dc23af4bf67b8cb279d7add27be89"",""source_start_frame"":0,""source_window_frames"":240,""task_id"":""AU-03"",""thermal_crossover"":0,""tiny_size"":0,""visibility_event_count"":0},{""dynamic_background_clutter"":0,""event_center_frame"":373,""fast_motion"":0,""inactive_frames_in_window"":70,""medium_size"":1,""normal_size"":1,""occlusion"":0,""offset_steps"":3,""out_of_view"":1,""requested_window_mode"":""visibility"",""scale_variation"":1,""selected_window_mode"":""visibility"",""small_size"":1,""source_active_frames"":930,""source_end_frame"":492,""source_frames"":1000,""source_inactive_frames"":70,""source_path"":""D:\\360Downloads\\123\\data\\Anti-UAV410\\annos\\test\\20190925_124612_1_3.txt"",""source_sha256"":""2f82ceb0bc3d8a1f33f4619dacd4c82d805574ca1f0160d44538d6ef081b2832"",""source_start_frame"":253,""source_window_frames"":240,""task_id"":""AU-04"",""thermal_crossover"":1,""tiny_size"":0,""visibility_event_count"":3}]}",6,166.25,AU-01,1,1,1,3,{},0.3997417039846029,0.34397348741191447,0.5,0.30541708709357623,0.5990608934489685,1.0,0.3997417039846029,0.34397348741191447,0.5,0.30541708709357623,0.5990608934489685,1.0
anti_uav410,AU-L04-W08,public-trajectory-replay-v2,"{""event_window_version"":""anti-uav-event-window-v1"",""evidence_type"":""measured_image_plane_tracks_with_simulated_response_resources"",""fps"":null,""image_height"":512,""image_width"":640,""measured_dimensions"":[""apparent_size"",""image_plane_speed"",""visibility""],""motion_unit"":""normalized_image_diagonal_per_frame"",""protected_point"":[0.5,0.85],""source_files"":[""D:\\360Downloads\\123\\data\\Anti-UAV410\\annos\\test\\20190925_124000_1_7.txt"",""D:\\360Downloads\\123\\data\\Anti-UAV410\\annos\\test\\20190925_124000_1_10.txt"",""D:\\360Downloads\\123\\data\\Anti-UAV410\\annos\\test\\20190926_111509_1_4.txt"",""D:\\360Downloads\\123\\data\\Anti-UAV410\\annos\\test\\20190925_124612_1_3.txt""],""source_sha256"":[""048fc956ffc203cedd2474e5b95ef3588e1453ade0fbb5d0c389cc6e7b0427de"",""a8f0c34264460d5f69611ba6a50f6f4a587c0ebf7fdfa313d148e5ad707c9ba0"",""00d4a615114f07e67d7aa588a8035a90618dc23af4bf67b8cb279d7add27be89"",""2f82ceb0bc3d8a1f33f4619dacd4c82d805574ca1f0160d44538d6ef081b2832""],""synthetic_dimensions"":[""spatial_level"",""risk"",""response_window"",""multi_sequence_concurrency"",""resources""],""time_basis"":""frames"",""track_count"":4,""track_windows"":[{""dynamic_background_clutter"":0,""event_center_frame"":42,""fast_motion"":1,""inactive_frames_in_window"":0,""medium_size"":1,""normal_size"":0,""occlusion"":0,""offset_steps"":0,""out_of_view"":0,""requested_window_mode"":""motion"",""scale_variation"":0,""selected_window_mode"":""motion"",""small_size"":1,""source_active_frames"":1000,""source_end_frame"":239,""source_frames"":1000,""source_inactive_frames"":0,""source_path"":""D:\\360Downloads\\123\\data\\Anti-UAV410\\annos\\test\\20190925_124000_1_7.txt"",""source_sha256"":""048fc956ffc203cedd2474e5b95ef3588e1453ade0fbb5d0c389cc6e7b0427de"",""source_start_frame"":0,""source_window_frames"":240,""task_id"":""AU-01"",""thermal_crossover"":1,""tiny_size"":0,""visibility_event_count"":0},{""dynamic_background_clutter"":0,""event_center_frame"":81,""fast_motion"":0,""inactive_frames_in_window"":0,""medium_size"":1,""normal_size"":0,""occlusion"":0,""offset_steps"":1,""out_of_view"":0,""requested_window_mode"":""motion"",""scale_variation"":0,""selected_window_mode"":""motion"",""small_size"":1,""source_active_frames"":164,""source_end_frame"":163,""source_frames"":164,""source_inactive_frames"":0,""source_path"":""D:\\360Downloads\\123\\data\\Anti-UAV410\\annos\\test\\20190925_124000_1_10.txt"",""source_sha256"":""a8f0c34264460d5f69611ba6a50f6f4a587c0ebf7fdfa313d148e5ad707c9ba0"",""source_start_frame"":0,""source_window_frames"":164,""task_id"":""AU-02"",""thermal_crossover"":1,""tiny_size"":0,""visibility_event_count"":0},{""dynamic_background_clutter"":0,""event_center_frame"":45,""fast_motion"":0,""inactive_frames_in_window"":0,""medium_size"":0,""normal_size"":1,""occlusion"":0,""offset_steps"":2,""out_of_view"":0,""requested_window_mode"":""motion"",""scale_variation"":0,""selected_window_mode"":""motion"",""small_size"":0,""source_active_frames"":1000,""source_end_frame"":239,""source_frames"":1000,""source_inactive_frames"":0,""source_path"":""D:\\360Downloads\\123\\data\\Anti-UAV410\\annos\\test\\20190926_111509_1_4.txt"",""source_sha256"":""00d4a615114f07e67d7aa588a8035a90618dc23af4bf67b8cb279d7add27be89"",""source_start_frame"":0,""source_window_frames"":240,""task_id"":""AU-03"",""thermal_crossover"":0,""tiny_size"":0,""visibility_event_count"":0},{""dynamic_background_clutter"":0,""event_center_frame"":373,""fast_motion"":0,""inactive_frames_in_window"":70,""medium_size"":1,""normal_size"":1,""occlusion"":0,""offset_steps"":3,""out_of_view"":1,""requested_window_mode"":""visibility"",""scale_variation"":1,""selected_window_mode"":""visibility"",""small_size"":1,""source_active_frames"":930,""source_end_frame"":492,""source_frames"":1000,""source_inactive_frames"":70,""source_path"":""D:\\360Downloads\\123\\data\\Anti-UAV410\\annos\\test\\20190925_124612_1_3.txt"",""source_sha256"":""2f82ceb0bc3d8a1f33f4619dacd4c82d805574ca1f0160d44538d6ef081b2832"",""source_start_frame"":253,""source_window_frames"":240,""task_id"":""AU-04"",""thermal_crossover"":1,""tiny_size"":0,""visibility_event_count"":3}]}",6,166.25,AU-02,1,1,1,3,{},0.5317061715910265,0.11965575870550427,0.5,0.38388397906478255,0.6067679130130144,1.0,0.5317061715910265,0.11965575870550427,0.5,0.38388397906478255,0.6067679130130144,1.0
anti_uav410,AU-L04-W08,public-trajectory-replay-v2,"{""event_window_version"":""anti-uav-event-window-v1"",""evidence_type"":""measured_image_plane_tracks_with_simulated_response_resources"",""fps"":null,""image_height"":512,""image_width"":640,""measured_dimensions"":[""apparent_size"",""image_plane_speed"",""visibility""],""motion_unit"":""normalized_image_diagonal_per_frame"",""protected_point"":[0.5,0.85],""source_files"":[""D:\\360Downloads\\123\\data\\Anti-UAV410\\annos\\test\\20190925_124000_1_7.txt"",""D:\\360Downloads\\123\\data\\Anti-UAV410\\annos\\test\\20190925_124000_1_10.txt"",""D:\\360Downloads\\123\\data\\Anti-UAV410\\annos\\test\\20190926_111509_1_4.txt"",""D:\\360Downloads\\123\\data\\Anti-UAV410\\annos\\test\\20190925_124612_1_3.txt""],""source_sha256"":[""048fc956ffc203cedd2474e5b95ef3588e1453ade0fbb5d0c389cc6e7b0427de"",""a8f0c34264460d5f69611ba6a50f6f4a587c0ebf7fdfa313d148e5ad707c9ba0"",""00d4a615114f07e67d7aa588a8035a90618dc23af4bf67b8cb279d7add27be89"",""2f82ceb0bc3d8a1f33f4619dacd4c82d805574ca1f0160d44538d6ef081b2832""],""synthetic_dimensions"":[""spatial_level"",""risk"",""response_window"",""multi_sequence_concurrency"",""resources""],""time_basis"":""frames"",""track_count"":4,""track_windows"":[{""dynamic_background_clutter"":0,""event_center_frame"":42,""fast_motion"":1,""inactive_frames_in_window"":0,""medium_size"":1,""normal_size"":0,""occlusion"":0,""offset_steps"":0,""out_of_view"":0,""requested_window_mode"":""motion"",""scale_variation"":0,""selected_window_mode"":""motion"",""small_size"":1,""source_active_frames"":1000,""source_end_frame"":239,""source_frames"":1000,""source_inactive_frames"":0,""source_path"":""D:\\360Downloads\\123\\data\\Anti-UAV410\\annos\\test\\20190925_124000_1_7.txt"",""source_sha256"":""048fc956ffc203cedd2474e5b95ef3588e1453ade0fbb5d0c389cc6e7b0427de"",""source_start_frame"":0,""source_window_frames"":240,""task_id"":""AU-01"",""thermal_crossover"":1,""tiny_size"":0,""visibility_event_count"":0},{""dynamic_background_clutter"":0,""event_center_frame"":81,""fast_motion"":0,""inactive_frames_in_window"":0,""medium_size"":1,""normal_size"":0,""occlusion"":0,""offset_steps"":1,""out_of_view"":0,""requested_window_mode"":""motion"",""scale_variation"":0,""selected_window_mode"":""motion"",""small_size"":1,""source_active_frames"":164,""source_end_frame"":163,""source_frames"":164,""source_inactive_frames"":0,""source_path"":""D:\\360Downloads\\123\\data\\Anti-UAV410\\annos\\test\\20190925_124000_1_10.txt"",""source_sha256"":""a8f0c34264460d5f69611ba6a50f6f4a587c0ebf7fdfa313d148e5ad707c9ba0"",""source_start_frame"":0,""source_window_frames"":164,""task_id"":""AU-02"",""thermal_crossover"":1,""tiny_size"":0,""visibility_event_count"":0},{""dynamic_background_clutter"":0,""event_center_frame"":45,""fast_motion"":0,""inactive_frames_in_window"":0,""medium_size"":0,""normal_size"":1,""occlusion"":0,""offset_steps"":2,""out_of_view"":0,""requested_window_mode"":""motion"",""scale_variation"":0,""selected_window_mode"":""motion"",""small_size"":0,""source_active_frames"":1000,""source_end_frame"":239,""source_frames"":1000,""source_inactive_frames"":0,""source_path"":""D:\\360Downloads\\123\\data\\Anti-UAV410\\annos\\test\\20190926_111509_1_4.txt"",""source_sha256"":""00d4a615114f07e67d7aa588a8035a90618dc23af4bf67b8cb279d7add27be89"",""source_start_frame"":0,""source_window_frames"":240,""task_id"":""AU-03"",""thermal_crossover"":0,""tiny_size"":0,""visibility_event_count"":0},{""dynamic_background_clutter"":0,""event_center_frame"":373,""fast_motion"":0,""inactive_frames_in_window"":70,""medium_size"":1,""normal_size"":1,""occlusion"":0,""offset_steps"":3,""out_of_view"":1,""requested_window_mode"":""visibility"",""scale_variation"":1,""selected_window_mode"":""visibility"",""small_size"":1,""source_active_frames"":930,""source_end_frame"":492,""source_frames"":1000,""source_inactive_frames"":70,""source_path"":""D:\\360Downloads\\123\\data\\Anti-UAV410\\annos\\test\\20190925_124612_1_3.txt"",""source_sha256"":""2f82ceb0bc3d8a1f33f4619dacd4c82d805574ca1f0160d44538d6ef081b2832"",""source_start_frame"":253,""source_window_frames"":240,""task_id"":""AU-04"",""thermal_crossover"":1,""tiny_size"":0,""visibility_event_count"":3}]}",6,166.25,AU-03,1,1,1,3,{},0.9771048841017992,0.11401263181208507,0.5,0.20935805266999186,0.6041750589970291,1.0,0.9771048841017992,0.11401263181208507,0.5,0.20935805266999186,0.6041750589970291,1.0
anti_uav410,AU-L04-W08,public-trajectory-replay-v2,"{""event_window_version"":""anti-uav-event-window-v1"",""evidence_type"":""measured_image_plane_tracks_with_simulated_response_resources"",""fps"":null,""image_height"":512,""image_width"":640,""measured_dimensions"":[""apparent_size"",""image_plane_speed"",""visibility""],""motion_unit"":""normalized_image_diagonal_per_frame"",""protected_point"":[0.5,0.85],""source_files"":[""D:\\360Downloads\\123\\data\\Anti-UAV410\\annos\\test\\20190925_124000_1_7.txt"",""D:\\360Downloads\\123\\data\\Anti-UAV410\\annos\\test\\20190925_124000_1_10.txt"",""D:\\360Downloads\\123\\data\\Anti-UAV410\\annos\\test\\20190926_111509_1_4.txt"",""D:\\360Downloads\\123\\data\\Anti-UAV410\\annos\\test\\20190925_124612_1_3.txt""],""source_sha256"":[""048fc956ffc203cedd2474e5b95ef3588e1453ade0fbb5d0c389cc6e7b0427de"",""a8f0c34264460d5f69611ba6a50f6f4a587c0ebf7fdfa313d148e5ad707c9ba0"",""00d4a615114f07e67d7aa588a8035a90618dc23af4bf67b8cb279d7add27be89"",""2f82ceb0bc3d8a1f33f4619dacd4c82d805574ca1f0160d44538d6ef081b2832""],""synthetic_dimensions"":[""spatial_level"",""risk"",""response_window"",""multi_sequence_concurrency"",""resources""],""time_basis"":""frames"",""track_count"":4,""track_windows"":[{""dynamic_background_clutter"":0,""event_center_frame"":42,""fast_motion"":1,""inactive_frames_in_window"":0,""medium_size"":1,""normal_size"":0,""occlusion"":0,""offset_steps"":0,""out_of_view"":0,""requested_window_mode"":""motion"",""scale_variation"":0,""selected_window_mode"":""motion"",""small_size"":1,""source_active_frames"":1000,""source_end_frame"":239,""source_frames"":1000,""source_inactive_frames"":0,""source_path"":""D:\\360Downloads\\123\\data\\Anti-UAV410\\annos\\test\\20190925_124000_1_7.txt"",""source_sha256"":""048fc956ffc203cedd2474e5b95ef3588e1453ade0fbb5d0c389cc6e7b0427de"",""source_start_frame"":0,""source_window_frames"":240,""task_id"":""AU-01"",""thermal_crossover"":1,""tiny_size"":0,""visibility_event_count"":0},{""dynamic_background_clutter"":0,""event_center_frame"":81,""fast_motion"":0,""inactive_frames_in_window"":0,""medium_size"":1,""normal_size"":0,""occlusion"":0,""offset_steps"":1,""out_of_view"":0,""requested_window_mode"":""motion"",""scale_variation"":0,""selected_window_mode"":""motion"",""small_size"":1,""source_active_frames"":164,""source_end_frame"":163,""source_frames"":164,""source_inactive_frames"":0,""source_path"":""D:\\360Downloads\\123\\data\\Anti-UAV410\\annos\\test\\20190925_124000_1_10.txt"",""source_sha256"":""a8f0c34264460d5f69611ba6a50f6f4a587c0ebf7fdfa313d148e5ad707c9ba0"",""source_start_frame"":0,""source_window_frames"":164,""task_id"":""AU-02"",""thermal_crossover"":1,""tiny_size"":0,""visibility_event_count"":0},{""dynamic_background_clutter"":0,""event_center_frame"":45,""fast_motion"":0,""inactive_frames_in_window"":0,""medium_size"":0,""normal_size"":1,""occlusion"":0,""offset_steps"":2,""out_of_view"":0,""requested_window_mode"":""motion"",""scale_variation"":0,""selected_window_mode"":""motion"",""small_size"":0,""source_active_frames"":1000,""source_end_frame"":239,""source_frames"":1000,""source_inactive_frames"":0,""source_path"":""D:\\360Downloads\\123\\data\\Anti-UAV410\\annos\\test\\20190926_111509_1_4.txt"",""source_sha256"":""00d4a615114f07e67d7aa588a8035a90618dc23af4bf67b8cb279d7add27be89"",""source_start_frame"":0,""source_window_frames"":240,""task_id"":""AU-03"",""thermal_crossover"":0,""tiny_size"":0,""visibility_event_count"":0},{""dynamic_background_clutter"":0,""event_center_frame"":373,""fast_motion"":0,""inactive_frames_in_window"":70,""medium_size"":1,""normal_size"":1,""occlusion"":0,""offset_steps"":3,""out_of_view"":1,""requested_window_mode"":""visibility"",""scale_variation"":1,""selected_window_mode"":""visibility"",""small_size"":1,""source_active_frames"":930,""source_end_frame"":492,""source_frames"":1000,""source_inactive_frames"":70,""source_path"":""D:\\360Downloads\\123\\data\\Anti-UAV410\\annos\\test\\20190925_124612_1_3.txt"",""source_sha256"":""2f82ceb0bc3d8a1f33f4619dacd4c82d805574ca1f0160d44538d6ef081b2832"",""source_start_frame"":253,""source_window_frames"":240,""task_id"":""AU-04"",""thermal_crossover"":1,""tiny_size"":0,""visibility_event_count"":3}]}",6,166.25,AU-04,1,1,1,3,{},0.44917157059011303,0.0,0.5,0.0,0.4865317970735293,1.0,0.44917157059011303,0.0,0.5,0.0,0.4865317970735293,1.0
anti_uav410,AU-L04-W08,public-trajectory-replay-v2,"{""event_window_version"":""anti-uav-event-window-v1"",""evidence_type"":""measured_image_plane_tracks_with_simulated_response_resources"",""fps"":null,""image_height"":512,""image_width"":640,""measured_dimensions"":[""apparent_size"",""image_plane_speed"",""visibility""],""motion_unit"":""normalized_image_diagonal_per_frame"",""protected_point"":[0.5,0.85],""source_files"":[""D:\\360Downloads\\123\\data\\Anti-UAV410\\annos\\test\\20190925_124000_1_7.txt"",""D:\\360Downloads\\123\\data\\Anti-UAV410\\annos\\test\\20190925_124000_1_10.txt"",""D:\\360Downloads\\123\\data\\Anti-UAV410\\annos\\test\\20190926_111509_1_4.txt"",""D:\\360Downloads\\123\\data\\Anti-UAV410\\annos\\test\\20190925_124612_1_3.txt""],""source_sha256"":[""048fc956ffc203cedd2474e5b95ef3588e1453ade0fbb5d0c389cc6e7b0427de"",""a8f0c34264460d5f69611ba6a50f6f4a587c0ebf7fdfa313d148e5ad707c9ba0"",""00d4a615114f07e67d7aa588a8035a90618dc23af4bf67b8cb279d7add27be89"",""2f82ceb0bc3d8a1f33f4619dacd4c82d805574ca1f0160d44538d6ef081b2832""],""synthetic_dimensions"":[""spatial_level"",""risk"",""response_window"",""multi_sequence_concurrency"",""resources""],""time_basis"":""frames"",""track_count"":4,""track_windows"":[{""dynamic_background_clutter"":0,""event_center_frame"":42,""fast_motion"":1,""inactive_frames_in_window"":0,""medium_size"":1,""normal_size"":0,""occlusion"":0,""offset_steps"":0,""out_of_view"":0,""requested_window_mode"":""motion"",""scale_variation"":0,""selected_window_mode"":""motion"",""small_size"":1,""source_active_frames"":1000,""source_end_frame"":239,""source_frames"":1000,""source_inactive_frames"":0,""source_path"":""D:\\360Downloads\\123\\data\\Anti-UAV410\\annos\\test\\20190925_124000_1_7.txt"",""source_sha256"":""048fc956ffc203cedd2474e5b95ef3588e1453ade0fbb5d0c389cc6e7b0427de"",""source_start_frame"":0,""source_window_frames"":240,""task_id"":""AU-01"",""thermal_crossover"":1,""tiny_size"":0,""visibility_event_count"":0},{""dynamic_background_clutter"":0,""event_center_frame"":81,""fast_motion"":0,""inactive_frames_in_window"":0,""medium_size"":1,""normal_size"":0,""occlusion"":0,""offset_steps"":1,""out_of_view"":0,""requested_window_mode"":""motion"",""scale_variation"":0,""selected_window_mode"":""motion"",""small_size"":1,""source_active_frames"":164,""source_end_frame"":163,""source_frames"":164,""source_inactive_frames"":0,""source_path"":""D:\\360Downloads\\123\\data\\Anti-UAV410\\annos\\test\\20190925_124000_1_10.txt"",""source_sha256"":""a8f0c34264460d5f69611ba6a50f6f4a587c0ebf7fdfa313d148e5ad707c9ba0"",""source_start_frame"":0,""source_window_frames"":164,""task_id"":""AU-02"",""thermal_crossover"":1,""tiny_size"":0,""visibility_event_count"":0},{""dynamic_background_clutter"":0,""event_center_frame"":45,""fast_motion"":0,""inactive_frames_in_window"":0,""medium_size"":0,""normal_size"":1,""occlusion"":0,""offset_steps"":2,""out_of_view"":0,""requested_window_mode"":""motion"",""scale_variation"":0,""selected_window_mode"":""motion"",""small_size"":0,""source_active_frames"":1000,""source_end_frame"":239,""source_frames"":1000,""source_inactive_frames"":0,""source_path"":""D:\\360Downloads\\123\\data\\Anti-UAV410\\annos\\test\\20190926_111509_1_4.txt"",""source_sha256"":""00d4a615114f07e67d7aa588a8035a90618dc23af4bf67b8cb279d7add27be89"",""source_start_frame"":0,""source_window_frames"":240,""task_id"":""AU-03"",""thermal_crossover"":0,""tiny_size"":0,""visibility_event_count"":0},{""dynamic_background_clutter"":0,""event_center_frame"":373,""fast_motion"":0,""inactive_frames_in_window"":70,""medium_size"":1,""normal_size"":1,""occlusion"":0,""offset_steps"":3,""out_of_view"":1,""requested_window_mode"":""visibility"",""scale_variation"":1,""selected_window_mode"":""visibility"",""small_size"":1,""source_active_frames"":930,""source_end_frame"":492,""source_frames"":1000,""source_inactive_frames"":70,""source_path"":""D:\\360Downloads\\123\\data\\Anti-UAV410\\annos\\test\\20190925_124612_1_3.txt"",""source_sha256"":""2f82ceb0bc3d8a1f33f4619dacd4c82d805574ca1f0160d44538d6ef081b2832"",""source_start_frame"":253,""source_window_frames"":240,""task_id"":""AU-04"",""thermal_crossover"":1,""tiny_size"":0,""visibility_event_count"":3}]}",7,127.66666666666667,AU-01,1,1,1,3,{},0.4603559773349919,0.2613769901802064,0.5,0.23341052854798922,0.5491062152937344,1.0,0.4603559773349919,0.2613769901802064,0.5,0.23341052854798922,0.5491062152937344,1.0
anti_uav410,AU-L04-W08,public-trajectory-replay-v2,"{""event_window_version"":""anti-uav-event-window-v1"",""evidence_type"":""measured_image_plane_tracks_with_simulated_response_resources"",""fps"":null,""image_height"":512,""image_width"":640,""measured_dimensions"":[""apparent_size"",""image_plane_speed"",""visibility""],""motion_unit"":""normalized_image_diagonal_per_frame"",""protected_point"":[0.5,0.85],""source_files"":[""D:\\360Downloads\\123\\data\\Anti-UAV410\\annos\\test\\20190925_124000_1_7.txt"",""D:\\360Downloads\\123\\data\\Anti-UAV410\\annos\\test\\20190925_124000_1_10.txt"",""D:\\360Downloads\\123\\data\\Anti-UAV410\\annos\\test\\20190926_111509_1_4.txt"",""D:\\360Downloads\\123\\data\\Anti-UAV410\\annos\\test\\20190925_124612_1_3.txt""],""source_sha256"":[""048fc956ffc203cedd2474e5b95ef3588e1453ade0fbb5d0c389cc6e7b0427de"",""a8f0c34264460d5f69611ba6a50f6f4a587c0ebf7fdfa313d148e5ad707c9ba0"",""00d4a615114f07e67d7aa588a8035a90618dc23af4bf67b8cb279d7add27be89"",""2f82ceb0bc3d8a1f33f4619dacd4c82d805574ca1f0160d44538d6ef081b2832""],""synthetic_dimensions"":[""spatial_level"",""risk"",""response_window"",""multi_sequence_concurrency"",""resources""],""time_basis"":""frames"",""track_count"":4,""track_windows"":[{""dynamic_background_clutter"":0,""event_center_frame"":42,""fast_motion"":1,""inactive_frames_in_window"":0,""medium_size"":1,""normal_size"":0,""occlusion"":0,""offset_steps"":0,""out_of_view"":0,""requested_window_mode"":""motion"",""scale_variation"":0,""selected_window_mode"":""motion"",""small_size"":1,""source_active_frames"":1000,""source_end_frame"":239,""source_frames"":1000,""source_inactive_frames"":0,""source_path"":""D:\\360Downloads\\123\\data\\Anti-UAV410\\annos\\test\\20190925_124000_1_7.txt"",""source_sha256"":""048fc956ffc203cedd2474e5b95ef3588e1453ade0fbb5d0c389cc6e7b0427de"",""source_start_frame"":0,""source_window_frames"":240,""task_id"":""AU-01"",""thermal_crossover"":1,""tiny_size"":0,""visibility_event_count"":0},{""dynamic_background_clutter"":0,""event_center_frame"":81,""fast_motion"":0,""inactive_frames_in_window"":0,""medium_size"":1,""normal_size"":0,""occlusion"":0,""offset_steps"":1,""out_of_view"":0,""requested_window_mode"":""motion"",""scale_variation"":0,""selected_window_mode"":""motion"",""small_size"":1,""source_active_frames"":164,""source_end_frame"":163,""source_frames"":164,""source_inactive_frames"":0,""source_path"":""D:\\360Downloads\\123\\data\\Anti-UAV410\\annos\\test\\20190925_124000_1_10.txt"",""source_sha256"":""a8f0c34264460d5f69611ba6a50f6f4a587c0ebf7fdfa313d148e5ad707c9ba0"",""source_start_frame"":0,""source_window_frames"":164,""task_id"":""AU-02"",""thermal_crossover"":1,""tiny_size"":0,""visibility_event_count"":0},{""dynamic_background_clutter"":0,""event_center_frame"":45,""fast_motion"":0,""inactive_frames_in_window"":0,""medium_size"":0,""normal_size"":1,""occlusion"":0,""offset_steps"":2,""out_of_view"":0,""requested_window_mode"":""motion"",""scale_variation"":0,""selected_window_mode"":""motion"",""small_size"":0,""source_active_frames"":1000,""source_end_frame"":239,""source_frames"":1000,""source_inactive_frames"":0,""source_path"":""D:\\360Downloads\\123\\data\\Anti-UAV410\\annos\\test\\20190926_111509_1_4.txt"",""source_sha256"":""00d4a615114f07e67d7aa588a8035a90618dc23af4bf67b8cb279d7add27be89"",""source_start_frame"":0,""source_window_frames"":240,""task_id"":""AU-03"",""thermal_crossover"":0,""tiny_size"":0,""visibility_event_count"":0},{""dynamic_background_clutter"":0,""event_center_frame"":373,""fast_motion"":0,""inactive_frames_in_window"":70,""medium_size"":1,""normal_size"":1,""occlusion"":0,""offset_steps"":3,""out_of_view"":1,""requested_window_mode"":""visibility"",""scale_variation"":1,""selected_window_mode"":""visibility"",""small_size"":1,""source_active_frames"":930,""source_end_frame"":492,""source_frames"":1000,""source_inactive_frames"":70,""source_path"":""D:\\360Downloads\\123\\data\\Anti-UAV410\\annos\\test\\20190925_124612_1_3.txt"",""source_sha256"":""2f82ceb0bc3d8a1f33f4619dacd4c82d805574ca1f0160d44538d6ef081b2832"",""source_start_frame"":253,""source_window_frames"":240,""task_id"":""AU-04"",""thermal_crossover"":1,""tiny_size"":0,""visibility_event_count"":3}]}",7,127.66666666666667,AU-02,1,1,1,3,{},0.49581856157968157,0.07860362746786918,0.5,0.44897517051317914,0.6174639487829238,1.0,0.49581856157968157,0.07860362746786918,0.5,0.44897517051317914,0.6174639487829238,1.0
anti_uav410,AU-L04-W08,public-trajectory-replay-v2,"{""event_window_version"":""anti-uav-event-window-v1"",""evidence_type"":""measured_image_plane_tracks_with_simulated_response_resources"",""fps"":null,""image_height"":512,""image_width"":640,""measured_dimensions"":[""apparent_size"",""image_plane_speed"",""visibility""],""motion_unit"":""normalized_image_diagonal_per_frame"",""protected_point"":[0.5,0.85],""source_files"":[""D:\\360Downloads\\123\\data\\Anti-UAV410\\annos\\test\\20190925_124000_1_7.txt"",""D:\\360Downloads\\123\\data\\Anti-UAV410\\annos\\test\\20190925_124000_1_10.txt"",""D:\\360Downloads\\123\\data\\Anti-UAV410\\annos\\test\\20190926_111509_1_4.txt"",""D:\\360Downloads\\123\\data\\Anti-UAV410\\annos\\test\\20190925_124612_1_3.txt""],""source_sha256"":[""048fc956ffc203cedd2474e5b95ef3588e1453ade0fbb5d0c389cc6e7b0427de"",""a8f0c34264460d5f69611ba6a50f6f4a587c0ebf7fdfa313d148e5ad707c9ba0"",""00d4a615114f07e67d7aa588a8035a90618dc23af4bf67b8cb279d7add27be89"",""2f82ceb0bc3d8a1f33f4619dacd4c82d805574ca1f0160d44538d6ef081b2832""],""synthetic_dimensions"":[""spatial_level"",""risk"",""response_window"",""multi_sequence_concurrency"",""resources""],""time_basis"":""frames"",""track_count"":4,""track_windows"":[{""dynamic_background_clutter"":0,""event_center_frame"":42,""fast_motion"":1,""inactive_frames_in_window"":0,""medium_size"":1,""normal_size"":0,""occlusion"":0,""offset_steps"":0,""out_of_view"":0,""requested_window_mode"":""motion"",""scale_variation"":0,""selected_window_mode"":""motion"",""small_size"":1,""source_active_frames"":1000,""source_end_frame"":239,""source_frames"":1000,""source_inactive_frames"":0,""source_path"":""D:\\360Downloads\\123\\data\\Anti-UAV410\\annos\\test\\20190925_124000_1_7.txt"",""source_sha256"":""048fc956ffc203cedd2474e5b95ef3588e1453ade0fbb5d0c389cc6e7b0427de"",""source_start_frame"":0,""source_window_frames"":240,""task_id"":""AU-01"",""thermal_crossover"":1,""tiny_size"":0,""visibility_event_count"":0},{""dynamic_background_clutter"":0,""event_center_frame"":81,""fast_motion"":0,""inactive_frames_in_window"":0,""medium_size"":1,""normal_size"":0,""occlusion"":0,""offset_steps"":1,""out_of_view"":0,""requested_window_mode"":""motion"",""scale_variation"":0,""selected_window_mode"":""motion"",""small_size"":1,""source_active_frames"":164,""source_end_frame"":163,""source_frames"":164,""source_inactive_frames"":0,""source_path"":""D:\\360Downloads\\123\\data\\Anti-UAV410\\annos\\test\\20190925_124000_1_10.txt"",""source_sha256"":""a8f0c34264460d5f69611ba6a50f6f4a587c0ebf7fdfa313d148e5ad707c9ba0"",""source_start_frame"":0,""source_window_frames"":164,""task_id"":""AU-02"",""thermal_crossover"":1,""tiny_size"":0,""visibility_event_count"":0},{""dynamic_background_clutter"":0,""event_center_frame"":45,""fast_motion"":0,""inactive_frames_in_window"":0,""medium_size"":0,""normal_size"":1,""occlusion"":0,""offset_steps"":2,""out_of_view"":0,""requested_window_mode"":""motion"",""scale_variation"":0,""selected_window_mode"":""motion"",""small_size"":0,""source_active_frames"":1000,""source_end_frame"":239,""source_frames"":1000,""source_inactive_frames"":0,""source_path"":""D:\\360Downloads\\123\\data\\Anti-UAV410\\annos\\test\\20190926_111509_1_4.txt"",""source_sha256"":""00d4a615114f07e67d7aa588a8035a90618dc23af4bf67b8cb279d7add27be89"",""source_start_frame"":0,""source_window_frames"":240,""task_id"":""AU-03"",""thermal_crossover"":0,""tiny_size"":0,""visibility_event_count"":0},{""dynamic_background_clutter"":0,""event_center_frame"":373,""fast_motion"":0,""inactive_frames_in_window"":70,""medium_size"":1,""normal_size"":1,""occlusion"":0,""offset_steps"":3,""out_of_view"":1,""requested_window_mode"":""visibility"",""scale_variation"":1,""selected_window_mode"":""visibility"",""small_size"":1,""source_active_frames"":930,""source_end_frame"":492,""source_frames"":1000,""source_inactive_frames"":70,""source_path"":""D:\\360Downloads\\123\\data\\Anti-UAV410\\annos\\test\\20190925_124612_1_3.txt"",""source_sha256"":""2f82ceb0bc3d8a1f33f4619dacd4c82d805574ca1f0160d44538d6ef081b2832"",""source_start_frame"":253,""source_window_frames"":240,""task_id"":""AU-04"",""thermal_crossover"":1,""tiny_size"":0,""visibility_event_count"":3}]}",7,127.66666666666667,AU-03,1,1,1,3,{},0.8744340307490008,0.044317778084679224,0.5,0.21556464196518993,0.5918485517916282,1.0,0.8744340307490008,0.044317778084679224,0.5,0.21556464196518993,0.5918485517916282,1.0
anti_uav410,AU-L04-W08,public-trajectory-replay-v2,"{""event_window_version"":""anti-uav-event-window-v1"",""evidence_type"":""measured_image_plane_tracks_with_simulated_response_resources"",""fps"":null,""image_height"":512,""image_width"":640,""measured_dimensions"":[""apparent_size"",""image_plane_speed"",""visibility""],""motion_unit"":""normalized_image_diagonal_per_frame"",""protected_point"":[0.5,0.85],""source_files"":[""D:\\360Downloads\\123\\data\\Anti-UAV410\\annos\\test\\20190925_124000_1_7.txt"",""D:\\360Downloads\\123\\data\\Anti-UAV410\\annos\\test\\20190925_124000_1_10.txt"",""D:\\360Downloads\\123\\data\\Anti-UAV410\\annos\\test\\20190926_111509_1_4.txt"",""D:\\360Downloads\\123\\data\\Anti-UAV410\\annos\\test\\20190925_124612_1_3.txt""],""source_sha256"":[""048fc956ffc203cedd2474e5b95ef3588e1453ade0fbb5d0c389cc6e7b0427de"",""a8f0c34264460d5f69611ba6a50f6f4a587c0ebf7fdfa313d148e5ad707c9ba0"",""00d4a615114f07e67d7aa588a8035a90618dc23af4bf67b8cb279d7add27be89"",""2f82ceb0bc3d8a1f33f4619dacd4c82d805574ca1f0160d44538d6ef081b2832""],""synthetic_dimensions"":[""spatial_level"",""risk"",""response_window"",""multi_sequence_concurrency"",""resources""],""time_basis"":""frames"",""track_count"":4,""track_windows"":[{""dynamic_background_clutter"":0,""event_center_frame"":42,""fast_motion"":1,""inactive_frames_in_window"":0,""medium_size"":1,""normal_size"":0,""occlusion"":0,""offset_steps"":0,""out_of_view"":0,""requested_window_mode"":""motion"",""scale_variation"":0,""selected_window_mode"":""motion"",""small_size"":1,""source_active_frames"":1000,""source_end_frame"":239,""source_frames"":1000,""source_inactive_frames"":0,""source_path"":""D:\\360Downloads\\123\\data\\Anti-UAV410\\annos\\test\\20190925_124000_1_7.txt"",""source_sha256"":""048fc956ffc203cedd2474e5b95ef3588e1453ade0fbb5d0c389cc6e7b0427de"",""source_start_frame"":0,""source_window_frames"":240,""task_id"":""AU-01"",""thermal_crossover"":1,""tiny_size"":0,""visibility_event_count"":0},{""dynamic_background_clutter"":0,""event_center_frame"":81,""fast_motion"":0,""inactive_frames_in_window"":0,""medium_size"":1,""normal_size"":0,""occlusion"":0,""offset_steps"":1,""out_of_view"":0,""requested_window_mode"":""motion"",""scale_variation"":0,""selected_window_mode"":""motion"",""small_size"":1,""source_active_frames"":164,""source_end_frame"":163,""source_frames"":164,""source_inactive_frames"":0,""source_path"":""D:\\360Downloads\\123\\data\\Anti-UAV410\\annos\\test\\20190925_124000_1_10.txt"",""source_sha256"":""a8f0c34264460d5f69611ba6a50f6f4a587c0ebf7fdfa313d148e5ad707c9ba0"",""source_start_frame"":0,""source_window_frames"":164,""task_id"":""AU-02"",""thermal_crossover"":1,""tiny_size"":0,""visibility_event_count"":0},{""dynamic_background_clutter"":0,""event_center_frame"":45,""fast_motion"":0,""inactive_frames_in_window"":0,""medium_size"":0,""normal_size"":1,""occlusion"":0,""offset_steps"":2,""out_of_view"":0,""requested_window_mode"":""motion"",""scale_variation"":0,""selected_window_mode"":""motion"",""small_size"":0,""source_active_frames"":1000,""source_end_frame"":239,""source_frames"":1000,""source_inactive_frames"":0,""source_path"":""D:\\360Downloads\\123\\data\\Anti-UAV410\\annos\\test\\20190926_111509_1_4.txt"",""source_sha256"":""00d4a615114f07e67d7aa588a8035a90618dc23af4bf67b8cb279d7add27be89"",""source_start_frame"":0,""source_window_frames"":240,""task_id"":""AU-03"",""thermal_crossover"":0,""tiny_size"":0,""visibility_event_count"":0},{""dynamic_background_clutter"":0,""event_center_frame"":373,""fast_motion"":0,""inactive_frames_in_window"":70,""medium_size"":1,""normal_size"":1,""occlusion"":0,""offset_steps"":3,""out_of_view"":1,""requested_window_mode"":""visibility"",""scale_variation"":1,""selected_window_mode"":""visibility"",""small_size"":1,""source_active_frames"":930,""source_end_frame"":492,""source_frames"":1000,""source_inactive_frames"":70,""source_path"":""D:\\360Downloads\\123\\data\\Anti-UAV410\\annos\\test\\20190925_124612_1_3.txt"",""source_sha256"":""2f82ceb0bc3d8a1f33f4619dacd4c82d805574ca1f0160d44538d6ef081b2832"",""source_start_frame"":253,""source_window_frames"":240,""task_id"":""AU-04"",""thermal_crossover"":1,""tiny_size"":0,""visibility_event_count"":3}]}",7,127.66666666666667,AU-04,0,0,1,3,{},0.0,0.0,0.5,0.0,0.35,1.0,0.0,0.0,0.5,0.0,0.35,1.0
anti_uav410,AU-L04-W08,public-trajectory-replay-v2,"{""event_window_version"":""anti-uav-event-window-v1"",""evidence_type"":""measured_image_plane_tracks_with_simulated_response_resources"",""fps"":null,""image_height"":512,""image_width"":640,""measured_dimensions"":[""apparent_size"",""image_plane_speed"",""visibility""],""motion_unit"":""normalized_image_diagonal_per_frame"",""protected_point"":[0.5,0.85],""source_files"":[""D:\\360Downloads\\123\\data\\Anti-UAV410\\annos\\test\\20190925_124000_1_7.txt"",""D:\\360Downloads\\123\\data\\Anti-UAV410\\annos\\test\\20190925_124000_1_10.txt"",""D:\\360Downloads\\123\\data\\Anti-UAV410\\annos\\test\\20190926_111509_1_4.txt"",""D:\\360Downloads\\123\\data\\Anti-UAV410\\annos\\test\\20190925_124612_1_3.txt""],""source_sha256"":[""048fc956ffc203cedd2474e5b95ef3588e1453ade0fbb5d0c389cc6e7b0427de"",""a8f0c34264460d5f69611ba6a50f6f4a587c0ebf7fdfa313d148e5ad707c9ba0"",""00d4a615114f07e67d7aa588a8035a90618dc23af4bf67b8cb279d7add27be89"",""2f82ceb0bc3d8a1f33f4619dacd4c82d805574ca1f0160d44538d6ef081b2832""],""synthetic_dimensions"":[""spatial_level"",""risk"",""response_window"",""multi_sequence_concurrency"",""resources""],""time_basis"":""frames"",""track_count"":4,""track_windows"":[{""dynamic_background_clutter"":0,""event_center_frame"":42,""fast_motion"":1,""inactive_frames_in_window"":0,""medium_size"":1,""normal_size"":0,""occlusion"":0,""offset_steps"":0,""out_of_view"":0,""requested_window_mode"":""motion"",""scale_variation"":0,""selected_window_mode"":""motion"",""small_size"":1,""source_active_frames"":1000,""source_end_frame"":239,""source_frames"":1000,""source_inactive_frames"":0,""source_path"":""D:\\360Downloads\\123\\data\\Anti-UAV410\\annos\\test\\20190925_124000_1_7.txt"",""source_sha256"":""048fc956ffc203cedd2474e5b95ef3588e1453ade0fbb5d0c389cc6e7b0427de"",""source_start_frame"":0,""source_window_frames"":240,""task_id"":""AU-01"",""thermal_crossover"":1,""tiny_size"":0,""visibility_event_count"":0},{""dynamic_background_clutter"":0,""event_center_frame"":81,""fast_motion"":0,""inactive_frames_in_window"":0,""medium_size"":1,""normal_size"":0,""occlusion"":0,""offset_steps"":1,""out_of_view"":0,""requested_window_mode"":""motion"",""scale_variation"":0,""selected_window_mode"":""motion"",""small_size"":1,""source_active_frames"":164,""source_end_frame"":163,""source_frames"":164,""source_inactive_frames"":0,""source_path"":""D:\\360Downloads\\123\\data\\Anti-UAV410\\annos\\test\\20190925_124000_1_10.txt"",""source_sha256"":""a8f0c34264460d5f69611ba6a50f6f4a587c0ebf7fdfa313d148e5ad707c9ba0"",""source_start_frame"":0,""source_window_frames"":164,""task_id"":""AU-02"",""thermal_crossover"":1,""tiny_size"":0,""visibility_event_count"":0},{""dynamic_background_clutter"":0,""event_center_frame"":45,""fast_motion"":0,""inactive_frames_in_window"":0,""medium_size"":0,""normal_size"":1,""occlusion"":0,""offset_steps"":2,""out_of_view"":0,""requested_window_mode"":""motion"",""scale_variation"":0,""selected_window_mode"":""motion"",""small_size"":0,""source_active_frames"":1000,""source_end_frame"":239,""source_frames"":1000,""source_inactive_frames"":0,""source_path"":""D:\\360Downloads\\123\\data\\Anti-UAV410\\annos\\test\\20190926_111509_1_4.txt"",""source_sha256"":""00d4a615114f07e67d7aa588a8035a90618dc23af4bf67b8cb279d7add27be89"",""source_start_frame"":0,""source_window_frames"":240,""task_id"":""AU-03"",""thermal_crossover"":0,""tiny_size"":0,""visibility_event_count"":0},{""dynamic_background_clutter"":0,""event_center_frame"":373,""fast_motion"":0,""inactive_frames_in_window"":70,""medium_size"":1,""normal_size"":1,""occlusion"":0,""offset_steps"":3,""out_of_view"":1,""requested_window_mode"":""visibility"",""scale_variation"":1,""selected_window_mode"":""visibility"",""small_size"":1,""source_active_frames"":930,""source_end_frame"":492,""source_frames"":1000,""source_inactive_frames"":70,""source_path"":""D:\\360Downloads\\123\\data\\Anti-UAV410\\annos\\test\\20190925_124612_1_3.txt"",""source_sha256"":""2f82ceb0bc3d8a1f33f4619dacd4c82d805574ca1f0160d44538d6ef081b2832"",""source_start_frame"":253,""source_window_frames"":240,""task_id"":""AU-04"",""thermal_crossover"":1,""tiny_size"":0,""visibility_event_count"":3}]}",8,211.75,AU-01,1,1,1,3,{},0.5076455387921335,0.25009110826213177,0.5,0.0,0.5041253591956789,1.0,0.5076455387921335,0.25009110826213177,0.5,0.0,0.5041253591956789,1.0
anti_uav410,AU-L04-W08,public-trajectory-replay-v2,"{""event_window_version"":""anti-uav-event-window-v1"",""evidence_type"":""measured_image_plane_tracks_with_simulated_response_resources"",""fps"":null,""image_height"":512,""image_width"":640,""measured_dimensions"":[""apparent_size"",""image_plane_speed"",""visibility""],""motion_unit"":""normalized_image_diagonal_per_frame"",""protected_point"":[0.5,0.85],""source_files"":[""D:\\360Downloads\\123\\data\\Anti-UAV410\\annos\\test\\20190925_124000_1_7.txt"",""D:\\360Downloads\\123\\data\\Anti-UAV410\\annos\\test\\20190925_124000_1_10.txt"",""D:\\360Downloads\\123\\data\\Anti-UAV410\\annos\\test\\20190926_111509_1_4.txt"",""D:\\360Downloads\\123\\data\\Anti-UAV410\\annos\\test\\20190925_124612_1_3.txt""],""source_sha256"":[""048fc956ffc203cedd2474e5b95ef3588e1453ade0fbb5d0c389cc6e7b0427de"",""a8f0c34264460d5f69611ba6a50f6f4a587c0ebf7fdfa313d148e5ad707c9ba0"",""00d4a615114f07e67d7aa588a8035a90618dc23af4bf67b8cb279d7add27be89"",""2f82ceb0bc3d8a1f33f4619dacd4c82d805574ca1f0160d44538d6ef081b2832""],""synthetic_dimensions"":[""spatial_level"",""risk"",""response_window"",""multi_sequence_concurrency"",""resources""],""time_basis"":""frames"",""track_count"":4,""track_windows"":[{""dynamic_background_clutter"":0,""event_center_frame"":42,""fast_motion"":1,""inactive_frames_in_window"":0,""medium_size"":1,""normal_size"":0,""occlusion"":0,""offset_steps"":0,""out_of_view"":0,""requested_window_mode"":""motion"",""scale_variation"":0,""selected_window_mode"":""motion"",""small_size"":1,""source_active_frames"":1000,""source_end_frame"":239,""source_frames"":1000,""source_inactive_frames"":0,""source_path"":""D:\\360Downloads\\123\\data\\Anti-UAV410\\annos\\test\\20190925_124000_1_7.txt"",""source_sha256"":""048fc956ffc203cedd2474e5b95ef3588e1453ade0fbb5d0c389cc6e7b0427de"",""source_start_frame"":0,""source_window_frames"":240,""task_id"":""AU-01"",""thermal_crossover"":1,""tiny_size"":0,""visibility_event_count"":0},{""dynamic_background_clutter"":0,""event_center_frame"":81,""fast_motion"":0,""inactive_frames_in_window"":0,""medium_size"":1,""normal_size"":0,""occlusion"":0,""offset_steps"":1,""out_of_view"":0,""requested_window_mode"":""motion"",""scale_variation"":0,""selected_window_mode"":""motion"",""small_size"":1,""source_active_frames"":164,""source_end_frame"":163,""source_frames"":164,""source_inactive_frames"":0,""source_path"":""D:\\360Downloads\\123\\data\\Anti-UAV410\\annos\\test\\20190925_124000_1_10.txt"",""source_sha256"":""a8f0c34264460d5f69611ba6a50f6f4a587c0ebf7fdfa313d148e5ad707c9ba0"",""source_start_frame"":0,""source_window_frames"":164,""task_id"":""AU-02"",""thermal_crossover"":1,""tiny_size"":0,""visibility_event_count"":0},{""dynamic_background_clutter"":0,""event_center_frame"":45,""fast_motion"":0,""inactive_frames_in_window"":0,""medium_size"":0,""normal_size"":1,""occlusion"":0,""offset_steps"":2,""out_of_view"":0,""requested_window_mode"":""motion"",""scale_variation"":0,""selected_window_mode"":""motion"",""small_size"":0,""source_active_frames"":1000,""source_end_frame"":239,""source_frames"":1000,""source_inactive_frames"":0,""source_path"":""D:\\360Downloads\\123\\data\\Anti-UAV410\\annos\\test\\20190926_111509_1_4.txt"",""source_sha256"":""00d4a615114f07e67d7aa588a8035a90618dc23af4bf67b8cb279d7add27be89"",""source_start_frame"":0,""source_window_frames"":240,""task_id"":""AU-03"",""thermal_crossover"":0,""tiny_size"":0,""visibility_event_count"":0},{""dynamic_background_clutter"":0,""event_center_frame"":373,""fast_motion"":0,""inactive_frames_in_window"":70,""medium_size"":1,""normal_size"":1,""occlusion"":0,""offset_steps"":3,""out_of_view"":1,""requested_window_mode"":""visibility"",""scale_variation"":1,""selected_window_mode"":""visibility"",""small_size"":1,""source_active_frames"":930,""source_end_frame"":492,""source_frames"":1000,""source_inactive_frames"":70,""source_path"":""D:\\360Downloads\\123\\data\\Anti-UAV410\\annos\\test\\20190925_124612_1_3.txt"",""source_sha256"":""2f82ceb0bc3d8a1f33f4619dacd4c82d805574ca1f0160d44538d6ef081b2832"",""source_start_frame"":253,""source_window_frames"":240,""task_id"":""AU-04"",""thermal_crossover"":1,""tiny_size"":0,""visibility_event_count"":3}]}",8,211.75,AU-02,1,1,1,3,{},0.5793905068043488,0.29233469317887906,0.5,0.1729166666666666,0.597952830313007,1.0,0.5793905068043488,0.29233469317887906,0.5,0.1729166666666666,0.597952830313007,1.0
anti_uav410,AU-L04-W08,public-trajectory-replay-v2,"{""event_window_version"":""anti-uav-event-window-v1"",""evidence_type"":""measured_image_plane_tracks_with_simulated_response_resources"",""fps"":null,""image_height"":512,""image_width"":640,""measured_dimensions"":[""apparent_size"",""image_plane_speed"",""visibility""],""motion_unit"":""normalized_image_diagonal_per_frame"",""protected_point"":[0.5,0.85],""source_files"":[""D:\\360Downloads\\123\\data\\Anti-UAV410\\annos\\test\\20190925_124000_1_7.txt"",""D:\\360Downloads\\123\\data\\Anti-UAV410\\annos\\test\\20190925_124000_1_10.txt"",""D:\\360Downloads\\123\\data\\Anti-UAV410\\annos\\test\\20190926_111509_1_4.txt"",""D:\\360Downloads\\123\\data\\Anti-UAV410\\annos\\test\\20190925_124612_1_3.txt""],""source_sha256"":[""048fc956ffc203cedd2474e5b95ef3588e1453ade0fbb5d0c389cc6e7b0427de"",""a8f0c34264460d5f69611ba6a50f6f4a587c0ebf7fdfa313d148e5ad707c9ba0"",""00d4a615114f07e67d7aa588a8035a90618dc23af4bf67b8cb279d7add27be89"",""2f82ceb0bc3d8a1f33f4619dacd4c82d805574ca1f0160d44538d6ef081b2832""],""synthetic_dimensions"":[""spatial_level"",""risk"",""response_window"",""multi_sequence_concurrency"",""resources""],""time_basis"":""frames"",""track_count"":4,""track_windows"":[{""dynamic_background_clutter"":0,""event_center_frame"":42,""fast_motion"":1,""inactive_frames_in_window"":0,""medium_size"":1,""normal_size"":0,""occlusion"":0,""offset_steps"":0,""out_of_view"":0,""requested_window_mode"":""motion"",""scale_variation"":0,""selected_window_mode"":""motion"",""small_size"":1,""source_active_frames"":1000,""source_end_frame"":239,""source_frames"":1000,""source_inactive_frames"":0,""source_path"":""D:\\360Downloads\\123\\data\\Anti-UAV410\\annos\\test\\20190925_124000_1_7.txt"",""source_sha256"":""048fc956ffc203cedd2474e5b95ef3588e1453ade0fbb5d0c389cc6e7b0427de"",""source_start_frame"":0,""source_window_frames"":240,""task_id"":""AU-01"",""thermal_crossover"":1,""tiny_size"":0,""visibility_event_count"":0},{""dynamic_background_clutter"":0,""event_center_frame"":81,""fast_motion"":0,""inactive_frames_in_window"":0,""medium_size"":1,""normal_size"":0,""occlusion"":0,""offset_steps"":1,""out_of_view"":0,""requested_window_mode"":""motion"",""scale_variation"":0,""selected_window_mode"":""motion"",""small_size"":1,""source_active_frames"":164,""source_end_frame"":163,""source_frames"":164,""source_inactive_frames"":0,""source_path"":""D:\\360Downloads\\123\\data\\Anti-UAV410\\annos\\test\\20190925_124000_1_10.txt"",""source_sha256"":""a8f0c34264460d5f69611ba6a50f6f4a587c0ebf7fdfa313d148e5ad707c9ba0"",""source_start_frame"":0,""source_window_frames"":164,""task_id"":""AU-02"",""thermal_crossover"":1,""tiny_size"":0,""visibility_event_count"":0},{""dynamic_background_clutter"":0,""event_center_frame"":45,""fast_motion"":0,""inactive_frames_in_window"":0,""medium_size"":0,""normal_size"":1,""occlusion"":0,""offset_steps"":2,""out_of_view"":0,""requested_window_mode"":""motion"",""scale_variation"":0,""selected_window_mode"":""motion"",""small_size"":0,""source_active_frames"":1000,""source_end_frame"":239,""source_frames"":1000,""source_inactive_frames"":0,""source_path"":""D:\\360Downloads\\123\\data\\Anti-UAV410\\annos\\test\\20190926_111509_1_4.txt"",""source_sha256"":""00d4a615114f07e67d7aa588a8035a90618dc23af4bf67b8cb279d7add27be89"",""source_start_frame"":0,""source_window_frames"":240,""task_id"":""AU-03"",""thermal_crossover"":0,""tiny_size"":0,""visibility_event_count"":0},{""dynamic_background_clutter"":0,""event_center_frame"":373,""fast_motion"":0,""inactive_frames_in_window"":70,""medium_size"":1,""normal_size"":1,""occlusion"":0,""offset_steps"":3,""out_of_view"":1,""requested_window_mode"":""visibility"",""scale_variation"":1,""selected_window_mode"":""visibility"",""small_size"":1,""source_active_frames"":930,""source_end_frame"":492,""source_frames"":1000,""source_inactive_frames"":70,""source_path"":""D:\\360Downloads\\123\\data\\Anti-UAV410\\annos\\test\\20190925_124612_1_3.txt"",""source_sha256"":""2f82ceb0bc3d8a1f33f4619dacd4c82d805574ca1f0160d44538d6ef081b2832"",""source_start_frame"":253,""source_window_frames"":240,""task_id"":""AU-04"",""thermal_crossover"":1,""tiny_size"":0,""visibility_event_count"":3}]}",8,211.75,AU-03,1,1,1,3,{},0.8493536592343975,0.12520032051282062,0.5,0.1729166666666666,0.5803289031779412,1.0,0.8493536592343975,0.12520032051282062,0.5,0.1729166666666666,0.5803289031779412,1.0
anti_uav410,AU-L04-W08,public-trajectory-replay-v2,"{""event_window_version"":""anti-uav-event-window-v1"",""evidence_type"":""measured_image_plane_tracks_with_simulated_response_resources"",""fps"":null,""image_height"":512,""image_width"":640,""measured_dimensions"":[""apparent_size"",""image_plane_speed"",""visibility""],""motion_unit"":""normalized_image_diagonal_per_frame"",""protected_point"":[0.5,0.85],""source_files"":[""D:\\360Downloads\\123\\data\\Anti-UAV410\\annos\\test\\20190925_124000_1_7.txt"",""D:\\360Downloads\\123\\data\\Anti-UAV410\\annos\\test\\20190925_124000_1_10.txt"",""D:\\360Downloads\\123\\data\\Anti-UAV410\\annos\\test\\20190926_111509_1_4.txt"",""D:\\360Downloads\\123\\data\\Anti-UAV410\\annos\\test\\20190925_124612_1_3.txt""],""source_sha256"":[""048fc956ffc203cedd2474e5b95ef3588e1453ade0fbb5d0c389cc6e7b0427de"",""a8f0c34264460d5f69611ba6a50f6f4a587c0ebf7fdfa313d148e5ad707c9ba0"",""00d4a615114f07e67d7aa588a8035a90618dc23af4bf67b8cb279d7add27be89"",""2f82ceb0bc3d8a1f33f4619dacd4c82d805574ca1f0160d44538d6ef081b2832""],""synthetic_dimensions"":[""spatial_level"",""risk"",""response_window"",""multi_sequence_concurrency"",""resources""],""time_basis"":""frames"",""track_count"":4,""track_windows"":[{""dynamic_background_clutter"":0,""event_center_frame"":42,""fast_motion"":1,""inactive_frames_in_window"":0,""medium_size"":1,""normal_size"":0,""occlusion"":0,""offset_steps"":0,""out_of_view"":0,""requested_window_mode"":""motion"",""scale_variation"":0,""selected_window_mode"":""motion"",""small_size"":1,""source_active_frames"":1000,""source_end_frame"":239,""source_frames"":1000,""source_inactive_frames"":0,""source_path"":""D:\\360Downloads\\123\\data\\Anti-UAV410\\annos\\test\\20190925_124000_1_7.txt"",""source_sha256"":""048fc956ffc203cedd2474e5b95ef3588e1453ade0fbb5d0c389cc6e7b0427de"",""source_start_frame"":0,""source_window_frames"":240,""task_id"":""AU-01"",""thermal_crossover"":1,""tiny_size"":0,""visibility_event_count"":0},{""dynamic_background_clutter"":0,""event_center_frame"":81,""fast_motion"":0,""inactive_frames_in_window"":0,""medium_size"":1,""normal_size"":0,""occlusion"":0,""offset_steps"":1,""out_of_view"":0,""requested_window_mode"":""motion"",""scale_variation"":0,""selected_window_mode"":""motion"",""small_size"":1,""source_active_frames"":164,""source_end_frame"":163,""source_frames"":164,""source_inactive_frames"":0,""source_path"":""D:\\360Downloads\\123\\data\\Anti-UAV410\\annos\\test\\20190925_124000_1_10.txt"",""source_sha256"":""a8f0c34264460d5f69611ba6a50f6f4a587c0ebf7fdfa313d148e5ad707c9ba0"",""source_start_frame"":0,""source_window_frames"":164,""task_id"":""AU-02"",""thermal_crossover"":1,""tiny_size"":0,""visibility_event_count"":0},{""dynamic_background_clutter"":0,""event_center_frame"":45,""fast_motion"":0,""inactive_frames_in_window"":0,""medium_size"":0,""normal_size"":1,""occlusion"":0,""offset_steps"":2,""out_of_view"":0,""requested_window_mode"":""motion"",""scale_variation"":0,""selected_window_mode"":""motion"",""small_size"":0,""source_active_frames"":1000,""source_end_frame"":239,""source_frames"":1000,""source_inactive_frames"":0,""source_path"":""D:\\360Downloads\\123\\data\\Anti-UAV410\\annos\\test\\20190926_111509_1_4.txt"",""source_sha256"":""00d4a615114f07e67d7aa588a8035a90618dc23af4bf67b8cb279d7add27be89"",""source_start_frame"":0,""source_window_frames"":240,""task_id"":""AU-03"",""thermal_crossover"":0,""tiny_size"":0,""visibility_event_count"":0},{""dynamic_background_clutter"":0,""event_center_frame"":373,""fast_motion"":0,""inactive_frames_in_window"":70,""medium_size"":1,""normal_size"":1,""occlusion"":0,""offset_steps"":3,""out_of_view"":1,""requested_window_mode"":""visibility"",""scale_variation"":1,""selected_window_mode"":""visibility"",""small_size"":1,""source_active_frames"":930,""source_end_frame"":492,""source_frames"":1000,""source_inactive_frames"":70,""source_path"":""D:\\360Downloads\\123\\data\\Anti-UAV410\\annos\\test\\20190925_124612_1_3.txt"",""source_sha256"":""2f82ceb0bc3d8a1f33f4619dacd4c82d805574ca1f0160d44538d6ef081b2832"",""source_start_frame"":253,""source_window_frames"":240,""task_id"":""AU-04"",""thermal_crossover"":1,""tiny_size"":0,""visibility_event_count"":3}]}",8,211.75,AU-04,1,1,1,3,{},0.43037744481870865,0.0,0.5,0.0,0.48468227856772317,1.0,0.43037744481870865,0.0,0.5,0.0,0.48468227856772317,1.0
anti_uav410,AU-L04-W08,public-trajectory-replay-v2,"{""event_window_version"":""anti-uav-event-window-v1"",""evidence_type"":""measured_image_plane_tracks_with_simulated_response_resources"",""fps"":null,""image_height"":512,""image_width"":640,""measured_dimensions"":[""apparent_size"",""image_plane_speed"",""visibility""],""motion_unit"":""normalized_image_diagonal_per_frame"",""protected_point"":[0.5,0.85],""source_files"":[""D:\\360Downloads\\123\\data\\Anti-UAV410\\annos\\test\\20190925_124000_1_7.txt"",""D:\\360Downloads\\123\\data\\Anti-UAV410\\annos\\test\\20190925_124000_1_10.txt"",""D:\\360Downloads\\123\\data\\Anti-UAV410\\annos\\test\\20190926_111509_1_4.txt"",""D:\\360Downloads\\123\\data\\Anti-UAV410\\annos\\test\\20190925_124612_1_3.txt""],""source_sha256"":[""048fc956ffc203cedd2474e5b95ef3588e1453ade0fbb5d0c389cc6e7b0427de"",""a8f0c34264460d5f69611ba6a50f6f4a587c0ebf7fdfa313d148e5ad707c9ba0"",""00d4a615114f07e67d7aa588a8035a90618dc23af4bf67b8cb279d7add27be89"",""2f82ceb0bc3d8a1f33f4619dacd4c82d805574ca1f0160d44538d6ef081b2832""],""synthetic_dimensions"":[""spatial_level"",""risk"",""response_window"",""multi_sequence_concurrency"",""resources""],""time_basis"":""frames"",""track_count"":4,""track_windows"":[{""dynamic_background_clutter"":0,""event_center_frame"":42,""fast_motion"":1,""inactive_frames_in_window"":0,""medium_size"":1,""normal_size"":0,""occlusion"":0,""offset_steps"":0,""out_of_view"":0,""requested_window_mode"":""motion"",""scale_variation"":0,""selected_window_mode"":""motion"",""small_size"":1,""source_active_frames"":1000,""source_end_frame"":239,""source_frames"":1000,""source_inactive_frames"":0,""source_path"":""D:\\360Downloads\\123\\data\\Anti-UAV410\\annos\\test\\20190925_124000_1_7.txt"",""source_sha256"":""048fc956ffc203cedd2474e5b95ef3588e1453ade0fbb5d0c389cc6e7b0427de"",""source_start_frame"":0,""source_window_frames"":240,""task_id"":""AU-01"",""thermal_crossover"":1,""tiny_size"":0,""visibility_event_count"":0},{""dynamic_background_clutter"":0,""event_center_frame"":81,""fast_motion"":0,""inactive_frames_in_window"":0,""medium_size"":1,""normal_size"":0,""occlusion"":0,""offset_steps"":1,""out_of_view"":0,""requested_window_mode"":""motion"",""scale_variation"":0,""selected_window_mode"":""motion"",""small_size"":1,""source_active_frames"":164,""source_end_frame"":163,""source_frames"":164,""source_inactive_frames"":0,""source_path"":""D:\\360Downloads\\123\\data\\Anti-UAV410\\annos\\test\\20190925_124000_1_10.txt"",""source_sha256"":""a8f0c34264460d5f69611ba6a50f6f4a587c0ebf7fdfa313d148e5ad707c9ba0"",""source_start_frame"":0,""source_window_frames"":164,""task_id"":""AU-02"",""thermal_crossover"":1,""tiny_size"":0,""visibility_event_count"":0},{""dynamic_background_clutter"":0,""event_center_frame"":45,""fast_motion"":0,""inactive_frames_in_window"":0,""medium_size"":0,""normal_size"":1,""occlusion"":0,""offset_steps"":2,""out_of_view"":0,""requested_window_mode"":""motion"",""scale_variation"":0,""selected_window_mode"":""motion"",""small_size"":0,""source_active_frames"":1000,""source_end_frame"":239,""source_frames"":1000,""source_inactive_frames"":0,""source_path"":""D:\\360Downloads\\123\\data\\Anti-UAV410\\annos\\test\\20190926_111509_1_4.txt"",""source_sha256"":""00d4a615114f07e67d7aa588a8035a90618dc23af4bf67b8cb279d7add27be89"",""source_start_frame"":0,""source_window_frames"":240,""task_id"":""AU-03"",""thermal_crossover"":0,""tiny_size"":0,""visibility_event_count"":0},{""dynamic_background_clutter"":0,""event_center_frame"":373,""fast_motion"":0,""inactive_frames_in_window"":70,""medium_size"":1,""normal_size"":1,""occlusion"":0,""offset_steps"":3,""out_of_view"":1,""requested_window_mode"":""visibility"",""scale_variation"":1,""selected_window_mode"":""visibility"",""small_size"":1,""source_active_frames"":930,""source_end_frame"":492,""source_frames"":1000,""source_inactive_frames"":70,""source_path"":""D:\\360Downloads\\123\\data\\Anti-UAV410\\annos\\test\\20190925_124612_1_3.txt"",""source_sha256"":""2f82ceb0bc3d8a1f33f4619dacd4c82d805574ca1f0160d44538d6ef081b2832"",""source_start_frame"":253,""source_window_frames"":240,""task_id"":""AU-04"",""thermal_crossover"":1,""tiny_size"":0,""visibility_event_count"":3}]}",9,170.66666666666666,AU-01,1,1,1,3,{},0.4293914699958633,0.33372604375752707,0.5,0.000732959104048192,0.5540211516020175,1.0,0.4293914699958633,0.33372604375752707,0.5,0.000732959104048192,0.5540211516020175,1.0
anti_uav410,AU-L04-W08,public-trajectory-replay-v2,"{""event_window_version"":""anti-uav-event-window-v1"",""evidence_type"":""measured_image_plane_tracks_with_simulated_response_resources"",""fps"":null,""image_height"":512,""image_width"":640,""measured_dimensions"":[""apparent_size"",""image_plane_speed"",""visibility""],""motion_unit"":""normalized_image_diagonal_per_frame"",""protected_point"":[0.5,0.85],""source_files"":[""D:\\360Downloads\\123\\data\\Anti-UAV410\\annos\\test\\20190925_124000_1_7.txt"",""D:\\360Downloads\\123\\data\\Anti-UAV410\\annos\\test\\20190925_124000_1_10.txt"",""D:\\360Downloads\\123\\data\\Anti-UAV410\\annos\\test\\20190926_111509_1_4.txt"",""D:\\360Downloads\\123\\data\\Anti-UAV410\\annos\\test\\20190925_124612_1_3.txt""],""source_sha256"":[""048fc956ffc203cedd2474e5b95ef3588e1453ade0fbb5d0c389cc6e7b0427de"",""a8f0c34264460d5f69611ba6a50f6f4a587c0ebf7fdfa313d148e5ad707c9ba0"",""00d4a615114f07e67d7aa588a8035a90618dc23af4bf67b8cb279d7add27be89"",""2f82ceb0bc3d8a1f33f4619dacd4c82d805574ca1f0160d44538d6ef081b2832""],""synthetic_dimensions"":[""spatial_level"",""risk"",""response_window"",""multi_sequence_concurrency"",""resources""],""time_basis"":""frames"",""track_count"":4,""track_windows"":[{""dynamic_background_clutter"":0,""event_center_frame"":42,""fast_motion"":1,""inactive_frames_in_window"":0,""medium_size"":1,""normal_size"":0,""occlusion"":0,""offset_steps"":0,""out_of_view"":0,""requested_window_mode"":""motion"",""scale_variation"":0,""selected_window_mode"":""motion"",""small_size"":1,""source_active_frames"":1000,""source_end_frame"":239,""source_frames"":1000,""source_inactive_frames"":0,""source_path"":""D:\\360Downloads\\123\\data\\Anti-UAV410\\annos\\test\\20190925_124000_1_7.txt"",""source_sha256"":""048fc956ffc203cedd2474e5b95ef3588e1453ade0fbb5d0c389cc6e7b0427de"",""source_start_frame"":0,""source_window_frames"":240,""task_id"":""AU-01"",""thermal_crossover"":1,""tiny_size"":0,""visibility_event_count"":0},{""dynamic_background_clutter"":0,""event_center_frame"":81,""fast_motion"":0,""inactive_frames_in_window"":0,""medium_size"":1,""normal_size"":0,""occlusion"":0,""offset_steps"":1,""out_of_view"":0,""requested_window_mode"":""motion"",""scale_variation"":0,""selected_window_mode"":""motion"",""small_size"":1,""source_active_frames"":164,""source_end_frame"":163,""source_frames"":164,""source_inactive_frames"":0,""source_path"":""D:\\360Downloads\\123\\data\\Anti-UAV410\\annos\\test\\20190925_124000_1_10.txt"",""source_sha256"":""a8f0c34264460d5f69611ba6a50f6f4a587c0ebf7fdfa313d148e5ad707c9ba0"",""source_start_frame"":0,""source_window_frames"":164,""task_id"":""AU-02"",""thermal_crossover"":1,""tiny_size"":0,""visibility_event_count"":0},{""dynamic_background_clutter"":0,""event_center_frame"":45,""fast_motion"":0,""inactive_frames_in_window"":0,""medium_size"":0,""normal_size"":1,""occlusion"":0,""offset_steps"":2,""out_of_view"":0,""requested_window_mode"":""motion"",""scale_variation"":0,""selected_window_mode"":""motion"",""small_size"":0,""source_active_frames"":1000,""source_end_frame"":239,""source_frames"":1000,""source_inactive_frames"":0,""source_path"":""D:\\360Downloads\\123\\data\\Anti-UAV410\\annos\\test\\20190926_111509_1_4.txt"",""source_sha256"":""00d4a615114f07e67d7aa588a8035a90618dc23af4bf67b8cb279d7add27be89"",""source_start_frame"":0,""source_window_frames"":240,""task_id"":""AU-03"",""thermal_crossover"":0,""tiny_size"":0,""visibility_event_count"":0},{""dynamic_background_clutter"":0,""event_center_frame"":373,""fast_motion"":0,""inactive_frames_in_window"":70,""medium_size"":1,""normal_size"":1,""occlusion"":0,""offset_steps"":3,""out_of_view"":1,""requested_window_mode"":""visibility"",""scale_variation"":1,""selected_window_mode"":""visibility"",""small_size"":1,""source_active_frames"":930,""source_end_frame"":492,""source_frames"":1000,""source_inactive_frames"":70,""source_path"":""D:\\360Downloads\\123\\data\\Anti-UAV410\\annos\\test\\20190925_124612_1_3.txt"",""source_sha256"":""2f82ceb0bc3d8a1f33f4619dacd4c82d805574ca1f0160d44538d6ef081b2832"",""source_start_frame"":253,""source_window_frames"":240,""task_id"":""AU-04"",""thermal_crossover"":1,""tiny_size"":0,""visibility_event_count"":3}]}",9,170.66666666666666,AU-02,1,1,1,3,{},0.49795112437429545,0.4418363334223836,0.5,0.4234843494741721,0.6054028311652976,1.0,0.49795112437429545,0.4418363334223836,0.5,0.4234843494741721,0.6054028311652976,1.0
anti_uav410,AU-L04-W08,public-trajectory-replay-v2,"{""event_window_version"":""anti-uav-event-window-v1"",""evidence_type"":""measured_image_plane_tracks_with_simulated_response_resources"",""fps"":null,""image_height"":512,""image_width"":640,""measured_dimensions"":[""apparent_size"",""image_plane_speed"",""visibility""],""motion_unit"":""normalized_image_diagonal_per_frame"",""protected_point"":[0.5,0.85],""source_files"":[""D:\\360Downloads\\123\\data\\Anti-UAV410\\annos\\test\\20190925_124000_1_7.txt"",""D:\\360Downloads\\123\\data\\Anti-UAV410\\annos\\test\\20190925_124000_1_10.txt"",""D:\\360Downloads\\123\\data\\Anti-UAV410\\annos\\test\\20190926_111509_1_4.txt"",""D:\\360Downloads\\123\\data\\Anti-UAV410\\annos\\test\\20190925_124612_1_3.txt""],""source_sha256"":[""048fc956ffc203cedd2474e5b95ef3588e1453ade0fbb5d0c389cc6e7b0427de"",""a8f0c34264460d5f69611ba6a50f6f4a587c0ebf7fdfa313d148e5ad707c9ba0"",""00d4a615114f07e67d7aa588a8035a90618dc23af4bf67b8cb279d7add27be89"",""2f82ceb0bc3d8a1f33f4619dacd4c82d805574ca1f0160d44538d6ef081b2832""],""synthetic_dimensions"":[""spatial_level"",""risk"",""response_window"",""multi_sequence_concurrency"",""resources""],""time_basis"":""frames"",""track_count"":4,""track_windows"":[{""dynamic_background_clutter"":0,""event_center_frame"":42,""fast_motion"":1,""inactive_frames_in_window"":0,""medium_size"":1,""normal_size"":0,""occlusion"":0,""offset_steps"":0,""out_of_view"":0,""requested_window_mode"":""motion"",""scale_variation"":0,""selected_window_mode"":""motion"",""small_size"":1,""source_active_frames"":1000,""source_end_frame"":239,""source_frames"":1000,""source_inactive_frames"":0,""source_path"":""D:\\360Downloads\\123\\data\\Anti-UAV410\\annos\\test\\20190925_124000_1_7.txt"",""source_sha256"":""048fc956ffc203cedd2474e5b95ef3588e1453ade0fbb5d0c389cc6e7b0427de"",""source_start_frame"":0,""source_window_frames"":240,""task_id"":""AU-01"",""thermal_crossover"":1,""tiny_size"":0,""visibility_event_count"":0},{""dynamic_background_clutter"":0,""event_center_frame"":81,""fast_motion"":0,""inactive_frames_in_window"":0,""medium_size"":1,""normal_size"":0,""occlusion"":0,""offset_steps"":1,""out_of_view"":0,""requested_window_mode"":""motion"",""scale_variation"":0,""selected_window_mode"":""motion"",""small_size"":1,""source_active_frames"":164,""source_end_frame"":163,""source_frames"":164,""source_inactive_frames"":0,""source_path"":""D:\\360Downloads\\123\\data\\Anti-UAV410\\annos\\test\\20190925_124000_1_10.txt"",""source_sha256"":""a8f0c34264460d5f69611ba6a50f6f4a587c0ebf7fdfa313d148e5ad707c9ba0"",""source_start_frame"":0,""source_window_frames"":164,""task_id"":""AU-02"",""thermal_crossover"":1,""tiny_size"":0,""visibility_event_count"":0},{""dynamic_background_clutter"":0,""event_center_frame"":45,""fast_motion"":0,""inactive_frames_in_window"":0,""medium_size"":0,""normal_size"":1,""occlusion"":0,""offset_steps"":2,""out_of_view"":0,""requested_window_mode"":""motion"",""scale_variation"":0,""selected_window_mode"":""motion"",""small_size"":0,""source_active_frames"":1000,""source_end_frame"":239,""source_frames"":1000,""source_inactive_frames"":0,""source_path"":""D:\\360Downloads\\123\\data\\Anti-UAV410\\annos\\test\\20190926_111509_1_4.txt"",""source_sha256"":""00d4a615114f07e67d7aa588a8035a90618dc23af4bf67b8cb279d7add27be89"",""source_start_frame"":0,""source_window_frames"":240,""task_id"":""AU-03"",""thermal_crossover"":0,""tiny_size"":0,""visibility_event_count"":0},{""dynamic_background_clutter"":0,""event_center_frame"":373,""fast_motion"":0,""inactive_frames_in_window"":70,""medium_size"":1,""normal_size"":1,""occlusion"":0,""offset_steps"":3,""out_of_view"":1,""requested_window_mode"":""visibility"",""scale_variation"":1,""selected_window_mode"":""visibility"",""small_size"":1,""source_active_frames"":930,""source_end_frame"":492,""source_frames"":1000,""source_inactive_frames"":70,""source_path"":""D:\\360Downloads\\123\\data\\Anti-UAV410\\annos\\test\\20190925_124612_1_3.txt"",""source_sha256"":""2f82ceb0bc3d8a1f33f4619dacd4c82d805574ca1f0160d44538d6ef081b2832"",""source_start_frame"":253,""source_window_frames"":240,""task_id"":""AU-04"",""thermal_crossover"":1,""tiny_size"":0,""visibility_event_count"":3}]}",9,170.66666666666666,AU-03,1,1,1,3,{},0.8926633594272193,0.11748036792620672,0.5,0.42421730857822026,0.6271205739982844,1.0,0.8926633594272193,0.11748036792620672,0.5,0.42421730857822026,0.6271205739982844,1.0
anti_uav410,AU-L04-W08,public-trajectory-replay-v2,"{""event_window_version"":""anti-uav-event-window-v1"",""evidence_type"":""measured_image_plane_tracks_with_simulated_response_resources"",""fps"":null,""image_height"":512,""image_width"":640,""measured_dimensions"":[""apparent_size"",""image_plane_speed"",""visibility""],""motion_unit"":""normalized_image_diagonal_per_frame"",""protected_point"":[0.5,0.85],""source_files"":[""D:\\360Downloads\\123\\data\\Anti-UAV410\\annos\\test\\20190925_124000_1_7.txt"",""D:\\360Downloads\\123\\data\\Anti-UAV410\\annos\\test\\20190925_124000_1_10.txt"",""D:\\360Downloads\\123\\data\\Anti-UAV410\\annos\\test\\20190926_111509_1_4.txt"",""D:\\360Downloads\\123\\data\\Anti-UAV410\\annos\\test\\20190925_124612_1_3.txt""],""source_sha256"":[""048fc956ffc203cedd2474e5b95ef3588e1453ade0fbb5d0c389cc6e7b0427de"",""a8f0c34264460d5f69611ba6a50f6f4a587c0ebf7fdfa313d148e5ad707c9ba0"",""00d4a615114f07e67d7aa588a8035a90618dc23af4bf67b8cb279d7add27be89"",""2f82ceb0bc3d8a1f33f4619dacd4c82d805574ca1f0160d44538d6ef081b2832""],""synthetic_dimensions"":[""spatial_level"",""risk"",""response_window"",""multi_sequence_concurrency"",""resources""],""time_basis"":""frames"",""track_count"":4,""track_windows"":[{""dynamic_background_clutter"":0,""event_center_frame"":42,""fast_motion"":1,""inactive_frames_in_window"":0,""medium_size"":1,""normal_size"":0,""occlusion"":0,""offset_steps"":0,""out_of_view"":0,""requested_window_mode"":""motion"",""scale_variation"":0,""selected_window_mode"":""motion"",""small_size"":1,""source_active_frames"":1000,""source_end_frame"":239,""source_frames"":1000,""source_inactive_frames"":0,""source_path"":""D:\\360Downloads\\123\\data\\Anti-UAV410\\annos\\test\\20190925_124000_1_7.txt"",""source_sha256"":""048fc956ffc203cedd2474e5b95ef3588e1453ade0fbb5d0c389cc6e7b0427de"",""source_start_frame"":0,""source_window_frames"":240,""task_id"":""AU-01"",""thermal_crossover"":1,""tiny_size"":0,""visibility_event_count"":0},{""dynamic_background_clutter"":0,""event_center_frame"":81,""fast_motion"":0,""inactive_frames_in_window"":0,""medium_size"":1,""normal_size"":0,""occlusion"":0,""offset_steps"":1,""out_of_view"":0,""requested_window_mode"":""motion"",""scale_variation"":0,""selected_window_mode"":""motion"",""small_size"":1,""source_active_frames"":164,""source_end_frame"":163,""source_frames"":164,""source_inactive_frames"":0,""source_path"":""D:\\360Downloads\\123\\data\\Anti-UAV410\\annos\\test\\20190925_124000_1_10.txt"",""source_sha256"":""a8f0c34264460d5f69611ba6a50f6f4a587c0ebf7fdfa313d148e5ad707c9ba0"",""source_start_frame"":0,""source_window_frames"":164,""task_id"":""AU-02"",""thermal_crossover"":1,""tiny_size"":0,""visibility_event_count"":0},{""dynamic_background_clutter"":0,""event_center_frame"":45,""fast_motion"":0,""inactive_frames_in_window"":0,""medium_size"":0,""normal_size"":1,""occlusion"":0,""offset_steps"":2,""out_of_view"":0,""requested_window_mode"":""motion"",""scale_variation"":0,""selected_window_mode"":""motion"",""small_size"":0,""source_active_frames"":1000,""source_end_frame"":239,""source_frames"":1000,""source_inactive_frames"":0,""source_path"":""D:\\360Downloads\\123\\data\\Anti-UAV410\\annos\\test\\20190926_111509_1_4.txt"",""source_sha256"":""00d4a615114f07e67d7aa588a8035a90618dc23af4bf67b8cb279d7add27be89"",""source_start_frame"":0,""source_window_frames"":240,""task_id"":""AU-03"",""thermal_crossover"":0,""tiny_size"":0,""visibility_event_count"":0},{""dynamic_background_clutter"":0,""event_center_frame"":373,""fast_motion"":0,""inactive_frames_in_window"":70,""medium_size"":1,""normal_size"":1,""occlusion"":0,""offset_steps"":3,""out_of_view"":1,""requested_window_mode"":""visibility"",""scale_variation"":1,""selected_window_mode"":""visibility"",""small_size"":1,""source_active_frames"":930,""source_end_frame"":492,""source_frames"":1000,""source_inactive_frames"":70,""source_path"":""D:\\360Downloads\\123\\data\\Anti-UAV410\\annos\\test\\20190925_124612_1_3.txt"",""source_sha256"":""2f82ceb0bc3d8a1f33f4619dacd4c82d805574ca1f0160d44538d6ef081b2832"",""source_start_frame"":253,""source_window_frames"":240,""task_id"":""AU-04"",""thermal_crossover"":1,""tiny_size"":0,""visibility_event_count"":3}]}",9,170.66666666666666,AU-04,0,0,1,3,{},0.0,0.0,0.5,0.0,0.35,1.0,0.0,0.0,0.5,0.0,0.35,1.0
anti_uav410,AU-L04-W08,public-trajectory-replay-v2,"{""event_window_version"":""anti-uav-event-window-v1"",""evidence_type"":""measured_image_plane_tracks_with_simulated_response_resources"",""fps"":null,""image_height"":512,""image_width"":640,""measured_dimensions"":[""apparent_size"",""image_plane_speed"",""visibility""],""motion_unit"":""normalized_image_diagonal_per_frame"",""protected_point"":[0.5,0.85],""source_files"":[""D:\\360Downloads\\123\\data\\Anti-UAV410\\annos\\test\\20190925_124000_1_7.txt"",""D:\\360Downloads\\123\\data\\Anti-UAV410\\annos\\test\\20190925_124000_1_10.txt"",""D:\\360Downloads\\123\\data\\Anti-UAV410\\annos\\test\\20190926_111509_1_4.txt"",""D:\\360Downloads\\123\\data\\Anti-UAV410\\annos\\test\\20190925_124612_1_3.txt""],""source_sha256"":[""048fc956ffc203cedd2474e5b95ef3588e1453ade0fbb5d0c389cc6e7b0427de"",""a8f0c34264460d5f69611ba6a50f6f4a587c0ebf7fdfa313d148e5ad707c9ba0"",""00d4a615114f07e67d7aa588a8035a90618dc23af4bf67b8cb279d7add27be89"",""2f82ceb0bc3d8a1f33f4619dacd4c82d805574ca1f0160d44538d6ef081b2832""],""synthetic_dimensions"":[""spatial_level"",""risk"",""response_window"",""multi_sequence_concurrency"",""resources""],""time_basis"":""frames"",""track_count"":4,""track_windows"":[{""dynamic_background_clutter"":0,""event_center_frame"":42,""fast_motion"":1,""inactive_frames_in_window"":0,""medium_size"":1,""normal_size"":0,""occlusion"":0,""offset_steps"":0,""out_of_view"":0,""requested_window_mode"":""motion"",""scale_variation"":0,""selected_window_mode"":""motion"",""small_size"":1,""source_active_frames"":1000,""source_end_frame"":239,""source_frames"":1000,""source_inactive_frames"":0,""source_path"":""D:\\360Downloads\\123\\data\\Anti-UAV410\\annos\\test\\20190925_124000_1_7.txt"",""source_sha256"":""048fc956ffc203cedd2474e5b95ef3588e1453ade0fbb5d0c389cc6e7b0427de"",""source_start_frame"":0,""source_window_frames"":240,""task_id"":""AU-01"",""thermal_crossover"":1,""tiny_size"":0,""visibility_event_count"":0},{""dynamic_background_clutter"":0,""event_center_frame"":81,""fast_motion"":0,""inactive_frames_in_window"":0,""medium_size"":1,""normal_size"":0,""occlusion"":0,""offset_steps"":1,""out_of_view"":0,""requested_window_mode"":""motion"",""scale_variation"":0,""selected_window_mode"":""motion"",""small_size"":1,""source_active_frames"":164,""source_end_frame"":163,""source_frames"":164,""source_inactive_frames"":0,""source_path"":""D:\\360Downloads\\123\\data\\Anti-UAV410\\annos\\test\\20190925_124000_1_10.txt"",""source_sha256"":""a8f0c34264460d5f69611ba6a50f6f4a587c0ebf7fdfa313d148e5ad707c9ba0"",""source_start_frame"":0,""source_window_frames"":164,""task_id"":""AU-02"",""thermal_crossover"":1,""tiny_size"":0,""visibility_event_count"":0},{""dynamic_background_clutter"":0,""event_center_frame"":45,""fast_motion"":0,""inactive_frames_in_window"":0,""medium_size"":0,""normal_size"":1,""occlusion"":0,""offset_steps"":2,""out_of_view"":0,""requested_window_mode"":""motion"",""scale_variation"":0,""selected_window_mode"":""motion"",""small_size"":0,""source_active_frames"":1000,""source_end_frame"":239,""source_frames"":1000,""source_inactive_frames"":0,""source_path"":""D:\\360Downloads\\123\\data\\Anti-UAV410\\annos\\test\\20190926_111509_1_4.txt"",""source_sha256"":""00d4a615114f07e67d7aa588a8035a90618dc23af4bf67b8cb279d7add27be89"",""source_start_frame"":0,""source_window_frames"":240,""task_id"":""AU-03"",""thermal_crossover"":0,""tiny_size"":0,""visibility_event_count"":0},{""dynamic_background_clutter"":0,""event_center_frame"":373,""fast_motion"":0,""inactive_frames_in_window"":70,""medium_size"":1,""normal_size"":1,""occlusion"":0,""offset_steps"":3,""out_of_view"":1,""requested_window_mode"":""visibility"",""scale_variation"":1,""selected_window_mode"":""visibility"",""small_size"":1,""source_active_frames"":930,""source_end_frame"":492,""source_frames"":1000,""source_inactive_frames"":70,""source_path"":""D:\\360Downloads\\123\\data\\Anti-UAV410\\annos\\test\\20190925_124612_1_3.txt"",""source_sha256"":""2f82ceb0bc3d8a1f33f4619dacd4c82d805574ca1f0160d44538d6ef081b2832"",""source_start_frame"":253,""source_window_frames"":240,""task_id"":""AU-04"",""thermal_crossover"":1,""tiny_size"":0,""visibility_event_count"":3}]}",10,192.0,AU-01,1,1,1,3,{},0.443951227115425,0.3782880395145032,0.5,0.48423389374674514,0.6689779040454091,0.40978107752607684,0.443951227115425,0.3782880395145032,0.5,0.48423389374674514,0.6689779040454091,0.40978107752607684
anti_uav410,AU-L04-W08,public-trajectory-replay-v2,"{""event_window_version"":""anti-uav-event-window-v1"",""evidence_type"":""measured_image_plane_tracks_with_simulated_response_resources"",""fps"":null,""image_height"":512,""image_width"":640,""measured_dimensions"":[""apparent_size"",""image_plane_speed"",""visibility""],""motion_unit"":""normalized_image_diagonal_per_frame"",""protected_point"":[0.5,0.85],""source_files"":[""D:\\360Downloads\\123\\data\\Anti-UAV410\\annos\\test\\20190925_124000_1_7.txt"",""D:\\360Downloads\\123\\data\\Anti-UAV410\\annos\\test\\20190925_124000_1_10.txt"",""D:\\360Downloads\\123\\data\\Anti-UAV410\\annos\\test\\20190926_111509_1_4.txt"",""D:\\360Downloads\\123\\data\\Anti-UAV410\\annos\\test\\20190925_124612_1_3.txt""],""source_sha256"":[""048fc956ffc203cedd2474e5b95ef3588e1453ade0fbb5d0c389cc6e7b0427de"",""a8f0c34264460d5f69611ba6a50f6f4a587c0ebf7fdfa313d148e5ad707c9ba0"",""00d4a615114f07e67d7aa588a8035a90618dc23af4bf67b8cb279d7add27be89"",""2f82ceb0bc3d8a1f33f4619dacd4c82d805574ca1f0160d44538d6ef081b2832""],""synthetic_dimensions"":[""spatial_level"",""risk"",""response_window"",""multi_sequence_concurrency"",""resources""],""time_basis"":""frames"",""track_count"":4,""track_windows"":[{""dynamic_background_clutter"":0,""event_center_frame"":42,""fast_motion"":1,""inactive_frames_in_window"":0,""medium_size"":1,""normal_size"":0,""occlusion"":0,""offset_steps"":0,""out_of_view"":0,""requested_window_mode"":""motion"",""scale_variation"":0,""selected_window_mode"":""motion"",""small_size"":1,""source_active_frames"":1000,""source_end_frame"":239,""source_frames"":1000,""source_inactive_frames"":0,""source_path"":""D:\\360Downloads\\123\\data\\Anti-UAV410\\annos\\test\\20190925_124000_1_7.txt"",""source_sha256"":""048fc956ffc203cedd2474e5b95ef3588e1453ade0fbb5d0c389cc6e7b0427de"",""source_start_frame"":0,""source_window_frames"":240,""task_id"":""AU-01"",""thermal_crossover"":1,""tiny_size"":0,""visibility_event_count"":0},{""dynamic_background_clutter"":0,""event_center_frame"":81,""fast_motion"":0,""inactive_frames_in_window"":0,""medium_size"":1,""normal_size"":0,""occlusion"":0,""offset_steps"":1,""out_of_view"":0,""requested_window_mode"":""motion"",""scale_variation"":0,""selected_window_mode"":""motion"",""small_size"":1,""source_active_frames"":164,""source_end_frame"":163,""source_frames"":164,""source_inactive_frames"":0,""source_path"":""D:\\360Downloads\\123\\data\\Anti-UAV410\\annos\\test\\20190925_124000_1_10.txt"",""source_sha256"":""a8f0c34264460d5f69611ba6a50f6f4a587c0ebf7fdfa313d148e5ad707c9ba0"",""source_start_frame"":0,""source_window_frames"":164,""task_id"":""AU-02"",""thermal_crossover"":1,""tiny_size"":0,""visibility_event_count"":0},{""dynamic_background_clutter"":0,""event_center_frame"":45,""fast_motion"":0,""inactive_frames_in_window"":0,""medium_size"":0,""normal_size"":1,""occlusion"":0,""offset_steps"":2,""out_of_view"":0,""requested_window_mode"":""motion"",""scale_variation"":0,""selected_window_mode"":""motion"",""small_size"":0,""source_active_frames"":1000,""source_end_frame"":239,""source_frames"":1000,""source_inactive_frames"":0,""source_path"":""D:\\360Downloads\\123\\data\\Anti-UAV410\\annos\\test\\20190926_111509_1_4.txt"",""source_sha256"":""00d4a615114f07e67d7aa588a8035a90618dc23af4bf67b8cb279d7add27be89"",""source_start_frame"":0,""source_window_frames"":240,""task_id"":""AU-03"",""thermal_crossover"":0,""tiny_size"":0,""visibility_event_count"":0},{""dynamic_background_clutter"":0,""event_center_frame"":373,""fast_motion"":0,""inactive_frames_in_window"":70,""medium_size"":1,""normal_size"":1,""occlusion"":0,""offset_steps"":3,""out_of_view"":1,""requested_window_mode"":""visibility"",""scale_variation"":1,""selected_window_mode"":""visibility"",""small_size"":1,""source_active_frames"":930,""source_end_frame"":492,""source_frames"":1000,""source_inactive_frames"":70,""source_path"":""D:\\360Downloads\\123\\data\\Anti-UAV410\\annos\\test\\20190925_124612_1_3.txt"",""source_sha256"":""2f82ceb0bc3d8a1f33f4619dacd4c82d805574ca1f0160d44538d6ef081b2832"",""source_start_frame"":253,""source_window_frames"":240,""task_id"":""AU-04"",""thermal_crossover"":1,""tiny_size"":0,""visibility_event_count"":3}]}",10,192.0,AU-02,1,1,1,3,{},0.5435320693943178,0.0905077306518805,0.5,0.656776137713184,0.6435143096379425,1.0,0.5435320693943178,0.0905077306518805,0.5,0.656776137713184,0.6435143096379425,1.0
anti_uav410,AU-L04-W08,public-trajectory-replay-v2,"{""event_window_version"":""anti-uav-event-window-v1"",""evidence_type"":""measured_image_plane_tracks_with_simulated_response_resources"",""fps"":null,""image_height"":512,""image_width"":640,""measured_dimensions"":[""apparent_size"",""image_plane_speed"",""visibility""],""motion_unit"":""normalized_image_diagonal_per_frame"",""protected_point"":[0.5,0.85],""source_files"":[""D:\\360Downloads\\123\\data\\Anti-UAV410\\annos\\test\\20190925_124000_1_7.txt"",""D:\\360Downloads\\123\\data\\Anti-UAV410\\annos\\test\\20190925_124000_1_10.txt"",""D:\\360Downloads\\123\\data\\Anti-UAV410\\annos\\test\\20190926_111509_1_4.txt"",""D:\\360Downloads\\123\\data\\Anti-UAV410\\annos\\test\\20190925_124612_1_3.txt""],""source_sha256"":[""048fc956ffc203cedd2474e5b95ef3588e1453ade0fbb5d0c389cc6e7b0427de"",""a8f0c34264460d5f69611ba6a50f6f4a587c0ebf7fdfa313d148e5ad707c9ba0"",""00d4a615114f07e67d7aa588a8035a90618dc23af4bf67b8cb279d7add27be89"",""2f82ceb0bc3d8a1f33f4619dacd4c82d805574ca1f0160d44538d6ef081b2832""],""synthetic_dimensions"":[""spatial_level"",""risk"",""response_window"",""multi_sequence_concurrency"",""resources""],""time_basis"":""frames"",""track_count"":4,""track_windows"":[{""dynamic_background_clutter"":0,""event_center_frame"":42,""fast_motion"":1,""inactive_frames_in_window"":0,""medium_size"":1,""normal_size"":0,""occlusion"":0,""offset_steps"":0,""out_of_view"":0,""requested_window_mode"":""motion"",""scale_variation"":0,""selected_window_mode"":""motion"",""small_size"":1,""source_active_frames"":1000,""source_end_frame"":239,""source_frames"":1000,""source_inactive_frames"":0,""source_path"":""D:\\360Downloads\\123\\data\\Anti-UAV410\\annos\\test\\20190925_124000_1_7.txt"",""source_sha256"":""048fc956ffc203cedd2474e5b95ef3588e1453ade0fbb5d0c389cc6e7b0427de"",""source_start_frame"":0,""source_window_frames"":240,""task_id"":""AU-01"",""thermal_crossover"":1,""tiny_size"":0,""visibility_event_count"":0},{""dynamic_background_clutter"":0,""event_center_frame"":81,""fast_motion"":0,""inactive_frames_in_window"":0,""medium_size"":1,""normal_size"":0,""occlusion"":0,""offset_steps"":1,""out_of_view"":0,""requested_window_mode"":""motion"",""scale_variation"":0,""selected_window_mode"":""motion"",""small_size"":1,""source_active_frames"":164,""source_end_frame"":163,""source_frames"":164,""source_inactive_frames"":0,""source_path"":""D:\\360Downloads\\123\\data\\Anti-UAV410\\annos\\test\\20190925_124000_1_10.txt"",""source_sha256"":""a8f0c34264460d5f69611ba6a50f6f4a587c0ebf7fdfa313d148e5ad707c9ba0"",""source_start_frame"":0,""source_window_frames"":164,""task_id"":""AU-02"",""thermal_crossover"":1,""tiny_size"":0,""visibility_event_count"":0},{""dynamic_background_clutter"":0,""event_center_frame"":45,""fast_motion"":0,""inactive_frames_in_window"":0,""medium_size"":0,""normal_size"":1,""occlusion"":0,""offset_steps"":2,""out_of_view"":0,""requested_window_mode"":""motion"",""scale_variation"":0,""selected_window_mode"":""motion"",""small_size"":0,""source_active_frames"":1000,""source_end_frame"":239,""source_frames"":1000,""source_inactive_frames"":0,""source_path"":""D:\\360Downloads\\123\\data\\Anti-UAV410\\annos\\test\\20190926_111509_1_4.txt"",""source_sha256"":""00d4a615114f07e67d7aa588a8035a90618dc23af4bf67b8cb279d7add27be89"",""source_start_frame"":0,""source_window_frames"":240,""task_id"":""AU-03"",""thermal_crossover"":0,""tiny_size"":0,""visibility_event_count"":0},{""dynamic_background_clutter"":0,""event_center_frame"":373,""fast_motion"":0,""inactive_frames_in_window"":70,""medium_size"":1,""normal_size"":1,""occlusion"":0,""offset_steps"":3,""out_of_view"":1,""requested_window_mode"":""visibility"",""scale_variation"":1,""selected_window_mode"":""visibility"",""small_size"":1,""source_active_frames"":930,""source_end_frame"":492,""source_frames"":1000,""source_inactive_frames"":70,""source_path"":""D:\\360Downloads\\123\\data\\Anti-UAV410\\annos\\test\\20190925_124612_1_3.txt"",""source_sha256"":""2f82ceb0bc3d8a1f33f4619dacd4c82d805574ca1f0160d44538d6ef081b2832"",""source_start_frame"":253,""source_window_frames"":240,""task_id"":""AU-04"",""thermal_crossover"":1,""tiny_size"":0,""visibility_event_count"":3}]}",10,192.0,AU-03,1,1,1,3,{},0.9149394090205206,0.048292360039287004,0.5,0.6834023738883599,0.6652669213804326,1.0,0.9149394090205206,0.048292360039287004,0.5,0.6834023738883599,0.6652669213804326,1.0
anti_uav410,AU-L04-W08,public-trajectory-replay-v2,"{""event_window_version"":""anti-uav-event-window-v1"",""evidence_type"":""measured_image_plane_tracks_with_simulated_response_resources"",""fps"":null,""image_height"":512,""image_width"":640,""measured_dimensions"":[""apparent_size"",""image_plane_speed"",""visibility""],""motion_unit"":""normalized_image_diagonal_per_frame"",""protected_point"":[0.5,0.85],""source_files"":[""D:\\360Downloads\\123\\data\\Anti-UAV410\\annos\\test\\20190925_124000_1_7.txt"",""D:\\360Downloads\\123\\data\\Anti-UAV410\\annos\\test\\20190925_124000_1_10.txt"",""D:\\360Downloads\\123\\data\\Anti-UAV410\\annos\\test\\20190926_111509_1_4.txt"",""D:\\360Downloads\\123\\data\\Anti-UAV410\\annos\\test\\20190925_124612_1_3.txt""],""source_sha256"":[""048fc956ffc203cedd2474e5b95ef3588e1453ade0fbb5d0c389cc6e7b0427de"",""a8f0c34264460d5f69611ba6a50f6f4a587c0ebf7fdfa313d148e5ad707c9ba0"",""00d4a615114f07e67d7aa588a8035a90618dc23af4bf67b8cb279d7add27be89"",""2f82ceb0bc3d8a1f33f4619dacd4c82d805574ca1f0160d44538d6ef081b2832""],""synthetic_dimensions"":[""spatial_level"",""risk"",""response_window"",""multi_sequence_concurrency"",""resources""],""time_basis"":""frames"",""track_count"":4,""track_windows"":[{""dynamic_background_clutter"":0,""event_center_frame"":42,""fast_motion"":1,""inactive_frames_in_window"":0,""medium_size"":1,""normal_size"":0,""occlusion"":0,""offset_steps"":0,""out_of_view"":0,""requested_window_mode"":""motion"",""scale_variation"":0,""selected_window_mode"":""motion"",""small_size"":1,""source_active_frames"":1000,""source_end_frame"":239,""source_frames"":1000,""source_inactive_frames"":0,""source_path"":""D:\\360Downloads\\123\\data\\Anti-UAV410\\annos\\test\\20190925_124000_1_7.txt"",""source_sha256"":""048fc956ffc203cedd2474e5b95ef3588e1453ade0fbb5d0c389cc6e7b0427de"",""source_start_frame"":0,""source_window_frames"":240,""task_id"":""AU-01"",""thermal_crossover"":1,""tiny_size"":0,""visibility_event_count"":0},{""dynamic_background_clutter"":0,""event_center_frame"":81,""fast_motion"":0,""inactive_frames_in_window"":0,""medium_size"":1,""normal_size"":0,""occlusion"":0,""offset_steps"":1,""out_of_view"":0,""requested_window_mode"":""motion"",""scale_variation"":0,""selected_window_mode"":""motion"",""small_size"":1,""source_active_frames"":164,""source_end_frame"":163,""source_frames"":164,""source_inactive_frames"":0,""source_path"":""D:\\360Downloads\\123\\data\\Anti-UAV410\\annos\\test\\20190925_124000_1_10.txt"",""source_sha256"":""a8f0c34264460d5f69611ba6a50f6f4a587c0ebf7fdfa313d148e5ad707c9ba0"",""source_start_frame"":0,""source_window_frames"":164,""task_id"":""AU-02"",""thermal_crossover"":1,""tiny_size"":0,""visibility_event_count"":0},{""dynamic_background_clutter"":0,""event_center_frame"":45,""fast_motion"":0,""inactive_frames_in_window"":0,""medium_size"":0,""normal_size"":1,""occlusion"":0,""offset_steps"":2,""out_of_view"":0,""requested_window_mode"":""motion"",""scale_variation"":0,""selected_window_mode"":""motion"",""small_size"":0,""source_active_frames"":1000,""source_end_frame"":239,""source_frames"":1000,""source_inactive_frames"":0,""source_path"":""D:\\360Downloads\\123\\data\\Anti-UAV410\\annos\\test\\20190926_111509_1_4.txt"",""source_sha256"":""00d4a615114f07e67d7aa588a8035a90618dc23af4bf67b8cb279d7add27be89"",""source_start_frame"":0,""source_window_frames"":240,""task_id"":""AU-03"",""thermal_crossover"":0,""tiny_size"":0,""visibility_event_count"":0},{""dynamic_background_clutter"":0,""event_center_frame"":373,""fast_motion"":0,""inactive_frames_in_window"":70,""medium_size"":1,""normal_size"":1,""occlusion"":0,""offset_steps"":3,""out_of_view"":1,""requested_window_mode"":""visibility"",""scale_variation"":1,""selected_window_mode"":""visibility"",""small_size"":1,""source_active_frames"":930,""source_end_frame"":492,""source_frames"":1000,""source_inactive_frames"":70,""source_path"":""D:\\360Downloads\\123\\data\\Anti-UAV410\\annos\\test\\20190925_124612_1_3.txt"",""source_sha256"":""2f82ceb0bc3d8a1f33f4619dacd4c82d805574ca1f0160d44538d6ef081b2832"",""source_start_frame"":253,""source_window_frames"":240,""task_id"":""AU-04"",""thermal_crossover"":1,""tiny_size"":0,""visibility_event_count"":3}]}",10,192.0,AU-04,0,0,1,3,{},0.0,0.0,0.5,0.0,0.35,1.0,0.0,0.0,0.5,0.0,0.35,1.0
anti_uav410,AU-L04-W08,public-trajectory-replay-v2,"{""event_window_version"":""anti-uav-event-window-v1"",""evidence_type"":""measured_image_plane_tracks_with_simulated_response_resources"",""fps"":null,""image_height"":512,""image_width"":640,""measured_dimensions"":[""apparent_size"",""image_plane_speed"",""visibility""],""motion_unit"":""normalized_image_diagonal_per_frame"",""protected_point"":[0.5,0.85],""source_files"":[""D:\\360Downloads\\123\\data\\Anti-UAV410\\annos\\test\\20190925_124000_1_7.txt"",""D:\\360Downloads\\123\\data\\Anti-UAV410\\annos\\test\\20190925_124000_1_10.txt"",""D:\\360Downloads\\123\\data\\Anti-UAV410\\annos\\test\\20190926_111509_1_4.txt"",""D:\\360Downloads\\123\\data\\Anti-UAV410\\annos\\test\\20190925_124612_1_3.txt""],""source_sha256"":[""048fc956ffc203cedd2474e5b95ef3588e1453ade0fbb5d0c389cc6e7b0427de"",""a8f0c34264460d5f69611ba6a50f6f4a587c0ebf7fdfa313d148e5ad707c9ba0"",""00d4a615114f07e67d7aa588a8035a90618dc23af4bf67b8cb279d7add27be89"",""2f82ceb0bc3d8a1f33f4619dacd4c82d805574ca1f0160d44538d6ef081b2832""],""synthetic_dimensions"":[""spatial_level"",""risk"",""response_window"",""multi_sequence_concurrency"",""resources""],""time_basis"":""frames"",""track_count"":4,""track_windows"":[{""dynamic_background_clutter"":0,""event_center_frame"":42,""fast_motion"":1,""inactive_frames_in_window"":0,""medium_size"":1,""normal_size"":0,""occlusion"":0,""offset_steps"":0,""out_of_view"":0,""requested_window_mode"":""motion"",""scale_variation"":0,""selected_window_mode"":""motion"",""small_size"":1,""source_active_frames"":1000,""source_end_frame"":239,""source_frames"":1000,""source_inactive_frames"":0,""source_path"":""D:\\360Downloads\\123\\data\\Anti-UAV410\\annos\\test\\20190925_124000_1_7.txt"",""source_sha256"":""048fc956ffc203cedd2474e5b95ef3588e1453ade0fbb5d0c389cc6e7b0427de"",""source_start_frame"":0,""source_window_frames"":240,""task_id"":""AU-01"",""thermal_crossover"":1,""tiny_size"":0,""visibility_event_count"":0},{""dynamic_background_clutter"":0,""event_center_frame"":81,""fast_motion"":0,""inactive_frames_in_window"":0,""medium_size"":1,""normal_size"":0,""occlusion"":0,""offset_steps"":1,""out_of_view"":0,""requested_window_mode"":""motion"",""scale_variation"":0,""selected_window_mode"":""motion"",""small_size"":1,""source_active_frames"":164,""source_end_frame"":163,""source_frames"":164,""source_inactive_frames"":0,""source_path"":""D:\\360Downloads\\123\\data\\Anti-UAV410\\annos\\test\\20190925_124000_1_10.txt"",""source_sha256"":""a8f0c34264460d5f69611ba6a50f6f4a587c0ebf7fdfa313d148e5ad707c9ba0"",""source_start_frame"":0,""source_window_frames"":164,""task_id"":""AU-02"",""thermal_crossover"":1,""tiny_size"":0,""visibility_event_count"":0},{""dynamic_background_clutter"":0,""event_center_frame"":45,""fast_motion"":0,""inactive_frames_in_window"":0,""medium_size"":0,""normal_size"":1,""occlusion"":0,""offset_steps"":2,""out_of_view"":0,""requested_window_mode"":""motion"",""scale_variation"":0,""selected_window_mode"":""motion"",""small_size"":0,""source_active_frames"":1000,""source_end_frame"":239,""source_frames"":1000,""source_inactive_frames"":0,""source_path"":""D:\\360Downloads\\123\\data\\Anti-UAV410\\annos\\test\\20190926_111509_1_4.txt"",""source_sha256"":""00d4a615114f07e67d7aa588a8035a90618dc23af4bf67b8cb279d7add27be89"",""source_start_frame"":0,""source_window_frames"":240,""task_id"":""AU-03"",""thermal_crossover"":0,""tiny_size"":0,""visibility_event_count"":0},{""dynamic_background_clutter"":0,""event_center_frame"":373,""fast_motion"":0,""inactive_frames_in_window"":70,""medium_size"":1,""normal_size"":1,""occlusion"":0,""offset_steps"":3,""out_of_view"":1,""requested_window_mode"":""visibility"",""scale_variation"":1,""selected_window_mode"":""visibility"",""small_size"":1,""source_active_frames"":930,""source_end_frame"":492,""source_frames"":1000,""source_inactive_frames"":70,""source_path"":""D:\\360Downloads\\123\\data\\Anti-UAV410\\annos\\test\\20190925_124612_1_3.txt"",""source_sha256"":""2f82ceb0bc3d8a1f33f4619dacd4c82d805574ca1f0160d44538d6ef081b2832"",""source_start_frame"":253,""source_window_frames"":240,""task_id"":""AU-04"",""thermal_crossover"":1,""tiny_size"":0,""visibility_event_count"":3}]}",11,283.25,AU-01,1,1,1,3,{},0.4685691201939214,0.35586469180346436,0.5,0.18922228319547127,0.5635460230164471,1.0,0.4685691201939214,0.35586469180346436,0.5,0.18922228319547127,0.5635460230164471,1.0
anti_uav410,AU-L04-W08,public-trajectory-replay-v2,"{""event_window_version"":""anti-uav-event-window-v1"",""evidence_type"":""measured_image_plane_tracks_with_simulated_response_resources"",""fps"":null,""image_height"":512,""image_width"":640,""measured_dimensions"":[""apparent_size"",""image_plane_speed"",""visibility""],""motion_unit"":""normalized_image_diagonal_per_frame"",""protected_point"":[0.5,0.85],""source_files"":[""D:\\360Downloads\\123\\data\\Anti-UAV410\\annos\\test\\20190925_124000_1_7.txt"",""D:\\360Downloads\\123\\data\\Anti-UAV410\\annos\\test\\20190925_124000_1_10.txt"",""D:\\360Downloads\\123\\data\\Anti-UAV410\\annos\\test\\20190926_111509_1_4.txt"",""D:\\360Downloads\\123\\data\\Anti-UAV410\\annos\\test\\20190925_124612_1_3.txt""],""source_sha256"":[""048fc956ffc203cedd2474e5b95ef3588e1453ade0fbb5d0c389cc6e7b0427de"",""a8f0c34264460d5f69611ba6a50f6f4a587c0ebf7fdfa313d148e5ad707c9ba0"",""00d4a615114f07e67d7aa588a8035a90618dc23af4bf67b8cb279d7add27be89"",""2f82ceb0bc3d8a1f33f4619dacd4c82d805574ca1f0160d44538d6ef081b2832""],""synthetic_dimensions"":[""spatial_level"",""risk"",""response_window"",""multi_sequence_concurrency"",""resources""],""time_basis"":""frames"",""track_count"":4,""track_windows"":[{""dynamic_background_clutter"":0,""event_center_frame"":42,""fast_motion"":1,""inactive_frames_in_window"":0,""medium_size"":1,""normal_size"":0,""occlusion"":0,""offset_steps"":0,""out_of_view"":0,""requested_window_mode"":""motion"",""scale_variation"":0,""selected_window_mode"":""motion"",""small_size"":1,""source_active_frames"":1000,""source_end_frame"":239,""source_frames"":1000,""source_inactive_frames"":0,""source_path"":""D:\\360Downloads\\123\\data\\Anti-UAV410\\annos\\test\\20190925_124000_1_7.txt"",""source_sha256"":""048fc956ffc203cedd2474e5b95ef3588e1453ade0fbb5d0c389cc6e7b0427de"",""source_start_frame"":0,""source_window_frames"":240,""task_id"":""AU-01"",""thermal_crossover"":1,""tiny_size"":0,""visibility_event_count"":0},{""dynamic_background_clutter"":0,""event_center_frame"":81,""fast_motion"":0,""inactive_frames_in_window"":0,""medium_size"":1,""normal_size"":0,""occlusion"":0,""offset_steps"":1,""out_of_view"":0,""requested_window_mode"":""motion"",""scale_variation"":0,""selected_window_mode"":""motion"",""small_size"":1,""source_active_frames"":164,""source_end_frame"":163,""source_frames"":164,""source_inactive_frames"":0,""source_path"":""D:\\360Downloads\\123\\data\\Anti-UAV410\\annos\\test\\20190925_124000_1_10.txt"",""source_sha256"":""a8f0c34264460d5f69611ba6a50f6f4a587c0ebf7fdfa313d148e5ad707c9ba0"",""source_start_frame"":0,""source_window_frames"":164,""task_id"":""AU-02"",""thermal_crossover"":1,""tiny_size"":0,""visibility_event_count"":0},{""dynamic_background_clutter"":0,""event_center_frame"":45,""fast_motion"":0,""inactive_frames_in_window"":0,""medium_size"":0,""normal_size"":1,""occlusion"":0,""offset_steps"":2,""out_of_view"":0,""requested_window_mode"":""motion"",""scale_variation"":0,""selected_window_mode"":""motion"",""small_size"":0,""source_active_frames"":1000,""source_end_frame"":239,""source_frames"":1000,""source_inactive_frames"":0,""source_path"":""D:\\360Downloads\\123\\data\\Anti-UAV410\\annos\\test\\20190926_111509_1_4.txt"",""source_sha256"":""00d4a615114f07e67d7aa588a8035a90618dc23af4bf67b8cb279d7add27be89"",""source_start_frame"":0,""source_window_frames"":240,""task_id"":""AU-03"",""thermal_crossover"":0,""tiny_size"":0,""visibility_event_count"":0},{""dynamic_background_clutter"":0,""event_center_frame"":373,""fast_motion"":0,""inactive_frames_in_window"":70,""medium_size"":1,""normal_size"":1,""occlusion"":0,""offset_steps"":3,""out_of_view"":1,""requested_window_mode"":""visibility"",""scale_variation"":1,""selected_window_mode"":""visibility"",""small_size"":1,""source_active_frames"":930,""source_end_frame"":492,""source_frames"":1000,""source_inactive_frames"":70,""source_path"":""D:\\360Downloads\\123\\data\\Anti-UAV410\\annos\\test\\20190925_124612_1_3.txt"",""source_sha256"":""2f82ceb0bc3d8a1f33f4619dacd4c82d805574ca1f0160d44538d6ef081b2832"",""source_start_frame"":253,""source_window_frames"":240,""task_id"":""AU-04"",""thermal_crossover"":1,""tiny_size"":0,""visibility_event_count"":3}]}",11,283.25,AU-02,1,1,1,3,{},0.5581519596185628,0.2511926261010718,0.5,0.4653268234826396,0.6340903093458952,1.0,0.5581519596185628,0.2511926261010718,0.5,0.4653268234826396,0.6340903093458952,1.0
anti_uav410,AU-L04-W08,public-trajectory-replay-v2,"{""event_window_version"":""anti-uav-event-window-v1"",""evidence_type"":""measured_image_plane_tracks_with_simulated_response_resources"",""fps"":null,""image_height"":512,""image_width"":640,""measured_dimensions"":[""apparent_size"",""image_plane_speed"",""visibility""],""motion_unit"":""normalized_image_diagonal_per_frame"",""protected_point"":[0.5,0.85],""source_files"":[""D:\\360Downloads\\123\\data\\Anti-UAV410\\annos\\test\\20190925_124000_1_7.txt"",""D:\\360Downloads\\123\\data\\Anti-UAV410\\annos\\test\\20190925_124000_1_10.txt"",""D:\\360Downloads\\123\\data\\Anti-UAV410\\annos\\test\\20190926_111509_1_4.txt"",""D:\\360Downloads\\123\\data\\Anti-UAV410\\annos\\test\\20190925_124612_1_3.txt""],""source_sha256"":[""048fc956ffc203cedd2474e5b95ef3588e1453ade0fbb5d0c389cc6e7b0427de"",""a8f0c34264460d5f69611ba6a50f6f4a587c0ebf7fdfa313d148e5ad707c9ba0"",""00d4a615114f07e67d7aa588a8035a90618dc23af4bf67b8cb279d7add27be89"",""2f82ceb0bc3d8a1f33f4619dacd4c82d805574ca1f0160d44538d6ef081b2832""],""synthetic_dimensions"":[""spatial_level"",""risk"",""response_window"",""multi_sequence_concurrency"",""resources""],""time_basis"":""frames"",""track_count"":4,""track_windows"":[{""dynamic_background_clutter"":0,""event_center_frame"":42,""fast_motion"":1,""inactive_frames_in_window"":0,""medium_size"":1,""normal_size"":0,""occlusion"":0,""offset_steps"":0,""out_of_view"":0,""requested_window_mode"":""motion"",""scale_variation"":0,""selected_window_mode"":""motion"",""small_size"":1,""source_active_frames"":1000,""source_end_frame"":239,""source_frames"":1000,""source_inactive_frames"":0,""source_path"":""D:\\360Downloads\\123\\data\\Anti-UAV410\\annos\\test\\20190925_124000_1_7.txt"",""source_sha256"":""048fc956ffc203cedd2474e5b95ef3588e1453ade0fbb5d0c389cc6e7b0427de"",""source_start_frame"":0,""source_window_frames"":240,""task_id"":""AU-01"",""thermal_crossover"":1,""tiny_size"":0,""visibility_event_count"":0},{""dynamic_background_clutter"":0,""event_center_frame"":81,""fast_motion"":0,""inactive_frames_in_window"":0,""medium_size"":1,""normal_size"":0,""occlusion"":0,""offset_steps"":1,""out_of_view"":0,""requested_window_mode"":""motion"",""scale_variation"":0,""selected_window_mode"":""motion"",""small_size"":1,""source_active_frames"":164,""source_end_frame"":163,""source_frames"":164,""source_inactive_frames"":0,""source_path"":""D:\\360Downloads\\123\\data\\Anti-UAV410\\annos\\test\\20190925_124000_1_10.txt"",""source_sha256"":""a8f0c34264460d5f69611ba6a50f6f4a587c0ebf7fdfa313d148e5ad707c9ba0"",""source_start_frame"":0,""source_window_frames"":164,""task_id"":""AU-02"",""thermal_crossover"":1,""tiny_size"":0,""visibility_event_count"":0},{""dynamic_background_clutter"":0,""event_center_frame"":45,""fast_motion"":0,""inactive_frames_in_window"":0,""medium_size"":0,""normal_size"":1,""occlusion"":0,""offset_steps"":2,""out_of_view"":0,""requested_window_mode"":""motion"",""scale_variation"":0,""selected_window_mode"":""motion"",""small_size"":0,""source_active_frames"":1000,""source_end_frame"":239,""source_frames"":1000,""source_inactive_frames"":0,""source_path"":""D:\\360Downloads\\123\\data\\Anti-UAV410\\annos\\test\\20190926_111509_1_4.txt"",""source_sha256"":""00d4a615114f07e67d7aa588a8035a90618dc23af4bf67b8cb279d7add27be89"",""source_start_frame"":0,""source_window_frames"":240,""task_id"":""AU-03"",""thermal_crossover"":0,""tiny_size"":0,""visibility_event_count"":0},{""dynamic_background_clutter"":0,""event_center_frame"":373,""fast_motion"":0,""inactive_frames_in_window"":70,""medium_size"":1,""normal_size"":1,""occlusion"":0,""offset_steps"":3,""out_of_view"":1,""requested_window_mode"":""visibility"",""scale_variation"":1,""selected_window_mode"":""visibility"",""small_size"":1,""source_active_frames"":930,""source_end_frame"":492,""source_frames"":1000,""source_inactive_frames"":70,""source_path"":""D:\\360Downloads\\123\\data\\Anti-UAV410\\annos\\test\\20190925_124612_1_3.txt"",""source_sha256"":""2f82ceb0bc3d8a1f33f4619dacd4c82d805574ca1f0160d44538d6ef081b2832"",""source_start_frame"":253,""source_window_frames"":240,""task_id"":""AU-04"",""thermal_crossover"":1,""tiny_size"":0,""visibility_event_count"":3}]}",11,283.25,AU-03,1,1,1,3,{},0.9389456446520805,0.07802041278232182,0.5,0.34178119156097403,0.6230174188076365,1.0,0.9389456446520805,0.07802041278232182,0.5,0.34178119156097403,0.6230174188076365,1.0
anti_uav410,AU-L04-W08,public-trajectory-replay-v2,"{""event_window_version"":""anti-uav-event-window-v1"",""evidence_type"":""measured_image_plane_tracks_with_simulated_response_resources"",""fps"":null,""image_height"":512,""image_width"":640,""measured_dimensions"":[""apparent_size"",""image_plane_speed"",""visibility""],""motion_unit"":""normalized_image_diagonal_per_frame"",""protected_point"":[0.5,0.85],""source_files"":[""D:\\360Downloads\\123\\data\\Anti-UAV410\\annos\\test\\20190925_124000_1_7.txt"",""D:\\360Downloads\\123\\data\\Anti-UAV410\\annos\\test\\20190925_124000_1_10.txt"",""D:\\360Downloads\\123\\data\\Anti-UAV410\\annos\\test\\20190926_111509_1_4.txt"",""D:\\360Downloads\\123\\data\\Anti-UAV410\\annos\\test\\20190925_124612_1_3.txt""],""source_sha256"":[""048fc956ffc203cedd2474e5b95ef3588e1453ade0fbb5d0c389cc6e7b0427de"",""a8f0c34264460d5f69611ba6a50f6f4a587c0ebf7fdfa313d148e5ad707c9ba0"",""00d4a615114f07e67d7aa588a8035a90618dc23af4bf67b8cb279d7add27be89"",""2f82ceb0bc3d8a1f33f4619dacd4c82d805574ca1f0160d44538d6ef081b2832""],""synthetic_dimensions"":[""spatial_level"",""risk"",""response_window"",""multi_sequence_concurrency"",""resources""],""time_basis"":""frames"",""track_count"":4,""track_windows"":[{""dynamic_background_clutter"":0,""event_center_frame"":42,""fast_motion"":1,""inactive_frames_in_window"":0,""medium_size"":1,""normal_size"":0,""occlusion"":0,""offset_steps"":0,""out_of_view"":0,""requested_window_mode"":""motion"",""scale_variation"":0,""selected_window_mode"":""motion"",""small_size"":1,""source_active_frames"":1000,""source_end_frame"":239,""source_frames"":1000,""source_inactive_frames"":0,""source_path"":""D:\\360Downloads\\123\\data\\Anti-UAV410\\annos\\test\\20190925_124000_1_7.txt"",""source_sha256"":""048fc956ffc203cedd2474e5b95ef3588e1453ade0fbb5d0c389cc6e7b0427de"",""source_start_frame"":0,""source_window_frames"":240,""task_id"":""AU-01"",""thermal_crossover"":1,""tiny_size"":0,""visibility_event_count"":0},{""dynamic_background_clutter"":0,""event_center_frame"":81,""fast_motion"":0,""inactive_frames_in_window"":0,""medium_size"":1,""normal_size"":0,""occlusion"":0,""offset_steps"":1,""out_of_view"":0,""requested_window_mode"":""motion"",""scale_variation"":0,""selected_window_mode"":""motion"",""small_size"":1,""source_active_frames"":164,""source_end_frame"":163,""source_frames"":164,""source_inactive_frames"":0,""source_path"":""D:\\360Downloads\\123\\data\\Anti-UAV410\\annos\\test\\20190925_124000_1_10.txt"",""source_sha256"":""a8f0c34264460d5f69611ba6a50f6f4a587c0ebf7fdfa313d148e5ad707c9ba0"",""source_start_frame"":0,""source_window_frames"":164,""task_id"":""AU-02"",""thermal_crossover"":1,""tiny_size"":0,""visibility_event_count"":0},{""dynamic_background_clutter"":0,""event_center_frame"":45,""fast_motion"":0,""inactive_frames_in_window"":0,""medium_size"":0,""normal_size"":1,""occlusion"":0,""offset_steps"":2,""out_of_view"":0,""requested_window_mode"":""motion"",""scale_variation"":0,""selected_window_mode"":""motion"",""small_size"":0,""source_active_frames"":1000,""source_end_frame"":239,""source_frames"":1000,""source_inactive_frames"":0,""source_path"":""D:\\360Downloads\\123\\data\\Anti-UAV410\\annos\\test\\20190926_111509_1_4.txt"",""source_sha256"":""00d4a615114f07e67d7aa588a8035a90618dc23af4bf67b8cb279d7add27be89"",""source_start_frame"":0,""source_window_frames"":240,""task_id"":""AU-03"",""thermal_crossover"":0,""tiny_size"":0,""visibility_event_count"":0},{""dynamic_background_clutter"":0,""event_center_frame"":373,""fast_motion"":0,""inactive_frames_in_window"":70,""medium_size"":1,""normal_size"":1,""occlusion"":0,""offset_steps"":3,""out_of_view"":1,""requested_window_mode"":""visibility"",""scale_variation"":1,""selected_window_mode"":""visibility"",""small_size"":1,""source_active_frames"":930,""source_end_frame"":492,""source_frames"":1000,""source_inactive_frames"":70,""source_path"":""D:\\360Downloads\\123\\data\\Anti-UAV410\\annos\\test\\20190925_124612_1_3.txt"",""source_sha256"":""2f82ceb0bc3d8a1f33f4619dacd4c82d805574ca1f0160d44538d6ef081b2832"",""source_start_frame"":253,""source_window_frames"":240,""task_id"":""AU-04"",""thermal_crossover"":1,""tiny_size"":0,""visibility_event_count"":3}]}",11,283.25,AU-04,1,1,1,3,{},0.48632420304643487,0.0,0.5,0.3893438215649108,0.8550120658494234,0.2,0.48632420304643487,0.0,0.5,0.3893438215649108,0.8550120658494234,0.2
