dataset,sequence_id,mapping_version,metadata_json,step,source_time,task_id,true_active,observed_active,min_resources,max_resources,type_requirements_json,true_s,true_v,true_h,true_n,true_rho,true_tau,observed_s,observed_v,observed_h,observed_n,observed_rho,observed_tau
anti_uav410,AU-L04-W03,public-trajectory-replay-v2,"{""event_window_version"":""anti-uav-event-window-v1"",""evidence_type"":""measured_image_plane_tracks_with_simulated_response_resources"",""fps"":null,""image_height"":512,""image_width"":640,""measured_dimensions"":[""apparent_size"",""image_plane_speed"",""visibility""],""motion_unit"":""normalized_image_diagonal_per_frame"",""protected_point"":[0.5,0.85],""source_files"":[""D:\\360Downloads\\123\\data\\Anti-UAV410\\annos\\test\\20190925_111757_1_3.txt"",""D:\\360Downloads\\123\\data\\Anti-UAV410\\annos\\test\\20190925_134301_1_5.txt"",""D:\\360Downloads\\123\\data\\Anti-UAV410\\annos\\test\\20190925_124000_1_6.txt"",""D:\\360Downloads\\123\\data\\Anti-UAV410\\annos\\test\\20190926_095902_1_1.txt""],""source_sha256"":[""d8876472c16dd856e86879b38909860b0691a575ecc63ce66941be4f0963750e"",""26e769707948dd3d63043a4b7eb75ce250c63623671e12d6f46252f139136ba2"",""52b150943ea6abcf8835abe6ef29a2267f2f20bb1f959b911f568ce082e1d2d9"",""d81153ed097958d087e6bf032d166aeedfd71bff12a1f21baa07742ff949b832""],""synthetic_dimensions"":[""spatial_level"",""risk"",""response_window"",""multi_sequence_concurrency"",""resources""],""time_basis"":""frames"",""track_count"":4,""track_windows"":[{""dynamic_background_clutter"":0,""event_center_frame"":196,""fast_motion"":0,""inactive_frames_in_window"":0,""medium_size"":1,""normal_size"":1,""occlusion"":0,""offset_steps"":0,""out_of_view"":0,""requested_window_mode"":""motion"",""scale_variation"":0,""selected_window_mode"":""motion"",""small_size"":0,""source_active_frames"":1000,""source_end_frame"":315,""source_frames"":1000,""source_inactive_frames"":0,""source_path"":""D:\\360Downloads\\123\\data\\Anti-UAV410\\annos\\test\\20190925_111757_1_3.txt"",""source_sha256"":""d8876472c16dd856e86879b38909860b0691a575ecc63ce66941be4f0963750e"",""source_start_frame"":76,""source_window_frames"":240,""task_id"":""AU-01"",""thermal_crossover"":1,""tiny_size"":0,""visibility_event_count"":0},{""dynamic_background_clutter"":0,""event_center_frame"":119,""fast_motion"":0,""inactive_frames_in_window"":0,""medium_size"":1,""normal_size"":0,""occlusion"":0,""offset_steps"":1,""out_of_view"":0,""requested_window_mode"":""scale"",""scale_variation"":1,""selected_window_mode"":""scale"",""small_size"":1,""source_active_frames"":1000,""source_end_frame"":239,""source_frames"":1000,""source_inactive_frames"":0,""source_path"":""D:\\360Downloads\\123\\data\\Anti-UAV410\\annos\\test\\20190925_134301_1_5.txt"",""source_sha256"":""26e769707948dd3d63043a4b7eb75ce250c63623671e12d6f46252f139136ba2"",""source_start_frame"":0,""source_window_frames"":240,""task_id"":""AU-02"",""thermal_crossover"":1,""tiny_size"":0,""visibility_event_count"":0},{""dynamic_background_clutter"":0,""event_center_frame"":684,""fast_motion"":1,""inactive_frames_in_window"":1,""medium_size"":1,""normal_size"":0,""occlusion"":0,""offset_steps"":2,""out_of_view"":0,""requested_window_mode"":""visibility"",""scale_variation"":0,""selected_window_mode"":""visibility"",""small_size"":1,""source_active_frames"":999,""source_end_frame"":803,""source_frames"":1000,""source_inactive_frames"":1,""source_path"":""D:\\360Downloads\\123\\data\\Anti-UAV410\\annos\\test\\20190925_124000_1_6.txt"",""source_sha256"":""52b150943ea6abcf8835abe6ef29a2267f2f20bb1f959b911f568ce082e1d2d9"",""source_start_frame"":564,""source_window_frames"":240,""task_id"":""AU-03"",""thermal_crossover"":1,""tiny_size"":0,""visibility_event_count"":1},{""dynamic_background_clutter"":0,""event_center_frame"":276,""fast_motion"":1,""inactive_frames_in_window"":5,""medium_size"":1,""normal_size"":1,""occlusion"":0,""offset_steps"":3,""out_of_view"":1,""requested_window_mode"":""visibility"",""scale_variation"":0,""selected_window_mode"":""visibility"",""small_size"":0,""source_active_frames"":995,""source_end_frame"":395,""source_frames"":1000,""source_inactive_frames"":5,""source_path"":""D:\\360Downloads\\123\\data\\Anti-UAV410\\annos\\test\\20190926_095902_1_1.txt"",""source_sha256"":""d81153ed097958d087e6bf032d166aeedfd71bff12a1f21baa07742ff949b832"",""source_start_frame"":156,""source_window_frames"":240,""task_id"":""AU-04"",""thermal_crossover"":0,""tiny_size"":0,""visibility_event_count"":1}]}",0,76.0,AU-01,1,1,1,3,{},0.674229009674739,0.0,0.5,0.0,0.6089409435791152,1.0,0.674229009674739,0.0,0.5,0.0,0.6089409435791152,1.0
anti_uav410,AU-L04-W03,public-trajectory-replay-v2,"{""event_window_version"":""anti-uav-event-window-v1"",""evidence_type"":""measured_image_plane_tracks_with_simulated_response_resources"",""fps"":null,""image_height"":512,""image_width"":640,""measured_dimensions"":[""apparent_size"",""image_plane_speed"",""visibility""],""motion_unit"":""normalized_image_diagonal_per_frame"",""protected_point"":[0.5,0.85],""source_files"":[""D:\\360Downloads\\123\\data\\Anti-UAV410\\annos\\test\\20190925_111757_1_3.txt"",""D:\\360Downloads\\123\\data\\Anti-UAV410\\annos\\test\\20190925_134301_1_5.txt"",""D:\\360Downloads\\123\\data\\Anti-UAV410\\annos\\test\\20190925_124000_1_6.txt"",""D:\\360Downloads\\123\\data\\Anti-UAV410\\annos\\test\\20190926_095902_1_1.txt""],""source_sha256"":[""d8876472c16dd856e86879b38909860b0691a575ecc63ce66941be4f0963750e"",""26e769707948dd3d63043a4b7eb75ce250c63623671e12d6f46252f139136ba2"",""52b150943ea6abcf8835abe6ef29a2267f2f20bb1f959b911f568ce082e1d2d9"",""d81153ed097958d087e6bf032d166aeedfd71bff12a1f21baa07742ff949b832""],""synthetic_dimensions"":[""spatial_level"",""risk"",""response_window"",""multi_sequence_concurrency"",""resources""],""time_basis"":""frames"",""track_count"":4,""track_windows"":[{""dynamic_background_clutter"":0,""event_center_frame"":196,""fast_motion"":0,""inactive_frames_in_window"":0,""medium_size"":1,""normal_size"":1,""occlusion"":0,""offset_steps"":0,""out_of_view"":0,""requested_window_mode"":""motion"",""scale_variation"":0,""selected_window_mode"":""motion"",""small_size"":0,""source_active_frames"":1000,""source_end_frame"":315,""source_frames"":1000,""source_inactive_frames"":0,""source_path"":""D:\\360Downloads\\123\\data\\Anti-UAV410\\annos\\test\\20190925_111757_1_3.txt"",""source_sha256"":""d8876472c16dd856e86879b38909860b0691a575ecc63ce66941be4f0963750e"",""source_start_frame"":76,""source_window_frames"":240,""task_id"":""AU-01"",""thermal_crossover"":1,""tiny_size"":0,""visibility_event_count"":0},{""dynamic_background_clutter"":0,""event_center_frame"":119,""fast_motion"":0,""inactive_frames_in_window"":0,""medium_size"":1,""normal_size"":0,""occlusion"":0,""offset_steps"":1,""out_of_view"":0,""requested_window_mode"":""scale"",""scale_variation"":1,""selected_window_mode"":""scale"",""small_size"":1,""source_active_frames"":1000,""source_end_frame"":239,""source_frames"":1000,""source_inactive_frames"":0,""source_path"":""D:\\360Downloads\\123\\data\\Anti-UAV410\\annos\\test\\20190925_134301_1_5.txt"",""source_sha256"":""26e769707948dd3d63043a4b7eb75ce250c63623671e12d6f46252f139136ba2"",""source_start_frame"":0,""source_window_frames"":240,""task_id"":""AU-02"",""thermal_crossover"":1,""tiny_size"":0,""visibility_event_count"":0},{""dynamic_background_clutter"":0,""event_center_frame"":684,""fast_motion"":1,""inactive_frames_in_window"":1,""medium_size"":1,""normal_size"":0,""occlusion"":0,""offset_steps"":2,""out_of_view"":0,""requested_window_mode"":""visibility"",""scale_variation"":0,""selected_window_mode"":""visibility"",""small_size"":1,""source_active_frames"":999,""source_end_frame"":803,""source_frames"":1000,""source_inactive_frames"":1,""source_path"":""D:\\360Downloads\\123\\data\\Anti-UAV410\\annos\\test\\20190925_124000_1_6.txt"",""source_sha256"":""52b150943ea6abcf8835abe6ef29a2267f2f20bb1f959b911f568ce082e1d2d9"",""source_start_frame"":564,""source_window_frames"":240,""task_id"":""AU-03"",""thermal_crossover"":1,""tiny_size"":0,""visibility_event_count"":1},{""dynamic_background_clutter"":0,""event_center_frame"":276,""fast_motion"":1,""inactive_frames_in_window"":5,""medium_size"":1,""normal_size"":1,""occlusion"":0,""offset_steps"":3,""out_of_view"":1,""requested_window_mode"":""visibility"",""scale_variation"":0,""selected_window_mode"":""visibility"",""small_size"":0,""source_active_frames"":995,""source_end_frame"":395,""source_frames"":1000,""source_inactive_frames"":5,""source_path"":""D:\\360Downloads\\123\\data\\Anti-UAV410\\annos\\test\\20190926_095902_1_1.txt"",""source_sha256"":""d81153ed097958d087e6bf032d166aeedfd71bff12a1f21baa07742ff949b832"",""source_start_frame"":156,""source_window_frames"":240,""task_id"":""AU-04"",""thermal_crossover"":0,""tiny_size"":0,""visibility_event_count"":1}]}",0,76.0,AU-02,0,0,1,3,{},0.0,0.0,0.5,0.0,0.35,1.0,0.0,0.0,0.5,0.0,0.35,1.0
anti_uav410,AU-L04-W03,public-trajectory-replay-v2,"{""event_window_version"":""anti-uav-event-window-v1"",""evidence_type"":""measured_image_plane_tracks_with_simulated_response_resources"",""fps"":null,""image_height"":512,""image_width"":640,""measured_dimensions"":[""apparent_size"",""image_plane_speed"",""visibility""],""motion_unit"":""normalized_image_diagonal_per_frame"",""protected_point"":[0.5,0.85],""source_files"":[""D:\\360Downloads\\123\\data\\Anti-UAV410\\annos\\test\\20190925_111757_1_3.txt"",""D:\\360Downloads\\123\\data\\Anti-UAV410\\annos\\test\\20190925_134301_1_5.txt"",""D:\\360Downloads\\123\\data\\Anti-UAV410\\annos\\test\\20190925_124000_1_6.txt"",""D:\\360Downloads\\123\\data\\Anti-UAV410\\annos\\test\\20190926_095902_1_1.txt""],""source_sha256"":[""d8876472c16dd856e86879b38909860b0691a575ecc63ce66941be4f0963750e"",""26e769707948dd3d63043a4b7eb75ce250c63623671e12d6f46252f139136ba2"",""52b150943ea6abcf8835abe6ef29a2267f2f20bb1f959b911f568ce082e1d2d9"",""d81153ed097958d087e6bf032d166aeedfd71bff12a1f21baa07742ff949b832""],""synthetic_dimensions"":[""spatial_level"",""risk"",""response_window"",""multi_sequence_concurrency"",""resources""],""time_basis"":""frames"",""track_count"":4,""track_windows"":[{""dynamic_background_clutter"":0,""event_center_frame"":196,""fast_motion"":0,""inactive_frames_in_window"":0,""medium_size"":1,""normal_size"":1,""occlusion"":0,""offset_steps"":0,""out_of_view"":0,""requested_window_mode"":""motion"",""scale_variation"":0,""selected_window_mode"":""motion"",""small_size"":0,""source_active_frames"":1000,""source_end_frame"":315,""source_frames"":1000,""source_inactive_frames"":0,""source_path"":""D:\\360Downloads\\123\\data\\Anti-UAV410\\annos\\test\\20190925_111757_1_3.txt"",""source_sha256"":""d8876472c16dd856e86879b38909860b0691a575ecc63ce66941be4f0963750e"",""source_start_frame"":76,""source_window_frames"":240,""task_id"":""AU-01"",""thermal_crossover"":1,""tiny_size"":0,""visibility_event_count"":0},{""dynamic_background_clutter"":0,""event_center_frame"":119,""fast_motion"":0,""inactive_frames_in_window"":0,""medium_size"":1,""normal_size"":0,""occlusion"":0,""offset_steps"":1,""out_of_view"":0,""requested_window_mode"":""scale"",""scale_variation"":1,""selected_window_mode"":""scale"",""small_size"":1,""source_active_frames"":1000,""source_end_frame"":239,""source_frames"":1000,""source_inactive_frames"":0,""source_path"":""D:\\360Downloads\\123\\data\\Anti-UAV410\\annos\\test\\20190925_134301_1_5.txt"",""source_sha256"":""26e769707948dd3d63043a4b7eb75ce250c63623671e12d6f46252f139136ba2"",""source_start_frame"":0,""source_window_frames"":240,""task_id"":""AU-02"",""thermal_crossover"":1,""tiny_size"":0,""visibility_event_count"":0},{""dynamic_background_clutter"":0,""event_center_frame"":684,""fast_motion"":1,""inactive_frames_in_window"":1,""medium_size"":1,""normal_size"":0,""occlusion"":0,""offset_steps"":2,""out_of_view"":0,""requested_window_mode"":""visibility"",""scale_variation"":0,""selected_window_mode"":""visibility"",""small_size"":1,""source_active_frames"":999,""source_end_frame"":803,""source_frames"":1000,""source_inactive_frames"":1,""source_path"":""D:\\360Downloads\\123\\data\\Anti-UAV410\\annos\\test\\20190925_124000_1_6.txt"",""source_sha256"":""52b150943ea6abcf8835abe6ef29a2267f2f20bb1f959b911f568ce082e1d2d9"",""source_start_frame"":564,""source_window_frames"":240,""task_id"":""AU-03"",""thermal_crossover"":1,""tiny_size"":0,""visibility_event_count"":1},{""dynamic_background_clutter"":0,""event_center_frame"":276,""fast_motion"":1,""inactive_frames_in_window"":5,""medium_size"":1,""normal_size"":1,""occlusion"":0,""offset_steps"":3,""out_of_view"":1,""requested_window_mode"":""visibility"",""scale_variation"":0,""selected_window_mode"":""visibility"",""small_size"":0,""source_active_frames"":995,""source_end_frame"":395,""source_frames"":1000,""source_inactive_frames"":5,""source_path"":""D:\\360Downloads\\123\\data\\Anti-UAV410\\annos\\test\\20190926_095902_1_1.txt"",""source_sha256"":""d81153ed097958d087e6bf032d166aeedfd71bff12a1f21baa07742ff949b832"",""source_start_frame"":156,""source_window_frames"":240,""task_id"":""AU-04"",""thermal_crossover"":0,""tiny_size"":0,""visibility_event_count"":1}]}",0,76.0,AU-03,0,0,1,3,{},0.0,0.0,0.5,0.0,0.35,1.0,0.0,0.0,0.5,0.0,0.35,1.0
anti_uav410,AU-L04-W03,public-trajectory-replay-v2,"{""event_window_version"":""anti-uav-event-window-v1"",""evidence_type"":""measured_image_plane_tracks_with_simulated_response_resources"",""fps"":null,""image_height"":512,""image_width"":640,""measured_dimensions"":[""apparent_size"",""image_plane_speed"",""visibility""],""motion_unit"":""normalized_image_diagonal_per_frame"",""protected_point"":[0.5,0.85],""source_files"":[""D:\\360Downloads\\123\\data\\Anti-UAV410\\annos\\test\\20190925_111757_1_3.txt"",""D:\\360Downloads\\123\\data\\Anti-UAV410\\annos\\test\\20190925_134301_1_5.txt"",""D:\\360Downloads\\123\\data\\Anti-UAV410\\annos\\test\\20190925_124000_1_6.txt"",""D:\\360Downloads\\123\\data\\Anti-UAV410\\annos\\test\\20190926_095902_1_1.txt""],""source_sha256"":[""d8876472c16dd856e86879b38909860b0691a575ecc63ce66941be4f0963750e"",""26e769707948dd3d63043a4b7eb75ce250c63623671e12d6f46252f139136ba2"",""52b150943ea6abcf8835abe6ef29a2267f2f20bb1f959b911f568ce082e1d2d9"",""d81153ed097958d087e6bf032d166aeedfd71bff12a1f21baa07742ff949b832""],""synthetic_dimensions"":[""spatial_level"",""risk"",""response_window"",""multi_sequence_concurrency"",""resources""],""time_basis"":""frames"",""track_count"":4,""track_windows"":[{""dynamic_background_clutter"":0,""event_center_frame"":196,""fast_motion"":0,""inactive_frames_in_window"":0,""medium_size"":1,""normal_size"":1,""occlusion"":0,""offset_steps"":0,""out_of_view"":0,""requested_window_mode"":""motion"",""scale_variation"":0,""selected_window_mode"":""motion"",""small_size"":0,""source_active_frames"":1000,""source_end_frame"":315,""source_frames"":1000,""source_inactive_frames"":0,""source_path"":""D:\\360Downloads\\123\\data\\Anti-UAV410\\annos\\test\\20190925_111757_1_3.txt"",""source_sha256"":""d8876472c16dd856e86879b38909860b0691a575ecc63ce66941be4f0963750e"",""source_start_frame"":76,""source_window_frames"":240,""task_id"":""AU-01"",""thermal_crossover"":1,""tiny_size"":0,""visibility_event_count"":0},{""dynamic_background_clutter"":0,""event_center_frame"":119,""fast_motion"":0,""inactive_frames_in_window"":0,""medium_size"":1,""normal_size"":0,""occlusion"":0,""offset_steps"":1,""out_of_view"":0,""requested_window_mode"":""scale"",""scale_variation"":1,""selected_window_mode"":""scale"",""small_size"":1,""source_active_frames"":1000,""source_end_frame"":239,""source_frames"":1000,""source_inactive_frames"":0,""source_path"":""D:\\360Downloads\\123\\data\\Anti-UAV410\\annos\\test\\20190925_134301_1_5.txt"",""source_sha256"":""26e769707948dd3d63043a4b7eb75ce250c63623671e12d6f46252f139136ba2"",""source_start_frame"":0,""source_window_frames"":240,""task_id"":""AU-02"",""thermal_crossover"":1,""tiny_size"":0,""visibility_event_count"":0},{""dynamic_background_clutter"":0,""event_center_frame"":684,""fast_motion"":1,""inactive_frames_in_window"":1,""medium_size"":1,""normal_size"":0,""occlusion"":0,""offset_steps"":2,""out_of_view"":0,""requested_window_mode"":""visibility"",""scale_variation"":0,""selected_window_mode"":""visibility"",""small_size"":1,""source_active_frames"":999,""source_end_frame"":803,""source_frames"":1000,""source_inactive_frames"":1,""source_path"":""D:\\360Downloads\\123\\data\\Anti-UAV410\\annos\\test\\20190925_124000_1_6.txt"",""source_sha256"":""52b150943ea6abcf8835abe6ef29a2267f2f20bb1f959b911f568ce082e1d2d9"",""source_start_frame"":564,""source_window_frames"":240,""task_id"":""AU-03"",""thermal_crossover"":1,""tiny_size"":0,""visibility_event_count"":1},{""dynamic_background_clutter"":0,""event_center_frame"":276,""fast_motion"":1,""inactive_frames_in_window"":5,""medium_size"":1,""normal_size"":1,""occlusion"":0,""offset_steps"":3,""out_of_view"":1,""requested_window_mode"":""visibility"",""scale_variation"":0,""selected_window_mode"":""visibility"",""small_size"":0,""source_active_frames"":995,""source_end_frame"":395,""source_frames"":1000,""source_inactive_frames"":5,""source_path"":""D:\\360Downloads\\123\\data\\Anti-UAV410\\annos\\test\\20190926_095902_1_1.txt"",""source_sha256"":""d81153ed097958d087e6bf032d166aeedfd71bff12a1f21baa07742ff949b832"",""source_start_frame"":156,""source_window_frames"":240,""task_id"":""AU-04"",""thermal_crossover"":0,""tiny_size"":0,""visibility_event_count"":1}]}",0,76.0,AU-04,0,0,1,3,{},0.0,0.0,0.5,0.0,0.35,1.0,0.0,0.0,0.5,0.0,0.35,1.0
anti_uav410,AU-L04-W03,public-trajectory-replay-v2,"{""event_window_version"":""anti-uav-event-window-v1"",""evidence_type"":""measured_image_plane_tracks_with_simulated_response_resources"",""fps"":null,""image_height"":512,""image_width"":640,""measured_dimensions"":[""apparent_size"",""image_plane_speed"",""visibility""],""motion_unit"":""normalized_image_diagonal_per_frame"",""protected_point"":[0.5,0.85],""source_files"":[""D:\\360Downloads\\123\\data\\Anti-UAV410\\annos\\test\\20190925_111757_1_3.txt"",""D:\\360Downloads\\123\\data\\Anti-UAV410\\annos\\test\\20190925_134301_1_5.txt"",""D:\\360Downloads\\123\\data\\Anti-UAV410\\annos\\test\\20190925_124000_1_6.txt"",""D:\\360Downloads\\123\\data\\Anti-UAV410\\annos\\test\\20190926_095902_1_1.txt""],""source_sha256"":[""d8876472c16dd856e86879b38909860b0691a575ecc63ce66941be4f0963750e"",""26e769707948dd3d63043a4b7eb75ce250c63623671e12d6f46252f139136ba2"",""52b150943ea6abcf8835abe6ef29a2267f2f20bb1f959b911f568ce082e1d2d9"",""d81153ed097958d087e6bf032d166aeedfd71bff12a1f21baa07742ff949b832""],""synthetic_dimensions"":[""spatial_level"",""risk"",""response_window"",""multi_sequence_concurrency"",""resources""],""time_basis"":""frames"",""track_count"":4,""track_windows"":[{""dynamic_background_clutter"":0,""event_center_frame"":196,""fast_motion"":0,""inactive_frames_in_window"":0,""medium_size"":1,""normal_size"":1,""occlusion"":0,""offset_steps"":0,""out_of_view"":0,""requested_window_mode"":""motion"",""scale_variation"":0,""selected_window_mode"":""motion"",""small_size"":0,""source_active_frames"":1000,""source_end_frame"":315,""source_frames"":1000,""source_inactive_frames"":0,""source_path"":""D:\\360Downloads\\123\\data\\Anti-UAV410\\annos\\test\\20190925_111757_1_3.txt"",""source_sha256"":""d8876472c16dd856e86879b38909860b0691a575ecc63ce66941be4f0963750e"",""source_start_frame"":76,""source_window_frames"":240,""task_id"":""AU-01"",""thermal_crossover"":1,""tiny_size"":0,""visibility_event_count"":0},{""dynamic_background_clutter"":0,""event_center_frame"":119,""fast_motion"":0,""inactive_frames_in_window"":0,""medium_size"":1,""normal_size"":0,""occlusion"":0,""offset_steps"":1,""out_of_view"":0,""requested_window_mode"":""scale"",""scale_variation"":1,""selected_window_mode"":""scale"",""small_size"":1,""source_active_frames"":1000,""source_end_frame"":239,""source_frames"":1000,""source_inactive_frames"":0,""source_path"":""D:\\360Downloads\\123\\data\\Anti-UAV410\\annos\\test\\20190925_134301_1_5.txt"",""source_sha256"":""26e769707948dd3d63043a4b7eb75ce250c63623671e12d6f46252f139136ba2"",""source_start_frame"":0,""source_window_frames"":240,""task_id"":""AU-02"",""thermal_crossover"":1,""tiny_size"":0,""visibility_event_count"":0},{""dynamic_background_clutter"":0,""event_center_frame"":684,""fast_motion"":1,""inactive_frames_in_window"":1,""medium_size"":1,""normal_size"":0,""occlusion"":0,""offset_steps"":2,""out_of_view"":0,""requested_window_mode"":""visibility"",""scale_variation"":0,""selected_window_mode"":""visibility"",""small_size"":1,""source_active_frames"":999,""source_end_frame"":803,""source_frames"":1000,""source_inactive_frames"":1,""source_path"":""D:\\360Downloads\\123\\data\\Anti-UAV410\\annos\\test\\20190925_124000_1_6.txt"",""source_sha256"":""52b150943ea6abcf8835abe6ef29a2267f2f20bb1f959b911f568ce082e1d2d9"",""source_start_frame"":564,""source_window_frames"":240,""task_id"":""AU-03"",""thermal_crossover"":1,""tiny_size"":0,""visibility_event_count"":1},{""dynamic_background_clutter"":0,""event_center_frame"":276,""fast_motion"":1,""inactive_frames_in_window"":5,""medium_size"":1,""normal_size"":1,""occlusion"":0,""offset_steps"":3,""out_of_view"":1,""requested_window_mode"":""visibility"",""scale_variation"":0,""selected_window_mode"":""visibility"",""small_size"":0,""source_active_frames"":995,""source_end_frame"":395,""source_frames"":1000,""source_inactive_frames"":5,""source_path"":""D:\\360Downloads\\123\\data\\Anti-UAV410\\annos\\test\\20190926_095902_1_1.txt"",""source_sha256"":""d81153ed097958d087e6bf032d166aeedfd71bff12a1f21baa07742ff949b832"",""source_start_frame"":156,""source_window_frames"":240,""task_id"":""AU-04"",""thermal_crossover"":0,""tiny_size"":0,""visibility_event_count"":1}]}",1,49.0,AU-01,1,1,1,3,{},0.649248833538854,0.09650224566564042,0.5,0.42605182820549903,0.6488427635112124,1.0,0.649248833538854,0.09650224566564042,0.5,0.42605182820549903,0.6488427635112124,1.0
anti_uav410,AU-L04-W03,public-trajectory-replay-v2,"{""event_window_version"":""anti-uav-event-window-v1"",""evidence_type"":""measured_image_plane_tracks_with_simulated_response_resources"",""fps"":null,""image_height"":512,""image_width"":640,""measured_dimensions"":[""apparent_size"",""image_plane_speed"",""visibility""],""motion_unit"":""normalized_image_diagonal_per_frame"",""protected_point"":[0.5,0.85],""source_files"":[""D:\\360Downloads\\123\\data\\Anti-UAV410\\annos\\test\\20190925_111757_1_3.txt"",""D:\\360Downloads\\123\\data\\Anti-UAV410\\annos\\test\\20190925_134301_1_5.txt"",""D:\\360Downloads\\123\\data\\Anti-UAV410\\annos\\test\\20190925_124000_1_6.txt"",""D:\\360Downloads\\123\\data\\Anti-UAV410\\annos\\test\\20190926_095902_1_1.txt""],""source_sha256"":[""d8876472c16dd856e86879b38909860b0691a575ecc63ce66941be4f0963750e"",""26e769707948dd3d63043a4b7eb75ce250c63623671e12d6f46252f139136ba2"",""52b150943ea6abcf8835abe6ef29a2267f2f20bb1f959b911f568ce082e1d2d9"",""d81153ed097958d087e6bf032d166aeedfd71bff12a1f21baa07742ff949b832""],""synthetic_dimensions"":[""spatial_level"",""risk"",""response_window"",""multi_sequence_concurrency"",""resources""],""time_basis"":""frames"",""track_count"":4,""track_windows"":[{""dynamic_background_clutter"":0,""event_center_frame"":196,""fast_motion"":0,""inactive_frames_in_window"":0,""medium_size"":1,""normal_size"":1,""occlusion"":0,""offset_steps"":0,""out_of_view"":0,""requested_window_mode"":""motion"",""scale_variation"":0,""selected_window_mode"":""motion"",""small_size"":0,""source_active_frames"":1000,""source_end_frame"":315,""source_frames"":1000,""source_inactive_frames"":0,""source_path"":""D:\\360Downloads\\123\\data\\Anti-UAV410\\annos\\test\\20190925_111757_1_3.txt"",""source_sha256"":""d8876472c16dd856e86879b38909860b0691a575ecc63ce66941be4f0963750e"",""source_start_frame"":76,""source_window_frames"":240,""task_id"":""AU-01"",""thermal_crossover"":1,""tiny_size"":0,""visibility_event_count"":0},{""dynamic_background_clutter"":0,""event_center_frame"":119,""fast_motion"":0,""inactive_frames_in_window"":0,""medium_size"":1,""normal_size"":0,""occlusion"":0,""offset_steps"":1,""out_of_view"":0,""requested_window_mode"":""scale"",""scale_variation"":1,""selected_window_mode"":""scale"",""small_size"":1,""source_active_frames"":1000,""source_end_frame"":239,""source_frames"":1000,""source_inactive_frames"":0,""source_path"":""D:\\360Downloads\\123\\data\\Anti-UAV410\\annos\\test\\20190925_134301_1_5.txt"",""source_sha256"":""26e769707948dd3d63043a4b7eb75ce250c63623671e12d6f46252f139136ba2"",""source_start_frame"":0,""source_window_frames"":240,""task_id"":""AU-02"",""thermal_crossover"":1,""tiny_size"":0,""visibility_event_count"":0},{""dynamic_background_clutter"":0,""event_center_frame"":684,""fast_motion"":1,""inactive_frames_in_window"":1,""medium_size"":1,""normal_size"":0,""occlusion"":0,""offset_steps"":2,""out_of_view"":0,""requested_window_mode"":""visibility"",""scale_variation"":0,""selected_window_mode"":""visibility"",""small_size"":1,""source_active_frames"":999,""source_end_frame"":803,""source_frames"":1000,""source_inactive_frames"":1,""source_path"":""D:\\360Downloads\\123\\data\\Anti-UAV410\\annos\\test\\20190925_124000_1_6.txt"",""source_sha256"":""52b150943ea6abcf8835abe6ef29a2267f2f20bb1f959b911f568ce082e1d2d9"",""source_start_frame"":564,""source_window_frames"":240,""task_id"":""AU-03"",""thermal_crossover"":1,""tiny_size"":0,""visibility_event_count"":1},{""dynamic_background_clutter"":0,""event_center_frame"":276,""fast_motion"":1,""inactive_frames_in_window"":5,""medium_size"":1,""normal_size"":1,""occlusion"":0,""offset_steps"":3,""out_of_view"":1,""requested_window_mode"":""visibility"",""scale_variation"":0,""selected_window_mode"":""visibility"",""small_size"":0,""source_active_frames"":995,""source_end_frame"":395,""source_frames"":1000,""source_inactive_frames"":5,""source_path"":""D:\\360Downloads\\123\\data\\Anti-UAV410\\annos\\test\\20190926_095902_1_1.txt"",""source_sha256"":""d81153ed097958d087e6bf032d166aeedfd71bff12a1f21baa07742ff949b832"",""source_start_frame"":156,""source_window_frames"":240,""task_id"":""AU-04"",""thermal_crossover"":0,""tiny_size"":0,""visibility_event_count"":1}]}",1,49.0,AU-02,1,1,1,3,{},0.46561997515465425,0.0,0.5,0.42605182820549903,0.6232751604629934,1.0,0.46561997515465425,0.0,0.5,0.42605182820549903,0.6232751604629934,1.0
anti_uav410,AU-L04-W03,public-trajectory-replay-v2,"{""event_window_version"":""anti-uav-event-window-v1"",""evidence_type"":""measured_image_plane_tracks_with_simulated_response_resources"",""fps"":null,""image_height"":512,""image_width"":640,""measured_dimensions"":[""apparent_size"",""image_plane_speed"",""visibility""],""motion_unit"":""normalized_image_diagonal_per_frame"",""protected_point"":[0.5,0.85],""source_files"":[""D:\\360Downloads\\123\\data\\Anti-UAV410\\annos\\test\\20190925_111757_1_3.txt"",""D:\\360Downloads\\123\\data\\Anti-UAV410\\annos\\test\\20190925_134301_1_5.txt"",""D:\\360Downloads\\123\\data\\Anti-UAV410\\annos\\test\\20190925_124000_1_6.txt"",""D:\\360Downloads\\123\\data\\Anti-UAV410\\annos\\test\\20190926_095902_1_1.txt""],""source_sha256"":[""d8876472c16dd856e86879b38909860b0691a575ecc63ce66941be4f0963750e"",""26e769707948dd3d63043a4b7eb75ce250c63623671e12d6f46252f139136ba2"",""52b150943ea6abcf8835abe6ef29a2267f2f20bb1f959b911f568ce082e1d2d9"",""d81153ed097958d087e6bf032d166aeedfd71bff12a1f21baa07742ff949b832""],""synthetic_dimensions"":[""spatial_level"",""risk"",""response_window"",""multi_sequence_concurrency"",""resources""],""time_basis"":""frames"",""track_count"":4,""track_windows"":[{""dynamic_background_clutter"":0,""event_center_frame"":196,""fast_motion"":0,""inactive_frames_in_window"":0,""medium_size"":1,""normal_size"":1,""occlusion"":0,""offset_steps"":0,""out_of_view"":0,""requested_window_mode"":""motion"",""scale_variation"":0,""selected_window_mode"":""motion"",""small_size"":0,""source_active_frames"":1000,""source_end_frame"":315,""source_frames"":1000,""source_inactive_frames"":0,""source_path"":""D:\\360Downloads\\123\\data\\Anti-UAV410\\annos\\test\\20190925_111757_1_3.txt"",""source_sha256"":""d8876472c16dd856e86879b38909860b0691a575ecc63ce66941be4f0963750e"",""source_start_frame"":76,""source_window_frames"":240,""task_id"":""AU-01"",""thermal_crossover"":1,""tiny_size"":0,""visibility_event_count"":0},{""dynamic_background_clutter"":0,""event_center_frame"":119,""fast_motion"":0,""inactive_frames_in_window"":0,""medium_size"":1,""normal_size"":0,""occlusion"":0,""offset_steps"":1,""out_of_view"":0,""requested_window_mode"":""scale"",""scale_variation"":1,""selected_window_mode"":""scale"",""small_size"":1,""source_active_frames"":1000,""source_end_frame"":239,""source_frames"":1000,""source_inactive_frames"":0,""source_path"":""D:\\360Downloads\\123\\data\\Anti-UAV410\\annos\\test\\20190925_134301_1_5.txt"",""source_sha256"":""26e769707948dd3d63043a4b7eb75ce250c63623671e12d6f46252f139136ba2"",""source_start_frame"":0,""source_window_frames"":240,""task_id"":""AU-02"",""thermal_crossover"":1,""tiny_size"":0,""visibility_event_count"":0},{""dynamic_background_clutter"":0,""event_center_frame"":684,""fast_motion"":1,""inactive_frames_in_window"":1,""medium_size"":1,""normal_size"":0,""occlusion"":0,""offset_steps"":2,""out_of_view"":0,""requested_window_mode"":""visibility"",""scale_variation"":0,""selected_window_mode"":""visibility"",""small_size"":1,""source_active_frames"":999,""source_end_frame"":803,""source_frames"":1000,""source_inactive_frames"":1,""source_path"":""D:\\360Downloads\\123\\data\\Anti-UAV410\\annos\\test\\20190925_124000_1_6.txt"",""source_sha256"":""52b150943ea6abcf8835abe6ef29a2267f2f20bb1f959b911f568ce082e1d2d9"",""source_start_frame"":564,""source_window_frames"":240,""task_id"":""AU-03"",""thermal_crossover"":1,""tiny_size"":0,""visibility_event_count"":1},{""dynamic_background_clutter"":0,""event_center_frame"":276,""fast_motion"":1,""inactive_frames_in_window"":5,""medium_size"":1,""normal_size"":1,""occlusion"":0,""offset_steps"":3,""out_of_view"":1,""requested_window_mode"":""visibility"",""scale_variation"":0,""selected_window_mode"":""visibility"",""small_size"":0,""source_active_frames"":995,""source_end_frame"":395,""source_frames"":1000,""source_inactive_frames"":5,""source_path"":""D:\\360Downloads\\123\\data\\Anti-UAV410\\annos\\test\\20190926_095902_1_1.txt"",""source_sha256"":""d81153ed097958d087e6bf032d166aeedfd71bff12a1f21baa07742ff949b832"",""source_start_frame"":156,""source_window_frames"":240,""task_id"":""AU-04"",""thermal_crossover"":0,""tiny_size"":0,""visibility_event_count"":1}]}",1,49.0,AU-03,0,0,1,3,{},0.0,0.0,0.5,0.0,0.35,1.0,0.0,0.0,0.5,0.0,0.35,1.0
anti_uav410,AU-L04-W03,public-trajectory-replay-v2,"{""event_window_version"":""anti-uav-event-window-v1"",""evidence_type"":""measured_image_plane_tracks_with_simulated_response_resources"",""fps"":null,""image_height"":512,""image_width"":640,""measured_dimensions"":[""apparent_size"",""image_plane_speed"",""visibility""],""motion_unit"":""normalized_image_diagonal_per_frame"",""protected_point"":[0.5,0.85],""source_files"":[""D:\\360Downloads\\123\\data\\Anti-UAV410\\annos\\test\\20190925_111757_1_3.txt"",""D:\\360Downloads\\123\\data\\Anti-UAV410\\annos\\test\\20190925_134301_1_5.txt"",""D:\\360Downloads\\123\\data\\Anti-UAV410\\annos\\test\\20190925_124000_1_6.txt"",""D:\\360Downloads\\123\\data\\Anti-UAV410\\annos\\test\\20190926_095902_1_1.txt""],""source_sha256"":[""d8876472c16dd856e86879b38909860b0691a575ecc63ce66941be4f0963750e"",""26e769707948dd3d63043a4b7eb75ce250c63623671e12d6f46252f139136ba2"",""52b150943ea6abcf8835abe6ef29a2267f2f20bb1f959b911f568ce082e1d2d9"",""d81153ed097958d087e6bf032d166aeedfd71bff12a1f21baa07742ff949b832""],""synthetic_dimensions"":[""spatial_level"",""risk"",""response_window"",""multi_sequence_concurrency"",""resources""],""time_basis"":""frames"",""track_count"":4,""track_windows"":[{""dynamic_background_clutter"":0,""event_center_frame"":196,""fast_motion"":0,""inactive_frames_in_window"":0,""medium_size"":1,""normal_size"":1,""occlusion"":0,""offset_steps"":0,""out_of_view"":0,""requested_window_mode"":""motion"",""scale_variation"":0,""selected_window_mode"":""motion"",""small_size"":0,""source_active_frames"":1000,""source_end_frame"":315,""source_frames"":1000,""source_inactive_frames"":0,""source_path"":""D:\\360Downloads\\123\\data\\Anti-UAV410\\annos\\test\\20190925_111757_1_3.txt"",""source_sha256"":""d8876472c16dd856e86879b38909860b0691a575ecc63ce66941be4f0963750e"",""source_start_frame"":76,""source_window_frames"":240,""task_id"":""AU-01"",""thermal_crossover"":1,""tiny_size"":0,""visibility_event_count"":0},{""dynamic_background_clutter"":0,""event_center_frame"":119,""fast_motion"":0,""inactive_frames_in_window"":0,""medium_size"":1,""normal_size"":0,""occlusion"":0,""offset_steps"":1,""out_of_view"":0,""requested_window_mode"":""scale"",""scale_variation"":1,""selected_window_mode"":""scale"",""small_size"":1,""source_active_frames"":1000,""source_end_frame"":239,""source_frames"":1000,""source_inactive_frames"":0,""source_path"":""D:\\360Downloads\\123\\data\\Anti-UAV410\\annos\\test\\20190925_134301_1_5.txt"",""source_sha256"":""26e769707948dd3d63043a4b7eb75ce250c63623671e12d6f46252f139136ba2"",""source_start_frame"":0,""source_window_frames"":240,""task_id"":""AU-02"",""thermal_crossover"":1,""tiny_size"":0,""visibility_event_count"":0},{""dynamic_background_clutter"":0,""event_center_frame"":684,""fast_motion"":1,""inactive_frames_in_window"":1,""medium_size"":1,""normal_size"":0,""occlusion"":0,""offset_steps"":2,""out_of_view"":0,""requested_window_mode"":""visibility"",""scale_variation"":0,""selected_window_mode"":""visibility"",""small_size"":1,""source_active_frames"":999,""source_end_frame"":803,""source_frames"":1000,""source_inactive_frames"":1,""source_path"":""D:\\360Downloads\\123\\data\\Anti-UAV410\\annos\\test\\20190925_124000_1_6.txt"",""source_sha256"":""52b150943ea6abcf8835abe6ef29a2267f2f20bb1f959b911f568ce082e1d2d9"",""source_start_frame"":564,""source_window_frames"":240,""task_id"":""AU-03"",""thermal_crossover"":1,""tiny_size"":0,""visibility_event_count"":1},{""dynamic_background_clutter"":0,""event_center_frame"":276,""fast_motion"":1,""inactive_frames_in_window"":5,""medium_size"":1,""normal_size"":1,""occlusion"":0,""offset_steps"":3,""out_of_view"":1,""requested_window_mode"":""visibility"",""scale_variation"":0,""selected_window_mode"":""visibility"",""small_size"":0,""source_active_frames"":995,""source_end_frame"":395,""source_frames"":1000,""source_inactive_frames"":5,""source_path"":""D:\\360Downloads\\123\\data\\Anti-UAV410\\annos\\test\\20190926_095902_1_1.txt"",""source_sha256"":""d81153ed097958d087e6bf032d166aeedfd71bff12a1f21baa07742ff949b832"",""source_start_frame"":156,""source_window_frames"":240,""task_id"":""AU-04"",""thermal_crossover"":0,""tiny_size"":0,""visibility_event_count"":1}]}",1,49.0,AU-04,0,0,1,3,{},0.0,0.0,0.5,0.0,0.35,1.0,0.0,0.0,0.5,0.0,0.35,1.0
anti_uav410,AU-L04-W03,public-trajectory-replay-v2,"{""event_window_version"":""anti-uav-event-window-v1"",""evidence_type"":""measured_image_plane_tracks_with_simulated_response_resources"",""fps"":null,""image_height"":512,""image_width"":640,""measured_dimensions"":[""apparent_size"",""image_plane_speed"",""visibility""],""motion_unit"":""normalized_image_diagonal_per_frame"",""protected_point"":[0.5,0.85],""source_files"":[""D:\\360Downloads\\123\\data\\Anti-UAV410\\annos\\test\\20190925_111757_1_3.txt"",""D:\\360Downloads\\123\\data\\Anti-UAV410\\annos\\test\\20190925_134301_1_5.txt"",""D:\\360Downloads\\123\\data\\Anti-UAV410\\annos\\test\\20190925_124000_1_6.txt"",""D:\\360Downloads\\123\\data\\Anti-UAV410\\annos\\test\\20190926_095902_1_1.txt""],""source_sha256"":[""d8876472c16dd856e86879b38909860b0691a575ecc63ce66941be4f0963750e"",""26e769707948dd3d63043a4b7eb75ce250c63623671e12d6f46252f139136ba2"",""52b150943ea6abcf8835abe6ef29a2267f2f20bb1f959b911f568ce082e1d2d9"",""d81153ed097958d087e6bf032d166aeedfd71bff12a1f21baa07742ff949b832""],""synthetic_dimensions"":[""spatial_level"",""risk"",""response_window"",""multi_sequence_concurrency"",""resources""],""time_basis"":""frames"",""track_count"":4,""track_windows"":[{""dynamic_background_clutter"":0,""event_center_frame"":196,""fast_motion"":0,""inactive_frames_in_window"":0,""medium_size"":1,""normal_size"":1,""occlusion"":0,""offset_steps"":0,""out_of_view"":0,""requested_window_mode"":""motion"",""scale_variation"":0,""selected_window_mode"":""motion"",""small_size"":0,""source_active_frames"":1000,""source_end_frame"":315,""source_frames"":1000,""source_inactive_frames"":0,""source_path"":""D:\\360Downloads\\123\\data\\Anti-UAV410\\annos\\test\\20190925_111757_1_3.txt"",""source_sha256"":""d8876472c16dd856e86879b38909860b0691a575ecc63ce66941be4f0963750e"",""source_start_frame"":76,""source_window_frames"":240,""task_id"":""AU-01"",""thermal_crossover"":1,""tiny_size"":0,""visibility_event_count"":0},{""dynamic_background_clutter"":0,""event_center_frame"":119,""fast_motion"":0,""inactive_frames_in_window"":0,""medium_size"":1,""normal_size"":0,""occlusion"":0,""offset_steps"":1,""out_of_view"":0,""requested_window_mode"":""scale"",""scale_variation"":1,""selected_window_mode"":""scale"",""small_size"":1,""source_active_frames"":1000,""source_end_frame"":239,""source_frames"":1000,""source_inactive_frames"":0,""source_path"":""D:\\360Downloads\\123\\data\\Anti-UAV410\\annos\\test\\20190925_134301_1_5.txt"",""source_sha256"":""26e769707948dd3d63043a4b7eb75ce250c63623671e12d6f46252f139136ba2"",""source_start_frame"":0,""source_window_frames"":240,""task_id"":""AU-02"",""thermal_crossover"":1,""tiny_size"":0,""visibility_event_count"":0},{""dynamic_background_clutter"":0,""event_center_frame"":684,""fast_motion"":1,""inactive_frames_in_window"":1,""medium_size"":1,""normal_size"":0,""occlusion"":0,""offset_steps"":2,""out_of_view"":0,""requested_window_mode"":""visibility"",""scale_variation"":0,""selected_window_mode"":""visibility"",""small_size"":1,""source_active_frames"":999,""source_end_frame"":803,""source_frames"":1000,""source_inactive_frames"":1,""source_path"":""D:\\360Downloads\\123\\data\\Anti-UAV410\\annos\\test\\20190925_124000_1_6.txt"",""source_sha256"":""52b150943ea6abcf8835abe6ef29a2267f2f20bb1f959b911f568ce082e1d2d9"",""source_start_frame"":564,""source_window_frames"":240,""task_id"":""AU-03"",""thermal_crossover"":1,""tiny_size"":0,""visibility_event_count"":1},{""dynamic_background_clutter"":0,""event_center_frame"":276,""fast_motion"":1,""inactive_frames_in_window"":5,""medium_size"":1,""normal_size"":1,""occlusion"":0,""offset_steps"":3,""out_of_view"":1,""requested_window_mode"":""visibility"",""scale_variation"":0,""selected_window_mode"":""visibility"",""small_size"":0,""source_active_frames"":995,""source_end_frame"":395,""source_frames"":1000,""source_inactive_frames"":5,""source_path"":""D:\\360Downloads\\123\\data\\Anti-UAV410\\annos\\test\\20190926_095902_1_1.txt"",""source_sha256"":""d81153ed097958d087e6bf032d166aeedfd71bff12a1f21baa07742ff949b832"",""source_start_frame"":156,""source_window_frames"":240,""task_id"":""AU-04"",""thermal_crossover"":0,""tiny_size"":0,""visibility_event_count"":1}]}",2,235.66666666666666,AU-01,1,1,1,3,{},0.6575198527579478,0.11802721415429336,0.5,0.5023151564804331,0.6479289563581669,1.0,0.6575198527579478,0.11802721415429336,0.5,0.5023151564804331,0.6479289563581669,1.0
anti_uav410,AU-L04-W03,public-trajectory-replay-v2,"{""event_window_version"":""anti-uav-event-window-v1"",""evidence_type"":""measured_image_plane_tracks_with_simulated_response_resources"",""fps"":null,""image_height"":512,""image_width"":640,""measured_dimensions"":[""apparent_size"",""image_plane_speed"",""visibility""],""motion_unit"":""normalized_image_diagonal_per_frame"",""protected_point"":[0.5,0.85],""source_files"":[""D:\\360Downloads\\123\\data\\Anti-UAV410\\annos\\test\\20190925_111757_1_3.txt"",""D:\\360Downloads\\123\\data\\Anti-UAV410\\annos\\test\\20190925_134301_1_5.txt"",""D:\\360Downloads\\123\\data\\Anti-UAV410\\annos\\test\\20190925_124000_1_6.txt"",""D:\\360Downloads\\123\\data\\Anti-UAV410\\annos\\test\\20190926_095902_1_1.txt""],""source_sha256"":[""d8876472c16dd856e86879b38909860b0691a575ecc63ce66941be4f0963750e"",""26e769707948dd3d63043a4b7eb75ce250c63623671e12d6f46252f139136ba2"",""52b150943ea6abcf8835abe6ef29a2267f2f20bb1f959b911f568ce082e1d2d9"",""d81153ed097958d087e6bf032d166aeedfd71bff12a1f21baa07742ff949b832""],""synthetic_dimensions"":[""spatial_level"",""risk"",""response_window"",""multi_sequence_concurrency"",""resources""],""time_basis"":""frames"",""track_count"":4,""track_windows"":[{""dynamic_background_clutter"":0,""event_center_frame"":196,""fast_motion"":0,""inactive_frames_in_window"":0,""medium_size"":1,""normal_size"":1,""occlusion"":0,""offset_steps"":0,""out_of_view"":0,""requested_window_mode"":""motion"",""scale_variation"":0,""selected_window_mode"":""motion"",""small_size"":0,""source_active_frames"":1000,""source_end_frame"":315,""source_frames"":1000,""source_inactive_frames"":0,""source_path"":""D:\\360Downloads\\123\\data\\Anti-UAV410\\annos\\test\\20190925_111757_1_3.txt"",""source_sha256"":""d8876472c16dd856e86879b38909860b0691a575ecc63ce66941be4f0963750e"",""source_start_frame"":76,""source_window_frames"":240,""task_id"":""AU-01"",""thermal_crossover"":1,""tiny_size"":0,""visibility_event_count"":0},{""dynamic_background_clutter"":0,""event_center_frame"":119,""fast_motion"":0,""inactive_frames_in_window"":0,""medium_size"":1,""normal_size"":0,""occlusion"":0,""offset_steps"":1,""out_of_view"":0,""requested_window_mode"":""scale"",""scale_variation"":1,""selected_window_mode"":""scale"",""small_size"":1,""source_active_frames"":1000,""source_end_frame"":239,""source_frames"":1000,""source_inactive_frames"":0,""source_path"":""D:\\360Downloads\\123\\data\\Anti-UAV410\\annos\\test\\20190925_134301_1_5.txt"",""source_sha256"":""26e769707948dd3d63043a4b7eb75ce250c63623671e12d6f46252f139136ba2"",""source_start_frame"":0,""source_window_frames"":240,""task_id"":""AU-02"",""thermal_crossover"":1,""tiny_size"":0,""visibility_event_count"":0},{""dynamic_background_clutter"":0,""event_center_frame"":684,""fast_motion"":1,""inactive_frames_in_window"":1,""medium_size"":1,""normal_size"":0,""occlusion"":0,""offset_steps"":2,""out_of_view"":0,""requested_window_mode"":""visibility"",""scale_variation"":0,""selected_window_mode"":""visibility"",""small_size"":1,""source_active_frames"":999,""source_end_frame"":803,""source_frames"":1000,""source_inactive_frames"":1,""source_path"":""D:\\360Downloads\\123\\data\\Anti-UAV410\\annos\\test\\20190925_124000_1_6.txt"",""source_sha256"":""52b150943ea6abcf8835abe6ef29a2267f2f20bb1f959b911f568ce082e1d2d9"",""source_start_frame"":564,""source_window_frames"":240,""task_id"":""AU-03"",""thermal_crossover"":1,""tiny_size"":0,""visibility_event_count"":1},{""dynamic_background_clutter"":0,""event_center_frame"":276,""fast_motion"":1,""inactive_frames_in_window"":5,""medium_size"":1,""normal_size"":1,""occlusion"":0,""offset_steps"":3,""out_of_view"":1,""requested_window_mode"":""visibility"",""scale_variation"":0,""selected_window_mode"":""visibility"",""small_size"":0,""source_active_frames"":995,""source_end_frame"":395,""source_frames"":1000,""source_inactive_frames"":5,""source_path"":""D:\\360Downloads\\123\\data\\Anti-UAV410\\annos\\test\\20190926_095902_1_1.txt"",""source_sha256"":""d81153ed097958d087e6bf032d166aeedfd71bff12a1f21baa07742ff949b832"",""source_start_frame"":156,""source_window_frames"":240,""task_id"":""AU-04"",""thermal_crossover"":0,""tiny_size"":0,""visibility_event_count"":1}]}",2,235.66666666666666,AU-02,1,1,1,3,{},0.42790824805091104,0.12497629057383565,0.5,0.5864357026408319,0.6314752380531092,1.0,0.42790824805091104,0.12497629057383565,0.5,0.5864357026408319,0.6314752380531092,1.0
anti_uav410,AU-L04-W03,public-trajectory-replay-v2,"{""event_window_version"":""anti-uav-event-window-v1"",""evidence_type"":""measured_image_plane_tracks_with_simulated_response_resources"",""fps"":null,""image_height"":512,""image_width"":640,""measured_dimensions"":[""apparent_size"",""image_plane_speed"",""visibility""],""motion_unit"":""normalized_image_diagonal_per_frame"",""protected_point"":[0.5,0.85],""source_files"":[""D:\\360Downloads\\123\\data\\Anti-UAV410\\annos\\test\\20190925_111757_1_3.txt"",""D:\\360Downloads\\123\\data\\Anti-UAV410\\annos\\test\\20190925_134301_1_5.txt"",""D:\\360Downloads\\123\\data\\Anti-UAV410\\annos\\test\\20190925_124000_1_6.txt"",""D:\\360Downloads\\123\\data\\Anti-UAV410\\annos\\test\\20190926_095902_1_1.txt""],""source_sha256"":[""d8876472c16dd856e86879b38909860b0691a575ecc63ce66941be4f0963750e"",""26e769707948dd3d63043a4b7eb75ce250c63623671e12d6f46252f139136ba2"",""52b150943ea6abcf8835abe6ef29a2267f2f20bb1f959b911f568ce082e1d2d9"",""d81153ed097958d087e6bf032d166aeedfd71bff12a1f21baa07742ff949b832""],""synthetic_dimensions"":[""spatial_level"",""risk"",""response_window"",""multi_sequence_concurrency"",""resources""],""time_basis"":""frames"",""track_count"":4,""track_windows"":[{""dynamic_background_clutter"":0,""event_center_frame"":196,""fast_motion"":0,""inactive_frames_in_window"":0,""medium_size"":1,""normal_size"":1,""occlusion"":0,""offset_steps"":0,""out_of_view"":0,""requested_window_mode"":""motion"",""scale_variation"":0,""selected_window_mode"":""motion"",""small_size"":0,""source_active_frames"":1000,""source_end_frame"":315,""source_frames"":1000,""source_inactive_frames"":0,""source_path"":""D:\\360Downloads\\123\\data\\Anti-UAV410\\annos\\test\\20190925_111757_1_3.txt"",""source_sha256"":""d8876472c16dd856e86879b38909860b0691a575ecc63ce66941be4f0963750e"",""source_start_frame"":76,""source_window_frames"":240,""task_id"":""AU-01"",""thermal_crossover"":1,""tiny_size"":0,""visibility_event_count"":0},{""dynamic_background_clutter"":0,""event_center_frame"":119,""fast_motion"":0,""inactive_frames_in_window"":0,""medium_size"":1,""normal_size"":0,""occlusion"":0,""offset_steps"":1,""out_of_view"":0,""requested_window_mode"":""scale"",""scale_variation"":1,""selected_window_mode"":""scale"",""small_size"":1,""source_active_frames"":1000,""source_end_frame"":239,""source_frames"":1000,""source_inactive_frames"":0,""source_path"":""D:\\360Downloads\\123\\data\\Anti-UAV410\\annos\\test\\20190925_134301_1_5.txt"",""source_sha256"":""26e769707948dd3d63043a4b7eb75ce250c63623671e12d6f46252f139136ba2"",""source_start_frame"":0,""source_window_frames"":240,""task_id"":""AU-02"",""thermal_crossover"":1,""tiny_size"":0,""visibility_event_count"":0},{""dynamic_background_clutter"":0,""event_center_frame"":684,""fast_motion"":1,""inactive_frames_in_window"":1,""medium_size"":1,""normal_size"":0,""occlusion"":0,""offset_steps"":2,""out_of_view"":0,""requested_window_mode"":""visibility"",""scale_variation"":0,""selected_window_mode"":""visibility"",""small_size"":1,""source_active_frames"":999,""source_end_frame"":803,""source_frames"":1000,""source_inactive_frames"":1,""source_path"":""D:\\360Downloads\\123\\data\\Anti-UAV410\\annos\\test\\20190925_124000_1_6.txt"",""source_sha256"":""52b150943ea6abcf8835abe6ef29a2267f2f20bb1f959b911f568ce082e1d2d9"",""source_start_frame"":564,""source_window_frames"":240,""task_id"":""AU-03"",""thermal_crossover"":1,""tiny_size"":0,""visibility_event_count"":1},{""dynamic_background_clutter"":0,""event_center_frame"":276,""fast_motion"":1,""inactive_frames_in_window"":5,""medium_size"":1,""normal_size"":1,""occlusion"":0,""offset_steps"":3,""out_of_view"":1,""requested_window_mode"":""visibility"",""scale_variation"":0,""selected_window_mode"":""visibility"",""small_size"":0,""source_active_frames"":995,""source_end_frame"":395,""source_frames"":1000,""source_inactive_frames"":5,""source_path"":""D:\\360Downloads\\123\\data\\Anti-UAV410\\annos\\test\\20190926_095902_1_1.txt"",""source_sha256"":""d81153ed097958d087e6bf032d166aeedfd71bff12a1f21baa07742ff949b832"",""source_start_frame"":156,""source_window_frames"":240,""task_id"":""AU-04"",""thermal_crossover"":0,""tiny_size"":0,""visibility_event_count"":1}]}",2,235.66666666666666,AU-03,1,1,1,3,{},0.4932473157519742,0.0,0.5,0.6912364536391442,0.6471289521058515,1.0,0.4932473157519742,0.0,0.5,0.6912364536391442,0.6471289521058515,1.0
anti_uav410,AU-L04-W03,public-trajectory-replay-v2,"{""event_window_version"":""anti-uav-event-window-v1"",""evidence_type"":""measured_image_plane_tracks_with_simulated_response_resources"",""fps"":null,""image_height"":512,""image_width"":640,""measured_dimensions"":[""apparent_size"",""image_plane_speed"",""visibility""],""motion_unit"":""normalized_image_diagonal_per_frame"",""protected_point"":[0.5,0.85],""source_files"":[""D:\\360Downloads\\123\\data\\Anti-UAV410\\annos\\test\\20190925_111757_1_3.txt"",""D:\\360Downloads\\123\\data\\Anti-UAV410\\annos\\test\\20190925_134301_1_5.txt"",""D:\\360Downloads\\123\\data\\Anti-UAV410\\annos\\test\\20190925_124000_1_6.txt"",""D:\\360Downloads\\123\\data\\Anti-UAV410\\annos\\test\\20190926_095902_1_1.txt""],""source_sha256"":[""d8876472c16dd856e86879b38909860b0691a575ecc63ce66941be4f0963750e"",""26e769707948dd3d63043a4b7eb75ce250c63623671e12d6f46252f139136ba2"",""52b150943ea6abcf8835abe6ef29a2267f2f20bb1f959b911f568ce082e1d2d9"",""d81153ed097958d087e6bf032d166aeedfd71bff12a1f21baa07742ff949b832""],""synthetic_dimensions"":[""spatial_level"",""risk"",""response_window"",""multi_sequence_concurrency"",""resources""],""time_basis"":""frames"",""track_count"":4,""track_windows"":[{""dynamic_background_clutter"":0,""event_center_frame"":196,""fast_motion"":0,""inactive_frames_in_window"":0,""medium_size"":1,""normal_size"":1,""occlusion"":0,""offset_steps"":0,""out_of_view"":0,""requested_window_mode"":""motion"",""scale_variation"":0,""selected_window_mode"":""motion"",""small_size"":0,""source_active_frames"":1000,""source_end_frame"":315,""source_frames"":1000,""source_inactive_frames"":0,""source_path"":""D:\\360Downloads\\123\\data\\Anti-UAV410\\annos\\test\\20190925_111757_1_3.txt"",""source_sha256"":""d8876472c16dd856e86879b38909860b0691a575ecc63ce66941be4f0963750e"",""source_start_frame"":76,""source_window_frames"":240,""task_id"":""AU-01"",""thermal_crossover"":1,""tiny_size"":0,""visibility_event_count"":0},{""dynamic_background_clutter"":0,""event_center_frame"":119,""fast_motion"":0,""inactive_frames_in_window"":0,""medium_size"":1,""normal_size"":0,""occlusion"":0,""offset_steps"":1,""out_of_view"":0,""requested_window_mode"":""scale"",""scale_variation"":1,""selected_window_mode"":""scale"",""small_size"":1,""source_active_frames"":1000,""source_end_frame"":239,""source_frames"":1000,""source_inactive_frames"":0,""source_path"":""D:\\360Downloads\\123\\data\\Anti-UAV410\\annos\\test\\20190925_134301_1_5.txt"",""source_sha256"":""26e769707948dd3d63043a4b7eb75ce250c63623671e12d6f46252f139136ba2"",""source_start_frame"":0,""source_window_frames"":240,""task_id"":""AU-02"",""thermal_crossover"":1,""tiny_size"":0,""visibility_event_count"":0},{""dynamic_background_clutter"":0,""event_center_frame"":684,""fast_motion"":1,""inactive_frames_in_window"":1,""medium_size"":1,""normal_size"":0,""occlusion"":0,""offset_steps"":2,""out_of_view"":0,""requested_window_mode"":""visibility"",""scale_variation"":0,""selected_window_mode"":""visibility"",""small_size"":1,""source_active_frames"":999,""source_end_frame"":803,""source_frames"":1000,""source_inactive_frames"":1,""source_path"":""D:\\360Downloads\\123\\data\\Anti-UAV410\\annos\\test\\20190925_124000_1_6.txt"",""source_sha256"":""52b150943ea6abcf8835abe6ef29a2267f2f20bb1f959b911f568ce082e1d2d9"",""source_start_frame"":564,""source_window_frames"":240,""task_id"":""AU-03"",""thermal_crossover"":1,""tiny_size"":0,""visibility_event_count"":1},{""dynamic_background_clutter"":0,""event_center_frame"":276,""fast_motion"":1,""inactive_frames_in_window"":5,""medium_size"":1,""normal_size"":1,""occlusion"":0,""offset_steps"":3,""out_of_view"":1,""requested_window_mode"":""visibility"",""scale_variation"":0,""selected_window_mode"":""visibility"",""small_size"":0,""source_active_frames"":995,""source_end_frame"":395,""source_frames"":1000,""source_inactive_frames"":5,""source_path"":""D:\\360Downloads\\123\\data\\Anti-UAV410\\annos\\test\\20190926_095902_1_1.txt"",""source_sha256"":""d81153ed097958d087e6bf032d166aeedfd71bff12a1f21baa07742ff949b832"",""source_start_frame"":156,""source_window_frames"":240,""task_id"":""AU-04"",""thermal_crossover"":0,""tiny_size"":0,""visibility_event_count"":1}]}",2,235.66666666666666,AU-04,0,0,1,3,{},0.0,0.0,0.5,0.0,0.35,1.0,0.0,0.0,0.5,0.0,0.35,1.0
anti_uav410,AU-L04-W03,public-trajectory-replay-v2,"{""event_window_version"":""anti-uav-event-window-v1"",""evidence_type"":""measured_image_plane_tracks_with_simulated_response_resources"",""fps"":null,""image_height"":512,""image_width"":640,""measured_dimensions"":[""apparent_size"",""image_plane_speed"",""visibility""],""motion_unit"":""normalized_image_diagonal_per_frame"",""protected_point"":[0.5,0.85],""source_files"":[""D:\\360Downloads\\123\\data\\Anti-UAV410\\annos\\test\\20190925_111757_1_3.txt"",""D:\\360Downloads\\123\\data\\Anti-UAV410\\annos\\test\\20190925_134301_1_5.txt"",""D:\\360Downloads\\123\\data\\Anti-UAV410\\annos\\test\\20190925_124000_1_6.txt"",""D:\\360Downloads\\123\\data\\Anti-UAV410\\annos\\test\\20190926_095902_1_1.txt""],""source_sha256"":[""d8876472c16dd856e86879b38909860b0691a575ecc63ce66941be4f0963750e"",""26e769707948dd3d63043a4b7eb75ce250c63623671e12d6f46252f139136ba2"",""52b150943ea6abcf8835abe6ef29a2267f2f20bb1f959b911f568ce082e1d2d9"",""d81153ed097958d087e6bf032d166aeedfd71bff12a1f21baa07742ff949b832""],""synthetic_dimensions"":[""spatial_level"",""risk"",""response_window"",""multi_sequence_concurrency"",""resources""],""time_basis"":""frames"",""track_count"":4,""track_windows"":[{""dynamic_background_clutter"":0,""event_center_frame"":196,""fast_motion"":0,""inactive_frames_in_window"":0,""medium_size"":1,""normal_size"":1,""occlusion"":0,""offset_steps"":0,""out_of_view"":0,""requested_window_mode"":""motion"",""scale_variation"":0,""selected_window_mode"":""motion"",""small_size"":0,""source_active_frames"":1000,""source_end_frame"":315,""source_frames"":1000,""source_inactive_frames"":0,""source_path"":""D:\\360Downloads\\123\\data\\Anti-UAV410\\annos\\test\\20190925_111757_1_3.txt"",""source_sha256"":""d8876472c16dd856e86879b38909860b0691a575ecc63ce66941be4f0963750e"",""source_start_frame"":76,""source_window_frames"":240,""task_id"":""AU-01"",""thermal_crossover"":1,""tiny_size"":0,""visibility_event_count"":0},{""dynamic_background_clutter"":0,""event_center_frame"":119,""fast_motion"":0,""inactive_frames_in_window"":0,""medium_size"":1,""normal_size"":0,""occlusion"":0,""offset_steps"":1,""out_of_view"":0,""requested_window_mode"":""scale"",""scale_variation"":1,""selected_window_mode"":""scale"",""small_size"":1,""source_active_frames"":1000,""source_end_frame"":239,""source_frames"":1000,""source_inactive_frames"":0,""source_path"":""D:\\360Downloads\\123\\data\\Anti-UAV410\\annos\\test\\20190925_134301_1_5.txt"",""source_sha256"":""26e769707948dd3d63043a4b7eb75ce250c63623671e12d6f46252f139136ba2"",""source_start_frame"":0,""source_window_frames"":240,""task_id"":""AU-02"",""thermal_crossover"":1,""tiny_size"":0,""visibility_event_count"":0},{""dynamic_background_clutter"":0,""event_center_frame"":684,""fast_motion"":1,""inactive_frames_in_window"":1,""medium_size"":1,""normal_size"":0,""occlusion"":0,""offset_steps"":2,""out_of_view"":0,""requested_window_mode"":""visibility"",""scale_variation"":0,""selected_window_mode"":""visibility"",""small_size"":1,""source_active_frames"":999,""source_end_frame"":803,""source_frames"":1000,""source_inactive_frames"":1,""source_path"":""D:\\360Downloads\\123\\data\\Anti-UAV410\\annos\\test\\20190925_124000_1_6.txt"",""source_sha256"":""52b150943ea6abcf8835abe6ef29a2267f2f20bb1f959b911f568ce082e1d2d9"",""source_start_frame"":564,""source_window_frames"":240,""task_id"":""AU-03"",""thermal_crossover"":1,""tiny_size"":0,""visibility_event_count"":1},{""dynamic_background_clutter"":0,""event_center_frame"":276,""fast_motion"":1,""inactive_frames_in_window"":5,""medium_size"":1,""normal_size"":1,""occlusion"":0,""offset_steps"":3,""out_of_view"":1,""requested_window_mode"":""visibility"",""scale_variation"":0,""selected_window_mode"":""visibility"",""small_size"":0,""source_active_frames"":995,""source_end_frame"":395,""source_frames"":1000,""source_inactive_frames"":5,""source_path"":""D:\\360Downloads\\123\\data\\Anti-UAV410\\annos\\test\\20190926_095902_1_1.txt"",""source_sha256"":""d81153ed097958d087e6bf032d166aeedfd71bff12a1f21baa07742ff949b832"",""source_start_frame"":156,""source_window_frames"":240,""task_id"":""AU-04"",""thermal_crossover"":0,""tiny_size"":0,""visibility_event_count"":1}]}",3,234.0,AU-01,1,1,1,3,{},0.671551924907689,0.1426164644405965,0.5,0.5327388028813032,0.6369449616738525,1.0,0.671551924907689,0.1426164644405965,0.5,0.5327388028813032,0.6369449616738525,1.0
anti_uav410,AU-L04-W03,public-trajectory-replay-v2,"{""event_window_version"":""anti-uav-event-window-v1"",""evidence_type"":""measured_image_plane_tracks_with_simulated_response_resources"",""fps"":null,""image_height"":512,""image_width"":640,""measured_dimensions"":[""apparent_size"",""image_plane_speed"",""visibility""],""motion_unit"":""normalized_image_diagonal_per_frame"",""protected_point"":[0.5,0.85],""source_files"":[""D:\\360Downloads\\123\\data\\Anti-UAV410\\annos\\test\\20190925_111757_1_3.txt"",""D:\\360Downloads\\123\\data\\Anti-UAV410\\annos\\test\\20190925_134301_1_5.txt"",""D:\\360Downloads\\123\\data\\Anti-UAV410\\annos\\test\\20190925_124000_1_6.txt"",""D:\\360Downloads\\123\\data\\Anti-UAV410\\annos\\test\\20190926_095902_1_1.txt""],""source_sha256"":[""d8876472c16dd856e86879b38909860b0691a575ecc63ce66941be4f0963750e"",""26e769707948dd3d63043a4b7eb75ce250c63623671e12d6f46252f139136ba2"",""52b150943ea6abcf8835abe6ef29a2267f2f20bb1f959b911f568ce082e1d2d9"",""d81153ed097958d087e6bf032d166aeedfd71bff12a1f21baa07742ff949b832""],""synthetic_dimensions"":[""spatial_level"",""risk"",""response_window"",""multi_sequence_concurrency"",""resources""],""time_basis"":""frames"",""track_count"":4,""track_windows"":[{""dynamic_background_clutter"":0,""event_center_frame"":196,""fast_motion"":0,""inactive_frames_in_window"":0,""medium_size"":1,""normal_size"":1,""occlusion"":0,""offset_steps"":0,""out_of_view"":0,""requested_window_mode"":""motion"",""scale_variation"":0,""selected_window_mode"":""motion"",""small_size"":0,""source_active_frames"":1000,""source_end_frame"":315,""source_frames"":1000,""source_inactive_frames"":0,""source_path"":""D:\\360Downloads\\123\\data\\Anti-UAV410\\annos\\test\\20190925_111757_1_3.txt"",""source_sha256"":""d8876472c16dd856e86879b38909860b0691a575ecc63ce66941be4f0963750e"",""source_start_frame"":76,""source_window_frames"":240,""task_id"":""AU-01"",""thermal_crossover"":1,""tiny_size"":0,""visibility_event_count"":0},{""dynamic_background_clutter"":0,""event_center_frame"":119,""fast_motion"":0,""inactive_frames_in_window"":0,""medium_size"":1,""normal_size"":0,""occlusion"":0,""offset_steps"":1,""out_of_view"":0,""requested_window_mode"":""scale"",""scale_variation"":1,""selected_window_mode"":""scale"",""small_size"":1,""source_active_frames"":1000,""source_end_frame"":239,""source_frames"":1000,""source_inactive_frames"":0,""source_path"":""D:\\360Downloads\\123\\data\\Anti-UAV410\\annos\\test\\20190925_134301_1_5.txt"",""source_sha256"":""26e769707948dd3d63043a4b7eb75ce250c63623671e12d6f46252f139136ba2"",""source_start_frame"":0,""source_window_frames"":240,""task_id"":""AU-02"",""thermal_crossover"":1,""tiny_size"":0,""visibility_event_count"":0},{""dynamic_background_clutter"":0,""event_center_frame"":684,""fast_motion"":1,""inactive_frames_in_window"":1,""medium_size"":1,""normal_size"":0,""occlusion"":0,""offset_steps"":2,""out_of_view"":0,""requested_window_mode"":""visibility"",""scale_variation"":0,""selected_window_mode"":""visibility"",""small_size"":1,""source_active_frames"":999,""source_end_frame"":803,""source_frames"":1000,""source_inactive_frames"":1,""source_path"":""D:\\360Downloads\\123\\data\\Anti-UAV410\\annos\\test\\20190925_124000_1_6.txt"",""source_sha256"":""52b150943ea6abcf8835abe6ef29a2267f2f20bb1f959b911f568ce082e1d2d9"",""source_start_frame"":564,""source_window_frames"":240,""task_id"":""AU-03"",""thermal_crossover"":1,""tiny_size"":0,""visibility_event_count"":1},{""dynamic_background_clutter"":0,""event_center_frame"":276,""fast_motion"":1,""inactive_frames_in_window"":5,""medium_size"":1,""normal_size"":1,""occlusion"":0,""offset_steps"":3,""out_of_view"":1,""requested_window_mode"":""visibility"",""scale_variation"":0,""selected_window_mode"":""visibility"",""small_size"":0,""source_active_frames"":995,""source_end_frame"":395,""source_frames"":1000,""source_inactive_frames"":5,""source_path"":""D:\\360Downloads\\123\\data\\Anti-UAV410\\annos\\test\\20190926_095902_1_1.txt"",""source_sha256"":""d81153ed097958d087e6bf032d166aeedfd71bff12a1f21baa07742ff949b832"",""source_start_frame"":156,""source_window_frames"":240,""task_id"":""AU-04"",""thermal_crossover"":0,""tiny_size"":0,""visibility_event_count"":1}]}",3,234.0,AU-02,1,1,1,3,{},0.4427562014562319,0.01140708341905823,0.5,0.411741789954188,0.6139341504332625,1.0,0.4427562014562319,0.01140708341905823,0.5,0.411741789954188,0.6139341504332625,1.0
anti_uav410,AU-L04-W03,public-trajectory-replay-v2,"{""event_window_version"":""anti-uav-event-window-v1"",""evidence_type"":""measured_image_plane_tracks_with_simulated_response_resources"",""fps"":null,""image_height"":512,""image_width"":640,""measured_dimensions"":[""apparent_size"",""image_plane_speed"",""visibility""],""motion_unit"":""normalized_image_diagonal_per_frame"",""protected_point"":[0.5,0.85],""source_files"":[""D:\\360Downloads\\123\\data\\Anti-UAV410\\annos\\test\\20190925_111757_1_3.txt"",""D:\\360Downloads\\123\\data\\Anti-UAV410\\annos\\test\\20190925_134301_1_5.txt"",""D:\\360Downloads\\123\\data\\Anti-UAV410\\annos\\test\\20190925_124000_1_6.txt"",""D:\\360Downloads\\123\\data\\Anti-UAV410\\annos\\test\\20190926_095902_1_1.txt""],""source_sha256"":[""d8876472c16dd856e86879b38909860b0691a575ecc63ce66941be4f0963750e"",""26e769707948dd3d63043a4b7eb75ce250c63623671e12d6f46252f139136ba2"",""52b150943ea6abcf8835abe6ef29a2267f2f20bb1f959b911f568ce082e1d2d9"",""d81153ed097958d087e6bf032d166aeedfd71bff12a1f21baa07742ff949b832""],""synthetic_dimensions"":[""spatial_level"",""risk"",""response_window"",""multi_sequence_concurrency"",""resources""],""time_basis"":""frames"",""track_count"":4,""track_windows"":[{""dynamic_background_clutter"":0,""event_center_frame"":196,""fast_motion"":0,""inactive_frames_in_window"":0,""medium_size"":1,""normal_size"":1,""occlusion"":0,""offset_steps"":0,""out_of_view"":0,""requested_window_mode"":""motion"",""scale_variation"":0,""selected_window_mode"":""motion"",""small_size"":0,""source_active_frames"":1000,""source_end_frame"":315,""source_frames"":1000,""source_inactive_frames"":0,""source_path"":""D:\\360Downloads\\123\\data\\Anti-UAV410\\annos\\test\\20190925_111757_1_3.txt"",""source_sha256"":""d8876472c16dd856e86879b38909860b0691a575ecc63ce66941be4f0963750e"",""source_start_frame"":76,""source_window_frames"":240,""task_id"":""AU-01"",""thermal_crossover"":1,""tiny_size"":0,""visibility_event_count"":0},{""dynamic_background_clutter"":0,""event_center_frame"":119,""fast_motion"":0,""inactive_frames_in_window"":0,""medium_size"":1,""normal_size"":0,""occlusion"":0,""offset_steps"":1,""out_of_view"":0,""requested_window_mode"":""scale"",""scale_variation"":1,""selected_window_mode"":""scale"",""small_size"":1,""source_active_frames"":1000,""source_end_frame"":239,""source_frames"":1000,""source_inactive_frames"":0,""source_path"":""D:\\360Downloads\\123\\data\\Anti-UAV410\\annos\\test\\20190925_134301_1_5.txt"",""source_sha256"":""26e769707948dd3d63043a4b7eb75ce250c63623671e12d6f46252f139136ba2"",""source_start_frame"":0,""source_window_frames"":240,""task_id"":""AU-02"",""thermal_crossover"":1,""tiny_size"":0,""visibility_event_count"":0},{""dynamic_background_clutter"":0,""event_center_frame"":684,""fast_motion"":1,""inactive_frames_in_window"":1,""medium_size"":1,""normal_size"":0,""occlusion"":0,""offset_steps"":2,""out_of_view"":0,""requested_window_mode"":""visibility"",""scale_variation"":0,""selected_window_mode"":""visibility"",""small_size"":1,""source_active_frames"":999,""source_end_frame"":803,""source_frames"":1000,""source_inactive_frames"":1,""source_path"":""D:\\360Downloads\\123\\data\\Anti-UAV410\\annos\\test\\20190925_124000_1_6.txt"",""source_sha256"":""52b150943ea6abcf8835abe6ef29a2267f2f20bb1f959b911f568ce082e1d2d9"",""source_start_frame"":564,""source_window_frames"":240,""task_id"":""AU-03"",""thermal_crossover"":1,""tiny_size"":0,""visibility_event_count"":1},{""dynamic_background_clutter"":0,""event_center_frame"":276,""fast_motion"":1,""inactive_frames_in_window"":5,""medium_size"":1,""normal_size"":1,""occlusion"":0,""offset_steps"":3,""out_of_view"":1,""requested_window_mode"":""visibility"",""scale_variation"":0,""selected_window_mode"":""visibility"",""small_size"":0,""source_active_frames"":995,""source_end_frame"":395,""source_frames"":1000,""source_inactive_frames"":5,""source_path"":""D:\\360Downloads\\123\\data\\Anti-UAV410\\annos\\test\\20190926_095902_1_1.txt"",""source_sha256"":""d81153ed097958d087e6bf032d166aeedfd71bff12a1f21baa07742ff949b832"",""source_start_frame"":156,""source_window_frames"":240,""task_id"":""AU-04"",""thermal_crossover"":0,""tiny_size"":0,""visibility_event_count"":1}]}",3,234.0,AU-03,1,1,1,3,{},0.5208333333333334,0.1690928647588068,0.5,0.48124994157855,0.6265384283445186,1.0,0.5208333333333334,0.1690928647588068,0.5,0.48124994157855,0.6265384283445186,1.0
anti_uav410,AU-L04-W03,public-trajectory-replay-v2,"{""event_window_version"":""anti-uav-event-window-v1"",""evidence_type"":""measured_image_plane_tracks_with_simulated_response_resources"",""fps"":null,""image_height"":512,""image_width"":640,""measured_dimensions"":[""apparent_size"",""image_plane_speed"",""visibility""],""motion_unit"":""normalized_image_diagonal_per_frame"",""protected_point"":[0.5,0.85],""source_files"":[""D:\\360Downloads\\123\\data\\Anti-UAV410\\annos\\test\\20190925_111757_1_3.txt"",""D:\\360Downloads\\123\\data\\Anti-UAV410\\annos\\test\\20190925_134301_1_5.txt"",""D:\\360Downloads\\123\\data\\Anti-UAV410\\annos\\test\\20190925_124000_1_6.txt"",""D:\\360Downloads\\123\\data\\Anti-UAV410\\annos\\test\\20190926_095902_1_1.txt""],""source_sha256"":[""d8876472c16dd856e86879b38909860b0691a575ecc63ce66941be4f0963750e"",""26e769707948dd3d63043a4b7eb75ce250c63623671e12d6f46252f139136ba2"",""52b150943ea6abcf8835abe6ef29a2267f2f20bb1f959b911f568ce082e1d2d9"",""d81153ed097958d087e6bf032d166aeedfd71bff12a1f21baa07742ff949b832""],""synthetic_dimensions"":[""spatial_level"",""risk"",""response_window"",""multi_sequence_concurrency"",""resources""],""time_basis"":""frames"",""track_count"":4,""track_windows"":[{""dynamic_background_clutter"":0,""event_center_frame"":196,""fast_motion"":0,""inactive_frames_in_window"":0,""medium_size"":1,""normal_size"":1,""occlusion"":0,""offset_steps"":0,""out_of_view"":0,""requested_window_mode"":""motion"",""scale_variation"":0,""selected_window_mode"":""motion"",""small_size"":0,""source_active_frames"":1000,""source_end_frame"":315,""source_frames"":1000,""source_inactive_frames"":0,""source_path"":""D:\\360Downloads\\123\\data\\Anti-UAV410\\annos\\test\\20190925_111757_1_3.txt"",""source_sha256"":""d8876472c16dd856e86879b38909860b0691a575ecc63ce66941be4f0963750e"",""source_start_frame"":76,""source_window_frames"":240,""task_id"":""AU-01"",""thermal_crossover"":1,""tiny_size"":0,""visibility_event_count"":0},{""dynamic_background_clutter"":0,""event_center_frame"":119,""fast_motion"":0,""inactive_frames_in_window"":0,""medium_size"":1,""normal_size"":0,""occlusion"":0,""offset_steps"":1,""out_of_view"":0,""requested_window_mode"":""scale"",""scale_variation"":1,""selected_window_mode"":""scale"",""small_size"":1,""source_active_frames"":1000,""source_end_frame"":239,""source_frames"":1000,""source_inactive_frames"":0,""source_path"":""D:\\360Downloads\\123\\data\\Anti-UAV410\\annos\\test\\20190925_134301_1_5.txt"",""source_sha256"":""26e769707948dd3d63043a4b7eb75ce250c63623671e12d6f46252f139136ba2"",""source_start_frame"":0,""source_window_frames"":240,""task_id"":""AU-02"",""thermal_crossover"":1,""tiny_size"":0,""visibility_event_count"":0},{""dynamic_background_clutter"":0,""event_center_frame"":684,""fast_motion"":1,""inactive_frames_in_window"":1,""medium_size"":1,""normal_size"":0,""occlusion"":0,""offset_steps"":2,""out_of_view"":0,""requested_window_mode"":""visibility"",""scale_variation"":0,""selected_window_mode"":""visibility"",""small_size"":1,""source_active_frames"":999,""source_end_frame"":803,""source_frames"":1000,""source_inactive_frames"":1,""source_path"":""D:\\360Downloads\\123\\data\\Anti-UAV410\\annos\\test\\20190925_124000_1_6.txt"",""source_sha256"":""52b150943ea6abcf8835abe6ef29a2267f2f20bb1f959b911f568ce082e1d2d9"",""source_start_frame"":564,""source_window_frames"":240,""task_id"":""AU-03"",""thermal_crossover"":1,""tiny_size"":0,""visibility_event_count"":1},{""dynamic_background_clutter"":0,""event_center_frame"":276,""fast_motion"":1,""inactive_frames_in_window"":5,""medium_size"":1,""normal_size"":1,""occlusion"":0,""offset_steps"":3,""out_of_view"":1,""requested_window_mode"":""visibility"",""scale_variation"":0,""selected_window_mode"":""visibility"",""small_size"":0,""source_active_frames"":995,""source_end_frame"":395,""source_frames"":1000,""source_inactive_frames"":5,""source_path"":""D:\\360Downloads\\123\\data\\Anti-UAV410\\annos\\test\\20190926_095902_1_1.txt"",""source_sha256"":""d81153ed097958d087e6bf032d166aeedfd71bff12a1f21baa07742ff949b832"",""source_start_frame"":156,""source_window_frames"":240,""task_id"":""AU-04"",""thermal_crossover"":0,""tiny_size"":0,""visibility_event_count"":1}]}",3,234.0,AU-04,1,1,1,3,{},0.7973599423122325,0.0,0.5,0.08752366421816878,0.6762984593404714,1.0,0.7973599423122325,0.0,0.5,0.08752366421816878,0.6762984593404714,1.0
anti_uav410,AU-L04-W03,public-trajectory-replay-v2,"{""event_window_version"":""anti-uav-event-window-v1"",""evidence_type"":""measured_image_plane_tracks_with_simulated_response_resources"",""fps"":null,""image_height"":512,""image_width"":640,""measured_dimensions"":[""apparent_size"",""image_plane_speed"",""visibility""],""motion_unit"":""normalized_image_diagonal_per_frame"",""protected_point"":[0.5,0.85],""source_files"":[""D:\\360Downloads\\123\\data\\Anti-UAV410\\annos\\test\\20190925_111757_1_3.txt"",""D:\\360Downloads\\123\\data\\Anti-UAV410\\annos\\test\\20190925_134301_1_5.txt"",""D:\\360Downloads\\123\\data\\Anti-UAV410\\annos\\test\\20190925_124000_1_6.txt"",""D:\\360Downloads\\123\\data\\Anti-UAV410\\annos\\test\\20190926_095902_1_1.txt""],""source_sha256"":[""d8876472c16dd856e86879b38909860b0691a575ecc63ce66941be4f0963750e"",""26e769707948dd3d63043a4b7eb75ce250c63623671e12d6f46252f139136ba2"",""52b150943ea6abcf8835abe6ef29a2267f2f20bb1f959b911f568ce082e1d2d9"",""d81153ed097958d087e6bf032d166aeedfd71bff12a1f21baa07742ff949b832""],""synthetic_dimensions"":[""spatial_level"",""risk"",""response_window"",""multi_sequence_concurrency"",""resources""],""time_basis"":""frames"",""track_count"":4,""track_windows"":[{""dynamic_background_clutter"":0,""event_center_frame"":196,""fast_motion"":0,""inactive_frames_in_window"":0,""medium_size"":1,""normal_size"":1,""occlusion"":0,""offset_steps"":0,""out_of_view"":0,""requested_window_mode"":""motion"",""scale_variation"":0,""selected_window_mode"":""motion"",""small_size"":0,""source_active_frames"":1000,""source_end_frame"":315,""source_frames"":1000,""source_inactive_frames"":0,""source_path"":""D:\\360Downloads\\123\\data\\Anti-UAV410\\annos\\test\\20190925_111757_1_3.txt"",""source_sha256"":""d8876472c16dd856e86879b38909860b0691a575ecc63ce66941be4f0963750e"",""source_start_frame"":76,""source_window_frames"":240,""task_id"":""AU-01"",""thermal_crossover"":1,""tiny_size"":0,""visibility_event_count"":0},{""dynamic_background_clutter"":0,""event_center_frame"":119,""fast_motion"":0,""inactive_frames_in_window"":0,""medium_size"":1,""normal_size"":0,""occlusion"":0,""offset_steps"":1,""out_of_view"":0,""requested_window_mode"":""scale"",""scale_variation"":1,""selected_window_mode"":""scale"",""small_size"":1,""source_active_frames"":1000,""source_end_frame"":239,""source_frames"":1000,""source_inactive_frames"":0,""source_path"":""D:\\360Downloads\\123\\data\\Anti-UAV410\\annos\\test\\20190925_134301_1_5.txt"",""source_sha256"":""26e769707948dd3d63043a4b7eb75ce250c63623671e12d6f46252f139136ba2"",""source_start_frame"":0,""source_window_frames"":240,""task_id"":""AU-02"",""thermal_crossover"":1,""tiny_size"":0,""visibility_event_count"":0},{""dynamic_background_clutter"":0,""event_center_frame"":684,""fast_motion"":1,""inactive_frames_in_window"":1,""medium_size"":1,""normal_size"":0,""occlusion"":0,""offset_steps"":2,""out_of_view"":0,""requested_window_mode"":""visibility"",""scale_variation"":0,""selected_window_mode"":""visibility"",""small_size"":1,""source_active_frames"":999,""source_end_frame"":803,""source_frames"":1000,""source_inactive_frames"":1,""source_path"":""D:\\360Downloads\\123\\data\\Anti-UAV410\\annos\\test\\20190925_124000_1_6.txt"",""source_sha256"":""52b150943ea6abcf8835abe6ef29a2267f2f20bb1f959b911f568ce082e1d2d9"",""source_start_frame"":564,""source_window_frames"":240,""task_id"":""AU-03"",""thermal_crossover"":1,""tiny_size"":0,""visibility_event_count"":1},{""dynamic_background_clutter"":0,""event_center_frame"":276,""fast_motion"":1,""inactive_frames_in_window"":5,""medium_size"":1,""normal_size"":1,""occlusion"":0,""offset_steps"":3,""out_of_view"":1,""requested_window_mode"":""visibility"",""scale_variation"":0,""selected_window_mode"":""visibility"",""small_size"":0,""source_active_frames"":995,""source_end_frame"":395,""source_frames"":1000,""source_inactive_frames"":5,""source_path"":""D:\\360Downloads\\123\\data\\Anti-UAV410\\annos\\test\\20190926_095902_1_1.txt"",""source_sha256"":""d81153ed097958d087e6bf032d166aeedfd71bff12a1f21baa07742ff949b832"",""source_start_frame"":156,""source_window_frames"":240,""task_id"":""AU-04"",""thermal_crossover"":0,""tiny_size"":0,""visibility_event_count"":1}]}",4,259.5,AU-01,1,1,1,3,{},0.6387179970816597,0.08799301133647319,0.5,0.6546983066982542,0.6428276853787085,1.0,0.6387179970816597,0.08799301133647319,0.5,0.6546983066982542,0.6428276853787085,1.0
anti_uav410,AU-L04-W03,public-trajectory-replay-v2,"{""event_window_version"":""anti-uav-event-window-v1"",""evidence_type"":""measured_image_plane_tracks_with_simulated_response_resources"",""fps"":null,""image_height"":512,""image_width"":640,""measured_dimensions"":[""apparent_size"",""image_plane_speed"",""visibility""],""motion_unit"":""normalized_image_diagonal_per_frame"",""protected_point"":[0.5,0.85],""source_files"":[""D:\\360Downloads\\123\\data\\Anti-UAV410\\annos\\test\\20190925_111757_1_3.txt"",""D:\\360Downloads\\123\\data\\Anti-UAV410\\annos\\test\\20190925_134301_1_5.txt"",""D:\\360Downloads\\123\\data\\Anti-UAV410\\annos\\test\\20190925_124000_1_6.txt"",""D:\\360Downloads\\123\\data\\Anti-UAV410\\annos\\test\\20190926_095902_1_1.txt""],""source_sha256"":[""d8876472c16dd856e86879b38909860b0691a575ecc63ce66941be4f0963750e"",""26e769707948dd3d63043a4b7eb75ce250c63623671e12d6f46252f139136ba2"",""52b150943ea6abcf8835abe6ef29a2267f2f20bb1f959b911f568ce082e1d2d9"",""d81153ed097958d087e6bf032d166aeedfd71bff12a1f21baa07742ff949b832""],""synthetic_dimensions"":[""spatial_level"",""risk"",""response_window"",""multi_sequence_concurrency"",""resources""],""time_basis"":""frames"",""track_count"":4,""track_windows"":[{""dynamic_background_clutter"":0,""event_center_frame"":196,""fast_motion"":0,""inactive_frames_in_window"":0,""medium_size"":1,""normal_size"":1,""occlusion"":0,""offset_steps"":0,""out_of_view"":0,""requested_window_mode"":""motion"",""scale_variation"":0,""selected_window_mode"":""motion"",""small_size"":0,""source_active_frames"":1000,""source_end_frame"":315,""source_frames"":1000,""source_inactive_frames"":0,""source_path"":""D:\\360Downloads\\123\\data\\Anti-UAV410\\annos\\test\\20190925_111757_1_3.txt"",""source_sha256"":""d8876472c16dd856e86879b38909860b0691a575ecc63ce66941be4f0963750e"",""source_start_frame"":76,""source_window_frames"":240,""task_id"":""AU-01"",""thermal_crossover"":1,""tiny_size"":0,""visibility_event_count"":0},{""dynamic_background_clutter"":0,""event_center_frame"":119,""fast_motion"":0,""inactive_frames_in_window"":0,""medium_size"":1,""normal_size"":0,""occlusion"":0,""offset_steps"":1,""out_of_view"":0,""requested_window_mode"":""scale"",""scale_variation"":1,""selected_window_mode"":""scale"",""small_size"":1,""source_active_frames"":1000,""source_end_frame"":239,""source_frames"":1000,""source_inactive_frames"":0,""source_path"":""D:\\360Downloads\\123\\data\\Anti-UAV410\\annos\\test\\20190925_134301_1_5.txt"",""source_sha256"":""26e769707948dd3d63043a4b7eb75ce250c63623671e12d6f46252f139136ba2"",""source_start_frame"":0,""source_window_frames"":240,""task_id"":""AU-02"",""thermal_crossover"":1,""tiny_size"":0,""visibility_event_count"":0},{""dynamic_background_clutter"":0,""event_center_frame"":684,""fast_motion"":1,""inactive_frames_in_window"":1,""medium_size"":1,""normal_size"":0,""occlusion"":0,""offset_steps"":2,""out_of_view"":0,""requested_window_mode"":""visibility"",""scale_variation"":0,""selected_window_mode"":""visibility"",""small_size"":1,""source_active_frames"":999,""source_end_frame"":803,""source_frames"":1000,""source_inactive_frames"":1,""source_path"":""D:\\360Downloads\\123\\data\\Anti-UAV410\\annos\\test\\20190925_124000_1_6.txt"",""source_sha256"":""52b150943ea6abcf8835abe6ef29a2267f2f20bb1f959b911f568ce082e1d2d9"",""source_start_frame"":564,""source_window_frames"":240,""task_id"":""AU-03"",""thermal_crossover"":1,""tiny_size"":0,""visibility_event_count"":1},{""dynamic_background_clutter"":0,""event_center_frame"":276,""fast_motion"":1,""inactive_frames_in_window"":5,""medium_size"":1,""normal_size"":1,""occlusion"":0,""offset_steps"":3,""out_of_view"":1,""requested_window_mode"":""visibility"",""scale_variation"":0,""selected_window_mode"":""visibility"",""small_size"":0,""source_active_frames"":995,""source_end_frame"":395,""source_frames"":1000,""source_inactive_frames"":5,""source_path"":""D:\\360Downloads\\123\\data\\Anti-UAV410\\annos\\test\\20190926_095902_1_1.txt"",""source_sha256"":""d81153ed097958d087e6bf032d166aeedfd71bff12a1f21baa07742ff949b832"",""source_start_frame"":156,""source_window_frames"":240,""task_id"":""AU-04"",""thermal_crossover"":0,""tiny_size"":0,""visibility_event_count"":1}]}",4,259.5,AU-02,1,1,1,3,{},0.48326415520561555,0.09541499724352194,0.5,0.48470074132869584,0.613057428845537,1.0,0.48326415520561555,0.09541499724352194,0.5,0.48470074132869584,0.613057428845537,1.0
anti_uav410,AU-L04-W03,public-trajectory-replay-v2,"{""event_window_version"":""anti-uav-event-window-v1"",""evidence_type"":""measured_image_plane_tracks_with_simulated_response_resources"",""fps"":null,""image_height"":512,""image_width"":640,""measured_dimensions"":[""apparent_size"",""image_plane_speed"",""visibility""],""motion_unit"":""normalized_image_diagonal_per_frame"",""protected_point"":[0.5,0.85],""source_files"":[""D:\\360Downloads\\123\\data\\Anti-UAV410\\annos\\test\\20190925_111757_1_3.txt"",""D:\\360Downloads\\123\\data\\Anti-UAV410\\annos\\test\\20190925_134301_1_5.txt"",""D:\\360Downloads\\123\\data\\Anti-UAV410\\annos\\test\\20190925_124000_1_6.txt"",""D:\\360Downloads\\123\\data\\Anti-UAV410\\annos\\test\\20190926_095902_1_1.txt""],""source_sha256"":[""d8876472c16dd856e86879b38909860b0691a575ecc63ce66941be4f0963750e"",""26e769707948dd3d63043a4b7eb75ce250c63623671e12d6f46252f139136ba2"",""52b150943ea6abcf8835abe6ef29a2267f2f20bb1f959b911f568ce082e1d2d9"",""d81153ed097958d087e6bf032d166aeedfd71bff12a1f21baa07742ff949b832""],""synthetic_dimensions"":[""spatial_level"",""risk"",""response_window"",""multi_sequence_concurrency"",""resources""],""time_basis"":""frames"",""track_count"":4,""track_windows"":[{""dynamic_background_clutter"":0,""event_center_frame"":196,""fast_motion"":0,""inactive_frames_in_window"":0,""medium_size"":1,""normal_size"":1,""occlusion"":0,""offset_steps"":0,""out_of_view"":0,""requested_window_mode"":""motion"",""scale_variation"":0,""selected_window_mode"":""motion"",""small_size"":0,""source_active_frames"":1000,""source_end_frame"":315,""source_frames"":1000,""source_inactive_frames"":0,""source_path"":""D:\\360Downloads\\123\\data\\Anti-UAV410\\annos\\test\\20190925_111757_1_3.txt"",""source_sha256"":""d8876472c16dd856e86879b38909860b0691a575ecc63ce66941be4f0963750e"",""source_start_frame"":76,""source_window_frames"":240,""task_id"":""AU-01"",""thermal_crossover"":1,""tiny_size"":0,""visibility_event_count"":0},{""dynamic_background_clutter"":0,""event_center_frame"":119,""fast_motion"":0,""inactive_frames_in_window"":0,""medium_size"":1,""normal_size"":0,""occlusion"":0,""offset_steps"":1,""out_of_view"":0,""requested_window_mode"":""scale"",""scale_variation"":1,""selected_window_mode"":""scale"",""small_size"":1,""source_active_frames"":1000,""source_end_frame"":239,""source_frames"":1000,""source_inactive_frames"":0,""source_path"":""D:\\360Downloads\\123\\data\\Anti-UAV410\\annos\\test\\20190925_134301_1_5.txt"",""source_sha256"":""26e769707948dd3d63043a4b7eb75ce250c63623671e12d6f46252f139136ba2"",""source_start_frame"":0,""source_window_frames"":240,""task_id"":""AU-02"",""thermal_crossover"":1,""tiny_size"":0,""visibility_event_count"":0},{""dynamic_background_clutter"":0,""event_center_frame"":684,""fast_motion"":1,""inactive_frames_in_window"":1,""medium_size"":1,""normal_size"":0,""occlusion"":0,""offset_steps"":2,""out_of_view"":0,""requested_window_mode"":""visibility"",""scale_variation"":0,""selected_window_mode"":""visibility"",""small_size"":1,""source_active_frames"":999,""source_end_frame"":803,""source_frames"":1000,""source_inactive_frames"":1,""source_path"":""D:\\360Downloads\\123\\data\\Anti-UAV410\\annos\\test\\20190925_124000_1_6.txt"",""source_sha256"":""52b150943ea6abcf8835abe6ef29a2267f2f20bb1f959b911f568ce082e1d2d9"",""source_start_frame"":564,""source_window_frames"":240,""task_id"":""AU-03"",""thermal_crossover"":1,""tiny_size"":0,""visibility_event_count"":1},{""dynamic_background_clutter"":0,""event_center_frame"":276,""fast_motion"":1,""inactive_frames_in_window"":5,""medium_size"":1,""normal_size"":1,""occlusion"":0,""offset_steps"":3,""out_of_view"":1,""requested_window_mode"":""visibility"",""scale_variation"":0,""selected_window_mode"":""visibility"",""small_size"":0,""source_active_frames"":995,""source_end_frame"":395,""source_frames"":1000,""source_inactive_frames"":5,""source_path"":""D:\\360Downloads\\123\\data\\Anti-UAV410\\annos\\test\\20190926_095902_1_1.txt"",""source_sha256"":""d81153ed097958d087e6bf032d166aeedfd71bff12a1f21baa07742ff949b832"",""source_start_frame"":156,""source_window_frames"":240,""task_id"":""AU-04"",""thermal_crossover"":0,""tiny_size"":0,""visibility_event_count"":1}]}",4,259.5,AU-03,1,1,1,3,{},0.4367320268554277,0.07432714235328287,0.5,0.47224284686910084,0.6252991369676991,1.0,0.4367320268554277,0.07432714235328287,0.5,0.47224284686910084,0.6252991369676991,1.0
anti_uav410,AU-L04-W03,public-trajectory-replay-v2,"{""event_window_version"":""anti-uav-event-window-v1"",""evidence_type"":""measured_image_plane_tracks_with_simulated_response_resources"",""fps"":null,""image_height"":512,""image_width"":640,""measured_dimensions"":[""apparent_size"",""image_plane_speed"",""visibility""],""motion_unit"":""normalized_image_diagonal_per_frame"",""protected_point"":[0.5,0.85],""source_files"":[""D:\\360Downloads\\123\\data\\Anti-UAV410\\annos\\test\\20190925_111757_1_3.txt"",""D:\\360Downloads\\123\\data\\Anti-UAV410\\annos\\test\\20190925_134301_1_5.txt"",""D:\\360Downloads\\123\\data\\Anti-UAV410\\annos\\test\\20190925_124000_1_6.txt"",""D:\\360Downloads\\123\\data\\Anti-UAV410\\annos\\test\\20190926_095902_1_1.txt""],""source_sha256"":[""d8876472c16dd856e86879b38909860b0691a575ecc63ce66941be4f0963750e"",""26e769707948dd3d63043a4b7eb75ce250c63623671e12d6f46252f139136ba2"",""52b150943ea6abcf8835abe6ef29a2267f2f20bb1f959b911f568ce082e1d2d9"",""d81153ed097958d087e6bf032d166aeedfd71bff12a1f21baa07742ff949b832""],""synthetic_dimensions"":[""spatial_level"",""risk"",""response_window"",""multi_sequence_concurrency"",""resources""],""time_basis"":""frames"",""track_count"":4,""track_windows"":[{""dynamic_background_clutter"":0,""event_center_frame"":196,""fast_motion"":0,""inactive_frames_in_window"":0,""medium_size"":1,""normal_size"":1,""occlusion"":0,""offset_steps"":0,""out_of_view"":0,""requested_window_mode"":""motion"",""scale_variation"":0,""selected_window_mode"":""motion"",""small_size"":0,""source_active_frames"":1000,""source_end_frame"":315,""source_frames"":1000,""source_inactive_frames"":0,""source_path"":""D:\\360Downloads\\123\\data\\Anti-UAV410\\annos\\test\\20190925_111757_1_3.txt"",""source_sha256"":""d8876472c16dd856e86879b38909860b0691a575ecc63ce66941be4f0963750e"",""source_start_frame"":76,""source_window_frames"":240,""task_id"":""AU-01"",""thermal_crossover"":1,""tiny_size"":0,""visibility_event_count"":0},{""dynamic_background_clutter"":0,""event_center_frame"":119,""fast_motion"":0,""inactive_frames_in_window"":0,""medium_size"":1,""normal_size"":0,""occlusion"":0,""offset_steps"":1,""out_of_view"":0,""requested_window_mode"":""scale"",""scale_variation"":1,""selected_window_mode"":""scale"",""small_size"":1,""source_active_frames"":1000,""source_end_frame"":239,""source_frames"":1000,""source_inactive_frames"":0,""source_path"":""D:\\360Downloads\\123\\data\\Anti-UAV410\\annos\\test\\20190925_134301_1_5.txt"",""source_sha256"":""26e769707948dd3d63043a4b7eb75ce250c63623671e12d6f46252f139136ba2"",""source_start_frame"":0,""source_window_frames"":240,""task_id"":""AU-02"",""thermal_crossover"":1,""tiny_size"":0,""visibility_event_count"":0},{""dynamic_background_clutter"":0,""event_center_frame"":684,""fast_motion"":1,""inactive_frames_in_window"":1,""medium_size"":1,""normal_size"":0,""occlusion"":0,""offset_steps"":2,""out_of_view"":0,""requested_window_mode"":""visibility"",""scale_variation"":0,""selected_window_mode"":""visibility"",""small_size"":1,""source_active_frames"":999,""source_end_frame"":803,""source_frames"":1000,""source_inactive_frames"":1,""source_path"":""D:\\360Downloads\\123\\data\\Anti-UAV410\\annos\\test\\20190925_124000_1_6.txt"",""source_sha256"":""52b150943ea6abcf8835abe6ef29a2267f2f20bb1f959b911f568ce082e1d2d9"",""source_start_frame"":564,""source_window_frames"":240,""task_id"":""AU-03"",""thermal_crossover"":1,""tiny_size"":0,""visibility_event_count"":1},{""dynamic_background_clutter"":0,""event_center_frame"":276,""fast_motion"":1,""inactive_frames_in_window"":5,""medium_size"":1,""normal_size"":1,""occlusion"":0,""offset_steps"":3,""out_of_view"":1,""requested_window_mode"":""visibility"",""scale_variation"":0,""selected_window_mode"":""visibility"",""small_size"":0,""source_active_frames"":995,""source_end_frame"":395,""source_frames"":1000,""source_inactive_frames"":5,""source_path"":""D:\\360Downloads\\123\\data\\Anti-UAV410\\annos\\test\\20190926_095902_1_1.txt"",""source_sha256"":""d81153ed097958d087e6bf032d166aeedfd71bff12a1f21baa07742ff949b832"",""source_start_frame"":156,""source_window_frames"":240,""task_id"":""AU-04"",""thermal_crossover"":0,""tiny_size"":0,""visibility_event_count"":1}]}",4,259.5,AU-04,1,1,1,3,{},0.941200019192771,0.28143014192531607,0.5,0.6077916426787685,0.662025205848591,1.0,0.941200019192771,0.28143014192531607,0.5,0.6077916426787685,0.662025205848591,1.0
anti_uav410,AU-L04-W03,public-trajectory-replay-v2,"{""event_window_version"":""anti-uav-event-window-v1"",""evidence_type"":""measured_image_plane_tracks_with_simulated_response_resources"",""fps"":null,""image_height"":512,""image_width"":640,""measured_dimensions"":[""apparent_size"",""image_plane_speed"",""visibility""],""motion_unit"":""normalized_image_diagonal_per_frame"",""protected_point"":[0.5,0.85],""source_files"":[""D:\\360Downloads\\123\\data\\Anti-UAV410\\annos\\test\\20190925_111757_1_3.txt"",""D:\\360Downloads\\123\\data\\Anti-UAV410\\annos\\test\\20190925_134301_1_5.txt"",""D:\\360Downloads\\123\\data\\Anti-UAV410\\annos\\test\\20190925_124000_1_6.txt"",""D:\\360Downloads\\123\\data\\Anti-UAV410\\annos\\test\\20190926_095902_1_1.txt""],""source_sha256"":[""d8876472c16dd856e86879b38909860b0691a575ecc63ce66941be4f0963750e"",""26e769707948dd3d63043a4b7eb75ce250c63623671e12d6f46252f139136ba2"",""52b150943ea6abcf8835abe6ef29a2267f2f20bb1f959b911f568ce082e1d2d9"",""d81153ed097958d087e6bf032d166aeedfd71bff12a1f21baa07742ff949b832""],""synthetic_dimensions"":[""spatial_level"",""risk"",""response_window"",""multi_sequence_concurrency"",""resources""],""time_basis"":""frames"",""track_count"":4,""track_windows"":[{""dynamic_background_clutter"":0,""event_center_frame"":196,""fast_motion"":0,""inactive_frames_in_window"":0,""medium_size"":1,""normal_size"":1,""occlusion"":0,""offset_steps"":0,""out_of_view"":0,""requested_window_mode"":""motion"",""scale_variation"":0,""selected_window_mode"":""motion"",""small_size"":0,""source_active_frames"":1000,""source_end_frame"":315,""source_frames"":1000,""source_inactive_frames"":0,""source_path"":""D:\\360Downloads\\123\\data\\Anti-UAV410\\annos\\test\\20190925_111757_1_3.txt"",""source_sha256"":""d8876472c16dd856e86879b38909860b0691a575ecc63ce66941be4f0963750e"",""source_start_frame"":76,""source_window_frames"":240,""task_id"":""AU-01"",""thermal_crossover"":1,""tiny_size"":0,""visibility_event_count"":0},{""dynamic_background_clutter"":0,""event_center_frame"":119,""fast_motion"":0,""inactive_frames_in_window"":0,""medium_size"":1,""normal_size"":0,""occlusion"":0,""offset_steps"":1,""out_of_view"":0,""requested_window_mode"":""scale"",""scale_variation"":1,""selected_window_mode"":""scale"",""small_size"":1,""source_active_frames"":1000,""source_end_frame"":239,""source_frames"":1000,""source_inactive_frames"":0,""source_path"":""D:\\360Downloads\\123\\data\\Anti-UAV410\\annos\\test\\20190925_134301_1_5.txt"",""source_sha256"":""26e769707948dd3d63043a4b7eb75ce250c63623671e12d6f46252f139136ba2"",""source_start_frame"":0,""source_window_frames"":240,""task_id"":""AU-02"",""thermal_crossover"":1,""tiny_size"":0,""visibility_event_count"":0},{""dynamic_background_clutter"":0,""event_center_frame"":684,""fast_motion"":1,""inactive_frames_in_window"":1,""medium_size"":1,""normal_size"":0,""occlusion"":0,""offset_steps"":2,""out_of_view"":0,""requested_window_mode"":""visibility"",""scale_variation"":0,""selected_window_mode"":""visibility"",""small_size"":1,""source_active_frames"":999,""source_end_frame"":803,""source_frames"":1000,""source_inactive_frames"":1,""source_path"":""D:\\360Downloads\\123\\data\\Anti-UAV410\\annos\\test\\20190925_124000_1_6.txt"",""source_sha256"":""52b150943ea6abcf8835abe6ef29a2267f2f20bb1f959b911f568ce082e1d2d9"",""source_start_frame"":564,""source_window_frames"":240,""task_id"":""AU-03"",""thermal_crossover"":1,""tiny_size"":0,""visibility_event_count"":1},{""dynamic_background_clutter"":0,""event_center_frame"":276,""fast_motion"":1,""inactive_frames_in_window"":5,""medium_size"":1,""normal_size"":1,""occlusion"":0,""offset_steps"":3,""out_of_view"":1,""requested_window_mode"":""visibility"",""scale_variation"":0,""selected_window_mode"":""visibility"",""small_size"":0,""source_active_frames"":995,""source_end_frame"":395,""source_frames"":1000,""source_inactive_frames"":5,""source_path"":""D:\\360Downloads\\123\\data\\Anti-UAV410\\annos\\test\\20190926_095902_1_1.txt"",""source_sha256"":""d81153ed097958d087e6bf032d166aeedfd71bff12a1f21baa07742ff949b832"",""source_start_frame"":156,""source_window_frames"":240,""task_id"":""AU-04"",""thermal_crossover"":0,""tiny_size"":0,""visibility_event_count"":1}]}",5,285.25,AU-01,1,1,1,3,{},0.5671914456933465,0.07028053289474787,0.5,0.3398622073049619,0.6028561870080574,1.0,0.5671914456933465,0.07028053289474787,0.5,0.3398622073049619,0.6028561870080574,1.0
anti_uav410,AU-L04-W03,public-trajectory-replay-v2,"{""event_window_version"":""anti-uav-event-window-v1"",""evidence_type"":""measured_image_plane_tracks_with_simulated_response_resources"",""fps"":null,""image_height"":512,""image_width"":640,""measured_dimensions"":[""apparent_size"",""image_plane_speed"",""visibility""],""motion_unit"":""normalized_image_diagonal_per_frame"",""protected_point"":[0.5,0.85],""source_files"":[""D:\\360Downloads\\123\\data\\Anti-UAV410\\annos\\test\\20190925_111757_1_3.txt"",""D:\\360Downloads\\123\\data\\Anti-UAV410\\annos\\test\\20190925_134301_1_5.txt"",""D:\\360Downloads\\123\\data\\Anti-UAV410\\annos\\test\\20190925_124000_1_6.txt"",""D:\\360Downloads\\123\\data\\Anti-UAV410\\annos\\test\\20190926_095902_1_1.txt""],""source_sha256"":[""d8876472c16dd856e86879b38909860b0691a575ecc63ce66941be4f0963750e"",""26e769707948dd3d63043a4b7eb75ce250c63623671e12d6f46252f139136ba2"",""52b150943ea6abcf8835abe6ef29a2267f2f20bb1f959b911f568ce082e1d2d9"",""d81153ed097958d087e6bf032d166aeedfd71bff12a1f21baa07742ff949b832""],""synthetic_dimensions"":[""spatial_level"",""risk"",""response_window"",""multi_sequence_concurrency"",""resources""],""time_basis"":""frames"",""track_count"":4,""track_windows"":[{""dynamic_background_clutter"":0,""event_center_frame"":196,""fast_motion"":0,""inactive_frames_in_window"":0,""medium_size"":1,""normal_size"":1,""occlusion"":0,""offset_steps"":0,""out_of_view"":0,""requested_window_mode"":""motion"",""scale_variation"":0,""selected_window_mode"":""motion"",""small_size"":0,""source_active_frames"":1000,""source_end_frame"":315,""source_frames"":1000,""source_inactive_frames"":0,""source_path"":""D:\\360Downloads\\123\\data\\Anti-UAV410\\annos\\test\\20190925_111757_1_3.txt"",""source_sha256"":""d8876472c16dd856e86879b38909860b0691a575ecc63ce66941be4f0963750e"",""source_start_frame"":76,""source_window_frames"":240,""task_id"":""AU-01"",""thermal_crossover"":1,""tiny_size"":0,""visibility_event_count"":0},{""dynamic_background_clutter"":0,""event_center_frame"":119,""fast_motion"":0,""inactive_frames_in_window"":0,""medium_size"":1,""normal_size"":0,""occlusion"":0,""offset_steps"":1,""out_of_view"":0,""requested_window_mode"":""scale"",""scale_variation"":1,""selected_window_mode"":""scale"",""small_size"":1,""source_active_frames"":1000,""source_end_frame"":239,""source_frames"":1000,""source_inactive_frames"":0,""source_path"":""D:\\360Downloads\\123\\data\\Anti-UAV410\\annos\\test\\20190925_134301_1_5.txt"",""source_sha256"":""26e769707948dd3d63043a4b7eb75ce250c63623671e12d6f46252f139136ba2"",""source_start_frame"":0,""source_window_frames"":240,""task_id"":""AU-02"",""thermal_crossover"":1,""tiny_size"":0,""visibility_event_count"":0},{""dynamic_background_clutter"":0,""event_center_frame"":684,""fast_motion"":1,""inactive_frames_in_window"":1,""medium_size"":1,""normal_size"":0,""occlusion"":0,""offset_steps"":2,""out_of_view"":0,""requested_window_mode"":""visibility"",""scale_variation"":0,""selected_window_mode"":""visibility"",""small_size"":1,""source_active_frames"":999,""source_end_frame"":803,""source_frames"":1000,""source_inactive_frames"":1,""source_path"":""D:\\360Downloads\\123\\data\\Anti-UAV410\\annos\\test\\20190925_124000_1_6.txt"",""source_sha256"":""52b150943ea6abcf8835abe6ef29a2267f2f20bb1f959b911f568ce082e1d2d9"",""source_start_frame"":564,""source_window_frames"":240,""task_id"":""AU-03"",""thermal_crossover"":1,""tiny_size"":0,""visibility_event_count"":1},{""dynamic_background_clutter"":0,""event_center_frame"":276,""fast_motion"":1,""inactive_frames_in_window"":5,""medium_size"":1,""normal_size"":1,""occlusion"":0,""offset_steps"":3,""out_of_view"":1,""requested_window_mode"":""visibility"",""scale_variation"":0,""selected_window_mode"":""visibility"",""small_size"":0,""source_active_frames"":995,""source_end_frame"":395,""source_frames"":1000,""source_inactive_frames"":5,""source_path"":""D:\\360Downloads\\123\\data\\Anti-UAV410\\annos\\test\\20190926_095902_1_1.txt"",""source_sha256"":""d81153ed097958d087e6bf032d166aeedfd71bff12a1f21baa07742ff949b832"",""source_start_frame"":156,""source_window_frames"":240,""task_id"":""AU-04"",""thermal_crossover"":0,""tiny_size"":0,""visibility_event_count"":1}]}",5,285.25,AU-02,1,1,1,3,{},0.45152450219790896,0.04453349225531592,0.5,0.20503362482056808,0.5808573969478459,1.0,0.45152450219790896,0.04453349225531592,0.5,0.20503362482056808,0.5808573969478459,1.0
anti_uav410,AU-L04-W03,public-trajectory-replay-v2,"{""event_window_version"":""anti-uav-event-window-v1"",""evidence_type"":""measured_image_plane_tracks_with_simulated_response_resources"",""fps"":null,""image_height"":512,""image_width"":640,""measured_dimensions"":[""apparent_size"",""image_plane_speed"",""visibility""],""motion_unit"":""normalized_image_diagonal_per_frame"",""protected_point"":[0.5,0.85],""source_files"":[""D:\\360Downloads\\123\\data\\Anti-UAV410\\annos\\test\\20190925_111757_1_3.txt"",""D:\\360Downloads\\123\\data\\Anti-UAV410\\annos\\test\\20190925_134301_1_5.txt"",""D:\\360Downloads\\123\\data\\Anti-UAV410\\annos\\test\\20190925_124000_1_6.txt"",""D:\\360Downloads\\123\\data\\Anti-UAV410\\annos\\test\\20190926_095902_1_1.txt""],""source_sha256"":[""d8876472c16dd856e86879b38909860b0691a575ecc63ce66941be4f0963750e"",""26e769707948dd3d63043a4b7eb75ce250c63623671e12d6f46252f139136ba2"",""52b150943ea6abcf8835abe6ef29a2267f2f20bb1f959b911f568ce082e1d2d9"",""d81153ed097958d087e6bf032d166aeedfd71bff12a1f21baa07742ff949b832""],""synthetic_dimensions"":[""spatial_level"",""risk"",""response_window"",""multi_sequence_concurrency"",""resources""],""time_basis"":""frames"",""track_count"":4,""track_windows"":[{""dynamic_background_clutter"":0,""event_center_frame"":196,""fast_motion"":0,""inactive_frames_in_window"":0,""medium_size"":1,""normal_size"":1,""occlusion"":0,""offset_steps"":0,""out_of_view"":0,""requested_window_mode"":""motion"",""scale_variation"":0,""selected_window_mode"":""motion"",""small_size"":0,""source_active_frames"":1000,""source_end_frame"":315,""source_frames"":1000,""source_inactive_frames"":0,""source_path"":""D:\\360Downloads\\123\\data\\Anti-UAV410\\annos\\test\\20190925_111757_1_3.txt"",""source_sha256"":""d8876472c16dd856e86879b38909860b0691a575ecc63ce66941be4f0963750e"",""source_start_frame"":76,""source_window_frames"":240,""task_id"":""AU-01"",""thermal_crossover"":1,""tiny_size"":0,""visibility_event_count"":0},{""dynamic_background_clutter"":0,""event_center_frame"":119,""fast_motion"":0,""inactive_frames_in_window"":0,""medium_size"":1,""normal_size"":0,""occlusion"":0,""offset_steps"":1,""out_of_view"":0,""requested_window_mode"":""scale"",""scale_variation"":1,""selected_window_mode"":""scale"",""small_size"":1,""source_active_frames"":1000,""source_end_frame"":239,""source_frames"":1000,""source_inactive_frames"":0,""source_path"":""D:\\360Downloads\\123\\data\\Anti-UAV410\\annos\\test\\20190925_134301_1_5.txt"",""source_sha256"":""26e769707948dd3d63043a4b7eb75ce250c63623671e12d6f46252f139136ba2"",""source_start_frame"":0,""source_window_frames"":240,""task_id"":""AU-02"",""thermal_crossover"":1,""tiny_size"":0,""visibility_event_count"":0},{""dynamic_background_clutter"":0,""event_center_frame"":684,""fast_motion"":1,""inactive_frames_in_window"":1,""medium_size"":1,""normal_size"":0,""occlusion"":0,""offset_steps"":2,""out_of_view"":0,""requested_window_mode"":""visibility"",""scale_variation"":0,""selected_window_mode"":""visibility"",""small_size"":1,""source_active_frames"":999,""source_end_frame"":803,""source_frames"":1000,""source_inactive_frames"":1,""source_path"":""D:\\360Downloads\\123\\data\\Anti-UAV410\\annos\\test\\20190925_124000_1_6.txt"",""source_sha256"":""52b150943ea6abcf8835abe6ef29a2267f2f20bb1f959b911f568ce082e1d2d9"",""source_start_frame"":564,""source_window_frames"":240,""task_id"":""AU-03"",""thermal_crossover"":1,""tiny_size"":0,""visibility_event_count"":1},{""dynamic_background_clutter"":0,""event_center_frame"":276,""fast_motion"":1,""inactive_frames_in_window"":5,""medium_size"":1,""normal_size"":1,""occlusion"":0,""offset_steps"":3,""out_of_view"":1,""requested_window_mode"":""visibility"",""scale_variation"":0,""selected_window_mode"":""visibility"",""small_size"":0,""source_active_frames"":995,""source_end_frame"":395,""source_frames"":1000,""source_inactive_frames"":5,""source_path"":""D:\\360Downloads\\123\\data\\Anti-UAV410\\annos\\test\\20190926_095902_1_1.txt"",""source_sha256"":""d81153ed097958d087e6bf032d166aeedfd71bff12a1f21baa07742ff949b832"",""source_start_frame"":156,""source_window_frames"":240,""task_id"":""AU-04"",""thermal_crossover"":0,""tiny_size"":0,""visibility_event_count"":1}]}",5,285.25,AU-03,1,1,1,3,{},0.3922492273800018,0.09619297350337344,0.5,0.158211726591543,0.5911214123266401,1.0,0.3922492273800018,0.09619297350337344,0.5,0.158211726591543,0.5911214123266401,1.0
anti_uav410,AU-L04-W03,public-trajectory-replay-v2,"{""event_window_version"":""anti-uav-event-window-v1"",""evidence_type"":""measured_image_plane_tracks_with_simulated_response_resources"",""fps"":null,""image_height"":512,""image_width"":640,""measured_dimensions"":[""apparent_size"",""image_plane_speed"",""visibility""],""motion_unit"":""normalized_image_diagonal_per_frame"",""protected_point"":[0.5,0.85],""source_files"":[""D:\\360Downloads\\123\\data\\Anti-UAV410\\annos\\test\\20190925_111757_1_3.txt"",""D:\\360Downloads\\123\\data\\Anti-UAV410\\annos\\test\\20190925_134301_1_5.txt"",""D:\\360Downloads\\123\\data\\Anti-UAV410\\annos\\test\\20190925_124000_1_6.txt"",""D:\\360Downloads\\123\\data\\Anti-UAV410\\annos\\test\\20190926_095902_1_1.txt""],""source_sha256"":[""d8876472c16dd856e86879b38909860b0691a575ecc63ce66941be4f0963750e"",""26e769707948dd3d63043a4b7eb75ce250c63623671e12d6f46252f139136ba2"",""52b150943ea6abcf8835abe6ef29a2267f2f20bb1f959b911f568ce082e1d2d9"",""d81153ed097958d087e6bf032d166aeedfd71bff12a1f21baa07742ff949b832""],""synthetic_dimensions"":[""spatial_level"",""risk"",""response_window"",""multi_sequence_concurrency"",""resources""],""time_basis"":""frames"",""track_count"":4,""track_windows"":[{""dynamic_background_clutter"":0,""event_center_frame"":196,""fast_motion"":0,""inactive_frames_in_window"":0,""medium_size"":1,""normal_size"":1,""occlusion"":0,""offset_steps"":0,""out_of_view"":0,""requested_window_mode"":""motion"",""scale_variation"":0,""selected_window_mode"":""motion"",""small_size"":0,""source_active_frames"":1000,""source_end_frame"":315,""source_frames"":1000,""source_inactive_frames"":0,""source_path"":""D:\\360Downloads\\123\\data\\Anti-UAV410\\annos\\test\\20190925_111757_1_3.txt"",""source_sha256"":""d8876472c16dd856e86879b38909860b0691a575ecc63ce66941be4f0963750e"",""source_start_frame"":76,""source_window_frames"":240,""task_id"":""AU-01"",""thermal_crossover"":1,""tiny_size"":0,""visibility_event_count"":0},{""dynamic_background_clutter"":0,""event_center_frame"":119,""fast_motion"":0,""inactive_frames_in_window"":0,""medium_size"":1,""normal_size"":0,""occlusion"":0,""offset_steps"":1,""out_of_view"":0,""requested_window_mode"":""scale"",""scale_variation"":1,""selected_window_mode"":""scale"",""small_size"":1,""source_active_frames"":1000,""source_end_frame"":239,""source_frames"":1000,""source_inactive_frames"":0,""source_path"":""D:\\360Downloads\\123\\data\\Anti-UAV410\\annos\\test\\20190925_134301_1_5.txt"",""source_sha256"":""26e769707948dd3d63043a4b7eb75ce250c63623671e12d6f46252f139136ba2"",""source_start_frame"":0,""source_window_frames"":240,""task_id"":""AU-02"",""thermal_crossover"":1,""tiny_size"":0,""visibility_event_count"":0},{""dynamic_background_clutter"":0,""event_center_frame"":684,""fast_motion"":1,""inactive_frames_in_window"":1,""medium_size"":1,""normal_size"":0,""occlusion"":0,""offset_steps"":2,""out_of_view"":0,""requested_window_mode"":""visibility"",""scale_variation"":0,""selected_window_mode"":""visibility"",""small_size"":1,""source_active_frames"":999,""source_end_frame"":803,""source_frames"":1000,""source_inactive_frames"":1,""source_path"":""D:\\360Downloads\\123\\data\\Anti-UAV410\\annos\\test\\20190925_124000_1_6.txt"",""source_sha256"":""52b150943ea6abcf8835abe6ef29a2267f2f20bb1f959b911f568ce082e1d2d9"",""source_start_frame"":564,""source_window_frames"":240,""task_id"":""AU-03"",""thermal_crossover"":1,""tiny_size"":0,""visibility_event_count"":1},{""dynamic_background_clutter"":0,""event_center_frame"":276,""fast_motion"":1,""inactive_frames_in_window"":5,""medium_size"":1,""normal_size"":1,""occlusion"":0,""offset_steps"":3,""out_of_view"":1,""requested_window_mode"":""visibility"",""scale_variation"":0,""selected_window_mode"":""visibility"",""small_size"":0,""source_active_frames"":995,""source_end_frame"":395,""source_frames"":1000,""source_inactive_frames"":5,""source_path"":""D:\\360Downloads\\123\\data\\Anti-UAV410\\annos\\test\\20190926_095902_1_1.txt"",""source_sha256"":""d81153ed097958d087e6bf032d166aeedfd71bff12a1f21baa07742ff949b832"",""source_start_frame"":156,""source_window_frames"":240,""task_id"":""AU-04"",""thermal_crossover"":0,""tiny_size"":0,""visibility_event_count"":1}]}",5,285.25,AU-04,1,1,1,3,{},0.8953894173256987,0.33068902200938893,0.5,0.004646541610648813,0.7350515071646092,0.2,0.8953894173256987,0.33068902200938893,0.5,0.004646541610648813,0.7350515071646092,0.2
anti_uav410,AU-L04-W03,public-trajectory-replay-v2,"{""event_window_version"":""anti-uav-event-window-v1"",""evidence_type"":""measured_image_plane_tracks_with_simulated_response_resources"",""fps"":null,""image_height"":512,""image_width"":640,""measured_dimensions"":[""apparent_size"",""image_plane_speed"",""visibility""],""motion_unit"":""normalized_image_diagonal_per_frame"",""protected_point"":[0.5,0.85],""source_files"":[""D:\\360Downloads\\123\\data\\Anti-UAV410\\annos\\test\\20190925_111757_1_3.txt"",""D:\\360Downloads\\123\\data\\Anti-UAV410\\annos\\test\\20190925_134301_1_5.txt"",""D:\\360Downloads\\123\\data\\Anti-UAV410\\annos\\test\\20190925_124000_1_6.txt"",""D:\\360Downloads\\123\\data\\Anti-UAV410\\annos\\test\\20190926_095902_1_1.txt""],""source_sha256"":[""d8876472c16dd856e86879b38909860b0691a575ecc63ce66941be4f0963750e"",""26e769707948dd3d63043a4b7eb75ce250c63623671e12d6f46252f139136ba2"",""52b150943ea6abcf8835abe6ef29a2267f2f20bb1f959b911f568ce082e1d2d9"",""d81153ed097958d087e6bf032d166aeedfd71bff12a1f21baa07742ff949b832""],""synthetic_dimensions"":[""spatial_level"",""risk"",""response_window"",""multi_sequence_concurrency"",""resources""],""time_basis"":""frames"",""track_count"":4,""track_windows"":[{""dynamic_background_clutter"":0,""event_center_frame"":196,""fast_motion"":0,""inactive_frames_in_window"":0,""medium_size"":1,""normal_size"":1,""occlusion"":0,""offset_steps"":0,""out_of_view"":0,""requested_window_mode"":""motion"",""scale_variation"":0,""selected_window_mode"":""motion"",""small_size"":0,""source_active_frames"":1000,""source_end_frame"":315,""source_frames"":1000,""source_inactive_frames"":0,""source_path"":""D:\\360Downloads\\123\\data\\Anti-UAV410\\annos\\test\\20190925_111757_1_3.txt"",""source_sha256"":""d8876472c16dd856e86879b38909860b0691a575ecc63ce66941be4f0963750e"",""source_start_frame"":76,""source_window_frames"":240,""task_id"":""AU-01"",""thermal_crossover"":1,""tiny_size"":0,""visibility_event_count"":0},{""dynamic_background_clutter"":0,""event_center_frame"":119,""fast_motion"":0,""inactive_frames_in_window"":0,""medium_size"":1,""normal_size"":0,""occlusion"":0,""offset_steps"":1,""out_of_view"":0,""requested_window_mode"":""scale"",""scale_variation"":1,""selected_window_mode"":""scale"",""small_size"":1,""source_active_frames"":1000,""source_end_frame"":239,""source_frames"":1000,""source_inactive_frames"":0,""source_path"":""D:\\360Downloads\\123\\data\\Anti-UAV410\\annos\\test\\20190925_134301_1_5.txt"",""source_sha256"":""26e769707948dd3d63043a4b7eb75ce250c63623671e12d6f46252f139136ba2"",""source_start_frame"":0,""source_window_frames"":240,""task_id"":""AU-02"",""thermal_crossover"":1,""tiny_size"":0,""visibility_event_count"":0},{""dynamic_background_clutter"":0,""event_center_frame"":684,""fast_motion"":1,""inactive_frames_in_window"":1,""medium_size"":1,""normal_size"":0,""occlusion"":0,""offset_steps"":2,""out_of_view"":0,""requested_window_mode"":""visibility"",""scale_variation"":0,""selected_window_mode"":""visibility"",""small_size"":1,""source_active_frames"":999,""source_end_frame"":803,""source_frames"":1000,""source_inactive_frames"":1,""source_path"":""D:\\360Downloads\\123\\data\\Anti-UAV410\\annos\\test\\20190925_124000_1_6.txt"",""source_sha256"":""52b150943ea6abcf8835abe6ef29a2267f2f20bb1f959b911f568ce082e1d2d9"",""source_start_frame"":564,""source_window_frames"":240,""task_id"":""AU-03"",""thermal_crossover"":1,""tiny_size"":0,""visibility_event_count"":1},{""dynamic_background_clutter"":0,""event_center_frame"":276,""fast_motion"":1,""inactive_frames_in_window"":5,""medium_size"":1,""normal_size"":1,""occlusion"":0,""offset_steps"":3,""out_of_view"":1,""requested_window_mode"":""visibility"",""scale_variation"":0,""selected_window_mode"":""visibility"",""small_size"":0,""source_active_frames"":995,""source_end_frame"":395,""source_frames"":1000,""source_inactive_frames"":5,""source_path"":""D:\\360Downloads\\123\\data\\Anti-UAV410\\annos\\test\\20190926_095902_1_1.txt"",""source_sha256"":""d81153ed097958d087e6bf032d166aeedfd71bff12a1f21baa07742ff949b832"",""source_start_frame"":156,""source_window_frames"":240,""task_id"":""AU-04"",""thermal_crossover"":0,""tiny_size"":0,""visibility_event_count"":1}]}",6,317.25,AU-01,1,1,1,3,{},0.6378879538497859,0.3921848871395428,0.5,0.2941624766758038,0.6100184116661626,1.0,0.6378879538497859,0.3921848871395428,0.5,0.2941624766758038,0.6100184116661626,1.0
anti_uav410,AU-L04-W03,public-trajectory-replay-v2,"{""event_window_version"":""anti-uav-event-window-v1"",""evidence_type"":""measured_image_plane_tracks_with_simulated_response_resources"",""fps"":null,""image_height"":512,""image_width"":640,""measured_dimensions"":[""apparent_size"",""image_plane_speed"",""visibility""],""motion_unit"":""normalized_image_diagonal_per_frame"",""protected_point"":[0.5,0.85],""source_files"":[""D:\\360Downloads\\123\\data\\Anti-UAV410\\annos\\test\\20190925_111757_1_3.txt"",""D:\\360Downloads\\123\\data\\Anti-UAV410\\annos\\test\\20190925_134301_1_5.txt"",""D:\\360Downloads\\123\\data\\Anti-UAV410\\annos\\test\\20190925_124000_1_6.txt"",""D:\\360Downloads\\123\\data\\Anti-UAV410\\annos\\test\\20190926_095902_1_1.txt""],""source_sha256"":[""d8876472c16dd856e86879b38909860b0691a575ecc63ce66941be4f0963750e"",""26e769707948dd3d63043a4b7eb75ce250c63623671e12d6f46252f139136ba2"",""52b150943ea6abcf8835abe6ef29a2267f2f20bb1f959b911f568ce082e1d2d9"",""d81153ed097958d087e6bf032d166aeedfd71bff12a1f21baa07742ff949b832""],""synthetic_dimensions"":[""spatial_level"",""risk"",""response_window"",""multi_sequence_concurrency"",""resources""],""time_basis"":""frames"",""track_count"":4,""track_windows"":[{""dynamic_background_clutter"":0,""event_center_frame"":196,""fast_motion"":0,""inactive_frames_in_window"":0,""medium_size"":1,""normal_size"":1,""occlusion"":0,""offset_steps"":0,""out_of_view"":0,""requested_window_mode"":""motion"",""scale_variation"":0,""selected_window_mode"":""motion"",""small_size"":0,""source_active_frames"":1000,""source_end_frame"":315,""source_frames"":1000,""source_inactive_frames"":0,""source_path"":""D:\\360Downloads\\123\\data\\Anti-UAV410\\annos\\test\\20190925_111757_1_3.txt"",""source_sha256"":""d8876472c16dd856e86879b38909860b0691a575ecc63ce66941be4f0963750e"",""source_start_frame"":76,""source_window_frames"":240,""task_id"":""AU-01"",""thermal_crossover"":1,""tiny_size"":0,""visibility_event_count"":0},{""dynamic_background_clutter"":0,""event_center_frame"":119,""fast_motion"":0,""inactive_frames_in_window"":0,""medium_size"":1,""normal_size"":0,""occlusion"":0,""offset_steps"":1,""out_of_view"":0,""requested_window_mode"":""scale"",""scale_variation"":1,""selected_window_mode"":""scale"",""small_size"":1,""source_active_frames"":1000,""source_end_frame"":239,""source_frames"":1000,""source_inactive_frames"":0,""source_path"":""D:\\360Downloads\\123\\data\\Anti-UAV410\\annos\\test\\20190925_134301_1_5.txt"",""source_sha256"":""26e769707948dd3d63043a4b7eb75ce250c63623671e12d6f46252f139136ba2"",""source_start_frame"":0,""source_window_frames"":240,""task_id"":""AU-02"",""thermal_crossover"":1,""tiny_size"":0,""visibility_event_count"":0},{""dynamic_background_clutter"":0,""event_center_frame"":684,""fast_motion"":1,""inactive_frames_in_window"":1,""medium_size"":1,""normal_size"":0,""occlusion"":0,""offset_steps"":2,""out_of_view"":0,""requested_window_mode"":""visibility"",""scale_variation"":0,""selected_window_mode"":""visibility"",""small_size"":1,""source_active_frames"":999,""source_end_frame"":803,""source_frames"":1000,""source_inactive_frames"":1,""source_path"":""D:\\360Downloads\\123\\data\\Anti-UAV410\\annos\\test\\20190925_124000_1_6.txt"",""source_sha256"":""52b150943ea6abcf8835abe6ef29a2267f2f20bb1f959b911f568ce082e1d2d9"",""source_start_frame"":564,""source_window_frames"":240,""task_id"":""AU-03"",""thermal_crossover"":1,""tiny_size"":0,""visibility_event_count"":1},{""dynamic_background_clutter"":0,""event_center_frame"":276,""fast_motion"":1,""inactive_frames_in_window"":5,""medium_size"":1,""normal_size"":1,""occlusion"":0,""offset_steps"":3,""out_of_view"":1,""requested_window_mode"":""visibility"",""scale_variation"":0,""selected_window_mode"":""visibility"",""small_size"":0,""source_active_frames"":995,""source_end_frame"":395,""source_frames"":1000,""source_inactive_frames"":5,""source_path"":""D:\\360Downloads\\123\\data\\Anti-UAV410\\annos\\test\\20190926_095902_1_1.txt"",""source_sha256"":""d81153ed097958d087e6bf032d166aeedfd71bff12a1f21baa07742ff949b832"",""source_start_frame"":156,""source_window_frames"":240,""task_id"":""AU-04"",""thermal_crossover"":0,""tiny_size"":0,""visibility_event_count"":1}]}",6,317.25,AU-02,1,1,1,3,{},0.34388314182927754,0.23739438266780918,0.5,0.0,0.5348043382678591,1.0,0.34388314182927754,0.23739438266780918,0.5,0.0,0.5348043382678591,1.0
anti_uav410,AU-L04-W03,public-trajectory-replay-v2,"{""event_window_version"":""anti-uav-event-window-v1"",""evidence_type"":""measured_image_plane_tracks_with_simulated_response_resources"",""fps"":null,""image_height"":512,""image_width"":640,""measured_dimensions"":[""apparent_size"",""image_plane_speed"",""visibility""],""motion_unit"":""normalized_image_diagonal_per_frame"",""protected_point"":[0.5,0.85],""source_files"":[""D:\\360Downloads\\123\\data\\Anti-UAV410\\annos\\test\\20190925_111757_1_3.txt"",""D:\\360Downloads\\123\\data\\Anti-UAV410\\annos\\test\\20190925_134301_1_5.txt"",""D:\\360Downloads\\123\\data\\Anti-UAV410\\annos\\test\\20190925_124000_1_6.txt"",""D:\\360Downloads\\123\\data\\Anti-UAV410\\annos\\test\\20190926_095902_1_1.txt""],""source_sha256"":[""d8876472c16dd856e86879b38909860b0691a575ecc63ce66941be4f0963750e"",""26e769707948dd3d63043a4b7eb75ce250c63623671e12d6f46252f139136ba2"",""52b150943ea6abcf8835abe6ef29a2267f2f20bb1f959b911f568ce082e1d2d9"",""d81153ed097958d087e6bf032d166aeedfd71bff12a1f21baa07742ff949b832""],""synthetic_dimensions"":[""spatial_level"",""risk"",""response_window"",""multi_sequence_concurrency"",""resources""],""time_basis"":""frames"",""track_count"":4,""track_windows"":[{""dynamic_background_clutter"":0,""event_center_frame"":196,""fast_motion"":0,""inactive_frames_in_window"":0,""medium_size"":1,""normal_size"":1,""occlusion"":0,""offset_steps"":0,""out_of_view"":0,""requested_window_mode"":""motion"",""scale_variation"":0,""selected_window_mode"":""motion"",""small_size"":0,""source_active_frames"":1000,""source_end_frame"":315,""source_frames"":1000,""source_inactive_frames"":0,""source_path"":""D:\\360Downloads\\123\\data\\Anti-UAV410\\annos\\test\\20190925_111757_1_3.txt"",""source_sha256"":""d8876472c16dd856e86879b38909860b0691a575ecc63ce66941be4f0963750e"",""source_start_frame"":76,""source_window_frames"":240,""task_id"":""AU-01"",""thermal_crossover"":1,""tiny_size"":0,""visibility_event_count"":0},{""dynamic_background_clutter"":0,""event_center_frame"":119,""fast_motion"":0,""inactive_frames_in_window"":0,""medium_size"":1,""normal_size"":0,""occlusion"":0,""offset_steps"":1,""out_of_view"":0,""requested_window_mode"":""scale"",""scale_variation"":1,""selected_window_mode"":""scale"",""small_size"":1,""source_active_frames"":1000,""source_end_frame"":239,""source_frames"":1000,""source_inactive_frames"":0,""source_path"":""D:\\360Downloads\\123\\data\\Anti-UAV410\\annos\\test\\20190925_134301_1_5.txt"",""source_sha256"":""26e769707948dd3d63043a4b7eb75ce250c63623671e12d6f46252f139136ba2"",""source_start_frame"":0,""source_window_frames"":240,""task_id"":""AU-02"",""thermal_crossover"":1,""tiny_size"":0,""visibility_event_count"":0},{""dynamic_background_clutter"":0,""event_center_frame"":684,""fast_motion"":1,""inactive_frames_in_window"":1,""medium_size"":1,""normal_size"":0,""occlusion"":0,""offset_steps"":2,""out_of_view"":0,""requested_window_mode"":""visibility"",""scale_variation"":0,""selected_window_mode"":""visibility"",""small_size"":1,""source_active_frames"":999,""source_end_frame"":803,""source_frames"":1000,""source_inactive_frames"":1,""source_path"":""D:\\360Downloads\\123\\data\\Anti-UAV410\\annos\\test\\20190925_124000_1_6.txt"",""source_sha256"":""52b150943ea6abcf8835abe6ef29a2267f2f20bb1f959b911f568ce082e1d2d9"",""source_start_frame"":564,""source_window_frames"":240,""task_id"":""AU-03"",""thermal_crossover"":1,""tiny_size"":0,""visibility_event_count"":1},{""dynamic_background_clutter"":0,""event_center_frame"":276,""fast_motion"":1,""inactive_frames_in_window"":5,""medium_size"":1,""normal_size"":1,""occlusion"":0,""offset_steps"":3,""out_of_view"":1,""requested_window_mode"":""visibility"",""scale_variation"":0,""selected_window_mode"":""visibility"",""small_size"":0,""source_active_frames"":995,""source_end_frame"":395,""source_frames"":1000,""source_inactive_frames"":5,""source_path"":""D:\\360Downloads\\123\\data\\Anti-UAV410\\annos\\test\\20190926_095902_1_1.txt"",""source_sha256"":""d81153ed097958d087e6bf032d166aeedfd71bff12a1f21baa07742ff949b832"",""source_start_frame"":156,""source_window_frames"":240,""task_id"":""AU-04"",""thermal_crossover"":0,""tiny_size"":0,""visibility_event_count"":1}]}",6,317.25,AU-03,1,1,1,3,{},0.4503495730604496,0.04030955254762524,0.5,0.2941624766758038,0.6073612481010884,1.0,0.4503495730604496,0.04030955254762524,0.5,0.2941624766758038,0.6073612481010884,1.0
anti_uav410,AU-L04-W03,public-trajectory-replay-v2,"{""event_window_version"":""anti-uav-event-window-v1"",""evidence_type"":""measured_image_plane_tracks_with_simulated_response_resources"",""fps"":null,""image_height"":512,""image_width"":640,""measured_dimensions"":[""apparent_size"",""image_plane_speed"",""visibility""],""motion_unit"":""normalized_image_diagonal_per_frame"",""protected_point"":[0.5,0.85],""source_files"":[""D:\\360Downloads\\123\\data\\Anti-UAV410\\annos\\test\\20190925_111757_1_3.txt"",""D:\\360Downloads\\123\\data\\Anti-UAV410\\annos\\test\\20190925_134301_1_5.txt"",""D:\\360Downloads\\123\\data\\Anti-UAV410\\annos\\test\\20190925_124000_1_6.txt"",""D:\\360Downloads\\123\\data\\Anti-UAV410\\annos\\test\\20190926_095902_1_1.txt""],""source_sha256"":[""d8876472c16dd856e86879b38909860b0691a575ecc63ce66941be4f0963750e"",""26e769707948dd3d63043a4b7eb75ce250c63623671e12d6f46252f139136ba2"",""52b150943ea6abcf8835abe6ef29a2267f2f20bb1f959b911f568ce082e1d2d9"",""d81153ed097958d087e6bf032d166aeedfd71bff12a1f21baa07742ff949b832""],""synthetic_dimensions"":[""spatial_level"",""risk"",""response_window"",""multi_sequence_concurrency"",""resources""],""time_basis"":""frames"",""track_count"":4,""track_windows"":[{""dynamic_background_clutter"":0,""event_center_frame"":196,""fast_motion"":0,""inactive_frames_in_window"":0,""medium_size"":1,""normal_size"":1,""occlusion"":0,""offset_steps"":0,""out_of_view"":0,""requested_window_mode"":""motion"",""scale_variation"":0,""selected_window_mode"":""motion"",""small_size"":0,""source_active_frames"":1000,""source_end_frame"":315,""source_frames"":1000,""source_inactive_frames"":0,""source_path"":""D:\\360Downloads\\123\\data\\Anti-UAV410\\annos\\test\\20190925_111757_1_3.txt"",""source_sha256"":""d8876472c16dd856e86879b38909860b0691a575ecc63ce66941be4f0963750e"",""source_start_frame"":76,""source_window_frames"":240,""task_id"":""AU-01"",""thermal_crossover"":1,""tiny_size"":0,""visibility_event_count"":0},{""dynamic_background_clutter"":0,""event_center_frame"":119,""fast_motion"":0,""inactive_frames_in_window"":0,""medium_size"":1,""normal_size"":0,""occlusion"":0,""offset_steps"":1,""out_of_view"":0,""requested_window_mode"":""scale"",""scale_variation"":1,""selected_window_mode"":""scale"",""small_size"":1,""source_active_frames"":1000,""source_end_frame"":239,""source_frames"":1000,""source_inactive_frames"":0,""source_path"":""D:\\360Downloads\\123\\data\\Anti-UAV410\\annos\\test\\20190925_134301_1_5.txt"",""source_sha256"":""26e769707948dd3d63043a4b7eb75ce250c63623671e12d6f46252f139136ba2"",""source_start_frame"":0,""source_window_frames"":240,""task_id"":""AU-02"",""thermal_crossover"":1,""tiny_size"":0,""visibility_event_count"":0},{""dynamic_background_clutter"":0,""event_center_frame"":684,""fast_motion"":1,""inactive_frames_in_window"":1,""medium_size"":1,""normal_size"":0,""occlusion"":0,""offset_steps"":2,""out_of_view"":0,""requested_window_mode"":""visibility"",""scale_variation"":0,""selected_window_mode"":""visibility"",""small_size"":1,""source_active_frames"":999,""source_end_frame"":803,""source_frames"":1000,""source_inactive_frames"":1,""source_path"":""D:\\360Downloads\\123\\data\\Anti-UAV410\\annos\\test\\20190925_124000_1_6.txt"",""source_sha256"":""52b150943ea6abcf8835abe6ef29a2267f2f20bb1f959b911f568ce082e1d2d9"",""source_start_frame"":564,""source_window_frames"":240,""task_id"":""AU-03"",""thermal_crossover"":1,""tiny_size"":0,""visibility_event_count"":1},{""dynamic_background_clutter"":0,""event_center_frame"":276,""fast_motion"":1,""inactive_frames_in_window"":5,""medium_size"":1,""normal_size"":1,""occlusion"":0,""offset_steps"":3,""out_of_view"":1,""requested_window_mode"":""visibility"",""scale_variation"":0,""selected_window_mode"":""visibility"",""small_size"":0,""source_active_frames"":995,""source_end_frame"":395,""source_frames"":1000,""source_inactive_frames"":5,""source_path"":""D:\\360Downloads\\123\\data\\Anti-UAV410\\annos\\test\\20190926_095902_1_1.txt"",""source_sha256"":""d81153ed097958d087e6bf032d166aeedfd71bff12a1f21baa07742ff949b832"",""source_start_frame"":156,""source_window_frames"":240,""task_id"":""AU-04"",""thermal_crossover"":0,""tiny_size"":0,""visibility_event_count"":1}]}",6,317.25,AU-04,1,1,1,3,{},0.49709919710471545,0.2406140669758107,0.5,0.0,0.6768486921314498,0.9071881474222881,0.49709919710471545,0.2406140669758107,0.5,0.0,0.6768486921314498,0.9071881474222881
anti_uav410,AU-L04-W03,public-trajectory-replay-v2,"{""event_window_version"":""anti-uav-event-window-v1"",""evidence_type"":""measured_image_plane_tracks_with_simulated_response_resources"",""fps"":null,""image_height"":512,""image_width"":640,""measured_dimensions"":[""apparent_size"",""image_plane_speed"",""visibility""],""motion_unit"":""normalized_image_diagonal_per_frame"",""protected_point"":[0.5,0.85],""source_files"":[""D:\\360Downloads\\123\\data\\Anti-UAV410\\annos\\test\\20190925_111757_1_3.txt"",""D:\\360Downloads\\123\\data\\Anti-UAV410\\annos\\test\\20190925_134301_1_5.txt"",""D:\\360Downloads\\123\\data\\Anti-UAV410\\annos\\test\\20190925_124000_1_6.txt"",""D:\\360Downloads\\123\\data\\Anti-UAV410\\annos\\test\\20190926_095902_1_1.txt""],""source_sha256"":[""d8876472c16dd856e86879b38909860b0691a575ecc63ce66941be4f0963750e"",""26e769707948dd3d63043a4b7eb75ce250c63623671e12d6f46252f139136ba2"",""52b150943ea6abcf8835abe6ef29a2267f2f20bb1f959b911f568ce082e1d2d9"",""d81153ed097958d087e6bf032d166aeedfd71bff12a1f21baa07742ff949b832""],""synthetic_dimensions"":[""spatial_level"",""risk"",""response_window"",""multi_sequence_concurrency"",""resources""],""time_basis"":""frames"",""track_count"":4,""track_windows"":[{""dynamic_background_clutter"":0,""event_center_frame"":196,""fast_motion"":0,""inactive_frames_in_window"":0,""medium_size"":1,""normal_size"":1,""occlusion"":0,""offset_steps"":0,""out_of_view"":0,""requested_window_mode"":""motion"",""scale_variation"":0,""selected_window_mode"":""motion"",""small_size"":0,""source_active_frames"":1000,""source_end_frame"":315,""source_frames"":1000,""source_inactive_frames"":0,""source_path"":""D:\\360Downloads\\123\\data\\Anti-UAV410\\annos\\test\\20190925_111757_1_3.txt"",""source_sha256"":""d8876472c16dd856e86879b38909860b0691a575ecc63ce66941be4f0963750e"",""source_start_frame"":76,""source_window_frames"":240,""task_id"":""AU-01"",""thermal_crossover"":1,""tiny_size"":0,""visibility_event_count"":0},{""dynamic_background_clutter"":0,""event_center_frame"":119,""fast_motion"":0,""inactive_frames_in_window"":0,""medium_size"":1,""normal_size"":0,""occlusion"":0,""offset_steps"":1,""out_of_view"":0,""requested_window_mode"":""scale"",""scale_variation"":1,""selected_window_mode"":""scale"",""small_size"":1,""source_active_frames"":1000,""source_end_frame"":239,""source_frames"":1000,""source_inactive_frames"":0,""source_path"":""D:\\360Downloads\\123\\data\\Anti-UAV410\\annos\\test\\20190925_134301_1_5.txt"",""source_sha256"":""26e769707948dd3d63043a4b7eb75ce250c63623671e12d6f46252f139136ba2"",""source_start_frame"":0,""source_window_frames"":240,""task_id"":""AU-02"",""thermal_crossover"":1,""tiny_size"":0,""visibility_event_count"":0},{""dynamic_background_clutter"":0,""event_center_frame"":684,""fast_motion"":1,""inactive_frames_in_window"":1,""medium_size"":1,""normal_size"":0,""occlusion"":0,""offset_steps"":2,""out_of_view"":0,""requested_window_mode"":""visibility"",""scale_variation"":0,""selected_window_mode"":""visibility"",""small_size"":1,""source_active_frames"":999,""source_end_frame"":803,""source_frames"":1000,""source_inactive_frames"":1,""source_path"":""D:\\360Downloads\\123\\data\\Anti-UAV410\\annos\\test\\20190925_124000_1_6.txt"",""source_sha256"":""52b150943ea6abcf8835abe6ef29a2267f2f20bb1f959b911f568ce082e1d2d9"",""source_start_frame"":564,""source_window_frames"":240,""task_id"":""AU-03"",""thermal_crossover"":1,""tiny_size"":0,""visibility_event_count"":1},{""dynamic_background_clutter"":0,""event_center_frame"":276,""fast_motion"":1,""inactive_frames_in_window"":5,""medium_size"":1,""normal_size"":1,""occlusion"":0,""offset_steps"":3,""out_of_view"":1,""requested_window_mode"":""visibility"",""scale_variation"":0,""selected_window_mode"":""visibility"",""small_size"":0,""source_active_frames"":995,""source_end_frame"":395,""source_frames"":1000,""source_inactive_frames"":5,""source_path"":""D:\\360Downloads\\123\\data\\Anti-UAV410\\annos\\test\\20190926_095902_1_1.txt"",""source_sha256"":""d81153ed097958d087e6bf032d166aeedfd71bff12a1f21baa07742ff949b832"",""source_start_frame"":156,""source_window_frames"":240,""task_id"":""AU-04"",""thermal_crossover"":0,""tiny_size"":0,""visibility_event_count"":1}]}",7,351.3333333333333,AU-01,1,1,1,3,{},0.6232682714659442,0.007307421850212949,0.5,0.4687041645460954,0.6186881112463423,1.0,0.6232682714659442,0.007307421850212949,0.5,0.4687041645460954,0.6186881112463423,1.0
anti_uav410,AU-L04-W03,public-trajectory-replay-v2,"{""event_window_version"":""anti-uav-event-window-v1"",""evidence_type"":""measured_image_plane_tracks_with_simulated_response_resources"",""fps"":null,""image_height"":512,""image_width"":640,""measured_dimensions"":[""apparent_size"",""image_plane_speed"",""visibility""],""motion_unit"":""normalized_image_diagonal_per_frame"",""protected_point"":[0.5,0.85],""source_files"":[""D:\\360Downloads\\123\\data\\Anti-UAV410\\annos\\test\\20190925_111757_1_3.txt"",""D:\\360Downloads\\123\\data\\Anti-UAV410\\annos\\test\\20190925_134301_1_5.txt"",""D:\\360Downloads\\123\\data\\Anti-UAV410\\annos\\test\\20190925_124000_1_6.txt"",""D:\\360Downloads\\123\\data\\Anti-UAV410\\annos\\test\\20190926_095902_1_1.txt""],""source_sha256"":[""d8876472c16dd856e86879b38909860b0691a575ecc63ce66941be4f0963750e"",""26e769707948dd3d63043a4b7eb75ce250c63623671e12d6f46252f139136ba2"",""52b150943ea6abcf8835abe6ef29a2267f2f20bb1f959b911f568ce082e1d2d9"",""d81153ed097958d087e6bf032d166aeedfd71bff12a1f21baa07742ff949b832""],""synthetic_dimensions"":[""spatial_level"",""risk"",""response_window"",""multi_sequence_concurrency"",""resources""],""time_basis"":""frames"",""track_count"":4,""track_windows"":[{""dynamic_background_clutter"":0,""event_center_frame"":196,""fast_motion"":0,""inactive_frames_in_window"":0,""medium_size"":1,""normal_size"":1,""occlusion"":0,""offset_steps"":0,""out_of_view"":0,""requested_window_mode"":""motion"",""scale_variation"":0,""selected_window_mode"":""motion"",""small_size"":0,""source_active_frames"":1000,""source_end_frame"":315,""source_frames"":1000,""source_inactive_frames"":0,""source_path"":""D:\\360Downloads\\123\\data\\Anti-UAV410\\annos\\test\\20190925_111757_1_3.txt"",""source_sha256"":""d8876472c16dd856e86879b38909860b0691a575ecc63ce66941be4f0963750e"",""source_start_frame"":76,""source_window_frames"":240,""task_id"":""AU-01"",""thermal_crossover"":1,""tiny_size"":0,""visibility_event_count"":0},{""dynamic_background_clutter"":0,""event_center_frame"":119,""fast_motion"":0,""inactive_frames_in_window"":0,""medium_size"":1,""normal_size"":0,""occlusion"":0,""offset_steps"":1,""out_of_view"":0,""requested_window_mode"":""scale"",""scale_variation"":1,""selected_window_mode"":""scale"",""small_size"":1,""source_active_frames"":1000,""source_end_frame"":239,""source_frames"":1000,""source_inactive_frames"":0,""source_path"":""D:\\360Downloads\\123\\data\\Anti-UAV410\\annos\\test\\20190925_134301_1_5.txt"",""source_sha256"":""26e769707948dd3d63043a4b7eb75ce250c63623671e12d6f46252f139136ba2"",""source_start_frame"":0,""source_window_frames"":240,""task_id"":""AU-02"",""thermal_crossover"":1,""tiny_size"":0,""visibility_event_count"":0},{""dynamic_background_clutter"":0,""event_center_frame"":684,""fast_motion"":1,""inactive_frames_in_window"":1,""medium_size"":1,""normal_size"":0,""occlusion"":0,""offset_steps"":2,""out_of_view"":0,""requested_window_mode"":""visibility"",""scale_variation"":0,""selected_window_mode"":""visibility"",""small_size"":1,""source_active_frames"":999,""source_end_frame"":803,""source_frames"":1000,""source_inactive_frames"":1,""source_path"":""D:\\360Downloads\\123\\data\\Anti-UAV410\\annos\\test\\20190925_124000_1_6.txt"",""source_sha256"":""52b150943ea6abcf8835abe6ef29a2267f2f20bb1f959b911f568ce082e1d2d9"",""source_start_frame"":564,""source_window_frames"":240,""task_id"":""AU-03"",""thermal_crossover"":1,""tiny_size"":0,""visibility_event_count"":1},{""dynamic_background_clutter"":0,""event_center_frame"":276,""fast_motion"":1,""inactive_frames_in_window"":5,""medium_size"":1,""normal_size"":1,""occlusion"":0,""offset_steps"":3,""out_of_view"":1,""requested_window_mode"":""visibility"",""scale_variation"":0,""selected_window_mode"":""visibility"",""small_size"":0,""source_active_frames"":995,""source_end_frame"":395,""source_frames"":1000,""source_inactive_frames"":5,""source_path"":""D:\\360Downloads\\123\\data\\Anti-UAV410\\annos\\test\\20190926_095902_1_1.txt"",""source_sha256"":""d81153ed097958d087e6bf032d166aeedfd71bff12a1f21baa07742ff949b832"",""source_start_frame"":156,""source_window_frames"":240,""task_id"":""AU-04"",""thermal_crossover"":0,""tiny_size"":0,""visibility_event_count"":1}]}",7,351.3333333333333,AU-02,1,1,1,3,{},0.4768630228445309,0.36692304789597824,0.5,0.38810040835243864,0.6573936904778043,0.4638627957516431,0.4768630228445309,0.36692304789597824,0.5,0.38810040835243864,0.6573936904778043,0.4638627957516431
anti_uav410,AU-L04-W03,public-trajectory-replay-v2,"{""event_window_version"":""anti-uav-event-window-v1"",""evidence_type"":""measured_image_plane_tracks_with_simulated_response_resources"",""fps"":null,""image_height"":512,""image_width"":640,""measured_dimensions"":[""apparent_size"",""image_plane_speed"",""visibility""],""motion_unit"":""normalized_image_diagonal_per_frame"",""protected_point"":[0.5,0.85],""source_files"":[""D:\\360Downloads\\123\\data\\Anti-UAV410\\annos\\test\\20190925_111757_1_3.txt"",""D:\\360Downloads\\123\\data\\Anti-UAV410\\annos\\test\\20190925_134301_1_5.txt"",""D:\\360Downloads\\123\\data\\Anti-UAV410\\annos\\test\\20190925_124000_1_6.txt"",""D:\\360Downloads\\123\\data\\Anti-UAV410\\annos\\test\\20190926_095902_1_1.txt""],""source_sha256"":[""d8876472c16dd856e86879b38909860b0691a575ecc63ce66941be4f0963750e"",""26e769707948dd3d63043a4b7eb75ce250c63623671e12d6f46252f139136ba2"",""52b150943ea6abcf8835abe6ef29a2267f2f20bb1f959b911f568ce082e1d2d9"",""d81153ed097958d087e6bf032d166aeedfd71bff12a1f21baa07742ff949b832""],""synthetic_dimensions"":[""spatial_level"",""risk"",""response_window"",""multi_sequence_concurrency"",""resources""],""time_basis"":""frames"",""track_count"":4,""track_windows"":[{""dynamic_background_clutter"":0,""event_center_frame"":196,""fast_motion"":0,""inactive_frames_in_window"":0,""medium_size"":1,""normal_size"":1,""occlusion"":0,""offset_steps"":0,""out_of_view"":0,""requested_window_mode"":""motion"",""scale_variation"":0,""selected_window_mode"":""motion"",""small_size"":0,""source_active_frames"":1000,""source_end_frame"":315,""source_frames"":1000,""source_inactive_frames"":0,""source_path"":""D:\\360Downloads\\123\\data\\Anti-UAV410\\annos\\test\\20190925_111757_1_3.txt"",""source_sha256"":""d8876472c16dd856e86879b38909860b0691a575ecc63ce66941be4f0963750e"",""source_start_frame"":76,""source_window_frames"":240,""task_id"":""AU-01"",""thermal_crossover"":1,""tiny_size"":0,""visibility_event_count"":0},{""dynamic_background_clutter"":0,""event_center_frame"":119,""fast_motion"":0,""inactive_frames_in_window"":0,""medium_size"":1,""normal_size"":0,""occlusion"":0,""offset_steps"":1,""out_of_view"":0,""requested_window_mode"":""scale"",""scale_variation"":1,""selected_window_mode"":""scale"",""small_size"":1,""source_active_frames"":1000,""source_end_frame"":239,""source_frames"":1000,""source_inactive_frames"":0,""source_path"":""D:\\360Downloads\\123\\data\\Anti-UAV410\\annos\\test\\20190925_134301_1_5.txt"",""source_sha256"":""26e769707948dd3d63043a4b7eb75ce250c63623671e12d6f46252f139136ba2"",""source_start_frame"":0,""source_window_frames"":240,""task_id"":""AU-02"",""thermal_crossover"":1,""tiny_size"":0,""visibility_event_count"":0},{""dynamic_background_clutter"":0,""event_center_frame"":684,""fast_motion"":1,""inactive_frames_in_window"":1,""medium_size"":1,""normal_size"":0,""occlusion"":0,""offset_steps"":2,""out_of_view"":0,""requested_window_mode"":""visibility"",""scale_variation"":0,""selected_window_mode"":""visibility"",""small_size"":1,""source_active_frames"":999,""source_end_frame"":803,""source_frames"":1000,""source_inactive_frames"":1,""source_path"":""D:\\360Downloads\\123\\data\\Anti-UAV410\\annos\\test\\20190925_124000_1_6.txt"",""source_sha256"":""52b150943ea6abcf8835abe6ef29a2267f2f20bb1f959b911f568ce082e1d2d9"",""source_start_frame"":564,""source_window_frames"":240,""task_id"":""AU-03"",""thermal_crossover"":1,""tiny_size"":0,""visibility_event_count"":1},{""dynamic_background_clutter"":0,""event_center_frame"":276,""fast_motion"":1,""inactive_frames_in_window"":5,""medium_size"":1,""normal_size"":1,""occlusion"":0,""offset_steps"":3,""out_of_view"":1,""requested_window_mode"":""visibility"",""scale_variation"":0,""selected_window_mode"":""visibility"",""small_size"":0,""source_active_frames"":995,""source_end_frame"":395,""source_frames"":1000,""source_inactive_frames"":5,""source_path"":""D:\\360Downloads\\123\\data\\Anti-UAV410\\annos\\test\\20190926_095902_1_1.txt"",""source_sha256"":""d81153ed097958d087e6bf032d166aeedfd71bff12a1f21baa07742ff949b832"",""source_start_frame"":156,""source_window_frames"":240,""task_id"":""AU-04"",""thermal_crossover"":0,""tiny_size"":0,""visibility_event_count"":1}]}",7,351.3333333333333,AU-03,1,1,1,3,{},0.4244272399220475,0.5045281559690408,0.5,0.6188433678427285,0.6407234123977356,1.0,0.4244272399220475,0.5045281559690408,0.5,0.6188433678427285,0.6407234123977356,1.0
anti_uav410,AU-L04-W03,public-trajectory-replay-v2,"{""event_window_version"":""anti-uav-event-window-v1"",""evidence_type"":""measured_image_plane_tracks_with_simulated_response_resources"",""fps"":null,""image_height"":512,""image_width"":640,""measured_dimensions"":[""apparent_size"",""image_plane_speed"",""visibility""],""motion_unit"":""normalized_image_diagonal_per_frame"",""protected_point"":[0.5,0.85],""source_files"":[""D:\\360Downloads\\123\\data\\Anti-UAV410\\annos\\test\\20190925_111757_1_3.txt"",""D:\\360Downloads\\123\\data\\Anti-UAV410\\annos\\test\\20190925_134301_1_5.txt"",""D:\\360Downloads\\123\\data\\Anti-UAV410\\annos\\test\\20190925_124000_1_6.txt"",""D:\\360Downloads\\123\\data\\Anti-UAV410\\annos\\test\\20190926_095902_1_1.txt""],""source_sha256"":[""d8876472c16dd856e86879b38909860b0691a575ecc63ce66941be4f0963750e"",""26e769707948dd3d63043a4b7eb75ce250c63623671e12d6f46252f139136ba2"",""52b150943ea6abcf8835abe6ef29a2267f2f20bb1f959b911f568ce082e1d2d9"",""d81153ed097958d087e6bf032d166aeedfd71bff12a1f21baa07742ff949b832""],""synthetic_dimensions"":[""spatial_level"",""risk"",""response_window"",""multi_sequence_concurrency"",""resources""],""time_basis"":""frames"",""track_count"":4,""track_windows"":[{""dynamic_background_clutter"":0,""event_center_frame"":196,""fast_motion"":0,""inactive_frames_in_window"":0,""medium_size"":1,""normal_size"":1,""occlusion"":0,""offset_steps"":0,""out_of_view"":0,""requested_window_mode"":""motion"",""scale_variation"":0,""selected_window_mode"":""motion"",""small_size"":0,""source_active_frames"":1000,""source_end_frame"":315,""source_frames"":1000,""source_inactive_frames"":0,""source_path"":""D:\\360Downloads\\123\\data\\Anti-UAV410\\annos\\test\\20190925_111757_1_3.txt"",""source_sha256"":""d8876472c16dd856e86879b38909860b0691a575ecc63ce66941be4f0963750e"",""source_start_frame"":76,""source_window_frames"":240,""task_id"":""AU-01"",""thermal_crossover"":1,""tiny_size"":0,""visibility_event_count"":0},{""dynamic_background_clutter"":0,""event_center_frame"":119,""fast_motion"":0,""inactive_frames_in_window"":0,""medium_size"":1,""normal_size"":0,""occlusion"":0,""offset_steps"":1,""out_of_view"":0,""requested_window_mode"":""scale"",""scale_variation"":1,""selected_window_mode"":""scale"",""small_size"":1,""source_active_frames"":1000,""source_end_frame"":239,""source_frames"":1000,""source_inactive_frames"":0,""source_path"":""D:\\360Downloads\\123\\data\\Anti-UAV410\\annos\\test\\20190925_134301_1_5.txt"",""source_sha256"":""26e769707948dd3d63043a4b7eb75ce250c63623671e12d6f46252f139136ba2"",""source_start_frame"":0,""source_window_frames"":240,""task_id"":""AU-02"",""thermal_crossover"":1,""tiny_size"":0,""visibility_event_count"":0},{""dynamic_background_clutter"":0,""event_center_frame"":684,""fast_motion"":1,""inactive_frames_in_window"":1,""medium_size"":1,""normal_size"":0,""occlusion"":0,""offset_steps"":2,""out_of_view"":0,""requested_window_mode"":""visibility"",""scale_variation"":0,""selected_window_mode"":""visibility"",""small_size"":1,""source_active_frames"":999,""source_end_frame"":803,""source_frames"":1000,""source_inactive_frames"":1,""source_path"":""D:\\360Downloads\\123\\data\\Anti-UAV410\\annos\\test\\20190925_124000_1_6.txt"",""source_sha256"":""52b150943ea6abcf8835abe6ef29a2267f2f20bb1f959b911f568ce082e1d2d9"",""source_start_frame"":564,""source_window_frames"":240,""task_id"":""AU-03"",""thermal_crossover"":1,""tiny_size"":0,""visibility_event_count"":1},{""dynamic_background_clutter"":0,""event_center_frame"":276,""fast_motion"":1,""inactive_frames_in_window"":5,""medium_size"":1,""normal_size"":1,""occlusion"":0,""offset_steps"":3,""out_of_view"":1,""requested_window_mode"":""visibility"",""scale_variation"":0,""selected_window_mode"":""visibility"",""small_size"":0,""source_active_frames"":995,""source_end_frame"":395,""source_frames"":1000,""source_inactive_frames"":5,""source_path"":""D:\\360Downloads\\123\\data\\Anti-UAV410\\annos\\test\\20190926_095902_1_1.txt"",""source_sha256"":""d81153ed097958d087e6bf032d166aeedfd71bff12a1f21baa07742ff949b832"",""source_start_frame"":156,""source_window_frames"":240,""task_id"":""AU-04"",""thermal_crossover"":0,""tiny_size"":0,""visibility_event_count"":1}]}",7,351.3333333333333,AU-04,0,0,1,3,{},0.0,0.0,0.5,0.0,0.35,1.0,0.0,0.0,0.5,0.0,0.35,1.0
anti_uav410,AU-L04-W03,public-trajectory-replay-v2,"{""event_window_version"":""anti-uav-event-window-v1"",""evidence_type"":""measured_image_plane_tracks_with_simulated_response_resources"",""fps"":null,""image_height"":512,""image_width"":640,""measured_dimensions"":[""apparent_size"",""image_plane_speed"",""visibility""],""motion_unit"":""normalized_image_diagonal_per_frame"",""protected_point"":[0.5,0.85],""source_files"":[""D:\\360Downloads\\123\\data\\Anti-UAV410\\annos\\test\\20190925_111757_1_3.txt"",""D:\\360Downloads\\123\\data\\Anti-UAV410\\annos\\test\\20190925_134301_1_5.txt"",""D:\\360Downloads\\123\\data\\Anti-UAV410\\annos\\test\\20190925_124000_1_6.txt"",""D:\\360Downloads\\123\\data\\Anti-UAV410\\annos\\test\\20190926_095902_1_1.txt""],""source_sha256"":[""d8876472c16dd856e86879b38909860b0691a575ecc63ce66941be4f0963750e"",""26e769707948dd3d63043a4b7eb75ce250c63623671e12d6f46252f139136ba2"",""52b150943ea6abcf8835abe6ef29a2267f2f20bb1f959b911f568ce082e1d2d9"",""d81153ed097958d087e6bf032d166aeedfd71bff12a1f21baa07742ff949b832""],""synthetic_dimensions"":[""spatial_level"",""risk"",""response_window"",""multi_sequence_concurrency"",""resources""],""time_basis"":""frames"",""track_count"":4,""track_windows"":[{""dynamic_background_clutter"":0,""event_center_frame"":196,""fast_motion"":0,""inactive_frames_in_window"":0,""medium_size"":1,""normal_size"":1,""occlusion"":0,""offset_steps"":0,""out_of_view"":0,""requested_window_mode"":""motion"",""scale_variation"":0,""selected_window_mode"":""motion"",""small_size"":0,""source_active_frames"":1000,""source_end_frame"":315,""source_frames"":1000,""source_inactive_frames"":0,""source_path"":""D:\\360Downloads\\123\\data\\Anti-UAV410\\annos\\test\\20190925_111757_1_3.txt"",""source_sha256"":""d8876472c16dd856e86879b38909860b0691a575ecc63ce66941be4f0963750e"",""source_start_frame"":76,""source_window_frames"":240,""task_id"":""AU-01"",""thermal_crossover"":1,""tiny_size"":0,""visibility_event_count"":0},{""dynamic_background_clutter"":0,""event_center_frame"":119,""fast_motion"":0,""inactive_frames_in_window"":0,""medium_size"":1,""normal_size"":0,""occlusion"":0,""offset_steps"":1,""out_of_view"":0,""requested_window_mode"":""scale"",""scale_variation"":1,""selected_window_mode"":""scale"",""small_size"":1,""source_active_frames"":1000,""source_end_frame"":239,""source_frames"":1000,""source_inactive_frames"":0,""source_path"":""D:\\360Downloads\\123\\data\\Anti-UAV410\\annos\\test\\20190925_134301_1_5.txt"",""source_sha256"":""26e769707948dd3d63043a4b7eb75ce250c63623671e12d6f46252f139136ba2"",""source_start_frame"":0,""source_window_frames"":240,""task_id"":""AU-02"",""thermal_crossover"":1,""tiny_size"":0,""visibility_event_count"":0},{""dynamic_background_clutter"":0,""event_center_frame"":684,""fast_motion"":1,""inactive_frames_in_window"":1,""medium_size"":1,""normal_size"":0,""occlusion"":0,""offset_steps"":2,""out_of_view"":0,""requested_window_mode"":""visibility"",""scale_variation"":0,""selected_window_mode"":""visibility"",""small_size"":1,""source_active_frames"":999,""source_end_frame"":803,""source_frames"":1000,""source_inactive_frames"":1,""source_path"":""D:\\360Downloads\\123\\data\\Anti-UAV410\\annos\\test\\20190925_124000_1_6.txt"",""source_sha256"":""52b150943ea6abcf8835abe6ef29a2267f2f20bb1f959b911f568ce082e1d2d9"",""source_start_frame"":564,""source_window_frames"":240,""task_id"":""AU-03"",""thermal_crossover"":1,""tiny_size"":0,""visibility_event_count"":1},{""dynamic_background_clutter"":0,""event_center_frame"":276,""fast_motion"":1,""inactive_frames_in_window"":5,""medium_size"":1,""normal_size"":1,""occlusion"":0,""offset_steps"":3,""out_of_view"":1,""requested_window_mode"":""visibility"",""scale_variation"":0,""selected_window_mode"":""visibility"",""small_size"":0,""source_active_frames"":995,""source_end_frame"":395,""source_frames"":1000,""source_inactive_frames"":5,""source_path"":""D:\\360Downloads\\123\\data\\Anti-UAV410\\annos\\test\\20190926_095902_1_1.txt"",""source_sha256"":""d81153ed097958d087e6bf032d166aeedfd71bff12a1f21baa07742ff949b832"",""source_start_frame"":156,""source_window_frames"":240,""task_id"":""AU-04"",""thermal_crossover"":0,""tiny_size"":0,""visibility_event_count"":1}]}",8,208.5,AU-01,1,1,1,3,{},0.6680715381440262,0.022758836014625552,0.5,0.6371634105757799,0.6333664823498889,1.0,0.6680715381440262,0.022758836014625552,0.5,0.6371634105757799,0.6333664823498889,1.0
anti_uav410,AU-L04-W03,public-trajectory-replay-v2,"{""event_window_version"":""anti-uav-event-window-v1"",""evidence_type"":""measured_image_plane_tracks_with_simulated_response_resources"",""fps"":null,""image_height"":512,""image_width"":640,""measured_dimensions"":[""apparent_size"",""image_plane_speed"",""visibility""],""motion_unit"":""normalized_image_diagonal_per_frame"",""protected_point"":[0.5,0.85],""source_files"":[""D:\\360Downloads\\123\\data\\Anti-UAV410\\annos\\test\\20190925_111757_1_3.txt"",""D:\\360Downloads\\123\\data\\Anti-UAV410\\annos\\test\\20190925_134301_1_5.txt"",""D:\\360Downloads\\123\\data\\Anti-UAV410\\annos\\test\\20190925_124000_1_6.txt"",""D:\\360Downloads\\123\\data\\Anti-UAV410\\annos\\test\\20190926_095902_1_1.txt""],""source_sha256"":[""d8876472c16dd856e86879b38909860b0691a575ecc63ce66941be4f0963750e"",""26e769707948dd3d63043a4b7eb75ce250c63623671e12d6f46252f139136ba2"",""52b150943ea6abcf8835abe6ef29a2267f2f20bb1f959b911f568ce082e1d2d9"",""d81153ed097958d087e6bf032d166aeedfd71bff12a1f21baa07742ff949b832""],""synthetic_dimensions"":[""spatial_level"",""risk"",""response_window"",""multi_sequence_concurrency"",""resources""],""time_basis"":""frames"",""track_count"":4,""track_windows"":[{""dynamic_background_clutter"":0,""event_center_frame"":196,""fast_motion"":0,""inactive_frames_in_window"":0,""medium_size"":1,""normal_size"":1,""occlusion"":0,""offset_steps"":0,""out_of_view"":0,""requested_window_mode"":""motion"",""scale_variation"":0,""selected_window_mode"":""motion"",""small_size"":0,""source_active_frames"":1000,""source_end_frame"":315,""source_frames"":1000,""source_inactive_frames"":0,""source_path"":""D:\\360Downloads\\123\\data\\Anti-UAV410\\annos\\test\\20190925_111757_1_3.txt"",""source_sha256"":""d8876472c16dd856e86879b38909860b0691a575ecc63ce66941be4f0963750e"",""source_start_frame"":76,""source_window_frames"":240,""task_id"":""AU-01"",""thermal_crossover"":1,""tiny_size"":0,""visibility_event_count"":0},{""dynamic_background_clutter"":0,""event_center_frame"":119,""fast_motion"":0,""inactive_frames_in_window"":0,""medium_size"":1,""normal_size"":0,""occlusion"":0,""offset_steps"":1,""out_of_view"":0,""requested_window_mode"":""scale"",""scale_variation"":1,""selected_window_mode"":""scale"",""small_size"":1,""source_active_frames"":1000,""source_end_frame"":239,""source_frames"":1000,""source_inactive_frames"":0,""source_path"":""D:\\360Downloads\\123\\data\\Anti-UAV410\\annos\\test\\20190925_134301_1_5.txt"",""source_sha256"":""26e769707948dd3d63043a4b7eb75ce250c63623671e12d6f46252f139136ba2"",""source_start_frame"":0,""source_window_frames"":240,""task_id"":""AU-02"",""thermal_crossover"":1,""tiny_size"":0,""visibility_event_count"":0},{""dynamic_background_clutter"":0,""event_center_frame"":684,""fast_motion"":1,""inactive_frames_in_window"":1,""medium_size"":1,""normal_size"":0,""occlusion"":0,""offset_steps"":2,""out_of_view"":0,""requested_window_mode"":""visibility"",""scale_variation"":0,""selected_window_mode"":""visibility"",""small_size"":1,""source_active_frames"":999,""source_end_frame"":803,""source_frames"":1000,""source_inactive_frames"":1,""source_path"":""D:\\360Downloads\\123\\data\\Anti-UAV410\\annos\\test\\20190925_124000_1_6.txt"",""source_sha256"":""52b150943ea6abcf8835abe6ef29a2267f2f20bb1f959b911f568ce082e1d2d9"",""source_start_frame"":564,""source_window_frames"":240,""task_id"":""AU-03"",""thermal_crossover"":1,""tiny_size"":0,""visibility_event_count"":1},{""dynamic_background_clutter"":0,""event_center_frame"":276,""fast_motion"":1,""inactive_frames_in_window"":5,""medium_size"":1,""normal_size"":1,""occlusion"":0,""offset_steps"":3,""out_of_view"":1,""requested_window_mode"":""visibility"",""scale_variation"":0,""selected_window_mode"":""visibility"",""small_size"":0,""source_active_frames"":995,""source_end_frame"":395,""source_frames"":1000,""source_inactive_frames"":5,""source_path"":""D:\\360Downloads\\123\\data\\Anti-UAV410\\annos\\test\\20190926_095902_1_1.txt"",""source_sha256"":""d81153ed097958d087e6bf032d166aeedfd71bff12a1f21baa07742ff949b832"",""source_start_frame"":156,""source_window_frames"":240,""task_id"":""AU-04"",""thermal_crossover"":0,""tiny_size"":0,""visibility_event_count"":1}]}",8,208.5,AU-02,1,1,1,3,{},0.479522130945841,0.30090970818791496,0.5,0.6371634105757799,0.6722753980727912,0.8455055107356462,0.479522130945841,0.30090970818791496,0.5,0.6371634105757799,0.6722753980727912,0.8455055107356462
anti_uav410,AU-L04-W03,public-trajectory-replay-v2,"{""event_window_version"":""anti-uav-event-window-v1"",""evidence_type"":""measured_image_plane_tracks_with_simulated_response_resources"",""fps"":null,""image_height"":512,""image_width"":640,""measured_dimensions"":[""apparent_size"",""image_plane_speed"",""visibility""],""motion_unit"":""normalized_image_diagonal_per_frame"",""protected_point"":[0.5,0.85],""source_files"":[""D:\\360Downloads\\123\\data\\Anti-UAV410\\annos\\test\\20190925_111757_1_3.txt"",""D:\\360Downloads\\123\\data\\Anti-UAV410\\annos\\test\\20190925_134301_1_5.txt"",""D:\\360Downloads\\123\\data\\Anti-UAV410\\annos\\test\\20190925_124000_1_6.txt"",""D:\\360Downloads\\123\\data\\Anti-UAV410\\annos\\test\\20190926_095902_1_1.txt""],""source_sha256"":[""d8876472c16dd856e86879b38909860b0691a575ecc63ce66941be4f0963750e"",""26e769707948dd3d63043a4b7eb75ce250c63623671e12d6f46252f139136ba2"",""52b150943ea6abcf8835abe6ef29a2267f2f20bb1f959b911f568ce082e1d2d9"",""d81153ed097958d087e6bf032d166aeedfd71bff12a1f21baa07742ff949b832""],""synthetic_dimensions"":[""spatial_level"",""risk"",""response_window"",""multi_sequence_concurrency"",""resources""],""time_basis"":""frames"",""track_count"":4,""track_windows"":[{""dynamic_background_clutter"":0,""event_center_frame"":196,""fast_motion"":0,""inactive_frames_in_window"":0,""medium_size"":1,""normal_size"":1,""occlusion"":0,""offset_steps"":0,""out_of_view"":0,""requested_window_mode"":""motion"",""scale_variation"":0,""selected_window_mode"":""motion"",""small_size"":0,""source_active_frames"":1000,""source_end_frame"":315,""source_frames"":1000,""source_inactive_frames"":0,""source_path"":""D:\\360Downloads\\123\\data\\Anti-UAV410\\annos\\test\\20190925_111757_1_3.txt"",""source_sha256"":""d8876472c16dd856e86879b38909860b0691a575ecc63ce66941be4f0963750e"",""source_start_frame"":76,""source_window_frames"":240,""task_id"":""AU-01"",""thermal_crossover"":1,""tiny_size"":0,""visibility_event_count"":0},{""dynamic_background_clutter"":0,""event_center_frame"":119,""fast_motion"":0,""inactive_frames_in_window"":0,""medium_size"":1,""normal_size"":0,""occlusion"":0,""offset_steps"":1,""out_of_view"":0,""requested_window_mode"":""scale"",""scale_variation"":1,""selected_window_mode"":""scale"",""small_size"":1,""source_active_frames"":1000,""source_end_frame"":239,""source_frames"":1000,""source_inactive_frames"":0,""source_path"":""D:\\360Downloads\\123\\data\\Anti-UAV410\\annos\\test\\20190925_134301_1_5.txt"",""source_sha256"":""26e769707948dd3d63043a4b7eb75ce250c63623671e12d6f46252f139136ba2"",""source_start_frame"":0,""source_window_frames"":240,""task_id"":""AU-02"",""thermal_crossover"":1,""tiny_size"":0,""visibility_event_count"":0},{""dynamic_background_clutter"":0,""event_center_frame"":684,""fast_motion"":1,""inactive_frames_in_window"":1,""medium_size"":1,""normal_size"":0,""occlusion"":0,""offset_steps"":2,""out_of_view"":0,""requested_window_mode"":""visibility"",""scale_variation"":0,""selected_window_mode"":""visibility"",""small_size"":1,""source_active_frames"":999,""source_end_frame"":803,""source_frames"":1000,""source_inactive_frames"":1,""source_path"":""D:\\360Downloads\\123\\data\\Anti-UAV410\\annos\\test\\20190925_124000_1_6.txt"",""source_sha256"":""52b150943ea6abcf8835abe6ef29a2267f2f20bb1f959b911f568ce082e1d2d9"",""source_start_frame"":564,""source_window_frames"":240,""task_id"":""AU-03"",""thermal_crossover"":1,""tiny_size"":0,""visibility_event_count"":1},{""dynamic_background_clutter"":0,""event_center_frame"":276,""fast_motion"":1,""inactive_frames_in_window"":5,""medium_size"":1,""normal_size"":1,""occlusion"":0,""offset_steps"":3,""out_of_view"":1,""requested_window_mode"":""visibility"",""scale_variation"":0,""selected_window_mode"":""visibility"",""small_size"":0,""source_active_frames"":995,""source_end_frame"":395,""source_frames"":1000,""source_inactive_frames"":5,""source_path"":""D:\\360Downloads\\123\\data\\Anti-UAV410\\annos\\test\\20190926_095902_1_1.txt"",""source_sha256"":""d81153ed097958d087e6bf032d166aeedfd71bff12a1f21baa07742ff949b832"",""source_start_frame"":156,""source_window_frames"":240,""task_id"":""AU-04"",""thermal_crossover"":0,""tiny_size"":0,""visibility_event_count"":1}]}",8,208.5,AU-03,0,0,1,3,{},0.0,0.0,0.5,0.0,0.35,1.0,0.0,0.0,0.5,0.0,0.35,1.0
anti_uav410,AU-L04-W03,public-trajectory-replay-v2,"{""event_window_version"":""anti-uav-event-window-v1"",""evidence_type"":""measured_image_plane_tracks_with_simulated_response_resources"",""fps"":null,""image_height"":512,""image_width"":640,""measured_dimensions"":[""apparent_size"",""image_plane_speed"",""visibility""],""motion_unit"":""normalized_image_diagonal_per_frame"",""protected_point"":[0.5,0.85],""source_files"":[""D:\\360Downloads\\123\\data\\Anti-UAV410\\annos\\test\\20190925_111757_1_3.txt"",""D:\\360Downloads\\123\\data\\Anti-UAV410\\annos\\test\\20190925_134301_1_5.txt"",""D:\\360Downloads\\123\\data\\Anti-UAV410\\annos\\test\\20190925_124000_1_6.txt"",""D:\\360Downloads\\123\\data\\Anti-UAV410\\annos\\test\\20190926_095902_1_1.txt""],""source_sha256"":[""d8876472c16dd856e86879b38909860b0691a575ecc63ce66941be4f0963750e"",""26e769707948dd3d63043a4b7eb75ce250c63623671e12d6f46252f139136ba2"",""52b150943ea6abcf8835abe6ef29a2267f2f20bb1f959b911f568ce082e1d2d9"",""d81153ed097958d087e6bf032d166aeedfd71bff12a1f21baa07742ff949b832""],""synthetic_dimensions"":[""spatial_level"",""risk"",""response_window"",""multi_sequence_concurrency"",""resources""],""time_basis"":""frames"",""track_count"":4,""track_windows"":[{""dynamic_background_clutter"":0,""event_center_frame"":196,""fast_motion"":0,""inactive_frames_in_window"":0,""medium_size"":1,""normal_size"":1,""occlusion"":0,""offset_steps"":0,""out_of_view"":0,""requested_window_mode"":""motion"",""scale_variation"":0,""selected_window_mode"":""motion"",""small_size"":0,""source_active_frames"":1000,""source_end_frame"":315,""source_frames"":1000,""source_inactive_frames"":0,""source_path"":""D:\\360Downloads\\123\\data\\Anti-UAV410\\annos\\test\\20190925_111757_1_3.txt"",""source_sha256"":""d8876472c16dd856e86879b38909860b0691a575ecc63ce66941be4f0963750e"",""source_start_frame"":76,""source_window_frames"":240,""task_id"":""AU-01"",""thermal_crossover"":1,""tiny_size"":0,""visibility_event_count"":0},{""dynamic_background_clutter"":0,""event_center_frame"":119,""fast_motion"":0,""inactive_frames_in_window"":0,""medium_size"":1,""normal_size"":0,""occlusion"":0,""offset_steps"":1,""out_of_view"":0,""requested_window_mode"":""scale"",""scale_variation"":1,""selected_window_mode"":""scale"",""small_size"":1,""source_active_frames"":1000,""source_end_frame"":239,""source_frames"":1000,""source_inactive_frames"":0,""source_path"":""D:\\360Downloads\\123\\data\\Anti-UAV410\\annos\\test\\20190925_134301_1_5.txt"",""source_sha256"":""26e769707948dd3d63043a4b7eb75ce250c63623671e12d6f46252f139136ba2"",""source_start_frame"":0,""source_window_frames"":240,""task_id"":""AU-02"",""thermal_crossover"":1,""tiny_size"":0,""visibility_event_count"":0},{""dynamic_background_clutter"":0,""event_center_frame"":684,""fast_motion"":1,""inactive_frames_in_window"":1,""medium_size"":1,""normal_size"":0,""occlusion"":0,""offset_steps"":2,""out_of_view"":0,""requested_window_mode"":""visibility"",""scale_variation"":0,""selected_window_mode"":""visibility"",""small_size"":1,""source_active_frames"":999,""source_end_frame"":803,""source_frames"":1000,""source_inactive_frames"":1,""source_path"":""D:\\360Downloads\\123\\data\\Anti-UAV410\\annos\\test\\20190925_124000_1_6.txt"",""source_sha256"":""52b150943ea6abcf8835abe6ef29a2267f2f20bb1f959b911f568ce082e1d2d9"",""source_start_frame"":564,""source_window_frames"":240,""task_id"":""AU-03"",""thermal_crossover"":1,""tiny_size"":0,""visibility_event_count"":1},{""dynamic_background_clutter"":0,""event_center_frame"":276,""fast_motion"":1,""inactive_frames_in_window"":5,""medium_size"":1,""normal_size"":1,""occlusion"":0,""offset_steps"":3,""out_of_view"":1,""requested_window_mode"":""visibility"",""scale_variation"":0,""selected_window_mode"":""visibility"",""small_size"":0,""source_active_frames"":995,""source_end_frame"":395,""source_frames"":1000,""source_inactive_frames"":5,""source_path"":""D:\\360Downloads\\123\\data\\Anti-UAV410\\annos\\test\\20190926_095902_1_1.txt"",""source_sha256"":""d81153ed097958d087e6bf032d166aeedfd71bff12a1f21baa07742ff949b832"",""source_start_frame"":156,""source_window_frames"":240,""task_id"":""AU-04"",""thermal_crossover"":0,""tiny_size"":0,""visibility_event_count"":1}]}",8,208.5,AU-04,0,0,1,3,{},0.0,0.0,0.5,0.0,0.35,1.0,0.0,0.0,0.5,0.0,0.35,1.0
anti_uav410,AU-L04-W03,public-trajectory-replay-v2,"{""event_window_version"":""anti-uav-event-window-v1"",""evidence_type"":""measured_image_plane_tracks_with_simulated_response_resources"",""fps"":null,""image_height"":512,""image_width"":640,""measured_dimensions"":[""apparent_size"",""image_plane_speed"",""visibility""],""motion_unit"":""normalized_image_diagonal_per_frame"",""protected_point"":[0.5,0.85],""source_files"":[""D:\\360Downloads\\123\\data\\Anti-UAV410\\annos\\test\\20190925_111757_1_3.txt"",""D:\\360Downloads\\123\\data\\Anti-UAV410\\annos\\test\\20190925_134301_1_5.txt"",""D:\\360Downloads\\123\\data\\Anti-UAV410\\annos\\test\\20190925_124000_1_6.txt"",""D:\\360Downloads\\123\\data\\Anti-UAV410\\annos\\test\\20190926_095902_1_1.txt""],""source_sha256"":[""d8876472c16dd856e86879b38909860b0691a575ecc63ce66941be4f0963750e"",""26e769707948dd3d63043a4b7eb75ce250c63623671e12d6f46252f139136ba2"",""52b150943ea6abcf8835abe6ef29a2267f2f20bb1f959b911f568ce082e1d2d9"",""d81153ed097958d087e6bf032d166aeedfd71bff12a1f21baa07742ff949b832""],""synthetic_dimensions"":[""spatial_level"",""risk"",""response_window"",""multi_sequence_concurrency"",""resources""],""time_basis"":""frames"",""track_count"":4,""track_windows"":[{""dynamic_background_clutter"":0,""event_center_frame"":196,""fast_motion"":0,""inactive_frames_in_window"":0,""medium_size"":1,""normal_size"":1,""occlusion"":0,""offset_steps"":0,""out_of_view"":0,""requested_window_mode"":""motion"",""scale_variation"":0,""selected_window_mode"":""motion"",""small_size"":0,""source_active_frames"":1000,""source_end_frame"":315,""source_frames"":1000,""source_inactive_frames"":0,""source_path"":""D:\\360Downloads\\123\\data\\Anti-UAV410\\annos\\test\\20190925_111757_1_3.txt"",""source_sha256"":""d8876472c16dd856e86879b38909860b0691a575ecc63ce66941be4f0963750e"",""source_start_frame"":76,""source_window_frames"":240,""task_id"":""AU-01"",""thermal_crossover"":1,""tiny_size"":0,""visibility_event_count"":0},{""dynamic_background_clutter"":0,""event_center_frame"":119,""fast_motion"":0,""inactive_frames_in_window"":0,""medium_size"":1,""normal_size"":0,""occlusion"":0,""offset_steps"":1,""out_of_view"":0,""requested_window_mode"":""scale"",""scale_variation"":1,""selected_window_mode"":""scale"",""small_size"":1,""source_active_frames"":1000,""source_end_frame"":239,""source_frames"":1000,""source_inactive_frames"":0,""source_path"":""D:\\360Downloads\\123\\data\\Anti-UAV410\\annos\\test\\20190925_134301_1_5.txt"",""source_sha256"":""26e769707948dd3d63043a4b7eb75ce250c63623671e12d6f46252f139136ba2"",""source_start_frame"":0,""source_window_frames"":240,""task_id"":""AU-02"",""thermal_crossover"":1,""tiny_size"":0,""visibility_event_count"":0},{""dynamic_background_clutter"":0,""event_center_frame"":684,""fast_motion"":1,""inactive_frames_in_window"":1,""medium_size"":1,""normal_size"":0,""occlusion"":0,""offset_steps"":2,""out_of_view"":0,""requested_window_mode"":""visibility"",""scale_variation"":0,""selected_window_mode"":""visibility"",""small_size"":1,""source_active_frames"":999,""source_end_frame"":803,""source_frames"":1000,""source_inactive_frames"":1,""source_path"":""D:\\360Downloads\\123\\data\\Anti-UAV410\\annos\\test\\20190925_124000_1_6.txt"",""source_sha256"":""52b150943ea6abcf8835abe6ef29a2267f2f20bb1f959b911f568ce082e1d2d9"",""source_start_frame"":564,""source_window_frames"":240,""task_id"":""AU-03"",""thermal_crossover"":1,""tiny_size"":0,""visibility_event_count"":1},{""dynamic_background_clutter"":0,""event_center_frame"":276,""fast_motion"":1,""inactive_frames_in_window"":5,""medium_size"":1,""normal_size"":1,""occlusion"":0,""offset_steps"":3,""out_of_view"":1,""requested_window_mode"":""visibility"",""scale_variation"":0,""selected_window_mode"":""visibility"",""small_size"":0,""source_active_frames"":995,""source_end_frame"":395,""source_frames"":1000,""source_inactive_frames"":5,""source_path"":""D:\\360Downloads\\123\\data\\Anti-UAV410\\annos\\test\\20190926_095902_1_1.txt"",""source_sha256"":""d81153ed097958d087e6bf032d166aeedfd71bff12a1f21baa07742ff949b832"",""source_start_frame"":156,""source_window_frames"":240,""task_id"":""AU-04"",""thermal_crossover"":0,""tiny_size"":0,""visibility_event_count"":1}]}",9,382.6666666666667,AU-01,1,1,1,3,{},0.7042092334890605,0.04185054339409011,0.5,0.6907092613201278,0.6369241519520478,1.0,0.7042092334890605,0.04185054339409011,0.5,0.6907092613201278,0.6369241519520478,1.0
anti_uav410,AU-L04-W03,public-trajectory-replay-v2,"{""event_window_version"":""anti-uav-event-window-v1"",""evidence_type"":""measured_image_plane_tracks_with_simulated_response_resources"",""fps"":null,""image_height"":512,""image_width"":640,""measured_dimensions"":[""apparent_size"",""image_plane_speed"",""visibility""],""motion_unit"":""normalized_image_diagonal_per_frame"",""protected_point"":[0.5,0.85],""source_files"":[""D:\\360Downloads\\123\\data\\Anti-UAV410\\annos\\test\\20190925_111757_1_3.txt"",""D:\\360Downloads\\123\\data\\Anti-UAV410\\annos\\test\\20190925_134301_1_5.txt"",""D:\\360Downloads\\123\\data\\Anti-UAV410\\annos\\test\\20190925_124000_1_6.txt"",""D:\\360Downloads\\123\\data\\Anti-UAV410\\annos\\test\\20190926_095902_1_1.txt""],""source_sha256"":[""d8876472c16dd856e86879b38909860b0691a575ecc63ce66941be4f0963750e"",""26e769707948dd3d63043a4b7eb75ce250c63623671e12d6f46252f139136ba2"",""52b150943ea6abcf8835abe6ef29a2267f2f20bb1f959b911f568ce082e1d2d9"",""d81153ed097958d087e6bf032d166aeedfd71bff12a1f21baa07742ff949b832""],""synthetic_dimensions"":[""spatial_level"",""risk"",""response_window"",""multi_sequence_concurrency"",""resources""],""time_basis"":""frames"",""track_count"":4,""track_windows"":[{""dynamic_background_clutter"":0,""event_center_frame"":196,""fast_motion"":0,""inactive_frames_in_window"":0,""medium_size"":1,""normal_size"":1,""occlusion"":0,""offset_steps"":0,""out_of_view"":0,""requested_window_mode"":""motion"",""scale_variation"":0,""selected_window_mode"":""motion"",""small_size"":0,""source_active_frames"":1000,""source_end_frame"":315,""source_frames"":1000,""source_inactive_frames"":0,""source_path"":""D:\\360Downloads\\123\\data\\Anti-UAV410\\annos\\test\\20190925_111757_1_3.txt"",""source_sha256"":""d8876472c16dd856e86879b38909860b0691a575ecc63ce66941be4f0963750e"",""source_start_frame"":76,""source_window_frames"":240,""task_id"":""AU-01"",""thermal_crossover"":1,""tiny_size"":0,""visibility_event_count"":0},{""dynamic_background_clutter"":0,""event_center_frame"":119,""fast_motion"":0,""inactive_frames_in_window"":0,""medium_size"":1,""normal_size"":0,""occlusion"":0,""offset_steps"":1,""out_of_view"":0,""requested_window_mode"":""scale"",""scale_variation"":1,""selected_window_mode"":""scale"",""small_size"":1,""source_active_frames"":1000,""source_end_frame"":239,""source_frames"":1000,""source_inactive_frames"":0,""source_path"":""D:\\360Downloads\\123\\data\\Anti-UAV410\\annos\\test\\20190925_134301_1_5.txt"",""source_sha256"":""26e769707948dd3d63043a4b7eb75ce250c63623671e12d6f46252f139136ba2"",""source_start_frame"":0,""source_window_frames"":240,""task_id"":""AU-02"",""thermal_crossover"":1,""tiny_size"":0,""visibility_event_count"":0},{""dynamic_background_clutter"":0,""event_center_frame"":684,""fast_motion"":1,""inactive_frames_in_window"":1,""medium_size"":1,""normal_size"":0,""occlusion"":0,""offset_steps"":2,""out_of_view"":0,""requested_window_mode"":""visibility"",""scale_variation"":0,""selected_window_mode"":""visibility"",""small_size"":1,""source_active_frames"":999,""source_end_frame"":803,""source_frames"":1000,""source_inactive_frames"":1,""source_path"":""D:\\360Downloads\\123\\data\\Anti-UAV410\\annos\\test\\20190925_124000_1_6.txt"",""source_sha256"":""52b150943ea6abcf8835abe6ef29a2267f2f20bb1f959b911f568ce082e1d2d9"",""source_start_frame"":564,""source_window_frames"":240,""task_id"":""AU-03"",""thermal_crossover"":1,""tiny_size"":0,""visibility_event_count"":1},{""dynamic_background_clutter"":0,""event_center_frame"":276,""fast_motion"":1,""inactive_frames_in_window"":5,""medium_size"":1,""normal_size"":1,""occlusion"":0,""offset_steps"":3,""out_of_view"":1,""requested_window_mode"":""visibility"",""scale_variation"":0,""selected_window_mode"":""visibility"",""small_size"":0,""source_active_frames"":995,""source_end_frame"":395,""source_frames"":1000,""source_inactive_frames"":5,""source_path"":""D:\\360Downloads\\123\\data\\Anti-UAV410\\annos\\test\\20190926_095902_1_1.txt"",""source_sha256"":""d81153ed097958d087e6bf032d166aeedfd71bff12a1f21baa07742ff949b832"",""source_start_frame"":156,""source_window_frames"":240,""task_id"":""AU-04"",""thermal_crossover"":0,""tiny_size"":0,""visibility_event_count"":1}]}",9,382.6666666666667,AU-02,1,1,1,3,{},0.44347360327933333,0.05295605532789645,0.5,0.79891809365919,0.6616837699869832,1.0,0.44347360327933333,0.05295605532789645,0.5,0.79891809365919,0.6616837699869832,1.0
anti_uav410,AU-L04-W03,public-trajectory-replay-v2,"{""event_window_version"":""anti-uav-event-window-v1"",""evidence_type"":""measured_image_plane_tracks_with_simulated_response_resources"",""fps"":null,""image_height"":512,""image_width"":640,""measured_dimensions"":[""apparent_size"",""image_plane_speed"",""visibility""],""motion_unit"":""normalized_image_diagonal_per_frame"",""protected_point"":[0.5,0.85],""source_files"":[""D:\\360Downloads\\123\\data\\Anti-UAV410\\annos\\test\\20190925_111757_1_3.txt"",""D:\\360Downloads\\123\\data\\Anti-UAV410\\annos\\test\\20190925_134301_1_5.txt"",""D:\\360Downloads\\123\\data\\Anti-UAV410\\annos\\test\\20190925_124000_1_6.txt"",""D:\\360Downloads\\123\\data\\Anti-UAV410\\annos\\test\\20190926_095902_1_1.txt""],""source_sha256"":[""d8876472c16dd856e86879b38909860b0691a575ecc63ce66941be4f0963750e"",""26e769707948dd3d63043a4b7eb75ce250c63623671e12d6f46252f139136ba2"",""52b150943ea6abcf8835abe6ef29a2267f2f20bb1f959b911f568ce082e1d2d9"",""d81153ed097958d087e6bf032d166aeedfd71bff12a1f21baa07742ff949b832""],""synthetic_dimensions"":[""spatial_level"",""risk"",""response_window"",""multi_sequence_concurrency"",""resources""],""time_basis"":""frames"",""track_count"":4,""track_windows"":[{""dynamic_background_clutter"":0,""event_center_frame"":196,""fast_motion"":0,""inactive_frames_in_window"":0,""medium_size"":1,""normal_size"":1,""occlusion"":0,""offset_steps"":0,""out_of_view"":0,""requested_window_mode"":""motion"",""scale_variation"":0,""selected_window_mode"":""motion"",""small_size"":0,""source_active_frames"":1000,""source_end_frame"":315,""source_frames"":1000,""source_inactive_frames"":0,""source_path"":""D:\\360Downloads\\123\\data\\Anti-UAV410\\annos\\test\\20190925_111757_1_3.txt"",""source_sha256"":""d8876472c16dd856e86879b38909860b0691a575ecc63ce66941be4f0963750e"",""source_start_frame"":76,""source_window_frames"":240,""task_id"":""AU-01"",""thermal_crossover"":1,""tiny_size"":0,""visibility_event_count"":0},{""dynamic_background_clutter"":0,""event_center_frame"":119,""fast_motion"":0,""inactive_frames_in_window"":0,""medium_size"":1,""normal_size"":0,""occlusion"":0,""offset_steps"":1,""out_of_view"":0,""requested_window_mode"":""scale"",""scale_variation"":1,""selected_window_mode"":""scale"",""small_size"":1,""source_active_frames"":1000,""source_end_frame"":239,""source_frames"":1000,""source_inactive_frames"":0,""source_path"":""D:\\360Downloads\\123\\data\\Anti-UAV410\\annos\\test\\20190925_134301_1_5.txt"",""source_sha256"":""26e769707948dd3d63043a4b7eb75ce250c63623671e12d6f46252f139136ba2"",""source_start_frame"":0,""source_window_frames"":240,""task_id"":""AU-02"",""thermal_crossover"":1,""tiny_size"":0,""visibility_event_count"":0},{""dynamic_background_clutter"":0,""event_center_frame"":684,""fast_motion"":1,""inactive_frames_in_window"":1,""medium_size"":1,""normal_size"":0,""occlusion"":0,""offset_steps"":2,""out_of_view"":0,""requested_window_mode"":""visibility"",""scale_variation"":0,""selected_window_mode"":""visibility"",""small_size"":1,""source_active_frames"":999,""source_end_frame"":803,""source_frames"":1000,""source_inactive_frames"":1,""source_path"":""D:\\360Downloads\\123\\data\\Anti-UAV410\\annos\\test\\20190925_124000_1_6.txt"",""source_sha256"":""52b150943ea6abcf8835abe6ef29a2267f2f20bb1f959b911f568ce082e1d2d9"",""source_start_frame"":564,""source_window_frames"":240,""task_id"":""AU-03"",""thermal_crossover"":1,""tiny_size"":0,""visibility_event_count"":1},{""dynamic_background_clutter"":0,""event_center_frame"":276,""fast_motion"":1,""inactive_frames_in_window"":5,""medium_size"":1,""normal_size"":1,""occlusion"":0,""offset_steps"":3,""out_of_view"":1,""requested_window_mode"":""visibility"",""scale_variation"":0,""selected_window_mode"":""visibility"",""small_size"":0,""source_active_frames"":995,""source_end_frame"":395,""source_frames"":1000,""source_inactive_frames"":5,""source_path"":""D:\\360Downloads\\123\\data\\Anti-UAV410\\annos\\test\\20190926_095902_1_1.txt"",""source_sha256"":""d81153ed097958d087e6bf032d166aeedfd71bff12a1f21baa07742ff949b832"",""source_start_frame"":156,""source_window_frames"":240,""task_id"":""AU-04"",""thermal_crossover"":0,""tiny_size"":0,""visibility_event_count"":1}]}",9,382.6666666666667,AU-03,1,1,1,3,{},0.49795112437429545,0.0,0.5,0.828341353585166,0.6779118549777765,1.0,0.49795112437429545,0.0,0.5,0.828341353585166,0.6779118549777765,1.0
anti_uav410,AU-L04-W03,public-trajectory-replay-v2,"{""event_window_version"":""anti-uav-event-window-v1"",""evidence_type"":""measured_image_plane_tracks_with_simulated_response_resources"",""fps"":null,""image_height"":512,""image_width"":640,""measured_dimensions"":[""apparent_size"",""image_plane_speed"",""visibility""],""motion_unit"":""normalized_image_diagonal_per_frame"",""protected_point"":[0.5,0.85],""source_files"":[""D:\\360Downloads\\123\\data\\Anti-UAV410\\annos\\test\\20190925_111757_1_3.txt"",""D:\\360Downloads\\123\\data\\Anti-UAV410\\annos\\test\\20190925_134301_1_5.txt"",""D:\\360Downloads\\123\\data\\Anti-UAV410\\annos\\test\\20190925_124000_1_6.txt"",""D:\\360Downloads\\123\\data\\Anti-UAV410\\annos\\test\\20190926_095902_1_1.txt""],""source_sha256"":[""d8876472c16dd856e86879b38909860b0691a575ecc63ce66941be4f0963750e"",""26e769707948dd3d63043a4b7eb75ce250c63623671e12d6f46252f139136ba2"",""52b150943ea6abcf8835abe6ef29a2267f2f20bb1f959b911f568ce082e1d2d9"",""d81153ed097958d087e6bf032d166aeedfd71bff12a1f21baa07742ff949b832""],""synthetic_dimensions"":[""spatial_level"",""risk"",""response_window"",""multi_sequence_concurrency"",""resources""],""time_basis"":""frames"",""track_count"":4,""track_windows"":[{""dynamic_background_clutter"":0,""event_center_frame"":196,""fast_motion"":0,""inactive_frames_in_window"":0,""medium_size"":1,""normal_size"":1,""occlusion"":0,""offset_steps"":0,""out_of_view"":0,""requested_window_mode"":""motion"",""scale_variation"":0,""selected_window_mode"":""motion"",""small_size"":0,""source_active_frames"":1000,""source_end_frame"":315,""source_frames"":1000,""source_inactive_frames"":0,""source_path"":""D:\\360Downloads\\123\\data\\Anti-UAV410\\annos\\test\\20190925_111757_1_3.txt"",""source_sha256"":""d8876472c16dd856e86879b38909860b0691a575ecc63ce66941be4f0963750e"",""source_start_frame"":76,""source_window_frames"":240,""task_id"":""AU-01"",""thermal_crossover"":1,""tiny_size"":0,""visibility_event_count"":0},{""dynamic_background_clutter"":0,""event_center_frame"":119,""fast_motion"":0,""inactive_frames_in_window"":0,""medium_size"":1,""normal_size"":0,""occlusion"":0,""offset_steps"":1,""out_of_view"":0,""requested_window_mode"":""scale"",""scale_variation"":1,""selected_window_mode"":""scale"",""small_size"":1,""source_active_frames"":1000,""source_end_frame"":239,""source_frames"":1000,""source_inactive_frames"":0,""source_path"":""D:\\360Downloads\\123\\data\\Anti-UAV410\\annos\\test\\20190925_134301_1_5.txt"",""source_sha256"":""26e769707948dd3d63043a4b7eb75ce250c63623671e12d6f46252f139136ba2"",""source_start_frame"":0,""source_window_frames"":240,""task_id"":""AU-02"",""thermal_crossover"":1,""tiny_size"":0,""visibility_event_count"":0},{""dynamic_background_clutter"":0,""event_center_frame"":684,""fast_motion"":1,""inactive_frames_in_window"":1,""medium_size"":1,""normal_size"":0,""occlusion"":0,""offset_steps"":2,""out_of_view"":0,""requested_window_mode"":""visibility"",""scale_variation"":0,""selected_window_mode"":""visibility"",""small_size"":1,""source_active_frames"":999,""source_end_frame"":803,""source_frames"":1000,""source_inactive_frames"":1,""source_path"":""D:\\360Downloads\\123\\data\\Anti-UAV410\\annos\\test\\20190925_124000_1_6.txt"",""source_sha256"":""52b150943ea6abcf8835abe6ef29a2267f2f20bb1f959b911f568ce082e1d2d9"",""source_start_frame"":564,""source_window_frames"":240,""task_id"":""AU-03"",""thermal_crossover"":1,""tiny_size"":0,""visibility_event_count"":1},{""dynamic_background_clutter"":0,""event_center_frame"":276,""fast_motion"":1,""inactive_frames_in_window"":5,""medium_size"":1,""normal_size"":1,""occlusion"":0,""offset_steps"":3,""out_of_view"":1,""requested_window_mode"":""visibility"",""scale_variation"":0,""selected_window_mode"":""visibility"",""small_size"":0,""source_active_frames"":995,""source_end_frame"":395,""source_frames"":1000,""source_inactive_frames"":5,""source_path"":""D:\\360Downloads\\123\\data\\Anti-UAV410\\annos\\test\\20190926_095902_1_1.txt"",""source_sha256"":""d81153ed097958d087e6bf032d166aeedfd71bff12a1f21baa07742ff949b832"",""source_start_frame"":156,""source_window_frames"":240,""task_id"":""AU-04"",""thermal_crossover"":0,""tiny_size"":0,""visibility_event_count"":1}]}",9,382.6666666666667,AU-04,0,0,1,3,{},0.0,0.0,0.5,0.0,0.35,1.0,0.0,0.0,0.5,0.0,0.35,1.0
anti_uav410,AU-L04-W03,public-trajectory-replay-v2,"{""event_window_version"":""anti-uav-event-window-v1"",""evidence_type"":""measured_image_plane_tracks_with_simulated_response_resources"",""fps"":null,""image_height"":512,""image_width"":640,""measured_dimensions"":[""apparent_size"",""image_plane_speed"",""visibility""],""motion_unit"":""normalized_image_diagonal_per_frame"",""protected_point"":[0.5,0.85],""source_files"":[""D:\\360Downloads\\123\\data\\Anti-UAV410\\annos\\test\\20190925_111757_1_3.txt"",""D:\\360Downloads\\123\\data\\Anti-UAV410\\annos\\test\\20190925_134301_1_5.txt"",""D:\\360Downloads\\123\\data\\Anti-UAV410\\annos\\test\\20190925_124000_1_6.txt"",""D:\\360Downloads\\123\\data\\Anti-UAV410\\annos\\test\\20190926_095902_1_1.txt""],""source_sha256"":[""d8876472c16dd856e86879b38909860b0691a575ecc63ce66941be4f0963750e"",""26e769707948dd3d63043a4b7eb75ce250c63623671e12d6f46252f139136ba2"",""52b150943ea6abcf8835abe6ef29a2267f2f20bb1f959b911f568ce082e1d2d9"",""d81153ed097958d087e6bf032d166aeedfd71bff12a1f21baa07742ff949b832""],""synthetic_dimensions"":[""spatial_level"",""risk"",""response_window"",""multi_sequence_concurrency"",""resources""],""time_basis"":""frames"",""track_count"":4,""track_windows"":[{""dynamic_background_clutter"":0,""event_center_frame"":196,""fast_motion"":0,""inactive_frames_in_window"":0,""medium_size"":1,""normal_size"":1,""occlusion"":0,""offset_steps"":0,""out_of_view"":0,""requested_window_mode"":""motion"",""scale_variation"":0,""selected_window_mode"":""motion"",""small_size"":0,""source_active_frames"":1000,""source_end_frame"":315,""source_frames"":1000,""source_inactive_frames"":0,""source_path"":""D:\\360Downloads\\123\\data\\Anti-UAV410\\annos\\test\\20190925_111757_1_3.txt"",""source_sha256"":""d8876472c16dd856e86879b38909860b0691a575ecc63ce66941be4f0963750e"",""source_start_frame"":76,""source_window_frames"":240,""task_id"":""AU-01"",""thermal_crossover"":1,""tiny_size"":0,""visibility_event_count"":0},{""dynamic_background_clutter"":0,""event_center_frame"":119,""fast_motion"":0,""inactive_frames_in_window"":0,""medium_size"":1,""normal_size"":0,""occlusion"":0,""offset_steps"":1,""out_of_view"":0,""requested_window_mode"":""scale"",""scale_variation"":1,""selected_window_mode"":""scale"",""small_size"":1,""source_active_frames"":1000,""source_end_frame"":239,""source_frames"":1000,""source_inactive_frames"":0,""source_path"":""D:\\360Downloads\\123\\data\\Anti-UAV410\\annos\\test\\20190925_134301_1_5.txt"",""source_sha256"":""26e769707948dd3d63043a4b7eb75ce250c63623671e12d6f46252f139136ba2"",""source_start_frame"":0,""source_window_frames"":240,""task_id"":""AU-02"",""thermal_crossover"":1,""tiny_size"":0,""visibility_event_count"":0},{""dynamic_background_clutter"":0,""event_center_frame"":684,""fast_motion"":1,""inactive_frames_in_window"":1,""medium_size"":1,""normal_size"":0,""occlusion"":0,""offset_steps"":2,""out_of_view"":0,""requested_window_mode"":""visibility"",""scale_variation"":0,""selected_window_mode"":""visibility"",""small_size"":1,""source_active_frames"":999,""source_end_frame"":803,""source_frames"":1000,""source_inactive_frames"":1,""source_path"":""D:\\360Downloads\\123\\data\\Anti-UAV410\\annos\\test\\20190925_124000_1_6.txt"",""source_sha256"":""52b150943ea6abcf8835abe6ef29a2267f2f20bb1f959b911f568ce082e1d2d9"",""source_start_frame"":564,""source_window_frames"":240,""task_id"":""AU-03"",""thermal_crossover"":1,""tiny_size"":0,""visibility_event_count"":1},{""dynamic_background_clutter"":0,""event_center_frame"":276,""fast_motion"":1,""inactive_frames_in_window"":5,""medium_size"":1,""normal_size"":1,""occlusion"":0,""offset_steps"":3,""out_of_view"":1,""requested_window_mode"":""visibility"",""scale_variation"":0,""selected_window_mode"":""visibility"",""small_size"":0,""source_active_frames"":995,""source_end_frame"":395,""source_frames"":1000,""source_inactive_frames"":5,""source_path"":""D:\\360Downloads\\123\\data\\Anti-UAV410\\annos\\test\\20190926_095902_1_1.txt"",""source_sha256"":""d81153ed097958d087e6bf032d166aeedfd71bff12a1f21baa07742ff949b832"",""source_start_frame"":156,""source_window_frames"":240,""task_id"":""AU-04"",""thermal_crossover"":0,""tiny_size"":0,""visibility_event_count"":1}]}",10,371.0,AU-01,1,1,1,3,{},0.6775213927472759,0.03229814401582084,0.5,0.26443555504478994,0.5921537621536522,1.0,0.6775213927472759,0.03229814401582084,0.5,0.26443555504478994,0.5921537621536522,1.0
anti_uav410,AU-L04-W03,public-trajectory-replay-v2,"{""event_window_version"":""anti-uav-event-window-v1"",""evidence_type"":""measured_image_plane_tracks_with_simulated_response_resources"",""fps"":null,""image_height"":512,""image_width"":640,""measured_dimensions"":[""apparent_size"",""image_plane_speed"",""visibility""],""motion_unit"":""normalized_image_diagonal_per_frame"",""protected_point"":[0.5,0.85],""source_files"":[""D:\\360Downloads\\123\\data\\Anti-UAV410\\annos\\test\\20190925_111757_1_3.txt"",""D:\\360Downloads\\123\\data\\Anti-UAV410\\annos\\test\\20190925_134301_1_5.txt"",""D:\\360Downloads\\123\\data\\Anti-UAV410\\annos\\test\\20190925_124000_1_6.txt"",""D:\\360Downloads\\123\\data\\Anti-UAV410\\annos\\test\\20190926_095902_1_1.txt""],""source_sha256"":[""d8876472c16dd856e86879b38909860b0691a575ecc63ce66941be4f0963750e"",""26e769707948dd3d63043a4b7eb75ce250c63623671e12d6f46252f139136ba2"",""52b150943ea6abcf8835abe6ef29a2267f2f20bb1f959b911f568ce082e1d2d9"",""d81153ed097958d087e6bf032d166aeedfd71bff12a1f21baa07742ff949b832""],""synthetic_dimensions"":[""spatial_level"",""risk"",""response_window"",""multi_sequence_concurrency"",""resources""],""time_basis"":""frames"",""track_count"":4,""track_windows"":[{""dynamic_background_clutter"":0,""event_center_frame"":196,""fast_motion"":0,""inactive_frames_in_window"":0,""medium_size"":1,""normal_size"":1,""occlusion"":0,""offset_steps"":0,""out_of_view"":0,""requested_window_mode"":""motion"",""scale_variation"":0,""selected_window_mode"":""motion"",""small_size"":0,""source_active_frames"":1000,""source_end_frame"":315,""source_frames"":1000,""source_inactive_frames"":0,""source_path"":""D:\\360Downloads\\123\\data\\Anti-UAV410\\annos\\test\\20190925_111757_1_3.txt"",""source_sha256"":""d8876472c16dd856e86879b38909860b0691a575ecc63ce66941be4f0963750e"",""source_start_frame"":76,""source_window_frames"":240,""task_id"":""AU-01"",""thermal_crossover"":1,""tiny_size"":0,""visibility_event_count"":0},{""dynamic_background_clutter"":0,""event_center_frame"":119,""fast_motion"":0,""inactive_frames_in_window"":0,""medium_size"":1,""normal_size"":0,""occlusion"":0,""offset_steps"":1,""out_of_view"":0,""requested_window_mode"":""scale"",""scale_variation"":1,""selected_window_mode"":""scale"",""small_size"":1,""source_active_frames"":1000,""source_end_frame"":239,""source_frames"":1000,""source_inactive_frames"":0,""source_path"":""D:\\360Downloads\\123\\data\\Anti-UAV410\\annos\\test\\20190925_134301_1_5.txt"",""source_sha256"":""26e769707948dd3d63043a4b7eb75ce250c63623671e12d6f46252f139136ba2"",""source_start_frame"":0,""source_window_frames"":240,""task_id"":""AU-02"",""thermal_crossover"":1,""tiny_size"":0,""visibility_event_count"":0},{""dynamic_background_clutter"":0,""event_center_frame"":684,""fast_motion"":1,""inactive_frames_in_window"":1,""medium_size"":1,""normal_size"":0,""occlusion"":0,""offset_steps"":2,""out_of_view"":0,""requested_window_mode"":""visibility"",""scale_variation"":0,""selected_window_mode"":""visibility"",""small_size"":1,""source_active_frames"":999,""source_end_frame"":803,""source_frames"":1000,""source_inactive_frames"":1,""source_path"":""D:\\360Downloads\\123\\data\\Anti-UAV410\\annos\\test\\20190925_124000_1_6.txt"",""source_sha256"":""52b150943ea6abcf8835abe6ef29a2267f2f20bb1f959b911f568ce082e1d2d9"",""source_start_frame"":564,""source_window_frames"":240,""task_id"":""AU-03"",""thermal_crossover"":1,""tiny_size"":0,""visibility_event_count"":1},{""dynamic_background_clutter"":0,""event_center_frame"":276,""fast_motion"":1,""inactive_frames_in_window"":5,""medium_size"":1,""normal_size"":1,""occlusion"":0,""offset_steps"":3,""out_of_view"":1,""requested_window_mode"":""visibility"",""scale_variation"":0,""selected_window_mode"":""visibility"",""small_size"":0,""source_active_frames"":995,""source_end_frame"":395,""source_frames"":1000,""source_inactive_frames"":5,""source_path"":""D:\\360Downloads\\123\\data\\Anti-UAV410\\annos\\test\\20190926_095902_1_1.txt"",""source_sha256"":""d81153ed097958d087e6bf032d166aeedfd71bff12a1f21baa07742ff949b832"",""source_start_frame"":156,""source_window_frames"":240,""task_id"":""AU-04"",""thermal_crossover"":0,""tiny_size"":0,""visibility_event_count"":1}]}",10,371.0,AU-02,1,1,1,3,{},0.39278914398433223,0.017077814695466407,0.5,0.387215802962182,0.6168508228578437,1.0,0.39278914398433223,0.017077814695466407,0.5,0.387215802962182,0.6168508228578437,1.0
anti_uav410,AU-L04-W03,public-trajectory-replay-v2,"{""event_window_version"":""anti-uav-event-window-v1"",""evidence_type"":""measured_image_plane_tracks_with_simulated_response_resources"",""fps"":null,""image_height"":512,""image_width"":640,""measured_dimensions"":[""apparent_size"",""image_plane_speed"",""visibility""],""motion_unit"":""normalized_image_diagonal_per_frame"",""protected_point"":[0.5,0.85],""source_files"":[""D:\\360Downloads\\123\\data\\Anti-UAV410\\annos\\test\\20190925_111757_1_3.txt"",""D:\\360Downloads\\123\\data\\Anti-UAV410\\annos\\test\\20190925_134301_1_5.txt"",""D:\\360Downloads\\123\\data\\Anti-UAV410\\annos\\test\\20190925_124000_1_6.txt"",""D:\\360Downloads\\123\\data\\Anti-UAV410\\annos\\test\\20190926_095902_1_1.txt""],""source_sha256"":[""d8876472c16dd856e86879b38909860b0691a575ecc63ce66941be4f0963750e"",""26e769707948dd3d63043a4b7eb75ce250c63623671e12d6f46252f139136ba2"",""52b150943ea6abcf8835abe6ef29a2267f2f20bb1f959b911f568ce082e1d2d9"",""d81153ed097958d087e6bf032d166aeedfd71bff12a1f21baa07742ff949b832""],""synthetic_dimensions"":[""spatial_level"",""risk"",""response_window"",""multi_sequence_concurrency"",""resources""],""time_basis"":""frames"",""track_count"":4,""track_windows"":[{""dynamic_background_clutter"":0,""event_center_frame"":196,""fast_motion"":0,""inactive_frames_in_window"":0,""medium_size"":1,""normal_size"":1,""occlusion"":0,""offset_steps"":0,""out_of_view"":0,""requested_window_mode"":""motion"",""scale_variation"":0,""selected_window_mode"":""motion"",""small_size"":0,""source_active_frames"":1000,""source_end_frame"":315,""source_frames"":1000,""source_inactive_frames"":0,""source_path"":""D:\\360Downloads\\123\\data\\Anti-UAV410\\annos\\test\\20190925_111757_1_3.txt"",""source_sha256"":""d8876472c16dd856e86879b38909860b0691a575ecc63ce66941be4f0963750e"",""source_start_frame"":76,""source_window_frames"":240,""task_id"":""AU-01"",""thermal_crossover"":1,""tiny_size"":0,""visibility_event_count"":0},{""dynamic_background_clutter"":0,""event_center_frame"":119,""fast_motion"":0,""inactive_frames_in_window"":0,""medium_size"":1,""normal_size"":0,""occlusion"":0,""offset_steps"":1,""out_of_view"":0,""requested_window_mode"":""scale"",""scale_variation"":1,""selected_window_mode"":""scale"",""small_size"":1,""source_active_frames"":1000,""source_end_frame"":239,""source_frames"":1000,""source_inactive_frames"":0,""source_path"":""D:\\360Downloads\\123\\data\\Anti-UAV410\\annos\\test\\20190925_134301_1_5.txt"",""source_sha256"":""26e769707948dd3d63043a4b7eb75ce250c63623671e12d6f46252f139136ba2"",""source_start_frame"":0,""source_window_frames"":240,""task_id"":""AU-02"",""thermal_crossover"":1,""tiny_size"":0,""visibility_event_count"":0},{""dynamic_background_clutter"":0,""event_center_frame"":684,""fast_motion"":1,""inactive_frames_in_window"":1,""medium_size"":1,""normal_size"":0,""occlusion"":0,""offset_steps"":2,""out_of_view"":0,""requested_window_mode"":""visibility"",""scale_variation"":0,""selected_window_mode"":""visibility"",""small_size"":1,""source_active_frames"":999,""source_end_frame"":803,""source_frames"":1000,""source_inactive_frames"":1,""source_path"":""D:\\360Downloads\\123\\data\\Anti-UAV410\\annos\\test\\20190925_124000_1_6.txt"",""source_sha256"":""52b150943ea6abcf8835abe6ef29a2267f2f20bb1f959b911f568ce082e1d2d9"",""source_start_frame"":564,""source_window_frames"":240,""task_id"":""AU-03"",""thermal_crossover"":1,""tiny_size"":0,""visibility_event_count"":1},{""dynamic_background_clutter"":0,""event_center_frame"":276,""fast_motion"":1,""inactive_frames_in_window"":5,""medium_size"":1,""normal_size"":1,""occlusion"":0,""offset_steps"":3,""out_of_view"":1,""requested_window_mode"":""visibility"",""scale_variation"":0,""selected_window_mode"":""visibility"",""small_size"":0,""source_active_frames"":995,""source_end_frame"":395,""source_frames"":1000,""source_inactive_frames"":5,""source_path"":""D:\\360Downloads\\123\\data\\Anti-UAV410\\annos\\test\\20190926_095902_1_1.txt"",""source_sha256"":""d81153ed097958d087e6bf032d166aeedfd71bff12a1f21baa07742ff949b832"",""source_start_frame"":156,""source_window_frames"":240,""task_id"":""AU-04"",""thermal_crossover"":0,""tiny_size"":0,""visibility_event_count"":1}]}",10,371.0,AU-03,1,1,1,3,{},0.5384394043785243,0.6990712797685679,0.5,0.23537717838703054,0.5873813798865338,1.0,0.5384394043785243,0.6990712797685679,0.5,0.23537717838703054,0.5873813798865338,1.0
anti_uav410,AU-L04-W03,public-trajectory-replay-v2,"{""event_window_version"":""anti-uav-event-window-v1"",""evidence_type"":""measured_image_plane_tracks_with_simulated_response_resources"",""fps"":null,""image_height"":512,""image_width"":640,""measured_dimensions"":[""apparent_size"",""image_plane_speed"",""visibility""],""motion_unit"":""normalized_image_diagonal_per_frame"",""protected_point"":[0.5,0.85],""source_files"":[""D:\\360Downloads\\123\\data\\Anti-UAV410\\annos\\test\\20190925_111757_1_3.txt"",""D:\\360Downloads\\123\\data\\Anti-UAV410\\annos\\test\\20190925_134301_1_5.txt"",""D:\\360Downloads\\123\\data\\Anti-UAV410\\annos\\test\\20190925_124000_1_6.txt"",""D:\\360Downloads\\123\\data\\Anti-UAV410\\annos\\test\\20190926_095902_1_1.txt""],""source_sha256"":[""d8876472c16dd856e86879b38909860b0691a575ecc63ce66941be4f0963750e"",""26e769707948dd3d63043a4b7eb75ce250c63623671e12d6f46252f139136ba2"",""52b150943ea6abcf8835abe6ef29a2267f2f20bb1f959b911f568ce082e1d2d9"",""d81153ed097958d087e6bf032d166aeedfd71bff12a1f21baa07742ff949b832""],""synthetic_dimensions"":[""spatial_level"",""risk"",""response_window"",""multi_sequence_concurrency"",""resources""],""time_basis"":""frames"",""track_count"":4,""track_windows"":[{""dynamic_background_clutter"":0,""event_center_frame"":196,""fast_motion"":0,""inactive_frames_in_window"":0,""medium_size"":1,""normal_size"":1,""occlusion"":0,""offset_steps"":0,""out_of_view"":0,""requested_window_mode"":""motion"",""scale_variation"":0,""selected_window_mode"":""motion"",""small_size"":0,""source_active_frames"":1000,""source_end_frame"":315,""source_frames"":1000,""source_inactive_frames"":0,""source_path"":""D:\\360Downloads\\123\\data\\Anti-UAV410\\annos\\test\\20190925_111757_1_3.txt"",""source_sha256"":""d8876472c16dd856e86879b38909860b0691a575ecc63ce66941be4f0963750e"",""source_start_frame"":76,""source_window_frames"":240,""task_id"":""AU-01"",""thermal_crossover"":1,""tiny_size"":0,""visibility_event_count"":0},{""dynamic_background_clutter"":0,""event_center_frame"":119,""fast_motion"":0,""inactive_frames_in_window"":0,""medium_size"":1,""normal_size"":0,""occlusion"":0,""offset_steps"":1,""out_of_view"":0,""requested_window_mode"":""scale"",""scale_variation"":1,""selected_window_mode"":""scale"",""small_size"":1,""source_active_frames"":1000,""source_end_frame"":239,""source_frames"":1000,""source_inactive_frames"":0,""source_path"":""D:\\360Downloads\\123\\data\\Anti-UAV410\\annos\\test\\20190925_134301_1_5.txt"",""source_sha256"":""26e769707948dd3d63043a4b7eb75ce250c63623671e12d6f46252f139136ba2"",""source_start_frame"":0,""source_window_frames"":240,""task_id"":""AU-02"",""thermal_crossover"":1,""tiny_size"":0,""visibility_event_count"":0},{""dynamic_background_clutter"":0,""event_center_frame"":684,""fast_motion"":1,""inactive_frames_in_window"":1,""medium_size"":1,""normal_size"":0,""occlusion"":0,""offset_steps"":2,""out_of_view"":0,""requested_window_mode"":""visibility"",""scale_variation"":0,""selected_window_mode"":""visibility"",""small_size"":1,""source_active_frames"":999,""source_end_frame"":803,""source_frames"":1000,""source_inactive_frames"":1,""source_path"":""D:\\360Downloads\\123\\data\\Anti-UAV410\\annos\\test\\20190925_124000_1_6.txt"",""source_sha256"":""52b150943ea6abcf8835abe6ef29a2267f2f20bb1f959b911f568ce082e1d2d9"",""source_start_frame"":564,""source_window_frames"":240,""task_id"":""AU-03"",""thermal_crossover"":1,""tiny_size"":0,""visibility_event_count"":1},{""dynamic_background_clutter"":0,""event_center_frame"":276,""fast_motion"":1,""inactive_frames_in_window"":5,""medium_size"":1,""normal_size"":1,""occlusion"":0,""offset_steps"":3,""out_of_view"":1,""requested_window_mode"":""visibility"",""scale_variation"":0,""selected_window_mode"":""visibility"",""small_size"":0,""source_active_frames"":995,""source_end_frame"":395,""source_frames"":1000,""source_inactive_frames"":5,""source_path"":""D:\\360Downloads\\123\\data\\Anti-UAV410\\annos\\test\\20190926_095902_1_1.txt"",""source_sha256"":""d81153ed097958d087e6bf032d166aeedfd71bff12a1f21baa07742ff949b832"",""source_start_frame"":156,""source_window_frames"":240,""task_id"":""AU-04"",""thermal_crossover"":0,""tiny_size"":0,""visibility_event_count"":1}]}",10,371.0,AU-04,1,1,1,3,{},0.6620168655669877,0.0,0.5,0.0,0.8600129370018434,0.2,0.6620168655669877,0.0,0.5,0.0,0.8600129370018434,0.2
anti_uav410,AU-L04-W03,public-trajectory-replay-v2,"{""event_window_version"":""anti-uav-event-window-v1"",""evidence_type"":""measured_image_plane_tracks_with_simulated_response_resources"",""fps"":null,""image_height"":512,""image_width"":640,""measured_dimensions"":[""apparent_size"",""image_plane_speed"",""visibility""],""motion_unit"":""normalized_image_diagonal_per_frame"",""protected_point"":[0.5,0.85],""source_files"":[""D:\\360Downloads\\123\\data\\Anti-UAV410\\annos\\test\\20190925_111757_1_3.txt"",""D:\\360Downloads\\123\\data\\Anti-UAV410\\annos\\test\\20190925_134301_1_5.txt"",""D:\\360Downloads\\123\\data\\Anti-UAV410\\annos\\test\\20190925_124000_1_6.txt"",""D:\\360Downloads\\123\\data\\Anti-UAV410\\annos\\test\\20190926_095902_1_1.txt""],""source_sha256"":[""d8876472c16dd856e86879b38909860b0691a575ecc63ce66941be4f0963750e"",""26e769707948dd3d63043a4b7eb75ce250c63623671e12d6f46252f139136ba2"",""52b150943ea6abcf8835abe6ef29a2267f2f20bb1f959b911f568ce082e1d2d9"",""d81153ed097958d087e6bf032d166aeedfd71bff12a1f21baa07742ff949b832""],""synthetic_dimensions"":[""spatial_level"",""risk"",""response_window"",""multi_sequence_concurrency"",""resources""],""time_basis"":""frames"",""track_count"":4,""track_windows"":[{""dynamic_background_clutter"":0,""event_center_frame"":196,""fast_motion"":0,""inactive_frames_in_window"":0,""medium_size"":1,""normal_size"":1,""occlusion"":0,""offset_steps"":0,""out_of_view"":0,""requested_window_mode"":""motion"",""scale_variation"":0,""selected_window_mode"":""motion"",""small_size"":0,""source_active_frames"":1000,""source_end_frame"":315,""source_frames"":1000,""source_inactive_frames"":0,""source_path"":""D:\\360Downloads\\123\\data\\Anti-UAV410\\annos\\test\\20190925_111757_1_3.txt"",""source_sha256"":""d8876472c16dd856e86879b38909860b0691a575ecc63ce66941be4f0963750e"",""source_start_frame"":76,""source_window_frames"":240,""task_id"":""AU-01"",""thermal_crossover"":1,""tiny_size"":0,""visibility_event_count"":0},{""dynamic_background_clutter"":0,""event_center_frame"":119,""fast_motion"":0,""inactive_frames_in_window"":0,""medium_size"":1,""normal_size"":0,""occlusion"":0,""offset_steps"":1,""out_of_view"":0,""requested_window_mode"":""scale"",""scale_variation"":1,""selected_window_mode"":""scale"",""small_size"":1,""source_active_frames"":1000,""source_end_frame"":239,""source_frames"":1000,""source_inactive_frames"":0,""source_path"":""D:\\360Downloads\\123\\data\\Anti-UAV410\\annos\\test\\20190925_134301_1_5.txt"",""source_sha256"":""26e769707948dd3d63043a4b7eb75ce250c63623671e12d6f46252f139136ba2"",""source_start_frame"":0,""source_window_frames"":240,""task_id"":""AU-02"",""thermal_crossover"":1,""tiny_size"":0,""visibility_event_count"":0},{""dynamic_background_clutter"":0,""event_center_frame"":684,""fast_motion"":1,""inactive_frames_in_window"":1,""medium_size"":1,""normal_size"":0,""occlusion"":0,""offset_steps"":2,""out_of_view"":0,""requested_window_mode"":""visibility"",""scale_variation"":0,""selected_window_mode"":""visibility"",""small_size"":1,""source_active_frames"":999,""source_end_frame"":803,""source_frames"":1000,""source_inactive_frames"":1,""source_path"":""D:\\360Downloads\\123\\data\\Anti-UAV410\\annos\\test\\20190925_124000_1_6.txt"",""source_sha256"":""52b150943ea6abcf8835abe6ef29a2267f2f20bb1f959b911f568ce082e1d2d9"",""source_start_frame"":564,""source_window_frames"":240,""task_id"":""AU-03"",""thermal_crossover"":1,""tiny_size"":0,""visibility_event_count"":1},{""dynamic_background_clutter"":0,""event_center_frame"":276,""fast_motion"":1,""inactive_frames_in_window"":5,""medium_size"":1,""normal_size"":1,""occlusion"":0,""offset_steps"":3,""out_of_view"":1,""requested_window_mode"":""visibility"",""scale_variation"":0,""selected_window_mode"":""visibility"",""small_size"":0,""source_active_frames"":995,""source_end_frame"":395,""source_frames"":1000,""source_inactive_frames"":5,""source_path"":""D:\\360Downloads\\123\\data\\Anti-UAV410\\annos\\test\\20190926_095902_1_1.txt"",""source_sha256"":""d81153ed097958d087e6bf032d166aeedfd71bff12a1f21baa07742ff949b832"",""source_start_frame"":156,""source_window_frames"":240,""task_id"":""AU-04"",""thermal_crossover"":0,""tiny_size"":0,""visibility_event_count"":1}]}",11,438.0,AU-01,1,1,1,3,{},0.647123627072353,0.030040525931461212,0.5,0.49118387429592314,0.6139097934282396,1.0,0.647123627072353,0.030040525931461212,0.5,0.49118387429592314,0.6139097934282396,1.0
anti_uav410,AU-L04-W03,public-trajectory-replay-v2,"{""event_window_version"":""anti-uav-event-window-v1"",""evidence_type"":""measured_image_plane_tracks_with_simulated_response_resources"",""fps"":null,""image_height"":512,""image_width"":640,""measured_dimensions"":[""apparent_size"",""image_plane_speed"",""visibility""],""motion_unit"":""normalized_image_diagonal_per_frame"",""protected_point"":[0.5,0.85],""source_files"":[""D:\\360Downloads\\123\\data\\Anti-UAV410\\annos\\test\\20190925_111757_1_3.txt"",""D:\\360Downloads\\123\\data\\Anti-UAV410\\annos\\test\\20190925_134301_1_5.txt"",""D:\\360Downloads\\123\\data\\Anti-UAV410\\annos\\test\\20190925_124000_1_6.txt"",""D:\\360Downloads\\123\\data\\Anti-UAV410\\annos\\test\\20190926_095902_1_1.txt""],""source_sha256"":[""d8876472c16dd856e86879b38909860b0691a575ecc63ce66941be4f0963750e"",""26e769707948dd3d63043a4b7eb75ce250c63623671e12d6f46252f139136ba2"",""52b150943ea6abcf8835abe6ef29a2267f2f20bb1f959b911f568ce082e1d2d9"",""d81153ed097958d087e6bf032d166aeedfd71bff12a1f21baa07742ff949b832""],""synthetic_dimensions"":[""spatial_level"",""risk"",""response_window"",""multi_sequence_concurrency"",""resources""],""time_basis"":""frames"",""track_count"":4,""track_windows"":[{""dynamic_background_clutter"":0,""event_center_frame"":196,""fast_motion"":0,""inactive_frames_in_window"":0,""medium_size"":1,""normal_size"":1,""occlusion"":0,""offset_steps"":0,""out_of_view"":0,""requested_window_mode"":""motion"",""scale_variation"":0,""selected_window_mode"":""motion"",""small_size"":0,""source_active_frames"":1000,""source_end_frame"":315,""source_frames"":1000,""source_inactive_frames"":0,""source_path"":""D:\\360Downloads\\123\\data\\Anti-UAV410\\annos\\test\\20190925_111757_1_3.txt"",""source_sha256"":""d8876472c16dd856e86879b38909860b0691a575ecc63ce66941be4f0963750e"",""source_start_frame"":76,""source_window_frames"":240,""task_id"":""AU-01"",""thermal_crossover"":1,""tiny_size"":0,""visibility_event_count"":0},{""dynamic_background_clutter"":0,""event_center_frame"":119,""fast_motion"":0,""inactive_frames_in_window"":0,""medium_size"":1,""normal_size"":0,""occlusion"":0,""offset_steps"":1,""out_of_view"":0,""requested_window_mode"":""scale"",""scale_variation"":1,""selected_window_mode"":""scale"",""small_size"":1,""source_active_frames"":1000,""source_end_frame"":239,""source_frames"":1000,""source_inactive_frames"":0,""source_path"":""D:\\360Downloads\\123\\data\\Anti-UAV410\\annos\\test\\20190925_134301_1_5.txt"",""source_sha256"":""26e769707948dd3d63043a4b7eb75ce250c63623671e12d6f46252f139136ba2"",""source_start_frame"":0,""source_window_frames"":240,""task_id"":""AU-02"",""thermal_crossover"":1,""tiny_size"":0,""visibility_event_count"":0},{""dynamic_background_clutter"":0,""event_center_frame"":684,""fast_motion"":1,""inactive_frames_in_window"":1,""medium_size"":1,""normal_size"":0,""occlusion"":0,""offset_steps"":2,""out_of_view"":0,""requested_window_mode"":""visibility"",""scale_variation"":0,""selected_window_mode"":""visibility"",""small_size"":1,""source_active_frames"":999,""source_end_frame"":803,""source_frames"":1000,""source_inactive_frames"":1,""source_path"":""D:\\360Downloads\\123\\data\\Anti-UAV410\\annos\\test\\20190925_124000_1_6.txt"",""source_sha256"":""52b150943ea6abcf8835abe6ef29a2267f2f20bb1f959b911f568ce082e1d2d9"",""source_start_frame"":564,""source_window_frames"":240,""task_id"":""AU-03"",""thermal_crossover"":1,""tiny_size"":0,""visibility_event_count"":1},{""dynamic_background_clutter"":0,""event_center_frame"":276,""fast_motion"":1,""inactive_frames_in_window"":5,""medium_size"":1,""normal_size"":1,""occlusion"":0,""offset_steps"":3,""out_of_view"":1,""requested_window_mode"":""visibility"",""scale_variation"":0,""selected_window_mode"":""visibility"",""small_size"":0,""source_active_frames"":995,""source_end_frame"":395,""source_frames"":1000,""source_inactive_frames"":5,""source_path"":""D:\\360Downloads\\123\\data\\Anti-UAV410\\annos\\test\\20190926_095902_1_1.txt"",""source_sha256"":""d81153ed097958d087e6bf032d166aeedfd71bff12a1f21baa07742ff949b832"",""source_start_frame"":156,""source_window_frames"":240,""task_id"":""AU-04"",""thermal_crossover"":0,""tiny_size"":0,""visibility_event_count"":1}]}",11,438.0,AU-02,1,1,1,3,{},0.37850108994137066,0.1525722680598736,0.5,0.5502705761890104,0.6282330889352904,1.0,0.37850108994137066,0.1525722680598736,0.5,0.5502705761890104,0.6282330889352904,1.0
anti_uav410,AU-L04-W03,public-trajectory-replay-v2,"{""event_window_version"":""anti-uav-event-window-v1"",""evidence_type"":""measured_image_plane_tracks_with_simulated_response_resources"",""fps"":null,""image_height"":512,""image_width"":640,""measured_dimensions"":[""apparent_size"",""image_plane_speed"",""visibility""],""motion_unit"":""normalized_image_diagonal_per_frame"",""protected_point"":[0.5,0.85],""source_files"":[""D:\\360Downloads\\123\\data\\Anti-UAV410\\annos\\test\\20190925_111757_1_3.txt"",""D:\\360Downloads\\123\\data\\Anti-UAV410\\annos\\test\\20190925_134301_1_5.txt"",""D:\\360Downloads\\123\\data\\Anti-UAV410\\annos\\test\\20190925_124000_1_6.txt"",""D:\\360Downloads\\123\\data\\Anti-UAV410\\annos\\test\\20190926_095902_1_1.txt""],""source_sha256"":[""d8876472c16dd856e86879b38909860b0691a575ecc63ce66941be4f0963750e"",""26e769707948dd3d63043a4b7eb75ce250c63623671e12d6f46252f139136ba2"",""52b150943ea6abcf8835abe6ef29a2267f2f20bb1f959b911f568ce082e1d2d9"",""d81153ed097958d087e6bf032d166aeedfd71bff12a1f21baa07742ff949b832""],""synthetic_dimensions"":[""spatial_level"",""risk"",""response_window"",""multi_sequence_concurrency"",""resources""],""time_basis"":""frames"",""track_count"":4,""track_windows"":[{""dynamic_background_clutter"":0,""event_center_frame"":196,""fast_motion"":0,""inactive_frames_in_window"":0,""medium_size"":1,""normal_size"":1,""occlusion"":0,""offset_steps"":0,""out_of_view"":0,""requested_window_mode"":""motion"",""scale_variation"":0,""selected_window_mode"":""motion"",""small_size"":0,""source_active_frames"":1000,""source_end_frame"":315,""source_frames"":1000,""source_inactive_frames"":0,""source_path"":""D:\\360Downloads\\123\\data\\Anti-UAV410\\annos\\test\\20190925_111757_1_3.txt"",""source_sha256"":""d8876472c16dd856e86879b38909860b0691a575ecc63ce66941be4f0963750e"",""source_start_frame"":76,""source_window_frames"":240,""task_id"":""AU-01"",""thermal_crossover"":1,""tiny_size"":0,""visibility_event_count"":0},{""dynamic_background_clutter"":0,""event_center_frame"":119,""fast_motion"":0,""inactive_frames_in_window"":0,""medium_size"":1,""normal_size"":0,""occlusion"":0,""offset_steps"":1,""out_of_view"":0,""requested_window_mode"":""scale"",""scale_variation"":1,""selected_window_mode"":""scale"",""small_size"":1,""source_active_frames"":1000,""source_end_frame"":239,""source_frames"":1000,""source_inactive_frames"":0,""source_path"":""D:\\360Downloads\\123\\data\\Anti-UAV410\\annos\\test\\20190925_134301_1_5.txt"",""source_sha256"":""26e769707948dd3d63043a4b7eb75ce250c63623671e12d6f46252f139136ba2"",""source_start_frame"":0,""source_window_frames"":240,""task_id"":""AU-02"",""thermal_crossover"":1,""tiny_size"":0,""visibility_event_count"":0},{""dynamic_background_clutter"":0,""event_center_frame"":684,""fast_motion"":1,""inactive_frames_in_window"":1,""medium_size"":1,""normal_size"":0,""occlusion"":0,""offset_steps"":2,""out_of_view"":0,""requested_window_mode"":""visibility"",""scale_variation"":0,""selected_window_mode"":""visibility"",""small_size"":1,""source_active_frames"":999,""source_end_frame"":803,""source_frames"":1000,""source_inactive_frames"":1,""source_path"":""D:\\360Downloads\\123\\data\\Anti-UAV410\\annos\\test\\20190925_124000_1_6.txt"",""source_sha256"":""52b150943ea6abcf8835abe6ef29a2267f2f20bb1f959b911f568ce082e1d2d9"",""source_start_frame"":564,""source_window_frames"":240,""task_id"":""AU-03"",""thermal_crossover"":1,""tiny_size"":0,""visibility_event_count"":1},{""dynamic_background_clutter"":0,""event_center_frame"":276,""fast_motion"":1,""inactive_frames_in_window"":5,""medium_size"":1,""normal_size"":1,""occlusion"":0,""offset_steps"":3,""out_of_view"":1,""requested_window_mode"":""visibility"",""scale_variation"":0,""selected_window_mode"":""visibility"",""small_size"":0,""source_active_frames"":995,""source_end_frame"":395,""source_frames"":1000,""source_inactive_frames"":5,""source_path"":""D:\\360Downloads\\123\\data\\Anti-UAV410\\annos\\test\\20190926_095902_1_1.txt"",""source_sha256"":""d81153ed097958d087e6bf032d166aeedfd71bff12a1f21baa07742ff949b832"",""source_start_frame"":156,""source_window_frames"":240,""task_id"":""AU-04"",""thermal_crossover"":0,""tiny_size"":0,""visibility_event_count"":1}]}",11,438.0,AU-03,1,1,1,3,{},0.5252901758839663,0.08346315240854976,0.5,0.659022309578258,0.6451322595901016,1.0,0.5252901758839663,0.08346315240854976,0.5,0.659022309578258,0.6451322595901016,1.0
anti_uav410,AU-L04-W03,public-trajectory-replay-v2,"{""event_window_version"":""anti-uav-event-window-v1"",""evidence_type"":""measured_image_plane_tracks_with_simulated_response_resources"",""fps"":null,""image_height"":512,""image_width"":640,""measured_dimensions"":[""apparent_size"",""image_plane_speed"",""visibility""],""motion_unit"":""normalized_image_diagonal_per_frame"",""protected_point"":[0.5,0.85],""source_files"":[""D:\\360Downloads\\123\\data\\Anti-UAV410\\annos\\test\\20190925_111757_1_3.txt"",""D:\\360Downloads\\123\\data\\Anti-UAV410\\annos\\test\\20190925_134301_1_5.txt"",""D:\\360Downloads\\123\\data\\Anti-UAV410\\annos\\test\\20190925_124000_1_6.txt"",""D:\\360Downloads\\123\\data\\Anti-UAV410\\annos\\test\\20190926_095902_1_1.txt""],""source_sha256"":[""d8876472c16dd856e86879b38909860b0691a575ecc63ce66941be4f0963750e"",""26e769707948dd3d63043a4b7eb75ce250c63623671e12d6f46252f139136ba2"",""52b150943ea6abcf8835abe6ef29a2267f2f20bb1f959b911f568ce082e1d2d9"",""d81153ed097958d087e6bf032d166aeedfd71bff12a1f21baa07742ff949b832""],""synthetic_dimensions"":[""spatial_level"",""risk"",""response_window"",""multi_sequence_concurrency"",""resources""],""time_basis"":""frames"",""track_count"":4,""track_windows"":[{""dynamic_background_clutter"":0,""event_center_frame"":196,""fast_motion"":0,""inactive_frames_in_window"":0,""medium_size"":1,""normal_size"":1,""occlusion"":0,""offset_steps"":0,""out_of_view"":0,""requested_window_mode"":""motion"",""scale_variation"":0,""selected_window_mode"":""motion"",""small_size"":0,""source_active_frames"":1000,""source_end_frame"":315,""source_frames"":1000,""source_inactive_frames"":0,""source_path"":""D:\\360Downloads\\123\\data\\Anti-UAV410\\annos\\test\\20190925_111757_1_3.txt"",""source_sha256"":""d8876472c16dd856e86879b38909860b0691a575ecc63ce66941be4f0963750e"",""source_start_frame"":76,""source_window_frames"":240,""task_id"":""AU-01"",""thermal_crossover"":1,""tiny_size"":0,""visibility_event_count"":0},{""dynamic_background_clutter"":0,""event_center_frame"":119,""fast_motion"":0,""inactive_frames_in_window"":0,""medium_size"":1,""normal_size"":0,""occlusion"":0,""offset_steps"":1,""out_of_view"":0,""requested_window_mode"":""scale"",""scale_variation"":1,""selected_window_mode"":""scale"",""small_size"":1,""source_active_frames"":1000,""source_end_frame"":239,""source_frames"":1000,""source_inactive_frames"":0,""source_path"":""D:\\360Downloads\\123\\data\\Anti-UAV410\\annos\\test\\20190925_134301_1_5.txt"",""source_sha256"":""26e769707948dd3d63043a4b7eb75ce250c63623671e12d6f46252f139136ba2"",""source_start_frame"":0,""source_window_frames"":240,""task_id"":""AU-02"",""thermal_crossover"":1,""tiny_size"":0,""visibility_event_count"":0},{""dynamic_background_clutter"":0,""event_center_frame"":684,""fast_motion"":1,""inactive_frames_in_window"":1,""medium_size"":1,""normal_size"":0,""occlusion"":0,""offset_steps"":2,""out_of_view"":0,""requested_window_mode"":""visibility"",""scale_variation"":0,""selected_window_mode"":""visibility"",""small_size"":1,""source_active_frames"":999,""source_end_frame"":803,""source_frames"":1000,""source_inactive_frames"":1,""source_path"":""D:\\360Downloads\\123\\data\\Anti-UAV410\\annos\\test\\20190925_124000_1_6.txt"",""source_sha256"":""52b150943ea6abcf8835abe6ef29a2267f2f20bb1f959b911f568ce082e1d2d9"",""source_start_frame"":564,""source_window_frames"":240,""task_id"":""AU-03"",""thermal_crossover"":1,""tiny_size"":0,""visibility_event_count"":1},{""dynamic_background_clutter"":0,""event_center_frame"":276,""fast_motion"":1,""inactive_frames_in_window"":5,""medium_size"":1,""normal_size"":1,""occlusion"":0,""offset_steps"":3,""out_of_view"":1,""requested_window_mode"":""visibility"",""scale_variation"":0,""selected_window_mode"":""visibility"",""small_size"":0,""source_active_frames"":995,""source_end_frame"":395,""source_frames"":1000,""source_inactive_frames"":5,""source_path"":""D:\\360Downloads\\123\\data\\Anti-UAV410\\annos\\test\\20190926_095902_1_1.txt"",""source_sha256"":""d81153ed097958d087e6bf032d166aeedfd71bff12a1f21baa07742ff949b832"",""source_start_frame"":156,""source_window_frames"":240,""task_id"":""AU-04"",""thermal_crossover"":0,""tiny_size"":0,""visibility_event_count"":1}]}",11,438.0,AU-04,1,1,1,3,{},0.8052940675034493,0.2524908137187122,0.5,0.5492620421358138,0.5878716365779484,1.0,0.8052940675034493,0.2524908137187122,0.5,0.5492620421358138,0.5878716365779484,1.0
