dataset,sequence_id,mapping_version,metadata_json,step,source_time,task_id,true_active,observed_active,min_resources,max_resources,type_requirements_json,true_s,true_v,true_h,true_n,true_rho,true_tau,observed_s,observed_v,observed_h,observed_n,observed_rho,observed_tau
anti_uav410,AU-L04-W06,public-trajectory-replay-v2,"{""event_window_version"":""anti-uav-event-window-v1"",""evidence_type"":""measured_image_plane_tracks_with_simulated_response_resources"",""fps"":null,""image_height"":512,""image_width"":640,""measured_dimensions"":[""apparent_size"",""image_plane_speed"",""visibility""],""motion_unit"":""normalized_image_diagonal_per_frame"",""protected_point"":[0.5,0.85],""source_files"":[""D:\\360Downloads\\123\\data\\Anti-UAV410\\annos\\test\\20190925_134301_1_8.txt"",""D:\\360Downloads\\123\\data\\Anti-UAV410\\annos\\test\\20190925_111757_1_6.txt"",""D:\\360Downloads\\123\\data\\Anti-UAV410\\annos\\test\\20190926_134054_1_1.txt"",""D:\\360Downloads\\123\\data\\Anti-UAV410\\annos\\test\\02_6319_1500-2999.txt""],""source_sha256"":[""f6b7847e1588c4712031bf2104e7c39502a58e14b8c2b65ca436e604aac3f554"",""144d1b89616682688aa7832eef940e8a8c18f9547c1a17f517cab502988cb6fe"",""f52449accaade338669894d3ed549ab2f2de5c0daa4db5aba1a2adf39e5fd815"",""418793fcd6218f474aaf1f712abb5b5593ad00bca956c8ce6b32632303e64866""],""synthetic_dimensions"":[""spatial_level"",""risk"",""response_window"",""multi_sequence_concurrency"",""resources""],""time_basis"":""frames"",""track_count"":4,""track_windows"":[{""dynamic_background_clutter"":0,""event_center_frame"":284,""fast_motion"":1,""inactive_frames_in_window"":0,""medium_size"":1,""normal_size"":0,""occlusion"":0,""offset_steps"":0,""out_of_view"":0,""requested_window_mode"":""motion"",""scale_variation"":0,""selected_window_mode"":""motion"",""small_size"":1,""source_active_frames"":1000,""source_end_frame"":403,""source_frames"":1000,""source_inactive_frames"":0,""source_path"":""D:\\360Downloads\\123\\data\\Anti-UAV410\\annos\\test\\20190925_134301_1_8.txt"",""source_sha256"":""f6b7847e1588c4712031bf2104e7c39502a58e14b8c2b65ca436e604aac3f554"",""source_start_frame"":164,""source_window_frames"":240,""task_id"":""AU-01"",""thermal_crossover"":1,""tiny_size"":0,""visibility_event_count"":0},{""dynamic_background_clutter"":0,""event_center_frame"":937,""fast_motion"":0,""inactive_frames_in_window"":0,""medium_size"":1,""normal_size"":0,""occlusion"":0,""offset_steps"":1,""out_of_view"":0,""requested_window_mode"":""motion"",""scale_variation"":0,""selected_window_mode"":""motion"",""small_size"":1,""source_active_frames"":1000,""source_end_frame"":999,""source_frames"":1000,""source_inactive_frames"":0,""source_path"":""D:\\360Downloads\\123\\data\\Anti-UAV410\\annos\\test\\20190925_111757_1_6.txt"",""source_sha256"":""144d1b89616682688aa7832eef940e8a8c18f9547c1a17f517cab502988cb6fe"",""source_start_frame"":760,""source_window_frames"":240,""task_id"":""AU-02"",""thermal_crossover"":1,""tiny_size"":0,""visibility_event_count"":0},{""dynamic_background_clutter"":0,""event_center_frame"":2,""fast_motion"":0,""inactive_frames_in_window"":0,""medium_size"":1,""normal_size"":0,""occlusion"":0,""offset_steps"":2,""out_of_view"":0,""requested_window_mode"":""motion"",""scale_variation"":0,""selected_window_mode"":""motion"",""small_size"":1,""source_active_frames"":1000,""source_end_frame"":239,""source_frames"":1000,""source_inactive_frames"":0,""source_path"":""D:\\360Downloads\\123\\data\\Anti-UAV410\\annos\\test\\20190926_134054_1_1.txt"",""source_sha256"":""f52449accaade338669894d3ed549ab2f2de5c0daa4db5aba1a2adf39e5fd815"",""source_start_frame"":0,""source_window_frames"":240,""task_id"":""AU-03"",""thermal_crossover"":1,""tiny_size"":0,""visibility_event_count"":0},{""dynamic_background_clutter"":1,""event_center_frame"":1148,""fast_motion"":0,""inactive_frames_in_window"":0,""medium_size"":0,""normal_size"":0,""occlusion"":1,""offset_steps"":3,""out_of_view"":0,""requested_window_mode"":""visibility"",""scale_variation"":0,""selected_window_mode"":""motion"",""small_size"":1,""source_active_frames"":1500,""source_end_frame"":1267,""source_frames"":1500,""source_inactive_frames"":0,""source_path"":""D:\\360Downloads\\123\\data\\Anti-UAV410\\annos\\test\\02_6319_1500-2999.txt"",""source_sha256"":""418793fcd6218f474aaf1f712abb5b5593ad00bca956c8ce6b32632303e64866"",""source_start_frame"":1028,""source_window_frames"":240,""task_id"":""AU-04"",""thermal_crossover"":1,""tiny_size"":1,""visibility_event_count"":0}]}",0,164.0,AU-01,1,1,1,3,{},0.3857112823853809,0.0,0.5,0.0,0.5607104868983024,1.0,0.3857112823853809,0.0,0.5,0.0,0.5607104868983024,1.0
anti_uav410,AU-L04-W06,public-trajectory-replay-v2,"{""event_window_version"":""anti-uav-event-window-v1"",""evidence_type"":""measured_image_plane_tracks_with_simulated_response_resources"",""fps"":null,""image_height"":512,""image_width"":640,""measured_dimensions"":[""apparent_size"",""image_plane_speed"",""visibility""],""motion_unit"":""normalized_image_diagonal_per_frame"",""protected_point"":[0.5,0.85],""source_files"":[""D:\\360Downloads\\123\\data\\Anti-UAV410\\annos\\test\\20190925_134301_1_8.txt"",""D:\\360Downloads\\123\\data\\Anti-UAV410\\annos\\test\\20190925_111757_1_6.txt"",""D:\\360Downloads\\123\\data\\Anti-UAV410\\annos\\test\\20190926_134054_1_1.txt"",""D:\\360Downloads\\123\\data\\Anti-UAV410\\annos\\test\\02_6319_1500-2999.txt""],""source_sha256"":[""f6b7847e1588c4712031bf2104e7c39502a58e14b8c2b65ca436e604aac3f554"",""144d1b89616682688aa7832eef940e8a8c18f9547c1a17f517cab502988cb6fe"",""f52449accaade338669894d3ed549ab2f2de5c0daa4db5aba1a2adf39e5fd815"",""418793fcd6218f474aaf1f712abb5b5593ad00bca956c8ce6b32632303e64866""],""synthetic_dimensions"":[""spatial_level"",""risk"",""response_window"",""multi_sequence_concurrency"",""resources""],""time_basis"":""frames"",""track_count"":4,""track_windows"":[{""dynamic_background_clutter"":0,""event_center_frame"":284,""fast_motion"":1,""inactive_frames_in_window"":0,""medium_size"":1,""normal_size"":0,""occlusion"":0,""offset_steps"":0,""out_of_view"":0,""requested_window_mode"":""motion"",""scale_variation"":0,""selected_window_mode"":""motion"",""small_size"":1,""source_active_frames"":1000,""source_end_frame"":403,""source_frames"":1000,""source_inactive_frames"":0,""source_path"":""D:\\360Downloads\\123\\data\\Anti-UAV410\\annos\\test\\20190925_134301_1_8.txt"",""source_sha256"":""f6b7847e1588c4712031bf2104e7c39502a58e14b8c2b65ca436e604aac3f554"",""source_start_frame"":164,""source_window_frames"":240,""task_id"":""AU-01"",""thermal_crossover"":1,""tiny_size"":0,""visibility_event_count"":0},{""dynamic_background_clutter"":0,""event_center_frame"":937,""fast_motion"":0,""inactive_frames_in_window"":0,""medium_size"":1,""normal_size"":0,""occlusion"":0,""offset_steps"":1,""out_of_view"":0,""requested_window_mode"":""motion"",""scale_variation"":0,""selected_window_mode"":""motion"",""small_size"":1,""source_active_frames"":1000,""source_end_frame"":999,""source_frames"":1000,""source_inactive_frames"":0,""source_path"":""D:\\360Downloads\\123\\data\\Anti-UAV410\\annos\\test\\20190925_111757_1_6.txt"",""source_sha256"":""144d1b89616682688aa7832eef940e8a8c18f9547c1a17f517cab502988cb6fe"",""source_start_frame"":760,""source_window_frames"":240,""task_id"":""AU-02"",""thermal_crossover"":1,""tiny_size"":0,""visibility_event_count"":0},{""dynamic_background_clutter"":0,""event_center_frame"":2,""fast_motion"":0,""inactive_frames_in_window"":0,""medium_size"":1,""normal_size"":0,""occlusion"":0,""offset_steps"":2,""out_of_view"":0,""requested_window_mode"":""motion"",""scale_variation"":0,""selected_window_mode"":""motion"",""small_size"":1,""source_active_frames"":1000,""source_end_frame"":239,""source_frames"":1000,""source_inactive_frames"":0,""source_path"":""D:\\360Downloads\\123\\data\\Anti-UAV410\\annos\\test\\20190926_134054_1_1.txt"",""source_sha256"":""f52449accaade338669894d3ed549ab2f2de5c0daa4db5aba1a2adf39e5fd815"",""source_start_frame"":0,""source_window_frames"":240,""task_id"":""AU-03"",""thermal_crossover"":1,""tiny_size"":0,""visibility_event_count"":0},{""dynamic_background_clutter"":1,""event_center_frame"":1148,""fast_motion"":0,""inactive_frames_in_window"":0,""medium_size"":0,""normal_size"":0,""occlusion"":1,""offset_steps"":3,""out_of_view"":0,""requested_window_mode"":""visibility"",""scale_variation"":0,""selected_window_mode"":""motion"",""small_size"":1,""source_active_frames"":1500,""source_end_frame"":1267,""source_frames"":1500,""source_inactive_frames"":0,""source_path"":""D:\\360Downloads\\123\\data\\Anti-UAV410\\annos\\test\\02_6319_1500-2999.txt"",""source_sha256"":""418793fcd6218f474aaf1f712abb5b5593ad00bca956c8ce6b32632303e64866"",""source_start_frame"":1028,""source_window_frames"":240,""task_id"":""AU-04"",""thermal_crossover"":1,""tiny_size"":1,""visibility_event_count"":0}]}",0,164.0,AU-02,0,0,1,3,{},0.0,0.0,0.5,0.0,0.35,1.0,0.0,0.0,0.5,0.0,0.35,1.0
anti_uav410,AU-L04-W06,public-trajectory-replay-v2,"{""event_window_version"":""anti-uav-event-window-v1"",""evidence_type"":""measured_image_plane_tracks_with_simulated_response_resources"",""fps"":null,""image_height"":512,""image_width"":640,""measured_dimensions"":[""apparent_size"",""image_plane_speed"",""visibility""],""motion_unit"":""normalized_image_diagonal_per_frame"",""protected_point"":[0.5,0.85],""source_files"":[""D:\\360Downloads\\123\\data\\Anti-UAV410\\annos\\test\\20190925_134301_1_8.txt"",""D:\\360Downloads\\123\\data\\Anti-UAV410\\annos\\test\\20190925_111757_1_6.txt"",""D:\\360Downloads\\123\\data\\Anti-UAV410\\annos\\test\\20190926_134054_1_1.txt"",""D:\\360Downloads\\123\\data\\Anti-UAV410\\annos\\test\\02_6319_1500-2999.txt""],""source_sha256"":[""f6b7847e1588c4712031bf2104e7c39502a58e14b8c2b65ca436e604aac3f554"",""144d1b89616682688aa7832eef940e8a8c18f9547c1a17f517cab502988cb6fe"",""f52449accaade338669894d3ed549ab2f2de5c0daa4db5aba1a2adf39e5fd815"",""418793fcd6218f474aaf1f712abb5b5593ad00bca956c8ce6b32632303e64866""],""synthetic_dimensions"":[""spatial_level"",""risk"",""response_window"",""multi_sequence_concurrency"",""resources""],""time_basis"":""frames"",""track_count"":4,""track_windows"":[{""dynamic_background_clutter"":0,""event_center_frame"":284,""fast_motion"":1,""inactive_frames_in_window"":0,""medium_size"":1,""normal_size"":0,""occlusion"":0,""offset_steps"":0,""out_of_view"":0,""requested_window_mode"":""motion"",""scale_variation"":0,""selected_window_mode"":""motion"",""small_size"":1,""source_active_frames"":1000,""source_end_frame"":403,""source_frames"":1000,""source_inactive_frames"":0,""source_path"":""D:\\360Downloads\\123\\data\\Anti-UAV410\\annos\\test\\20190925_134301_1_8.txt"",""source_sha256"":""f6b7847e1588c4712031bf2104e7c39502a58e14b8c2b65ca436e604aac3f554"",""source_start_frame"":164,""source_window_frames"":240,""task_id"":""AU-01"",""thermal_crossover"":1,""tiny_size"":0,""visibility_event_count"":0},{""dynamic_background_clutter"":0,""event_center_frame"":937,""fast_motion"":0,""inactive_frames_in_window"":0,""medium_size"":1,""normal_size"":0,""occlusion"":0,""offset_steps"":1,""out_of_view"":0,""requested_window_mode"":""motion"",""scale_variation"":0,""selected_window_mode"":""motion"",""small_size"":1,""source_active_frames"":1000,""source_end_frame"":999,""source_frames"":1000,""source_inactive_frames"":0,""source_path"":""D:\\360Downloads\\123\\data\\Anti-UAV410\\annos\\test\\20190925_111757_1_6.txt"",""source_sha256"":""144d1b89616682688aa7832eef940e8a8c18f9547c1a17f517cab502988cb6fe"",""source_start_frame"":760,""source_window_frames"":240,""task_id"":""AU-02"",""thermal_crossover"":1,""tiny_size"":0,""visibility_event_count"":0},{""dynamic_background_clutter"":0,""event_center_frame"":2,""fast_motion"":0,""inactive_frames_in_window"":0,""medium_size"":1,""normal_size"":0,""occlusion"":0,""offset_steps"":2,""out_of_view"":0,""requested_window_mode"":""motion"",""scale_variation"":0,""selected_window_mode"":""motion"",""small_size"":1,""source_active_frames"":1000,""source_end_frame"":239,""source_frames"":1000,""source_inactive_frames"":0,""source_path"":""D:\\360Downloads\\123\\data\\Anti-UAV410\\annos\\test\\20190926_134054_1_1.txt"",""source_sha256"":""f52449accaade338669894d3ed549ab2f2de5c0daa4db5aba1a2adf39e5fd815"",""source_start_frame"":0,""source_window_frames"":240,""task_id"":""AU-03"",""thermal_crossover"":1,""tiny_size"":0,""visibility_event_count"":0},{""dynamic_background_clutter"":1,""event_center_frame"":1148,""fast_motion"":0,""inactive_frames_in_window"":0,""medium_size"":0,""normal_size"":0,""occlusion"":1,""offset_steps"":3,""out_of_view"":0,""requested_window_mode"":""visibility"",""scale_variation"":0,""selected_window_mode"":""motion"",""small_size"":1,""source_active_frames"":1500,""source_end_frame"":1267,""source_frames"":1500,""source_inactive_frames"":0,""source_path"":""D:\\360Downloads\\123\\data\\Anti-UAV410\\annos\\test\\02_6319_1500-2999.txt"",""source_sha256"":""418793fcd6218f474aaf1f712abb5b5593ad00bca956c8ce6b32632303e64866"",""source_start_frame"":1028,""source_window_frames"":240,""task_id"":""AU-04"",""thermal_crossover"":1,""tiny_size"":1,""visibility_event_count"":0}]}",0,164.0,AU-03,0,0,1,3,{},0.0,0.0,0.5,0.0,0.35,1.0,0.0,0.0,0.5,0.0,0.35,1.0
anti_uav410,AU-L04-W06,public-trajectory-replay-v2,"{""event_window_version"":""anti-uav-event-window-v1"",""evidence_type"":""measured_image_plane_tracks_with_simulated_response_resources"",""fps"":null,""image_height"":512,""image_width"":640,""measured_dimensions"":[""apparent_size"",""image_plane_speed"",""visibility""],""motion_unit"":""normalized_image_diagonal_per_frame"",""protected_point"":[0.5,0.85],""source_files"":[""D:\\360Downloads\\123\\data\\Anti-UAV410\\annos\\test\\20190925_134301_1_8.txt"",""D:\\360Downloads\\123\\data\\Anti-UAV410\\annos\\test\\20190925_111757_1_6.txt"",""D:\\360Downloads\\123\\data\\Anti-UAV410\\annos\\test\\20190926_134054_1_1.txt"",""D:\\360Downloads\\123\\data\\Anti-UAV410\\annos\\test\\02_6319_1500-2999.txt""],""source_sha256"":[""f6b7847e1588c4712031bf2104e7c39502a58e14b8c2b65ca436e604aac3f554"",""144d1b89616682688aa7832eef940e8a8c18f9547c1a17f517cab502988cb6fe"",""f52449accaade338669894d3ed549ab2f2de5c0daa4db5aba1a2adf39e5fd815"",""418793fcd6218f474aaf1f712abb5b5593ad00bca956c8ce6b32632303e64866""],""synthetic_dimensions"":[""spatial_level"",""risk"",""response_window"",""multi_sequence_concurrency"",""resources""],""time_basis"":""frames"",""track_count"":4,""track_windows"":[{""dynamic_background_clutter"":0,""event_center_frame"":284,""fast_motion"":1,""inactive_frames_in_window"":0,""medium_size"":1,""normal_size"":0,""occlusion"":0,""offset_steps"":0,""out_of_view"":0,""requested_window_mode"":""motion"",""scale_variation"":0,""selected_window_mode"":""motion"",""small_size"":1,""source_active_frames"":1000,""source_end_frame"":403,""source_frames"":1000,""source_inactive_frames"":0,""source_path"":""D:\\360Downloads\\123\\data\\Anti-UAV410\\annos\\test\\20190925_134301_1_8.txt"",""source_sha256"":""f6b7847e1588c4712031bf2104e7c39502a58e14b8c2b65ca436e604aac3f554"",""source_start_frame"":164,""source_window_frames"":240,""task_id"":""AU-01"",""thermal_crossover"":1,""tiny_size"":0,""visibility_event_count"":0},{""dynamic_background_clutter"":0,""event_center_frame"":937,""fast_motion"":0,""inactive_frames_in_window"":0,""medium_size"":1,""normal_size"":0,""occlusion"":0,""offset_steps"":1,""out_of_view"":0,""requested_window_mode"":""motion"",""scale_variation"":0,""selected_window_mode"":""motion"",""small_size"":1,""source_active_frames"":1000,""source_end_frame"":999,""source_frames"":1000,""source_inactive_frames"":0,""source_path"":""D:\\360Downloads\\123\\data\\Anti-UAV410\\annos\\test\\20190925_111757_1_6.txt"",""source_sha256"":""144d1b89616682688aa7832eef940e8a8c18f9547c1a17f517cab502988cb6fe"",""source_start_frame"":760,""source_window_frames"":240,""task_id"":""AU-02"",""thermal_crossover"":1,""tiny_size"":0,""visibility_event_count"":0},{""dynamic_background_clutter"":0,""event_center_frame"":2,""fast_motion"":0,""inactive_frames_in_window"":0,""medium_size"":1,""normal_size"":0,""occlusion"":0,""offset_steps"":2,""out_of_view"":0,""requested_window_mode"":""motion"",""scale_variation"":0,""selected_window_mode"":""motion"",""small_size"":1,""source_active_frames"":1000,""source_end_frame"":239,""source_frames"":1000,""source_inactive_frames"":0,""source_path"":""D:\\360Downloads\\123\\data\\Anti-UAV410\\annos\\test\\20190926_134054_1_1.txt"",""source_sha256"":""f52449accaade338669894d3ed549ab2f2de5c0daa4db5aba1a2adf39e5fd815"",""source_start_frame"":0,""source_window_frames"":240,""task_id"":""AU-03"",""thermal_crossover"":1,""tiny_size"":0,""visibility_event_count"":0},{""dynamic_background_clutter"":1,""event_center_frame"":1148,""fast_motion"":0,""inactive_frames_in_window"":0,""medium_size"":0,""normal_size"":0,""occlusion"":1,""offset_steps"":3,""out_of_view"":0,""requested_window_mode"":""visibility"",""scale_variation"":0,""selected_window_mode"":""motion"",""small_size"":1,""source_active_frames"":1500,""source_end_frame"":1267,""source_frames"":1500,""source_inactive_frames"":0,""source_path"":""D:\\360Downloads\\123\\data\\Anti-UAV410\\annos\\test\\02_6319_1500-2999.txt"",""source_sha256"":""418793fcd6218f474aaf1f712abb5b5593ad00bca956c8ce6b32632303e64866"",""source_start_frame"":1028,""source_window_frames"":240,""task_id"":""AU-04"",""thermal_crossover"":1,""tiny_size"":1,""visibility_event_count"":0}]}",0,164.0,AU-04,0,0,1,3,{},0.0,0.0,0.5,0.0,0.35,1.0,0.0,0.0,0.5,0.0,0.35,1.0
anti_uav410,AU-L04-W06,public-trajectory-replay-v2,"{""event_window_version"":""anti-uav-event-window-v1"",""evidence_type"":""measured_image_plane_tracks_with_simulated_response_resources"",""fps"":null,""image_height"":512,""image_width"":640,""measured_dimensions"":[""apparent_size"",""image_plane_speed"",""visibility""],""motion_unit"":""normalized_image_diagonal_per_frame"",""protected_point"":[0.5,0.85],""source_files"":[""D:\\360Downloads\\123\\data\\Anti-UAV410\\annos\\test\\20190925_134301_1_8.txt"",""D:\\360Downloads\\123\\data\\Anti-UAV410\\annos\\test\\20190925_111757_1_6.txt"",""D:\\360Downloads\\123\\data\\Anti-UAV410\\annos\\test\\20190926_134054_1_1.txt"",""D:\\360Downloads\\123\\data\\Anti-UAV410\\annos\\test\\02_6319_1500-2999.txt""],""source_sha256"":[""f6b7847e1588c4712031bf2104e7c39502a58e14b8c2b65ca436e604aac3f554"",""144d1b89616682688aa7832eef940e8a8c18f9547c1a17f517cab502988cb6fe"",""f52449accaade338669894d3ed549ab2f2de5c0daa4db5aba1a2adf39e5fd815"",""418793fcd6218f474aaf1f712abb5b5593ad00bca956c8ce6b32632303e64866""],""synthetic_dimensions"":[""spatial_level"",""risk"",""response_window"",""multi_sequence_concurrency"",""resources""],""time_basis"":""frames"",""track_count"":4,""track_windows"":[{""dynamic_background_clutter"":0,""event_center_frame"":284,""fast_motion"":1,""inactive_frames_in_window"":0,""medium_size"":1,""normal_size"":0,""occlusion"":0,""offset_steps"":0,""out_of_view"":0,""requested_window_mode"":""motion"",""scale_variation"":0,""selected_window_mode"":""motion"",""small_size"":1,""source_active_frames"":1000,""source_end_frame"":403,""source_frames"":1000,""source_inactive_frames"":0,""source_path"":""D:\\360Downloads\\123\\data\\Anti-UAV410\\annos\\test\\20190925_134301_1_8.txt"",""source_sha256"":""f6b7847e1588c4712031bf2104e7c39502a58e14b8c2b65ca436e604aac3f554"",""source_start_frame"":164,""source_window_frames"":240,""task_id"":""AU-01"",""thermal_crossover"":1,""tiny_size"":0,""visibility_event_count"":0},{""dynamic_background_clutter"":0,""event_center_frame"":937,""fast_motion"":0,""inactive_frames_in_window"":0,""medium_size"":1,""normal_size"":0,""occlusion"":0,""offset_steps"":1,""out_of_view"":0,""requested_window_mode"":""motion"",""scale_variation"":0,""selected_window_mode"":""motion"",""small_size"":1,""source_active_frames"":1000,""source_end_frame"":999,""source_frames"":1000,""source_inactive_frames"":0,""source_path"":""D:\\360Downloads\\123\\data\\Anti-UAV410\\annos\\test\\20190925_111757_1_6.txt"",""source_sha256"":""144d1b89616682688aa7832eef940e8a8c18f9547c1a17f517cab502988cb6fe"",""source_start_frame"":760,""source_window_frames"":240,""task_id"":""AU-02"",""thermal_crossover"":1,""tiny_size"":0,""visibility_event_count"":0},{""dynamic_background_clutter"":0,""event_center_frame"":2,""fast_motion"":0,""inactive_frames_in_window"":0,""medium_size"":1,""normal_size"":0,""occlusion"":0,""offset_steps"":2,""out_of_view"":0,""requested_window_mode"":""motion"",""scale_variation"":0,""selected_window_mode"":""motion"",""small_size"":1,""source_active_frames"":1000,""source_end_frame"":239,""source_frames"":1000,""source_inactive_frames"":0,""source_path"":""D:\\360Downloads\\123\\data\\Anti-UAV410\\annos\\test\\20190926_134054_1_1.txt"",""source_sha256"":""f52449accaade338669894d3ed549ab2f2de5c0daa4db5aba1a2adf39e5fd815"",""source_start_frame"":0,""source_window_frames"":240,""task_id"":""AU-03"",""thermal_crossover"":1,""tiny_size"":0,""visibility_event_count"":0},{""dynamic_background_clutter"":1,""event_center_frame"":1148,""fast_motion"":0,""inactive_frames_in_window"":0,""medium_size"":0,""normal_size"":0,""occlusion"":1,""offset_steps"":3,""out_of_view"":0,""requested_window_mode"":""visibility"",""scale_variation"":0,""selected_window_mode"":""motion"",""small_size"":1,""source_active_frames"":1500,""source_end_frame"":1267,""source_frames"":1500,""source_inactive_frames"":0,""source_path"":""D:\\360Downloads\\123\\data\\Anti-UAV410\\annos\\test\\02_6319_1500-2999.txt"",""source_sha256"":""418793fcd6218f474aaf1f712abb5b5593ad00bca956c8ce6b32632303e64866"",""source_start_frame"":1028,""source_window_frames"":240,""task_id"":""AU-04"",""thermal_crossover"":1,""tiny_size"":1,""visibility_event_count"":0}]}",1,473.0,AU-01,1,1,1,3,{},0.44917157059011303,0.1782321983994127,0.5,0.3431160056514925,0.6001926867483791,1.0,0.44917157059011303,0.1782321983994127,0.5,0.3431160056514925,0.6001926867483791,1.0
anti_uav410,AU-L04-W06,public-trajectory-replay-v2,"{""event_window_version"":""anti-uav-event-window-v1"",""evidence_type"":""measured_image_plane_tracks_with_simulated_response_resources"",""fps"":null,""image_height"":512,""image_width"":640,""measured_dimensions"":[""apparent_size"",""image_plane_speed"",""visibility""],""motion_unit"":""normalized_image_diagonal_per_frame"",""protected_point"":[0.5,0.85],""source_files"":[""D:\\360Downloads\\123\\data\\Anti-UAV410\\annos\\test\\20190925_134301_1_8.txt"",""D:\\360Downloads\\123\\data\\Anti-UAV410\\annos\\test\\20190925_111757_1_6.txt"",""D:\\360Downloads\\123\\data\\Anti-UAV410\\annos\\test\\20190926_134054_1_1.txt"",""D:\\360Downloads\\123\\data\\Anti-UAV410\\annos\\test\\02_6319_1500-2999.txt""],""source_sha256"":[""f6b7847e1588c4712031bf2104e7c39502a58e14b8c2b65ca436e604aac3f554"",""144d1b89616682688aa7832eef940e8a8c18f9547c1a17f517cab502988cb6fe"",""f52449accaade338669894d3ed549ab2f2de5c0daa4db5aba1a2adf39e5fd815"",""418793fcd6218f474aaf1f712abb5b5593ad00bca956c8ce6b32632303e64866""],""synthetic_dimensions"":[""spatial_level"",""risk"",""response_window"",""multi_sequence_concurrency"",""resources""],""time_basis"":""frames"",""track_count"":4,""track_windows"":[{""dynamic_background_clutter"":0,""event_center_frame"":284,""fast_motion"":1,""inactive_frames_in_window"":0,""medium_size"":1,""normal_size"":0,""occlusion"":0,""offset_steps"":0,""out_of_view"":0,""requested_window_mode"":""motion"",""scale_variation"":0,""selected_window_mode"":""motion"",""small_size"":1,""source_active_frames"":1000,""source_end_frame"":403,""source_frames"":1000,""source_inactive_frames"":0,""source_path"":""D:\\360Downloads\\123\\data\\Anti-UAV410\\annos\\test\\20190925_134301_1_8.txt"",""source_sha256"":""f6b7847e1588c4712031bf2104e7c39502a58e14b8c2b65ca436e604aac3f554"",""source_start_frame"":164,""source_window_frames"":240,""task_id"":""AU-01"",""thermal_crossover"":1,""tiny_size"":0,""visibility_event_count"":0},{""dynamic_background_clutter"":0,""event_center_frame"":937,""fast_motion"":0,""inactive_frames_in_window"":0,""medium_size"":1,""normal_size"":0,""occlusion"":0,""offset_steps"":1,""out_of_view"":0,""requested_window_mode"":""motion"",""scale_variation"":0,""selected_window_mode"":""motion"",""small_size"":1,""source_active_frames"":1000,""source_end_frame"":999,""source_frames"":1000,""source_inactive_frames"":0,""source_path"":""D:\\360Downloads\\123\\data\\Anti-UAV410\\annos\\test\\20190925_111757_1_6.txt"",""source_sha256"":""144d1b89616682688aa7832eef940e8a8c18f9547c1a17f517cab502988cb6fe"",""source_start_frame"":760,""source_window_frames"":240,""task_id"":""AU-02"",""thermal_crossover"":1,""tiny_size"":0,""visibility_event_count"":0},{""dynamic_background_clutter"":0,""event_center_frame"":2,""fast_motion"":0,""inactive_frames_in_window"":0,""medium_size"":1,""normal_size"":0,""occlusion"":0,""offset_steps"":2,""out_of_view"":0,""requested_window_mode"":""motion"",""scale_variation"":0,""selected_window_mode"":""motion"",""small_size"":1,""source_active_frames"":1000,""source_end_frame"":239,""source_frames"":1000,""source_inactive_frames"":0,""source_path"":""D:\\360Downloads\\123\\data\\Anti-UAV410\\annos\\test\\20190926_134054_1_1.txt"",""source_sha256"":""f52449accaade338669894d3ed549ab2f2de5c0daa4db5aba1a2adf39e5fd815"",""source_start_frame"":0,""source_window_frames"":240,""task_id"":""AU-03"",""thermal_crossover"":1,""tiny_size"":0,""visibility_event_count"":0},{""dynamic_background_clutter"":1,""event_center_frame"":1148,""fast_motion"":0,""inactive_frames_in_window"":0,""medium_size"":0,""normal_size"":0,""occlusion"":1,""offset_steps"":3,""out_of_view"":0,""requested_window_mode"":""visibility"",""scale_variation"":0,""selected_window_mode"":""motion"",""small_size"":1,""source_active_frames"":1500,""source_end_frame"":1267,""source_frames"":1500,""source_inactive_frames"":0,""source_path"":""D:\\360Downloads\\123\\data\\Anti-UAV410\\annos\\test\\02_6319_1500-2999.txt"",""source_sha256"":""418793fcd6218f474aaf1f712abb5b5593ad00bca956c8ce6b32632303e64866"",""source_start_frame"":1028,""source_window_frames"":240,""task_id"":""AU-04"",""thermal_crossover"":1,""tiny_size"":1,""visibility_event_count"":0}]}",1,473.0,AU-02,1,1,1,3,{},0.4685691201939214,0.0,0.5,0.3431160056514925,0.6648064644675363,1.0,0.4685691201939214,0.0,0.5,0.3431160056514925,0.6648064644675363,1.0
anti_uav410,AU-L04-W06,public-trajectory-replay-v2,"{""event_window_version"":""anti-uav-event-window-v1"",""evidence_type"":""measured_image_plane_tracks_with_simulated_response_resources"",""fps"":null,""image_height"":512,""image_width"":640,""measured_dimensions"":[""apparent_size"",""image_plane_speed"",""visibility""],""motion_unit"":""normalized_image_diagonal_per_frame"",""protected_point"":[0.5,0.85],""source_files"":[""D:\\360Downloads\\123\\data\\Anti-UAV410\\annos\\test\\20190925_134301_1_8.txt"",""D:\\360Downloads\\123\\data\\Anti-UAV410\\annos\\test\\20190925_111757_1_6.txt"",""D:\\360Downloads\\123\\data\\Anti-UAV410\\annos\\test\\20190926_134054_1_1.txt"",""D:\\360Downloads\\123\\data\\Anti-UAV410\\annos\\test\\02_6319_1500-2999.txt""],""source_sha256"":[""f6b7847e1588c4712031bf2104e7c39502a58e14b8c2b65ca436e604aac3f554"",""144d1b89616682688aa7832eef940e8a8c18f9547c1a17f517cab502988cb6fe"",""f52449accaade338669894d3ed549ab2f2de5c0daa4db5aba1a2adf39e5fd815"",""418793fcd6218f474aaf1f712abb5b5593ad00bca956c8ce6b32632303e64866""],""synthetic_dimensions"":[""spatial_level"",""risk"",""response_window"",""multi_sequence_concurrency"",""resources""],""time_basis"":""frames"",""track_count"":4,""track_windows"":[{""dynamic_background_clutter"":0,""event_center_frame"":284,""fast_motion"":1,""inactive_frames_in_window"":0,""medium_size"":1,""normal_size"":0,""occlusion"":0,""offset_steps"":0,""out_of_view"":0,""requested_window_mode"":""motion"",""scale_variation"":0,""selected_window_mode"":""motion"",""small_size"":1,""source_active_frames"":1000,""source_end_frame"":403,""source_frames"":1000,""source_inactive_frames"":0,""source_path"":""D:\\360Downloads\\123\\data\\Anti-UAV410\\annos\\test\\20190925_134301_1_8.txt"",""source_sha256"":""f6b7847e1588c4712031bf2104e7c39502a58e14b8c2b65ca436e604aac3f554"",""source_start_frame"":164,""source_window_frames"":240,""task_id"":""AU-01"",""thermal_crossover"":1,""tiny_size"":0,""visibility_event_count"":0},{""dynamic_background_clutter"":0,""event_center_frame"":937,""fast_motion"":0,""inactive_frames_in_window"":0,""medium_size"":1,""normal_size"":0,""occlusion"":0,""offset_steps"":1,""out_of_view"":0,""requested_window_mode"":""motion"",""scale_variation"":0,""selected_window_mode"":""motion"",""small_size"":1,""source_active_frames"":1000,""source_end_frame"":999,""source_frames"":1000,""source_inactive_frames"":0,""source_path"":""D:\\360Downloads\\123\\data\\Anti-UAV410\\annos\\test\\20190925_111757_1_6.txt"",""source_sha256"":""144d1b89616682688aa7832eef940e8a8c18f9547c1a17f517cab502988cb6fe"",""source_start_frame"":760,""source_window_frames"":240,""task_id"":""AU-02"",""thermal_crossover"":1,""tiny_size"":0,""visibility_event_count"":0},{""dynamic_background_clutter"":0,""event_center_frame"":2,""fast_motion"":0,""inactive_frames_in_window"":0,""medium_size"":1,""normal_size"":0,""occlusion"":0,""offset_steps"":2,""out_of_view"":0,""requested_window_mode"":""motion"",""scale_variation"":0,""selected_window_mode"":""motion"",""small_size"":1,""source_active_frames"":1000,""source_end_frame"":239,""source_frames"":1000,""source_inactive_frames"":0,""source_path"":""D:\\360Downloads\\123\\data\\Anti-UAV410\\annos\\test\\20190926_134054_1_1.txt"",""source_sha256"":""f52449accaade338669894d3ed549ab2f2de5c0daa4db5aba1a2adf39e5fd815"",""source_start_frame"":0,""source_window_frames"":240,""task_id"":""AU-03"",""thermal_crossover"":1,""tiny_size"":0,""visibility_event_count"":0},{""dynamic_background_clutter"":1,""event_center_frame"":1148,""fast_motion"":0,""inactive_frames_in_window"":0,""medium_size"":0,""normal_size"":0,""occlusion"":1,""offset_steps"":3,""out_of_view"":0,""requested_window_mode"":""visibility"",""scale_variation"":0,""selected_window_mode"":""motion"",""small_size"":1,""source_active_frames"":1500,""source_end_frame"":1267,""source_frames"":1500,""source_inactive_frames"":0,""source_path"":""D:\\360Downloads\\123\\data\\Anti-UAV410\\annos\\test\\02_6319_1500-2999.txt"",""source_sha256"":""418793fcd6218f474aaf1f712abb5b5593ad00bca956c8ce6b32632303e64866"",""source_start_frame"":1028,""source_window_frames"":240,""task_id"":""AU-04"",""thermal_crossover"":1,""tiny_size"":1,""visibility_event_count"":0}]}",1,473.0,AU-03,0,0,1,3,{},0.0,0.0,0.5,0.0,0.35,1.0,0.0,0.0,0.5,0.0,0.35,1.0
anti_uav410,AU-L04-W06,public-trajectory-replay-v2,"{""event_window_version"":""anti-uav-event-window-v1"",""evidence_type"":""measured_image_plane_tracks_with_simulated_response_resources"",""fps"":null,""image_height"":512,""image_width"":640,""measured_dimensions"":[""apparent_size"",""image_plane_speed"",""visibility""],""motion_unit"":""normalized_image_diagonal_per_frame"",""protected_point"":[0.5,0.85],""source_files"":[""D:\\360Downloads\\123\\data\\Anti-UAV410\\annos\\test\\20190925_134301_1_8.txt"",""D:\\360Downloads\\123\\data\\Anti-UAV410\\annos\\test\\20190925_111757_1_6.txt"",""D:\\360Downloads\\123\\data\\Anti-UAV410\\annos\\test\\20190926_134054_1_1.txt"",""D:\\360Downloads\\123\\data\\Anti-UAV410\\annos\\test\\02_6319_1500-2999.txt""],""source_sha256"":[""f6b7847e1588c4712031bf2104e7c39502a58e14b8c2b65ca436e604aac3f554"",""144d1b89616682688aa7832eef940e8a8c18f9547c1a17f517cab502988cb6fe"",""f52449accaade338669894d3ed549ab2f2de5c0daa4db5aba1a2adf39e5fd815"",""418793fcd6218f474aaf1f712abb5b5593ad00bca956c8ce6b32632303e64866""],""synthetic_dimensions"":[""spatial_level"",""risk"",""response_window"",""multi_sequence_concurrency"",""resources""],""time_basis"":""frames"",""track_count"":4,""track_windows"":[{""dynamic_background_clutter"":0,""event_center_frame"":284,""fast_motion"":1,""inactive_frames_in_window"":0,""medium_size"":1,""normal_size"":0,""occlusion"":0,""offset_steps"":0,""out_of_view"":0,""requested_window_mode"":""motion"",""scale_variation"":0,""selected_window_mode"":""motion"",""small_size"":1,""source_active_frames"":1000,""source_end_frame"":403,""source_frames"":1000,""source_inactive_frames"":0,""source_path"":""D:\\360Downloads\\123\\data\\Anti-UAV410\\annos\\test\\20190925_134301_1_8.txt"",""source_sha256"":""f6b7847e1588c4712031bf2104e7c39502a58e14b8c2b65ca436e604aac3f554"",""source_start_frame"":164,""source_window_frames"":240,""task_id"":""AU-01"",""thermal_crossover"":1,""tiny_size"":0,""visibility_event_count"":0},{""dynamic_background_clutter"":0,""event_center_frame"":937,""fast_motion"":0,""inactive_frames_in_window"":0,""medium_size"":1,""normal_size"":0,""occlusion"":0,""offset_steps"":1,""out_of_view"":0,""requested_window_mode"":""motion"",""scale_variation"":0,""selected_window_mode"":""motion"",""small_size"":1,""source_active_frames"":1000,""source_end_frame"":999,""source_frames"":1000,""source_inactive_frames"":0,""source_path"":""D:\\360Downloads\\123\\data\\Anti-UAV410\\annos\\test\\20190925_111757_1_6.txt"",""source_sha256"":""144d1b89616682688aa7832eef940e8a8c18f9547c1a17f517cab502988cb6fe"",""source_start_frame"":760,""source_window_frames"":240,""task_id"":""AU-02"",""thermal_crossover"":1,""tiny_size"":0,""visibility_event_count"":0},{""dynamic_background_clutter"":0,""event_center_frame"":2,""fast_motion"":0,""inactive_frames_in_window"":0,""medium_size"":1,""normal_size"":0,""occlusion"":0,""offset_steps"":2,""out_of_view"":0,""requested_window_mode"":""motion"",""scale_variation"":0,""selected_window_mode"":""motion"",""small_size"":1,""source_active_frames"":1000,""source_end_frame"":239,""source_frames"":1000,""source_inactive_frames"":0,""source_path"":""D:\\360Downloads\\123\\data\\Anti-UAV410\\annos\\test\\20190926_134054_1_1.txt"",""source_sha256"":""f52449accaade338669894d3ed549ab2f2de5c0daa4db5aba1a2adf39e5fd815"",""source_start_frame"":0,""source_window_frames"":240,""task_id"":""AU-03"",""thermal_crossover"":1,""tiny_size"":0,""visibility_event_count"":0},{""dynamic_background_clutter"":1,""event_center_frame"":1148,""fast_motion"":0,""inactive_frames_in_window"":0,""medium_size"":0,""normal_size"":0,""occlusion"":1,""offset_steps"":3,""out_of_view"":0,""requested_window_mode"":""visibility"",""scale_variation"":0,""selected_window_mode"":""motion"",""small_size"":1,""source_active_frames"":1500,""source_end_frame"":1267,""source_frames"":1500,""source_inactive_frames"":0,""source_path"":""D:\\360Downloads\\123\\data\\Anti-UAV410\\annos\\test\\02_6319_1500-2999.txt"",""source_sha256"":""418793fcd6218f474aaf1f712abb5b5593ad00bca956c8ce6b32632303e64866"",""source_start_frame"":1028,""source_window_frames"":240,""task_id"":""AU-04"",""thermal_crossover"":1,""tiny_size"":1,""visibility_event_count"":0}]}",1,473.0,AU-04,0,0,1,3,{},0.0,0.0,0.5,0.0,0.35,1.0,0.0,0.0,0.5,0.0,0.35,1.0
anti_uav410,AU-L04-W06,public-trajectory-replay-v2,"{""event_window_version"":""anti-uav-event-window-v1"",""evidence_type"":""measured_image_plane_tracks_with_simulated_response_resources"",""fps"":null,""image_height"":512,""image_width"":640,""measured_dimensions"":[""apparent_size"",""image_plane_speed"",""visibility""],""motion_unit"":""normalized_image_diagonal_per_frame"",""protected_point"":[0.5,0.85],""source_files"":[""D:\\360Downloads\\123\\data\\Anti-UAV410\\annos\\test\\20190925_134301_1_8.txt"",""D:\\360Downloads\\123\\data\\Anti-UAV410\\annos\\test\\20190925_111757_1_6.txt"",""D:\\360Downloads\\123\\data\\Anti-UAV410\\annos\\test\\20190926_134054_1_1.txt"",""D:\\360Downloads\\123\\data\\Anti-UAV410\\annos\\test\\02_6319_1500-2999.txt""],""source_sha256"":[""f6b7847e1588c4712031bf2104e7c39502a58e14b8c2b65ca436e604aac3f554"",""144d1b89616682688aa7832eef940e8a8c18f9547c1a17f517cab502988cb6fe"",""f52449accaade338669894d3ed549ab2f2de5c0daa4db5aba1a2adf39e5fd815"",""418793fcd6218f474aaf1f712abb5b5593ad00bca956c8ce6b32632303e64866""],""synthetic_dimensions"":[""spatial_level"",""risk"",""response_window"",""multi_sequence_concurrency"",""resources""],""time_basis"":""frames"",""track_count"":4,""track_windows"":[{""dynamic_background_clutter"":0,""event_center_frame"":284,""fast_motion"":1,""inactive_frames_in_window"":0,""medium_size"":1,""normal_size"":0,""occlusion"":0,""offset_steps"":0,""out_of_view"":0,""requested_window_mode"":""motion"",""scale_variation"":0,""selected_window_mode"":""motion"",""small_size"":1,""source_active_frames"":1000,""source_end_frame"":403,""source_frames"":1000,""source_inactive_frames"":0,""source_path"":""D:\\360Downloads\\123\\data\\Anti-UAV410\\annos\\test\\20190925_134301_1_8.txt"",""source_sha256"":""f6b7847e1588c4712031bf2104e7c39502a58e14b8c2b65ca436e604aac3f554"",""source_start_frame"":164,""source_window_frames"":240,""task_id"":""AU-01"",""thermal_crossover"":1,""tiny_size"":0,""visibility_event_count"":0},{""dynamic_background_clutter"":0,""event_center_frame"":937,""fast_motion"":0,""inactive_frames_in_window"":0,""medium_size"":1,""normal_size"":0,""occlusion"":0,""offset_steps"":1,""out_of_view"":0,""requested_window_mode"":""motion"",""scale_variation"":0,""selected_window_mode"":""motion"",""small_size"":1,""source_active_frames"":1000,""source_end_frame"":999,""source_frames"":1000,""source_inactive_frames"":0,""source_path"":""D:\\360Downloads\\123\\data\\Anti-UAV410\\annos\\test\\20190925_111757_1_6.txt"",""source_sha256"":""144d1b89616682688aa7832eef940e8a8c18f9547c1a17f517cab502988cb6fe"",""source_start_frame"":760,""source_window_frames"":240,""task_id"":""AU-02"",""thermal_crossover"":1,""tiny_size"":0,""visibility_event_count"":0},{""dynamic_background_clutter"":0,""event_center_frame"":2,""fast_motion"":0,""inactive_frames_in_window"":0,""medium_size"":1,""normal_size"":0,""occlusion"":0,""offset_steps"":2,""out_of_view"":0,""requested_window_mode"":""motion"",""scale_variation"":0,""selected_window_mode"":""motion"",""small_size"":1,""source_active_frames"":1000,""source_end_frame"":239,""source_frames"":1000,""source_inactive_frames"":0,""source_path"":""D:\\360Downloads\\123\\data\\Anti-UAV410\\annos\\test\\20190926_134054_1_1.txt"",""source_sha256"":""f52449accaade338669894d3ed549ab2f2de5c0daa4db5aba1a2adf39e5fd815"",""source_start_frame"":0,""source_window_frames"":240,""task_id"":""AU-03"",""thermal_crossover"":1,""tiny_size"":0,""visibility_event_count"":0},{""dynamic_background_clutter"":1,""event_center_frame"":1148,""fast_motion"":0,""inactive_frames_in_window"":0,""medium_size"":0,""normal_size"":0,""occlusion"":1,""offset_steps"":3,""out_of_view"":0,""requested_window_mode"":""visibility"",""scale_variation"":0,""selected_window_mode"":""motion"",""small_size"":1,""source_active_frames"":1500,""source_end_frame"":1267,""source_frames"":1500,""source_inactive_frames"":0,""source_path"":""D:\\360Downloads\\123\\data\\Anti-UAV410\\annos\\test\\02_6319_1500-2999.txt"",""source_sha256"":""418793fcd6218f474aaf1f712abb5b5593ad00bca956c8ce6b32632303e64866"",""source_start_frame"":1028,""source_window_frames"":240,""task_id"":""AU-04"",""thermal_crossover"":1,""tiny_size"":1,""visibility_event_count"":0}]}",2,330.3333333333333,AU-01,1,1,1,3,{},0.41175490366775774,0.7073890891539186,0.5,0.0,0.5127779484423942,1.0,0.41175490366775774,0.7073890891539186,0.5,0.0,0.5127779484423942,1.0
anti_uav410,AU-L04-W06,public-trajectory-replay-v2,"{""event_window_version"":""anti-uav-event-window-v1"",""evidence_type"":""measured_image_plane_tracks_with_simulated_response_resources"",""fps"":null,""image_height"":512,""image_width"":640,""measured_dimensions"":[""apparent_size"",""image_plane_speed"",""visibility""],""motion_unit"":""normalized_image_diagonal_per_frame"",""protected_point"":[0.5,0.85],""source_files"":[""D:\\360Downloads\\123\\data\\Anti-UAV410\\annos\\test\\20190925_134301_1_8.txt"",""D:\\360Downloads\\123\\data\\Anti-UAV410\\annos\\test\\20190925_111757_1_6.txt"",""D:\\360Downloads\\123\\data\\Anti-UAV410\\annos\\test\\20190926_134054_1_1.txt"",""D:\\360Downloads\\123\\data\\Anti-UAV410\\annos\\test\\02_6319_1500-2999.txt""],""source_sha256"":[""f6b7847e1588c4712031bf2104e7c39502a58e14b8c2b65ca436e604aac3f554"",""144d1b89616682688aa7832eef940e8a8c18f9547c1a17f517cab502988cb6fe"",""f52449accaade338669894d3ed549ab2f2de5c0daa4db5aba1a2adf39e5fd815"",""418793fcd6218f474aaf1f712abb5b5593ad00bca956c8ce6b32632303e64866""],""synthetic_dimensions"":[""spatial_level"",""risk"",""response_window"",""multi_sequence_concurrency"",""resources""],""time_basis"":""frames"",""track_count"":4,""track_windows"":[{""dynamic_background_clutter"":0,""event_center_frame"":284,""fast_motion"":1,""inactive_frames_in_window"":0,""medium_size"":1,""normal_size"":0,""occlusion"":0,""offset_steps"":0,""out_of_view"":0,""requested_window_mode"":""motion"",""scale_variation"":0,""selected_window_mode"":""motion"",""small_size"":1,""source_active_frames"":1000,""source_end_frame"":403,""source_frames"":1000,""source_inactive_frames"":0,""source_path"":""D:\\360Downloads\\123\\data\\Anti-UAV410\\annos\\test\\20190925_134301_1_8.txt"",""source_sha256"":""f6b7847e1588c4712031bf2104e7c39502a58e14b8c2b65ca436e604aac3f554"",""source_start_frame"":164,""source_window_frames"":240,""task_id"":""AU-01"",""thermal_crossover"":1,""tiny_size"":0,""visibility_event_count"":0},{""dynamic_background_clutter"":0,""event_center_frame"":937,""fast_motion"":0,""inactive_frames_in_window"":0,""medium_size"":1,""normal_size"":0,""occlusion"":0,""offset_steps"":1,""out_of_view"":0,""requested_window_mode"":""motion"",""scale_variation"":0,""selected_window_mode"":""motion"",""small_size"":1,""source_active_frames"":1000,""source_end_frame"":999,""source_frames"":1000,""source_inactive_frames"":0,""source_path"":""D:\\360Downloads\\123\\data\\Anti-UAV410\\annos\\test\\20190925_111757_1_6.txt"",""source_sha256"":""144d1b89616682688aa7832eef940e8a8c18f9547c1a17f517cab502988cb6fe"",""source_start_frame"":760,""source_window_frames"":240,""task_id"":""AU-02"",""thermal_crossover"":1,""tiny_size"":0,""visibility_event_count"":0},{""dynamic_background_clutter"":0,""event_center_frame"":2,""fast_motion"":0,""inactive_frames_in_window"":0,""medium_size"":1,""normal_size"":0,""occlusion"":0,""offset_steps"":2,""out_of_view"":0,""requested_window_mode"":""motion"",""scale_variation"":0,""selected_window_mode"":""motion"",""small_size"":1,""source_active_frames"":1000,""source_end_frame"":239,""source_frames"":1000,""source_inactive_frames"":0,""source_path"":""D:\\360Downloads\\123\\data\\Anti-UAV410\\annos\\test\\20190926_134054_1_1.txt"",""source_sha256"":""f52449accaade338669894d3ed549ab2f2de5c0daa4db5aba1a2adf39e5fd815"",""source_start_frame"":0,""source_window_frames"":240,""task_id"":""AU-03"",""thermal_crossover"":1,""tiny_size"":0,""visibility_event_count"":0},{""dynamic_background_clutter"":1,""event_center_frame"":1148,""fast_motion"":0,""inactive_frames_in_window"":0,""medium_size"":0,""normal_size"":0,""occlusion"":1,""offset_steps"":3,""out_of_view"":0,""requested_window_mode"":""visibility"",""scale_variation"":0,""selected_window_mode"":""motion"",""small_size"":1,""source_active_frames"":1500,""source_end_frame"":1267,""source_frames"":1500,""source_inactive_frames"":0,""source_path"":""D:\\360Downloads\\123\\data\\Anti-UAV410\\annos\\test\\02_6319_1500-2999.txt"",""source_sha256"":""418793fcd6218f474aaf1f712abb5b5593ad00bca956c8ce6b32632303e64866"",""source_start_frame"":1028,""source_window_frames"":240,""task_id"":""AU-04"",""thermal_crossover"":1,""tiny_size"":1,""visibility_event_count"":0}]}",2,330.3333333333333,AU-02,1,1,1,3,{},0.49795112437429545,0.058855122603600644,0.5,0.31345907722662936,0.6763732999573524,1.0,0.49795112437429545,0.058855122603600644,0.5,0.31345907722662936,0.6763732999573524,1.0
anti_uav410,AU-L04-W06,public-trajectory-replay-v2,"{""event_window_version"":""anti-uav-event-window-v1"",""evidence_type"":""measured_image_plane_tracks_with_simulated_response_resources"",""fps"":null,""image_height"":512,""image_width"":640,""measured_dimensions"":[""apparent_size"",""image_plane_speed"",""visibility""],""motion_unit"":""normalized_image_diagonal_per_frame"",""protected_point"":[0.5,0.85],""source_files"":[""D:\\360Downloads\\123\\data\\Anti-UAV410\\annos\\test\\20190925_134301_1_8.txt"",""D:\\360Downloads\\123\\data\\Anti-UAV410\\annos\\test\\20190925_111757_1_6.txt"",""D:\\360Downloads\\123\\data\\Anti-UAV410\\annos\\test\\20190926_134054_1_1.txt"",""D:\\360Downloads\\123\\data\\Anti-UAV410\\annos\\test\\02_6319_1500-2999.txt""],""source_sha256"":[""f6b7847e1588c4712031bf2104e7c39502a58e14b8c2b65ca436e604aac3f554"",""144d1b89616682688aa7832eef940e8a8c18f9547c1a17f517cab502988cb6fe"",""f52449accaade338669894d3ed549ab2f2de5c0daa4db5aba1a2adf39e5fd815"",""418793fcd6218f474aaf1f712abb5b5593ad00bca956c8ce6b32632303e64866""],""synthetic_dimensions"":[""spatial_level"",""risk"",""response_window"",""multi_sequence_concurrency"",""resources""],""time_basis"":""frames"",""track_count"":4,""track_windows"":[{""dynamic_background_clutter"":0,""event_center_frame"":284,""fast_motion"":1,""inactive_frames_in_window"":0,""medium_size"":1,""normal_size"":0,""occlusion"":0,""offset_steps"":0,""out_of_view"":0,""requested_window_mode"":""motion"",""scale_variation"":0,""selected_window_mode"":""motion"",""small_size"":1,""source_active_frames"":1000,""source_end_frame"":403,""source_frames"":1000,""source_inactive_frames"":0,""source_path"":""D:\\360Downloads\\123\\data\\Anti-UAV410\\annos\\test\\20190925_134301_1_8.txt"",""source_sha256"":""f6b7847e1588c4712031bf2104e7c39502a58e14b8c2b65ca436e604aac3f554"",""source_start_frame"":164,""source_window_frames"":240,""task_id"":""AU-01"",""thermal_crossover"":1,""tiny_size"":0,""visibility_event_count"":0},{""dynamic_background_clutter"":0,""event_center_frame"":937,""fast_motion"":0,""inactive_frames_in_window"":0,""medium_size"":1,""normal_size"":0,""occlusion"":0,""offset_steps"":1,""out_of_view"":0,""requested_window_mode"":""motion"",""scale_variation"":0,""selected_window_mode"":""motion"",""small_size"":1,""source_active_frames"":1000,""source_end_frame"":999,""source_frames"":1000,""source_inactive_frames"":0,""source_path"":""D:\\360Downloads\\123\\data\\Anti-UAV410\\annos\\test\\20190925_111757_1_6.txt"",""source_sha256"":""144d1b89616682688aa7832eef940e8a8c18f9547c1a17f517cab502988cb6fe"",""source_start_frame"":760,""source_window_frames"":240,""task_id"":""AU-02"",""thermal_crossover"":1,""tiny_size"":0,""visibility_event_count"":0},{""dynamic_background_clutter"":0,""event_center_frame"":2,""fast_motion"":0,""inactive_frames_in_window"":0,""medium_size"":1,""normal_size"":0,""occlusion"":0,""offset_steps"":2,""out_of_view"":0,""requested_window_mode"":""motion"",""scale_variation"":0,""selected_window_mode"":""motion"",""small_size"":1,""source_active_frames"":1000,""source_end_frame"":239,""source_frames"":1000,""source_inactive_frames"":0,""source_path"":""D:\\360Downloads\\123\\data\\Anti-UAV410\\annos\\test\\20190926_134054_1_1.txt"",""source_sha256"":""f52449accaade338669894d3ed549ab2f2de5c0daa4db5aba1a2adf39e5fd815"",""source_start_frame"":0,""source_window_frames"":240,""task_id"":""AU-03"",""thermal_crossover"":1,""tiny_size"":0,""visibility_event_count"":0},{""dynamic_background_clutter"":1,""event_center_frame"":1148,""fast_motion"":0,""inactive_frames_in_window"":0,""medium_size"":0,""normal_size"":0,""occlusion"":1,""offset_steps"":3,""out_of_view"":0,""requested_window_mode"":""visibility"",""scale_variation"":0,""selected_window_mode"":""motion"",""small_size"":1,""source_active_frames"":1500,""source_end_frame"":1267,""source_frames"":1500,""source_inactive_frames"":0,""source_path"":""D:\\360Downloads\\123\\data\\Anti-UAV410\\annos\\test\\02_6319_1500-2999.txt"",""source_sha256"":""418793fcd6218f474aaf1f712abb5b5593ad00bca956c8ce6b32632303e64866"",""source_start_frame"":1028,""source_window_frames"":240,""task_id"":""AU-04"",""thermal_crossover"":1,""tiny_size"":1,""visibility_event_count"":0}]}",2,330.3333333333333,AU-03,1,1,1,3,{},0.49581856157968157,0.0,0.5,0.31345907722662936,0.6549581294815872,1.0,0.49581856157968157,0.0,0.5,0.31345907722662936,0.6549581294815872,1.0
anti_uav410,AU-L04-W06,public-trajectory-replay-v2,"{""event_window_version"":""anti-uav-event-window-v1"",""evidence_type"":""measured_image_plane_tracks_with_simulated_response_resources"",""fps"":null,""image_height"":512,""image_width"":640,""measured_dimensions"":[""apparent_size"",""image_plane_speed"",""visibility""],""motion_unit"":""normalized_image_diagonal_per_frame"",""protected_point"":[0.5,0.85],""source_files"":[""D:\\360Downloads\\123\\data\\Anti-UAV410\\annos\\test\\20190925_134301_1_8.txt"",""D:\\360Downloads\\123\\data\\Anti-UAV410\\annos\\test\\20190925_111757_1_6.txt"",""D:\\360Downloads\\123\\data\\Anti-UAV410\\annos\\test\\20190926_134054_1_1.txt"",""D:\\360Downloads\\123\\data\\Anti-UAV410\\annos\\test\\02_6319_1500-2999.txt""],""source_sha256"":[""f6b7847e1588c4712031bf2104e7c39502a58e14b8c2b65ca436e604aac3f554"",""144d1b89616682688aa7832eef940e8a8c18f9547c1a17f517cab502988cb6fe"",""f52449accaade338669894d3ed549ab2f2de5c0daa4db5aba1a2adf39e5fd815"",""418793fcd6218f474aaf1f712abb5b5593ad00bca956c8ce6b32632303e64866""],""synthetic_dimensions"":[""spatial_level"",""risk"",""response_window"",""multi_sequence_concurrency"",""resources""],""time_basis"":""frames"",""track_count"":4,""track_windows"":[{""dynamic_background_clutter"":0,""event_center_frame"":284,""fast_motion"":1,""inactive_frames_in_window"":0,""medium_size"":1,""normal_size"":0,""occlusion"":0,""offset_steps"":0,""out_of_view"":0,""requested_window_mode"":""motion"",""scale_variation"":0,""selected_window_mode"":""motion"",""small_size"":1,""source_active_frames"":1000,""source_end_frame"":403,""source_frames"":1000,""source_inactive_frames"":0,""source_path"":""D:\\360Downloads\\123\\data\\Anti-UAV410\\annos\\test\\20190925_134301_1_8.txt"",""source_sha256"":""f6b7847e1588c4712031bf2104e7c39502a58e14b8c2b65ca436e604aac3f554"",""source_start_frame"":164,""source_window_frames"":240,""task_id"":""AU-01"",""thermal_crossover"":1,""tiny_size"":0,""visibility_event_count"":0},{""dynamic_background_clutter"":0,""event_center_frame"":937,""fast_motion"":0,""inactive_frames_in_window"":0,""medium_size"":1,""normal_size"":0,""occlusion"":0,""offset_steps"":1,""out_of_view"":0,""requested_window_mode"":""motion"",""scale_variation"":0,""selected_window_mode"":""motion"",""small_size"":1,""source_active_frames"":1000,""source_end_frame"":999,""source_frames"":1000,""source_inactive_frames"":0,""source_path"":""D:\\360Downloads\\123\\data\\Anti-UAV410\\annos\\test\\20190925_111757_1_6.txt"",""source_sha256"":""144d1b89616682688aa7832eef940e8a8c18f9547c1a17f517cab502988cb6fe"",""source_start_frame"":760,""source_window_frames"":240,""task_id"":""AU-02"",""thermal_crossover"":1,""tiny_size"":0,""visibility_event_count"":0},{""dynamic_background_clutter"":0,""event_center_frame"":2,""fast_motion"":0,""inactive_frames_in_window"":0,""medium_size"":1,""normal_size"":0,""occlusion"":0,""offset_steps"":2,""out_of_view"":0,""requested_window_mode"":""motion"",""scale_variation"":0,""selected_window_mode"":""motion"",""small_size"":1,""source_active_frames"":1000,""source_end_frame"":239,""source_frames"":1000,""source_inactive_frames"":0,""source_path"":""D:\\360Downloads\\123\\data\\Anti-UAV410\\annos\\test\\20190926_134054_1_1.txt"",""source_sha256"":""f52449accaade338669894d3ed549ab2f2de5c0daa4db5aba1a2adf39e5fd815"",""source_start_frame"":0,""source_window_frames"":240,""task_id"":""AU-03"",""thermal_crossover"":1,""tiny_size"":0,""visibility_event_count"":0},{""dynamic_background_clutter"":1,""event_center_frame"":1148,""fast_motion"":0,""inactive_frames_in_window"":0,""medium_size"":0,""normal_size"":0,""occlusion"":1,""offset_steps"":3,""out_of_view"":0,""requested_window_mode"":""visibility"",""scale_variation"":0,""selected_window_mode"":""motion"",""small_size"":1,""source_active_frames"":1500,""source_end_frame"":1267,""source_frames"":1500,""source_inactive_frames"":0,""source_path"":""D:\\360Downloads\\123\\data\\Anti-UAV410\\annos\\test\\02_6319_1500-2999.txt"",""source_sha256"":""418793fcd6218f474aaf1f712abb5b5593ad00bca956c8ce6b32632303e64866"",""source_start_frame"":1028,""source_window_frames"":240,""task_id"":""AU-04"",""thermal_crossover"":1,""tiny_size"":1,""visibility_event_count"":0}]}",2,330.3333333333333,AU-04,0,0,1,3,{},0.0,0.0,0.5,0.0,0.35,1.0,0.0,0.0,0.5,0.0,0.35,1.0
anti_uav410,AU-L04-W06,public-trajectory-replay-v2,"{""event_window_version"":""anti-uav-event-window-v1"",""evidence_type"":""measured_image_plane_tracks_with_simulated_response_resources"",""fps"":null,""image_height"":512,""image_width"":640,""measured_dimensions"":[""apparent_size"",""image_plane_speed"",""visibility""],""motion_unit"":""normalized_image_diagonal_per_frame"",""protected_point"":[0.5,0.85],""source_files"":[""D:\\360Downloads\\123\\data\\Anti-UAV410\\annos\\test\\20190925_134301_1_8.txt"",""D:\\360Downloads\\123\\data\\Anti-UAV410\\annos\\test\\20190925_111757_1_6.txt"",""D:\\360Downloads\\123\\data\\Anti-UAV410\\annos\\test\\20190926_134054_1_1.txt"",""D:\\360Downloads\\123\\data\\Anti-UAV410\\annos\\test\\02_6319_1500-2999.txt""],""source_sha256"":[""f6b7847e1588c4712031bf2104e7c39502a58e14b8c2b65ca436e604aac3f554"",""144d1b89616682688aa7832eef940e8a8c18f9547c1a17f517cab502988cb6fe"",""f52449accaade338669894d3ed549ab2f2de5c0daa4db5aba1a2adf39e5fd815"",""418793fcd6218f474aaf1f712abb5b5593ad00bca956c8ce6b32632303e64866""],""synthetic_dimensions"":[""spatial_level"",""risk"",""response_window"",""multi_sequence_concurrency"",""resources""],""time_basis"":""frames"",""track_count"":4,""track_windows"":[{""dynamic_background_clutter"":0,""event_center_frame"":284,""fast_motion"":1,""inactive_frames_in_window"":0,""medium_size"":1,""normal_size"":0,""occlusion"":0,""offset_steps"":0,""out_of_view"":0,""requested_window_mode"":""motion"",""scale_variation"":0,""selected_window_mode"":""motion"",""small_size"":1,""source_active_frames"":1000,""source_end_frame"":403,""source_frames"":1000,""source_inactive_frames"":0,""source_path"":""D:\\360Downloads\\123\\data\\Anti-UAV410\\annos\\test\\20190925_134301_1_8.txt"",""source_sha256"":""f6b7847e1588c4712031bf2104e7c39502a58e14b8c2b65ca436e604aac3f554"",""source_start_frame"":164,""source_window_frames"":240,""task_id"":""AU-01"",""thermal_crossover"":1,""tiny_size"":0,""visibility_event_count"":0},{""dynamic_background_clutter"":0,""event_center_frame"":937,""fast_motion"":0,""inactive_frames_in_window"":0,""medium_size"":1,""normal_size"":0,""occlusion"":0,""offset_steps"":1,""out_of_view"":0,""requested_window_mode"":""motion"",""scale_variation"":0,""selected_window_mode"":""motion"",""small_size"":1,""source_active_frames"":1000,""source_end_frame"":999,""source_frames"":1000,""source_inactive_frames"":0,""source_path"":""D:\\360Downloads\\123\\data\\Anti-UAV410\\annos\\test\\20190925_111757_1_6.txt"",""source_sha256"":""144d1b89616682688aa7832eef940e8a8c18f9547c1a17f517cab502988cb6fe"",""source_start_frame"":760,""source_window_frames"":240,""task_id"":""AU-02"",""thermal_crossover"":1,""tiny_size"":0,""visibility_event_count"":0},{""dynamic_background_clutter"":0,""event_center_frame"":2,""fast_motion"":0,""inactive_frames_in_window"":0,""medium_size"":1,""normal_size"":0,""occlusion"":0,""offset_steps"":2,""out_of_view"":0,""requested_window_mode"":""motion"",""scale_variation"":0,""selected_window_mode"":""motion"",""small_size"":1,""source_active_frames"":1000,""source_end_frame"":239,""source_frames"":1000,""source_inactive_frames"":0,""source_path"":""D:\\360Downloads\\123\\data\\Anti-UAV410\\annos\\test\\20190926_134054_1_1.txt"",""source_sha256"":""f52449accaade338669894d3ed549ab2f2de5c0daa4db5aba1a2adf39e5fd815"",""source_start_frame"":0,""source_window_frames"":240,""task_id"":""AU-03"",""thermal_crossover"":1,""tiny_size"":0,""visibility_event_count"":0},{""dynamic_background_clutter"":1,""event_center_frame"":1148,""fast_motion"":0,""inactive_frames_in_window"":0,""medium_size"":0,""normal_size"":0,""occlusion"":1,""offset_steps"":3,""out_of_view"":0,""requested_window_mode"":""visibility"",""scale_variation"":0,""selected_window_mode"":""motion"",""small_size"":1,""source_active_frames"":1500,""source_end_frame"":1267,""source_frames"":1500,""source_inactive_frames"":0,""source_path"":""D:\\360Downloads\\123\\data\\Anti-UAV410\\annos\\test\\02_6319_1500-2999.txt"",""source_sha256"":""418793fcd6218f474aaf1f712abb5b5593ad00bca956c8ce6b32632303e64866"",""source_start_frame"":1028,""source_window_frames"":240,""task_id"":""AU-04"",""thermal_crossover"":1,""tiny_size"":1,""visibility_event_count"":0}]}",3,523.0,AU-01,1,1,1,3,{},0.44251680906162577,0.1634315964901052,0.5,0.0,0.5063948275539681,1.0,0.44251680906162577,0.1634315964901052,0.5,0.0,0.5063948275539681,1.0
anti_uav410,AU-L04-W06,public-trajectory-replay-v2,"{""event_window_version"":""anti-uav-event-window-v1"",""evidence_type"":""measured_image_plane_tracks_with_simulated_response_resources"",""fps"":null,""image_height"":512,""image_width"":640,""measured_dimensions"":[""apparent_size"",""image_plane_speed"",""visibility""],""motion_unit"":""normalized_image_diagonal_per_frame"",""protected_point"":[0.5,0.85],""source_files"":[""D:\\360Downloads\\123\\data\\Anti-UAV410\\annos\\test\\20190925_134301_1_8.txt"",""D:\\360Downloads\\123\\data\\Anti-UAV410\\annos\\test\\20190925_111757_1_6.txt"",""D:\\360Downloads\\123\\data\\Anti-UAV410\\annos\\test\\20190926_134054_1_1.txt"",""D:\\360Downloads\\123\\data\\Anti-UAV410\\annos\\test\\02_6319_1500-2999.txt""],""source_sha256"":[""f6b7847e1588c4712031bf2104e7c39502a58e14b8c2b65ca436e604aac3f554"",""144d1b89616682688aa7832eef940e8a8c18f9547c1a17f517cab502988cb6fe"",""f52449accaade338669894d3ed549ab2f2de5c0daa4db5aba1a2adf39e5fd815"",""418793fcd6218f474aaf1f712abb5b5593ad00bca956c8ce6b32632303e64866""],""synthetic_dimensions"":[""spatial_level"",""risk"",""response_window"",""multi_sequence_concurrency"",""resources""],""time_basis"":""frames"",""track_count"":4,""track_windows"":[{""dynamic_background_clutter"":0,""event_center_frame"":284,""fast_motion"":1,""inactive_frames_in_window"":0,""medium_size"":1,""normal_size"":0,""occlusion"":0,""offset_steps"":0,""out_of_view"":0,""requested_window_mode"":""motion"",""scale_variation"":0,""selected_window_mode"":""motion"",""small_size"":1,""source_active_frames"":1000,""source_end_frame"":403,""source_frames"":1000,""source_inactive_frames"":0,""source_path"":""D:\\360Downloads\\123\\data\\Anti-UAV410\\annos\\test\\20190925_134301_1_8.txt"",""source_sha256"":""f6b7847e1588c4712031bf2104e7c39502a58e14b8c2b65ca436e604aac3f554"",""source_start_frame"":164,""source_window_frames"":240,""task_id"":""AU-01"",""thermal_crossover"":1,""tiny_size"":0,""visibility_event_count"":0},{""dynamic_background_clutter"":0,""event_center_frame"":937,""fast_motion"":0,""inactive_frames_in_window"":0,""medium_size"":1,""normal_size"":0,""occlusion"":0,""offset_steps"":1,""out_of_view"":0,""requested_window_mode"":""motion"",""scale_variation"":0,""selected_window_mode"":""motion"",""small_size"":1,""source_active_frames"":1000,""source_end_frame"":999,""source_frames"":1000,""source_inactive_frames"":0,""source_path"":""D:\\360Downloads\\123\\data\\Anti-UAV410\\annos\\test\\20190925_111757_1_6.txt"",""source_sha256"":""144d1b89616682688aa7832eef940e8a8c18f9547c1a17f517cab502988cb6fe"",""source_start_frame"":760,""source_window_frames"":240,""task_id"":""AU-02"",""thermal_crossover"":1,""tiny_size"":0,""visibility_event_count"":0},{""dynamic_background_clutter"":0,""event_center_frame"":2,""fast_motion"":0,""inactive_frames_in_window"":0,""medium_size"":1,""normal_size"":0,""occlusion"":0,""offset_steps"":2,""out_of_view"":0,""requested_window_mode"":""motion"",""scale_variation"":0,""selected_window_mode"":""motion"",""small_size"":1,""source_active_frames"":1000,""source_end_frame"":239,""source_frames"":1000,""source_inactive_frames"":0,""source_path"":""D:\\360Downloads\\123\\data\\Anti-UAV410\\annos\\test\\20190926_134054_1_1.txt"",""source_sha256"":""f52449accaade338669894d3ed549ab2f2de5c0daa4db5aba1a2adf39e5fd815"",""source_start_frame"":0,""source_window_frames"":240,""task_id"":""AU-03"",""thermal_crossover"":1,""tiny_size"":0,""visibility_event_count"":0},{""dynamic_background_clutter"":1,""event_center_frame"":1148,""fast_motion"":0,""inactive_frames_in_window"":0,""medium_size"":0,""normal_size"":0,""occlusion"":1,""offset_steps"":3,""out_of_view"":0,""requested_window_mode"":""visibility"",""scale_variation"":0,""selected_window_mode"":""motion"",""small_size"":1,""source_active_frames"":1500,""source_end_frame"":1267,""source_frames"":1500,""source_inactive_frames"":0,""source_path"":""D:\\360Downloads\\123\\data\\Anti-UAV410\\annos\\test\\02_6319_1500-2999.txt"",""source_sha256"":""418793fcd6218f474aaf1f712abb5b5593ad00bca956c8ce6b32632303e64866"",""source_start_frame"":1028,""source_window_frames"":240,""task_id"":""AU-04"",""thermal_crossover"":1,""tiny_size"":1,""visibility_event_count"":0}]}",3,523.0,AU-02,1,1,1,3,{},0.5167483029423029,0.1440560449602694,0.5,0.3006625334388789,0.6570589061358404,1.0,0.5167483029423029,0.1440560449602694,0.5,0.3006625334388789,0.6570589061358404,1.0
anti_uav410,AU-L04-W06,public-trajectory-replay-v2,"{""event_window_version"":""anti-uav-event-window-v1"",""evidence_type"":""measured_image_plane_tracks_with_simulated_response_resources"",""fps"":null,""image_height"":512,""image_width"":640,""measured_dimensions"":[""apparent_size"",""image_plane_speed"",""visibility""],""motion_unit"":""normalized_image_diagonal_per_frame"",""protected_point"":[0.5,0.85],""source_files"":[""D:\\360Downloads\\123\\data\\Anti-UAV410\\annos\\test\\20190925_134301_1_8.txt"",""D:\\360Downloads\\123\\data\\Anti-UAV410\\annos\\test\\20190925_111757_1_6.txt"",""D:\\360Downloads\\123\\data\\Anti-UAV410\\annos\\test\\20190926_134054_1_1.txt"",""D:\\360Downloads\\123\\data\\Anti-UAV410\\annos\\test\\02_6319_1500-2999.txt""],""source_sha256"":[""f6b7847e1588c4712031bf2104e7c39502a58e14b8c2b65ca436e604aac3f554"",""144d1b89616682688aa7832eef940e8a8c18f9547c1a17f517cab502988cb6fe"",""f52449accaade338669894d3ed549ab2f2de5c0daa4db5aba1a2adf39e5fd815"",""418793fcd6218f474aaf1f712abb5b5593ad00bca956c8ce6b32632303e64866""],""synthetic_dimensions"":[""spatial_level"",""risk"",""response_window"",""multi_sequence_concurrency"",""resources""],""time_basis"":""frames"",""track_count"":4,""track_windows"":[{""dynamic_background_clutter"":0,""event_center_frame"":284,""fast_motion"":1,""inactive_frames_in_window"":0,""medium_size"":1,""normal_size"":0,""occlusion"":0,""offset_steps"":0,""out_of_view"":0,""requested_window_mode"":""motion"",""scale_variation"":0,""selected_window_mode"":""motion"",""small_size"":1,""source_active_frames"":1000,""source_end_frame"":403,""source_frames"":1000,""source_inactive_frames"":0,""source_path"":""D:\\360Downloads\\123\\data\\Anti-UAV410\\annos\\test\\20190925_134301_1_8.txt"",""source_sha256"":""f6b7847e1588c4712031bf2104e7c39502a58e14b8c2b65ca436e604aac3f554"",""source_start_frame"":164,""source_window_frames"":240,""task_id"":""AU-01"",""thermal_crossover"":1,""tiny_size"":0,""visibility_event_count"":0},{""dynamic_background_clutter"":0,""event_center_frame"":937,""fast_motion"":0,""inactive_frames_in_window"":0,""medium_size"":1,""normal_size"":0,""occlusion"":0,""offset_steps"":1,""out_of_view"":0,""requested_window_mode"":""motion"",""scale_variation"":0,""selected_window_mode"":""motion"",""small_size"":1,""source_active_frames"":1000,""source_end_frame"":999,""source_frames"":1000,""source_inactive_frames"":0,""source_path"":""D:\\360Downloads\\123\\data\\Anti-UAV410\\annos\\test\\20190925_111757_1_6.txt"",""source_sha256"":""144d1b89616682688aa7832eef940e8a8c18f9547c1a17f517cab502988cb6fe"",""source_start_frame"":760,""source_window_frames"":240,""task_id"":""AU-02"",""thermal_crossover"":1,""tiny_size"":0,""visibility_event_count"":0},{""dynamic_background_clutter"":0,""event_center_frame"":2,""fast_motion"":0,""inactive_frames_in_window"":0,""medium_size"":1,""normal_size"":0,""occlusion"":0,""offset_steps"":2,""out_of_view"":0,""requested_window_mode"":""motion"",""scale_variation"":0,""selected_window_mode"":""motion"",""small_size"":1,""source_active_frames"":1000,""source_end_frame"":239,""source_frames"":1000,""source_inactive_frames"":0,""source_path"":""D:\\360Downloads\\123\\data\\Anti-UAV410\\annos\\test\\20190926_134054_1_1.txt"",""source_sha256"":""f52449accaade338669894d3ed549ab2f2de5c0daa4db5aba1a2adf39e5fd815"",""source_start_frame"":0,""source_window_frames"":240,""task_id"":""AU-03"",""thermal_crossover"":1,""tiny_size"":0,""visibility_event_count"":0},{""dynamic_background_clutter"":1,""event_center_frame"":1148,""fast_motion"":0,""inactive_frames_in_window"":0,""medium_size"":0,""normal_size"":0,""occlusion"":1,""offset_steps"":3,""out_of_view"":0,""requested_window_mode"":""visibility"",""scale_variation"":0,""selected_window_mode"":""motion"",""small_size"":1,""source_active_frames"":1500,""source_end_frame"":1267,""source_frames"":1500,""source_inactive_frames"":0,""source_path"":""D:\\360Downloads\\123\\data\\Anti-UAV410\\annos\\test\\02_6319_1500-2999.txt"",""source_sha256"":""418793fcd6218f474aaf1f712abb5b5593ad00bca956c8ce6b32632303e64866"",""source_start_frame"":1028,""source_window_frames"":240,""task_id"":""AU-04"",""thermal_crossover"":1,""tiny_size"":1,""visibility_event_count"":0}]}",3,523.0,AU-03,1,1,1,3,{},0.4635672687218203,0.33901288512495986,0.5,0.14571803135949501,0.6170640017257498,1.0,0.4635672687218203,0.33901288512495986,0.5,0.14571803135949501,0.6170640017257498,1.0
anti_uav410,AU-L04-W06,public-trajectory-replay-v2,"{""event_window_version"":""anti-uav-event-window-v1"",""evidence_type"":""measured_image_plane_tracks_with_simulated_response_resources"",""fps"":null,""image_height"":512,""image_width"":640,""measured_dimensions"":[""apparent_size"",""image_plane_speed"",""visibility""],""motion_unit"":""normalized_image_diagonal_per_frame"",""protected_point"":[0.5,0.85],""source_files"":[""D:\\360Downloads\\123\\data\\Anti-UAV410\\annos\\test\\20190925_134301_1_8.txt"",""D:\\360Downloads\\123\\data\\Anti-UAV410\\annos\\test\\20190925_111757_1_6.txt"",""D:\\360Downloads\\123\\data\\Anti-UAV410\\annos\\test\\20190926_134054_1_1.txt"",""D:\\360Downloads\\123\\data\\Anti-UAV410\\annos\\test\\02_6319_1500-2999.txt""],""source_sha256"":[""f6b7847e1588c4712031bf2104e7c39502a58e14b8c2b65ca436e604aac3f554"",""144d1b89616682688aa7832eef940e8a8c18f9547c1a17f517cab502988cb6fe"",""f52449accaade338669894d3ed549ab2f2de5c0daa4db5aba1a2adf39e5fd815"",""418793fcd6218f474aaf1f712abb5b5593ad00bca956c8ce6b32632303e64866""],""synthetic_dimensions"":[""spatial_level"",""risk"",""response_window"",""multi_sequence_concurrency"",""resources""],""time_basis"":""frames"",""track_count"":4,""track_windows"":[{""dynamic_background_clutter"":0,""event_center_frame"":284,""fast_motion"":1,""inactive_frames_in_window"":0,""medium_size"":1,""normal_size"":0,""occlusion"":0,""offset_steps"":0,""out_of_view"":0,""requested_window_mode"":""motion"",""scale_variation"":0,""selected_window_mode"":""motion"",""small_size"":1,""source_active_frames"":1000,""source_end_frame"":403,""source_frames"":1000,""source_inactive_frames"":0,""source_path"":""D:\\360Downloads\\123\\data\\Anti-UAV410\\annos\\test\\20190925_134301_1_8.txt"",""source_sha256"":""f6b7847e1588c4712031bf2104e7c39502a58e14b8c2b65ca436e604aac3f554"",""source_start_frame"":164,""source_window_frames"":240,""task_id"":""AU-01"",""thermal_crossover"":1,""tiny_size"":0,""visibility_event_count"":0},{""dynamic_background_clutter"":0,""event_center_frame"":937,""fast_motion"":0,""inactive_frames_in_window"":0,""medium_size"":1,""normal_size"":0,""occlusion"":0,""offset_steps"":1,""out_of_view"":0,""requested_window_mode"":""motion"",""scale_variation"":0,""selected_window_mode"":""motion"",""small_size"":1,""source_active_frames"":1000,""source_end_frame"":999,""source_frames"":1000,""source_inactive_frames"":0,""source_path"":""D:\\360Downloads\\123\\data\\Anti-UAV410\\annos\\test\\20190925_111757_1_6.txt"",""source_sha256"":""144d1b89616682688aa7832eef940e8a8c18f9547c1a17f517cab502988cb6fe"",""source_start_frame"":760,""source_window_frames"":240,""task_id"":""AU-02"",""thermal_crossover"":1,""tiny_size"":0,""visibility_event_count"":0},{""dynamic_background_clutter"":0,""event_center_frame"":2,""fast_motion"":0,""inactive_frames_in_window"":0,""medium_size"":1,""normal_size"":0,""occlusion"":0,""offset_steps"":2,""out_of_view"":0,""requested_window_mode"":""motion"",""scale_variation"":0,""selected_window_mode"":""motion"",""small_size"":1,""source_active_frames"":1000,""source_end_frame"":239,""source_frames"":1000,""source_inactive_frames"":0,""source_path"":""D:\\360Downloads\\123\\data\\Anti-UAV410\\annos\\test\\20190926_134054_1_1.txt"",""source_sha256"":""f52449accaade338669894d3ed549ab2f2de5c0daa4db5aba1a2adf39e5fd815"",""source_start_frame"":0,""source_window_frames"":240,""task_id"":""AU-03"",""thermal_crossover"":1,""tiny_size"":0,""visibility_event_count"":0},{""dynamic_background_clutter"":1,""event_center_frame"":1148,""fast_motion"":0,""inactive_frames_in_window"":0,""medium_size"":0,""normal_size"":0,""occlusion"":1,""offset_steps"":3,""out_of_view"":0,""requested_window_mode"":""visibility"",""scale_variation"":0,""selected_window_mode"":""motion"",""small_size"":1,""source_active_frames"":1500,""source_end_frame"":1267,""source_frames"":1500,""source_inactive_frames"":0,""source_path"":""D:\\360Downloads\\123\\data\\Anti-UAV410\\annos\\test\\02_6319_1500-2999.txt"",""source_sha256"":""418793fcd6218f474aaf1f712abb5b5593ad00bca956c8ce6b32632303e64866"",""source_start_frame"":1028,""source_window_frames"":240,""task_id"":""AU-04"",""thermal_crossover"":1,""tiny_size"":1,""visibility_event_count"":0}]}",3,523.0,AU-04,1,1,1,3,{},0.12352647110032731,0.0,0.5,0.2649438783272383,0.610301770407159,1.0,0.12352647110032731,0.0,0.5,0.2649438783272383,0.610301770407159,1.0
anti_uav410,AU-L04-W06,public-trajectory-replay-v2,"{""event_window_version"":""anti-uav-event-window-v1"",""evidence_type"":""measured_image_plane_tracks_with_simulated_response_resources"",""fps"":null,""image_height"":512,""image_width"":640,""measured_dimensions"":[""apparent_size"",""image_plane_speed"",""visibility""],""motion_unit"":""normalized_image_diagonal_per_frame"",""protected_point"":[0.5,0.85],""source_files"":[""D:\\360Downloads\\123\\data\\Anti-UAV410\\annos\\test\\20190925_134301_1_8.txt"",""D:\\360Downloads\\123\\data\\Anti-UAV410\\annos\\test\\20190925_111757_1_6.txt"",""D:\\360Downloads\\123\\data\\Anti-UAV410\\annos\\test\\20190926_134054_1_1.txt"",""D:\\360Downloads\\123\\data\\Anti-UAV410\\annos\\test\\02_6319_1500-2999.txt""],""source_sha256"":[""f6b7847e1588c4712031bf2104e7c39502a58e14b8c2b65ca436e604aac3f554"",""144d1b89616682688aa7832eef940e8a8c18f9547c1a17f517cab502988cb6fe"",""f52449accaade338669894d3ed549ab2f2de5c0daa4db5aba1a2adf39e5fd815"",""418793fcd6218f474aaf1f712abb5b5593ad00bca956c8ce6b32632303e64866""],""synthetic_dimensions"":[""spatial_level"",""risk"",""response_window"",""multi_sequence_concurrency"",""resources""],""time_basis"":""frames"",""track_count"":4,""track_windows"":[{""dynamic_background_clutter"":0,""event_center_frame"":284,""fast_motion"":1,""inactive_frames_in_window"":0,""medium_size"":1,""normal_size"":0,""occlusion"":0,""offset_steps"":0,""out_of_view"":0,""requested_window_mode"":""motion"",""scale_variation"":0,""selected_window_mode"":""motion"",""small_size"":1,""source_active_frames"":1000,""source_end_frame"":403,""source_frames"":1000,""source_inactive_frames"":0,""source_path"":""D:\\360Downloads\\123\\data\\Anti-UAV410\\annos\\test\\20190925_134301_1_8.txt"",""source_sha256"":""f6b7847e1588c4712031bf2104e7c39502a58e14b8c2b65ca436e604aac3f554"",""source_start_frame"":164,""source_window_frames"":240,""task_id"":""AU-01"",""thermal_crossover"":1,""tiny_size"":0,""visibility_event_count"":0},{""dynamic_background_clutter"":0,""event_center_frame"":937,""fast_motion"":0,""inactive_frames_in_window"":0,""medium_size"":1,""normal_size"":0,""occlusion"":0,""offset_steps"":1,""out_of_view"":0,""requested_window_mode"":""motion"",""scale_variation"":0,""selected_window_mode"":""motion"",""small_size"":1,""source_active_frames"":1000,""source_end_frame"":999,""source_frames"":1000,""source_inactive_frames"":0,""source_path"":""D:\\360Downloads\\123\\data\\Anti-UAV410\\annos\\test\\20190925_111757_1_6.txt"",""source_sha256"":""144d1b89616682688aa7832eef940e8a8c18f9547c1a17f517cab502988cb6fe"",""source_start_frame"":760,""source_window_frames"":240,""task_id"":""AU-02"",""thermal_crossover"":1,""tiny_size"":0,""visibility_event_count"":0},{""dynamic_background_clutter"":0,""event_center_frame"":2,""fast_motion"":0,""inactive_frames_in_window"":0,""medium_size"":1,""normal_size"":0,""occlusion"":0,""offset_steps"":2,""out_of_view"":0,""requested_window_mode"":""motion"",""scale_variation"":0,""selected_window_mode"":""motion"",""small_size"":1,""source_active_frames"":1000,""source_end_frame"":239,""source_frames"":1000,""source_inactive_frames"":0,""source_path"":""D:\\360Downloads\\123\\data\\Anti-UAV410\\annos\\test\\20190926_134054_1_1.txt"",""source_sha256"":""f52449accaade338669894d3ed549ab2f2de5c0daa4db5aba1a2adf39e5fd815"",""source_start_frame"":0,""source_window_frames"":240,""task_id"":""AU-03"",""thermal_crossover"":1,""tiny_size"":0,""visibility_event_count"":0},{""dynamic_background_clutter"":1,""event_center_frame"":1148,""fast_motion"":0,""inactive_frames_in_window"":0,""medium_size"":0,""normal_size"":0,""occlusion"":1,""offset_steps"":3,""out_of_view"":0,""requested_window_mode"":""visibility"",""scale_variation"":0,""selected_window_mode"":""motion"",""small_size"":1,""source_active_frames"":1500,""source_end_frame"":1267,""source_frames"":1500,""source_inactive_frames"":0,""source_path"":""D:\\360Downloads\\123\\data\\Anti-UAV410\\annos\\test\\02_6319_1500-2999.txt"",""source_sha256"":""418793fcd6218f474aaf1f712abb5b5593ad00bca956c8ce6b32632303e64866"",""source_start_frame"":1028,""source_window_frames"":240,""task_id"":""AU-04"",""thermal_crossover"":1,""tiny_size"":1,""visibility_event_count"":0}]}",4,548.5,AU-01,1,1,1,3,{},0.41483157088734357,0.2705917689246397,0.5,0.0,0.4590625516173683,1.0,0.41483157088734357,0.2705917689246397,0.5,0.0,0.4590625516173683,1.0
anti_uav410,AU-L04-W06,public-trajectory-replay-v2,"{""event_window_version"":""anti-uav-event-window-v1"",""evidence_type"":""measured_image_plane_tracks_with_simulated_response_resources"",""fps"":null,""image_height"":512,""image_width"":640,""measured_dimensions"":[""apparent_size"",""image_plane_speed"",""visibility""],""motion_unit"":""normalized_image_diagonal_per_frame"",""protected_point"":[0.5,0.85],""source_files"":[""D:\\360Downloads\\123\\data\\Anti-UAV410\\annos\\test\\20190925_134301_1_8.txt"",""D:\\360Downloads\\123\\data\\Anti-UAV410\\annos\\test\\20190925_111757_1_6.txt"",""D:\\360Downloads\\123\\data\\Anti-UAV410\\annos\\test\\20190926_134054_1_1.txt"",""D:\\360Downloads\\123\\data\\Anti-UAV410\\annos\\test\\02_6319_1500-2999.txt""],""source_sha256"":[""f6b7847e1588c4712031bf2104e7c39502a58e14b8c2b65ca436e604aac3f554"",""144d1b89616682688aa7832eef940e8a8c18f9547c1a17f517cab502988cb6fe"",""f52449accaade338669894d3ed549ab2f2de5c0daa4db5aba1a2adf39e5fd815"",""418793fcd6218f474aaf1f712abb5b5593ad00bca956c8ce6b32632303e64866""],""synthetic_dimensions"":[""spatial_level"",""risk"",""response_window"",""multi_sequence_concurrency"",""resources""],""time_basis"":""frames"",""track_count"":4,""track_windows"":[{""dynamic_background_clutter"":0,""event_center_frame"":284,""fast_motion"":1,""inactive_frames_in_window"":0,""medium_size"":1,""normal_size"":0,""occlusion"":0,""offset_steps"":0,""out_of_view"":0,""requested_window_mode"":""motion"",""scale_variation"":0,""selected_window_mode"":""motion"",""small_size"":1,""source_active_frames"":1000,""source_end_frame"":403,""source_frames"":1000,""source_inactive_frames"":0,""source_path"":""D:\\360Downloads\\123\\data\\Anti-UAV410\\annos\\test\\20190925_134301_1_8.txt"",""source_sha256"":""f6b7847e1588c4712031bf2104e7c39502a58e14b8c2b65ca436e604aac3f554"",""source_start_frame"":164,""source_window_frames"":240,""task_id"":""AU-01"",""thermal_crossover"":1,""tiny_size"":0,""visibility_event_count"":0},{""dynamic_background_clutter"":0,""event_center_frame"":937,""fast_motion"":0,""inactive_frames_in_window"":0,""medium_size"":1,""normal_size"":0,""occlusion"":0,""offset_steps"":1,""out_of_view"":0,""requested_window_mode"":""motion"",""scale_variation"":0,""selected_window_mode"":""motion"",""small_size"":1,""source_active_frames"":1000,""source_end_frame"":999,""source_frames"":1000,""source_inactive_frames"":0,""source_path"":""D:\\360Downloads\\123\\data\\Anti-UAV410\\annos\\test\\20190925_111757_1_6.txt"",""source_sha256"":""144d1b89616682688aa7832eef940e8a8c18f9547c1a17f517cab502988cb6fe"",""source_start_frame"":760,""source_window_frames"":240,""task_id"":""AU-02"",""thermal_crossover"":1,""tiny_size"":0,""visibility_event_count"":0},{""dynamic_background_clutter"":0,""event_center_frame"":2,""fast_motion"":0,""inactive_frames_in_window"":0,""medium_size"":1,""normal_size"":0,""occlusion"":0,""offset_steps"":2,""out_of_view"":0,""requested_window_mode"":""motion"",""scale_variation"":0,""selected_window_mode"":""motion"",""small_size"":1,""source_active_frames"":1000,""source_end_frame"":239,""source_frames"":1000,""source_inactive_frames"":0,""source_path"":""D:\\360Downloads\\123\\data\\Anti-UAV410\\annos\\test\\20190926_134054_1_1.txt"",""source_sha256"":""f52449accaade338669894d3ed549ab2f2de5c0daa4db5aba1a2adf39e5fd815"",""source_start_frame"":0,""source_window_frames"":240,""task_id"":""AU-03"",""thermal_crossover"":1,""tiny_size"":0,""visibility_event_count"":0},{""dynamic_background_clutter"":1,""event_center_frame"":1148,""fast_motion"":0,""inactive_frames_in_window"":0,""medium_size"":0,""normal_size"":0,""occlusion"":1,""offset_steps"":3,""out_of_view"":0,""requested_window_mode"":""visibility"",""scale_variation"":0,""selected_window_mode"":""motion"",""small_size"":1,""source_active_frames"":1500,""source_end_frame"":1267,""source_frames"":1500,""source_inactive_frames"":0,""source_path"":""D:\\360Downloads\\123\\data\\Anti-UAV410\\annos\\test\\02_6319_1500-2999.txt"",""source_sha256"":""418793fcd6218f474aaf1f712abb5b5593ad00bca956c8ce6b32632303e64866"",""source_start_frame"":1028,""source_window_frames"":240,""task_id"":""AU-04"",""thermal_crossover"":1,""tiny_size"":1,""visibility_event_count"":0}]}",4,548.5,AU-02,1,1,1,3,{},0.4603559773349919,0.016544000558479956,0.5,0.37614992415905046,0.6625788199981053,1.0,0.4603559773349919,0.016544000558479956,0.5,0.37614992415905046,0.6625788199981053,1.0
anti_uav410,AU-L04-W06,public-trajectory-replay-v2,"{""event_window_version"":""anti-uav-event-window-v1"",""evidence_type"":""measured_image_plane_tracks_with_simulated_response_resources"",""fps"":null,""image_height"":512,""image_width"":640,""measured_dimensions"":[""apparent_size"",""image_plane_speed"",""visibility""],""motion_unit"":""normalized_image_diagonal_per_frame"",""protected_point"":[0.5,0.85],""source_files"":[""D:\\360Downloads\\123\\data\\Anti-UAV410\\annos\\test\\20190925_134301_1_8.txt"",""D:\\360Downloads\\123\\data\\Anti-UAV410\\annos\\test\\20190925_111757_1_6.txt"",""D:\\360Downloads\\123\\data\\Anti-UAV410\\annos\\test\\20190926_134054_1_1.txt"",""D:\\360Downloads\\123\\data\\Anti-UAV410\\annos\\test\\02_6319_1500-2999.txt""],""source_sha256"":[""f6b7847e1588c4712031bf2104e7c39502a58e14b8c2b65ca436e604aac3f554"",""144d1b89616682688aa7832eef940e8a8c18f9547c1a17f517cab502988cb6fe"",""f52449accaade338669894d3ed549ab2f2de5c0daa4db5aba1a2adf39e5fd815"",""418793fcd6218f474aaf1f712abb5b5593ad00bca956c8ce6b32632303e64866""],""synthetic_dimensions"":[""spatial_level"",""risk"",""response_window"",""multi_sequence_concurrency"",""resources""],""time_basis"":""frames"",""track_count"":4,""track_windows"":[{""dynamic_background_clutter"":0,""event_center_frame"":284,""fast_motion"":1,""inactive_frames_in_window"":0,""medium_size"":1,""normal_size"":0,""occlusion"":0,""offset_steps"":0,""out_of_view"":0,""requested_window_mode"":""motion"",""scale_variation"":0,""selected_window_mode"":""motion"",""small_size"":1,""source_active_frames"":1000,""source_end_frame"":403,""source_frames"":1000,""source_inactive_frames"":0,""source_path"":""D:\\360Downloads\\123\\data\\Anti-UAV410\\annos\\test\\20190925_134301_1_8.txt"",""source_sha256"":""f6b7847e1588c4712031bf2104e7c39502a58e14b8c2b65ca436e604aac3f554"",""source_start_frame"":164,""source_window_frames"":240,""task_id"":""AU-01"",""thermal_crossover"":1,""tiny_size"":0,""visibility_event_count"":0},{""dynamic_background_clutter"":0,""event_center_frame"":937,""fast_motion"":0,""inactive_frames_in_window"":0,""medium_size"":1,""normal_size"":0,""occlusion"":0,""offset_steps"":1,""out_of_view"":0,""requested_window_mode"":""motion"",""scale_variation"":0,""selected_window_mode"":""motion"",""small_size"":1,""source_active_frames"":1000,""source_end_frame"":999,""source_frames"":1000,""source_inactive_frames"":0,""source_path"":""D:\\360Downloads\\123\\data\\Anti-UAV410\\annos\\test\\20190925_111757_1_6.txt"",""source_sha256"":""144d1b89616682688aa7832eef940e8a8c18f9547c1a17f517cab502988cb6fe"",""source_start_frame"":760,""source_window_frames"":240,""task_id"":""AU-02"",""thermal_crossover"":1,""tiny_size"":0,""visibility_event_count"":0},{""dynamic_background_clutter"":0,""event_center_frame"":2,""fast_motion"":0,""inactive_frames_in_window"":0,""medium_size"":1,""normal_size"":0,""occlusion"":0,""offset_steps"":2,""out_of_view"":0,""requested_window_mode"":""motion"",""scale_variation"":0,""selected_window_mode"":""motion"",""small_size"":1,""source_active_frames"":1000,""source_end_frame"":239,""source_frames"":1000,""source_inactive_frames"":0,""source_path"":""D:\\360Downloads\\123\\data\\Anti-UAV410\\annos\\test\\20190926_134054_1_1.txt"",""source_sha256"":""f52449accaade338669894d3ed549ab2f2de5c0daa4db5aba1a2adf39e5fd815"",""source_start_frame"":0,""source_window_frames"":240,""task_id"":""AU-03"",""thermal_crossover"":1,""tiny_size"":0,""visibility_event_count"":0},{""dynamic_background_clutter"":1,""event_center_frame"":1148,""fast_motion"":0,""inactive_frames_in_window"":0,""medium_size"":0,""normal_size"":0,""occlusion"":1,""offset_steps"":3,""out_of_view"":0,""requested_window_mode"":""visibility"",""scale_variation"":0,""selected_window_mode"":""motion"",""small_size"":1,""source_active_frames"":1500,""source_end_frame"":1267,""source_frames"":1500,""source_inactive_frames"":0,""source_path"":""D:\\360Downloads\\123\\data\\Anti-UAV410\\annos\\test\\02_6319_1500-2999.txt"",""source_sha256"":""418793fcd6218f474aaf1f712abb5b5593ad00bca956c8ce6b32632303e64866"",""source_start_frame"":1028,""source_window_frames"":240,""task_id"":""AU-04"",""thermal_crossover"":1,""tiny_size"":1,""visibility_event_count"":0}]}",4,548.5,AU-03,1,1,1,3,{},0.5224584022848667,0.035680885931179726,0.5,0.19067518805358383,0.6367607506216703,1.0,0.5224584022848667,0.035680885931179726,0.5,0.19067518805358383,0.6367607506216703,1.0
anti_uav410,AU-L04-W06,public-trajectory-replay-v2,"{""event_window_version"":""anti-uav-event-window-v1"",""evidence_type"":""measured_image_plane_tracks_with_simulated_response_resources"",""fps"":null,""image_height"":512,""image_width"":640,""measured_dimensions"":[""apparent_size"",""image_plane_speed"",""visibility""],""motion_unit"":""normalized_image_diagonal_per_frame"",""protected_point"":[0.5,0.85],""source_files"":[""D:\\360Downloads\\123\\data\\Anti-UAV410\\annos\\test\\20190925_134301_1_8.txt"",""D:\\360Downloads\\123\\data\\Anti-UAV410\\annos\\test\\20190925_111757_1_6.txt"",""D:\\360Downloads\\123\\data\\Anti-UAV410\\annos\\test\\20190926_134054_1_1.txt"",""D:\\360Downloads\\123\\data\\Anti-UAV410\\annos\\test\\02_6319_1500-2999.txt""],""source_sha256"":[""f6b7847e1588c4712031bf2104e7c39502a58e14b8c2b65ca436e604aac3f554"",""144d1b89616682688aa7832eef940e8a8c18f9547c1a17f517cab502988cb6fe"",""f52449accaade338669894d3ed549ab2f2de5c0daa4db5aba1a2adf39e5fd815"",""418793fcd6218f474aaf1f712abb5b5593ad00bca956c8ce6b32632303e64866""],""synthetic_dimensions"":[""spatial_level"",""risk"",""response_window"",""multi_sequence_concurrency"",""resources""],""time_basis"":""frames"",""track_count"":4,""track_windows"":[{""dynamic_background_clutter"":0,""event_center_frame"":284,""fast_motion"":1,""inactive_frames_in_window"":0,""medium_size"":1,""normal_size"":0,""occlusion"":0,""offset_steps"":0,""out_of_view"":0,""requested_window_mode"":""motion"",""scale_variation"":0,""selected_window_mode"":""motion"",""small_size"":1,""source_active_frames"":1000,""source_end_frame"":403,""source_frames"":1000,""source_inactive_frames"":0,""source_path"":""D:\\360Downloads\\123\\data\\Anti-UAV410\\annos\\test\\20190925_134301_1_8.txt"",""source_sha256"":""f6b7847e1588c4712031bf2104e7c39502a58e14b8c2b65ca436e604aac3f554"",""source_start_frame"":164,""source_window_frames"":240,""task_id"":""AU-01"",""thermal_crossover"":1,""tiny_size"":0,""visibility_event_count"":0},{""dynamic_background_clutter"":0,""event_center_frame"":937,""fast_motion"":0,""inactive_frames_in_window"":0,""medium_size"":1,""normal_size"":0,""occlusion"":0,""offset_steps"":1,""out_of_view"":0,""requested_window_mode"":""motion"",""scale_variation"":0,""selected_window_mode"":""motion"",""small_size"":1,""source_active_frames"":1000,""source_end_frame"":999,""source_frames"":1000,""source_inactive_frames"":0,""source_path"":""D:\\360Downloads\\123\\data\\Anti-UAV410\\annos\\test\\20190925_111757_1_6.txt"",""source_sha256"":""144d1b89616682688aa7832eef940e8a8c18f9547c1a17f517cab502988cb6fe"",""source_start_frame"":760,""source_window_frames"":240,""task_id"":""AU-02"",""thermal_crossover"":1,""tiny_size"":0,""visibility_event_count"":0},{""dynamic_background_clutter"":0,""event_center_frame"":2,""fast_motion"":0,""inactive_frames_in_window"":0,""medium_size"":1,""normal_size"":0,""occlusion"":0,""offset_steps"":2,""out_of_view"":0,""requested_window_mode"":""motion"",""scale_variation"":0,""selected_window_mode"":""motion"",""small_size"":1,""source_active_frames"":1000,""source_end_frame"":239,""source_frames"":1000,""source_inactive_frames"":0,""source_path"":""D:\\360Downloads\\123\\data\\Anti-UAV410\\annos\\test\\20190926_134054_1_1.txt"",""source_sha256"":""f52449accaade338669894d3ed549ab2f2de5c0daa4db5aba1a2adf39e5fd815"",""source_start_frame"":0,""source_window_frames"":240,""task_id"":""AU-03"",""thermal_crossover"":1,""tiny_size"":0,""visibility_event_count"":0},{""dynamic_background_clutter"":1,""event_center_frame"":1148,""fast_motion"":0,""inactive_frames_in_window"":0,""medium_size"":0,""normal_size"":0,""occlusion"":1,""offset_steps"":3,""out_of_view"":0,""requested_window_mode"":""visibility"",""scale_variation"":0,""selected_window_mode"":""motion"",""small_size"":1,""source_active_frames"":1500,""source_end_frame"":1267,""source_frames"":1500,""source_inactive_frames"":0,""source_path"":""D:\\360Downloads\\123\\data\\Anti-UAV410\\annos\\test\\02_6319_1500-2999.txt"",""source_sha256"":""418793fcd6218f474aaf1f712abb5b5593ad00bca956c8ce6b32632303e64866"",""source_start_frame"":1028,""source_window_frames"":240,""task_id"":""AU-04"",""thermal_crossover"":1,""tiny_size"":1,""visibility_event_count"":0}]}",4,548.5,AU-04,1,1,1,3,{},0.10085894130748482,0.18980206729517582,0.5,0.40577173899992847,0.7348151050882831,0.2,0.10085894130748482,0.18980206729517582,0.5,0.40577173899992847,0.7348151050882831,0.2
anti_uav410,AU-L04-W06,public-trajectory-replay-v2,"{""event_window_version"":""anti-uav-event-window-v1"",""evidence_type"":""measured_image_plane_tracks_with_simulated_response_resources"",""fps"":null,""image_height"":512,""image_width"":640,""measured_dimensions"":[""apparent_size"",""image_plane_speed"",""visibility""],""motion_unit"":""normalized_image_diagonal_per_frame"",""protected_point"":[0.5,0.85],""source_files"":[""D:\\360Downloads\\123\\data\\Anti-UAV410\\annos\\test\\20190925_134301_1_8.txt"",""D:\\360Downloads\\123\\data\\Anti-UAV410\\annos\\test\\20190925_111757_1_6.txt"",""D:\\360Downloads\\123\\data\\Anti-UAV410\\annos\\test\\20190926_134054_1_1.txt"",""D:\\360Downloads\\123\\data\\Anti-UAV410\\annos\\test\\02_6319_1500-2999.txt""],""source_sha256"":[""f6b7847e1588c4712031bf2104e7c39502a58e14b8c2b65ca436e604aac3f554"",""144d1b89616682688aa7832eef940e8a8c18f9547c1a17f517cab502988cb6fe"",""f52449accaade338669894d3ed549ab2f2de5c0daa4db5aba1a2adf39e5fd815"",""418793fcd6218f474aaf1f712abb5b5593ad00bca956c8ce6b32632303e64866""],""synthetic_dimensions"":[""spatial_level"",""risk"",""response_window"",""multi_sequence_concurrency"",""resources""],""time_basis"":""frames"",""track_count"":4,""track_windows"":[{""dynamic_background_clutter"":0,""event_center_frame"":284,""fast_motion"":1,""inactive_frames_in_window"":0,""medium_size"":1,""normal_size"":0,""occlusion"":0,""offset_steps"":0,""out_of_view"":0,""requested_window_mode"":""motion"",""scale_variation"":0,""selected_window_mode"":""motion"",""small_size"":1,""source_active_frames"":1000,""source_end_frame"":403,""source_frames"":1000,""source_inactive_frames"":0,""source_path"":""D:\\360Downloads\\123\\data\\Anti-UAV410\\annos\\test\\20190925_134301_1_8.txt"",""source_sha256"":""f6b7847e1588c4712031bf2104e7c39502a58e14b8c2b65ca436e604aac3f554"",""source_start_frame"":164,""source_window_frames"":240,""task_id"":""AU-01"",""thermal_crossover"":1,""tiny_size"":0,""visibility_event_count"":0},{""dynamic_background_clutter"":0,""event_center_frame"":937,""fast_motion"":0,""inactive_frames_in_window"":0,""medium_size"":1,""normal_size"":0,""occlusion"":0,""offset_steps"":1,""out_of_view"":0,""requested_window_mode"":""motion"",""scale_variation"":0,""selected_window_mode"":""motion"",""small_size"":1,""source_active_frames"":1000,""source_end_frame"":999,""source_frames"":1000,""source_inactive_frames"":0,""source_path"":""D:\\360Downloads\\123\\data\\Anti-UAV410\\annos\\test\\20190925_111757_1_6.txt"",""source_sha256"":""144d1b89616682688aa7832eef940e8a8c18f9547c1a17f517cab502988cb6fe"",""source_start_frame"":760,""source_window_frames"":240,""task_id"":""AU-02"",""thermal_crossover"":1,""tiny_size"":0,""visibility_event_count"":0},{""dynamic_background_clutter"":0,""event_center_frame"":2,""fast_motion"":0,""inactive_frames_in_window"":0,""medium_size"":1,""normal_size"":0,""occlusion"":0,""offset_steps"":2,""out_of_view"":0,""requested_window_mode"":""motion"",""scale_variation"":0,""selected_window_mode"":""motion"",""small_size"":1,""source_active_frames"":1000,""source_end_frame"":239,""source_frames"":1000,""source_inactive_frames"":0,""source_path"":""D:\\360Downloads\\123\\data\\Anti-UAV410\\annos\\test\\20190926_134054_1_1.txt"",""source_sha256"":""f52449accaade338669894d3ed549ab2f2de5c0daa4db5aba1a2adf39e5fd815"",""source_start_frame"":0,""source_window_frames"":240,""task_id"":""AU-03"",""thermal_crossover"":1,""tiny_size"":0,""visibility_event_count"":0},{""dynamic_background_clutter"":1,""event_center_frame"":1148,""fast_motion"":0,""inactive_frames_in_window"":0,""medium_size"":0,""normal_size"":0,""occlusion"":1,""offset_steps"":3,""out_of_view"":0,""requested_window_mode"":""visibility"",""scale_variation"":0,""selected_window_mode"":""motion"",""small_size"":1,""source_active_frames"":1500,""source_end_frame"":1267,""source_frames"":1500,""source_inactive_frames"":0,""source_path"":""D:\\360Downloads\\123\\data\\Anti-UAV410\\annos\\test\\02_6319_1500-2999.txt"",""source_sha256"":""418793fcd6218f474aaf1f712abb5b5593ad00bca956c8ce6b32632303e64866"",""source_start_frame"":1028,""source_window_frames"":240,""task_id"":""AU-04"",""thermal_crossover"":1,""tiny_size"":1,""visibility_event_count"":0}]}",5,574.25,AU-01,1,1,1,3,{},0.44917157059011303,0.11046057043650337,0.5,0.0,0.43855623506644015,1.0,0.44917157059011303,0.11046057043650337,0.5,0.0,0.43855623506644015,1.0
anti_uav410,AU-L04-W06,public-trajectory-replay-v2,"{""event_window_version"":""anti-uav-event-window-v1"",""evidence_type"":""measured_image_plane_tracks_with_simulated_response_resources"",""fps"":null,""image_height"":512,""image_width"":640,""measured_dimensions"":[""apparent_size"",""image_plane_speed"",""visibility""],""motion_unit"":""normalized_image_diagonal_per_frame"",""protected_point"":[0.5,0.85],""source_files"":[""D:\\360Downloads\\123\\data\\Anti-UAV410\\annos\\test\\20190925_134301_1_8.txt"",""D:\\360Downloads\\123\\data\\Anti-UAV410\\annos\\test\\20190925_111757_1_6.txt"",""D:\\360Downloads\\123\\data\\Anti-UAV410\\annos\\test\\20190926_134054_1_1.txt"",""D:\\360Downloads\\123\\data\\Anti-UAV410\\annos\\test\\02_6319_1500-2999.txt""],""source_sha256"":[""f6b7847e1588c4712031bf2104e7c39502a58e14b8c2b65ca436e604aac3f554"",""144d1b89616682688aa7832eef940e8a8c18f9547c1a17f517cab502988cb6fe"",""f52449accaade338669894d3ed549ab2f2de5c0daa4db5aba1a2adf39e5fd815"",""418793fcd6218f474aaf1f712abb5b5593ad00bca956c8ce6b32632303e64866""],""synthetic_dimensions"":[""spatial_level"",""risk"",""response_window"",""multi_sequence_concurrency"",""resources""],""time_basis"":""frames"",""track_count"":4,""track_windows"":[{""dynamic_background_clutter"":0,""event_center_frame"":284,""fast_motion"":1,""inactive_frames_in_window"":0,""medium_size"":1,""normal_size"":0,""occlusion"":0,""offset_steps"":0,""out_of_view"":0,""requested_window_mode"":""motion"",""scale_variation"":0,""selected_window_mode"":""motion"",""small_size"":1,""source_active_frames"":1000,""source_end_frame"":403,""source_frames"":1000,""source_inactive_frames"":0,""source_path"":""D:\\360Downloads\\123\\data\\Anti-UAV410\\annos\\test\\20190925_134301_1_8.txt"",""source_sha256"":""f6b7847e1588c4712031bf2104e7c39502a58e14b8c2b65ca436e604aac3f554"",""source_start_frame"":164,""source_window_frames"":240,""task_id"":""AU-01"",""thermal_crossover"":1,""tiny_size"":0,""visibility_event_count"":0},{""dynamic_background_clutter"":0,""event_center_frame"":937,""fast_motion"":0,""inactive_frames_in_window"":0,""medium_size"":1,""normal_size"":0,""occlusion"":0,""offset_steps"":1,""out_of_view"":0,""requested_window_mode"":""motion"",""scale_variation"":0,""selected_window_mode"":""motion"",""small_size"":1,""source_active_frames"":1000,""source_end_frame"":999,""source_frames"":1000,""source_inactive_frames"":0,""source_path"":""D:\\360Downloads\\123\\data\\Anti-UAV410\\annos\\test\\20190925_111757_1_6.txt"",""source_sha256"":""144d1b89616682688aa7832eef940e8a8c18f9547c1a17f517cab502988cb6fe"",""source_start_frame"":760,""source_window_frames"":240,""task_id"":""AU-02"",""thermal_crossover"":1,""tiny_size"":0,""visibility_event_count"":0},{""dynamic_background_clutter"":0,""event_center_frame"":2,""fast_motion"":0,""inactive_frames_in_window"":0,""medium_size"":1,""normal_size"":0,""occlusion"":0,""offset_steps"":2,""out_of_view"":0,""requested_window_mode"":""motion"",""scale_variation"":0,""selected_window_mode"":""motion"",""small_size"":1,""source_active_frames"":1000,""source_end_frame"":239,""source_frames"":1000,""source_inactive_frames"":0,""source_path"":""D:\\360Downloads\\123\\data\\Anti-UAV410\\annos\\test\\20190926_134054_1_1.txt"",""source_sha256"":""f52449accaade338669894d3ed549ab2f2de5c0daa4db5aba1a2adf39e5fd815"",""source_start_frame"":0,""source_window_frames"":240,""task_id"":""AU-03"",""thermal_crossover"":1,""tiny_size"":0,""visibility_event_count"":0},{""dynamic_background_clutter"":1,""event_center_frame"":1148,""fast_motion"":0,""inactive_frames_in_window"":0,""medium_size"":0,""normal_size"":0,""occlusion"":1,""offset_steps"":3,""out_of_view"":0,""requested_window_mode"":""visibility"",""scale_variation"":0,""selected_window_mode"":""motion"",""small_size"":1,""source_active_frames"":1500,""source_end_frame"":1267,""source_frames"":1500,""source_inactive_frames"":0,""source_path"":""D:\\360Downloads\\123\\data\\Anti-UAV410\\annos\\test\\02_6319_1500-2999.txt"",""source_sha256"":""418793fcd6218f474aaf1f712abb5b5593ad00bca956c8ce6b32632303e64866"",""source_start_frame"":1028,""source_window_frames"":240,""task_id"":""AU-04"",""thermal_crossover"":1,""tiny_size"":1,""visibility_event_count"":0}]}",5,574.25,AU-02,1,1,1,3,{},0.48501511802575975,0.024151677158023164,0.5,0.19147765433792197,0.6430662320464324,1.0,0.48501511802575975,0.024151677158023164,0.5,0.19147765433792197,0.6430662320464324,1.0
anti_uav410,AU-L04-W06,public-trajectory-replay-v2,"{""event_window_version"":""anti-uav-event-window-v1"",""evidence_type"":""measured_image_plane_tracks_with_simulated_response_resources"",""fps"":null,""image_height"":512,""image_width"":640,""measured_dimensions"":[""apparent_size"",""image_plane_speed"",""visibility""],""motion_unit"":""normalized_image_diagonal_per_frame"",""protected_point"":[0.5,0.85],""source_files"":[""D:\\360Downloads\\123\\data\\Anti-UAV410\\annos\\test\\20190925_134301_1_8.txt"",""D:\\360Downloads\\123\\data\\Anti-UAV410\\annos\\test\\20190925_111757_1_6.txt"",""D:\\360Downloads\\123\\data\\Anti-UAV410\\annos\\test\\20190926_134054_1_1.txt"",""D:\\360Downloads\\123\\data\\Anti-UAV410\\annos\\test\\02_6319_1500-2999.txt""],""source_sha256"":[""f6b7847e1588c4712031bf2104e7c39502a58e14b8c2b65ca436e604aac3f554"",""144d1b89616682688aa7832eef940e8a8c18f9547c1a17f517cab502988cb6fe"",""f52449accaade338669894d3ed549ab2f2de5c0daa4db5aba1a2adf39e5fd815"",""418793fcd6218f474aaf1f712abb5b5593ad00bca956c8ce6b32632303e64866""],""synthetic_dimensions"":[""spatial_level"",""risk"",""response_window"",""multi_sequence_concurrency"",""resources""],""time_basis"":""frames"",""track_count"":4,""track_windows"":[{""dynamic_background_clutter"":0,""event_center_frame"":284,""fast_motion"":1,""inactive_frames_in_window"":0,""medium_size"":1,""normal_size"":0,""occlusion"":0,""offset_steps"":0,""out_of_view"":0,""requested_window_mode"":""motion"",""scale_variation"":0,""selected_window_mode"":""motion"",""small_size"":1,""source_active_frames"":1000,""source_end_frame"":403,""source_frames"":1000,""source_inactive_frames"":0,""source_path"":""D:\\360Downloads\\123\\data\\Anti-UAV410\\annos\\test\\20190925_134301_1_8.txt"",""source_sha256"":""f6b7847e1588c4712031bf2104e7c39502a58e14b8c2b65ca436e604aac3f554"",""source_start_frame"":164,""source_window_frames"":240,""task_id"":""AU-01"",""thermal_crossover"":1,""tiny_size"":0,""visibility_event_count"":0},{""dynamic_background_clutter"":0,""event_center_frame"":937,""fast_motion"":0,""inactive_frames_in_window"":0,""medium_size"":1,""normal_size"":0,""occlusion"":0,""offset_steps"":1,""out_of_view"":0,""requested_window_mode"":""motion"",""scale_variation"":0,""selected_window_mode"":""motion"",""small_size"":1,""source_active_frames"":1000,""source_end_frame"":999,""source_frames"":1000,""source_inactive_frames"":0,""source_path"":""D:\\360Downloads\\123\\data\\Anti-UAV410\\annos\\test\\20190925_111757_1_6.txt"",""source_sha256"":""144d1b89616682688aa7832eef940e8a8c18f9547c1a17f517cab502988cb6fe"",""source_start_frame"":760,""source_window_frames"":240,""task_id"":""AU-02"",""thermal_crossover"":1,""tiny_size"":0,""visibility_event_count"":0},{""dynamic_background_clutter"":0,""event_center_frame"":2,""fast_motion"":0,""inactive_frames_in_window"":0,""medium_size"":1,""normal_size"":0,""occlusion"":0,""offset_steps"":2,""out_of_view"":0,""requested_window_mode"":""motion"",""scale_variation"":0,""selected_window_mode"":""motion"",""small_size"":1,""source_active_frames"":1000,""source_end_frame"":239,""source_frames"":1000,""source_inactive_frames"":0,""source_path"":""D:\\360Downloads\\123\\data\\Anti-UAV410\\annos\\test\\20190926_134054_1_1.txt"",""source_sha256"":""f52449accaade338669894d3ed549ab2f2de5c0daa4db5aba1a2adf39e5fd815"",""source_start_frame"":0,""source_window_frames"":240,""task_id"":""AU-03"",""thermal_crossover"":1,""tiny_size"":0,""visibility_event_count"":0},{""dynamic_background_clutter"":1,""event_center_frame"":1148,""fast_motion"":0,""inactive_frames_in_window"":0,""medium_size"":0,""normal_size"":0,""occlusion"":1,""offset_steps"":3,""out_of_view"":0,""requested_window_mode"":""visibility"",""scale_variation"":0,""selected_window_mode"":""motion"",""small_size"":1,""source_active_frames"":1500,""source_end_frame"":1267,""source_frames"":1500,""source_inactive_frames"":0,""source_path"":""D:\\360Downloads\\123\\data\\Anti-UAV410\\annos\\test\\02_6319_1500-2999.txt"",""source_sha256"":""418793fcd6218f474aaf1f712abb5b5593ad00bca956c8ce6b32632303e64866"",""source_start_frame"":1028,""source_window_frames"":240,""task_id"":""AU-04"",""thermal_crossover"":1,""tiny_size"":1,""visibility_event_count"":0}]}",5,574.25,AU-03,1,1,1,3,{},0.5281067653821159,0.018544236752657733,0.5,0.13748608887275948,0.6213746640893608,1.0,0.5281067653821159,0.018544236752657733,0.5,0.13748608887275948,0.6213746640893608,1.0
anti_uav410,AU-L04-W06,public-trajectory-replay-v2,"{""event_window_version"":""anti-uav-event-window-v1"",""evidence_type"":""measured_image_plane_tracks_with_simulated_response_resources"",""fps"":null,""image_height"":512,""image_width"":640,""measured_dimensions"":[""apparent_size"",""image_plane_speed"",""visibility""],""motion_unit"":""normalized_image_diagonal_per_frame"",""protected_point"":[0.5,0.85],""source_files"":[""D:\\360Downloads\\123\\data\\Anti-UAV410\\annos\\test\\20190925_134301_1_8.txt"",""D:\\360Downloads\\123\\data\\Anti-UAV410\\annos\\test\\20190925_111757_1_6.txt"",""D:\\360Downloads\\123\\data\\Anti-UAV410\\annos\\test\\20190926_134054_1_1.txt"",""D:\\360Downloads\\123\\data\\Anti-UAV410\\annos\\test\\02_6319_1500-2999.txt""],""source_sha256"":[""f6b7847e1588c4712031bf2104e7c39502a58e14b8c2b65ca436e604aac3f554"",""144d1b89616682688aa7832eef940e8a8c18f9547c1a17f517cab502988cb6fe"",""f52449accaade338669894d3ed549ab2f2de5c0daa4db5aba1a2adf39e5fd815"",""418793fcd6218f474aaf1f712abb5b5593ad00bca956c8ce6b32632303e64866""],""synthetic_dimensions"":[""spatial_level"",""risk"",""response_window"",""multi_sequence_concurrency"",""resources""],""time_basis"":""frames"",""track_count"":4,""track_windows"":[{""dynamic_background_clutter"":0,""event_center_frame"":284,""fast_motion"":1,""inactive_frames_in_window"":0,""medium_size"":1,""normal_size"":0,""occlusion"":0,""offset_steps"":0,""out_of_view"":0,""requested_window_mode"":""motion"",""scale_variation"":0,""selected_window_mode"":""motion"",""small_size"":1,""source_active_frames"":1000,""source_end_frame"":403,""source_frames"":1000,""source_inactive_frames"":0,""source_path"":""D:\\360Downloads\\123\\data\\Anti-UAV410\\annos\\test\\20190925_134301_1_8.txt"",""source_sha256"":""f6b7847e1588c4712031bf2104e7c39502a58e14b8c2b65ca436e604aac3f554"",""source_start_frame"":164,""source_window_frames"":240,""task_id"":""AU-01"",""thermal_crossover"":1,""tiny_size"":0,""visibility_event_count"":0},{""dynamic_background_clutter"":0,""event_center_frame"":937,""fast_motion"":0,""inactive_frames_in_window"":0,""medium_size"":1,""normal_size"":0,""occlusion"":0,""offset_steps"":1,""out_of_view"":0,""requested_window_mode"":""motion"",""scale_variation"":0,""selected_window_mode"":""motion"",""small_size"":1,""source_active_frames"":1000,""source_end_frame"":999,""source_frames"":1000,""source_inactive_frames"":0,""source_path"":""D:\\360Downloads\\123\\data\\Anti-UAV410\\annos\\test\\20190925_111757_1_6.txt"",""source_sha256"":""144d1b89616682688aa7832eef940e8a8c18f9547c1a17f517cab502988cb6fe"",""source_start_frame"":760,""source_window_frames"":240,""task_id"":""AU-02"",""thermal_crossover"":1,""tiny_size"":0,""visibility_event_count"":0},{""dynamic_background_clutter"":0,""event_center_frame"":2,""fast_motion"":0,""inactive_frames_in_window"":0,""medium_size"":1,""normal_size"":0,""occlusion"":0,""offset_steps"":2,""out_of_view"":0,""requested_window_mode"":""motion"",""scale_variation"":0,""selected_window_mode"":""motion"",""small_size"":1,""source_active_frames"":1000,""source_end_frame"":239,""source_frames"":1000,""source_inactive_frames"":0,""source_path"":""D:\\360Downloads\\123\\data\\Anti-UAV410\\annos\\test\\20190926_134054_1_1.txt"",""source_sha256"":""f52449accaade338669894d3ed549ab2f2de5c0daa4db5aba1a2adf39e5fd815"",""source_start_frame"":0,""source_window_frames"":240,""task_id"":""AU-03"",""thermal_crossover"":1,""tiny_size"":0,""visibility_event_count"":0},{""dynamic_background_clutter"":1,""event_center_frame"":1148,""fast_motion"":0,""inactive_frames_in_window"":0,""medium_size"":0,""normal_size"":0,""occlusion"":1,""offset_steps"":3,""out_of_view"":0,""requested_window_mode"":""visibility"",""scale_variation"":0,""selected_window_mode"":""motion"",""small_size"":1,""source_active_frames"":1500,""source_end_frame"":1267,""source_frames"":1500,""source_inactive_frames"":0,""source_path"":""D:\\360Downloads\\123\\data\\Anti-UAV410\\annos\\test\\02_6319_1500-2999.txt"",""source_sha256"":""418793fcd6218f474aaf1f712abb5b5593ad00bca956c8ce6b32632303e64866"",""source_start_frame"":1028,""source_window_frames"":240,""task_id"":""AU-04"",""thermal_crossover"":1,""tiny_size"":1,""visibility_event_count"":0}]}",5,574.25,AU-04,1,1,1,3,{},0.11554843326366439,0.21183099957821733,0.5,0.21311717219937287,0.7753532403557127,0.2,0.11554843326366439,0.21183099957821733,0.5,0.21311717219937287,0.7753532403557127,0.2
anti_uav410,AU-L04-W06,public-trajectory-replay-v2,"{""event_window_version"":""anti-uav-event-window-v1"",""evidence_type"":""measured_image_plane_tracks_with_simulated_response_resources"",""fps"":null,""image_height"":512,""image_width"":640,""measured_dimensions"":[""apparent_size"",""image_plane_speed"",""visibility""],""motion_unit"":""normalized_image_diagonal_per_frame"",""protected_point"":[0.5,0.85],""source_files"":[""D:\\360Downloads\\123\\data\\Anti-UAV410\\annos\\test\\20190925_134301_1_8.txt"",""D:\\360Downloads\\123\\data\\Anti-UAV410\\annos\\test\\20190925_111757_1_6.txt"",""D:\\360Downloads\\123\\data\\Anti-UAV410\\annos\\test\\20190926_134054_1_1.txt"",""D:\\360Downloads\\123\\data\\Anti-UAV410\\annos\\test\\02_6319_1500-2999.txt""],""source_sha256"":[""f6b7847e1588c4712031bf2104e7c39502a58e14b8c2b65ca436e604aac3f554"",""144d1b89616682688aa7832eef940e8a8c18f9547c1a17f517cab502988cb6fe"",""f52449accaade338669894d3ed549ab2f2de5c0daa4db5aba1a2adf39e5fd815"",""418793fcd6218f474aaf1f712abb5b5593ad00bca956c8ce6b32632303e64866""],""synthetic_dimensions"":[""spatial_level"",""risk"",""response_window"",""multi_sequence_concurrency"",""resources""],""time_basis"":""frames"",""track_count"":4,""track_windows"":[{""dynamic_background_clutter"":0,""event_center_frame"":284,""fast_motion"":1,""inactive_frames_in_window"":0,""medium_size"":1,""normal_size"":0,""occlusion"":0,""offset_steps"":0,""out_of_view"":0,""requested_window_mode"":""motion"",""scale_variation"":0,""selected_window_mode"":""motion"",""small_size"":1,""source_active_frames"":1000,""source_end_frame"":403,""source_frames"":1000,""source_inactive_frames"":0,""source_path"":""D:\\360Downloads\\123\\data\\Anti-UAV410\\annos\\test\\20190925_134301_1_8.txt"",""source_sha256"":""f6b7847e1588c4712031bf2104e7c39502a58e14b8c2b65ca436e604aac3f554"",""source_start_frame"":164,""source_window_frames"":240,""task_id"":""AU-01"",""thermal_crossover"":1,""tiny_size"":0,""visibility_event_count"":0},{""dynamic_background_clutter"":0,""event_center_frame"":937,""fast_motion"":0,""inactive_frames_in_window"":0,""medium_size"":1,""normal_size"":0,""occlusion"":0,""offset_steps"":1,""out_of_view"":0,""requested_window_mode"":""motion"",""scale_variation"":0,""selected_window_mode"":""motion"",""small_size"":1,""source_active_frames"":1000,""source_end_frame"":999,""source_frames"":1000,""source_inactive_frames"":0,""source_path"":""D:\\360Downloads\\123\\data\\Anti-UAV410\\annos\\test\\20190925_111757_1_6.txt"",""source_sha256"":""144d1b89616682688aa7832eef940e8a8c18f9547c1a17f517cab502988cb6fe"",""source_start_frame"":760,""source_window_frames"":240,""task_id"":""AU-02"",""thermal_crossover"":1,""tiny_size"":0,""visibility_event_count"":0},{""dynamic_background_clutter"":0,""event_center_frame"":2,""fast_motion"":0,""inactive_frames_in_window"":0,""medium_size"":1,""normal_size"":0,""occlusion"":0,""offset_steps"":2,""out_of_view"":0,""requested_window_mode"":""motion"",""scale_variation"":0,""selected_window_mode"":""motion"",""small_size"":1,""source_active_frames"":1000,""source_end_frame"":239,""source_frames"":1000,""source_inactive_frames"":0,""source_path"":""D:\\360Downloads\\123\\data\\Anti-UAV410\\annos\\test\\20190926_134054_1_1.txt"",""source_sha256"":""f52449accaade338669894d3ed549ab2f2de5c0daa4db5aba1a2adf39e5fd815"",""source_start_frame"":0,""source_window_frames"":240,""task_id"":""AU-03"",""thermal_crossover"":1,""tiny_size"":0,""visibility_event_count"":0},{""dynamic_background_clutter"":1,""event_center_frame"":1148,""fast_motion"":0,""inactive_frames_in_window"":0,""medium_size"":0,""normal_size"":0,""occlusion"":1,""offset_steps"":3,""out_of_view"":0,""requested_window_mode"":""visibility"",""scale_variation"":0,""selected_window_mode"":""motion"",""small_size"":1,""source_active_frames"":1500,""source_end_frame"":1267,""source_frames"":1500,""source_inactive_frames"":0,""source_path"":""D:\\360Downloads\\123\\data\\Anti-UAV410\\annos\\test\\02_6319_1500-2999.txt"",""source_sha256"":""418793fcd6218f474aaf1f712abb5b5593ad00bca956c8ce6b32632303e64866"",""source_start_frame"":1028,""source_window_frames"":240,""task_id"":""AU-04"",""thermal_crossover"":1,""tiny_size"":1,""visibility_event_count"":0}]}",6,599.5,AU-01,1,1,1,3,{},0.42116911431343407,0.4567262400344781,0.5,0.0,0.4216182572217776,1.0,0.42116911431343407,0.4567262400344781,0.5,0.0,0.4216182572217776,1.0
anti_uav410,AU-L04-W06,public-trajectory-replay-v2,"{""event_window_version"":""anti-uav-event-window-v1"",""evidence_type"":""measured_image_plane_tracks_with_simulated_response_resources"",""fps"":null,""image_height"":512,""image_width"":640,""measured_dimensions"":[""apparent_size"",""image_plane_speed"",""visibility""],""motion_unit"":""normalized_image_diagonal_per_frame"",""protected_point"":[0.5,0.85],""source_files"":[""D:\\360Downloads\\123\\data\\Anti-UAV410\\annos\\test\\20190925_134301_1_8.txt"",""D:\\360Downloads\\123\\data\\Anti-UAV410\\annos\\test\\20190925_111757_1_6.txt"",""D:\\360Downloads\\123\\data\\Anti-UAV410\\annos\\test\\20190926_134054_1_1.txt"",""D:\\360Downloads\\123\\data\\Anti-UAV410\\annos\\test\\02_6319_1500-2999.txt""],""source_sha256"":[""f6b7847e1588c4712031bf2104e7c39502a58e14b8c2b65ca436e604aac3f554"",""144d1b89616682688aa7832eef940e8a8c18f9547c1a17f517cab502988cb6fe"",""f52449accaade338669894d3ed549ab2f2de5c0daa4db5aba1a2adf39e5fd815"",""418793fcd6218f474aaf1f712abb5b5593ad00bca956c8ce6b32632303e64866""],""synthetic_dimensions"":[""spatial_level"",""risk"",""response_window"",""multi_sequence_concurrency"",""resources""],""time_basis"":""frames"",""track_count"":4,""track_windows"":[{""dynamic_background_clutter"":0,""event_center_frame"":284,""fast_motion"":1,""inactive_frames_in_window"":0,""medium_size"":1,""normal_size"":0,""occlusion"":0,""offset_steps"":0,""out_of_view"":0,""requested_window_mode"":""motion"",""scale_variation"":0,""selected_window_mode"":""motion"",""small_size"":1,""source_active_frames"":1000,""source_end_frame"":403,""source_frames"":1000,""source_inactive_frames"":0,""source_path"":""D:\\360Downloads\\123\\data\\Anti-UAV410\\annos\\test\\20190925_134301_1_8.txt"",""source_sha256"":""f6b7847e1588c4712031bf2104e7c39502a58e14b8c2b65ca436e604aac3f554"",""source_start_frame"":164,""source_window_frames"":240,""task_id"":""AU-01"",""thermal_crossover"":1,""tiny_size"":0,""visibility_event_count"":0},{""dynamic_background_clutter"":0,""event_center_frame"":937,""fast_motion"":0,""inactive_frames_in_window"":0,""medium_size"":1,""normal_size"":0,""occlusion"":0,""offset_steps"":1,""out_of_view"":0,""requested_window_mode"":""motion"",""scale_variation"":0,""selected_window_mode"":""motion"",""small_size"":1,""source_active_frames"":1000,""source_end_frame"":999,""source_frames"":1000,""source_inactive_frames"":0,""source_path"":""D:\\360Downloads\\123\\data\\Anti-UAV410\\annos\\test\\20190925_111757_1_6.txt"",""source_sha256"":""144d1b89616682688aa7832eef940e8a8c18f9547c1a17f517cab502988cb6fe"",""source_start_frame"":760,""source_window_frames"":240,""task_id"":""AU-02"",""thermal_crossover"":1,""tiny_size"":0,""visibility_event_count"":0},{""dynamic_background_clutter"":0,""event_center_frame"":2,""fast_motion"":0,""inactive_frames_in_window"":0,""medium_size"":1,""normal_size"":0,""occlusion"":0,""offset_steps"":2,""out_of_view"":0,""requested_window_mode"":""motion"",""scale_variation"":0,""selected_window_mode"":""motion"",""small_size"":1,""source_active_frames"":1000,""source_end_frame"":239,""source_frames"":1000,""source_inactive_frames"":0,""source_path"":""D:\\360Downloads\\123\\data\\Anti-UAV410\\annos\\test\\20190926_134054_1_1.txt"",""source_sha256"":""f52449accaade338669894d3ed549ab2f2de5c0daa4db5aba1a2adf39e5fd815"",""source_start_frame"":0,""source_window_frames"":240,""task_id"":""AU-03"",""thermal_crossover"":1,""tiny_size"":0,""visibility_event_count"":0},{""dynamic_background_clutter"":1,""event_center_frame"":1148,""fast_motion"":0,""inactive_frames_in_window"":0,""medium_size"":0,""normal_size"":0,""occlusion"":1,""offset_steps"":3,""out_of_view"":0,""requested_window_mode"":""visibility"",""scale_variation"":0,""selected_window_mode"":""motion"",""small_size"":1,""source_active_frames"":1500,""source_end_frame"":1267,""source_frames"":1500,""source_inactive_frames"":0,""source_path"":""D:\\360Downloads\\123\\data\\Anti-UAV410\\annos\\test\\02_6319_1500-2999.txt"",""source_sha256"":""418793fcd6218f474aaf1f712abb5b5593ad00bca956c8ce6b32632303e64866"",""source_start_frame"":1028,""source_window_frames"":240,""task_id"":""AU-04"",""thermal_crossover"":1,""tiny_size"":1,""visibility_event_count"":0}]}",6,599.5,AU-02,1,1,1,3,{},0.4580484140452568,0.018946134325346618,0.5,0.0766406897276974,0.6408411577256921,1.0,0.4580484140452568,0.018946134325346618,0.5,0.0766406897276974,0.6408411577256921,1.0
anti_uav410,AU-L04-W06,public-trajectory-replay-v2,"{""event_window_version"":""anti-uav-event-window-v1"",""evidence_type"":""measured_image_plane_tracks_with_simulated_response_resources"",""fps"":null,""image_height"":512,""image_width"":640,""measured_dimensions"":[""apparent_size"",""image_plane_speed"",""visibility""],""motion_unit"":""normalized_image_diagonal_per_frame"",""protected_point"":[0.5,0.85],""source_files"":[""D:\\360Downloads\\123\\data\\Anti-UAV410\\annos\\test\\20190925_134301_1_8.txt"",""D:\\360Downloads\\123\\data\\Anti-UAV410\\annos\\test\\20190925_111757_1_6.txt"",""D:\\360Downloads\\123\\data\\Anti-UAV410\\annos\\test\\20190926_134054_1_1.txt"",""D:\\360Downloads\\123\\data\\Anti-UAV410\\annos\\test\\02_6319_1500-2999.txt""],""source_sha256"":[""f6b7847e1588c4712031bf2104e7c39502a58e14b8c2b65ca436e604aac3f554"",""144d1b89616682688aa7832eef940e8a8c18f9547c1a17f517cab502988cb6fe"",""f52449accaade338669894d3ed549ab2f2de5c0daa4db5aba1a2adf39e5fd815"",""418793fcd6218f474aaf1f712abb5b5593ad00bca956c8ce6b32632303e64866""],""synthetic_dimensions"":[""spatial_level"",""risk"",""response_window"",""multi_sequence_concurrency"",""resources""],""time_basis"":""frames"",""track_count"":4,""track_windows"":[{""dynamic_background_clutter"":0,""event_center_frame"":284,""fast_motion"":1,""inactive_frames_in_window"":0,""medium_size"":1,""normal_size"":0,""occlusion"":0,""offset_steps"":0,""out_of_view"":0,""requested_window_mode"":""motion"",""scale_variation"":0,""selected_window_mode"":""motion"",""small_size"":1,""source_active_frames"":1000,""source_end_frame"":403,""source_frames"":1000,""source_inactive_frames"":0,""source_path"":""D:\\360Downloads\\123\\data\\Anti-UAV410\\annos\\test\\20190925_134301_1_8.txt"",""source_sha256"":""f6b7847e1588c4712031bf2104e7c39502a58e14b8c2b65ca436e604aac3f554"",""source_start_frame"":164,""source_window_frames"":240,""task_id"":""AU-01"",""thermal_crossover"":1,""tiny_size"":0,""visibility_event_count"":0},{""dynamic_background_clutter"":0,""event_center_frame"":937,""fast_motion"":0,""inactive_frames_in_window"":0,""medium_size"":1,""normal_size"":0,""occlusion"":0,""offset_steps"":1,""out_of_view"":0,""requested_window_mode"":""motion"",""scale_variation"":0,""selected_window_mode"":""motion"",""small_size"":1,""source_active_frames"":1000,""source_end_frame"":999,""source_frames"":1000,""source_inactive_frames"":0,""source_path"":""D:\\360Downloads\\123\\data\\Anti-UAV410\\annos\\test\\20190925_111757_1_6.txt"",""source_sha256"":""144d1b89616682688aa7832eef940e8a8c18f9547c1a17f517cab502988cb6fe"",""source_start_frame"":760,""source_window_frames"":240,""task_id"":""AU-02"",""thermal_crossover"":1,""tiny_size"":0,""visibility_event_count"":0},{""dynamic_background_clutter"":0,""event_center_frame"":2,""fast_motion"":0,""inactive_frames_in_window"":0,""medium_size"":1,""normal_size"":0,""occlusion"":0,""offset_steps"":2,""out_of_view"":0,""requested_window_mode"":""motion"",""scale_variation"":0,""selected_window_mode"":""motion"",""small_size"":1,""source_active_frames"":1000,""source_end_frame"":239,""source_frames"":1000,""source_inactive_frames"":0,""source_path"":""D:\\360Downloads\\123\\data\\Anti-UAV410\\annos\\test\\20190926_134054_1_1.txt"",""source_sha256"":""f52449accaade338669894d3ed549ab2f2de5c0daa4db5aba1a2adf39e5fd815"",""source_start_frame"":0,""source_window_frames"":240,""task_id"":""AU-03"",""thermal_crossover"":1,""tiny_size"":0,""visibility_event_count"":0},{""dynamic_background_clutter"":1,""event_center_frame"":1148,""fast_motion"":0,""inactive_frames_in_window"":0,""medium_size"":0,""normal_size"":0,""occlusion"":1,""offset_steps"":3,""out_of_view"":0,""requested_window_mode"":""visibility"",""scale_variation"":0,""selected_window_mode"":""motion"",""small_size"":1,""source_active_frames"":1500,""source_end_frame"":1267,""source_frames"":1500,""source_inactive_frames"":0,""source_path"":""D:\\360Downloads\\123\\data\\Anti-UAV410\\annos\\test\\02_6319_1500-2999.txt"",""source_sha256"":""418793fcd6218f474aaf1f712abb5b5593ad00bca956c8ce6b32632303e64866"",""source_start_frame"":1028,""source_window_frames"":240,""task_id"":""AU-04"",""thermal_crossover"":1,""tiny_size"":1,""visibility_event_count"":0}]}",6,599.5,AU-03,1,1,1,3,{},0.5289087503018204,0.03735596368501166,0.5,0.0766406897276974,0.6261582177934852,1.0,0.5289087503018204,0.03735596368501166,0.5,0.0766406897276974,0.6261582177934852,1.0
anti_uav410,AU-L04-W06,public-trajectory-replay-v2,"{""event_window_version"":""anti-uav-event-window-v1"",""evidence_type"":""measured_image_plane_tracks_with_simulated_response_resources"",""fps"":null,""image_height"":512,""image_width"":640,""measured_dimensions"":[""apparent_size"",""image_plane_speed"",""visibility""],""motion_unit"":""normalized_image_diagonal_per_frame"",""protected_point"":[0.5,0.85],""source_files"":[""D:\\360Downloads\\123\\data\\Anti-UAV410\\annos\\test\\20190925_134301_1_8.txt"",""D:\\360Downloads\\123\\data\\Anti-UAV410\\annos\\test\\20190925_111757_1_6.txt"",""D:\\360Downloads\\123\\data\\Anti-UAV410\\annos\\test\\20190926_134054_1_1.txt"",""D:\\360Downloads\\123\\data\\Anti-UAV410\\annos\\test\\02_6319_1500-2999.txt""],""source_sha256"":[""f6b7847e1588c4712031bf2104e7c39502a58e14b8c2b65ca436e604aac3f554"",""144d1b89616682688aa7832eef940e8a8c18f9547c1a17f517cab502988cb6fe"",""f52449accaade338669894d3ed549ab2f2de5c0daa4db5aba1a2adf39e5fd815"",""418793fcd6218f474aaf1f712abb5b5593ad00bca956c8ce6b32632303e64866""],""synthetic_dimensions"":[""spatial_level"",""risk"",""response_window"",""multi_sequence_concurrency"",""resources""],""time_basis"":""frames"",""track_count"":4,""track_windows"":[{""dynamic_background_clutter"":0,""event_center_frame"":284,""fast_motion"":1,""inactive_frames_in_window"":0,""medium_size"":1,""normal_size"":0,""occlusion"":0,""offset_steps"":0,""out_of_view"":0,""requested_window_mode"":""motion"",""scale_variation"":0,""selected_window_mode"":""motion"",""small_size"":1,""source_active_frames"":1000,""source_end_frame"":403,""source_frames"":1000,""source_inactive_frames"":0,""source_path"":""D:\\360Downloads\\123\\data\\Anti-UAV410\\annos\\test\\20190925_134301_1_8.txt"",""source_sha256"":""f6b7847e1588c4712031bf2104e7c39502a58e14b8c2b65ca436e604aac3f554"",""source_start_frame"":164,""source_window_frames"":240,""task_id"":""AU-01"",""thermal_crossover"":1,""tiny_size"":0,""visibility_event_count"":0},{""dynamic_background_clutter"":0,""event_center_frame"":937,""fast_motion"":0,""inactive_frames_in_window"":0,""medium_size"":1,""normal_size"":0,""occlusion"":0,""offset_steps"":1,""out_of_view"":0,""requested_window_mode"":""motion"",""scale_variation"":0,""selected_window_mode"":""motion"",""small_size"":1,""source_active_frames"":1000,""source_end_frame"":999,""source_frames"":1000,""source_inactive_frames"":0,""source_path"":""D:\\360Downloads\\123\\data\\Anti-UAV410\\annos\\test\\20190925_111757_1_6.txt"",""source_sha256"":""144d1b89616682688aa7832eef940e8a8c18f9547c1a17f517cab502988cb6fe"",""source_start_frame"":760,""source_window_frames"":240,""task_id"":""AU-02"",""thermal_crossover"":1,""tiny_size"":0,""visibility_event_count"":0},{""dynamic_background_clutter"":0,""event_center_frame"":2,""fast_motion"":0,""inactive_frames_in_window"":0,""medium_size"":1,""normal_size"":0,""occlusion"":0,""offset_steps"":2,""out_of_view"":0,""requested_window_mode"":""motion"",""scale_variation"":0,""selected_window_mode"":""motion"",""small_size"":1,""source_active_frames"":1000,""source_end_frame"":239,""source_frames"":1000,""source_inactive_frames"":0,""source_path"":""D:\\360Downloads\\123\\data\\Anti-UAV410\\annos\\test\\20190926_134054_1_1.txt"",""source_sha256"":""f52449accaade338669894d3ed549ab2f2de5c0daa4db5aba1a2adf39e5fd815"",""source_start_frame"":0,""source_window_frames"":240,""task_id"":""AU-03"",""thermal_crossover"":1,""tiny_size"":0,""visibility_event_count"":0},{""dynamic_background_clutter"":1,""event_center_frame"":1148,""fast_motion"":0,""inactive_frames_in_window"":0,""medium_size"":0,""normal_size"":0,""occlusion"":1,""offset_steps"":3,""out_of_view"":0,""requested_window_mode"":""visibility"",""scale_variation"":0,""selected_window_mode"":""motion"",""small_size"":1,""source_active_frames"":1500,""source_end_frame"":1267,""source_frames"":1500,""source_inactive_frames"":0,""source_path"":""D:\\360Downloads\\123\\data\\Anti-UAV410\\annos\\test\\02_6319_1500-2999.txt"",""source_sha256"":""418793fcd6218f474aaf1f712abb5b5593ad00bca956c8ce6b32632303e64866"",""source_start_frame"":1028,""source_window_frames"":240,""task_id"":""AU-04"",""thermal_crossover"":1,""tiny_size"":1,""visibility_event_count"":0}]}",6,599.5,AU-04,1,1,1,3,{},0.10190413959959979,0.19996206491813712,0.5,0.0,0.7320579717569299,0.2,0.10190413959959979,0.19996206491813712,0.5,0.0,0.7320579717569299,0.2
anti_uav410,AU-L04-W06,public-trajectory-replay-v2,"{""event_window_version"":""anti-uav-event-window-v1"",""evidence_type"":""measured_image_plane_tracks_with_simulated_response_resources"",""fps"":null,""image_height"":512,""image_width"":640,""measured_dimensions"":[""apparent_size"",""image_plane_speed"",""visibility""],""motion_unit"":""normalized_image_diagonal_per_frame"",""protected_point"":[0.5,0.85],""source_files"":[""D:\\360Downloads\\123\\data\\Anti-UAV410\\annos\\test\\20190925_134301_1_8.txt"",""D:\\360Downloads\\123\\data\\Anti-UAV410\\annos\\test\\20190925_111757_1_6.txt"",""D:\\360Downloads\\123\\data\\Anti-UAV410\\annos\\test\\20190926_134054_1_1.txt"",""D:\\360Downloads\\123\\data\\Anti-UAV410\\annos\\test\\02_6319_1500-2999.txt""],""source_sha256"":[""f6b7847e1588c4712031bf2104e7c39502a58e14b8c2b65ca436e604aac3f554"",""144d1b89616682688aa7832eef940e8a8c18f9547c1a17f517cab502988cb6fe"",""f52449accaade338669894d3ed549ab2f2de5c0daa4db5aba1a2adf39e5fd815"",""418793fcd6218f474aaf1f712abb5b5593ad00bca956c8ce6b32632303e64866""],""synthetic_dimensions"":[""spatial_level"",""risk"",""response_window"",""multi_sequence_concurrency"",""resources""],""time_basis"":""frames"",""track_count"":4,""track_windows"":[{""dynamic_background_clutter"":0,""event_center_frame"":284,""fast_motion"":1,""inactive_frames_in_window"":0,""medium_size"":1,""normal_size"":0,""occlusion"":0,""offset_steps"":0,""out_of_view"":0,""requested_window_mode"":""motion"",""scale_variation"":0,""selected_window_mode"":""motion"",""small_size"":1,""source_active_frames"":1000,""source_end_frame"":403,""source_frames"":1000,""source_inactive_frames"":0,""source_path"":""D:\\360Downloads\\123\\data\\Anti-UAV410\\annos\\test\\20190925_134301_1_8.txt"",""source_sha256"":""f6b7847e1588c4712031bf2104e7c39502a58e14b8c2b65ca436e604aac3f554"",""source_start_frame"":164,""source_window_frames"":240,""task_id"":""AU-01"",""thermal_crossover"":1,""tiny_size"":0,""visibility_event_count"":0},{""dynamic_background_clutter"":0,""event_center_frame"":937,""fast_motion"":0,""inactive_frames_in_window"":0,""medium_size"":1,""normal_size"":0,""occlusion"":0,""offset_steps"":1,""out_of_view"":0,""requested_window_mode"":""motion"",""scale_variation"":0,""selected_window_mode"":""motion"",""small_size"":1,""source_active_frames"":1000,""source_end_frame"":999,""source_frames"":1000,""source_inactive_frames"":0,""source_path"":""D:\\360Downloads\\123\\data\\Anti-UAV410\\annos\\test\\20190925_111757_1_6.txt"",""source_sha256"":""144d1b89616682688aa7832eef940e8a8c18f9547c1a17f517cab502988cb6fe"",""source_start_frame"":760,""source_window_frames"":240,""task_id"":""AU-02"",""thermal_crossover"":1,""tiny_size"":0,""visibility_event_count"":0},{""dynamic_background_clutter"":0,""event_center_frame"":2,""fast_motion"":0,""inactive_frames_in_window"":0,""medium_size"":1,""normal_size"":0,""occlusion"":0,""offset_steps"":2,""out_of_view"":0,""requested_window_mode"":""motion"",""scale_variation"":0,""selected_window_mode"":""motion"",""small_size"":1,""source_active_frames"":1000,""source_end_frame"":239,""source_frames"":1000,""source_inactive_frames"":0,""source_path"":""D:\\360Downloads\\123\\data\\Anti-UAV410\\annos\\test\\20190926_134054_1_1.txt"",""source_sha256"":""f52449accaade338669894d3ed549ab2f2de5c0daa4db5aba1a2adf39e5fd815"",""source_start_frame"":0,""source_window_frames"":240,""task_id"":""AU-03"",""thermal_crossover"":1,""tiny_size"":0,""visibility_event_count"":0},{""dynamic_background_clutter"":1,""event_center_frame"":1148,""fast_motion"":0,""inactive_frames_in_window"":0,""medium_size"":0,""normal_size"":0,""occlusion"":1,""offset_steps"":3,""out_of_view"":0,""requested_window_mode"":""visibility"",""scale_variation"":0,""selected_window_mode"":""motion"",""small_size"":1,""source_active_frames"":1500,""source_end_frame"":1267,""source_frames"":1500,""source_inactive_frames"":0,""source_path"":""D:\\360Downloads\\123\\data\\Anti-UAV410\\annos\\test\\02_6319_1500-2999.txt"",""source_sha256"":""418793fcd6218f474aaf1f712abb5b5593ad00bca956c8ce6b32632303e64866"",""source_start_frame"":1028,""source_window_frames"":240,""task_id"":""AU-04"",""thermal_crossover"":1,""tiny_size"":1,""visibility_event_count"":0}]}",7,625.0,AU-01,1,1,1,3,{},0.4199092577238828,0.5532543621939665,0.5,0.0,0.3513560937224816,1.0,0.4199092577238828,0.5532543621939665,0.5,0.0,0.3513560937224816,1.0
anti_uav410,AU-L04-W06,public-trajectory-replay-v2,"{""event_window_version"":""anti-uav-event-window-v1"",""evidence_type"":""measured_image_plane_tracks_with_simulated_response_resources"",""fps"":null,""image_height"":512,""image_width"":640,""measured_dimensions"":[""apparent_size"",""image_plane_speed"",""visibility""],""motion_unit"":""normalized_image_diagonal_per_frame"",""protected_point"":[0.5,0.85],""source_files"":[""D:\\360Downloads\\123\\data\\Anti-UAV410\\annos\\test\\20190925_134301_1_8.txt"",""D:\\360Downloads\\123\\data\\Anti-UAV410\\annos\\test\\20190925_111757_1_6.txt"",""D:\\360Downloads\\123\\data\\Anti-UAV410\\annos\\test\\20190926_134054_1_1.txt"",""D:\\360Downloads\\123\\data\\Anti-UAV410\\annos\\test\\02_6319_1500-2999.txt""],""source_sha256"":[""f6b7847e1588c4712031bf2104e7c39502a58e14b8c2b65ca436e604aac3f554"",""144d1b89616682688aa7832eef940e8a8c18f9547c1a17f517cab502988cb6fe"",""f52449accaade338669894d3ed549ab2f2de5c0daa4db5aba1a2adf39e5fd815"",""418793fcd6218f474aaf1f712abb5b5593ad00bca956c8ce6b32632303e64866""],""synthetic_dimensions"":[""spatial_level"",""risk"",""response_window"",""multi_sequence_concurrency"",""resources""],""time_basis"":""frames"",""track_count"":4,""track_windows"":[{""dynamic_background_clutter"":0,""event_center_frame"":284,""fast_motion"":1,""inactive_frames_in_window"":0,""medium_size"":1,""normal_size"":0,""occlusion"":0,""offset_steps"":0,""out_of_view"":0,""requested_window_mode"":""motion"",""scale_variation"":0,""selected_window_mode"":""motion"",""small_size"":1,""source_active_frames"":1000,""source_end_frame"":403,""source_frames"":1000,""source_inactive_frames"":0,""source_path"":""D:\\360Downloads\\123\\data\\Anti-UAV410\\annos\\test\\20190925_134301_1_8.txt"",""source_sha256"":""f6b7847e1588c4712031bf2104e7c39502a58e14b8c2b65ca436e604aac3f554"",""source_start_frame"":164,""source_window_frames"":240,""task_id"":""AU-01"",""thermal_crossover"":1,""tiny_size"":0,""visibility_event_count"":0},{""dynamic_background_clutter"":0,""event_center_frame"":937,""fast_motion"":0,""inactive_frames_in_window"":0,""medium_size"":1,""normal_size"":0,""occlusion"":0,""offset_steps"":1,""out_of_view"":0,""requested_window_mode"":""motion"",""scale_variation"":0,""selected_window_mode"":""motion"",""small_size"":1,""source_active_frames"":1000,""source_end_frame"":999,""source_frames"":1000,""source_inactive_frames"":0,""source_path"":""D:\\360Downloads\\123\\data\\Anti-UAV410\\annos\\test\\20190925_111757_1_6.txt"",""source_sha256"":""144d1b89616682688aa7832eef940e8a8c18f9547c1a17f517cab502988cb6fe"",""source_start_frame"":760,""source_window_frames"":240,""task_id"":""AU-02"",""thermal_crossover"":1,""tiny_size"":0,""visibility_event_count"":0},{""dynamic_background_clutter"":0,""event_center_frame"":2,""fast_motion"":0,""inactive_frames_in_window"":0,""medium_size"":1,""normal_size"":0,""occlusion"":0,""offset_steps"":2,""out_of_view"":0,""requested_window_mode"":""motion"",""scale_variation"":0,""selected_window_mode"":""motion"",""small_size"":1,""source_active_frames"":1000,""source_end_frame"":239,""source_frames"":1000,""source_inactive_frames"":0,""source_path"":""D:\\360Downloads\\123\\data\\Anti-UAV410\\annos\\test\\20190926_134054_1_1.txt"",""source_sha256"":""f52449accaade338669894d3ed549ab2f2de5c0daa4db5aba1a2adf39e5fd815"",""source_start_frame"":0,""source_window_frames"":240,""task_id"":""AU-03"",""thermal_crossover"":1,""tiny_size"":0,""visibility_event_count"":0},{""dynamic_background_clutter"":1,""event_center_frame"":1148,""fast_motion"":0,""inactive_frames_in_window"":0,""medium_size"":0,""normal_size"":0,""occlusion"":1,""offset_steps"":3,""out_of_view"":0,""requested_window_mode"":""visibility"",""scale_variation"":0,""selected_window_mode"":""motion"",""small_size"":1,""source_active_frames"":1500,""source_end_frame"":1267,""source_frames"":1500,""source_inactive_frames"":0,""source_path"":""D:\\360Downloads\\123\\data\\Anti-UAV410\\annos\\test\\02_6319_1500-2999.txt"",""source_sha256"":""418793fcd6218f474aaf1f712abb5b5593ad00bca956c8ce6b32632303e64866"",""source_start_frame"":1028,""source_window_frames"":240,""task_id"":""AU-04"",""thermal_crossover"":1,""tiny_size"":1,""visibility_event_count"":0}]}",7,625.0,AU-02,1,1,1,3,{},0.4876297737258856,0.018755354292603034,0.5,0.1693806170884888,0.6517775965699584,1.0,0.4876297737258856,0.018755354292603034,0.5,0.1693806170884888,0.6517775965699584,1.0
anti_uav410,AU-L04-W06,public-trajectory-replay-v2,"{""event_window_version"":""anti-uav-event-window-v1"",""evidence_type"":""measured_image_plane_tracks_with_simulated_response_resources"",""fps"":null,""image_height"":512,""image_width"":640,""measured_dimensions"":[""apparent_size"",""image_plane_speed"",""visibility""],""motion_unit"":""normalized_image_diagonal_per_frame"",""protected_point"":[0.5,0.85],""source_files"":[""D:\\360Downloads\\123\\data\\Anti-UAV410\\annos\\test\\20190925_134301_1_8.txt"",""D:\\360Downloads\\123\\data\\Anti-UAV410\\annos\\test\\20190925_111757_1_6.txt"",""D:\\360Downloads\\123\\data\\Anti-UAV410\\annos\\test\\20190926_134054_1_1.txt"",""D:\\360Downloads\\123\\data\\Anti-UAV410\\annos\\test\\02_6319_1500-2999.txt""],""source_sha256"":[""f6b7847e1588c4712031bf2104e7c39502a58e14b8c2b65ca436e604aac3f554"",""144d1b89616682688aa7832eef940e8a8c18f9547c1a17f517cab502988cb6fe"",""f52449accaade338669894d3ed549ab2f2de5c0daa4db5aba1a2adf39e5fd815"",""418793fcd6218f474aaf1f712abb5b5593ad00bca956c8ce6b32632303e64866""],""synthetic_dimensions"":[""spatial_level"",""risk"",""response_window"",""multi_sequence_concurrency"",""resources""],""time_basis"":""frames"",""track_count"":4,""track_windows"":[{""dynamic_background_clutter"":0,""event_center_frame"":284,""fast_motion"":1,""inactive_frames_in_window"":0,""medium_size"":1,""normal_size"":0,""occlusion"":0,""offset_steps"":0,""out_of_view"":0,""requested_window_mode"":""motion"",""scale_variation"":0,""selected_window_mode"":""motion"",""small_size"":1,""source_active_frames"":1000,""source_end_frame"":403,""source_frames"":1000,""source_inactive_frames"":0,""source_path"":""D:\\360Downloads\\123\\data\\Anti-UAV410\\annos\\test\\20190925_134301_1_8.txt"",""source_sha256"":""f6b7847e1588c4712031bf2104e7c39502a58e14b8c2b65ca436e604aac3f554"",""source_start_frame"":164,""source_window_frames"":240,""task_id"":""AU-01"",""thermal_crossover"":1,""tiny_size"":0,""visibility_event_count"":0},{""dynamic_background_clutter"":0,""event_center_frame"":937,""fast_motion"":0,""inactive_frames_in_window"":0,""medium_size"":1,""normal_size"":0,""occlusion"":0,""offset_steps"":1,""out_of_view"":0,""requested_window_mode"":""motion"",""scale_variation"":0,""selected_window_mode"":""motion"",""small_size"":1,""source_active_frames"":1000,""source_end_frame"":999,""source_frames"":1000,""source_inactive_frames"":0,""source_path"":""D:\\360Downloads\\123\\data\\Anti-UAV410\\annos\\test\\20190925_111757_1_6.txt"",""source_sha256"":""144d1b89616682688aa7832eef940e8a8c18f9547c1a17f517cab502988cb6fe"",""source_start_frame"":760,""source_window_frames"":240,""task_id"":""AU-02"",""thermal_crossover"":1,""tiny_size"":0,""visibility_event_count"":0},{""dynamic_background_clutter"":0,""event_center_frame"":2,""fast_motion"":0,""inactive_frames_in_window"":0,""medium_size"":1,""normal_size"":0,""occlusion"":0,""offset_steps"":2,""out_of_view"":0,""requested_window_mode"":""motion"",""scale_variation"":0,""selected_window_mode"":""motion"",""small_size"":1,""source_active_frames"":1000,""source_end_frame"":239,""source_frames"":1000,""source_inactive_frames"":0,""source_path"":""D:\\360Downloads\\123\\data\\Anti-UAV410\\annos\\test\\20190926_134054_1_1.txt"",""source_sha256"":""f52449accaade338669894d3ed549ab2f2de5c0daa4db5aba1a2adf39e5fd815"",""source_start_frame"":0,""source_window_frames"":240,""task_id"":""AU-03"",""thermal_crossover"":1,""tiny_size"":0,""visibility_event_count"":0},{""dynamic_background_clutter"":1,""event_center_frame"":1148,""fast_motion"":0,""inactive_frames_in_window"":0,""medium_size"":0,""normal_size"":0,""occlusion"":1,""offset_steps"":3,""out_of_view"":0,""requested_window_mode"":""visibility"",""scale_variation"":0,""selected_window_mode"":""motion"",""small_size"":1,""source_active_frames"":1500,""source_end_frame"":1267,""source_frames"":1500,""source_inactive_frames"":0,""source_path"":""D:\\360Downloads\\123\\data\\Anti-UAV410\\annos\\test\\02_6319_1500-2999.txt"",""source_sha256"":""418793fcd6218f474aaf1f712abb5b5593ad00bca956c8ce6b32632303e64866"",""source_start_frame"":1028,""source_window_frames"":240,""task_id"":""AU-04"",""thermal_crossover"":1,""tiny_size"":1,""visibility_event_count"":0}]}",7,625.0,AU-03,1,1,1,3,{},0.5017668976041066,0.1808449074074074,0.5,0.1693806170884888,0.6796859033750275,0.4096853247543544,0.5017668976041066,0.1808449074074074,0.5,0.1693806170884888,0.6796859033750275,0.4096853247543544
anti_uav410,AU-L04-W06,public-trajectory-replay-v2,"{""event_window_version"":""anti-uav-event-window-v1"",""evidence_type"":""measured_image_plane_tracks_with_simulated_response_resources"",""fps"":null,""image_height"":512,""image_width"":640,""measured_dimensions"":[""apparent_size"",""image_plane_speed"",""visibility""],""motion_unit"":""normalized_image_diagonal_per_frame"",""protected_point"":[0.5,0.85],""source_files"":[""D:\\360Downloads\\123\\data\\Anti-UAV410\\annos\\test\\20190925_134301_1_8.txt"",""D:\\360Downloads\\123\\data\\Anti-UAV410\\annos\\test\\20190925_111757_1_6.txt"",""D:\\360Downloads\\123\\data\\Anti-UAV410\\annos\\test\\20190926_134054_1_1.txt"",""D:\\360Downloads\\123\\data\\Anti-UAV410\\annos\\test\\02_6319_1500-2999.txt""],""source_sha256"":[""f6b7847e1588c4712031bf2104e7c39502a58e14b8c2b65ca436e604aac3f554"",""144d1b89616682688aa7832eef940e8a8c18f9547c1a17f517cab502988cb6fe"",""f52449accaade338669894d3ed549ab2f2de5c0daa4db5aba1a2adf39e5fd815"",""418793fcd6218f474aaf1f712abb5b5593ad00bca956c8ce6b32632303e64866""],""synthetic_dimensions"":[""spatial_level"",""risk"",""response_window"",""multi_sequence_concurrency"",""resources""],""time_basis"":""frames"",""track_count"":4,""track_windows"":[{""dynamic_background_clutter"":0,""event_center_frame"":284,""fast_motion"":1,""inactive_frames_in_window"":0,""medium_size"":1,""normal_size"":0,""occlusion"":0,""offset_steps"":0,""out_of_view"":0,""requested_window_mode"":""motion"",""scale_variation"":0,""selected_window_mode"":""motion"",""small_size"":1,""source_active_frames"":1000,""source_end_frame"":403,""source_frames"":1000,""source_inactive_frames"":0,""source_path"":""D:\\360Downloads\\123\\data\\Anti-UAV410\\annos\\test\\20190925_134301_1_8.txt"",""source_sha256"":""f6b7847e1588c4712031bf2104e7c39502a58e14b8c2b65ca436e604aac3f554"",""source_start_frame"":164,""source_window_frames"":240,""task_id"":""AU-01"",""thermal_crossover"":1,""tiny_size"":0,""visibility_event_count"":0},{""dynamic_background_clutter"":0,""event_center_frame"":937,""fast_motion"":0,""inactive_frames_in_window"":0,""medium_size"":1,""normal_size"":0,""occlusion"":0,""offset_steps"":1,""out_of_view"":0,""requested_window_mode"":""motion"",""scale_variation"":0,""selected_window_mode"":""motion"",""small_size"":1,""source_active_frames"":1000,""source_end_frame"":999,""source_frames"":1000,""source_inactive_frames"":0,""source_path"":""D:\\360Downloads\\123\\data\\Anti-UAV410\\annos\\test\\20190925_111757_1_6.txt"",""source_sha256"":""144d1b89616682688aa7832eef940e8a8c18f9547c1a17f517cab502988cb6fe"",""source_start_frame"":760,""source_window_frames"":240,""task_id"":""AU-02"",""thermal_crossover"":1,""tiny_size"":0,""visibility_event_count"":0},{""dynamic_background_clutter"":0,""event_center_frame"":2,""fast_motion"":0,""inactive_frames_in_window"":0,""medium_size"":1,""normal_size"":0,""occlusion"":0,""offset_steps"":2,""out_of_view"":0,""requested_window_mode"":""motion"",""scale_variation"":0,""selected_window_mode"":""motion"",""small_size"":1,""source_active_frames"":1000,""source_end_frame"":239,""source_frames"":1000,""source_inactive_frames"":0,""source_path"":""D:\\360Downloads\\123\\data\\Anti-UAV410\\annos\\test\\20190926_134054_1_1.txt"",""source_sha256"":""f52449accaade338669894d3ed549ab2f2de5c0daa4db5aba1a2adf39e5fd815"",""source_start_frame"":0,""source_window_frames"":240,""task_id"":""AU-03"",""thermal_crossover"":1,""tiny_size"":0,""visibility_event_count"":0},{""dynamic_background_clutter"":1,""event_center_frame"":1148,""fast_motion"":0,""inactive_frames_in_window"":0,""medium_size"":0,""normal_size"":0,""occlusion"":1,""offset_steps"":3,""out_of_view"":0,""requested_window_mode"":""visibility"",""scale_variation"":0,""selected_window_mode"":""motion"",""small_size"":1,""source_active_frames"":1500,""source_end_frame"":1267,""source_frames"":1500,""source_inactive_frames"":0,""source_path"":""D:\\360Downloads\\123\\data\\Anti-UAV410\\annos\\test\\02_6319_1500-2999.txt"",""source_sha256"":""418793fcd6218f474aaf1f712abb5b5593ad00bca956c8ce6b32632303e64866"",""source_start_frame"":1028,""source_window_frames"":240,""task_id"":""AU-04"",""thermal_crossover"":1,""tiny_size"":1,""visibility_event_count"":0}]}",7,625.0,AU-04,1,1,1,3,{},0.11826759195693327,0.19348817945456726,0.5,0.0,0.6778660028925194,1.0,0.11826759195693327,0.19348817945456726,0.5,0.0,0.6778660028925194,1.0
anti_uav410,AU-L04-W06,public-trajectory-replay-v2,"{""event_window_version"":""anti-uav-event-window-v1"",""evidence_type"":""measured_image_plane_tracks_with_simulated_response_resources"",""fps"":null,""image_height"":512,""image_width"":640,""measured_dimensions"":[""apparent_size"",""image_plane_speed"",""visibility""],""motion_unit"":""normalized_image_diagonal_per_frame"",""protected_point"":[0.5,0.85],""source_files"":[""D:\\360Downloads\\123\\data\\Anti-UAV410\\annos\\test\\20190925_134301_1_8.txt"",""D:\\360Downloads\\123\\data\\Anti-UAV410\\annos\\test\\20190925_111757_1_6.txt"",""D:\\360Downloads\\123\\data\\Anti-UAV410\\annos\\test\\20190926_134054_1_1.txt"",""D:\\360Downloads\\123\\data\\Anti-UAV410\\annos\\test\\02_6319_1500-2999.txt""],""source_sha256"":[""f6b7847e1588c4712031bf2104e7c39502a58e14b8c2b65ca436e604aac3f554"",""144d1b89616682688aa7832eef940e8a8c18f9547c1a17f517cab502988cb6fe"",""f52449accaade338669894d3ed549ab2f2de5c0daa4db5aba1a2adf39e5fd815"",""418793fcd6218f474aaf1f712abb5b5593ad00bca956c8ce6b32632303e64866""],""synthetic_dimensions"":[""spatial_level"",""risk"",""response_window"",""multi_sequence_concurrency"",""resources""],""time_basis"":""frames"",""track_count"":4,""track_windows"":[{""dynamic_background_clutter"":0,""event_center_frame"":284,""fast_motion"":1,""inactive_frames_in_window"":0,""medium_size"":1,""normal_size"":0,""occlusion"":0,""offset_steps"":0,""out_of_view"":0,""requested_window_mode"":""motion"",""scale_variation"":0,""selected_window_mode"":""motion"",""small_size"":1,""source_active_frames"":1000,""source_end_frame"":403,""source_frames"":1000,""source_inactive_frames"":0,""source_path"":""D:\\360Downloads\\123\\data\\Anti-UAV410\\annos\\test\\20190925_134301_1_8.txt"",""source_sha256"":""f6b7847e1588c4712031bf2104e7c39502a58e14b8c2b65ca436e604aac3f554"",""source_start_frame"":164,""source_window_frames"":240,""task_id"":""AU-01"",""thermal_crossover"":1,""tiny_size"":0,""visibility_event_count"":0},{""dynamic_background_clutter"":0,""event_center_frame"":937,""fast_motion"":0,""inactive_frames_in_window"":0,""medium_size"":1,""normal_size"":0,""occlusion"":0,""offset_steps"":1,""out_of_view"":0,""requested_window_mode"":""motion"",""scale_variation"":0,""selected_window_mode"":""motion"",""small_size"":1,""source_active_frames"":1000,""source_end_frame"":999,""source_frames"":1000,""source_inactive_frames"":0,""source_path"":""D:\\360Downloads\\123\\data\\Anti-UAV410\\annos\\test\\20190925_111757_1_6.txt"",""source_sha256"":""144d1b89616682688aa7832eef940e8a8c18f9547c1a17f517cab502988cb6fe"",""source_start_frame"":760,""source_window_frames"":240,""task_id"":""AU-02"",""thermal_crossover"":1,""tiny_size"":0,""visibility_event_count"":0},{""dynamic_background_clutter"":0,""event_center_frame"":2,""fast_motion"":0,""inactive_frames_in_window"":0,""medium_size"":1,""normal_size"":0,""occlusion"":0,""offset_steps"":2,""out_of_view"":0,""requested_window_mode"":""motion"",""scale_variation"":0,""selected_window_mode"":""motion"",""small_size"":1,""source_active_frames"":1000,""source_end_frame"":239,""source_frames"":1000,""source_inactive_frames"":0,""source_path"":""D:\\360Downloads\\123\\data\\Anti-UAV410\\annos\\test\\20190926_134054_1_1.txt"",""source_sha256"":""f52449accaade338669894d3ed549ab2f2de5c0daa4db5aba1a2adf39e5fd815"",""source_start_frame"":0,""source_window_frames"":240,""task_id"":""AU-03"",""thermal_crossover"":1,""tiny_size"":0,""visibility_event_count"":0},{""dynamic_background_clutter"":1,""event_center_frame"":1148,""fast_motion"":0,""inactive_frames_in_window"":0,""medium_size"":0,""normal_size"":0,""occlusion"":1,""offset_steps"":3,""out_of_view"":0,""requested_window_mode"":""visibility"",""scale_variation"":0,""selected_window_mode"":""motion"",""small_size"":1,""source_active_frames"":1500,""source_end_frame"":1267,""source_frames"":1500,""source_inactive_frames"":0,""source_path"":""D:\\360Downloads\\123\\data\\Anti-UAV410\\annos\\test\\02_6319_1500-2999.txt"",""source_sha256"":""418793fcd6218f474aaf1f712abb5b5593ad00bca956c8ce6b32632303e64866"",""source_start_frame"":1028,""source_window_frames"":240,""task_id"":""AU-04"",""thermal_crossover"":1,""tiny_size"":1,""visibility_event_count"":0}]}",8,650.25,AU-01,1,1,1,3,{},0.4293914699958633,0.11332395417704658,0.5,0.0,0.40990655388634667,1.0,0.4293914699958633,0.11332395417704658,0.5,0.0,0.40990655388634667,1.0
anti_uav410,AU-L04-W06,public-trajectory-replay-v2,"{""event_window_version"":""anti-uav-event-window-v1"",""evidence_type"":""measured_image_plane_tracks_with_simulated_response_resources"",""fps"":null,""image_height"":512,""image_width"":640,""measured_dimensions"":[""apparent_size"",""image_plane_speed"",""visibility""],""motion_unit"":""normalized_image_diagonal_per_frame"",""protected_point"":[0.5,0.85],""source_files"":[""D:\\360Downloads\\123\\data\\Anti-UAV410\\annos\\test\\20190925_134301_1_8.txt"",""D:\\360Downloads\\123\\data\\Anti-UAV410\\annos\\test\\20190925_111757_1_6.txt"",""D:\\360Downloads\\123\\data\\Anti-UAV410\\annos\\test\\20190926_134054_1_1.txt"",""D:\\360Downloads\\123\\data\\Anti-UAV410\\annos\\test\\02_6319_1500-2999.txt""],""source_sha256"":[""f6b7847e1588c4712031bf2104e7c39502a58e14b8c2b65ca436e604aac3f554"",""144d1b89616682688aa7832eef940e8a8c18f9547c1a17f517cab502988cb6fe"",""f52449accaade338669894d3ed549ab2f2de5c0daa4db5aba1a2adf39e5fd815"",""418793fcd6218f474aaf1f712abb5b5593ad00bca956c8ce6b32632303e64866""],""synthetic_dimensions"":[""spatial_level"",""risk"",""response_window"",""multi_sequence_concurrency"",""resources""],""time_basis"":""frames"",""track_count"":4,""track_windows"":[{""dynamic_background_clutter"":0,""event_center_frame"":284,""fast_motion"":1,""inactive_frames_in_window"":0,""medium_size"":1,""normal_size"":0,""occlusion"":0,""offset_steps"":0,""out_of_view"":0,""requested_window_mode"":""motion"",""scale_variation"":0,""selected_window_mode"":""motion"",""small_size"":1,""source_active_frames"":1000,""source_end_frame"":403,""source_frames"":1000,""source_inactive_frames"":0,""source_path"":""D:\\360Downloads\\123\\data\\Anti-UAV410\\annos\\test\\20190925_134301_1_8.txt"",""source_sha256"":""f6b7847e1588c4712031bf2104e7c39502a58e14b8c2b65ca436e604aac3f554"",""source_start_frame"":164,""source_window_frames"":240,""task_id"":""AU-01"",""thermal_crossover"":1,""tiny_size"":0,""visibility_event_count"":0},{""dynamic_background_clutter"":0,""event_center_frame"":937,""fast_motion"":0,""inactive_frames_in_window"":0,""medium_size"":1,""normal_size"":0,""occlusion"":0,""offset_steps"":1,""out_of_view"":0,""requested_window_mode"":""motion"",""scale_variation"":0,""selected_window_mode"":""motion"",""small_size"":1,""source_active_frames"":1000,""source_end_frame"":999,""source_frames"":1000,""source_inactive_frames"":0,""source_path"":""D:\\360Downloads\\123\\data\\Anti-UAV410\\annos\\test\\20190925_111757_1_6.txt"",""source_sha256"":""144d1b89616682688aa7832eef940e8a8c18f9547c1a17f517cab502988cb6fe"",""source_start_frame"":760,""source_window_frames"":240,""task_id"":""AU-02"",""thermal_crossover"":1,""tiny_size"":0,""visibility_event_count"":0},{""dynamic_background_clutter"":0,""event_center_frame"":2,""fast_motion"":0,""inactive_frames_in_window"":0,""medium_size"":1,""normal_size"":0,""occlusion"":0,""offset_steps"":2,""out_of_view"":0,""requested_window_mode"":""motion"",""scale_variation"":0,""selected_window_mode"":""motion"",""small_size"":1,""source_active_frames"":1000,""source_end_frame"":239,""source_frames"":1000,""source_inactive_frames"":0,""source_path"":""D:\\360Downloads\\123\\data\\Anti-UAV410\\annos\\test\\20190926_134054_1_1.txt"",""source_sha256"":""f52449accaade338669894d3ed549ab2f2de5c0daa4db5aba1a2adf39e5fd815"",""source_start_frame"":0,""source_window_frames"":240,""task_id"":""AU-03"",""thermal_crossover"":1,""tiny_size"":0,""visibility_event_count"":0},{""dynamic_background_clutter"":1,""event_center_frame"":1148,""fast_motion"":0,""inactive_frames_in_window"":0,""medium_size"":0,""normal_size"":0,""occlusion"":1,""offset_steps"":3,""out_of_view"":0,""requested_window_mode"":""visibility"",""scale_variation"":0,""selected_window_mode"":""motion"",""small_size"":1,""source_active_frames"":1500,""source_end_frame"":1267,""source_frames"":1500,""source_inactive_frames"":0,""source_path"":""D:\\360Downloads\\123\\data\\Anti-UAV410\\annos\\test\\02_6319_1500-2999.txt"",""source_sha256"":""418793fcd6218f474aaf1f712abb5b5593ad00bca956c8ce6b32632303e64866"",""source_start_frame"":1028,""source_window_frames"":240,""task_id"":""AU-04"",""thermal_crossover"":1,""tiny_size"":1,""visibility_event_count"":0}]}",8,650.25,AU-02,1,1,1,3,{},0.474858920021106,0.025856441381993528,0.5,0.27468231964857254,0.6693861308633813,1.0,0.474858920021106,0.025856441381993528,0.5,0.27468231964857254,0.6693861308633813,1.0
anti_uav410,AU-L04-W06,public-trajectory-replay-v2,"{""event_window_version"":""anti-uav-event-window-v1"",""evidence_type"":""measured_image_plane_tracks_with_simulated_response_resources"",""fps"":null,""image_height"":512,""image_width"":640,""measured_dimensions"":[""apparent_size"",""image_plane_speed"",""visibility""],""motion_unit"":""normalized_image_diagonal_per_frame"",""protected_point"":[0.5,0.85],""source_files"":[""D:\\360Downloads\\123\\data\\Anti-UAV410\\annos\\test\\20190925_134301_1_8.txt"",""D:\\360Downloads\\123\\data\\Anti-UAV410\\annos\\test\\20190925_111757_1_6.txt"",""D:\\360Downloads\\123\\data\\Anti-UAV410\\annos\\test\\20190926_134054_1_1.txt"",""D:\\360Downloads\\123\\data\\Anti-UAV410\\annos\\test\\02_6319_1500-2999.txt""],""source_sha256"":[""f6b7847e1588c4712031bf2104e7c39502a58e14b8c2b65ca436e604aac3f554"",""144d1b89616682688aa7832eef940e8a8c18f9547c1a17f517cab502988cb6fe"",""f52449accaade338669894d3ed549ab2f2de5c0daa4db5aba1a2adf39e5fd815"",""418793fcd6218f474aaf1f712abb5b5593ad00bca956c8ce6b32632303e64866""],""synthetic_dimensions"":[""spatial_level"",""risk"",""response_window"",""multi_sequence_concurrency"",""resources""],""time_basis"":""frames"",""track_count"":4,""track_windows"":[{""dynamic_background_clutter"":0,""event_center_frame"":284,""fast_motion"":1,""inactive_frames_in_window"":0,""medium_size"":1,""normal_size"":0,""occlusion"":0,""offset_steps"":0,""out_of_view"":0,""requested_window_mode"":""motion"",""scale_variation"":0,""selected_window_mode"":""motion"",""small_size"":1,""source_active_frames"":1000,""source_end_frame"":403,""source_frames"":1000,""source_inactive_frames"":0,""source_path"":""D:\\360Downloads\\123\\data\\Anti-UAV410\\annos\\test\\20190925_134301_1_8.txt"",""source_sha256"":""f6b7847e1588c4712031bf2104e7c39502a58e14b8c2b65ca436e604aac3f554"",""source_start_frame"":164,""source_window_frames"":240,""task_id"":""AU-01"",""thermal_crossover"":1,""tiny_size"":0,""visibility_event_count"":0},{""dynamic_background_clutter"":0,""event_center_frame"":937,""fast_motion"":0,""inactive_frames_in_window"":0,""medium_size"":1,""normal_size"":0,""occlusion"":0,""offset_steps"":1,""out_of_view"":0,""requested_window_mode"":""motion"",""scale_variation"":0,""selected_window_mode"":""motion"",""small_size"":1,""source_active_frames"":1000,""source_end_frame"":999,""source_frames"":1000,""source_inactive_frames"":0,""source_path"":""D:\\360Downloads\\123\\data\\Anti-UAV410\\annos\\test\\20190925_111757_1_6.txt"",""source_sha256"":""144d1b89616682688aa7832eef940e8a8c18f9547c1a17f517cab502988cb6fe"",""source_start_frame"":760,""source_window_frames"":240,""task_id"":""AU-02"",""thermal_crossover"":1,""tiny_size"":0,""visibility_event_count"":0},{""dynamic_background_clutter"":0,""event_center_frame"":2,""fast_motion"":0,""inactive_frames_in_window"":0,""medium_size"":1,""normal_size"":0,""occlusion"":0,""offset_steps"":2,""out_of_view"":0,""requested_window_mode"":""motion"",""scale_variation"":0,""selected_window_mode"":""motion"",""small_size"":1,""source_active_frames"":1000,""source_end_frame"":239,""source_frames"":1000,""source_inactive_frames"":0,""source_path"":""D:\\360Downloads\\123\\data\\Anti-UAV410\\annos\\test\\20190926_134054_1_1.txt"",""source_sha256"":""f52449accaade338669894d3ed549ab2f2de5c0daa4db5aba1a2adf39e5fd815"",""source_start_frame"":0,""source_window_frames"":240,""task_id"":""AU-03"",""thermal_crossover"":1,""tiny_size"":0,""visibility_event_count"":0},{""dynamic_background_clutter"":1,""event_center_frame"":1148,""fast_motion"":0,""inactive_frames_in_window"":0,""medium_size"":0,""normal_size"":0,""occlusion"":1,""offset_steps"":3,""out_of_view"":0,""requested_window_mode"":""visibility"",""scale_variation"":0,""selected_window_mode"":""motion"",""small_size"":1,""source_active_frames"":1500,""source_end_frame"":1267,""source_frames"":1500,""source_inactive_frames"":0,""source_path"":""D:\\360Downloads\\123\\data\\Anti-UAV410\\annos\\test\\02_6319_1500-2999.txt"",""source_sha256"":""418793fcd6218f474aaf1f712abb5b5593ad00bca956c8ce6b32632303e64866"",""source_start_frame"":1028,""source_window_frames"":240,""task_id"":""AU-04"",""thermal_crossover"":1,""tiny_size"":1,""visibility_event_count"":0}]}",8,650.25,AU-03,1,1,1,3,{},0.46947282232604026,0.21921177337535666,0.5,0.27468231964857254,0.6930834167884021,0.5138013717223494,0.46947282232604026,0.21921177337535666,0.5,0.27468231964857254,0.6930834167884021,0.5138013717223494
anti_uav410,AU-L04-W06,public-trajectory-replay-v2,"{""event_window_version"":""anti-uav-event-window-v1"",""evidence_type"":""measured_image_plane_tracks_with_simulated_response_resources"",""fps"":null,""image_height"":512,""image_width"":640,""measured_dimensions"":[""apparent_size"",""image_plane_speed"",""visibility""],""motion_unit"":""normalized_image_diagonal_per_frame"",""protected_point"":[0.5,0.85],""source_files"":[""D:\\360Downloads\\123\\data\\Anti-UAV410\\annos\\test\\20190925_134301_1_8.txt"",""D:\\360Downloads\\123\\data\\Anti-UAV410\\annos\\test\\20190925_111757_1_6.txt"",""D:\\360Downloads\\123\\data\\Anti-UAV410\\annos\\test\\20190926_134054_1_1.txt"",""D:\\360Downloads\\123\\data\\Anti-UAV410\\annos\\test\\02_6319_1500-2999.txt""],""source_sha256"":[""f6b7847e1588c4712031bf2104e7c39502a58e14b8c2b65ca436e604aac3f554"",""144d1b89616682688aa7832eef940e8a8c18f9547c1a17f517cab502988cb6fe"",""f52449accaade338669894d3ed549ab2f2de5c0daa4db5aba1a2adf39e5fd815"",""418793fcd6218f474aaf1f712abb5b5593ad00bca956c8ce6b32632303e64866""],""synthetic_dimensions"":[""spatial_level"",""risk"",""response_window"",""multi_sequence_concurrency"",""resources""],""time_basis"":""frames"",""track_count"":4,""track_windows"":[{""dynamic_background_clutter"":0,""event_center_frame"":284,""fast_motion"":1,""inactive_frames_in_window"":0,""medium_size"":1,""normal_size"":0,""occlusion"":0,""offset_steps"":0,""out_of_view"":0,""requested_window_mode"":""motion"",""scale_variation"":0,""selected_window_mode"":""motion"",""small_size"":1,""source_active_frames"":1000,""source_end_frame"":403,""source_frames"":1000,""source_inactive_frames"":0,""source_path"":""D:\\360Downloads\\123\\data\\Anti-UAV410\\annos\\test\\20190925_134301_1_8.txt"",""source_sha256"":""f6b7847e1588c4712031bf2104e7c39502a58e14b8c2b65ca436e604aac3f554"",""source_start_frame"":164,""source_window_frames"":240,""task_id"":""AU-01"",""thermal_crossover"":1,""tiny_size"":0,""visibility_event_count"":0},{""dynamic_background_clutter"":0,""event_center_frame"":937,""fast_motion"":0,""inactive_frames_in_window"":0,""medium_size"":1,""normal_size"":0,""occlusion"":0,""offset_steps"":1,""out_of_view"":0,""requested_window_mode"":""motion"",""scale_variation"":0,""selected_window_mode"":""motion"",""small_size"":1,""source_active_frames"":1000,""source_end_frame"":999,""source_frames"":1000,""source_inactive_frames"":0,""source_path"":""D:\\360Downloads\\123\\data\\Anti-UAV410\\annos\\test\\20190925_111757_1_6.txt"",""source_sha256"":""144d1b89616682688aa7832eef940e8a8c18f9547c1a17f517cab502988cb6fe"",""source_start_frame"":760,""source_window_frames"":240,""task_id"":""AU-02"",""thermal_crossover"":1,""tiny_size"":0,""visibility_event_count"":0},{""dynamic_background_clutter"":0,""event_center_frame"":2,""fast_motion"":0,""inactive_frames_in_window"":0,""medium_size"":1,""normal_size"":0,""occlusion"":0,""offset_steps"":2,""out_of_view"":0,""requested_window_mode"":""motion"",""scale_variation"":0,""selected_window_mode"":""motion"",""small_size"":1,""source_active_frames"":1000,""source_end_frame"":239,""source_frames"":1000,""source_inactive_frames"":0,""source_path"":""D:\\360Downloads\\123\\data\\Anti-UAV410\\annos\\test\\20190926_134054_1_1.txt"",""source_sha256"":""f52449accaade338669894d3ed549ab2f2de5c0daa4db5aba1a2adf39e5fd815"",""source_start_frame"":0,""source_window_frames"":240,""task_id"":""AU-03"",""thermal_crossover"":1,""tiny_size"":0,""visibility_event_count"":0},{""dynamic_background_clutter"":1,""event_center_frame"":1148,""fast_motion"":0,""inactive_frames_in_window"":0,""medium_size"":0,""normal_size"":0,""occlusion"":1,""offset_steps"":3,""out_of_view"":0,""requested_window_mode"":""visibility"",""scale_variation"":0,""selected_window_mode"":""motion"",""small_size"":1,""source_active_frames"":1500,""source_end_frame"":1267,""source_frames"":1500,""source_inactive_frames"":0,""source_path"":""D:\\360Downloads\\123\\data\\Anti-UAV410\\annos\\test\\02_6319_1500-2999.txt"",""source_sha256"":""418793fcd6218f474aaf1f712abb5b5593ad00bca956c8ce6b32632303e64866"",""source_start_frame"":1028,""source_window_frames"":240,""task_id"":""AU-04"",""thermal_crossover"":1,""tiny_size"":1,""visibility_event_count"":0}]}",8,650.25,AU-04,1,1,1,3,{},0.15406457768488582,0.19043565655964528,0.5,0.0,0.6976368905059496,0.2172462078636439,0.15406457768488582,0.19043565655964528,0.5,0.0,0.6976368905059496,0.2172462078636439
anti_uav410,AU-L04-W06,public-trajectory-replay-v2,"{""event_window_version"":""anti-uav-event-window-v1"",""evidence_type"":""measured_image_plane_tracks_with_simulated_response_resources"",""fps"":null,""image_height"":512,""image_width"":640,""measured_dimensions"":[""apparent_size"",""image_plane_speed"",""visibility""],""motion_unit"":""normalized_image_diagonal_per_frame"",""protected_point"":[0.5,0.85],""source_files"":[""D:\\360Downloads\\123\\data\\Anti-UAV410\\annos\\test\\20190925_134301_1_8.txt"",""D:\\360Downloads\\123\\data\\Anti-UAV410\\annos\\test\\20190925_111757_1_6.txt"",""D:\\360Downloads\\123\\data\\Anti-UAV410\\annos\\test\\20190926_134054_1_1.txt"",""D:\\360Downloads\\123\\data\\Anti-UAV410\\annos\\test\\02_6319_1500-2999.txt""],""source_sha256"":[""f6b7847e1588c4712031bf2104e7c39502a58e14b8c2b65ca436e604aac3f554"",""144d1b89616682688aa7832eef940e8a8c18f9547c1a17f517cab502988cb6fe"",""f52449accaade338669894d3ed549ab2f2de5c0daa4db5aba1a2adf39e5fd815"",""418793fcd6218f474aaf1f712abb5b5593ad00bca956c8ce6b32632303e64866""],""synthetic_dimensions"":[""spatial_level"",""risk"",""response_window"",""multi_sequence_concurrency"",""resources""],""time_basis"":""frames"",""track_count"":4,""track_windows"":[{""dynamic_background_clutter"":0,""event_center_frame"":284,""fast_motion"":1,""inactive_frames_in_window"":0,""medium_size"":1,""normal_size"":0,""occlusion"":0,""offset_steps"":0,""out_of_view"":0,""requested_window_mode"":""motion"",""scale_variation"":0,""selected_window_mode"":""motion"",""small_size"":1,""source_active_frames"":1000,""source_end_frame"":403,""source_frames"":1000,""source_inactive_frames"":0,""source_path"":""D:\\360Downloads\\123\\data\\Anti-UAV410\\annos\\test\\20190925_134301_1_8.txt"",""source_sha256"":""f6b7847e1588c4712031bf2104e7c39502a58e14b8c2b65ca436e604aac3f554"",""source_start_frame"":164,""source_window_frames"":240,""task_id"":""AU-01"",""thermal_crossover"":1,""tiny_size"":0,""visibility_event_count"":0},{""dynamic_background_clutter"":0,""event_center_frame"":937,""fast_motion"":0,""inactive_frames_in_window"":0,""medium_size"":1,""normal_size"":0,""occlusion"":0,""offset_steps"":1,""out_of_view"":0,""requested_window_mode"":""motion"",""scale_variation"":0,""selected_window_mode"":""motion"",""small_size"":1,""source_active_frames"":1000,""source_end_frame"":999,""source_frames"":1000,""source_inactive_frames"":0,""source_path"":""D:\\360Downloads\\123\\data\\Anti-UAV410\\annos\\test\\20190925_111757_1_6.txt"",""source_sha256"":""144d1b89616682688aa7832eef940e8a8c18f9547c1a17f517cab502988cb6fe"",""source_start_frame"":760,""source_window_frames"":240,""task_id"":""AU-02"",""thermal_crossover"":1,""tiny_size"":0,""visibility_event_count"":0},{""dynamic_background_clutter"":0,""event_center_frame"":2,""fast_motion"":0,""inactive_frames_in_window"":0,""medium_size"":1,""normal_size"":0,""occlusion"":0,""offset_steps"":2,""out_of_view"":0,""requested_window_mode"":""motion"",""scale_variation"":0,""selected_window_mode"":""motion"",""small_size"":1,""source_active_frames"":1000,""source_end_frame"":239,""source_frames"":1000,""source_inactive_frames"":0,""source_path"":""D:\\360Downloads\\123\\data\\Anti-UAV410\\annos\\test\\20190926_134054_1_1.txt"",""source_sha256"":""f52449accaade338669894d3ed549ab2f2de5c0daa4db5aba1a2adf39e5fd815"",""source_start_frame"":0,""source_window_frames"":240,""task_id"":""AU-03"",""thermal_crossover"":1,""tiny_size"":0,""visibility_event_count"":0},{""dynamic_background_clutter"":1,""event_center_frame"":1148,""fast_motion"":0,""inactive_frames_in_window"":0,""medium_size"":0,""normal_size"":0,""occlusion"":1,""offset_steps"":3,""out_of_view"":0,""requested_window_mode"":""visibility"",""scale_variation"":0,""selected_window_mode"":""motion"",""small_size"":1,""source_active_frames"":1500,""source_end_frame"":1267,""source_frames"":1500,""source_inactive_frames"":0,""source_path"":""D:\\360Downloads\\123\\data\\Anti-UAV410\\annos\\test\\02_6319_1500-2999.txt"",""source_sha256"":""418793fcd6218f474aaf1f712abb5b5593ad00bca956c8ce6b32632303e64866"",""source_start_frame"":1028,""source_window_frames"":240,""task_id"":""AU-04"",""thermal_crossover"":1,""tiny_size"":1,""visibility_event_count"":0}]}",9,676.0,AU-01,1,1,1,3,{},0.39278914398433223,0.14103513481087404,0.5,0.0,0.4465129993699806,1.0,0.39278914398433223,0.14103513481087404,0.5,0.0,0.4465129993699806,1.0
anti_uav410,AU-L04-W06,public-trajectory-replay-v2,"{""event_window_version"":""anti-uav-event-window-v1"",""evidence_type"":""measured_image_plane_tracks_with_simulated_response_resources"",""fps"":null,""image_height"":512,""image_width"":640,""measured_dimensions"":[""apparent_size"",""image_plane_speed"",""visibility""],""motion_unit"":""normalized_image_diagonal_per_frame"",""protected_point"":[0.5,0.85],""source_files"":[""D:\\360Downloads\\123\\data\\Anti-UAV410\\annos\\test\\20190925_134301_1_8.txt"",""D:\\360Downloads\\123\\data\\Anti-UAV410\\annos\\test\\20190925_111757_1_6.txt"",""D:\\360Downloads\\123\\data\\Anti-UAV410\\annos\\test\\20190926_134054_1_1.txt"",""D:\\360Downloads\\123\\data\\Anti-UAV410\\annos\\test\\02_6319_1500-2999.txt""],""source_sha256"":[""f6b7847e1588c4712031bf2104e7c39502a58e14b8c2b65ca436e604aac3f554"",""144d1b89616682688aa7832eef940e8a8c18f9547c1a17f517cab502988cb6fe"",""f52449accaade338669894d3ed549ab2f2de5c0daa4db5aba1a2adf39e5fd815"",""418793fcd6218f474aaf1f712abb5b5593ad00bca956c8ce6b32632303e64866""],""synthetic_dimensions"":[""spatial_level"",""risk"",""response_window"",""multi_sequence_concurrency"",""resources""],""time_basis"":""frames"",""track_count"":4,""track_windows"":[{""dynamic_background_clutter"":0,""event_center_frame"":284,""fast_motion"":1,""inactive_frames_in_window"":0,""medium_size"":1,""normal_size"":0,""occlusion"":0,""offset_steps"":0,""out_of_view"":0,""requested_window_mode"":""motion"",""scale_variation"":0,""selected_window_mode"":""motion"",""small_size"":1,""source_active_frames"":1000,""source_end_frame"":403,""source_frames"":1000,""source_inactive_frames"":0,""source_path"":""D:\\360Downloads\\123\\data\\Anti-UAV410\\annos\\test\\20190925_134301_1_8.txt"",""source_sha256"":""f6b7847e1588c4712031bf2104e7c39502a58e14b8c2b65ca436e604aac3f554"",""source_start_frame"":164,""source_window_frames"":240,""task_id"":""AU-01"",""thermal_crossover"":1,""tiny_size"":0,""visibility_event_count"":0},{""dynamic_background_clutter"":0,""event_center_frame"":937,""fast_motion"":0,""inactive_frames_in_window"":0,""medium_size"":1,""normal_size"":0,""occlusion"":0,""offset_steps"":1,""out_of_view"":0,""requested_window_mode"":""motion"",""scale_variation"":0,""selected_window_mode"":""motion"",""small_size"":1,""source_active_frames"":1000,""source_end_frame"":999,""source_frames"":1000,""source_inactive_frames"":0,""source_path"":""D:\\360Downloads\\123\\data\\Anti-UAV410\\annos\\test\\20190925_111757_1_6.txt"",""source_sha256"":""144d1b89616682688aa7832eef940e8a8c18f9547c1a17f517cab502988cb6fe"",""source_start_frame"":760,""source_window_frames"":240,""task_id"":""AU-02"",""thermal_crossover"":1,""tiny_size"":0,""visibility_event_count"":0},{""dynamic_background_clutter"":0,""event_center_frame"":2,""fast_motion"":0,""inactive_frames_in_window"":0,""medium_size"":1,""normal_size"":0,""occlusion"":0,""offset_steps"":2,""out_of_view"":0,""requested_window_mode"":""motion"",""scale_variation"":0,""selected_window_mode"":""motion"",""small_size"":1,""source_active_frames"":1000,""source_end_frame"":239,""source_frames"":1000,""source_inactive_frames"":0,""source_path"":""D:\\360Downloads\\123\\data\\Anti-UAV410\\annos\\test\\20190926_134054_1_1.txt"",""source_sha256"":""f52449accaade338669894d3ed549ab2f2de5c0daa4db5aba1a2adf39e5fd815"",""source_start_frame"":0,""source_window_frames"":240,""task_id"":""AU-03"",""thermal_crossover"":1,""tiny_size"":0,""visibility_event_count"":0},{""dynamic_background_clutter"":1,""event_center_frame"":1148,""fast_motion"":0,""inactive_frames_in_window"":0,""medium_size"":0,""normal_size"":0,""occlusion"":1,""offset_steps"":3,""out_of_view"":0,""requested_window_mode"":""visibility"",""scale_variation"":0,""selected_window_mode"":""motion"",""small_size"":1,""source_active_frames"":1500,""source_end_frame"":1267,""source_frames"":1500,""source_inactive_frames"":0,""source_path"":""D:\\360Downloads\\123\\data\\Anti-UAV410\\annos\\test\\02_6319_1500-2999.txt"",""source_sha256"":""418793fcd6218f474aaf1f712abb5b5593ad00bca956c8ce6b32632303e64866"",""source_start_frame"":1028,""source_window_frames"":240,""task_id"":""AU-04"",""thermal_crossover"":1,""tiny_size"":1,""visibility_event_count"":0}]}",9,676.0,AU-02,1,1,1,3,{},0.5815810269303984,0.34318138866681697,0.5,0.24663530965904315,0.6443205688805246,1.0,0.5815810269303984,0.34318138866681697,0.5,0.24663530965904315,0.6443205688805246,1.0
anti_uav410,AU-L04-W06,public-trajectory-replay-v2,"{""event_window_version"":""anti-uav-event-window-v1"",""evidence_type"":""measured_image_plane_tracks_with_simulated_response_resources"",""fps"":null,""image_height"":512,""image_width"":640,""measured_dimensions"":[""apparent_size"",""image_plane_speed"",""visibility""],""motion_unit"":""normalized_image_diagonal_per_frame"",""protected_point"":[0.5,0.85],""source_files"":[""D:\\360Downloads\\123\\data\\Anti-UAV410\\annos\\test\\20190925_134301_1_8.txt"",""D:\\360Downloads\\123\\data\\Anti-UAV410\\annos\\test\\20190925_111757_1_6.txt"",""D:\\360Downloads\\123\\data\\Anti-UAV410\\annos\\test\\20190926_134054_1_1.txt"",""D:\\360Downloads\\123\\data\\Anti-UAV410\\annos\\test\\02_6319_1500-2999.txt""],""source_sha256"":[""f6b7847e1588c4712031bf2104e7c39502a58e14b8c2b65ca436e604aac3f554"",""144d1b89616682688aa7832eef940e8a8c18f9547c1a17f517cab502988cb6fe"",""f52449accaade338669894d3ed549ab2f2de5c0daa4db5aba1a2adf39e5fd815"",""418793fcd6218f474aaf1f712abb5b5593ad00bca956c8ce6b32632303e64866""],""synthetic_dimensions"":[""spatial_level"",""risk"",""response_window"",""multi_sequence_concurrency"",""resources""],""time_basis"":""frames"",""track_count"":4,""track_windows"":[{""dynamic_background_clutter"":0,""event_center_frame"":284,""fast_motion"":1,""inactive_frames_in_window"":0,""medium_size"":1,""normal_size"":0,""occlusion"":0,""offset_steps"":0,""out_of_view"":0,""requested_window_mode"":""motion"",""scale_variation"":0,""selected_window_mode"":""motion"",""small_size"":1,""source_active_frames"":1000,""source_end_frame"":403,""source_frames"":1000,""source_inactive_frames"":0,""source_path"":""D:\\360Downloads\\123\\data\\Anti-UAV410\\annos\\test\\20190925_134301_1_8.txt"",""source_sha256"":""f6b7847e1588c4712031bf2104e7c39502a58e14b8c2b65ca436e604aac3f554"",""source_start_frame"":164,""source_window_frames"":240,""task_id"":""AU-01"",""thermal_crossover"":1,""tiny_size"":0,""visibility_event_count"":0},{""dynamic_background_clutter"":0,""event_center_frame"":937,""fast_motion"":0,""inactive_frames_in_window"":0,""medium_size"":1,""normal_size"":0,""occlusion"":0,""offset_steps"":1,""out_of_view"":0,""requested_window_mode"":""motion"",""scale_variation"":0,""selected_window_mode"":""motion"",""small_size"":1,""source_active_frames"":1000,""source_end_frame"":999,""source_frames"":1000,""source_inactive_frames"":0,""source_path"":""D:\\360Downloads\\123\\data\\Anti-UAV410\\annos\\test\\20190925_111757_1_6.txt"",""source_sha256"":""144d1b89616682688aa7832eef940e8a8c18f9547c1a17f517cab502988cb6fe"",""source_start_frame"":760,""source_window_frames"":240,""task_id"":""AU-02"",""thermal_crossover"":1,""tiny_size"":0,""visibility_event_count"":0},{""dynamic_background_clutter"":0,""event_center_frame"":2,""fast_motion"":0,""inactive_frames_in_window"":0,""medium_size"":1,""normal_size"":0,""occlusion"":0,""offset_steps"":2,""out_of_view"":0,""requested_window_mode"":""motion"",""scale_variation"":0,""selected_window_mode"":""motion"",""small_size"":1,""source_active_frames"":1000,""source_end_frame"":239,""source_frames"":1000,""source_inactive_frames"":0,""source_path"":""D:\\360Downloads\\123\\data\\Anti-UAV410\\annos\\test\\20190926_134054_1_1.txt"",""source_sha256"":""f52449accaade338669894d3ed549ab2f2de5c0daa4db5aba1a2adf39e5fd815"",""source_start_frame"":0,""source_window_frames"":240,""task_id"":""AU-03"",""thermal_crossover"":1,""tiny_size"":0,""visibility_event_count"":0},{""dynamic_background_clutter"":1,""event_center_frame"":1148,""fast_motion"":0,""inactive_frames_in_window"":0,""medium_size"":0,""normal_size"":0,""occlusion"":1,""offset_steps"":3,""out_of_view"":0,""requested_window_mode"":""visibility"",""scale_variation"":0,""selected_window_mode"":""motion"",""small_size"":1,""source_active_frames"":1500,""source_end_frame"":1267,""source_frames"":1500,""source_inactive_frames"":0,""source_path"":""D:\\360Downloads\\123\\data\\Anti-UAV410\\annos\\test\\02_6319_1500-2999.txt"",""source_sha256"":""418793fcd6218f474aaf1f712abb5b5593ad00bca956c8ce6b32632303e64866"",""source_start_frame"":1028,""source_window_frames"":240,""task_id"":""AU-04"",""thermal_crossover"":1,""tiny_size"":1,""visibility_event_count"":0}]}",9,676.0,AU-03,1,1,1,3,{},0.4685691201939214,0.2710107569036041,0.5,0.24663530965904315,0.6192173309468897,1.0,0.4685691201939214,0.2710107569036041,0.5,0.24663530965904315,0.6192173309468897,1.0
anti_uav410,AU-L04-W06,public-trajectory-replay-v2,"{""event_window_version"":""anti-uav-event-window-v1"",""evidence_type"":""measured_image_plane_tracks_with_simulated_response_resources"",""fps"":null,""image_height"":512,""image_width"":640,""measured_dimensions"":[""apparent_size"",""image_plane_speed"",""visibility""],""motion_unit"":""normalized_image_diagonal_per_frame"",""protected_point"":[0.5,0.85],""source_files"":[""D:\\360Downloads\\123\\data\\Anti-UAV410\\annos\\test\\20190925_134301_1_8.txt"",""D:\\360Downloads\\123\\data\\Anti-UAV410\\annos\\test\\20190925_111757_1_6.txt"",""D:\\360Downloads\\123\\data\\Anti-UAV410\\annos\\test\\20190926_134054_1_1.txt"",""D:\\360Downloads\\123\\data\\Anti-UAV410\\annos\\test\\02_6319_1500-2999.txt""],""source_sha256"":[""f6b7847e1588c4712031bf2104e7c39502a58e14b8c2b65ca436e604aac3f554"",""144d1b89616682688aa7832eef940e8a8c18f9547c1a17f517cab502988cb6fe"",""f52449accaade338669894d3ed549ab2f2de5c0daa4db5aba1a2adf39e5fd815"",""418793fcd6218f474aaf1f712abb5b5593ad00bca956c8ce6b32632303e64866""],""synthetic_dimensions"":[""spatial_level"",""risk"",""response_window"",""multi_sequence_concurrency"",""resources""],""time_basis"":""frames"",""track_count"":4,""track_windows"":[{""dynamic_background_clutter"":0,""event_center_frame"":284,""fast_motion"":1,""inactive_frames_in_window"":0,""medium_size"":1,""normal_size"":0,""occlusion"":0,""offset_steps"":0,""out_of_view"":0,""requested_window_mode"":""motion"",""scale_variation"":0,""selected_window_mode"":""motion"",""small_size"":1,""source_active_frames"":1000,""source_end_frame"":403,""source_frames"":1000,""source_inactive_frames"":0,""source_path"":""D:\\360Downloads\\123\\data\\Anti-UAV410\\annos\\test\\20190925_134301_1_8.txt"",""source_sha256"":""f6b7847e1588c4712031bf2104e7c39502a58e14b8c2b65ca436e604aac3f554"",""source_start_frame"":164,""source_window_frames"":240,""task_id"":""AU-01"",""thermal_crossover"":1,""tiny_size"":0,""visibility_event_count"":0},{""dynamic_background_clutter"":0,""event_center_frame"":937,""fast_motion"":0,""inactive_frames_in_window"":0,""medium_size"":1,""normal_size"":0,""occlusion"":0,""offset_steps"":1,""out_of_view"":0,""requested_window_mode"":""motion"",""scale_variation"":0,""selected_window_mode"":""motion"",""small_size"":1,""source_active_frames"":1000,""source_end_frame"":999,""source_frames"":1000,""source_inactive_frames"":0,""source_path"":""D:\\360Downloads\\123\\data\\Anti-UAV410\\annos\\test\\20190925_111757_1_6.txt"",""source_sha256"":""144d1b89616682688aa7832eef940e8a8c18f9547c1a17f517cab502988cb6fe"",""source_start_frame"":760,""source_window_frames"":240,""task_id"":""AU-02"",""thermal_crossover"":1,""tiny_size"":0,""visibility_event_count"":0},{""dynamic_background_clutter"":0,""event_center_frame"":2,""fast_motion"":0,""inactive_frames_in_window"":0,""medium_size"":1,""normal_size"":0,""occlusion"":0,""offset_steps"":2,""out_of_view"":0,""requested_window_mode"":""motion"",""scale_variation"":0,""selected_window_mode"":""motion"",""small_size"":1,""source_active_frames"":1000,""source_end_frame"":239,""source_frames"":1000,""source_inactive_frames"":0,""source_path"":""D:\\360Downloads\\123\\data\\Anti-UAV410\\annos\\test\\20190926_134054_1_1.txt"",""source_sha256"":""f52449accaade338669894d3ed549ab2f2de5c0daa4db5aba1a2adf39e5fd815"",""source_start_frame"":0,""source_window_frames"":240,""task_id"":""AU-03"",""thermal_crossover"":1,""tiny_size"":0,""visibility_event_count"":0},{""dynamic_background_clutter"":1,""event_center_frame"":1148,""fast_motion"":0,""inactive_frames_in_window"":0,""medium_size"":0,""normal_size"":0,""occlusion"":1,""offset_steps"":3,""out_of_view"":0,""requested_window_mode"":""visibility"",""scale_variation"":0,""selected_window_mode"":""motion"",""small_size"":1,""source_active_frames"":1500,""source_end_frame"":1267,""source_frames"":1500,""source_inactive_frames"":0,""source_path"":""D:\\360Downloads\\123\\data\\Anti-UAV410\\annos\\test\\02_6319_1500-2999.txt"",""source_sha256"":""418793fcd6218f474aaf1f712abb5b5593ad00bca956c8ce6b32632303e64866"",""source_start_frame"":1028,""source_window_frames"":240,""task_id"":""AU-04"",""thermal_crossover"":1,""tiny_size"":1,""visibility_event_count"":0}]}",9,676.0,AU-04,1,1,1,3,{},0.15947198846244648,0.026307169732322444,0.5,0.0,0.6967590990880976,0.28470480744969534,0.15947198846244648,0.026307169732322444,0.5,0.0,0.6967590990880976,0.28470480744969534
anti_uav410,AU-L04-W06,public-trajectory-replay-v2,"{""event_window_version"":""anti-uav-event-window-v1"",""evidence_type"":""measured_image_plane_tracks_with_simulated_response_resources"",""fps"":null,""image_height"":512,""image_width"":640,""measured_dimensions"":[""apparent_size"",""image_plane_speed"",""visibility""],""motion_unit"":""normalized_image_diagonal_per_frame"",""protected_point"":[0.5,0.85],""source_files"":[""D:\\360Downloads\\123\\data\\Anti-UAV410\\annos\\test\\20190925_134301_1_8.txt"",""D:\\360Downloads\\123\\data\\Anti-UAV410\\annos\\test\\20190925_111757_1_6.txt"",""D:\\360Downloads\\123\\data\\Anti-UAV410\\annos\\test\\20190926_134054_1_1.txt"",""D:\\360Downloads\\123\\data\\Anti-UAV410\\annos\\test\\02_6319_1500-2999.txt""],""source_sha256"":[""f6b7847e1588c4712031bf2104e7c39502a58e14b8c2b65ca436e604aac3f554"",""144d1b89616682688aa7832eef940e8a8c18f9547c1a17f517cab502988cb6fe"",""f52449accaade338669894d3ed549ab2f2de5c0daa4db5aba1a2adf39e5fd815"",""418793fcd6218f474aaf1f712abb5b5593ad00bca956c8ce6b32632303e64866""],""synthetic_dimensions"":[""spatial_level"",""risk"",""response_window"",""multi_sequence_concurrency"",""resources""],""time_basis"":""frames"",""track_count"":4,""track_windows"":[{""dynamic_background_clutter"":0,""event_center_frame"":284,""fast_motion"":1,""inactive_frames_in_window"":0,""medium_size"":1,""normal_size"":0,""occlusion"":0,""offset_steps"":0,""out_of_view"":0,""requested_window_mode"":""motion"",""scale_variation"":0,""selected_window_mode"":""motion"",""small_size"":1,""source_active_frames"":1000,""source_end_frame"":403,""source_frames"":1000,""source_inactive_frames"":0,""source_path"":""D:\\360Downloads\\123\\data\\Anti-UAV410\\annos\\test\\20190925_134301_1_8.txt"",""source_sha256"":""f6b7847e1588c4712031bf2104e7c39502a58e14b8c2b65ca436e604aac3f554"",""source_start_frame"":164,""source_window_frames"":240,""task_id"":""AU-01"",""thermal_crossover"":1,""tiny_size"":0,""visibility_event_count"":0},{""dynamic_background_clutter"":0,""event_center_frame"":937,""fast_motion"":0,""inactive_frames_in_window"":0,""medium_size"":1,""normal_size"":0,""occlusion"":0,""offset_steps"":1,""out_of_view"":0,""requested_window_mode"":""motion"",""scale_variation"":0,""selected_window_mode"":""motion"",""small_size"":1,""source_active_frames"":1000,""source_end_frame"":999,""source_frames"":1000,""source_inactive_frames"":0,""source_path"":""D:\\360Downloads\\123\\data\\Anti-UAV410\\annos\\test\\20190925_111757_1_6.txt"",""source_sha256"":""144d1b89616682688aa7832eef940e8a8c18f9547c1a17f517cab502988cb6fe"",""source_start_frame"":760,""source_window_frames"":240,""task_id"":""AU-02"",""thermal_crossover"":1,""tiny_size"":0,""visibility_event_count"":0},{""dynamic_background_clutter"":0,""event_center_frame"":2,""fast_motion"":0,""inactive_frames_in_window"":0,""medium_size"":1,""normal_size"":0,""occlusion"":0,""offset_steps"":2,""out_of_view"":0,""requested_window_mode"":""motion"",""scale_variation"":0,""selected_window_mode"":""motion"",""small_size"":1,""source_active_frames"":1000,""source_end_frame"":239,""source_frames"":1000,""source_inactive_frames"":0,""source_path"":""D:\\360Downloads\\123\\data\\Anti-UAV410\\annos\\test\\20190926_134054_1_1.txt"",""source_sha256"":""f52449accaade338669894d3ed549ab2f2de5c0daa4db5aba1a2adf39e5fd815"",""source_start_frame"":0,""source_window_frames"":240,""task_id"":""AU-03"",""thermal_crossover"":1,""tiny_size"":0,""visibility_event_count"":0},{""dynamic_background_clutter"":1,""event_center_frame"":1148,""fast_motion"":0,""inactive_frames_in_window"":0,""medium_size"":0,""normal_size"":0,""occlusion"":1,""offset_steps"":3,""out_of_view"":0,""requested_window_mode"":""visibility"",""scale_variation"":0,""selected_window_mode"":""motion"",""small_size"":1,""source_active_frames"":1500,""source_end_frame"":1267,""source_frames"":1500,""source_inactive_frames"":0,""source_path"":""D:\\360Downloads\\123\\data\\Anti-UAV410\\annos\\test\\02_6319_1500-2999.txt"",""source_sha256"":""418793fcd6218f474aaf1f712abb5b5593ad00bca956c8ce6b32632303e64866"",""source_start_frame"":1028,""source_window_frames"":240,""task_id"":""AU-04"",""thermal_crossover"":1,""tiny_size"":1,""visibility_event_count"":0}]}",10,701.25,AU-01,1,1,1,3,{},0.3857112823853809,0.13092738708414084,0.5,0.0,0.4679091101808452,1.0,0.3857112823853809,0.13092738708414084,0.5,0.0,0.4679091101808452,1.0
anti_uav410,AU-L04-W06,public-trajectory-replay-v2,"{""event_window_version"":""anti-uav-event-window-v1"",""evidence_type"":""measured_image_plane_tracks_with_simulated_response_resources"",""fps"":null,""image_height"":512,""image_width"":640,""measured_dimensions"":[""apparent_size"",""image_plane_speed"",""visibility""],""motion_unit"":""normalized_image_diagonal_per_frame"",""protected_point"":[0.5,0.85],""source_files"":[""D:\\360Downloads\\123\\data\\Anti-UAV410\\annos\\test\\20190925_134301_1_8.txt"",""D:\\360Downloads\\123\\data\\Anti-UAV410\\annos\\test\\20190925_111757_1_6.txt"",""D:\\360Downloads\\123\\data\\Anti-UAV410\\annos\\test\\20190926_134054_1_1.txt"",""D:\\360Downloads\\123\\data\\Anti-UAV410\\annos\\test\\02_6319_1500-2999.txt""],""source_sha256"":[""f6b7847e1588c4712031bf2104e7c39502a58e14b8c2b65ca436e604aac3f554"",""144d1b89616682688aa7832eef940e8a8c18f9547c1a17f517cab502988cb6fe"",""f52449accaade338669894d3ed549ab2f2de5c0daa4db5aba1a2adf39e5fd815"",""418793fcd6218f474aaf1f712abb5b5593ad00bca956c8ce6b32632303e64866""],""synthetic_dimensions"":[""spatial_level"",""risk"",""response_window"",""multi_sequence_concurrency"",""resources""],""time_basis"":""frames"",""track_count"":4,""track_windows"":[{""dynamic_background_clutter"":0,""event_center_frame"":284,""fast_motion"":1,""inactive_frames_in_window"":0,""medium_size"":1,""normal_size"":0,""occlusion"":0,""offset_steps"":0,""out_of_view"":0,""requested_window_mode"":""motion"",""scale_variation"":0,""selected_window_mode"":""motion"",""small_size"":1,""source_active_frames"":1000,""source_end_frame"":403,""source_frames"":1000,""source_inactive_frames"":0,""source_path"":""D:\\360Downloads\\123\\data\\Anti-UAV410\\annos\\test\\20190925_134301_1_8.txt"",""source_sha256"":""f6b7847e1588c4712031bf2104e7c39502a58e14b8c2b65ca436e604aac3f554"",""source_start_frame"":164,""source_window_frames"":240,""task_id"":""AU-01"",""thermal_crossover"":1,""tiny_size"":0,""visibility_event_count"":0},{""dynamic_background_clutter"":0,""event_center_frame"":937,""fast_motion"":0,""inactive_frames_in_window"":0,""medium_size"":1,""normal_size"":0,""occlusion"":0,""offset_steps"":1,""out_of_view"":0,""requested_window_mode"":""motion"",""scale_variation"":0,""selected_window_mode"":""motion"",""small_size"":1,""source_active_frames"":1000,""source_end_frame"":999,""source_frames"":1000,""source_inactive_frames"":0,""source_path"":""D:\\360Downloads\\123\\data\\Anti-UAV410\\annos\\test\\20190925_111757_1_6.txt"",""source_sha256"":""144d1b89616682688aa7832eef940e8a8c18f9547c1a17f517cab502988cb6fe"",""source_start_frame"":760,""source_window_frames"":240,""task_id"":""AU-02"",""thermal_crossover"":1,""tiny_size"":0,""visibility_event_count"":0},{""dynamic_background_clutter"":0,""event_center_frame"":2,""fast_motion"":0,""inactive_frames_in_window"":0,""medium_size"":1,""normal_size"":0,""occlusion"":0,""offset_steps"":2,""out_of_view"":0,""requested_window_mode"":""motion"",""scale_variation"":0,""selected_window_mode"":""motion"",""small_size"":1,""source_active_frames"":1000,""source_end_frame"":239,""source_frames"":1000,""source_inactive_frames"":0,""source_path"":""D:\\360Downloads\\123\\data\\Anti-UAV410\\annos\\test\\20190926_134054_1_1.txt"",""source_sha256"":""f52449accaade338669894d3ed549ab2f2de5c0daa4db5aba1a2adf39e5fd815"",""source_start_frame"":0,""source_window_frames"":240,""task_id"":""AU-03"",""thermal_crossover"":1,""tiny_size"":0,""visibility_event_count"":0},{""dynamic_background_clutter"":1,""event_center_frame"":1148,""fast_motion"":0,""inactive_frames_in_window"":0,""medium_size"":0,""normal_size"":0,""occlusion"":1,""offset_steps"":3,""out_of_view"":0,""requested_window_mode"":""visibility"",""scale_variation"":0,""selected_window_mode"":""motion"",""small_size"":1,""source_active_frames"":1500,""source_end_frame"":1267,""source_frames"":1500,""source_inactive_frames"":0,""source_path"":""D:\\360Downloads\\123\\data\\Anti-UAV410\\annos\\test\\02_6319_1500-2999.txt"",""source_sha256"":""418793fcd6218f474aaf1f712abb5b5593ad00bca956c8ce6b32632303e64866"",""source_start_frame"":1028,""source_window_frames"":240,""task_id"":""AU-04"",""thermal_crossover"":1,""tiny_size"":1,""visibility_event_count"":0}]}",10,701.25,AU-02,1,1,1,3,{},0.5670045929636199,0.15052939204953017,0.5,0.18041197462636682,0.6821537287323268,0.4195983972980962,0.5670045929636199,0.15052939204953017,0.5,0.18041197462636682,0.6821537287323268,0.4195983972980962
anti_uav410,AU-L04-W06,public-trajectory-replay-v2,"{""event_window_version"":""anti-uav-event-window-v1"",""evidence_type"":""measured_image_plane_tracks_with_simulated_response_resources"",""fps"":null,""image_height"":512,""image_width"":640,""measured_dimensions"":[""apparent_size"",""image_plane_speed"",""visibility""],""motion_unit"":""normalized_image_diagonal_per_frame"",""protected_point"":[0.5,0.85],""source_files"":[""D:\\360Downloads\\123\\data\\Anti-UAV410\\annos\\test\\20190925_134301_1_8.txt"",""D:\\360Downloads\\123\\data\\Anti-UAV410\\annos\\test\\20190925_111757_1_6.txt"",""D:\\360Downloads\\123\\data\\Anti-UAV410\\annos\\test\\20190926_134054_1_1.txt"",""D:\\360Downloads\\123\\data\\Anti-UAV410\\annos\\test\\02_6319_1500-2999.txt""],""source_sha256"":[""f6b7847e1588c4712031bf2104e7c39502a58e14b8c2b65ca436e604aac3f554"",""144d1b89616682688aa7832eef940e8a8c18f9547c1a17f517cab502988cb6fe"",""f52449accaade338669894d3ed549ab2f2de5c0daa4db5aba1a2adf39e5fd815"",""418793fcd6218f474aaf1f712abb5b5593ad00bca956c8ce6b32632303e64866""],""synthetic_dimensions"":[""spatial_level"",""risk"",""response_window"",""multi_sequence_concurrency"",""resources""],""time_basis"":""frames"",""track_count"":4,""track_windows"":[{""dynamic_background_clutter"":0,""event_center_frame"":284,""fast_motion"":1,""inactive_frames_in_window"":0,""medium_size"":1,""normal_size"":0,""occlusion"":0,""offset_steps"":0,""out_of_view"":0,""requested_window_mode"":""motion"",""scale_variation"":0,""selected_window_mode"":""motion"",""small_size"":1,""source_active_frames"":1000,""source_end_frame"":403,""source_frames"":1000,""source_inactive_frames"":0,""source_path"":""D:\\360Downloads\\123\\data\\Anti-UAV410\\annos\\test\\20190925_134301_1_8.txt"",""source_sha256"":""f6b7847e1588c4712031bf2104e7c39502a58e14b8c2b65ca436e604aac3f554"",""source_start_frame"":164,""source_window_frames"":240,""task_id"":""AU-01"",""thermal_crossover"":1,""tiny_size"":0,""visibility_event_count"":0},{""dynamic_background_clutter"":0,""event_center_frame"":937,""fast_motion"":0,""inactive_frames_in_window"":0,""medium_size"":1,""normal_size"":0,""occlusion"":0,""offset_steps"":1,""out_of_view"":0,""requested_window_mode"":""motion"",""scale_variation"":0,""selected_window_mode"":""motion"",""small_size"":1,""source_active_frames"":1000,""source_end_frame"":999,""source_frames"":1000,""source_inactive_frames"":0,""source_path"":""D:\\360Downloads\\123\\data\\Anti-UAV410\\annos\\test\\20190925_111757_1_6.txt"",""source_sha256"":""144d1b89616682688aa7832eef940e8a8c18f9547c1a17f517cab502988cb6fe"",""source_start_frame"":760,""source_window_frames"":240,""task_id"":""AU-02"",""thermal_crossover"":1,""tiny_size"":0,""visibility_event_count"":0},{""dynamic_background_clutter"":0,""event_center_frame"":2,""fast_motion"":0,""inactive_frames_in_window"":0,""medium_size"":1,""normal_size"":0,""occlusion"":0,""offset_steps"":2,""out_of_view"":0,""requested_window_mode"":""motion"",""scale_variation"":0,""selected_window_mode"":""motion"",""small_size"":1,""source_active_frames"":1000,""source_end_frame"":239,""source_frames"":1000,""source_inactive_frames"":0,""source_path"":""D:\\360Downloads\\123\\data\\Anti-UAV410\\annos\\test\\20190926_134054_1_1.txt"",""source_sha256"":""f52449accaade338669894d3ed549ab2f2de5c0daa4db5aba1a2adf39e5fd815"",""source_start_frame"":0,""source_window_frames"":240,""task_id"":""AU-03"",""thermal_crossover"":1,""tiny_size"":0,""visibility_event_count"":0},{""dynamic_background_clutter"":1,""event_center_frame"":1148,""fast_motion"":0,""inactive_frames_in_window"":0,""medium_size"":0,""normal_size"":0,""occlusion"":1,""offset_steps"":3,""out_of_view"":0,""requested_window_mode"":""visibility"",""scale_variation"":0,""selected_window_mode"":""motion"",""small_size"":1,""source_active_frames"":1500,""source_end_frame"":1267,""source_frames"":1500,""source_inactive_frames"":0,""source_path"":""D:\\360Downloads\\123\\data\\Anti-UAV410\\annos\\test\\02_6319_1500-2999.txt"",""source_sha256"":""418793fcd6218f474aaf1f712abb5b5593ad00bca956c8ce6b32632303e64866"",""source_start_frame"":1028,""source_window_frames"":240,""task_id"":""AU-04"",""thermal_crossover"":1,""tiny_size"":1,""visibility_event_count"":0}]}",10,701.25,AU-03,1,1,1,3,{},0.4753050064698953,0.06840757908725105,0.5,0.18041197462636682,0.6021501706713792,1.0,0.4753050064698953,0.06840757908725105,0.5,0.18041197462636682,0.6021501706713792,1.0
anti_uav410,AU-L04-W06,public-trajectory-replay-v2,"{""event_window_version"":""anti-uav-event-window-v1"",""evidence_type"":""measured_image_plane_tracks_with_simulated_response_resources"",""fps"":null,""image_height"":512,""image_width"":640,""measured_dimensions"":[""apparent_size"",""image_plane_speed"",""visibility""],""motion_unit"":""normalized_image_diagonal_per_frame"",""protected_point"":[0.5,0.85],""source_files"":[""D:\\360Downloads\\123\\data\\Anti-UAV410\\annos\\test\\20190925_134301_1_8.txt"",""D:\\360Downloads\\123\\data\\Anti-UAV410\\annos\\test\\20190925_111757_1_6.txt"",""D:\\360Downloads\\123\\data\\Anti-UAV410\\annos\\test\\20190926_134054_1_1.txt"",""D:\\360Downloads\\123\\data\\Anti-UAV410\\annos\\test\\02_6319_1500-2999.txt""],""source_sha256"":[""f6b7847e1588c4712031bf2104e7c39502a58e14b8c2b65ca436e604aac3f554"",""144d1b89616682688aa7832eef940e8a8c18f9547c1a17f517cab502988cb6fe"",""f52449accaade338669894d3ed549ab2f2de5c0daa4db5aba1a2adf39e5fd815"",""418793fcd6218f474aaf1f712abb5b5593ad00bca956c8ce6b32632303e64866""],""synthetic_dimensions"":[""spatial_level"",""risk"",""response_window"",""multi_sequence_concurrency"",""resources""],""time_basis"":""frames"",""track_count"":4,""track_windows"":[{""dynamic_background_clutter"":0,""event_center_frame"":284,""fast_motion"":1,""inactive_frames_in_window"":0,""medium_size"":1,""normal_size"":0,""occlusion"":0,""offset_steps"":0,""out_of_view"":0,""requested_window_mode"":""motion"",""scale_variation"":0,""selected_window_mode"":""motion"",""small_size"":1,""source_active_frames"":1000,""source_end_frame"":403,""source_frames"":1000,""source_inactive_frames"":0,""source_path"":""D:\\360Downloads\\123\\data\\Anti-UAV410\\annos\\test\\20190925_134301_1_8.txt"",""source_sha256"":""f6b7847e1588c4712031bf2104e7c39502a58e14b8c2b65ca436e604aac3f554"",""source_start_frame"":164,""source_window_frames"":240,""task_id"":""AU-01"",""thermal_crossover"":1,""tiny_size"":0,""visibility_event_count"":0},{""dynamic_background_clutter"":0,""event_center_frame"":937,""fast_motion"":0,""inactive_frames_in_window"":0,""medium_size"":1,""normal_size"":0,""occlusion"":0,""offset_steps"":1,""out_of_view"":0,""requested_window_mode"":""motion"",""scale_variation"":0,""selected_window_mode"":""motion"",""small_size"":1,""source_active_frames"":1000,""source_end_frame"":999,""source_frames"":1000,""source_inactive_frames"":0,""source_path"":""D:\\360Downloads\\123\\data\\Anti-UAV410\\annos\\test\\20190925_111757_1_6.txt"",""source_sha256"":""144d1b89616682688aa7832eef940e8a8c18f9547c1a17f517cab502988cb6fe"",""source_start_frame"":760,""source_window_frames"":240,""task_id"":""AU-02"",""thermal_crossover"":1,""tiny_size"":0,""visibility_event_count"":0},{""dynamic_background_clutter"":0,""event_center_frame"":2,""fast_motion"":0,""inactive_frames_in_window"":0,""medium_size"":1,""normal_size"":0,""occlusion"":0,""offset_steps"":2,""out_of_view"":0,""requested_window_mode"":""motion"",""scale_variation"":0,""selected_window_mode"":""motion"",""small_size"":1,""source_active_frames"":1000,""source_end_frame"":239,""source_frames"":1000,""source_inactive_frames"":0,""source_path"":""D:\\360Downloads\\123\\data\\Anti-UAV410\\annos\\test\\20190926_134054_1_1.txt"",""source_sha256"":""f52449accaade338669894d3ed549ab2f2de5c0daa4db5aba1a2adf39e5fd815"",""source_start_frame"":0,""source_window_frames"":240,""task_id"":""AU-03"",""thermal_crossover"":1,""tiny_size"":0,""visibility_event_count"":0},{""dynamic_background_clutter"":1,""event_center_frame"":1148,""fast_motion"":0,""inactive_frames_in_window"":0,""medium_size"":0,""normal_size"":0,""occlusion"":1,""offset_steps"":3,""out_of_view"":0,""requested_window_mode"":""visibility"",""scale_variation"":0,""selected_window_mode"":""motion"",""small_size"":1,""source_active_frames"":1500,""source_end_frame"":1267,""source_frames"":1500,""source_inactive_frames"":0,""source_path"":""D:\\360Downloads\\123\\data\\Anti-UAV410\\annos\\test\\02_6319_1500-2999.txt"",""source_sha256"":""418793fcd6218f474aaf1f712abb5b5593ad00bca956c8ce6b32632303e64866"",""source_start_frame"":1028,""source_window_frames"":240,""task_id"":""AU-04"",""thermal_crossover"":1,""tiny_size"":1,""visibility_event_count"":0}]}",10,701.25,AU-04,1,1,1,3,{},0.14917238590351042,0.015251343934434187,0.5,0.0,0.6877820957318292,1.0,0.14917238590351042,0.015251343934434187,0.5,0.0,0.6877820957318292,1.0
anti_uav410,AU-L04-W06,public-trajectory-replay-v2,"{""event_window_version"":""anti-uav-event-window-v1"",""evidence_type"":""measured_image_plane_tracks_with_simulated_response_resources"",""fps"":null,""image_height"":512,""image_width"":640,""measured_dimensions"":[""apparent_size"",""image_plane_speed"",""visibility""],""motion_unit"":""normalized_image_diagonal_per_frame"",""protected_point"":[0.5,0.85],""source_files"":[""D:\\360Downloads\\123\\data\\Anti-UAV410\\annos\\test\\20190925_134301_1_8.txt"",""D:\\360Downloads\\123\\data\\Anti-UAV410\\annos\\test\\20190925_111757_1_6.txt"",""D:\\360Downloads\\123\\data\\Anti-UAV410\\annos\\test\\20190926_134054_1_1.txt"",""D:\\360Downloads\\123\\data\\Anti-UAV410\\annos\\test\\02_6319_1500-2999.txt""],""source_sha256"":[""f6b7847e1588c4712031bf2104e7c39502a58e14b8c2b65ca436e604aac3f554"",""144d1b89616682688aa7832eef940e8a8c18f9547c1a17f517cab502988cb6fe"",""f52449accaade338669894d3ed549ab2f2de5c0daa4db5aba1a2adf39e5fd815"",""418793fcd6218f474aaf1f712abb5b5593ad00bca956c8ce6b32632303e64866""],""synthetic_dimensions"":[""spatial_level"",""risk"",""response_window"",""multi_sequence_concurrency"",""resources""],""time_basis"":""frames"",""track_count"":4,""track_windows"":[{""dynamic_background_clutter"":0,""event_center_frame"":284,""fast_motion"":1,""inactive_frames_in_window"":0,""medium_size"":1,""normal_size"":0,""occlusion"":0,""offset_steps"":0,""out_of_view"":0,""requested_window_mode"":""motion"",""scale_variation"":0,""selected_window_mode"":""motion"",""small_size"":1,""source_active_frames"":1000,""source_end_frame"":403,""source_frames"":1000,""source_inactive_frames"":0,""source_path"":""D:\\360Downloads\\123\\data\\Anti-UAV410\\annos\\test\\20190925_134301_1_8.txt"",""source_sha256"":""f6b7847e1588c4712031bf2104e7c39502a58e14b8c2b65ca436e604aac3f554"",""source_start_frame"":164,""source_window_frames"":240,""task_id"":""AU-01"",""thermal_crossover"":1,""tiny_size"":0,""visibility_event_count"":0},{""dynamic_background_clutter"":0,""event_center_frame"":937,""fast_motion"":0,""inactive_frames_in_window"":0,""medium_size"":1,""normal_size"":0,""occlusion"":0,""offset_steps"":1,""out_of_view"":0,""requested_window_mode"":""motion"",""scale_variation"":0,""selected_window_mode"":""motion"",""small_size"":1,""source_active_frames"":1000,""source_end_frame"":999,""source_frames"":1000,""source_inactive_frames"":0,""source_path"":""D:\\360Downloads\\123\\data\\Anti-UAV410\\annos\\test\\20190925_111757_1_6.txt"",""source_sha256"":""144d1b89616682688aa7832eef940e8a8c18f9547c1a17f517cab502988cb6fe"",""source_start_frame"":760,""source_window_frames"":240,""task_id"":""AU-02"",""thermal_crossover"":1,""tiny_size"":0,""visibility_event_count"":0},{""dynamic_background_clutter"":0,""event_center_frame"":2,""fast_motion"":0,""inactive_frames_in_window"":0,""medium_size"":1,""normal_size"":0,""occlusion"":0,""offset_steps"":2,""out_of_view"":0,""requested_window_mode"":""motion"",""scale_variation"":0,""selected_window_mode"":""motion"",""small_size"":1,""source_active_frames"":1000,""source_end_frame"":239,""source_frames"":1000,""source_inactive_frames"":0,""source_path"":""D:\\360Downloads\\123\\data\\Anti-UAV410\\annos\\test\\20190926_134054_1_1.txt"",""source_sha256"":""f52449accaade338669894d3ed549ab2f2de5c0daa4db5aba1a2adf39e5fd815"",""source_start_frame"":0,""source_window_frames"":240,""task_id"":""AU-03"",""thermal_crossover"":1,""tiny_size"":0,""visibility_event_count"":0},{""dynamic_background_clutter"":1,""event_center_frame"":1148,""fast_motion"":0,""inactive_frames_in_window"":0,""medium_size"":0,""normal_size"":0,""occlusion"":1,""offset_steps"":3,""out_of_view"":0,""requested_window_mode"":""visibility"",""scale_variation"":0,""selected_window_mode"":""motion"",""small_size"":1,""source_active_frames"":1500,""source_end_frame"":1267,""source_frames"":1500,""source_inactive_frames"":0,""source_path"":""D:\\360Downloads\\123\\data\\Anti-UAV410\\annos\\test\\02_6319_1500-2999.txt"",""source_sha256"":""418793fcd6218f474aaf1f712abb5b5593ad00bca956c8ce6b32632303e64866"",""source_start_frame"":1028,""source_window_frames"":240,""task_id"":""AU-04"",""thermal_crossover"":1,""tiny_size"":1,""visibility_event_count"":0}]}",11,727.0,AU-01,1,1,1,3,{},0.370579413300982,0.1209593545889273,0.5,0.0,0.4884842036499758,1.0,0.370579413300982,0.1209593545889273,0.5,0.0,0.4884842036499758,1.0
anti_uav410,AU-L04-W06,public-trajectory-replay-v2,"{""event_window_version"":""anti-uav-event-window-v1"",""evidence_type"":""measured_image_plane_tracks_with_simulated_response_resources"",""fps"":null,""image_height"":512,""image_width"":640,""measured_dimensions"":[""apparent_size"",""image_plane_speed"",""visibility""],""motion_unit"":""normalized_image_diagonal_per_frame"",""protected_point"":[0.5,0.85],""source_files"":[""D:\\360Downloads\\123\\data\\Anti-UAV410\\annos\\test\\20190925_134301_1_8.txt"",""D:\\360Downloads\\123\\data\\Anti-UAV410\\annos\\test\\20190925_111757_1_6.txt"",""D:\\360Downloads\\123\\data\\Anti-UAV410\\annos\\test\\20190926_134054_1_1.txt"",""D:\\360Downloads\\123\\data\\Anti-UAV410\\annos\\test\\02_6319_1500-2999.txt""],""source_sha256"":[""f6b7847e1588c4712031bf2104e7c39502a58e14b8c2b65ca436e604aac3f554"",""144d1b89616682688aa7832eef940e8a8c18f9547c1a17f517cab502988cb6fe"",""f52449accaade338669894d3ed549ab2f2de5c0daa4db5aba1a2adf39e5fd815"",""418793fcd6218f474aaf1f712abb5b5593ad00bca956c8ce6b32632303e64866""],""synthetic_dimensions"":[""spatial_level"",""risk"",""response_window"",""multi_sequence_concurrency"",""resources""],""time_basis"":""frames"",""track_count"":4,""track_windows"":[{""dynamic_background_clutter"":0,""event_center_frame"":284,""fast_motion"":1,""inactive_frames_in_window"":0,""medium_size"":1,""normal_size"":0,""occlusion"":0,""offset_steps"":0,""out_of_view"":0,""requested_window_mode"":""motion"",""scale_variation"":0,""selected_window_mode"":""motion"",""small_size"":1,""source_active_frames"":1000,""source_end_frame"":403,""source_frames"":1000,""source_inactive_frames"":0,""source_path"":""D:\\360Downloads\\123\\data\\Anti-UAV410\\annos\\test\\20190925_134301_1_8.txt"",""source_sha256"":""f6b7847e1588c4712031bf2104e7c39502a58e14b8c2b65ca436e604aac3f554"",""source_start_frame"":164,""source_window_frames"":240,""task_id"":""AU-01"",""thermal_crossover"":1,""tiny_size"":0,""visibility_event_count"":0},{""dynamic_background_clutter"":0,""event_center_frame"":937,""fast_motion"":0,""inactive_frames_in_window"":0,""medium_size"":1,""normal_size"":0,""occlusion"":0,""offset_steps"":1,""out_of_view"":0,""requested_window_mode"":""motion"",""scale_variation"":0,""selected_window_mode"":""motion"",""small_size"":1,""source_active_frames"":1000,""source_end_frame"":999,""source_frames"":1000,""source_inactive_frames"":0,""source_path"":""D:\\360Downloads\\123\\data\\Anti-UAV410\\annos\\test\\20190925_111757_1_6.txt"",""source_sha256"":""144d1b89616682688aa7832eef940e8a8c18f9547c1a17f517cab502988cb6fe"",""source_start_frame"":760,""source_window_frames"":240,""task_id"":""AU-02"",""thermal_crossover"":1,""tiny_size"":0,""visibility_event_count"":0},{""dynamic_background_clutter"":0,""event_center_frame"":2,""fast_motion"":0,""inactive_frames_in_window"":0,""medium_size"":1,""normal_size"":0,""occlusion"":0,""offset_steps"":2,""out_of_view"":0,""requested_window_mode"":""motion"",""scale_variation"":0,""selected_window_mode"":""motion"",""small_size"":1,""source_active_frames"":1000,""source_end_frame"":239,""source_frames"":1000,""source_inactive_frames"":0,""source_path"":""D:\\360Downloads\\123\\data\\Anti-UAV410\\annos\\test\\20190926_134054_1_1.txt"",""source_sha256"":""f52449accaade338669894d3ed549ab2f2de5c0daa4db5aba1a2adf39e5fd815"",""source_start_frame"":0,""source_window_frames"":240,""task_id"":""AU-03"",""thermal_crossover"":1,""tiny_size"":0,""visibility_event_count"":0},{""dynamic_background_clutter"":1,""event_center_frame"":1148,""fast_motion"":0,""inactive_frames_in_window"":0,""medium_size"":0,""normal_size"":0,""occlusion"":1,""offset_steps"":3,""out_of_view"":0,""requested_window_mode"":""visibility"",""scale_variation"":0,""selected_window_mode"":""motion"",""small_size"":1,""source_active_frames"":1500,""source_end_frame"":1267,""source_frames"":1500,""source_inactive_frames"":0,""source_path"":""D:\\360Downloads\\123\\data\\Anti-UAV410\\annos\\test\\02_6319_1500-2999.txt"",""source_sha256"":""418793fcd6218f474aaf1f712abb5b5593ad00bca956c8ce6b32632303e64866"",""source_start_frame"":1028,""source_window_frames"":240,""task_id"":""AU-04"",""thermal_crossover"":1,""tiny_size"":1,""visibility_event_count"":0}]}",11,727.0,AU-02,1,1,1,3,{},0.43648933051723265,0.1099039107478106,0.5,0.19664831765390808,0.6344883659572352,1.0,0.43648933051723265,0.1099039107478106,0.5,0.19664831765390808,0.6344883659572352,1.0
anti_uav410,AU-L04-W06,public-trajectory-replay-v2,"{""event_window_version"":""anti-uav-event-window-v1"",""evidence_type"":""measured_image_plane_tracks_with_simulated_response_resources"",""fps"":null,""image_height"":512,""image_width"":640,""measured_dimensions"":[""apparent_size"",""image_plane_speed"",""visibility""],""motion_unit"":""normalized_image_diagonal_per_frame"",""protected_point"":[0.5,0.85],""source_files"":[""D:\\360Downloads\\123\\data\\Anti-UAV410\\annos\\test\\20190925_134301_1_8.txt"",""D:\\360Downloads\\123\\data\\Anti-UAV410\\annos\\test\\20190925_111757_1_6.txt"",""D:\\360Downloads\\123\\data\\Anti-UAV410\\annos\\test\\20190926_134054_1_1.txt"",""D:\\360Downloads\\123\\data\\Anti-UAV410\\annos\\test\\02_6319_1500-2999.txt""],""source_sha256"":[""f6b7847e1588c4712031bf2104e7c39502a58e14b8c2b65ca436e604aac3f554"",""144d1b89616682688aa7832eef940e8a8c18f9547c1a17f517cab502988cb6fe"",""f52449accaade338669894d3ed549ab2f2de5c0daa4db5aba1a2adf39e5fd815"",""418793fcd6218f474aaf1f712abb5b5593ad00bca956c8ce6b32632303e64866""],""synthetic_dimensions"":[""spatial_level"",""risk"",""response_window"",""multi_sequence_concurrency"",""resources""],""time_basis"":""frames"",""track_count"":4,""track_windows"":[{""dynamic_background_clutter"":0,""event_center_frame"":284,""fast_motion"":1,""inactive_frames_in_window"":0,""medium_size"":1,""normal_size"":0,""occlusion"":0,""offset_steps"":0,""out_of_view"":0,""requested_window_mode"":""motion"",""scale_variation"":0,""selected_window_mode"":""motion"",""small_size"":1,""source_active_frames"":1000,""source_end_frame"":403,""source_frames"":1000,""source_inactive_frames"":0,""source_path"":""D:\\360Downloads\\123\\data\\Anti-UAV410\\annos\\test\\20190925_134301_1_8.txt"",""source_sha256"":""f6b7847e1588c4712031bf2104e7c39502a58e14b8c2b65ca436e604aac3f554"",""source_start_frame"":164,""source_window_frames"":240,""task_id"":""AU-01"",""thermal_crossover"":1,""tiny_size"":0,""visibility_event_count"":0},{""dynamic_background_clutter"":0,""event_center_frame"":937,""fast_motion"":0,""inactive_frames_in_window"":0,""medium_size"":1,""normal_size"":0,""occlusion"":0,""offset_steps"":1,""out_of_view"":0,""requested_window_mode"":""motion"",""scale_variation"":0,""selected_window_mode"":""motion"",""small_size"":1,""source_active_frames"":1000,""source_end_frame"":999,""source_frames"":1000,""source_inactive_frames"":0,""source_path"":""D:\\360Downloads\\123\\data\\Anti-UAV410\\annos\\test\\20190925_111757_1_6.txt"",""source_sha256"":""144d1b89616682688aa7832eef940e8a8c18f9547c1a17f517cab502988cb6fe"",""source_start_frame"":760,""source_window_frames"":240,""task_id"":""AU-02"",""thermal_crossover"":1,""tiny_size"":0,""visibility_event_count"":0},{""dynamic_background_clutter"":0,""event_center_frame"":2,""fast_motion"":0,""inactive_frames_in_window"":0,""medium_size"":1,""normal_size"":0,""occlusion"":0,""offset_steps"":2,""out_of_view"":0,""requested_window_mode"":""motion"",""scale_variation"":0,""selected_window_mode"":""motion"",""small_size"":1,""source_active_frames"":1000,""source_end_frame"":239,""source_frames"":1000,""source_inactive_frames"":0,""source_path"":""D:\\360Downloads\\123\\data\\Anti-UAV410\\annos\\test\\20190926_134054_1_1.txt"",""source_sha256"":""f52449accaade338669894d3ed549ab2f2de5c0daa4db5aba1a2adf39e5fd815"",""source_start_frame"":0,""source_window_frames"":240,""task_id"":""AU-03"",""thermal_crossover"":1,""tiny_size"":0,""visibility_event_count"":0},{""dynamic_background_clutter"":1,""event_center_frame"":1148,""fast_motion"":0,""inactive_frames_in_window"":0,""medium_size"":0,""normal_size"":0,""occlusion"":1,""offset_steps"":3,""out_of_view"":0,""requested_window_mode"":""visibility"",""scale_variation"":0,""selected_window_mode"":""motion"",""small_size"":1,""source_active_frames"":1500,""source_end_frame"":1267,""source_frames"":1500,""source_inactive_frames"":0,""source_path"":""D:\\360Downloads\\123\\data\\Anti-UAV410\\annos\\test\\02_6319_1500-2999.txt"",""source_sha256"":""418793fcd6218f474aaf1f712abb5b5593ad00bca956c8ce6b32632303e64866"",""source_start_frame"":1028,""source_window_frames"":240,""task_id"":""AU-04"",""thermal_crossover"":1,""tiny_size"":1,""visibility_event_count"":0}]}",11,727.0,AU-03,1,1,1,3,{},0.4730703678277331,0.11975188521460035,0.5,0.19664831765390808,0.58785497404172,1.0,0.4730703678277331,0.11975188521460035,0.5,0.19664831765390808,0.58785497404172,1.0
anti_uav410,AU-L04-W06,public-trajectory-replay-v2,"{""event_window_version"":""anti-uav-event-window-v1"",""evidence_type"":""measured_image_plane_tracks_with_simulated_response_resources"",""fps"":null,""image_height"":512,""image_width"":640,""measured_dimensions"":[""apparent_size"",""image_plane_speed"",""visibility""],""motion_unit"":""normalized_image_diagonal_per_frame"",""protected_point"":[0.5,0.85],""source_files"":[""D:\\360Downloads\\123\\data\\Anti-UAV410\\annos\\test\\20190925_134301_1_8.txt"",""D:\\360Downloads\\123\\data\\Anti-UAV410\\annos\\test\\20190925_111757_1_6.txt"",""D:\\360Downloads\\123\\data\\Anti-UAV410\\annos\\test\\20190926_134054_1_1.txt"",""D:\\360Downloads\\123\\data\\Anti-UAV410\\annos\\test\\02_6319_1500-2999.txt""],""source_sha256"":[""f6b7847e1588c4712031bf2104e7c39502a58e14b8c2b65ca436e604aac3f554"",""144d1b89616682688aa7832eef940e8a8c18f9547c1a17f517cab502988cb6fe"",""f52449accaade338669894d3ed549ab2f2de5c0daa4db5aba1a2adf39e5fd815"",""418793fcd6218f474aaf1f712abb5b5593ad00bca956c8ce6b32632303e64866""],""synthetic_dimensions"":[""spatial_level"",""risk"",""response_window"",""multi_sequence_concurrency"",""resources""],""time_basis"":""frames"",""track_count"":4,""track_windows"":[{""dynamic_background_clutter"":0,""event_center_frame"":284,""fast_motion"":1,""inactive_frames_in_window"":0,""medium_size"":1,""normal_size"":0,""occlusion"":0,""offset_steps"":0,""out_of_view"":0,""requested_window_mode"":""motion"",""scale_variation"":0,""selected_window_mode"":""motion"",""small_size"":1,""source_active_frames"":1000,""source_end_frame"":403,""source_frames"":1000,""source_inactive_frames"":0,""source_path"":""D:\\360Downloads\\123\\data\\Anti-UAV410\\annos\\test\\20190925_134301_1_8.txt"",""source_sha256"":""f6b7847e1588c4712031bf2104e7c39502a58e14b8c2b65ca436e604aac3f554"",""source_start_frame"":164,""source_window_frames"":240,""task_id"":""AU-01"",""thermal_crossover"":1,""tiny_size"":0,""visibility_event_count"":0},{""dynamic_background_clutter"":0,""event_center_frame"":937,""fast_motion"":0,""inactive_frames_in_window"":0,""medium_size"":1,""normal_size"":0,""occlusion"":0,""offset_steps"":1,""out_of_view"":0,""requested_window_mode"":""motion"",""scale_variation"":0,""selected_window_mode"":""motion"",""small_size"":1,""source_active_frames"":1000,""source_end_frame"":999,""source_frames"":1000,""source_inactive_frames"":0,""source_path"":""D:\\360Downloads\\123\\data\\Anti-UAV410\\annos\\test\\20190925_111757_1_6.txt"",""source_sha256"":""144d1b89616682688aa7832eef940e8a8c18f9547c1a17f517cab502988cb6fe"",""source_start_frame"":760,""source_window_frames"":240,""task_id"":""AU-02"",""thermal_crossover"":1,""tiny_size"":0,""visibility_event_count"":0},{""dynamic_background_clutter"":0,""event_center_frame"":2,""fast_motion"":0,""inactive_frames_in_window"":0,""medium_size"":1,""normal_size"":0,""occlusion"":0,""offset_steps"":2,""out_of_view"":0,""requested_window_mode"":""motion"",""scale_variation"":0,""selected_window_mode"":""motion"",""small_size"":1,""source_active_frames"":1000,""source_end_frame"":239,""source_frames"":1000,""source_inactive_frames"":0,""source_path"":""D:\\360Downloads\\123\\data\\Anti-UAV410\\annos\\test\\20190926_134054_1_1.txt"",""source_sha256"":""f52449accaade338669894d3ed549ab2f2de5c0daa4db5aba1a2adf39e5fd815"",""source_start_frame"":0,""source_window_frames"":240,""task_id"":""AU-03"",""thermal_crossover"":1,""tiny_size"":0,""visibility_event_count"":0},{""dynamic_background_clutter"":1,""event_center_frame"":1148,""fast_motion"":0,""inactive_frames_in_window"":0,""medium_size"":0,""normal_size"":0,""occlusion"":1,""offset_steps"":3,""out_of_view"":0,""requested_window_mode"":""visibility"",""scale_variation"":0,""selected_window_mode"":""motion"",""small_size"":1,""source_active_frames"":1500,""source_end_frame"":1267,""source_frames"":1500,""source_inactive_frames"":0,""source_path"":""D:\\360Downloads\\123\\data\\Anti-UAV410\\annos\\test\\02_6319_1500-2999.txt"",""source_sha256"":""418793fcd6218f474aaf1f712abb5b5593ad00bca956c8ce6b32632303e64866"",""source_start_frame"":1028,""source_window_frames"":240,""task_id"":""AU-04"",""thermal_crossover"":1,""tiny_size"":1,""visibility_event_count"":0}]}",11,727.0,AU-04,1,1,1,3,{},0.20484547815823276,0.011367680595207957,0.5,0.0,0.6848623782781487,1.0,0.20484547815823276,0.011367680595207957,0.5,0.0,0.6848623782781487,1.0
