dataset,sequence_id,mapping_version,metadata_json,step,source_time,task_id,true_active,observed_active,min_resources,max_resources,type_requirements_json,true_s,true_v,true_h,true_n,true_rho,true_tau,observed_s,observed_v,observed_h,observed_n,observed_rho,observed_tau
anti_uav410,AU-L04-W04,public-trajectory-replay-v2,"{""event_window_version"":""anti-uav-event-window-v1"",""evidence_type"":""measured_image_plane_tracks_with_simulated_response_resources"",""fps"":null,""image_height"":512,""image_width"":640,""measured_dimensions"":[""apparent_size"",""image_plane_speed"",""visibility""],""motion_unit"":""normalized_image_diagonal_per_frame"",""protected_point"":[0.5,0.85],""source_files"":[""D:\\360Downloads\\123\\data\\Anti-UAV410\\annos\\test\\20190926_102042_1_1.txt"",""D:\\360Downloads\\123\\data\\Anti-UAV410\\annos\\test\\20190925_111757_1_8.txt"",""D:\\360Downloads\\123\\data\\Anti-UAV410\\annos\\test\\20190926_102042_1_2.txt"",""D:\\360Downloads\\123\\data\\Anti-UAV410\\annos\\test\\3700000000002_153918_1.txt""],""source_sha256"":[""80809a6345fd69e5532434ad92660f3d62169262ece892e0317496438b5a19d0"",""037fc717f8d6f58b14964f0d822f55218e238d35cd9b906a642c6c5bbbbb61a0"",""0a9766d279e2989340a1fd2efb8bdee572db014a5ed579141af00b8aff76cab2"",""f1959bdc0301e7398c10250f4cab28be829f00297cb2017431d6016f441288f0""],""synthetic_dimensions"":[""spatial_level"",""risk"",""response_window"",""multi_sequence_concurrency"",""resources""],""time_basis"":""frames"",""track_count"":4,""track_windows"":[{""dynamic_background_clutter"":0,""event_center_frame"":599,""fast_motion"":0,""inactive_frames_in_window"":0,""medium_size"":1,""normal_size"":1,""occlusion"":0,""offset_steps"":0,""out_of_view"":0,""requested_window_mode"":""motion"",""scale_variation"":0,""selected_window_mode"":""motion"",""small_size"":0,""source_active_frames"":1000,""source_end_frame"":718,""source_frames"":1000,""source_inactive_frames"":0,""source_path"":""D:\\360Downloads\\123\\data\\Anti-UAV410\\annos\\test\\20190926_102042_1_1.txt"",""source_sha256"":""80809a6345fd69e5532434ad92660f3d62169262ece892e0317496438b5a19d0"",""source_start_frame"":479,""source_window_frames"":240,""task_id"":""AU-01"",""thermal_crossover"":1,""tiny_size"":0,""visibility_event_count"":0},{""dynamic_background_clutter"":0,""event_center_frame"":684,""fast_motion"":0,""inactive_frames_in_window"":0,""medium_size"":1,""normal_size"":0,""occlusion"":0,""offset_steps"":1,""out_of_view"":0,""requested_window_mode"":""scale"",""scale_variation"":1,""selected_window_mode"":""scale"",""small_size"":1,""source_active_frames"":948,""source_end_frame"":803,""source_frames"":948,""source_inactive_frames"":0,""source_path"":""D:\\360Downloads\\123\\data\\Anti-UAV410\\annos\\test\\20190925_111757_1_8.txt"",""source_sha256"":""037fc717f8d6f58b14964f0d822f55218e238d35cd9b906a642c6c5bbbbb61a0"",""source_start_frame"":564,""source_window_frames"":240,""task_id"":""AU-02"",""thermal_crossover"":1,""tiny_size"":0,""visibility_event_count"":0},{""dynamic_background_clutter"":0,""event_center_frame"":787,""fast_motion"":1,""inactive_frames_in_window"":66,""medium_size"":1,""normal_size"":0,""occlusion"":0,""offset_steps"":2,""out_of_view"":1,""requested_window_mode"":""visibility"",""scale_variation"":1,""selected_window_mode"":""visibility"",""small_size"":1,""source_active_frames"":934,""source_end_frame"":906,""source_frames"":1000,""source_inactive_frames"":66,""source_path"":""D:\\360Downloads\\123\\data\\Anti-UAV410\\annos\\test\\20190926_102042_1_2.txt"",""source_sha256"":""0a9766d279e2989340a1fd2efb8bdee572db014a5ed579141af00b8aff76cab2"",""source_start_frame"":667,""source_window_frames"":240,""task_id"":""AU-03"",""thermal_crossover"":1,""tiny_size"":1,""visibility_event_count"":2},{""dynamic_background_clutter"":1,""event_center_frame"":933,""fast_motion"":1,""inactive_frames_in_window"":253,""medium_size"":0,""normal_size"":0,""occlusion"":1,""offset_steps"":3,""out_of_view"":1,""requested_window_mode"":""visibility"",""scale_variation"":0,""selected_window_mode"":""visibility"",""small_size"":1,""source_active_frames"":1195,""source_end_frame"":1089,""source_frames"":1500,""source_inactive_frames"":305,""source_path"":""D:\\360Downloads\\123\\data\\Anti-UAV410\\annos\\test\\3700000000002_153918_1.txt"",""source_sha256"":""f1959bdc0301e7398c10250f4cab28be829f00297cb2017431d6016f441288f0"",""source_start_frame"":777,""source_window_frames"":313,""task_id"":""AU-04"",""thermal_crossover"":1,""tiny_size"":1,""visibility_event_count"":5}]}",0,479.0,AU-01,1,1,1,3,{},0.7017975509485347,0.0,0.5,0.0,0.6213419608916608,1.0,0.7017975509485347,0.0,0.5,0.0,0.6213419608916608,1.0
anti_uav410,AU-L04-W04,public-trajectory-replay-v2,"{""event_window_version"":""anti-uav-event-window-v1"",""evidence_type"":""measured_image_plane_tracks_with_simulated_response_resources"",""fps"":null,""image_height"":512,""image_width"":640,""measured_dimensions"":[""apparent_size"",""image_plane_speed"",""visibility""],""motion_unit"":""normalized_image_diagonal_per_frame"",""protected_point"":[0.5,0.85],""source_files"":[""D:\\360Downloads\\123\\data\\Anti-UAV410\\annos\\test\\20190926_102042_1_1.txt"",""D:\\360Downloads\\123\\data\\Anti-UAV410\\annos\\test\\20190925_111757_1_8.txt"",""D:\\360Downloads\\123\\data\\Anti-UAV410\\annos\\test\\20190926_102042_1_2.txt"",""D:\\360Downloads\\123\\data\\Anti-UAV410\\annos\\test\\3700000000002_153918_1.txt""],""source_sha256"":[""80809a6345fd69e5532434ad92660f3d62169262ece892e0317496438b5a19d0"",""037fc717f8d6f58b14964f0d822f55218e238d35cd9b906a642c6c5bbbbb61a0"",""0a9766d279e2989340a1fd2efb8bdee572db014a5ed579141af00b8aff76cab2"",""f1959bdc0301e7398c10250f4cab28be829f00297cb2017431d6016f441288f0""],""synthetic_dimensions"":[""spatial_level"",""risk"",""response_window"",""multi_sequence_concurrency"",""resources""],""time_basis"":""frames"",""track_count"":4,""track_windows"":[{""dynamic_background_clutter"":0,""event_center_frame"":599,""fast_motion"":0,""inactive_frames_in_window"":0,""medium_size"":1,""normal_size"":1,""occlusion"":0,""offset_steps"":0,""out_of_view"":0,""requested_window_mode"":""motion"",""scale_variation"":0,""selected_window_mode"":""motion"",""small_size"":0,""source_active_frames"":1000,""source_end_frame"":718,""source_frames"":1000,""source_inactive_frames"":0,""source_path"":""D:\\360Downloads\\123\\data\\Anti-UAV410\\annos\\test\\20190926_102042_1_1.txt"",""source_sha256"":""80809a6345fd69e5532434ad92660f3d62169262ece892e0317496438b5a19d0"",""source_start_frame"":479,""source_window_frames"":240,""task_id"":""AU-01"",""thermal_crossover"":1,""tiny_size"":0,""visibility_event_count"":0},{""dynamic_background_clutter"":0,""event_center_frame"":684,""fast_motion"":0,""inactive_frames_in_window"":0,""medium_size"":1,""normal_size"":0,""occlusion"":0,""offset_steps"":1,""out_of_view"":0,""requested_window_mode"":""scale"",""scale_variation"":1,""selected_window_mode"":""scale"",""small_size"":1,""source_active_frames"":948,""source_end_frame"":803,""source_frames"":948,""source_inactive_frames"":0,""source_path"":""D:\\360Downloads\\123\\data\\Anti-UAV410\\annos\\test\\20190925_111757_1_8.txt"",""source_sha256"":""037fc717f8d6f58b14964f0d822f55218e238d35cd9b906a642c6c5bbbbb61a0"",""source_start_frame"":564,""source_window_frames"":240,""task_id"":""AU-02"",""thermal_crossover"":1,""tiny_size"":0,""visibility_event_count"":0},{""dynamic_background_clutter"":0,""event_center_frame"":787,""fast_motion"":1,""inactive_frames_in_window"":66,""medium_size"":1,""normal_size"":0,""occlusion"":0,""offset_steps"":2,""out_of_view"":1,""requested_window_mode"":""visibility"",""scale_variation"":1,""selected_window_mode"":""visibility"",""small_size"":1,""source_active_frames"":934,""source_end_frame"":906,""source_frames"":1000,""source_inactive_frames"":66,""source_path"":""D:\\360Downloads\\123\\data\\Anti-UAV410\\annos\\test\\20190926_102042_1_2.txt"",""source_sha256"":""0a9766d279e2989340a1fd2efb8bdee572db014a5ed579141af00b8aff76cab2"",""source_start_frame"":667,""source_window_frames"":240,""task_id"":""AU-03"",""thermal_crossover"":1,""tiny_size"":1,""visibility_event_count"":2},{""dynamic_background_clutter"":1,""event_center_frame"":933,""fast_motion"":1,""inactive_frames_in_window"":253,""medium_size"":0,""normal_size"":0,""occlusion"":1,""offset_steps"":3,""out_of_view"":1,""requested_window_mode"":""visibility"",""scale_variation"":0,""selected_window_mode"":""visibility"",""small_size"":1,""source_active_frames"":1195,""source_end_frame"":1089,""source_frames"":1500,""source_inactive_frames"":305,""source_path"":""D:\\360Downloads\\123\\data\\Anti-UAV410\\annos\\test\\3700000000002_153918_1.txt"",""source_sha256"":""f1959bdc0301e7398c10250f4cab28be829f00297cb2017431d6016f441288f0"",""source_start_frame"":777,""source_window_frames"":313,""task_id"":""AU-04"",""thermal_crossover"":1,""tiny_size"":1,""visibility_event_count"":5}]}",0,479.0,AU-02,0,0,1,3,{},0.0,0.0,0.5,0.0,0.35,1.0,0.0,0.0,0.5,0.0,0.35,1.0
anti_uav410,AU-L04-W04,public-trajectory-replay-v2,"{""event_window_version"":""anti-uav-event-window-v1"",""evidence_type"":""measured_image_plane_tracks_with_simulated_response_resources"",""fps"":null,""image_height"":512,""image_width"":640,""measured_dimensions"":[""apparent_size"",""image_plane_speed"",""visibility""],""motion_unit"":""normalized_image_diagonal_per_frame"",""protected_point"":[0.5,0.85],""source_files"":[""D:\\360Downloads\\123\\data\\Anti-UAV410\\annos\\test\\20190926_102042_1_1.txt"",""D:\\360Downloads\\123\\data\\Anti-UAV410\\annos\\test\\20190925_111757_1_8.txt"",""D:\\360Downloads\\123\\data\\Anti-UAV410\\annos\\test\\20190926_102042_1_2.txt"",""D:\\360Downloads\\123\\data\\Anti-UAV410\\annos\\test\\3700000000002_153918_1.txt""],""source_sha256"":[""80809a6345fd69e5532434ad92660f3d62169262ece892e0317496438b5a19d0"",""037fc717f8d6f58b14964f0d822f55218e238d35cd9b906a642c6c5bbbbb61a0"",""0a9766d279e2989340a1fd2efb8bdee572db014a5ed579141af00b8aff76cab2"",""f1959bdc0301e7398c10250f4cab28be829f00297cb2017431d6016f441288f0""],""synthetic_dimensions"":[""spatial_level"",""risk"",""response_window"",""multi_sequence_concurrency"",""resources""],""time_basis"":""frames"",""track_count"":4,""track_windows"":[{""dynamic_background_clutter"":0,""event_center_frame"":599,""fast_motion"":0,""inactive_frames_in_window"":0,""medium_size"":1,""normal_size"":1,""occlusion"":0,""offset_steps"":0,""out_of_view"":0,""requested_window_mode"":""motion"",""scale_variation"":0,""selected_window_mode"":""motion"",""small_size"":0,""source_active_frames"":1000,""source_end_frame"":718,""source_frames"":1000,""source_inactive_frames"":0,""source_path"":""D:\\360Downloads\\123\\data\\Anti-UAV410\\annos\\test\\20190926_102042_1_1.txt"",""source_sha256"":""80809a6345fd69e5532434ad92660f3d62169262ece892e0317496438b5a19d0"",""source_start_frame"":479,""source_window_frames"":240,""task_id"":""AU-01"",""thermal_crossover"":1,""tiny_size"":0,""visibility_event_count"":0},{""dynamic_background_clutter"":0,""event_center_frame"":684,""fast_motion"":0,""inactive_frames_in_window"":0,""medium_size"":1,""normal_size"":0,""occlusion"":0,""offset_steps"":1,""out_of_view"":0,""requested_window_mode"":""scale"",""scale_variation"":1,""selected_window_mode"":""scale"",""small_size"":1,""source_active_frames"":948,""source_end_frame"":803,""source_frames"":948,""source_inactive_frames"":0,""source_path"":""D:\\360Downloads\\123\\data\\Anti-UAV410\\annos\\test\\20190925_111757_1_8.txt"",""source_sha256"":""037fc717f8d6f58b14964f0d822f55218e238d35cd9b906a642c6c5bbbbb61a0"",""source_start_frame"":564,""source_window_frames"":240,""task_id"":""AU-02"",""thermal_crossover"":1,""tiny_size"":0,""visibility_event_count"":0},{""dynamic_background_clutter"":0,""event_center_frame"":787,""fast_motion"":1,""inactive_frames_in_window"":66,""medium_size"":1,""normal_size"":0,""occlusion"":0,""offset_steps"":2,""out_of_view"":1,""requested_window_mode"":""visibility"",""scale_variation"":1,""selected_window_mode"":""visibility"",""small_size"":1,""source_active_frames"":934,""source_end_frame"":906,""source_frames"":1000,""source_inactive_frames"":66,""source_path"":""D:\\360Downloads\\123\\data\\Anti-UAV410\\annos\\test\\20190926_102042_1_2.txt"",""source_sha256"":""0a9766d279e2989340a1fd2efb8bdee572db014a5ed579141af00b8aff76cab2"",""source_start_frame"":667,""source_window_frames"":240,""task_id"":""AU-03"",""thermal_crossover"":1,""tiny_size"":1,""visibility_event_count"":2},{""dynamic_background_clutter"":1,""event_center_frame"":933,""fast_motion"":1,""inactive_frames_in_window"":253,""medium_size"":0,""normal_size"":0,""occlusion"":1,""offset_steps"":3,""out_of_view"":1,""requested_window_mode"":""visibility"",""scale_variation"":0,""selected_window_mode"":""visibility"",""small_size"":1,""source_active_frames"":1195,""source_end_frame"":1089,""source_frames"":1500,""source_inactive_frames"":305,""source_path"":""D:\\360Downloads\\123\\data\\Anti-UAV410\\annos\\test\\3700000000002_153918_1.txt"",""source_sha256"":""f1959bdc0301e7398c10250f4cab28be829f00297cb2017431d6016f441288f0"",""source_start_frame"":777,""source_window_frames"":313,""task_id"":""AU-04"",""thermal_crossover"":1,""tiny_size"":1,""visibility_event_count"":5}]}",0,479.0,AU-03,0,0,1,3,{},0.0,0.0,0.5,0.0,0.35,1.0,0.0,0.0,0.5,0.0,0.35,1.0
anti_uav410,AU-L04-W04,public-trajectory-replay-v2,"{""event_window_version"":""anti-uav-event-window-v1"",""evidence_type"":""measured_image_plane_tracks_with_simulated_response_resources"",""fps"":null,""image_height"":512,""image_width"":640,""measured_dimensions"":[""apparent_size"",""image_plane_speed"",""visibility""],""motion_unit"":""normalized_image_diagonal_per_frame"",""protected_point"":[0.5,0.85],""source_files"":[""D:\\360Downloads\\123\\data\\Anti-UAV410\\annos\\test\\20190926_102042_1_1.txt"",""D:\\360Downloads\\123\\data\\Anti-UAV410\\annos\\test\\20190925_111757_1_8.txt"",""D:\\360Downloads\\123\\data\\Anti-UAV410\\annos\\test\\20190926_102042_1_2.txt"",""D:\\360Downloads\\123\\data\\Anti-UAV410\\annos\\test\\3700000000002_153918_1.txt""],""source_sha256"":[""80809a6345fd69e5532434ad92660f3d62169262ece892e0317496438b5a19d0"",""037fc717f8d6f58b14964f0d822f55218e238d35cd9b906a642c6c5bbbbb61a0"",""0a9766d279e2989340a1fd2efb8bdee572db014a5ed579141af00b8aff76cab2"",""f1959bdc0301e7398c10250f4cab28be829f00297cb2017431d6016f441288f0""],""synthetic_dimensions"":[""spatial_level"",""risk"",""response_window"",""multi_sequence_concurrency"",""resources""],""time_basis"":""frames"",""track_count"":4,""track_windows"":[{""dynamic_background_clutter"":0,""event_center_frame"":599,""fast_motion"":0,""inactive_frames_in_window"":0,""medium_size"":1,""normal_size"":1,""occlusion"":0,""offset_steps"":0,""out_of_view"":0,""requested_window_mode"":""motion"",""scale_variation"":0,""selected_window_mode"":""motion"",""small_size"":0,""source_active_frames"":1000,""source_end_frame"":718,""source_frames"":1000,""source_inactive_frames"":0,""source_path"":""D:\\360Downloads\\123\\data\\Anti-UAV410\\annos\\test\\20190926_102042_1_1.txt"",""source_sha256"":""80809a6345fd69e5532434ad92660f3d62169262ece892e0317496438b5a19d0"",""source_start_frame"":479,""source_window_frames"":240,""task_id"":""AU-01"",""thermal_crossover"":1,""tiny_size"":0,""visibility_event_count"":0},{""dynamic_background_clutter"":0,""event_center_frame"":684,""fast_motion"":0,""inactive_frames_in_window"":0,""medium_size"":1,""normal_size"":0,""occlusion"":0,""offset_steps"":1,""out_of_view"":0,""requested_window_mode"":""scale"",""scale_variation"":1,""selected_window_mode"":""scale"",""small_size"":1,""source_active_frames"":948,""source_end_frame"":803,""source_frames"":948,""source_inactive_frames"":0,""source_path"":""D:\\360Downloads\\123\\data\\Anti-UAV410\\annos\\test\\20190925_111757_1_8.txt"",""source_sha256"":""037fc717f8d6f58b14964f0d822f55218e238d35cd9b906a642c6c5bbbbb61a0"",""source_start_frame"":564,""source_window_frames"":240,""task_id"":""AU-02"",""thermal_crossover"":1,""tiny_size"":0,""visibility_event_count"":0},{""dynamic_background_clutter"":0,""event_center_frame"":787,""fast_motion"":1,""inactive_frames_in_window"":66,""medium_size"":1,""normal_size"":0,""occlusion"":0,""offset_steps"":2,""out_of_view"":1,""requested_window_mode"":""visibility"",""scale_variation"":1,""selected_window_mode"":""visibility"",""small_size"":1,""source_active_frames"":934,""source_end_frame"":906,""source_frames"":1000,""source_inactive_frames"":66,""source_path"":""D:\\360Downloads\\123\\data\\Anti-UAV410\\annos\\test\\20190926_102042_1_2.txt"",""source_sha256"":""0a9766d279e2989340a1fd2efb8bdee572db014a5ed579141af00b8aff76cab2"",""source_start_frame"":667,""source_window_frames"":240,""task_id"":""AU-03"",""thermal_crossover"":1,""tiny_size"":1,""visibility_event_count"":2},{""dynamic_background_clutter"":1,""event_center_frame"":933,""fast_motion"":1,""inactive_frames_in_window"":253,""medium_size"":0,""normal_size"":0,""occlusion"":1,""offset_steps"":3,""out_of_view"":1,""requested_window_mode"":""visibility"",""scale_variation"":0,""selected_window_mode"":""visibility"",""small_size"":1,""source_active_frames"":1195,""source_end_frame"":1089,""source_frames"":1500,""source_inactive_frames"":305,""source_path"":""D:\\360Downloads\\123\\data\\Anti-UAV410\\annos\\test\\3700000000002_153918_1.txt"",""source_sha256"":""f1959bdc0301e7398c10250f4cab28be829f00297cb2017431d6016f441288f0"",""source_start_frame"":777,""source_window_frames"":313,""task_id"":""AU-04"",""thermal_crossover"":1,""tiny_size"":1,""visibility_event_count"":5}]}",0,479.0,AU-04,0,0,1,3,{},0.0,0.0,0.5,0.0,0.35,1.0,0.0,0.0,0.5,0.0,0.35,1.0
anti_uav410,AU-L04-W04,public-trajectory-replay-v2,"{""event_window_version"":""anti-uav-event-window-v1"",""evidence_type"":""measured_image_plane_tracks_with_simulated_response_resources"",""fps"":null,""image_height"":512,""image_width"":640,""measured_dimensions"":[""apparent_size"",""image_plane_speed"",""visibility""],""motion_unit"":""normalized_image_diagonal_per_frame"",""protected_point"":[0.5,0.85],""source_files"":[""D:\\360Downloads\\123\\data\\Anti-UAV410\\annos\\test\\20190926_102042_1_1.txt"",""D:\\360Downloads\\123\\data\\Anti-UAV410\\annos\\test\\20190925_111757_1_8.txt"",""D:\\360Downloads\\123\\data\\Anti-UAV410\\annos\\test\\20190926_102042_1_2.txt"",""D:\\360Downloads\\123\\data\\Anti-UAV410\\annos\\test\\3700000000002_153918_1.txt""],""source_sha256"":[""80809a6345fd69e5532434ad92660f3d62169262ece892e0317496438b5a19d0"",""037fc717f8d6f58b14964f0d822f55218e238d35cd9b906a642c6c5bbbbb61a0"",""0a9766d279e2989340a1fd2efb8bdee572db014a5ed579141af00b8aff76cab2"",""f1959bdc0301e7398c10250f4cab28be829f00297cb2017431d6016f441288f0""],""synthetic_dimensions"":[""spatial_level"",""risk"",""response_window"",""multi_sequence_concurrency"",""resources""],""time_basis"":""frames"",""track_count"":4,""track_windows"":[{""dynamic_background_clutter"":0,""event_center_frame"":599,""fast_motion"":0,""inactive_frames_in_window"":0,""medium_size"":1,""normal_size"":1,""occlusion"":0,""offset_steps"":0,""out_of_view"":0,""requested_window_mode"":""motion"",""scale_variation"":0,""selected_window_mode"":""motion"",""small_size"":0,""source_active_frames"":1000,""source_end_frame"":718,""source_frames"":1000,""source_inactive_frames"":0,""source_path"":""D:\\360Downloads\\123\\data\\Anti-UAV410\\annos\\test\\20190926_102042_1_1.txt"",""source_sha256"":""80809a6345fd69e5532434ad92660f3d62169262ece892e0317496438b5a19d0"",""source_start_frame"":479,""source_window_frames"":240,""task_id"":""AU-01"",""thermal_crossover"":1,""tiny_size"":0,""visibility_event_count"":0},{""dynamic_background_clutter"":0,""event_center_frame"":684,""fast_motion"":0,""inactive_frames_in_window"":0,""medium_size"":1,""normal_size"":0,""occlusion"":0,""offset_steps"":1,""out_of_view"":0,""requested_window_mode"":""scale"",""scale_variation"":1,""selected_window_mode"":""scale"",""small_size"":1,""source_active_frames"":948,""source_end_frame"":803,""source_frames"":948,""source_inactive_frames"":0,""source_path"":""D:\\360Downloads\\123\\data\\Anti-UAV410\\annos\\test\\20190925_111757_1_8.txt"",""source_sha256"":""037fc717f8d6f58b14964f0d822f55218e238d35cd9b906a642c6c5bbbbb61a0"",""source_start_frame"":564,""source_window_frames"":240,""task_id"":""AU-02"",""thermal_crossover"":1,""tiny_size"":0,""visibility_event_count"":0},{""dynamic_background_clutter"":0,""event_center_frame"":787,""fast_motion"":1,""inactive_frames_in_window"":66,""medium_size"":1,""normal_size"":0,""occlusion"":0,""offset_steps"":2,""out_of_view"":1,""requested_window_mode"":""visibility"",""scale_variation"":1,""selected_window_mode"":""visibility"",""small_size"":1,""source_active_frames"":934,""source_end_frame"":906,""source_frames"":1000,""source_inactive_frames"":66,""source_path"":""D:\\360Downloads\\123\\data\\Anti-UAV410\\annos\\test\\20190926_102042_1_2.txt"",""source_sha256"":""0a9766d279e2989340a1fd2efb8bdee572db014a5ed579141af00b8aff76cab2"",""source_start_frame"":667,""source_window_frames"":240,""task_id"":""AU-03"",""thermal_crossover"":1,""tiny_size"":1,""visibility_event_count"":2},{""dynamic_background_clutter"":1,""event_center_frame"":933,""fast_motion"":1,""inactive_frames_in_window"":253,""medium_size"":0,""normal_size"":0,""occlusion"":1,""offset_steps"":3,""out_of_view"":1,""requested_window_mode"":""visibility"",""scale_variation"":0,""selected_window_mode"":""visibility"",""small_size"":1,""source_active_frames"":1195,""source_end_frame"":1089,""source_frames"":1500,""source_inactive_frames"":305,""source_path"":""D:\\360Downloads\\123\\data\\Anti-UAV410\\annos\\test\\3700000000002_153918_1.txt"",""source_sha256"":""f1959bdc0301e7398c10250f4cab28be829f00297cb2017431d6016f441288f0"",""source_start_frame"":777,""source_window_frames"":313,""task_id"":""AU-04"",""thermal_crossover"":1,""tiny_size"":1,""visibility_event_count"":5}]}",1,532.5,AU-01,1,1,1,3,{},0.6671191904921614,0.02092527169704509,0.5,0.6108653430366295,0.678622720315586,1.0,0.6671191904921614,0.02092527169704509,0.5,0.6108653430366295,0.678622720315586,1.0
anti_uav410,AU-L04-W04,public-trajectory-replay-v2,"{""event_window_version"":""anti-uav-event-window-v1"",""evidence_type"":""measured_image_plane_tracks_with_simulated_response_resources"",""fps"":null,""image_height"":512,""image_width"":640,""measured_dimensions"":[""apparent_size"",""image_plane_speed"",""visibility""],""motion_unit"":""normalized_image_diagonal_per_frame"",""protected_point"":[0.5,0.85],""source_files"":[""D:\\360Downloads\\123\\data\\Anti-UAV410\\annos\\test\\20190926_102042_1_1.txt"",""D:\\360Downloads\\123\\data\\Anti-UAV410\\annos\\test\\20190925_111757_1_8.txt"",""D:\\360Downloads\\123\\data\\Anti-UAV410\\annos\\test\\20190926_102042_1_2.txt"",""D:\\360Downloads\\123\\data\\Anti-UAV410\\annos\\test\\3700000000002_153918_1.txt""],""source_sha256"":[""80809a6345fd69e5532434ad92660f3d62169262ece892e0317496438b5a19d0"",""037fc717f8d6f58b14964f0d822f55218e238d35cd9b906a642c6c5bbbbb61a0"",""0a9766d279e2989340a1fd2efb8bdee572db014a5ed579141af00b8aff76cab2"",""f1959bdc0301e7398c10250f4cab28be829f00297cb2017431d6016f441288f0""],""synthetic_dimensions"":[""spatial_level"",""risk"",""response_window"",""multi_sequence_concurrency"",""resources""],""time_basis"":""frames"",""track_count"":4,""track_windows"":[{""dynamic_background_clutter"":0,""event_center_frame"":599,""fast_motion"":0,""inactive_frames_in_window"":0,""medium_size"":1,""normal_size"":1,""occlusion"":0,""offset_steps"":0,""out_of_view"":0,""requested_window_mode"":""motion"",""scale_variation"":0,""selected_window_mode"":""motion"",""small_size"":0,""source_active_frames"":1000,""source_end_frame"":718,""source_frames"":1000,""source_inactive_frames"":0,""source_path"":""D:\\360Downloads\\123\\data\\Anti-UAV410\\annos\\test\\20190926_102042_1_1.txt"",""source_sha256"":""80809a6345fd69e5532434ad92660f3d62169262ece892e0317496438b5a19d0"",""source_start_frame"":479,""source_window_frames"":240,""task_id"":""AU-01"",""thermal_crossover"":1,""tiny_size"":0,""visibility_event_count"":0},{""dynamic_background_clutter"":0,""event_center_frame"":684,""fast_motion"":0,""inactive_frames_in_window"":0,""medium_size"":1,""normal_size"":0,""occlusion"":0,""offset_steps"":1,""out_of_view"":0,""requested_window_mode"":""scale"",""scale_variation"":1,""selected_window_mode"":""scale"",""small_size"":1,""source_active_frames"":948,""source_end_frame"":803,""source_frames"":948,""source_inactive_frames"":0,""source_path"":""D:\\360Downloads\\123\\data\\Anti-UAV410\\annos\\test\\20190925_111757_1_8.txt"",""source_sha256"":""037fc717f8d6f58b14964f0d822f55218e238d35cd9b906a642c6c5bbbbb61a0"",""source_start_frame"":564,""source_window_frames"":240,""task_id"":""AU-02"",""thermal_crossover"":1,""tiny_size"":0,""visibility_event_count"":0},{""dynamic_background_clutter"":0,""event_center_frame"":787,""fast_motion"":1,""inactive_frames_in_window"":66,""medium_size"":1,""normal_size"":0,""occlusion"":0,""offset_steps"":2,""out_of_view"":1,""requested_window_mode"":""visibility"",""scale_variation"":1,""selected_window_mode"":""visibility"",""small_size"":1,""source_active_frames"":934,""source_end_frame"":906,""source_frames"":1000,""source_inactive_frames"":66,""source_path"":""D:\\360Downloads\\123\\data\\Anti-UAV410\\annos\\test\\20190926_102042_1_2.txt"",""source_sha256"":""0a9766d279e2989340a1fd2efb8bdee572db014a5ed579141af00b8aff76cab2"",""source_start_frame"":667,""source_window_frames"":240,""task_id"":""AU-03"",""thermal_crossover"":1,""tiny_size"":1,""visibility_event_count"":2},{""dynamic_background_clutter"":1,""event_center_frame"":933,""fast_motion"":1,""inactive_frames_in_window"":253,""medium_size"":0,""normal_size"":0,""occlusion"":1,""offset_steps"":3,""out_of_view"":1,""requested_window_mode"":""visibility"",""scale_variation"":0,""selected_window_mode"":""visibility"",""small_size"":1,""source_active_frames"":1195,""source_end_frame"":1089,""source_frames"":1500,""source_inactive_frames"":305,""source_path"":""D:\\360Downloads\\123\\data\\Anti-UAV410\\annos\\test\\3700000000002_153918_1.txt"",""source_sha256"":""f1959bdc0301e7398c10250f4cab28be829f00297cb2017431d6016f441288f0"",""source_start_frame"":777,""source_window_frames"":313,""task_id"":""AU-04"",""thermal_crossover"":1,""tiny_size"":1,""visibility_event_count"":5}]}",1,532.5,AU-02,1,1,1,3,{},0.35925467868024463,0.0,0.5,0.6108653430366295,0.6376846880189327,1.0,0.35925467868024463,0.0,0.5,0.6108653430366295,0.6376846880189327,1.0
anti_uav410,AU-L04-W04,public-trajectory-replay-v2,"{""event_window_version"":""anti-uav-event-window-v1"",""evidence_type"":""measured_image_plane_tracks_with_simulated_response_resources"",""fps"":null,""image_height"":512,""image_width"":640,""measured_dimensions"":[""apparent_size"",""image_plane_speed"",""visibility""],""motion_unit"":""normalized_image_diagonal_per_frame"",""protected_point"":[0.5,0.85],""source_files"":[""D:\\360Downloads\\123\\data\\Anti-UAV410\\annos\\test\\20190926_102042_1_1.txt"",""D:\\360Downloads\\123\\data\\Anti-UAV410\\annos\\test\\20190925_111757_1_8.txt"",""D:\\360Downloads\\123\\data\\Anti-UAV410\\annos\\test\\20190926_102042_1_2.txt"",""D:\\360Downloads\\123\\data\\Anti-UAV410\\annos\\test\\3700000000002_153918_1.txt""],""source_sha256"":[""80809a6345fd69e5532434ad92660f3d62169262ece892e0317496438b5a19d0"",""037fc717f8d6f58b14964f0d822f55218e238d35cd9b906a642c6c5bbbbb61a0"",""0a9766d279e2989340a1fd2efb8bdee572db014a5ed579141af00b8aff76cab2"",""f1959bdc0301e7398c10250f4cab28be829f00297cb2017431d6016f441288f0""],""synthetic_dimensions"":[""spatial_level"",""risk"",""response_window"",""multi_sequence_concurrency"",""resources""],""time_basis"":""frames"",""track_count"":4,""track_windows"":[{""dynamic_background_clutter"":0,""event_center_frame"":599,""fast_motion"":0,""inactive_frames_in_window"":0,""medium_size"":1,""normal_size"":1,""occlusion"":0,""offset_steps"":0,""out_of_view"":0,""requested_window_mode"":""motion"",""scale_variation"":0,""selected_window_mode"":""motion"",""small_size"":0,""source_active_frames"":1000,""source_end_frame"":718,""source_frames"":1000,""source_inactive_frames"":0,""source_path"":""D:\\360Downloads\\123\\data\\Anti-UAV410\\annos\\test\\20190926_102042_1_1.txt"",""source_sha256"":""80809a6345fd69e5532434ad92660f3d62169262ece892e0317496438b5a19d0"",""source_start_frame"":479,""source_window_frames"":240,""task_id"":""AU-01"",""thermal_crossover"":1,""tiny_size"":0,""visibility_event_count"":0},{""dynamic_background_clutter"":0,""event_center_frame"":684,""fast_motion"":0,""inactive_frames_in_window"":0,""medium_size"":1,""normal_size"":0,""occlusion"":0,""offset_steps"":1,""out_of_view"":0,""requested_window_mode"":""scale"",""scale_variation"":1,""selected_window_mode"":""scale"",""small_size"":1,""source_active_frames"":948,""source_end_frame"":803,""source_frames"":948,""source_inactive_frames"":0,""source_path"":""D:\\360Downloads\\123\\data\\Anti-UAV410\\annos\\test\\20190925_111757_1_8.txt"",""source_sha256"":""037fc717f8d6f58b14964f0d822f55218e238d35cd9b906a642c6c5bbbbb61a0"",""source_start_frame"":564,""source_window_frames"":240,""task_id"":""AU-02"",""thermal_crossover"":1,""tiny_size"":0,""visibility_event_count"":0},{""dynamic_background_clutter"":0,""event_center_frame"":787,""fast_motion"":1,""inactive_frames_in_window"":66,""medium_size"":1,""normal_size"":0,""occlusion"":0,""offset_steps"":2,""out_of_view"":1,""requested_window_mode"":""visibility"",""scale_variation"":1,""selected_window_mode"":""visibility"",""small_size"":1,""source_active_frames"":934,""source_end_frame"":906,""source_frames"":1000,""source_inactive_frames"":66,""source_path"":""D:\\360Downloads\\123\\data\\Anti-UAV410\\annos\\test\\20190926_102042_1_2.txt"",""source_sha256"":""0a9766d279e2989340a1fd2efb8bdee572db014a5ed579141af00b8aff76cab2"",""source_start_frame"":667,""source_window_frames"":240,""task_id"":""AU-03"",""thermal_crossover"":1,""tiny_size"":1,""visibility_event_count"":2},{""dynamic_background_clutter"":1,""event_center_frame"":933,""fast_motion"":1,""inactive_frames_in_window"":253,""medium_size"":0,""normal_size"":0,""occlusion"":1,""offset_steps"":3,""out_of_view"":1,""requested_window_mode"":""visibility"",""scale_variation"":0,""selected_window_mode"":""visibility"",""small_size"":1,""source_active_frames"":1195,""source_end_frame"":1089,""source_frames"":1500,""source_inactive_frames"":305,""source_path"":""D:\\360Downloads\\123\\data\\Anti-UAV410\\annos\\test\\3700000000002_153918_1.txt"",""source_sha256"":""f1959bdc0301e7398c10250f4cab28be829f00297cb2017431d6016f441288f0"",""source_start_frame"":777,""source_window_frames"":313,""task_id"":""AU-04"",""thermal_crossover"":1,""tiny_size"":1,""visibility_event_count"":5}]}",1,532.5,AU-03,0,0,1,3,{},0.0,0.0,0.5,0.0,0.35,1.0,0.0,0.0,0.5,0.0,0.35,1.0
anti_uav410,AU-L04-W04,public-trajectory-replay-v2,"{""event_window_version"":""anti-uav-event-window-v1"",""evidence_type"":""measured_image_plane_tracks_with_simulated_response_resources"",""fps"":null,""image_height"":512,""image_width"":640,""measured_dimensions"":[""apparent_size"",""image_plane_speed"",""visibility""],""motion_unit"":""normalized_image_diagonal_per_frame"",""protected_point"":[0.5,0.85],""source_files"":[""D:\\360Downloads\\123\\data\\Anti-UAV410\\annos\\test\\20190926_102042_1_1.txt"",""D:\\360Downloads\\123\\data\\Anti-UAV410\\annos\\test\\20190925_111757_1_8.txt"",""D:\\360Downloads\\123\\data\\Anti-UAV410\\annos\\test\\20190926_102042_1_2.txt"",""D:\\360Downloads\\123\\data\\Anti-UAV410\\annos\\test\\3700000000002_153918_1.txt""],""source_sha256"":[""80809a6345fd69e5532434ad92660f3d62169262ece892e0317496438b5a19d0"",""037fc717f8d6f58b14964f0d822f55218e238d35cd9b906a642c6c5bbbbb61a0"",""0a9766d279e2989340a1fd2efb8bdee572db014a5ed579141af00b8aff76cab2"",""f1959bdc0301e7398c10250f4cab28be829f00297cb2017431d6016f441288f0""],""synthetic_dimensions"":[""spatial_level"",""risk"",""response_window"",""multi_sequence_concurrency"",""resources""],""time_basis"":""frames"",""track_count"":4,""track_windows"":[{""dynamic_background_clutter"":0,""event_center_frame"":599,""fast_motion"":0,""inactive_frames_in_window"":0,""medium_size"":1,""normal_size"":1,""occlusion"":0,""offset_steps"":0,""out_of_view"":0,""requested_window_mode"":""motion"",""scale_variation"":0,""selected_window_mode"":""motion"",""small_size"":0,""source_active_frames"":1000,""source_end_frame"":718,""source_frames"":1000,""source_inactive_frames"":0,""source_path"":""D:\\360Downloads\\123\\data\\Anti-UAV410\\annos\\test\\20190926_102042_1_1.txt"",""source_sha256"":""80809a6345fd69e5532434ad92660f3d62169262ece892e0317496438b5a19d0"",""source_start_frame"":479,""source_window_frames"":240,""task_id"":""AU-01"",""thermal_crossover"":1,""tiny_size"":0,""visibility_event_count"":0},{""dynamic_background_clutter"":0,""event_center_frame"":684,""fast_motion"":0,""inactive_frames_in_window"":0,""medium_size"":1,""normal_size"":0,""occlusion"":0,""offset_steps"":1,""out_of_view"":0,""requested_window_mode"":""scale"",""scale_variation"":1,""selected_window_mode"":""scale"",""small_size"":1,""source_active_frames"":948,""source_end_frame"":803,""source_frames"":948,""source_inactive_frames"":0,""source_path"":""D:\\360Downloads\\123\\data\\Anti-UAV410\\annos\\test\\20190925_111757_1_8.txt"",""source_sha256"":""037fc717f8d6f58b14964f0d822f55218e238d35cd9b906a642c6c5bbbbb61a0"",""source_start_frame"":564,""source_window_frames"":240,""task_id"":""AU-02"",""thermal_crossover"":1,""tiny_size"":0,""visibility_event_count"":0},{""dynamic_background_clutter"":0,""event_center_frame"":787,""fast_motion"":1,""inactive_frames_in_window"":66,""medium_size"":1,""normal_size"":0,""occlusion"":0,""offset_steps"":2,""out_of_view"":1,""requested_window_mode"":""visibility"",""scale_variation"":1,""selected_window_mode"":""visibility"",""small_size"":1,""source_active_frames"":934,""source_end_frame"":906,""source_frames"":1000,""source_inactive_frames"":66,""source_path"":""D:\\360Downloads\\123\\data\\Anti-UAV410\\annos\\test\\20190926_102042_1_2.txt"",""source_sha256"":""0a9766d279e2989340a1fd2efb8bdee572db014a5ed579141af00b8aff76cab2"",""source_start_frame"":667,""source_window_frames"":240,""task_id"":""AU-03"",""thermal_crossover"":1,""tiny_size"":1,""visibility_event_count"":2},{""dynamic_background_clutter"":1,""event_center_frame"":933,""fast_motion"":1,""inactive_frames_in_window"":253,""medium_size"":0,""normal_size"":0,""occlusion"":1,""offset_steps"":3,""out_of_view"":1,""requested_window_mode"":""visibility"",""scale_variation"":0,""selected_window_mode"":""visibility"",""small_size"":1,""source_active_frames"":1195,""source_end_frame"":1089,""source_frames"":1500,""source_inactive_frames"":305,""source_path"":""D:\\360Downloads\\123\\data\\Anti-UAV410\\annos\\test\\3700000000002_153918_1.txt"",""source_sha256"":""f1959bdc0301e7398c10250f4cab28be829f00297cb2017431d6016f441288f0"",""source_start_frame"":777,""source_window_frames"":313,""task_id"":""AU-04"",""thermal_crossover"":1,""tiny_size"":1,""visibility_event_count"":5}]}",1,532.5,AU-04,0,0,1,3,{},0.0,0.0,0.5,0.0,0.35,1.0,0.0,0.0,0.5,0.0,0.35,1.0
anti_uav410,AU-L04-W04,public-trajectory-replay-v2,"{""event_window_version"":""anti-uav-event-window-v1"",""evidence_type"":""measured_image_plane_tracks_with_simulated_response_resources"",""fps"":null,""image_height"":512,""image_width"":640,""measured_dimensions"":[""apparent_size"",""image_plane_speed"",""visibility""],""motion_unit"":""normalized_image_diagonal_per_frame"",""protected_point"":[0.5,0.85],""source_files"":[""D:\\360Downloads\\123\\data\\Anti-UAV410\\annos\\test\\20190926_102042_1_1.txt"",""D:\\360Downloads\\123\\data\\Anti-UAV410\\annos\\test\\20190925_111757_1_8.txt"",""D:\\360Downloads\\123\\data\\Anti-UAV410\\annos\\test\\20190926_102042_1_2.txt"",""D:\\360Downloads\\123\\data\\Anti-UAV410\\annos\\test\\3700000000002_153918_1.txt""],""source_sha256"":[""80809a6345fd69e5532434ad92660f3d62169262ece892e0317496438b5a19d0"",""037fc717f8d6f58b14964f0d822f55218e238d35cd9b906a642c6c5bbbbb61a0"",""0a9766d279e2989340a1fd2efb8bdee572db014a5ed579141af00b8aff76cab2"",""f1959bdc0301e7398c10250f4cab28be829f00297cb2017431d6016f441288f0""],""synthetic_dimensions"":[""spatial_level"",""risk"",""response_window"",""multi_sequence_concurrency"",""resources""],""time_basis"":""frames"",""track_count"":4,""track_windows"":[{""dynamic_background_clutter"":0,""event_center_frame"":599,""fast_motion"":0,""inactive_frames_in_window"":0,""medium_size"":1,""normal_size"":1,""occlusion"":0,""offset_steps"":0,""out_of_view"":0,""requested_window_mode"":""motion"",""scale_variation"":0,""selected_window_mode"":""motion"",""small_size"":0,""source_active_frames"":1000,""source_end_frame"":718,""source_frames"":1000,""source_inactive_frames"":0,""source_path"":""D:\\360Downloads\\123\\data\\Anti-UAV410\\annos\\test\\20190926_102042_1_1.txt"",""source_sha256"":""80809a6345fd69e5532434ad92660f3d62169262ece892e0317496438b5a19d0"",""source_start_frame"":479,""source_window_frames"":240,""task_id"":""AU-01"",""thermal_crossover"":1,""tiny_size"":0,""visibility_event_count"":0},{""dynamic_background_clutter"":0,""event_center_frame"":684,""fast_motion"":0,""inactive_frames_in_window"":0,""medium_size"":1,""normal_size"":0,""occlusion"":0,""offset_steps"":1,""out_of_view"":0,""requested_window_mode"":""scale"",""scale_variation"":1,""selected_window_mode"":""scale"",""small_size"":1,""source_active_frames"":948,""source_end_frame"":803,""source_frames"":948,""source_inactive_frames"":0,""source_path"":""D:\\360Downloads\\123\\data\\Anti-UAV410\\annos\\test\\20190925_111757_1_8.txt"",""source_sha256"":""037fc717f8d6f58b14964f0d822f55218e238d35cd9b906a642c6c5bbbbb61a0"",""source_start_frame"":564,""source_window_frames"":240,""task_id"":""AU-02"",""thermal_crossover"":1,""tiny_size"":0,""visibility_event_count"":0},{""dynamic_background_clutter"":0,""event_center_frame"":787,""fast_motion"":1,""inactive_frames_in_window"":66,""medium_size"":1,""normal_size"":0,""occlusion"":0,""offset_steps"":2,""out_of_view"":1,""requested_window_mode"":""visibility"",""scale_variation"":1,""selected_window_mode"":""visibility"",""small_size"":1,""source_active_frames"":934,""source_end_frame"":906,""source_frames"":1000,""source_inactive_frames"":66,""source_path"":""D:\\360Downloads\\123\\data\\Anti-UAV410\\annos\\test\\20190926_102042_1_2.txt"",""source_sha256"":""0a9766d279e2989340a1fd2efb8bdee572db014a5ed579141af00b8aff76cab2"",""source_start_frame"":667,""source_window_frames"":240,""task_id"":""AU-03"",""thermal_crossover"":1,""tiny_size"":1,""visibility_event_count"":2},{""dynamic_background_clutter"":1,""event_center_frame"":933,""fast_motion"":1,""inactive_frames_in_window"":253,""medium_size"":0,""normal_size"":0,""occlusion"":1,""offset_steps"":3,""out_of_view"":1,""requested_window_mode"":""visibility"",""scale_variation"":0,""selected_window_mode"":""visibility"",""small_size"":1,""source_active_frames"":1195,""source_end_frame"":1089,""source_frames"":1500,""source_inactive_frames"":305,""source_path"":""D:\\360Downloads\\123\\data\\Anti-UAV410\\annos\\test\\3700000000002_153918_1.txt"",""source_sha256"":""f1959bdc0301e7398c10250f4cab28be829f00297cb2017431d6016f441288f0"",""source_start_frame"":777,""source_window_frames"":313,""task_id"":""AU-04"",""thermal_crossover"":1,""tiny_size"":1,""visibility_event_count"":5}]}",2,592.3333333333334,AU-01,1,1,1,3,{},0.684987418623054,0.03524808247679134,0.5,0.777420889146641,0.6895601965077216,1.0,0.684987418623054,0.03524808247679134,0.5,0.777420889146641,0.6895601965077216,1.0
anti_uav410,AU-L04-W04,public-trajectory-replay-v2,"{""event_window_version"":""anti-uav-event-window-v1"",""evidence_type"":""measured_image_plane_tracks_with_simulated_response_resources"",""fps"":null,""image_height"":512,""image_width"":640,""measured_dimensions"":[""apparent_size"",""image_plane_speed"",""visibility""],""motion_unit"":""normalized_image_diagonal_per_frame"",""protected_point"":[0.5,0.85],""source_files"":[""D:\\360Downloads\\123\\data\\Anti-UAV410\\annos\\test\\20190926_102042_1_1.txt"",""D:\\360Downloads\\123\\data\\Anti-UAV410\\annos\\test\\20190925_111757_1_8.txt"",""D:\\360Downloads\\123\\data\\Anti-UAV410\\annos\\test\\20190926_102042_1_2.txt"",""D:\\360Downloads\\123\\data\\Anti-UAV410\\annos\\test\\3700000000002_153918_1.txt""],""source_sha256"":[""80809a6345fd69e5532434ad92660f3d62169262ece892e0317496438b5a19d0"",""037fc717f8d6f58b14964f0d822f55218e238d35cd9b906a642c6c5bbbbb61a0"",""0a9766d279e2989340a1fd2efb8bdee572db014a5ed579141af00b8aff76cab2"",""f1959bdc0301e7398c10250f4cab28be829f00297cb2017431d6016f441288f0""],""synthetic_dimensions"":[""spatial_level"",""risk"",""response_window"",""multi_sequence_concurrency"",""resources""],""time_basis"":""frames"",""track_count"":4,""track_windows"":[{""dynamic_background_clutter"":0,""event_center_frame"":599,""fast_motion"":0,""inactive_frames_in_window"":0,""medium_size"":1,""normal_size"":1,""occlusion"":0,""offset_steps"":0,""out_of_view"":0,""requested_window_mode"":""motion"",""scale_variation"":0,""selected_window_mode"":""motion"",""small_size"":0,""source_active_frames"":1000,""source_end_frame"":718,""source_frames"":1000,""source_inactive_frames"":0,""source_path"":""D:\\360Downloads\\123\\data\\Anti-UAV410\\annos\\test\\20190926_102042_1_1.txt"",""source_sha256"":""80809a6345fd69e5532434ad92660f3d62169262ece892e0317496438b5a19d0"",""source_start_frame"":479,""source_window_frames"":240,""task_id"":""AU-01"",""thermal_crossover"":1,""tiny_size"":0,""visibility_event_count"":0},{""dynamic_background_clutter"":0,""event_center_frame"":684,""fast_motion"":0,""inactive_frames_in_window"":0,""medium_size"":1,""normal_size"":0,""occlusion"":0,""offset_steps"":1,""out_of_view"":0,""requested_window_mode"":""scale"",""scale_variation"":1,""selected_window_mode"":""scale"",""small_size"":1,""source_active_frames"":948,""source_end_frame"":803,""source_frames"":948,""source_inactive_frames"":0,""source_path"":""D:\\360Downloads\\123\\data\\Anti-UAV410\\annos\\test\\20190925_111757_1_8.txt"",""source_sha256"":""037fc717f8d6f58b14964f0d822f55218e238d35cd9b906a642c6c5bbbbb61a0"",""source_start_frame"":564,""source_window_frames"":240,""task_id"":""AU-02"",""thermal_crossover"":1,""tiny_size"":0,""visibility_event_count"":0},{""dynamic_background_clutter"":0,""event_center_frame"":787,""fast_motion"":1,""inactive_frames_in_window"":66,""medium_size"":1,""normal_size"":0,""occlusion"":0,""offset_steps"":2,""out_of_view"":1,""requested_window_mode"":""visibility"",""scale_variation"":1,""selected_window_mode"":""visibility"",""small_size"":1,""source_active_frames"":934,""source_end_frame"":906,""source_frames"":1000,""source_inactive_frames"":66,""source_path"":""D:\\360Downloads\\123\\data\\Anti-UAV410\\annos\\test\\20190926_102042_1_2.txt"",""source_sha256"":""0a9766d279e2989340a1fd2efb8bdee572db014a5ed579141af00b8aff76cab2"",""source_start_frame"":667,""source_window_frames"":240,""task_id"":""AU-03"",""thermal_crossover"":1,""tiny_size"":1,""visibility_event_count"":2},{""dynamic_background_clutter"":1,""event_center_frame"":933,""fast_motion"":1,""inactive_frames_in_window"":253,""medium_size"":0,""normal_size"":0,""occlusion"":1,""offset_steps"":3,""out_of_view"":1,""requested_window_mode"":""visibility"",""scale_variation"":0,""selected_window_mode"":""visibility"",""small_size"":1,""source_active_frames"":1195,""source_end_frame"":1089,""source_frames"":1500,""source_inactive_frames"":305,""source_path"":""D:\\360Downloads\\123\\data\\Anti-UAV410\\annos\\test\\3700000000002_153918_1.txt"",""source_sha256"":""f1959bdc0301e7398c10250f4cab28be829f00297cb2017431d6016f441288f0"",""source_start_frame"":777,""source_window_frames"":313,""task_id"":""AU-04"",""thermal_crossover"":1,""tiny_size"":1,""visibility_event_count"":5}]}",2,592.3333333333334,AU-02,1,1,1,3,{},0.37399496396731957,0.04366868192659401,0.5,0.6563301484238425,0.6548066341633318,1.0,0.37399496396731957,0.04366868192659401,0.5,0.6563301484238425,0.6548066341633318,1.0
anti_uav410,AU-L04-W04,public-trajectory-replay-v2,"{""event_window_version"":""anti-uav-event-window-v1"",""evidence_type"":""measured_image_plane_tracks_with_simulated_response_resources"",""fps"":null,""image_height"":512,""image_width"":640,""measured_dimensions"":[""apparent_size"",""image_plane_speed"",""visibility""],""motion_unit"":""normalized_image_diagonal_per_frame"",""protected_point"":[0.5,0.85],""source_files"":[""D:\\360Downloads\\123\\data\\Anti-UAV410\\annos\\test\\20190926_102042_1_1.txt"",""D:\\360Downloads\\123\\data\\Anti-UAV410\\annos\\test\\20190925_111757_1_8.txt"",""D:\\360Downloads\\123\\data\\Anti-UAV410\\annos\\test\\20190926_102042_1_2.txt"",""D:\\360Downloads\\123\\data\\Anti-UAV410\\annos\\test\\3700000000002_153918_1.txt""],""source_sha256"":[""80809a6345fd69e5532434ad92660f3d62169262ece892e0317496438b5a19d0"",""037fc717f8d6f58b14964f0d822f55218e238d35cd9b906a642c6c5bbbbb61a0"",""0a9766d279e2989340a1fd2efb8bdee572db014a5ed579141af00b8aff76cab2"",""f1959bdc0301e7398c10250f4cab28be829f00297cb2017431d6016f441288f0""],""synthetic_dimensions"":[""spatial_level"",""risk"",""response_window"",""multi_sequence_concurrency"",""resources""],""time_basis"":""frames"",""track_count"":4,""track_windows"":[{""dynamic_background_clutter"":0,""event_center_frame"":599,""fast_motion"":0,""inactive_frames_in_window"":0,""medium_size"":1,""normal_size"":1,""occlusion"":0,""offset_steps"":0,""out_of_view"":0,""requested_window_mode"":""motion"",""scale_variation"":0,""selected_window_mode"":""motion"",""small_size"":0,""source_active_frames"":1000,""source_end_frame"":718,""source_frames"":1000,""source_inactive_frames"":0,""source_path"":""D:\\360Downloads\\123\\data\\Anti-UAV410\\annos\\test\\20190926_102042_1_1.txt"",""source_sha256"":""80809a6345fd69e5532434ad92660f3d62169262ece892e0317496438b5a19d0"",""source_start_frame"":479,""source_window_frames"":240,""task_id"":""AU-01"",""thermal_crossover"":1,""tiny_size"":0,""visibility_event_count"":0},{""dynamic_background_clutter"":0,""event_center_frame"":684,""fast_motion"":0,""inactive_frames_in_window"":0,""medium_size"":1,""normal_size"":0,""occlusion"":0,""offset_steps"":1,""out_of_view"":0,""requested_window_mode"":""scale"",""scale_variation"":1,""selected_window_mode"":""scale"",""small_size"":1,""source_active_frames"":948,""source_end_frame"":803,""source_frames"":948,""source_inactive_frames"":0,""source_path"":""D:\\360Downloads\\123\\data\\Anti-UAV410\\annos\\test\\20190925_111757_1_8.txt"",""source_sha256"":""037fc717f8d6f58b14964f0d822f55218e238d35cd9b906a642c6c5bbbbb61a0"",""source_start_frame"":564,""source_window_frames"":240,""task_id"":""AU-02"",""thermal_crossover"":1,""tiny_size"":0,""visibility_event_count"":0},{""dynamic_background_clutter"":0,""event_center_frame"":787,""fast_motion"":1,""inactive_frames_in_window"":66,""medium_size"":1,""normal_size"":0,""occlusion"":0,""offset_steps"":2,""out_of_view"":1,""requested_window_mode"":""visibility"",""scale_variation"":1,""selected_window_mode"":""visibility"",""small_size"":1,""source_active_frames"":934,""source_end_frame"":906,""source_frames"":1000,""source_inactive_frames"":66,""source_path"":""D:\\360Downloads\\123\\data\\Anti-UAV410\\annos\\test\\20190926_102042_1_2.txt"",""source_sha256"":""0a9766d279e2989340a1fd2efb8bdee572db014a5ed579141af00b8aff76cab2"",""source_start_frame"":667,""source_window_frames"":240,""task_id"":""AU-03"",""thermal_crossover"":1,""tiny_size"":1,""visibility_event_count"":2},{""dynamic_background_clutter"":1,""event_center_frame"":933,""fast_motion"":1,""inactive_frames_in_window"":253,""medium_size"":0,""normal_size"":0,""occlusion"":1,""offset_steps"":3,""out_of_view"":1,""requested_window_mode"":""visibility"",""scale_variation"":0,""selected_window_mode"":""visibility"",""small_size"":1,""source_active_frames"":1195,""source_end_frame"":1089,""source_frames"":1500,""source_inactive_frames"":305,""source_path"":""D:\\360Downloads\\123\\data\\Anti-UAV410\\annos\\test\\3700000000002_153918_1.txt"",""source_sha256"":""f1959bdc0301e7398c10250f4cab28be829f00297cb2017431d6016f441288f0"",""source_start_frame"":777,""source_window_frames"":313,""task_id"":""AU-04"",""thermal_crossover"":1,""tiny_size"":1,""visibility_event_count"":5}]}",2,592.3333333333334,AU-03,1,1,1,3,{},0.6046281126629789,0.0,0.5,0.7363530751777384,0.6813855162019166,1.0,0.6046281126629789,0.0,0.5,0.7363530751777384,0.6813855162019166,1.0
anti_uav410,AU-L04-W04,public-trajectory-replay-v2,"{""event_window_version"":""anti-uav-event-window-v1"",""evidence_type"":""measured_image_plane_tracks_with_simulated_response_resources"",""fps"":null,""image_height"":512,""image_width"":640,""measured_dimensions"":[""apparent_size"",""image_plane_speed"",""visibility""],""motion_unit"":""normalized_image_diagonal_per_frame"",""protected_point"":[0.5,0.85],""source_files"":[""D:\\360Downloads\\123\\data\\Anti-UAV410\\annos\\test\\20190926_102042_1_1.txt"",""D:\\360Downloads\\123\\data\\Anti-UAV410\\annos\\test\\20190925_111757_1_8.txt"",""D:\\360Downloads\\123\\data\\Anti-UAV410\\annos\\test\\20190926_102042_1_2.txt"",""D:\\360Downloads\\123\\data\\Anti-UAV410\\annos\\test\\3700000000002_153918_1.txt""],""source_sha256"":[""80809a6345fd69e5532434ad92660f3d62169262ece892e0317496438b5a19d0"",""037fc717f8d6f58b14964f0d822f55218e238d35cd9b906a642c6c5bbbbb61a0"",""0a9766d279e2989340a1fd2efb8bdee572db014a5ed579141af00b8aff76cab2"",""f1959bdc0301e7398c10250f4cab28be829f00297cb2017431d6016f441288f0""],""synthetic_dimensions"":[""spatial_level"",""risk"",""response_window"",""multi_sequence_concurrency"",""resources""],""time_basis"":""frames"",""track_count"":4,""track_windows"":[{""dynamic_background_clutter"":0,""event_center_frame"":599,""fast_motion"":0,""inactive_frames_in_window"":0,""medium_size"":1,""normal_size"":1,""occlusion"":0,""offset_steps"":0,""out_of_view"":0,""requested_window_mode"":""motion"",""scale_variation"":0,""selected_window_mode"":""motion"",""small_size"":0,""source_active_frames"":1000,""source_end_frame"":718,""source_frames"":1000,""source_inactive_frames"":0,""source_path"":""D:\\360Downloads\\123\\data\\Anti-UAV410\\annos\\test\\20190926_102042_1_1.txt"",""source_sha256"":""80809a6345fd69e5532434ad92660f3d62169262ece892e0317496438b5a19d0"",""source_start_frame"":479,""source_window_frames"":240,""task_id"":""AU-01"",""thermal_crossover"":1,""tiny_size"":0,""visibility_event_count"":0},{""dynamic_background_clutter"":0,""event_center_frame"":684,""fast_motion"":0,""inactive_frames_in_window"":0,""medium_size"":1,""normal_size"":0,""occlusion"":0,""offset_steps"":1,""out_of_view"":0,""requested_window_mode"":""scale"",""scale_variation"":1,""selected_window_mode"":""scale"",""small_size"":1,""source_active_frames"":948,""source_end_frame"":803,""source_frames"":948,""source_inactive_frames"":0,""source_path"":""D:\\360Downloads\\123\\data\\Anti-UAV410\\annos\\test\\20190925_111757_1_8.txt"",""source_sha256"":""037fc717f8d6f58b14964f0d822f55218e238d35cd9b906a642c6c5bbbbb61a0"",""source_start_frame"":564,""source_window_frames"":240,""task_id"":""AU-02"",""thermal_crossover"":1,""tiny_size"":0,""visibility_event_count"":0},{""dynamic_background_clutter"":0,""event_center_frame"":787,""fast_motion"":1,""inactive_frames_in_window"":66,""medium_size"":1,""normal_size"":0,""occlusion"":0,""offset_steps"":2,""out_of_view"":1,""requested_window_mode"":""visibility"",""scale_variation"":1,""selected_window_mode"":""visibility"",""small_size"":1,""source_active_frames"":934,""source_end_frame"":906,""source_frames"":1000,""source_inactive_frames"":66,""source_path"":""D:\\360Downloads\\123\\data\\Anti-UAV410\\annos\\test\\20190926_102042_1_2.txt"",""source_sha256"":""0a9766d279e2989340a1fd2efb8bdee572db014a5ed579141af00b8aff76cab2"",""source_start_frame"":667,""source_window_frames"":240,""task_id"":""AU-03"",""thermal_crossover"":1,""tiny_size"":1,""visibility_event_count"":2},{""dynamic_background_clutter"":1,""event_center_frame"":933,""fast_motion"":1,""inactive_frames_in_window"":253,""medium_size"":0,""normal_size"":0,""occlusion"":1,""offset_steps"":3,""out_of_view"":1,""requested_window_mode"":""visibility"",""scale_variation"":0,""selected_window_mode"":""visibility"",""small_size"":1,""source_active_frames"":1195,""source_end_frame"":1089,""source_frames"":1500,""source_inactive_frames"":305,""source_path"":""D:\\360Downloads\\123\\data\\Anti-UAV410\\annos\\test\\3700000000002_153918_1.txt"",""source_sha256"":""f1959bdc0301e7398c10250f4cab28be829f00297cb2017431d6016f441288f0"",""source_start_frame"":777,""source_window_frames"":313,""task_id"":""AU-04"",""thermal_crossover"":1,""tiny_size"":1,""visibility_event_count"":5}]}",2,592.3333333333334,AU-04,0,0,1,3,{},0.0,0.0,0.5,0.0,0.35,1.0,0.0,0.0,0.5,0.0,0.35,1.0
anti_uav410,AU-L04-W04,public-trajectory-replay-v2,"{""event_window_version"":""anti-uav-event-window-v1"",""evidence_type"":""measured_image_plane_tracks_with_simulated_response_resources"",""fps"":null,""image_height"":512,""image_width"":640,""measured_dimensions"":[""apparent_size"",""image_plane_speed"",""visibility""],""motion_unit"":""normalized_image_diagonal_per_frame"",""protected_point"":[0.5,0.85],""source_files"":[""D:\\360Downloads\\123\\data\\Anti-UAV410\\annos\\test\\20190926_102042_1_1.txt"",""D:\\360Downloads\\123\\data\\Anti-UAV410\\annos\\test\\20190925_111757_1_8.txt"",""D:\\360Downloads\\123\\data\\Anti-UAV410\\annos\\test\\20190926_102042_1_2.txt"",""D:\\360Downloads\\123\\data\\Anti-UAV410\\annos\\test\\3700000000002_153918_1.txt""],""source_sha256"":[""80809a6345fd69e5532434ad92660f3d62169262ece892e0317496438b5a19d0"",""037fc717f8d6f58b14964f0d822f55218e238d35cd9b906a642c6c5bbbbb61a0"",""0a9766d279e2989340a1fd2efb8bdee572db014a5ed579141af00b8aff76cab2"",""f1959bdc0301e7398c10250f4cab28be829f00297cb2017431d6016f441288f0""],""synthetic_dimensions"":[""spatial_level"",""risk"",""response_window"",""multi_sequence_concurrency"",""resources""],""time_basis"":""frames"",""track_count"":4,""track_windows"":[{""dynamic_background_clutter"":0,""event_center_frame"":599,""fast_motion"":0,""inactive_frames_in_window"":0,""medium_size"":1,""normal_size"":1,""occlusion"":0,""offset_steps"":0,""out_of_view"":0,""requested_window_mode"":""motion"",""scale_variation"":0,""selected_window_mode"":""motion"",""small_size"":0,""source_active_frames"":1000,""source_end_frame"":718,""source_frames"":1000,""source_inactive_frames"":0,""source_path"":""D:\\360Downloads\\123\\data\\Anti-UAV410\\annos\\test\\20190926_102042_1_1.txt"",""source_sha256"":""80809a6345fd69e5532434ad92660f3d62169262ece892e0317496438b5a19d0"",""source_start_frame"":479,""source_window_frames"":240,""task_id"":""AU-01"",""thermal_crossover"":1,""tiny_size"":0,""visibility_event_count"":0},{""dynamic_background_clutter"":0,""event_center_frame"":684,""fast_motion"":0,""inactive_frames_in_window"":0,""medium_size"":1,""normal_size"":0,""occlusion"":0,""offset_steps"":1,""out_of_view"":0,""requested_window_mode"":""scale"",""scale_variation"":1,""selected_window_mode"":""scale"",""small_size"":1,""source_active_frames"":948,""source_end_frame"":803,""source_frames"":948,""source_inactive_frames"":0,""source_path"":""D:\\360Downloads\\123\\data\\Anti-UAV410\\annos\\test\\20190925_111757_1_8.txt"",""source_sha256"":""037fc717f8d6f58b14964f0d822f55218e238d35cd9b906a642c6c5bbbbb61a0"",""source_start_frame"":564,""source_window_frames"":240,""task_id"":""AU-02"",""thermal_crossover"":1,""tiny_size"":0,""visibility_event_count"":0},{""dynamic_background_clutter"":0,""event_center_frame"":787,""fast_motion"":1,""inactive_frames_in_window"":66,""medium_size"":1,""normal_size"":0,""occlusion"":0,""offset_steps"":2,""out_of_view"":1,""requested_window_mode"":""visibility"",""scale_variation"":1,""selected_window_mode"":""visibility"",""small_size"":1,""source_active_frames"":934,""source_end_frame"":906,""source_frames"":1000,""source_inactive_frames"":66,""source_path"":""D:\\360Downloads\\123\\data\\Anti-UAV410\\annos\\test\\20190926_102042_1_2.txt"",""source_sha256"":""0a9766d279e2989340a1fd2efb8bdee572db014a5ed579141af00b8aff76cab2"",""source_start_frame"":667,""source_window_frames"":240,""task_id"":""AU-03"",""thermal_crossover"":1,""tiny_size"":1,""visibility_event_count"":2},{""dynamic_background_clutter"":1,""event_center_frame"":933,""fast_motion"":1,""inactive_frames_in_window"":253,""medium_size"":0,""normal_size"":0,""occlusion"":1,""offset_steps"":3,""out_of_view"":1,""requested_window_mode"":""visibility"",""scale_variation"":0,""selected_window_mode"":""visibility"",""small_size"":1,""source_active_frames"":1195,""source_end_frame"":1089,""source_frames"":1500,""source_inactive_frames"":305,""source_path"":""D:\\360Downloads\\123\\data\\Anti-UAV410\\annos\\test\\3700000000002_153918_1.txt"",""source_sha256"":""f1959bdc0301e7398c10250f4cab28be829f00297cb2017431d6016f441288f0"",""source_start_frame"":777,""source_window_frames"":313,""task_id"":""AU-04"",""thermal_crossover"":1,""tiny_size"":1,""visibility_event_count"":5}]}",3,672.0,AU-01,1,1,1,3,{},0.7017975509485347,0.013474220123246424,0.5,0.2560597610746494,0.635611875137508,1.0,0.7017975509485347,0.013474220123246424,0.5,0.2560597610746494,0.635611875137508,1.0
anti_uav410,AU-L04-W04,public-trajectory-replay-v2,"{""event_window_version"":""anti-uav-event-window-v1"",""evidence_type"":""measured_image_plane_tracks_with_simulated_response_resources"",""fps"":null,""image_height"":512,""image_width"":640,""measured_dimensions"":[""apparent_size"",""image_plane_speed"",""visibility""],""motion_unit"":""normalized_image_diagonal_per_frame"",""protected_point"":[0.5,0.85],""source_files"":[""D:\\360Downloads\\123\\data\\Anti-UAV410\\annos\\test\\20190926_102042_1_1.txt"",""D:\\360Downloads\\123\\data\\Anti-UAV410\\annos\\test\\20190925_111757_1_8.txt"",""D:\\360Downloads\\123\\data\\Anti-UAV410\\annos\\test\\20190926_102042_1_2.txt"",""D:\\360Downloads\\123\\data\\Anti-UAV410\\annos\\test\\3700000000002_153918_1.txt""],""source_sha256"":[""80809a6345fd69e5532434ad92660f3d62169262ece892e0317496438b5a19d0"",""037fc717f8d6f58b14964f0d822f55218e238d35cd9b906a642c6c5bbbbb61a0"",""0a9766d279e2989340a1fd2efb8bdee572db014a5ed579141af00b8aff76cab2"",""f1959bdc0301e7398c10250f4cab28be829f00297cb2017431d6016f441288f0""],""synthetic_dimensions"":[""spatial_level"",""risk"",""response_window"",""multi_sequence_concurrency"",""resources""],""time_basis"":""frames"",""track_count"":4,""track_windows"":[{""dynamic_background_clutter"":0,""event_center_frame"":599,""fast_motion"":0,""inactive_frames_in_window"":0,""medium_size"":1,""normal_size"":1,""occlusion"":0,""offset_steps"":0,""out_of_view"":0,""requested_window_mode"":""motion"",""scale_variation"":0,""selected_window_mode"":""motion"",""small_size"":0,""source_active_frames"":1000,""source_end_frame"":718,""source_frames"":1000,""source_inactive_frames"":0,""source_path"":""D:\\360Downloads\\123\\data\\Anti-UAV410\\annos\\test\\20190926_102042_1_1.txt"",""source_sha256"":""80809a6345fd69e5532434ad92660f3d62169262ece892e0317496438b5a19d0"",""source_start_frame"":479,""source_window_frames"":240,""task_id"":""AU-01"",""thermal_crossover"":1,""tiny_size"":0,""visibility_event_count"":0},{""dynamic_background_clutter"":0,""event_center_frame"":684,""fast_motion"":0,""inactive_frames_in_window"":0,""medium_size"":1,""normal_size"":0,""occlusion"":0,""offset_steps"":1,""out_of_view"":0,""requested_window_mode"":""scale"",""scale_variation"":1,""selected_window_mode"":""scale"",""small_size"":1,""source_active_frames"":948,""source_end_frame"":803,""source_frames"":948,""source_inactive_frames"":0,""source_path"":""D:\\360Downloads\\123\\data\\Anti-UAV410\\annos\\test\\20190925_111757_1_8.txt"",""source_sha256"":""037fc717f8d6f58b14964f0d822f55218e238d35cd9b906a642c6c5bbbbb61a0"",""source_start_frame"":564,""source_window_frames"":240,""task_id"":""AU-02"",""thermal_crossover"":1,""tiny_size"":0,""visibility_event_count"":0},{""dynamic_background_clutter"":0,""event_center_frame"":787,""fast_motion"":1,""inactive_frames_in_window"":66,""medium_size"":1,""normal_size"":0,""occlusion"":0,""offset_steps"":2,""out_of_view"":1,""requested_window_mode"":""visibility"",""scale_variation"":1,""selected_window_mode"":""visibility"",""small_size"":1,""source_active_frames"":934,""source_end_frame"":906,""source_frames"":1000,""source_inactive_frames"":66,""source_path"":""D:\\360Downloads\\123\\data\\Anti-UAV410\\annos\\test\\20190926_102042_1_2.txt"",""source_sha256"":""0a9766d279e2989340a1fd2efb8bdee572db014a5ed579141af00b8aff76cab2"",""source_start_frame"":667,""source_window_frames"":240,""task_id"":""AU-03"",""thermal_crossover"":1,""tiny_size"":1,""visibility_event_count"":2},{""dynamic_background_clutter"":1,""event_center_frame"":933,""fast_motion"":1,""inactive_frames_in_window"":253,""medium_size"":0,""normal_size"":0,""occlusion"":1,""offset_steps"":3,""out_of_view"":1,""requested_window_mode"":""visibility"",""scale_variation"":0,""selected_window_mode"":""visibility"",""small_size"":1,""source_active_frames"":1195,""source_end_frame"":1089,""source_frames"":1500,""source_inactive_frames"":305,""source_path"":""D:\\360Downloads\\123\\data\\Anti-UAV410\\annos\\test\\3700000000002_153918_1.txt"",""source_sha256"":""f1959bdc0301e7398c10250f4cab28be829f00297cb2017431d6016f441288f0"",""source_start_frame"":777,""source_window_frames"":313,""task_id"":""AU-04"",""thermal_crossover"":1,""tiny_size"":1,""visibility_event_count"":5}]}",3,672.0,AU-02,1,1,1,3,{},0.3714362454582269,0.03177363319673794,0.5,0.2560597610746494,0.6208592337654648,1.0,0.3714362454582269,0.03177363319673794,0.5,0.2560597610746494,0.6208592337654648,1.0
anti_uav410,AU-L04-W04,public-trajectory-replay-v2,"{""event_window_version"":""anti-uav-event-window-v1"",""evidence_type"":""measured_image_plane_tracks_with_simulated_response_resources"",""fps"":null,""image_height"":512,""image_width"":640,""measured_dimensions"":[""apparent_size"",""image_plane_speed"",""visibility""],""motion_unit"":""normalized_image_diagonal_per_frame"",""protected_point"":[0.5,0.85],""source_files"":[""D:\\360Downloads\\123\\data\\Anti-UAV410\\annos\\test\\20190926_102042_1_1.txt"",""D:\\360Downloads\\123\\data\\Anti-UAV410\\annos\\test\\20190925_111757_1_8.txt"",""D:\\360Downloads\\123\\data\\Anti-UAV410\\annos\\test\\20190926_102042_1_2.txt"",""D:\\360Downloads\\123\\data\\Anti-UAV410\\annos\\test\\3700000000002_153918_1.txt""],""source_sha256"":[""80809a6345fd69e5532434ad92660f3d62169262ece892e0317496438b5a19d0"",""037fc717f8d6f58b14964f0d822f55218e238d35cd9b906a642c6c5bbbbb61a0"",""0a9766d279e2989340a1fd2efb8bdee572db014a5ed579141af00b8aff76cab2"",""f1959bdc0301e7398c10250f4cab28be829f00297cb2017431d6016f441288f0""],""synthetic_dimensions"":[""spatial_level"",""risk"",""response_window"",""multi_sequence_concurrency"",""resources""],""time_basis"":""frames"",""track_count"":4,""track_windows"":[{""dynamic_background_clutter"":0,""event_center_frame"":599,""fast_motion"":0,""inactive_frames_in_window"":0,""medium_size"":1,""normal_size"":1,""occlusion"":0,""offset_steps"":0,""out_of_view"":0,""requested_window_mode"":""motion"",""scale_variation"":0,""selected_window_mode"":""motion"",""small_size"":0,""source_active_frames"":1000,""source_end_frame"":718,""source_frames"":1000,""source_inactive_frames"":0,""source_path"":""D:\\360Downloads\\123\\data\\Anti-UAV410\\annos\\test\\20190926_102042_1_1.txt"",""source_sha256"":""80809a6345fd69e5532434ad92660f3d62169262ece892e0317496438b5a19d0"",""source_start_frame"":479,""source_window_frames"":240,""task_id"":""AU-01"",""thermal_crossover"":1,""tiny_size"":0,""visibility_event_count"":0},{""dynamic_background_clutter"":0,""event_center_frame"":684,""fast_motion"":0,""inactive_frames_in_window"":0,""medium_size"":1,""normal_size"":0,""occlusion"":0,""offset_steps"":1,""out_of_view"":0,""requested_window_mode"":""scale"",""scale_variation"":1,""selected_window_mode"":""scale"",""small_size"":1,""source_active_frames"":948,""source_end_frame"":803,""source_frames"":948,""source_inactive_frames"":0,""source_path"":""D:\\360Downloads\\123\\data\\Anti-UAV410\\annos\\test\\20190925_111757_1_8.txt"",""source_sha256"":""037fc717f8d6f58b14964f0d822f55218e238d35cd9b906a642c6c5bbbbb61a0"",""source_start_frame"":564,""source_window_frames"":240,""task_id"":""AU-02"",""thermal_crossover"":1,""tiny_size"":0,""visibility_event_count"":0},{""dynamic_background_clutter"":0,""event_center_frame"":787,""fast_motion"":1,""inactive_frames_in_window"":66,""medium_size"":1,""normal_size"":0,""occlusion"":0,""offset_steps"":2,""out_of_view"":1,""requested_window_mode"":""visibility"",""scale_variation"":1,""selected_window_mode"":""visibility"",""small_size"":1,""source_active_frames"":934,""source_end_frame"":906,""source_frames"":1000,""source_inactive_frames"":66,""source_path"":""D:\\360Downloads\\123\\data\\Anti-UAV410\\annos\\test\\20190926_102042_1_2.txt"",""source_sha256"":""0a9766d279e2989340a1fd2efb8bdee572db014a5ed579141af00b8aff76cab2"",""source_start_frame"":667,""source_window_frames"":240,""task_id"":""AU-03"",""thermal_crossover"":1,""tiny_size"":1,""visibility_event_count"":2},{""dynamic_background_clutter"":1,""event_center_frame"":933,""fast_motion"":1,""inactive_frames_in_window"":253,""medium_size"":0,""normal_size"":0,""occlusion"":1,""offset_steps"":3,""out_of_view"":1,""requested_window_mode"":""visibility"",""scale_variation"":0,""selected_window_mode"":""visibility"",""small_size"":1,""source_active_frames"":1195,""source_end_frame"":1089,""source_frames"":1500,""source_inactive_frames"":305,""source_path"":""D:\\360Downloads\\123\\data\\Anti-UAV410\\annos\\test\\3700000000002_153918_1.txt"",""source_sha256"":""f1959bdc0301e7398c10250f4cab28be829f00297cb2017431d6016f441288f0"",""source_start_frame"":777,""source_window_frames"":313,""task_id"":""AU-04"",""thermal_crossover"":1,""tiny_size"":1,""visibility_event_count"":5}]}",3,672.0,AU-03,1,1,1,3,{},0.3015243796070159,0.25305476313525327,0.5,0.0,0.6668121239103534,0.5261570401351021,0.3015243796070159,0.25305476313525327,0.5,0.0,0.6668121239103534,0.5261570401351021
anti_uav410,AU-L04-W04,public-trajectory-replay-v2,"{""event_window_version"":""anti-uav-event-window-v1"",""evidence_type"":""measured_image_plane_tracks_with_simulated_response_resources"",""fps"":null,""image_height"":512,""image_width"":640,""measured_dimensions"":[""apparent_size"",""image_plane_speed"",""visibility""],""motion_unit"":""normalized_image_diagonal_per_frame"",""protected_point"":[0.5,0.85],""source_files"":[""D:\\360Downloads\\123\\data\\Anti-UAV410\\annos\\test\\20190926_102042_1_1.txt"",""D:\\360Downloads\\123\\data\\Anti-UAV410\\annos\\test\\20190925_111757_1_8.txt"",""D:\\360Downloads\\123\\data\\Anti-UAV410\\annos\\test\\20190926_102042_1_2.txt"",""D:\\360Downloads\\123\\data\\Anti-UAV410\\annos\\test\\3700000000002_153918_1.txt""],""source_sha256"":[""80809a6345fd69e5532434ad92660f3d62169262ece892e0317496438b5a19d0"",""037fc717f8d6f58b14964f0d822f55218e238d35cd9b906a642c6c5bbbbb61a0"",""0a9766d279e2989340a1fd2efb8bdee572db014a5ed579141af00b8aff76cab2"",""f1959bdc0301e7398c10250f4cab28be829f00297cb2017431d6016f441288f0""],""synthetic_dimensions"":[""spatial_level"",""risk"",""response_window"",""multi_sequence_concurrency"",""resources""],""time_basis"":""frames"",""track_count"":4,""track_windows"":[{""dynamic_background_clutter"":0,""event_center_frame"":599,""fast_motion"":0,""inactive_frames_in_window"":0,""medium_size"":1,""normal_size"":1,""occlusion"":0,""offset_steps"":0,""out_of_view"":0,""requested_window_mode"":""motion"",""scale_variation"":0,""selected_window_mode"":""motion"",""small_size"":0,""source_active_frames"":1000,""source_end_frame"":718,""source_frames"":1000,""source_inactive_frames"":0,""source_path"":""D:\\360Downloads\\123\\data\\Anti-UAV410\\annos\\test\\20190926_102042_1_1.txt"",""source_sha256"":""80809a6345fd69e5532434ad92660f3d62169262ece892e0317496438b5a19d0"",""source_start_frame"":479,""source_window_frames"":240,""task_id"":""AU-01"",""thermal_crossover"":1,""tiny_size"":0,""visibility_event_count"":0},{""dynamic_background_clutter"":0,""event_center_frame"":684,""fast_motion"":0,""inactive_frames_in_window"":0,""medium_size"":1,""normal_size"":0,""occlusion"":0,""offset_steps"":1,""out_of_view"":0,""requested_window_mode"":""scale"",""scale_variation"":1,""selected_window_mode"":""scale"",""small_size"":1,""source_active_frames"":948,""source_end_frame"":803,""source_frames"":948,""source_inactive_frames"":0,""source_path"":""D:\\360Downloads\\123\\data\\Anti-UAV410\\annos\\test\\20190925_111757_1_8.txt"",""source_sha256"":""037fc717f8d6f58b14964f0d822f55218e238d35cd9b906a642c6c5bbbbb61a0"",""source_start_frame"":564,""source_window_frames"":240,""task_id"":""AU-02"",""thermal_crossover"":1,""tiny_size"":0,""visibility_event_count"":0},{""dynamic_background_clutter"":0,""event_center_frame"":787,""fast_motion"":1,""inactive_frames_in_window"":66,""medium_size"":1,""normal_size"":0,""occlusion"":0,""offset_steps"":2,""out_of_view"":1,""requested_window_mode"":""visibility"",""scale_variation"":1,""selected_window_mode"":""visibility"",""small_size"":1,""source_active_frames"":934,""source_end_frame"":906,""source_frames"":1000,""source_inactive_frames"":66,""source_path"":""D:\\360Downloads\\123\\data\\Anti-UAV410\\annos\\test\\20190926_102042_1_2.txt"",""source_sha256"":""0a9766d279e2989340a1fd2efb8bdee572db014a5ed579141af00b8aff76cab2"",""source_start_frame"":667,""source_window_frames"":240,""task_id"":""AU-03"",""thermal_crossover"":1,""tiny_size"":1,""visibility_event_count"":2},{""dynamic_background_clutter"":1,""event_center_frame"":933,""fast_motion"":1,""inactive_frames_in_window"":253,""medium_size"":0,""normal_size"":0,""occlusion"":1,""offset_steps"":3,""out_of_view"":1,""requested_window_mode"":""visibility"",""scale_variation"":0,""selected_window_mode"":""visibility"",""small_size"":1,""source_active_frames"":1195,""source_end_frame"":1089,""source_frames"":1500,""source_inactive_frames"":305,""source_path"":""D:\\360Downloads\\123\\data\\Anti-UAV410\\annos\\test\\3700000000002_153918_1.txt"",""source_sha256"":""f1959bdc0301e7398c10250f4cab28be829f00297cb2017431d6016f441288f0"",""source_start_frame"":777,""source_window_frames"":313,""task_id"":""AU-04"",""thermal_crossover"":1,""tiny_size"":1,""visibility_event_count"":5}]}",3,672.0,AU-04,1,1,1,3,{},0.22552744890219756,0.0,0.5,0.0,0.5620671004362505,1.0,0.22552744890219756,0.0,0.5,0.0,0.5620671004362505,1.0
anti_uav410,AU-L04-W04,public-trajectory-replay-v2,"{""event_window_version"":""anti-uav-event-window-v1"",""evidence_type"":""measured_image_plane_tracks_with_simulated_response_resources"",""fps"":null,""image_height"":512,""image_width"":640,""measured_dimensions"":[""apparent_size"",""image_plane_speed"",""visibility""],""motion_unit"":""normalized_image_diagonal_per_frame"",""protected_point"":[0.5,0.85],""source_files"":[""D:\\360Downloads\\123\\data\\Anti-UAV410\\annos\\test\\20190926_102042_1_1.txt"",""D:\\360Downloads\\123\\data\\Anti-UAV410\\annos\\test\\20190925_111757_1_8.txt"",""D:\\360Downloads\\123\\data\\Anti-UAV410\\annos\\test\\20190926_102042_1_2.txt"",""D:\\360Downloads\\123\\data\\Anti-UAV410\\annos\\test\\3700000000002_153918_1.txt""],""source_sha256"":[""80809a6345fd69e5532434ad92660f3d62169262ece892e0317496438b5a19d0"",""037fc717f8d6f58b14964f0d822f55218e238d35cd9b906a642c6c5bbbbb61a0"",""0a9766d279e2989340a1fd2efb8bdee572db014a5ed579141af00b8aff76cab2"",""f1959bdc0301e7398c10250f4cab28be829f00297cb2017431d6016f441288f0""],""synthetic_dimensions"":[""spatial_level"",""risk"",""response_window"",""multi_sequence_concurrency"",""resources""],""time_basis"":""frames"",""track_count"":4,""track_windows"":[{""dynamic_background_clutter"":0,""event_center_frame"":599,""fast_motion"":0,""inactive_frames_in_window"":0,""medium_size"":1,""normal_size"":1,""occlusion"":0,""offset_steps"":0,""out_of_view"":0,""requested_window_mode"":""motion"",""scale_variation"":0,""selected_window_mode"":""motion"",""small_size"":0,""source_active_frames"":1000,""source_end_frame"":718,""source_frames"":1000,""source_inactive_frames"":0,""source_path"":""D:\\360Downloads\\123\\data\\Anti-UAV410\\annos\\test\\20190926_102042_1_1.txt"",""source_sha256"":""80809a6345fd69e5532434ad92660f3d62169262ece892e0317496438b5a19d0"",""source_start_frame"":479,""source_window_frames"":240,""task_id"":""AU-01"",""thermal_crossover"":1,""tiny_size"":0,""visibility_event_count"":0},{""dynamic_background_clutter"":0,""event_center_frame"":684,""fast_motion"":0,""inactive_frames_in_window"":0,""medium_size"":1,""normal_size"":0,""occlusion"":0,""offset_steps"":1,""out_of_view"":0,""requested_window_mode"":""scale"",""scale_variation"":1,""selected_window_mode"":""scale"",""small_size"":1,""source_active_frames"":948,""source_end_frame"":803,""source_frames"":948,""source_inactive_frames"":0,""source_path"":""D:\\360Downloads\\123\\data\\Anti-UAV410\\annos\\test\\20190925_111757_1_8.txt"",""source_sha256"":""037fc717f8d6f58b14964f0d822f55218e238d35cd9b906a642c6c5bbbbb61a0"",""source_start_frame"":564,""source_window_frames"":240,""task_id"":""AU-02"",""thermal_crossover"":1,""tiny_size"":0,""visibility_event_count"":0},{""dynamic_background_clutter"":0,""event_center_frame"":787,""fast_motion"":1,""inactive_frames_in_window"":66,""medium_size"":1,""normal_size"":0,""occlusion"":0,""offset_steps"":2,""out_of_view"":1,""requested_window_mode"":""visibility"",""scale_variation"":1,""selected_window_mode"":""visibility"",""small_size"":1,""source_active_frames"":934,""source_end_frame"":906,""source_frames"":1000,""source_inactive_frames"":66,""source_path"":""D:\\360Downloads\\123\\data\\Anti-UAV410\\annos\\test\\20190926_102042_1_2.txt"",""source_sha256"":""0a9766d279e2989340a1fd2efb8bdee572db014a5ed579141af00b8aff76cab2"",""source_start_frame"":667,""source_window_frames"":240,""task_id"":""AU-03"",""thermal_crossover"":1,""tiny_size"":1,""visibility_event_count"":2},{""dynamic_background_clutter"":1,""event_center_frame"":933,""fast_motion"":1,""inactive_frames_in_window"":253,""medium_size"":0,""normal_size"":0,""occlusion"":1,""offset_steps"":3,""out_of_view"":1,""requested_window_mode"":""visibility"",""scale_variation"":0,""selected_window_mode"":""visibility"",""small_size"":1,""source_active_frames"":1195,""source_end_frame"":1089,""source_frames"":1500,""source_inactive_frames"":305,""source_path"":""D:\\360Downloads\\123\\data\\Anti-UAV410\\annos\\test\\3700000000002_153918_1.txt"",""source_sha256"":""f1959bdc0301e7398c10250f4cab28be829f00297cb2017431d6016f441288f0"",""source_start_frame"":777,""source_window_frames"":313,""task_id"":""AU-04"",""thermal_crossover"":1,""tiny_size"":1,""visibility_event_count"":5}]}",4,669.3333333333334,AU-01,1,1,1,3,{},0.705562182351111,0.02130461264196661,0.5,0.4288418903954018,0.6592420420530694,1.0,0.705562182351111,0.02130461264196661,0.5,0.4288418903954018,0.6592420420530694,1.0
anti_uav410,AU-L04-W04,public-trajectory-replay-v2,"{""event_window_version"":""anti-uav-event-window-v1"",""evidence_type"":""measured_image_plane_tracks_with_simulated_response_resources"",""fps"":null,""image_height"":512,""image_width"":640,""measured_dimensions"":[""apparent_size"",""image_plane_speed"",""visibility""],""motion_unit"":""normalized_image_diagonal_per_frame"",""protected_point"":[0.5,0.85],""source_files"":[""D:\\360Downloads\\123\\data\\Anti-UAV410\\annos\\test\\20190926_102042_1_1.txt"",""D:\\360Downloads\\123\\data\\Anti-UAV410\\annos\\test\\20190925_111757_1_8.txt"",""D:\\360Downloads\\123\\data\\Anti-UAV410\\annos\\test\\20190926_102042_1_2.txt"",""D:\\360Downloads\\123\\data\\Anti-UAV410\\annos\\test\\3700000000002_153918_1.txt""],""source_sha256"":[""80809a6345fd69e5532434ad92660f3d62169262ece892e0317496438b5a19d0"",""037fc717f8d6f58b14964f0d822f55218e238d35cd9b906a642c6c5bbbbb61a0"",""0a9766d279e2989340a1fd2efb8bdee572db014a5ed579141af00b8aff76cab2"",""f1959bdc0301e7398c10250f4cab28be829f00297cb2017431d6016f441288f0""],""synthetic_dimensions"":[""spatial_level"",""risk"",""response_window"",""multi_sequence_concurrency"",""resources""],""time_basis"":""frames"",""track_count"":4,""track_windows"":[{""dynamic_background_clutter"":0,""event_center_frame"":599,""fast_motion"":0,""inactive_frames_in_window"":0,""medium_size"":1,""normal_size"":1,""occlusion"":0,""offset_steps"":0,""out_of_view"":0,""requested_window_mode"":""motion"",""scale_variation"":0,""selected_window_mode"":""motion"",""small_size"":0,""source_active_frames"":1000,""source_end_frame"":718,""source_frames"":1000,""source_inactive_frames"":0,""source_path"":""D:\\360Downloads\\123\\data\\Anti-UAV410\\annos\\test\\20190926_102042_1_1.txt"",""source_sha256"":""80809a6345fd69e5532434ad92660f3d62169262ece892e0317496438b5a19d0"",""source_start_frame"":479,""source_window_frames"":240,""task_id"":""AU-01"",""thermal_crossover"":1,""tiny_size"":0,""visibility_event_count"":0},{""dynamic_background_clutter"":0,""event_center_frame"":684,""fast_motion"":0,""inactive_frames_in_window"":0,""medium_size"":1,""normal_size"":0,""occlusion"":0,""offset_steps"":1,""out_of_view"":0,""requested_window_mode"":""scale"",""scale_variation"":1,""selected_window_mode"":""scale"",""small_size"":1,""source_active_frames"":948,""source_end_frame"":803,""source_frames"":948,""source_inactive_frames"":0,""source_path"":""D:\\360Downloads\\123\\data\\Anti-UAV410\\annos\\test\\20190925_111757_1_8.txt"",""source_sha256"":""037fc717f8d6f58b14964f0d822f55218e238d35cd9b906a642c6c5bbbbb61a0"",""source_start_frame"":564,""source_window_frames"":240,""task_id"":""AU-02"",""thermal_crossover"":1,""tiny_size"":0,""visibility_event_count"":0},{""dynamic_background_clutter"":0,""event_center_frame"":787,""fast_motion"":1,""inactive_frames_in_window"":66,""medium_size"":1,""normal_size"":0,""occlusion"":0,""offset_steps"":2,""out_of_view"":1,""requested_window_mode"":""visibility"",""scale_variation"":1,""selected_window_mode"":""visibility"",""small_size"":1,""source_active_frames"":934,""source_end_frame"":906,""source_frames"":1000,""source_inactive_frames"":66,""source_path"":""D:\\360Downloads\\123\\data\\Anti-UAV410\\annos\\test\\20190926_102042_1_2.txt"",""source_sha256"":""0a9766d279e2989340a1fd2efb8bdee572db014a5ed579141af00b8aff76cab2"",""source_start_frame"":667,""source_window_frames"":240,""task_id"":""AU-03"",""thermal_crossover"":1,""tiny_size"":1,""visibility_event_count"":2},{""dynamic_background_clutter"":1,""event_center_frame"":933,""fast_motion"":1,""inactive_frames_in_window"":253,""medium_size"":0,""normal_size"":0,""occlusion"":1,""offset_steps"":3,""out_of_view"":1,""requested_window_mode"":""visibility"",""scale_variation"":0,""selected_window_mode"":""visibility"",""small_size"":1,""source_active_frames"":1195,""source_end_frame"":1089,""source_frames"":1500,""source_inactive_frames"":305,""source_path"":""D:\\360Downloads\\123\\data\\Anti-UAV410\\annos\\test\\3700000000002_153918_1.txt"",""source_sha256"":""f1959bdc0301e7398c10250f4cab28be829f00297cb2017431d6016f441288f0"",""source_start_frame"":777,""source_window_frames"":313,""task_id"":""AU-04"",""thermal_crossover"":1,""tiny_size"":1,""visibility_event_count"":5}]}",4,669.3333333333334,AU-02,1,1,1,3,{},0.35300629457619687,0.12014374052030906,0.5,0.4288418903954018,0.6914809662422483,0.4282141281933784,0.35300629457619687,0.12014374052030906,0.5,0.4288418903954018,0.6914809662422483,0.4282141281933784
anti_uav410,AU-L04-W04,public-trajectory-replay-v2,"{""event_window_version"":""anti-uav-event-window-v1"",""evidence_type"":""measured_image_plane_tracks_with_simulated_response_resources"",""fps"":null,""image_height"":512,""image_width"":640,""measured_dimensions"":[""apparent_size"",""image_plane_speed"",""visibility""],""motion_unit"":""normalized_image_diagonal_per_frame"",""protected_point"":[0.5,0.85],""source_files"":[""D:\\360Downloads\\123\\data\\Anti-UAV410\\annos\\test\\20190926_102042_1_1.txt"",""D:\\360Downloads\\123\\data\\Anti-UAV410\\annos\\test\\20190925_111757_1_8.txt"",""D:\\360Downloads\\123\\data\\Anti-UAV410\\annos\\test\\20190926_102042_1_2.txt"",""D:\\360Downloads\\123\\data\\Anti-UAV410\\annos\\test\\3700000000002_153918_1.txt""],""source_sha256"":[""80809a6345fd69e5532434ad92660f3d62169262ece892e0317496438b5a19d0"",""037fc717f8d6f58b14964f0d822f55218e238d35cd9b906a642c6c5bbbbb61a0"",""0a9766d279e2989340a1fd2efb8bdee572db014a5ed579141af00b8aff76cab2"",""f1959bdc0301e7398c10250f4cab28be829f00297cb2017431d6016f441288f0""],""synthetic_dimensions"":[""spatial_level"",""risk"",""response_window"",""multi_sequence_concurrency"",""resources""],""time_basis"":""frames"",""track_count"":4,""track_windows"":[{""dynamic_background_clutter"":0,""event_center_frame"":599,""fast_motion"":0,""inactive_frames_in_window"":0,""medium_size"":1,""normal_size"":1,""occlusion"":0,""offset_steps"":0,""out_of_view"":0,""requested_window_mode"":""motion"",""scale_variation"":0,""selected_window_mode"":""motion"",""small_size"":0,""source_active_frames"":1000,""source_end_frame"":718,""source_frames"":1000,""source_inactive_frames"":0,""source_path"":""D:\\360Downloads\\123\\data\\Anti-UAV410\\annos\\test\\20190926_102042_1_1.txt"",""source_sha256"":""80809a6345fd69e5532434ad92660f3d62169262ece892e0317496438b5a19d0"",""source_start_frame"":479,""source_window_frames"":240,""task_id"":""AU-01"",""thermal_crossover"":1,""tiny_size"":0,""visibility_event_count"":0},{""dynamic_background_clutter"":0,""event_center_frame"":684,""fast_motion"":0,""inactive_frames_in_window"":0,""medium_size"":1,""normal_size"":0,""occlusion"":0,""offset_steps"":1,""out_of_view"":0,""requested_window_mode"":""scale"",""scale_variation"":1,""selected_window_mode"":""scale"",""small_size"":1,""source_active_frames"":948,""source_end_frame"":803,""source_frames"":948,""source_inactive_frames"":0,""source_path"":""D:\\360Downloads\\123\\data\\Anti-UAV410\\annos\\test\\20190925_111757_1_8.txt"",""source_sha256"":""037fc717f8d6f58b14964f0d822f55218e238d35cd9b906a642c6c5bbbbb61a0"",""source_start_frame"":564,""source_window_frames"":240,""task_id"":""AU-02"",""thermal_crossover"":1,""tiny_size"":0,""visibility_event_count"":0},{""dynamic_background_clutter"":0,""event_center_frame"":787,""fast_motion"":1,""inactive_frames_in_window"":66,""medium_size"":1,""normal_size"":0,""occlusion"":0,""offset_steps"":2,""out_of_view"":1,""requested_window_mode"":""visibility"",""scale_variation"":1,""selected_window_mode"":""visibility"",""small_size"":1,""source_active_frames"":934,""source_end_frame"":906,""source_frames"":1000,""source_inactive_frames"":66,""source_path"":""D:\\360Downloads\\123\\data\\Anti-UAV410\\annos\\test\\20190926_102042_1_2.txt"",""source_sha256"":""0a9766d279e2989340a1fd2efb8bdee572db014a5ed579141af00b8aff76cab2"",""source_start_frame"":667,""source_window_frames"":240,""task_id"":""AU-03"",""thermal_crossover"":1,""tiny_size"":1,""visibility_event_count"":2},{""dynamic_background_clutter"":1,""event_center_frame"":933,""fast_motion"":1,""inactive_frames_in_window"":253,""medium_size"":0,""normal_size"":0,""occlusion"":1,""offset_steps"":3,""out_of_view"":1,""requested_window_mode"":""visibility"",""scale_variation"":0,""selected_window_mode"":""visibility"",""small_size"":1,""source_active_frames"":1195,""source_end_frame"":1089,""source_frames"":1500,""source_inactive_frames"":305,""source_path"":""D:\\360Downloads\\123\\data\\Anti-UAV410\\annos\\test\\3700000000002_153918_1.txt"",""source_sha256"":""f1959bdc0301e7398c10250f4cab28be829f00297cb2017431d6016f441288f0"",""source_start_frame"":777,""source_window_frames"":313,""task_id"":""AU-04"",""thermal_crossover"":1,""tiny_size"":1,""visibility_event_count"":5}]}",4,669.3333333333334,AU-03,0,0,1,3,{},0.0,0.0,0.5,0.0,0.35,1.0,0.0,0.0,0.5,0.0,0.35,1.0
anti_uav410,AU-L04-W04,public-trajectory-replay-v2,"{""event_window_version"":""anti-uav-event-window-v1"",""evidence_type"":""measured_image_plane_tracks_with_simulated_response_resources"",""fps"":null,""image_height"":512,""image_width"":640,""measured_dimensions"":[""apparent_size"",""image_plane_speed"",""visibility""],""motion_unit"":""normalized_image_diagonal_per_frame"",""protected_point"":[0.5,0.85],""source_files"":[""D:\\360Downloads\\123\\data\\Anti-UAV410\\annos\\test\\20190926_102042_1_1.txt"",""D:\\360Downloads\\123\\data\\Anti-UAV410\\annos\\test\\20190925_111757_1_8.txt"",""D:\\360Downloads\\123\\data\\Anti-UAV410\\annos\\test\\20190926_102042_1_2.txt"",""D:\\360Downloads\\123\\data\\Anti-UAV410\\annos\\test\\3700000000002_153918_1.txt""],""source_sha256"":[""80809a6345fd69e5532434ad92660f3d62169262ece892e0317496438b5a19d0"",""037fc717f8d6f58b14964f0d822f55218e238d35cd9b906a642c6c5bbbbb61a0"",""0a9766d279e2989340a1fd2efb8bdee572db014a5ed579141af00b8aff76cab2"",""f1959bdc0301e7398c10250f4cab28be829f00297cb2017431d6016f441288f0""],""synthetic_dimensions"":[""spatial_level"",""risk"",""response_window"",""multi_sequence_concurrency"",""resources""],""time_basis"":""frames"",""track_count"":4,""track_windows"":[{""dynamic_background_clutter"":0,""event_center_frame"":599,""fast_motion"":0,""inactive_frames_in_window"":0,""medium_size"":1,""normal_size"":1,""occlusion"":0,""offset_steps"":0,""out_of_view"":0,""requested_window_mode"":""motion"",""scale_variation"":0,""selected_window_mode"":""motion"",""small_size"":0,""source_active_frames"":1000,""source_end_frame"":718,""source_frames"":1000,""source_inactive_frames"":0,""source_path"":""D:\\360Downloads\\123\\data\\Anti-UAV410\\annos\\test\\20190926_102042_1_1.txt"",""source_sha256"":""80809a6345fd69e5532434ad92660f3d62169262ece892e0317496438b5a19d0"",""source_start_frame"":479,""source_window_frames"":240,""task_id"":""AU-01"",""thermal_crossover"":1,""tiny_size"":0,""visibility_event_count"":0},{""dynamic_background_clutter"":0,""event_center_frame"":684,""fast_motion"":0,""inactive_frames_in_window"":0,""medium_size"":1,""normal_size"":0,""occlusion"":0,""offset_steps"":1,""out_of_view"":0,""requested_window_mode"":""scale"",""scale_variation"":1,""selected_window_mode"":""scale"",""small_size"":1,""source_active_frames"":948,""source_end_frame"":803,""source_frames"":948,""source_inactive_frames"":0,""source_path"":""D:\\360Downloads\\123\\data\\Anti-UAV410\\annos\\test\\20190925_111757_1_8.txt"",""source_sha256"":""037fc717f8d6f58b14964f0d822f55218e238d35cd9b906a642c6c5bbbbb61a0"",""source_start_frame"":564,""source_window_frames"":240,""task_id"":""AU-02"",""thermal_crossover"":1,""tiny_size"":0,""visibility_event_count"":0},{""dynamic_background_clutter"":0,""event_center_frame"":787,""fast_motion"":1,""inactive_frames_in_window"":66,""medium_size"":1,""normal_size"":0,""occlusion"":0,""offset_steps"":2,""out_of_view"":1,""requested_window_mode"":""visibility"",""scale_variation"":1,""selected_window_mode"":""visibility"",""small_size"":1,""source_active_frames"":934,""source_end_frame"":906,""source_frames"":1000,""source_inactive_frames"":66,""source_path"":""D:\\360Downloads\\123\\data\\Anti-UAV410\\annos\\test\\20190926_102042_1_2.txt"",""source_sha256"":""0a9766d279e2989340a1fd2efb8bdee572db014a5ed579141af00b8aff76cab2"",""source_start_frame"":667,""source_window_frames"":240,""task_id"":""AU-03"",""thermal_crossover"":1,""tiny_size"":1,""visibility_event_count"":2},{""dynamic_background_clutter"":1,""event_center_frame"":933,""fast_motion"":1,""inactive_frames_in_window"":253,""medium_size"":0,""normal_size"":0,""occlusion"":1,""offset_steps"":3,""out_of_view"":1,""requested_window_mode"":""visibility"",""scale_variation"":0,""selected_window_mode"":""visibility"",""small_size"":1,""source_active_frames"":1195,""source_end_frame"":1089,""source_frames"":1500,""source_inactive_frames"":305,""source_path"":""D:\\360Downloads\\123\\data\\Anti-UAV410\\annos\\test\\3700000000002_153918_1.txt"",""source_sha256"":""f1959bdc0301e7398c10250f4cab28be829f00297cb2017431d6016f441288f0"",""source_start_frame"":777,""source_window_frames"":313,""task_id"":""AU-04"",""thermal_crossover"":1,""tiny_size"":1,""visibility_event_count"":5}]}",4,669.3333333333334,AU-04,1,1,1,3,{},0.05638186222554939,0.35614092398908953,0.5,0.0,0.494268175374143,1.0,0.05638186222554939,0.35614092398908953,0.5,0.0,0.494268175374143,1.0
anti_uav410,AU-L04-W04,public-trajectory-replay-v2,"{""event_window_version"":""anti-uav-event-window-v1"",""evidence_type"":""measured_image_plane_tracks_with_simulated_response_resources"",""fps"":null,""image_height"":512,""image_width"":640,""measured_dimensions"":[""apparent_size"",""image_plane_speed"",""visibility""],""motion_unit"":""normalized_image_diagonal_per_frame"",""protected_point"":[0.5,0.85],""source_files"":[""D:\\360Downloads\\123\\data\\Anti-UAV410\\annos\\test\\20190926_102042_1_1.txt"",""D:\\360Downloads\\123\\data\\Anti-UAV410\\annos\\test\\20190925_111757_1_8.txt"",""D:\\360Downloads\\123\\data\\Anti-UAV410\\annos\\test\\20190926_102042_1_2.txt"",""D:\\360Downloads\\123\\data\\Anti-UAV410\\annos\\test\\3700000000002_153918_1.txt""],""source_sha256"":[""80809a6345fd69e5532434ad92660f3d62169262ece892e0317496438b5a19d0"",""037fc717f8d6f58b14964f0d822f55218e238d35cd9b906a642c6c5bbbbb61a0"",""0a9766d279e2989340a1fd2efb8bdee572db014a5ed579141af00b8aff76cab2"",""f1959bdc0301e7398c10250f4cab28be829f00297cb2017431d6016f441288f0""],""synthetic_dimensions"":[""spatial_level"",""risk"",""response_window"",""multi_sequence_concurrency"",""resources""],""time_basis"":""frames"",""track_count"":4,""track_windows"":[{""dynamic_background_clutter"":0,""event_center_frame"":599,""fast_motion"":0,""inactive_frames_in_window"":0,""medium_size"":1,""normal_size"":1,""occlusion"":0,""offset_steps"":0,""out_of_view"":0,""requested_window_mode"":""motion"",""scale_variation"":0,""selected_window_mode"":""motion"",""small_size"":0,""source_active_frames"":1000,""source_end_frame"":718,""source_frames"":1000,""source_inactive_frames"":0,""source_path"":""D:\\360Downloads\\123\\data\\Anti-UAV410\\annos\\test\\20190926_102042_1_1.txt"",""source_sha256"":""80809a6345fd69e5532434ad92660f3d62169262ece892e0317496438b5a19d0"",""source_start_frame"":479,""source_window_frames"":240,""task_id"":""AU-01"",""thermal_crossover"":1,""tiny_size"":0,""visibility_event_count"":0},{""dynamic_background_clutter"":0,""event_center_frame"":684,""fast_motion"":0,""inactive_frames_in_window"":0,""medium_size"":1,""normal_size"":0,""occlusion"":0,""offset_steps"":1,""out_of_view"":0,""requested_window_mode"":""scale"",""scale_variation"":1,""selected_window_mode"":""scale"",""small_size"":1,""source_active_frames"":948,""source_end_frame"":803,""source_frames"":948,""source_inactive_frames"":0,""source_path"":""D:\\360Downloads\\123\\data\\Anti-UAV410\\annos\\test\\20190925_111757_1_8.txt"",""source_sha256"":""037fc717f8d6f58b14964f0d822f55218e238d35cd9b906a642c6c5bbbbb61a0"",""source_start_frame"":564,""source_window_frames"":240,""task_id"":""AU-02"",""thermal_crossover"":1,""tiny_size"":0,""visibility_event_count"":0},{""dynamic_background_clutter"":0,""event_center_frame"":787,""fast_motion"":1,""inactive_frames_in_window"":66,""medium_size"":1,""normal_size"":0,""occlusion"":0,""offset_steps"":2,""out_of_view"":1,""requested_window_mode"":""visibility"",""scale_variation"":1,""selected_window_mode"":""visibility"",""small_size"":1,""source_active_frames"":934,""source_end_frame"":906,""source_frames"":1000,""source_inactive_frames"":66,""source_path"":""D:\\360Downloads\\123\\data\\Anti-UAV410\\annos\\test\\20190926_102042_1_2.txt"",""source_sha256"":""0a9766d279e2989340a1fd2efb8bdee572db014a5ed579141af00b8aff76cab2"",""source_start_frame"":667,""source_window_frames"":240,""task_id"":""AU-03"",""thermal_crossover"":1,""tiny_size"":1,""visibility_event_count"":2},{""dynamic_background_clutter"":1,""event_center_frame"":933,""fast_motion"":1,""inactive_frames_in_window"":253,""medium_size"":0,""normal_size"":0,""occlusion"":1,""offset_steps"":3,""out_of_view"":1,""requested_window_mode"":""visibility"",""scale_variation"":0,""selected_window_mode"":""visibility"",""small_size"":1,""source_active_frames"":1195,""source_end_frame"":1089,""source_frames"":1500,""source_inactive_frames"":305,""source_path"":""D:\\360Downloads\\123\\data\\Anti-UAV410\\annos\\test\\3700000000002_153918_1.txt"",""source_sha256"":""f1959bdc0301e7398c10250f4cab28be829f00297cb2017431d6016f441288f0"",""source_start_frame"":777,""source_window_frames"":313,""task_id"":""AU-04"",""thermal_crossover"":1,""tiny_size"":1,""visibility_event_count"":5}]}",5,624.0,AU-01,1,1,1,3,{},0.6721827864135577,0.013474220123246474,0.5,0.8518320704350552,0.7024171211015611,1.0,0.6721827864135577,0.013474220123246474,0.5,0.8518320704350552,0.7024171211015611,1.0
anti_uav410,AU-L04-W04,public-trajectory-replay-v2,"{""event_window_version"":""anti-uav-event-window-v1"",""evidence_type"":""measured_image_plane_tracks_with_simulated_response_resources"",""fps"":null,""image_height"":512,""image_width"":640,""measured_dimensions"":[""apparent_size"",""image_plane_speed"",""visibility""],""motion_unit"":""normalized_image_diagonal_per_frame"",""protected_point"":[0.5,0.85],""source_files"":[""D:\\360Downloads\\123\\data\\Anti-UAV410\\annos\\test\\20190926_102042_1_1.txt"",""D:\\360Downloads\\123\\data\\Anti-UAV410\\annos\\test\\20190925_111757_1_8.txt"",""D:\\360Downloads\\123\\data\\Anti-UAV410\\annos\\test\\20190926_102042_1_2.txt"",""D:\\360Downloads\\123\\data\\Anti-UAV410\\annos\\test\\3700000000002_153918_1.txt""],""source_sha256"":[""80809a6345fd69e5532434ad92660f3d62169262ece892e0317496438b5a19d0"",""037fc717f8d6f58b14964f0d822f55218e238d35cd9b906a642c6c5bbbbb61a0"",""0a9766d279e2989340a1fd2efb8bdee572db014a5ed579141af00b8aff76cab2"",""f1959bdc0301e7398c10250f4cab28be829f00297cb2017431d6016f441288f0""],""synthetic_dimensions"":[""spatial_level"",""risk"",""response_window"",""multi_sequence_concurrency"",""resources""],""time_basis"":""frames"",""track_count"":4,""track_windows"":[{""dynamic_background_clutter"":0,""event_center_frame"":599,""fast_motion"":0,""inactive_frames_in_window"":0,""medium_size"":1,""normal_size"":1,""occlusion"":0,""offset_steps"":0,""out_of_view"":0,""requested_window_mode"":""motion"",""scale_variation"":0,""selected_window_mode"":""motion"",""small_size"":0,""source_active_frames"":1000,""source_end_frame"":718,""source_frames"":1000,""source_inactive_frames"":0,""source_path"":""D:\\360Downloads\\123\\data\\Anti-UAV410\\annos\\test\\20190926_102042_1_1.txt"",""source_sha256"":""80809a6345fd69e5532434ad92660f3d62169262ece892e0317496438b5a19d0"",""source_start_frame"":479,""source_window_frames"":240,""task_id"":""AU-01"",""thermal_crossover"":1,""tiny_size"":0,""visibility_event_count"":0},{""dynamic_background_clutter"":0,""event_center_frame"":684,""fast_motion"":0,""inactive_frames_in_window"":0,""medium_size"":1,""normal_size"":0,""occlusion"":0,""offset_steps"":1,""out_of_view"":0,""requested_window_mode"":""scale"",""scale_variation"":1,""selected_window_mode"":""scale"",""small_size"":1,""source_active_frames"":948,""source_end_frame"":803,""source_frames"":948,""source_inactive_frames"":0,""source_path"":""D:\\360Downloads\\123\\data\\Anti-UAV410\\annos\\test\\20190925_111757_1_8.txt"",""source_sha256"":""037fc717f8d6f58b14964f0d822f55218e238d35cd9b906a642c6c5bbbbb61a0"",""source_start_frame"":564,""source_window_frames"":240,""task_id"":""AU-02"",""thermal_crossover"":1,""tiny_size"":0,""visibility_event_count"":0},{""dynamic_background_clutter"":0,""event_center_frame"":787,""fast_motion"":1,""inactive_frames_in_window"":66,""medium_size"":1,""normal_size"":0,""occlusion"":0,""offset_steps"":2,""out_of_view"":1,""requested_window_mode"":""visibility"",""scale_variation"":1,""selected_window_mode"":""visibility"",""small_size"":1,""source_active_frames"":934,""source_end_frame"":906,""source_frames"":1000,""source_inactive_frames"":66,""source_path"":""D:\\360Downloads\\123\\data\\Anti-UAV410\\annos\\test\\20190926_102042_1_2.txt"",""source_sha256"":""0a9766d279e2989340a1fd2efb8bdee572db014a5ed579141af00b8aff76cab2"",""source_start_frame"":667,""source_window_frames"":240,""task_id"":""AU-03"",""thermal_crossover"":1,""tiny_size"":1,""visibility_event_count"":2},{""dynamic_background_clutter"":1,""event_center_frame"":933,""fast_motion"":1,""inactive_frames_in_window"":253,""medium_size"":0,""normal_size"":0,""occlusion"":1,""offset_steps"":3,""out_of_view"":1,""requested_window_mode"":""visibility"",""scale_variation"":0,""selected_window_mode"":""visibility"",""small_size"":1,""source_active_frames"":1195,""source_end_frame"":1089,""source_frames"":1500,""source_inactive_frames"":305,""source_path"":""D:\\360Downloads\\123\\data\\Anti-UAV410\\annos\\test\\3700000000002_153918_1.txt"",""source_sha256"":""f1959bdc0301e7398c10250f4cab28be829f00297cb2017431d6016f441288f0"",""source_start_frame"":777,""source_window_frames"":313,""task_id"":""AU-04"",""thermal_crossover"":1,""tiny_size"":1,""visibility_event_count"":5}]}",5,624.0,AU-02,1,1,1,3,{},0.3919789901950617,0.029427561301800218,0.5,0.8518320704350552,0.6909759233566479,1.0,0.3919789901950617,0.029427561301800218,0.5,0.8518320704350552,0.6909759233566479,1.0
anti_uav410,AU-L04-W04,public-trajectory-replay-v2,"{""event_window_version"":""anti-uav-event-window-v1"",""evidence_type"":""measured_image_plane_tracks_with_simulated_response_resources"",""fps"":null,""image_height"":512,""image_width"":640,""measured_dimensions"":[""apparent_size"",""image_plane_speed"",""visibility""],""motion_unit"":""normalized_image_diagonal_per_frame"",""protected_point"":[0.5,0.85],""source_files"":[""D:\\360Downloads\\123\\data\\Anti-UAV410\\annos\\test\\20190926_102042_1_1.txt"",""D:\\360Downloads\\123\\data\\Anti-UAV410\\annos\\test\\20190925_111757_1_8.txt"",""D:\\360Downloads\\123\\data\\Anti-UAV410\\annos\\test\\20190926_102042_1_2.txt"",""D:\\360Downloads\\123\\data\\Anti-UAV410\\annos\\test\\3700000000002_153918_1.txt""],""source_sha256"":[""80809a6345fd69e5532434ad92660f3d62169262ece892e0317496438b5a19d0"",""037fc717f8d6f58b14964f0d822f55218e238d35cd9b906a642c6c5bbbbb61a0"",""0a9766d279e2989340a1fd2efb8bdee572db014a5ed579141af00b8aff76cab2"",""f1959bdc0301e7398c10250f4cab28be829f00297cb2017431d6016f441288f0""],""synthetic_dimensions"":[""spatial_level"",""risk"",""response_window"",""multi_sequence_concurrency"",""resources""],""time_basis"":""frames"",""track_count"":4,""track_windows"":[{""dynamic_background_clutter"":0,""event_center_frame"":599,""fast_motion"":0,""inactive_frames_in_window"":0,""medium_size"":1,""normal_size"":1,""occlusion"":0,""offset_steps"":0,""out_of_view"":0,""requested_window_mode"":""motion"",""scale_variation"":0,""selected_window_mode"":""motion"",""small_size"":0,""source_active_frames"":1000,""source_end_frame"":718,""source_frames"":1000,""source_inactive_frames"":0,""source_path"":""D:\\360Downloads\\123\\data\\Anti-UAV410\\annos\\test\\20190926_102042_1_1.txt"",""source_sha256"":""80809a6345fd69e5532434ad92660f3d62169262ece892e0317496438b5a19d0"",""source_start_frame"":479,""source_window_frames"":240,""task_id"":""AU-01"",""thermal_crossover"":1,""tiny_size"":0,""visibility_event_count"":0},{""dynamic_background_clutter"":0,""event_center_frame"":684,""fast_motion"":0,""inactive_frames_in_window"":0,""medium_size"":1,""normal_size"":0,""occlusion"":0,""offset_steps"":1,""out_of_view"":0,""requested_window_mode"":""scale"",""scale_variation"":1,""selected_window_mode"":""scale"",""small_size"":1,""source_active_frames"":948,""source_end_frame"":803,""source_frames"":948,""source_inactive_frames"":0,""source_path"":""D:\\360Downloads\\123\\data\\Anti-UAV410\\annos\\test\\20190925_111757_1_8.txt"",""source_sha256"":""037fc717f8d6f58b14964f0d822f55218e238d35cd9b906a642c6c5bbbbb61a0"",""source_start_frame"":564,""source_window_frames"":240,""task_id"":""AU-02"",""thermal_crossover"":1,""tiny_size"":0,""visibility_event_count"":0},{""dynamic_background_clutter"":0,""event_center_frame"":787,""fast_motion"":1,""inactive_frames_in_window"":66,""medium_size"":1,""normal_size"":0,""occlusion"":0,""offset_steps"":2,""out_of_view"":1,""requested_window_mode"":""visibility"",""scale_variation"":1,""selected_window_mode"":""visibility"",""small_size"":1,""source_active_frames"":934,""source_end_frame"":906,""source_frames"":1000,""source_inactive_frames"":66,""source_path"":""D:\\360Downloads\\123\\data\\Anti-UAV410\\annos\\test\\20190926_102042_1_2.txt"",""source_sha256"":""0a9766d279e2989340a1fd2efb8bdee572db014a5ed579141af00b8aff76cab2"",""source_start_frame"":667,""source_window_frames"":240,""task_id"":""AU-03"",""thermal_crossover"":1,""tiny_size"":1,""visibility_event_count"":2},{""dynamic_background_clutter"":1,""event_center_frame"":933,""fast_motion"":1,""inactive_frames_in_window"":253,""medium_size"":0,""normal_size"":0,""occlusion"":1,""offset_steps"":3,""out_of_view"":1,""requested_window_mode"":""visibility"",""scale_variation"":0,""selected_window_mode"":""visibility"",""small_size"":1,""source_active_frames"":1195,""source_end_frame"":1089,""source_frames"":1500,""source_inactive_frames"":305,""source_path"":""D:\\360Downloads\\123\\data\\Anti-UAV410\\annos\\test\\3700000000002_153918_1.txt"",""source_sha256"":""f1959bdc0301e7398c10250f4cab28be829f00297cb2017431d6016f441288f0"",""source_start_frame"":777,""source_window_frames"":313,""task_id"":""AU-04"",""thermal_crossover"":1,""tiny_size"":1,""visibility_event_count"":5}]}",5,624.0,AU-03,0,0,1,3,{},0.0,0.0,0.5,0.0,0.35,1.0,0.0,0.0,0.5,0.0,0.35,1.0
anti_uav410,AU-L04-W04,public-trajectory-replay-v2,"{""event_window_version"":""anti-uav-event-window-v1"",""evidence_type"":""measured_image_plane_tracks_with_simulated_response_resources"",""fps"":null,""image_height"":512,""image_width"":640,""measured_dimensions"":[""apparent_size"",""image_plane_speed"",""visibility""],""motion_unit"":""normalized_image_diagonal_per_frame"",""protected_point"":[0.5,0.85],""source_files"":[""D:\\360Downloads\\123\\data\\Anti-UAV410\\annos\\test\\20190926_102042_1_1.txt"",""D:\\360Downloads\\123\\data\\Anti-UAV410\\annos\\test\\20190925_111757_1_8.txt"",""D:\\360Downloads\\123\\data\\Anti-UAV410\\annos\\test\\20190926_102042_1_2.txt"",""D:\\360Downloads\\123\\data\\Anti-UAV410\\annos\\test\\3700000000002_153918_1.txt""],""source_sha256"":[""80809a6345fd69e5532434ad92660f3d62169262ece892e0317496438b5a19d0"",""037fc717f8d6f58b14964f0d822f55218e238d35cd9b906a642c6c5bbbbb61a0"",""0a9766d279e2989340a1fd2efb8bdee572db014a5ed579141af00b8aff76cab2"",""f1959bdc0301e7398c10250f4cab28be829f00297cb2017431d6016f441288f0""],""synthetic_dimensions"":[""spatial_level"",""risk"",""response_window"",""multi_sequence_concurrency"",""resources""],""time_basis"":""frames"",""track_count"":4,""track_windows"":[{""dynamic_background_clutter"":0,""event_center_frame"":599,""fast_motion"":0,""inactive_frames_in_window"":0,""medium_size"":1,""normal_size"":1,""occlusion"":0,""offset_steps"":0,""out_of_view"":0,""requested_window_mode"":""motion"",""scale_variation"":0,""selected_window_mode"":""motion"",""small_size"":0,""source_active_frames"":1000,""source_end_frame"":718,""source_frames"":1000,""source_inactive_frames"":0,""source_path"":""D:\\360Downloads\\123\\data\\Anti-UAV410\\annos\\test\\20190926_102042_1_1.txt"",""source_sha256"":""80809a6345fd69e5532434ad92660f3d62169262ece892e0317496438b5a19d0"",""source_start_frame"":479,""source_window_frames"":240,""task_id"":""AU-01"",""thermal_crossover"":1,""tiny_size"":0,""visibility_event_count"":0},{""dynamic_background_clutter"":0,""event_center_frame"":684,""fast_motion"":0,""inactive_frames_in_window"":0,""medium_size"":1,""normal_size"":0,""occlusion"":0,""offset_steps"":1,""out_of_view"":0,""requested_window_mode"":""scale"",""scale_variation"":1,""selected_window_mode"":""scale"",""small_size"":1,""source_active_frames"":948,""source_end_frame"":803,""source_frames"":948,""source_inactive_frames"":0,""source_path"":""D:\\360Downloads\\123\\data\\Anti-UAV410\\annos\\test\\20190925_111757_1_8.txt"",""source_sha256"":""037fc717f8d6f58b14964f0d822f55218e238d35cd9b906a642c6c5bbbbb61a0"",""source_start_frame"":564,""source_window_frames"":240,""task_id"":""AU-02"",""thermal_crossover"":1,""tiny_size"":0,""visibility_event_count"":0},{""dynamic_background_clutter"":0,""event_center_frame"":787,""fast_motion"":1,""inactive_frames_in_window"":66,""medium_size"":1,""normal_size"":0,""occlusion"":0,""offset_steps"":2,""out_of_view"":1,""requested_window_mode"":""visibility"",""scale_variation"":1,""selected_window_mode"":""visibility"",""small_size"":1,""source_active_frames"":934,""source_end_frame"":906,""source_frames"":1000,""source_inactive_frames"":66,""source_path"":""D:\\360Downloads\\123\\data\\Anti-UAV410\\annos\\test\\20190926_102042_1_2.txt"",""source_sha256"":""0a9766d279e2989340a1fd2efb8bdee572db014a5ed579141af00b8aff76cab2"",""source_start_frame"":667,""source_window_frames"":240,""task_id"":""AU-03"",""thermal_crossover"":1,""tiny_size"":1,""visibility_event_count"":2},{""dynamic_background_clutter"":1,""event_center_frame"":933,""fast_motion"":1,""inactive_frames_in_window"":253,""medium_size"":0,""normal_size"":0,""occlusion"":1,""offset_steps"":3,""out_of_view"":1,""requested_window_mode"":""visibility"",""scale_variation"":0,""selected_window_mode"":""visibility"",""small_size"":1,""source_active_frames"":1195,""source_end_frame"":1089,""source_frames"":1500,""source_inactive_frames"":305,""source_path"":""D:\\360Downloads\\123\\data\\Anti-UAV410\\annos\\test\\3700000000002_153918_1.txt"",""source_sha256"":""f1959bdc0301e7398c10250f4cab28be829f00297cb2017431d6016f441288f0"",""source_start_frame"":777,""source_window_frames"":313,""task_id"":""AU-04"",""thermal_crossover"":1,""tiny_size"":1,""visibility_event_count"":5}]}",5,624.0,AU-04,0,0,1,3,{},0.0,0.0,0.5,0.0,0.35,1.0,0.0,0.0,0.5,0.0,0.35,1.0
anti_uav410,AU-L04-W04,public-trajectory-replay-v2,"{""event_window_version"":""anti-uav-event-window-v1"",""evidence_type"":""measured_image_plane_tracks_with_simulated_response_resources"",""fps"":null,""image_height"":512,""image_width"":640,""measured_dimensions"":[""apparent_size"",""image_plane_speed"",""visibility""],""motion_unit"":""normalized_image_diagonal_per_frame"",""protected_point"":[0.5,0.85],""source_files"":[""D:\\360Downloads\\123\\data\\Anti-UAV410\\annos\\test\\20190926_102042_1_1.txt"",""D:\\360Downloads\\123\\data\\Anti-UAV410\\annos\\test\\20190925_111757_1_8.txt"",""D:\\360Downloads\\123\\data\\Anti-UAV410\\annos\\test\\20190926_102042_1_2.txt"",""D:\\360Downloads\\123\\data\\Anti-UAV410\\annos\\test\\3700000000002_153918_1.txt""],""source_sha256"":[""80809a6345fd69e5532434ad92660f3d62169262ece892e0317496438b5a19d0"",""037fc717f8d6f58b14964f0d822f55218e238d35cd9b906a642c6c5bbbbb61a0"",""0a9766d279e2989340a1fd2efb8bdee572db014a5ed579141af00b8aff76cab2"",""f1959bdc0301e7398c10250f4cab28be829f00297cb2017431d6016f441288f0""],""synthetic_dimensions"":[""spatial_level"",""risk"",""response_window"",""multi_sequence_concurrency"",""resources""],""time_basis"":""frames"",""track_count"":4,""track_windows"":[{""dynamic_background_clutter"":0,""event_center_frame"":599,""fast_motion"":0,""inactive_frames_in_window"":0,""medium_size"":1,""normal_size"":1,""occlusion"":0,""offset_steps"":0,""out_of_view"":0,""requested_window_mode"":""motion"",""scale_variation"":0,""selected_window_mode"":""motion"",""small_size"":0,""source_active_frames"":1000,""source_end_frame"":718,""source_frames"":1000,""source_inactive_frames"":0,""source_path"":""D:\\360Downloads\\123\\data\\Anti-UAV410\\annos\\test\\20190926_102042_1_1.txt"",""source_sha256"":""80809a6345fd69e5532434ad92660f3d62169262ece892e0317496438b5a19d0"",""source_start_frame"":479,""source_window_frames"":240,""task_id"":""AU-01"",""thermal_crossover"":1,""tiny_size"":0,""visibility_event_count"":0},{""dynamic_background_clutter"":0,""event_center_frame"":684,""fast_motion"":0,""inactive_frames_in_window"":0,""medium_size"":1,""normal_size"":0,""occlusion"":0,""offset_steps"":1,""out_of_view"":0,""requested_window_mode"":""scale"",""scale_variation"":1,""selected_window_mode"":""scale"",""small_size"":1,""source_active_frames"":948,""source_end_frame"":803,""source_frames"":948,""source_inactive_frames"":0,""source_path"":""D:\\360Downloads\\123\\data\\Anti-UAV410\\annos\\test\\20190925_111757_1_8.txt"",""source_sha256"":""037fc717f8d6f58b14964f0d822f55218e238d35cd9b906a642c6c5bbbbb61a0"",""source_start_frame"":564,""source_window_frames"":240,""task_id"":""AU-02"",""thermal_crossover"":1,""tiny_size"":0,""visibility_event_count"":0},{""dynamic_background_clutter"":0,""event_center_frame"":787,""fast_motion"":1,""inactive_frames_in_window"":66,""medium_size"":1,""normal_size"":0,""occlusion"":0,""offset_steps"":2,""out_of_view"":1,""requested_window_mode"":""visibility"",""scale_variation"":1,""selected_window_mode"":""visibility"",""small_size"":1,""source_active_frames"":934,""source_end_frame"":906,""source_frames"":1000,""source_inactive_frames"":66,""source_path"":""D:\\360Downloads\\123\\data\\Anti-UAV410\\annos\\test\\20190926_102042_1_2.txt"",""source_sha256"":""0a9766d279e2989340a1fd2efb8bdee572db014a5ed579141af00b8aff76cab2"",""source_start_frame"":667,""source_window_frames"":240,""task_id"":""AU-03"",""thermal_crossover"":1,""tiny_size"":1,""visibility_event_count"":2},{""dynamic_background_clutter"":1,""event_center_frame"":933,""fast_motion"":1,""inactive_frames_in_window"":253,""medium_size"":0,""normal_size"":0,""occlusion"":1,""offset_steps"":3,""out_of_view"":1,""requested_window_mode"":""visibility"",""scale_variation"":0,""selected_window_mode"":""visibility"",""small_size"":1,""source_active_frames"":1195,""source_end_frame"":1089,""source_frames"":1500,""source_inactive_frames"":305,""source_path"":""D:\\360Downloads\\123\\data\\Anti-UAV410\\annos\\test\\3700000000002_153918_1.txt"",""source_sha256"":""f1959bdc0301e7398c10250f4cab28be829f00297cb2017431d6016f441288f0"",""source_start_frame"":777,""source_window_frames"":313,""task_id"":""AU-04"",""thermal_crossover"":1,""tiny_size"":1,""visibility_event_count"":5}]}",6,704.0,AU-01,1,1,1,3,{},0.6883822858274117,0.5374501190716656,0.5,0.3046875000000001,0.6426777419646317,1.0,0.6883822858274117,0.5374501190716656,0.5,0.3046875000000001,0.6426777419646317,1.0
anti_uav410,AU-L04-W04,public-trajectory-replay-v2,"{""event_window_version"":""anti-uav-event-window-v1"",""evidence_type"":""measured_image_plane_tracks_with_simulated_response_resources"",""fps"":null,""image_height"":512,""image_width"":640,""measured_dimensions"":[""apparent_size"",""image_plane_speed"",""visibility""],""motion_unit"":""normalized_image_diagonal_per_frame"",""protected_point"":[0.5,0.85],""source_files"":[""D:\\360Downloads\\123\\data\\Anti-UAV410\\annos\\test\\20190926_102042_1_1.txt"",""D:\\360Downloads\\123\\data\\Anti-UAV410\\annos\\test\\20190925_111757_1_8.txt"",""D:\\360Downloads\\123\\data\\Anti-UAV410\\annos\\test\\20190926_102042_1_2.txt"",""D:\\360Downloads\\123\\data\\Anti-UAV410\\annos\\test\\3700000000002_153918_1.txt""],""source_sha256"":[""80809a6345fd69e5532434ad92660f3d62169262ece892e0317496438b5a19d0"",""037fc717f8d6f58b14964f0d822f55218e238d35cd9b906a642c6c5bbbbb61a0"",""0a9766d279e2989340a1fd2efb8bdee572db014a5ed579141af00b8aff76cab2"",""f1959bdc0301e7398c10250f4cab28be829f00297cb2017431d6016f441288f0""],""synthetic_dimensions"":[""spatial_level"",""risk"",""response_window"",""multi_sequence_concurrency"",""resources""],""time_basis"":""frames"",""track_count"":4,""track_windows"":[{""dynamic_background_clutter"":0,""event_center_frame"":599,""fast_motion"":0,""inactive_frames_in_window"":0,""medium_size"":1,""normal_size"":1,""occlusion"":0,""offset_steps"":0,""out_of_view"":0,""requested_window_mode"":""motion"",""scale_variation"":0,""selected_window_mode"":""motion"",""small_size"":0,""source_active_frames"":1000,""source_end_frame"":718,""source_frames"":1000,""source_inactive_frames"":0,""source_path"":""D:\\360Downloads\\123\\data\\Anti-UAV410\\annos\\test\\20190926_102042_1_1.txt"",""source_sha256"":""80809a6345fd69e5532434ad92660f3d62169262ece892e0317496438b5a19d0"",""source_start_frame"":479,""source_window_frames"":240,""task_id"":""AU-01"",""thermal_crossover"":1,""tiny_size"":0,""visibility_event_count"":0},{""dynamic_background_clutter"":0,""event_center_frame"":684,""fast_motion"":0,""inactive_frames_in_window"":0,""medium_size"":1,""normal_size"":0,""occlusion"":0,""offset_steps"":1,""out_of_view"":0,""requested_window_mode"":""scale"",""scale_variation"":1,""selected_window_mode"":""scale"",""small_size"":1,""source_active_frames"":948,""source_end_frame"":803,""source_frames"":948,""source_inactive_frames"":0,""source_path"":""D:\\360Downloads\\123\\data\\Anti-UAV410\\annos\\test\\20190925_111757_1_8.txt"",""source_sha256"":""037fc717f8d6f58b14964f0d822f55218e238d35cd9b906a642c6c5bbbbb61a0"",""source_start_frame"":564,""source_window_frames"":240,""task_id"":""AU-02"",""thermal_crossover"":1,""tiny_size"":0,""visibility_event_count"":0},{""dynamic_background_clutter"":0,""event_center_frame"":787,""fast_motion"":1,""inactive_frames_in_window"":66,""medium_size"":1,""normal_size"":0,""occlusion"":0,""offset_steps"":2,""out_of_view"":1,""requested_window_mode"":""visibility"",""scale_variation"":1,""selected_window_mode"":""visibility"",""small_size"":1,""source_active_frames"":934,""source_end_frame"":906,""source_frames"":1000,""source_inactive_frames"":66,""source_path"":""D:\\360Downloads\\123\\data\\Anti-UAV410\\annos\\test\\20190926_102042_1_2.txt"",""source_sha256"":""0a9766d279e2989340a1fd2efb8bdee572db014a5ed579141af00b8aff76cab2"",""source_start_frame"":667,""source_window_frames"":240,""task_id"":""AU-03"",""thermal_crossover"":1,""tiny_size"":1,""visibility_event_count"":2},{""dynamic_background_clutter"":1,""event_center_frame"":933,""fast_motion"":1,""inactive_frames_in_window"":253,""medium_size"":0,""normal_size"":0,""occlusion"":1,""offset_steps"":3,""out_of_view"":1,""requested_window_mode"":""visibility"",""scale_variation"":0,""selected_window_mode"":""visibility"",""small_size"":1,""source_active_frames"":1195,""source_end_frame"":1089,""source_frames"":1500,""source_inactive_frames"":305,""source_path"":""D:\\360Downloads\\123\\data\\Anti-UAV410\\annos\\test\\3700000000002_153918_1.txt"",""source_sha256"":""f1959bdc0301e7398c10250f4cab28be829f00297cb2017431d6016f441288f0"",""source_start_frame"":777,""source_window_frames"":313,""task_id"":""AU-04"",""thermal_crossover"":1,""tiny_size"":1,""visibility_event_count"":5}]}",6,704.0,AU-02,1,1,1,3,{},0.4726221722104567,0.30509306657677726,0.5,0.3046875000000001,0.6704341984521636,0.703100803230791,0.4726221722104567,0.30509306657677726,0.5,0.3046875000000001,0.6704341984521636,0.703100803230791
anti_uav410,AU-L04-W04,public-trajectory-replay-v2,"{""event_window_version"":""anti-uav-event-window-v1"",""evidence_type"":""measured_image_plane_tracks_with_simulated_response_resources"",""fps"":null,""image_height"":512,""image_width"":640,""measured_dimensions"":[""apparent_size"",""image_plane_speed"",""visibility""],""motion_unit"":""normalized_image_diagonal_per_frame"",""protected_point"":[0.5,0.85],""source_files"":[""D:\\360Downloads\\123\\data\\Anti-UAV410\\annos\\test\\20190926_102042_1_1.txt"",""D:\\360Downloads\\123\\data\\Anti-UAV410\\annos\\test\\20190925_111757_1_8.txt"",""D:\\360Downloads\\123\\data\\Anti-UAV410\\annos\\test\\20190926_102042_1_2.txt"",""D:\\360Downloads\\123\\data\\Anti-UAV410\\annos\\test\\3700000000002_153918_1.txt""],""source_sha256"":[""80809a6345fd69e5532434ad92660f3d62169262ece892e0317496438b5a19d0"",""037fc717f8d6f58b14964f0d822f55218e238d35cd9b906a642c6c5bbbbb61a0"",""0a9766d279e2989340a1fd2efb8bdee572db014a5ed579141af00b8aff76cab2"",""f1959bdc0301e7398c10250f4cab28be829f00297cb2017431d6016f441288f0""],""synthetic_dimensions"":[""spatial_level"",""risk"",""response_window"",""multi_sequence_concurrency"",""resources""],""time_basis"":""frames"",""track_count"":4,""track_windows"":[{""dynamic_background_clutter"":0,""event_center_frame"":599,""fast_motion"":0,""inactive_frames_in_window"":0,""medium_size"":1,""normal_size"":1,""occlusion"":0,""offset_steps"":0,""out_of_view"":0,""requested_window_mode"":""motion"",""scale_variation"":0,""selected_window_mode"":""motion"",""small_size"":0,""source_active_frames"":1000,""source_end_frame"":718,""source_frames"":1000,""source_inactive_frames"":0,""source_path"":""D:\\360Downloads\\123\\data\\Anti-UAV410\\annos\\test\\20190926_102042_1_1.txt"",""source_sha256"":""80809a6345fd69e5532434ad92660f3d62169262ece892e0317496438b5a19d0"",""source_start_frame"":479,""source_window_frames"":240,""task_id"":""AU-01"",""thermal_crossover"":1,""tiny_size"":0,""visibility_event_count"":0},{""dynamic_background_clutter"":0,""event_center_frame"":684,""fast_motion"":0,""inactive_frames_in_window"":0,""medium_size"":1,""normal_size"":0,""occlusion"":0,""offset_steps"":1,""out_of_view"":0,""requested_window_mode"":""scale"",""scale_variation"":1,""selected_window_mode"":""scale"",""small_size"":1,""source_active_frames"":948,""source_end_frame"":803,""source_frames"":948,""source_inactive_frames"":0,""source_path"":""D:\\360Downloads\\123\\data\\Anti-UAV410\\annos\\test\\20190925_111757_1_8.txt"",""source_sha256"":""037fc717f8d6f58b14964f0d822f55218e238d35cd9b906a642c6c5bbbbb61a0"",""source_start_frame"":564,""source_window_frames"":240,""task_id"":""AU-02"",""thermal_crossover"":1,""tiny_size"":0,""visibility_event_count"":0},{""dynamic_background_clutter"":0,""event_center_frame"":787,""fast_motion"":1,""inactive_frames_in_window"":66,""medium_size"":1,""normal_size"":0,""occlusion"":0,""offset_steps"":2,""out_of_view"":1,""requested_window_mode"":""visibility"",""scale_variation"":1,""selected_window_mode"":""visibility"",""small_size"":1,""source_active_frames"":934,""source_end_frame"":906,""source_frames"":1000,""source_inactive_frames"":66,""source_path"":""D:\\360Downloads\\123\\data\\Anti-UAV410\\annos\\test\\20190926_102042_1_2.txt"",""source_sha256"":""0a9766d279e2989340a1fd2efb8bdee572db014a5ed579141af00b8aff76cab2"",""source_start_frame"":667,""source_window_frames"":240,""task_id"":""AU-03"",""thermal_crossover"":1,""tiny_size"":1,""visibility_event_count"":2},{""dynamic_background_clutter"":1,""event_center_frame"":933,""fast_motion"":1,""inactive_frames_in_window"":253,""medium_size"":0,""normal_size"":0,""occlusion"":1,""offset_steps"":3,""out_of_view"":1,""requested_window_mode"":""visibility"",""scale_variation"":0,""selected_window_mode"":""visibility"",""small_size"":1,""source_active_frames"":1195,""source_end_frame"":1089,""source_frames"":1500,""source_inactive_frames"":305,""source_path"":""D:\\360Downloads\\123\\data\\Anti-UAV410\\annos\\test\\3700000000002_153918_1.txt"",""source_sha256"":""f1959bdc0301e7398c10250f4cab28be829f00297cb2017431d6016f441288f0"",""source_start_frame"":777,""source_window_frames"":313,""task_id"":""AU-04"",""thermal_crossover"":1,""tiny_size"":1,""visibility_event_count"":5}]}",6,704.0,AU-03,1,1,1,3,{},0.4143203796014927,0.0,0.5,0.0,0.6465885123711042,1.0,0.4143203796014927,0.0,0.5,0.0,0.6465885123711042,1.0
anti_uav410,AU-L04-W04,public-trajectory-replay-v2,"{""event_window_version"":""anti-uav-event-window-v1"",""evidence_type"":""measured_image_plane_tracks_with_simulated_response_resources"",""fps"":null,""image_height"":512,""image_width"":640,""measured_dimensions"":[""apparent_size"",""image_plane_speed"",""visibility""],""motion_unit"":""normalized_image_diagonal_per_frame"",""protected_point"":[0.5,0.85],""source_files"":[""D:\\360Downloads\\123\\data\\Anti-UAV410\\annos\\test\\20190926_102042_1_1.txt"",""D:\\360Downloads\\123\\data\\Anti-UAV410\\annos\\test\\20190925_111757_1_8.txt"",""D:\\360Downloads\\123\\data\\Anti-UAV410\\annos\\test\\20190926_102042_1_2.txt"",""D:\\360Downloads\\123\\data\\Anti-UAV410\\annos\\test\\3700000000002_153918_1.txt""],""source_sha256"":[""80809a6345fd69e5532434ad92660f3d62169262ece892e0317496438b5a19d0"",""037fc717f8d6f58b14964f0d822f55218e238d35cd9b906a642c6c5bbbbb61a0"",""0a9766d279e2989340a1fd2efb8bdee572db014a5ed579141af00b8aff76cab2"",""f1959bdc0301e7398c10250f4cab28be829f00297cb2017431d6016f441288f0""],""synthetic_dimensions"":[""spatial_level"",""risk"",""response_window"",""multi_sequence_concurrency"",""resources""],""time_basis"":""frames"",""track_count"":4,""track_windows"":[{""dynamic_background_clutter"":0,""event_center_frame"":599,""fast_motion"":0,""inactive_frames_in_window"":0,""medium_size"":1,""normal_size"":1,""occlusion"":0,""offset_steps"":0,""out_of_view"":0,""requested_window_mode"":""motion"",""scale_variation"":0,""selected_window_mode"":""motion"",""small_size"":0,""source_active_frames"":1000,""source_end_frame"":718,""source_frames"":1000,""source_inactive_frames"":0,""source_path"":""D:\\360Downloads\\123\\data\\Anti-UAV410\\annos\\test\\20190926_102042_1_1.txt"",""source_sha256"":""80809a6345fd69e5532434ad92660f3d62169262ece892e0317496438b5a19d0"",""source_start_frame"":479,""source_window_frames"":240,""task_id"":""AU-01"",""thermal_crossover"":1,""tiny_size"":0,""visibility_event_count"":0},{""dynamic_background_clutter"":0,""event_center_frame"":684,""fast_motion"":0,""inactive_frames_in_window"":0,""medium_size"":1,""normal_size"":0,""occlusion"":0,""offset_steps"":1,""out_of_view"":0,""requested_window_mode"":""scale"",""scale_variation"":1,""selected_window_mode"":""scale"",""small_size"":1,""source_active_frames"":948,""source_end_frame"":803,""source_frames"":948,""source_inactive_frames"":0,""source_path"":""D:\\360Downloads\\123\\data\\Anti-UAV410\\annos\\test\\20190925_111757_1_8.txt"",""source_sha256"":""037fc717f8d6f58b14964f0d822f55218e238d35cd9b906a642c6c5bbbbb61a0"",""source_start_frame"":564,""source_window_frames"":240,""task_id"":""AU-02"",""thermal_crossover"":1,""tiny_size"":0,""visibility_event_count"":0},{""dynamic_background_clutter"":0,""event_center_frame"":787,""fast_motion"":1,""inactive_frames_in_window"":66,""medium_size"":1,""normal_size"":0,""occlusion"":0,""offset_steps"":2,""out_of_view"":1,""requested_window_mode"":""visibility"",""scale_variation"":1,""selected_window_mode"":""visibility"",""small_size"":1,""source_active_frames"":934,""source_end_frame"":906,""source_frames"":1000,""source_inactive_frames"":66,""source_path"":""D:\\360Downloads\\123\\data\\Anti-UAV410\\annos\\test\\20190926_102042_1_2.txt"",""source_sha256"":""0a9766d279e2989340a1fd2efb8bdee572db014a5ed579141af00b8aff76cab2"",""source_start_frame"":667,""source_window_frames"":240,""task_id"":""AU-03"",""thermal_crossover"":1,""tiny_size"":1,""visibility_event_count"":2},{""dynamic_background_clutter"":1,""event_center_frame"":933,""fast_motion"":1,""inactive_frames_in_window"":253,""medium_size"":0,""normal_size"":0,""occlusion"":1,""offset_steps"":3,""out_of_view"":1,""requested_window_mode"":""visibility"",""scale_variation"":0,""selected_window_mode"":""visibility"",""small_size"":1,""source_active_frames"":1195,""source_end_frame"":1089,""source_frames"":1500,""source_inactive_frames"":305,""source_path"":""D:\\360Downloads\\123\\data\\Anti-UAV410\\annos\\test\\3700000000002_153918_1.txt"",""source_sha256"":""f1959bdc0301e7398c10250f4cab28be829f00297cb2017431d6016f441288f0"",""source_start_frame"":777,""source_window_frames"":313,""task_id"":""AU-04"",""thermal_crossover"":1,""tiny_size"":1,""visibility_event_count"":5}]}",6,704.0,AU-04,0,0,1,3,{},0.0,0.0,0.5,0.0,0.35,1.0,0.0,0.0,0.5,0.0,0.35,1.0
anti_uav410,AU-L04-W04,public-trajectory-replay-v2,"{""event_window_version"":""anti-uav-event-window-v1"",""evidence_type"":""measured_image_plane_tracks_with_simulated_response_resources"",""fps"":null,""image_height"":512,""image_width"":640,""measured_dimensions"":[""apparent_size"",""image_plane_speed"",""visibility""],""motion_unit"":""normalized_image_diagonal_per_frame"",""protected_point"":[0.5,0.85],""source_files"":[""D:\\360Downloads\\123\\data\\Anti-UAV410\\annos\\test\\20190926_102042_1_1.txt"",""D:\\360Downloads\\123\\data\\Anti-UAV410\\annos\\test\\20190925_111757_1_8.txt"",""D:\\360Downloads\\123\\data\\Anti-UAV410\\annos\\test\\20190926_102042_1_2.txt"",""D:\\360Downloads\\123\\data\\Anti-UAV410\\annos\\test\\3700000000002_153918_1.txt""],""source_sha256"":[""80809a6345fd69e5532434ad92660f3d62169262ece892e0317496438b5a19d0"",""037fc717f8d6f58b14964f0d822f55218e238d35cd9b906a642c6c5bbbbb61a0"",""0a9766d279e2989340a1fd2efb8bdee572db014a5ed579141af00b8aff76cab2"",""f1959bdc0301e7398c10250f4cab28be829f00297cb2017431d6016f441288f0""],""synthetic_dimensions"":[""spatial_level"",""risk"",""response_window"",""multi_sequence_concurrency"",""resources""],""time_basis"":""frames"",""track_count"":4,""track_windows"":[{""dynamic_background_clutter"":0,""event_center_frame"":599,""fast_motion"":0,""inactive_frames_in_window"":0,""medium_size"":1,""normal_size"":1,""occlusion"":0,""offset_steps"":0,""out_of_view"":0,""requested_window_mode"":""motion"",""scale_variation"":0,""selected_window_mode"":""motion"",""small_size"":0,""source_active_frames"":1000,""source_end_frame"":718,""source_frames"":1000,""source_inactive_frames"":0,""source_path"":""D:\\360Downloads\\123\\data\\Anti-UAV410\\annos\\test\\20190926_102042_1_1.txt"",""source_sha256"":""80809a6345fd69e5532434ad92660f3d62169262ece892e0317496438b5a19d0"",""source_start_frame"":479,""source_window_frames"":240,""task_id"":""AU-01"",""thermal_crossover"":1,""tiny_size"":0,""visibility_event_count"":0},{""dynamic_background_clutter"":0,""event_center_frame"":684,""fast_motion"":0,""inactive_frames_in_window"":0,""medium_size"":1,""normal_size"":0,""occlusion"":0,""offset_steps"":1,""out_of_view"":0,""requested_window_mode"":""scale"",""scale_variation"":1,""selected_window_mode"":""scale"",""small_size"":1,""source_active_frames"":948,""source_end_frame"":803,""source_frames"":948,""source_inactive_frames"":0,""source_path"":""D:\\360Downloads\\123\\data\\Anti-UAV410\\annos\\test\\20190925_111757_1_8.txt"",""source_sha256"":""037fc717f8d6f58b14964f0d822f55218e238d35cd9b906a642c6c5bbbbb61a0"",""source_start_frame"":564,""source_window_frames"":240,""task_id"":""AU-02"",""thermal_crossover"":1,""tiny_size"":0,""visibility_event_count"":0},{""dynamic_background_clutter"":0,""event_center_frame"":787,""fast_motion"":1,""inactive_frames_in_window"":66,""medium_size"":1,""normal_size"":0,""occlusion"":0,""offset_steps"":2,""out_of_view"":1,""requested_window_mode"":""visibility"",""scale_variation"":1,""selected_window_mode"":""visibility"",""small_size"":1,""source_active_frames"":934,""source_end_frame"":906,""source_frames"":1000,""source_inactive_frames"":66,""source_path"":""D:\\360Downloads\\123\\data\\Anti-UAV410\\annos\\test\\20190926_102042_1_2.txt"",""source_sha256"":""0a9766d279e2989340a1fd2efb8bdee572db014a5ed579141af00b8aff76cab2"",""source_start_frame"":667,""source_window_frames"":240,""task_id"":""AU-03"",""thermal_crossover"":1,""tiny_size"":1,""visibility_event_count"":2},{""dynamic_background_clutter"":1,""event_center_frame"":933,""fast_motion"":1,""inactive_frames_in_window"":253,""medium_size"":0,""normal_size"":0,""occlusion"":1,""offset_steps"":3,""out_of_view"":1,""requested_window_mode"":""visibility"",""scale_variation"":0,""selected_window_mode"":""visibility"",""small_size"":1,""source_active_frames"":1195,""source_end_frame"":1089,""source_frames"":1500,""source_inactive_frames"":305,""source_path"":""D:\\360Downloads\\123\\data\\Anti-UAV410\\annos\\test\\3700000000002_153918_1.txt"",""source_sha256"":""f1959bdc0301e7398c10250f4cab28be829f00297cb2017431d6016f441288f0"",""source_start_frame"":777,""source_window_frames"":313,""task_id"":""AU-04"",""thermal_crossover"":1,""tiny_size"":1,""visibility_event_count"":5}]}",7,720.0,AU-01,1,1,1,3,{},0.7017975509485347,0.009527712420347832,0.5,0.31405224227349327,0.6417750617235972,1.0,0.7017975509485347,0.009527712420347832,0.5,0.31405224227349327,0.6417750617235972,1.0
anti_uav410,AU-L04-W04,public-trajectory-replay-v2,"{""event_window_version"":""anti-uav-event-window-v1"",""evidence_type"":""measured_image_plane_tracks_with_simulated_response_resources"",""fps"":null,""image_height"":512,""image_width"":640,""measured_dimensions"":[""apparent_size"",""image_plane_speed"",""visibility""],""motion_unit"":""normalized_image_diagonal_per_frame"",""protected_point"":[0.5,0.85],""source_files"":[""D:\\360Downloads\\123\\data\\Anti-UAV410\\annos\\test\\20190926_102042_1_1.txt"",""D:\\360Downloads\\123\\data\\Anti-UAV410\\annos\\test\\20190925_111757_1_8.txt"",""D:\\360Downloads\\123\\data\\Anti-UAV410\\annos\\test\\20190926_102042_1_2.txt"",""D:\\360Downloads\\123\\data\\Anti-UAV410\\annos\\test\\3700000000002_153918_1.txt""],""source_sha256"":[""80809a6345fd69e5532434ad92660f3d62169262ece892e0317496438b5a19d0"",""037fc717f8d6f58b14964f0d822f55218e238d35cd9b906a642c6c5bbbbb61a0"",""0a9766d279e2989340a1fd2efb8bdee572db014a5ed579141af00b8aff76cab2"",""f1959bdc0301e7398c10250f4cab28be829f00297cb2017431d6016f441288f0""],""synthetic_dimensions"":[""spatial_level"",""risk"",""response_window"",""multi_sequence_concurrency"",""resources""],""time_basis"":""frames"",""track_count"":4,""track_windows"":[{""dynamic_background_clutter"":0,""event_center_frame"":599,""fast_motion"":0,""inactive_frames_in_window"":0,""medium_size"":1,""normal_size"":1,""occlusion"":0,""offset_steps"":0,""out_of_view"":0,""requested_window_mode"":""motion"",""scale_variation"":0,""selected_window_mode"":""motion"",""small_size"":0,""source_active_frames"":1000,""source_end_frame"":718,""source_frames"":1000,""source_inactive_frames"":0,""source_path"":""D:\\360Downloads\\123\\data\\Anti-UAV410\\annos\\test\\20190926_102042_1_1.txt"",""source_sha256"":""80809a6345fd69e5532434ad92660f3d62169262ece892e0317496438b5a19d0"",""source_start_frame"":479,""source_window_frames"":240,""task_id"":""AU-01"",""thermal_crossover"":1,""tiny_size"":0,""visibility_event_count"":0},{""dynamic_background_clutter"":0,""event_center_frame"":684,""fast_motion"":0,""inactive_frames_in_window"":0,""medium_size"":1,""normal_size"":0,""occlusion"":0,""offset_steps"":1,""out_of_view"":0,""requested_window_mode"":""scale"",""scale_variation"":1,""selected_window_mode"":""scale"",""small_size"":1,""source_active_frames"":948,""source_end_frame"":803,""source_frames"":948,""source_inactive_frames"":0,""source_path"":""D:\\360Downloads\\123\\data\\Anti-UAV410\\annos\\test\\20190925_111757_1_8.txt"",""source_sha256"":""037fc717f8d6f58b14964f0d822f55218e238d35cd9b906a642c6c5bbbbb61a0"",""source_start_frame"":564,""source_window_frames"":240,""task_id"":""AU-02"",""thermal_crossover"":1,""tiny_size"":0,""visibility_event_count"":0},{""dynamic_background_clutter"":0,""event_center_frame"":787,""fast_motion"":1,""inactive_frames_in_window"":66,""medium_size"":1,""normal_size"":0,""occlusion"":0,""offset_steps"":2,""out_of_view"":1,""requested_window_mode"":""visibility"",""scale_variation"":1,""selected_window_mode"":""visibility"",""small_size"":1,""source_active_frames"":934,""source_end_frame"":906,""source_frames"":1000,""source_inactive_frames"":66,""source_path"":""D:\\360Downloads\\123\\data\\Anti-UAV410\\annos\\test\\20190926_102042_1_2.txt"",""source_sha256"":""0a9766d279e2989340a1fd2efb8bdee572db014a5ed579141af00b8aff76cab2"",""source_start_frame"":667,""source_window_frames"":240,""task_id"":""AU-03"",""thermal_crossover"":1,""tiny_size"":1,""visibility_event_count"":2},{""dynamic_background_clutter"":1,""event_center_frame"":933,""fast_motion"":1,""inactive_frames_in_window"":253,""medium_size"":0,""normal_size"":0,""occlusion"":1,""offset_steps"":3,""out_of_view"":1,""requested_window_mode"":""visibility"",""scale_variation"":0,""selected_window_mode"":""visibility"",""small_size"":1,""source_active_frames"":1195,""source_end_frame"":1089,""source_frames"":1500,""source_inactive_frames"":305,""source_path"":""D:\\360Downloads\\123\\data\\Anti-UAV410\\annos\\test\\3700000000002_153918_1.txt"",""source_sha256"":""f1959bdc0301e7398c10250f4cab28be829f00297cb2017431d6016f441288f0"",""source_start_frame"":777,""source_window_frames"":313,""task_id"":""AU-04"",""thermal_crossover"":1,""tiny_size"":1,""visibility_event_count"":5}]}",7,720.0,AU-02,1,1,1,3,{},0.34016537702117533,0.019014061055585504,0.5,0.31405224227349327,0.6486972804519037,1.0,0.34016537702117533,0.019014061055585504,0.5,0.31405224227349327,0.6486972804519037,1.0
anti_uav410,AU-L04-W04,public-trajectory-replay-v2,"{""event_window_version"":""anti-uav-event-window-v1"",""evidence_type"":""measured_image_plane_tracks_with_simulated_response_resources"",""fps"":null,""image_height"":512,""image_width"":640,""measured_dimensions"":[""apparent_size"",""image_plane_speed"",""visibility""],""motion_unit"":""normalized_image_diagonal_per_frame"",""protected_point"":[0.5,0.85],""source_files"":[""D:\\360Downloads\\123\\data\\Anti-UAV410\\annos\\test\\20190926_102042_1_1.txt"",""D:\\360Downloads\\123\\data\\Anti-UAV410\\annos\\test\\20190925_111757_1_8.txt"",""D:\\360Downloads\\123\\data\\Anti-UAV410\\annos\\test\\20190926_102042_1_2.txt"",""D:\\360Downloads\\123\\data\\Anti-UAV410\\annos\\test\\3700000000002_153918_1.txt""],""source_sha256"":[""80809a6345fd69e5532434ad92660f3d62169262ece892e0317496438b5a19d0"",""037fc717f8d6f58b14964f0d822f55218e238d35cd9b906a642c6c5bbbbb61a0"",""0a9766d279e2989340a1fd2efb8bdee572db014a5ed579141af00b8aff76cab2"",""f1959bdc0301e7398c10250f4cab28be829f00297cb2017431d6016f441288f0""],""synthetic_dimensions"":[""spatial_level"",""risk"",""response_window"",""multi_sequence_concurrency"",""resources""],""time_basis"":""frames"",""track_count"":4,""track_windows"":[{""dynamic_background_clutter"":0,""event_center_frame"":599,""fast_motion"":0,""inactive_frames_in_window"":0,""medium_size"":1,""normal_size"":1,""occlusion"":0,""offset_steps"":0,""out_of_view"":0,""requested_window_mode"":""motion"",""scale_variation"":0,""selected_window_mode"":""motion"",""small_size"":0,""source_active_frames"":1000,""source_end_frame"":718,""source_frames"":1000,""source_inactive_frames"":0,""source_path"":""D:\\360Downloads\\123\\data\\Anti-UAV410\\annos\\test\\20190926_102042_1_1.txt"",""source_sha256"":""80809a6345fd69e5532434ad92660f3d62169262ece892e0317496438b5a19d0"",""source_start_frame"":479,""source_window_frames"":240,""task_id"":""AU-01"",""thermal_crossover"":1,""tiny_size"":0,""visibility_event_count"":0},{""dynamic_background_clutter"":0,""event_center_frame"":684,""fast_motion"":0,""inactive_frames_in_window"":0,""medium_size"":1,""normal_size"":0,""occlusion"":0,""offset_steps"":1,""out_of_view"":0,""requested_window_mode"":""scale"",""scale_variation"":1,""selected_window_mode"":""scale"",""small_size"":1,""source_active_frames"":948,""source_end_frame"":803,""source_frames"":948,""source_inactive_frames"":0,""source_path"":""D:\\360Downloads\\123\\data\\Anti-UAV410\\annos\\test\\20190925_111757_1_8.txt"",""source_sha256"":""037fc717f8d6f58b14964f0d822f55218e238d35cd9b906a642c6c5bbbbb61a0"",""source_start_frame"":564,""source_window_frames"":240,""task_id"":""AU-02"",""thermal_crossover"":1,""tiny_size"":0,""visibility_event_count"":0},{""dynamic_background_clutter"":0,""event_center_frame"":787,""fast_motion"":1,""inactive_frames_in_window"":66,""medium_size"":1,""normal_size"":0,""occlusion"":0,""offset_steps"":2,""out_of_view"":1,""requested_window_mode"":""visibility"",""scale_variation"":1,""selected_window_mode"":""visibility"",""small_size"":1,""source_active_frames"":934,""source_end_frame"":906,""source_frames"":1000,""source_inactive_frames"":66,""source_path"":""D:\\360Downloads\\123\\data\\Anti-UAV410\\annos\\test\\20190926_102042_1_2.txt"",""source_sha256"":""0a9766d279e2989340a1fd2efb8bdee572db014a5ed579141af00b8aff76cab2"",""source_start_frame"":667,""source_window_frames"":240,""task_id"":""AU-03"",""thermal_crossover"":1,""tiny_size"":1,""visibility_event_count"":2},{""dynamic_background_clutter"":1,""event_center_frame"":933,""fast_motion"":1,""inactive_frames_in_window"":253,""medium_size"":0,""normal_size"":0,""occlusion"":1,""offset_steps"":3,""out_of_view"":1,""requested_window_mode"":""visibility"",""scale_variation"":0,""selected_window_mode"":""visibility"",""small_size"":1,""source_active_frames"":1195,""source_end_frame"":1089,""source_frames"":1500,""source_inactive_frames"":305,""source_path"":""D:\\360Downloads\\123\\data\\Anti-UAV410\\annos\\test\\3700000000002_153918_1.txt"",""source_sha256"":""f1959bdc0301e7398c10250f4cab28be829f00297cb2017431d6016f441288f0"",""source_start_frame"":777,""source_window_frames"":313,""task_id"":""AU-04"",""thermal_crossover"":1,""tiny_size"":1,""visibility_event_count"":5}]}",7,720.0,AU-03,1,1,1,3,{},0.09656508446739145,1.0,0.5,0.0,0.39316565286386956,1.0,0.09656508446739145,1.0,0.5,0.0,0.39316565286386956,1.0
anti_uav410,AU-L04-W04,public-trajectory-replay-v2,"{""event_window_version"":""anti-uav-event-window-v1"",""evidence_type"":""measured_image_plane_tracks_with_simulated_response_resources"",""fps"":null,""image_height"":512,""image_width"":640,""measured_dimensions"":[""apparent_size"",""image_plane_speed"",""visibility""],""motion_unit"":""normalized_image_diagonal_per_frame"",""protected_point"":[0.5,0.85],""source_files"":[""D:\\360Downloads\\123\\data\\Anti-UAV410\\annos\\test\\20190926_102042_1_1.txt"",""D:\\360Downloads\\123\\data\\Anti-UAV410\\annos\\test\\20190925_111757_1_8.txt"",""D:\\360Downloads\\123\\data\\Anti-UAV410\\annos\\test\\20190926_102042_1_2.txt"",""D:\\360Downloads\\123\\data\\Anti-UAV410\\annos\\test\\3700000000002_153918_1.txt""],""source_sha256"":[""80809a6345fd69e5532434ad92660f3d62169262ece892e0317496438b5a19d0"",""037fc717f8d6f58b14964f0d822f55218e238d35cd9b906a642c6c5bbbbb61a0"",""0a9766d279e2989340a1fd2efb8bdee572db014a5ed579141af00b8aff76cab2"",""f1959bdc0301e7398c10250f4cab28be829f00297cb2017431d6016f441288f0""],""synthetic_dimensions"":[""spatial_level"",""risk"",""response_window"",""multi_sequence_concurrency"",""resources""],""time_basis"":""frames"",""track_count"":4,""track_windows"":[{""dynamic_background_clutter"":0,""event_center_frame"":599,""fast_motion"":0,""inactive_frames_in_window"":0,""medium_size"":1,""normal_size"":1,""occlusion"":0,""offset_steps"":0,""out_of_view"":0,""requested_window_mode"":""motion"",""scale_variation"":0,""selected_window_mode"":""motion"",""small_size"":0,""source_active_frames"":1000,""source_end_frame"":718,""source_frames"":1000,""source_inactive_frames"":0,""source_path"":""D:\\360Downloads\\123\\data\\Anti-UAV410\\annos\\test\\20190926_102042_1_1.txt"",""source_sha256"":""80809a6345fd69e5532434ad92660f3d62169262ece892e0317496438b5a19d0"",""source_start_frame"":479,""source_window_frames"":240,""task_id"":""AU-01"",""thermal_crossover"":1,""tiny_size"":0,""visibility_event_count"":0},{""dynamic_background_clutter"":0,""event_center_frame"":684,""fast_motion"":0,""inactive_frames_in_window"":0,""medium_size"":1,""normal_size"":0,""occlusion"":0,""offset_steps"":1,""out_of_view"":0,""requested_window_mode"":""scale"",""scale_variation"":1,""selected_window_mode"":""scale"",""small_size"":1,""source_active_frames"":948,""source_end_frame"":803,""source_frames"":948,""source_inactive_frames"":0,""source_path"":""D:\\360Downloads\\123\\data\\Anti-UAV410\\annos\\test\\20190925_111757_1_8.txt"",""source_sha256"":""037fc717f8d6f58b14964f0d822f55218e238d35cd9b906a642c6c5bbbbb61a0"",""source_start_frame"":564,""source_window_frames"":240,""task_id"":""AU-02"",""thermal_crossover"":1,""tiny_size"":0,""visibility_event_count"":0},{""dynamic_background_clutter"":0,""event_center_frame"":787,""fast_motion"":1,""inactive_frames_in_window"":66,""medium_size"":1,""normal_size"":0,""occlusion"":0,""offset_steps"":2,""out_of_view"":1,""requested_window_mode"":""visibility"",""scale_variation"":1,""selected_window_mode"":""visibility"",""small_size"":1,""source_active_frames"":934,""source_end_frame"":906,""source_frames"":1000,""source_inactive_frames"":66,""source_path"":""D:\\360Downloads\\123\\data\\Anti-UAV410\\annos\\test\\20190926_102042_1_2.txt"",""source_sha256"":""0a9766d279e2989340a1fd2efb8bdee572db014a5ed579141af00b8aff76cab2"",""source_start_frame"":667,""source_window_frames"":240,""task_id"":""AU-03"",""thermal_crossover"":1,""tiny_size"":1,""visibility_event_count"":2},{""dynamic_background_clutter"":1,""event_center_frame"":933,""fast_motion"":1,""inactive_frames_in_window"":253,""medium_size"":0,""normal_size"":0,""occlusion"":1,""offset_steps"":3,""out_of_view"":1,""requested_window_mode"":""visibility"",""scale_variation"":0,""selected_window_mode"":""visibility"",""small_size"":1,""source_active_frames"":1195,""source_end_frame"":1089,""source_frames"":1500,""source_inactive_frames"":305,""source_path"":""D:\\360Downloads\\123\\data\\Anti-UAV410\\annos\\test\\3700000000002_153918_1.txt"",""source_sha256"":""f1959bdc0301e7398c10250f4cab28be829f00297cb2017431d6016f441288f0"",""source_start_frame"":777,""source_window_frames"":313,""task_id"":""AU-04"",""thermal_crossover"":1,""tiny_size"":1,""visibility_event_count"":5}]}",7,720.0,AU-04,0,0,1,3,{},0.0,0.0,0.5,0.0,0.35,1.0,0.0,0.0,0.5,0.0,0.35,1.0
anti_uav410,AU-L04-W04,public-trajectory-replay-v2,"{""event_window_version"":""anti-uav-event-window-v1"",""evidence_type"":""measured_image_plane_tracks_with_simulated_response_resources"",""fps"":null,""image_height"":512,""image_width"":640,""measured_dimensions"":[""apparent_size"",""image_plane_speed"",""visibility""],""motion_unit"":""normalized_image_diagonal_per_frame"",""protected_point"":[0.5,0.85],""source_files"":[""D:\\360Downloads\\123\\data\\Anti-UAV410\\annos\\test\\20190926_102042_1_1.txt"",""D:\\360Downloads\\123\\data\\Anti-UAV410\\annos\\test\\20190925_111757_1_8.txt"",""D:\\360Downloads\\123\\data\\Anti-UAV410\\annos\\test\\20190926_102042_1_2.txt"",""D:\\360Downloads\\123\\data\\Anti-UAV410\\annos\\test\\3700000000002_153918_1.txt""],""source_sha256"":[""80809a6345fd69e5532434ad92660f3d62169262ece892e0317496438b5a19d0"",""037fc717f8d6f58b14964f0d822f55218e238d35cd9b906a642c6c5bbbbb61a0"",""0a9766d279e2989340a1fd2efb8bdee572db014a5ed579141af00b8aff76cab2"",""f1959bdc0301e7398c10250f4cab28be829f00297cb2017431d6016f441288f0""],""synthetic_dimensions"":[""spatial_level"",""risk"",""response_window"",""multi_sequence_concurrency"",""resources""],""time_basis"":""frames"",""track_count"":4,""track_windows"":[{""dynamic_background_clutter"":0,""event_center_frame"":599,""fast_motion"":0,""inactive_frames_in_window"":0,""medium_size"":1,""normal_size"":1,""occlusion"":0,""offset_steps"":0,""out_of_view"":0,""requested_window_mode"":""motion"",""scale_variation"":0,""selected_window_mode"":""motion"",""small_size"":0,""source_active_frames"":1000,""source_end_frame"":718,""source_frames"":1000,""source_inactive_frames"":0,""source_path"":""D:\\360Downloads\\123\\data\\Anti-UAV410\\annos\\test\\20190926_102042_1_1.txt"",""source_sha256"":""80809a6345fd69e5532434ad92660f3d62169262ece892e0317496438b5a19d0"",""source_start_frame"":479,""source_window_frames"":240,""task_id"":""AU-01"",""thermal_crossover"":1,""tiny_size"":0,""visibility_event_count"":0},{""dynamic_background_clutter"":0,""event_center_frame"":684,""fast_motion"":0,""inactive_frames_in_window"":0,""medium_size"":1,""normal_size"":0,""occlusion"":0,""offset_steps"":1,""out_of_view"":0,""requested_window_mode"":""scale"",""scale_variation"":1,""selected_window_mode"":""scale"",""small_size"":1,""source_active_frames"":948,""source_end_frame"":803,""source_frames"":948,""source_inactive_frames"":0,""source_path"":""D:\\360Downloads\\123\\data\\Anti-UAV410\\annos\\test\\20190925_111757_1_8.txt"",""source_sha256"":""037fc717f8d6f58b14964f0d822f55218e238d35cd9b906a642c6c5bbbbb61a0"",""source_start_frame"":564,""source_window_frames"":240,""task_id"":""AU-02"",""thermal_crossover"":1,""tiny_size"":0,""visibility_event_count"":0},{""dynamic_background_clutter"":0,""event_center_frame"":787,""fast_motion"":1,""inactive_frames_in_window"":66,""medium_size"":1,""normal_size"":0,""occlusion"":0,""offset_steps"":2,""out_of_view"":1,""requested_window_mode"":""visibility"",""scale_variation"":1,""selected_window_mode"":""visibility"",""small_size"":1,""source_active_frames"":934,""source_end_frame"":906,""source_frames"":1000,""source_inactive_frames"":66,""source_path"":""D:\\360Downloads\\123\\data\\Anti-UAV410\\annos\\test\\20190926_102042_1_2.txt"",""source_sha256"":""0a9766d279e2989340a1fd2efb8bdee572db014a5ed579141af00b8aff76cab2"",""source_start_frame"":667,""source_window_frames"":240,""task_id"":""AU-03"",""thermal_crossover"":1,""tiny_size"":1,""visibility_event_count"":2},{""dynamic_background_clutter"":1,""event_center_frame"":933,""fast_motion"":1,""inactive_frames_in_window"":253,""medium_size"":0,""normal_size"":0,""occlusion"":1,""offset_steps"":3,""out_of_view"":1,""requested_window_mode"":""visibility"",""scale_variation"":0,""selected_window_mode"":""visibility"",""small_size"":1,""source_active_frames"":1195,""source_end_frame"":1089,""source_frames"":1500,""source_inactive_frames"":305,""source_path"":""D:\\360Downloads\\123\\data\\Anti-UAV410\\annos\\test\\3700000000002_153918_1.txt"",""source_sha256"":""f1959bdc0301e7398c10250f4cab28be829f00297cb2017431d6016f441288f0"",""source_start_frame"":777,""source_window_frames"":313,""task_id"":""AU-04"",""thermal_crossover"":1,""tiny_size"":1,""visibility_event_count"":5}]}",8,692.0,AU-01,1,1,1,3,{},0.7142197109184328,0.008331742814445363,0.5,0.21558609409237905,0.6359487429708479,1.0,0.7142197109184328,0.008331742814445363,0.5,0.21558609409237905,0.6359487429708479,1.0
anti_uav410,AU-L04-W04,public-trajectory-replay-v2,"{""event_window_version"":""anti-uav-event-window-v1"",""evidence_type"":""measured_image_plane_tracks_with_simulated_response_resources"",""fps"":null,""image_height"":512,""image_width"":640,""measured_dimensions"":[""apparent_size"",""image_plane_speed"",""visibility""],""motion_unit"":""normalized_image_diagonal_per_frame"",""protected_point"":[0.5,0.85],""source_files"":[""D:\\360Downloads\\123\\data\\Anti-UAV410\\annos\\test\\20190926_102042_1_1.txt"",""D:\\360Downloads\\123\\data\\Anti-UAV410\\annos\\test\\20190925_111757_1_8.txt"",""D:\\360Downloads\\123\\data\\Anti-UAV410\\annos\\test\\20190926_102042_1_2.txt"",""D:\\360Downloads\\123\\data\\Anti-UAV410\\annos\\test\\3700000000002_153918_1.txt""],""source_sha256"":[""80809a6345fd69e5532434ad92660f3d62169262ece892e0317496438b5a19d0"",""037fc717f8d6f58b14964f0d822f55218e238d35cd9b906a642c6c5bbbbb61a0"",""0a9766d279e2989340a1fd2efb8bdee572db014a5ed579141af00b8aff76cab2"",""f1959bdc0301e7398c10250f4cab28be829f00297cb2017431d6016f441288f0""],""synthetic_dimensions"":[""spatial_level"",""risk"",""response_window"",""multi_sequence_concurrency"",""resources""],""time_basis"":""frames"",""track_count"":4,""track_windows"":[{""dynamic_background_clutter"":0,""event_center_frame"":599,""fast_motion"":0,""inactive_frames_in_window"":0,""medium_size"":1,""normal_size"":1,""occlusion"":0,""offset_steps"":0,""out_of_view"":0,""requested_window_mode"":""motion"",""scale_variation"":0,""selected_window_mode"":""motion"",""small_size"":0,""source_active_frames"":1000,""source_end_frame"":718,""source_frames"":1000,""source_inactive_frames"":0,""source_path"":""D:\\360Downloads\\123\\data\\Anti-UAV410\\annos\\test\\20190926_102042_1_1.txt"",""source_sha256"":""80809a6345fd69e5532434ad92660f3d62169262ece892e0317496438b5a19d0"",""source_start_frame"":479,""source_window_frames"":240,""task_id"":""AU-01"",""thermal_crossover"":1,""tiny_size"":0,""visibility_event_count"":0},{""dynamic_background_clutter"":0,""event_center_frame"":684,""fast_motion"":0,""inactive_frames_in_window"":0,""medium_size"":1,""normal_size"":0,""occlusion"":0,""offset_steps"":1,""out_of_view"":0,""requested_window_mode"":""scale"",""scale_variation"":1,""selected_window_mode"":""scale"",""small_size"":1,""source_active_frames"":948,""source_end_frame"":803,""source_frames"":948,""source_inactive_frames"":0,""source_path"":""D:\\360Downloads\\123\\data\\Anti-UAV410\\annos\\test\\20190925_111757_1_8.txt"",""source_sha256"":""037fc717f8d6f58b14964f0d822f55218e238d35cd9b906a642c6c5bbbbb61a0"",""source_start_frame"":564,""source_window_frames"":240,""task_id"":""AU-02"",""thermal_crossover"":1,""tiny_size"":0,""visibility_event_count"":0},{""dynamic_background_clutter"":0,""event_center_frame"":787,""fast_motion"":1,""inactive_frames_in_window"":66,""medium_size"":1,""normal_size"":0,""occlusion"":0,""offset_steps"":2,""out_of_view"":1,""requested_window_mode"":""visibility"",""scale_variation"":1,""selected_window_mode"":""visibility"",""small_size"":1,""source_active_frames"":934,""source_end_frame"":906,""source_frames"":1000,""source_inactive_frames"":66,""source_path"":""D:\\360Downloads\\123\\data\\Anti-UAV410\\annos\\test\\20190926_102042_1_2.txt"",""source_sha256"":""0a9766d279e2989340a1fd2efb8bdee572db014a5ed579141af00b8aff76cab2"",""source_start_frame"":667,""source_window_frames"":240,""task_id"":""AU-03"",""thermal_crossover"":1,""tiny_size"":1,""visibility_event_count"":2},{""dynamic_background_clutter"":1,""event_center_frame"":933,""fast_motion"":1,""inactive_frames_in_window"":253,""medium_size"":0,""normal_size"":0,""occlusion"":1,""offset_steps"":3,""out_of_view"":1,""requested_window_mode"":""visibility"",""scale_variation"":0,""selected_window_mode"":""visibility"",""small_size"":1,""source_active_frames"":1195,""source_end_frame"":1089,""source_frames"":1500,""source_inactive_frames"":305,""source_path"":""D:\\360Downloads\\123\\data\\Anti-UAV410\\annos\\test\\3700000000002_153918_1.txt"",""source_sha256"":""f1959bdc0301e7398c10250f4cab28be829f00297cb2017431d6016f441288f0"",""source_start_frame"":777,""source_window_frames"":313,""task_id"":""AU-04"",""thermal_crossover"":1,""tiny_size"":1,""visibility_event_count"":5}]}",8,692.0,AU-02,1,1,1,3,{},0.4538652358836817,0.2841288540804684,0.5,0.21558609409237905,0.631538510696485,1.0,0.4538652358836817,0.2841288540804684,0.5,0.21558609409237905,0.631538510696485,1.0
anti_uav410,AU-L04-W04,public-trajectory-replay-v2,"{""event_window_version"":""anti-uav-event-window-v1"",""evidence_type"":""measured_image_plane_tracks_with_simulated_response_resources"",""fps"":null,""image_height"":512,""image_width"":640,""measured_dimensions"":[""apparent_size"",""image_plane_speed"",""visibility""],""motion_unit"":""normalized_image_diagonal_per_frame"",""protected_point"":[0.5,0.85],""source_files"":[""D:\\360Downloads\\123\\data\\Anti-UAV410\\annos\\test\\20190926_102042_1_1.txt"",""D:\\360Downloads\\123\\data\\Anti-UAV410\\annos\\test\\20190925_111757_1_8.txt"",""D:\\360Downloads\\123\\data\\Anti-UAV410\\annos\\test\\20190926_102042_1_2.txt"",""D:\\360Downloads\\123\\data\\Anti-UAV410\\annos\\test\\3700000000002_153918_1.txt""],""source_sha256"":[""80809a6345fd69e5532434ad92660f3d62169262ece892e0317496438b5a19d0"",""037fc717f8d6f58b14964f0d822f55218e238d35cd9b906a642c6c5bbbbb61a0"",""0a9766d279e2989340a1fd2efb8bdee572db014a5ed579141af00b8aff76cab2"",""f1959bdc0301e7398c10250f4cab28be829f00297cb2017431d6016f441288f0""],""synthetic_dimensions"":[""spatial_level"",""risk"",""response_window"",""multi_sequence_concurrency"",""resources""],""time_basis"":""frames"",""track_count"":4,""track_windows"":[{""dynamic_background_clutter"":0,""event_center_frame"":599,""fast_motion"":0,""inactive_frames_in_window"":0,""medium_size"":1,""normal_size"":1,""occlusion"":0,""offset_steps"":0,""out_of_view"":0,""requested_window_mode"":""motion"",""scale_variation"":0,""selected_window_mode"":""motion"",""small_size"":0,""source_active_frames"":1000,""source_end_frame"":718,""source_frames"":1000,""source_inactive_frames"":0,""source_path"":""D:\\360Downloads\\123\\data\\Anti-UAV410\\annos\\test\\20190926_102042_1_1.txt"",""source_sha256"":""80809a6345fd69e5532434ad92660f3d62169262ece892e0317496438b5a19d0"",""source_start_frame"":479,""source_window_frames"":240,""task_id"":""AU-01"",""thermal_crossover"":1,""tiny_size"":0,""visibility_event_count"":0},{""dynamic_background_clutter"":0,""event_center_frame"":684,""fast_motion"":0,""inactive_frames_in_window"":0,""medium_size"":1,""normal_size"":0,""occlusion"":0,""offset_steps"":1,""out_of_view"":0,""requested_window_mode"":""scale"",""scale_variation"":1,""selected_window_mode"":""scale"",""small_size"":1,""source_active_frames"":948,""source_end_frame"":803,""source_frames"":948,""source_inactive_frames"":0,""source_path"":""D:\\360Downloads\\123\\data\\Anti-UAV410\\annos\\test\\20190925_111757_1_8.txt"",""source_sha256"":""037fc717f8d6f58b14964f0d822f55218e238d35cd9b906a642c6c5bbbbb61a0"",""source_start_frame"":564,""source_window_frames"":240,""task_id"":""AU-02"",""thermal_crossover"":1,""tiny_size"":0,""visibility_event_count"":0},{""dynamic_background_clutter"":0,""event_center_frame"":787,""fast_motion"":1,""inactive_frames_in_window"":66,""medium_size"":1,""normal_size"":0,""occlusion"":0,""offset_steps"":2,""out_of_view"":1,""requested_window_mode"":""visibility"",""scale_variation"":1,""selected_window_mode"":""visibility"",""small_size"":1,""source_active_frames"":934,""source_end_frame"":906,""source_frames"":1000,""source_inactive_frames"":66,""source_path"":""D:\\360Downloads\\123\\data\\Anti-UAV410\\annos\\test\\20190926_102042_1_2.txt"",""source_sha256"":""0a9766d279e2989340a1fd2efb8bdee572db014a5ed579141af00b8aff76cab2"",""source_start_frame"":667,""source_window_frames"":240,""task_id"":""AU-03"",""thermal_crossover"":1,""tiny_size"":1,""visibility_event_count"":2},{""dynamic_background_clutter"":1,""event_center_frame"":933,""fast_motion"":1,""inactive_frames_in_window"":253,""medium_size"":0,""normal_size"":0,""occlusion"":1,""offset_steps"":3,""out_of_view"":1,""requested_window_mode"":""visibility"",""scale_variation"":0,""selected_window_mode"":""visibility"",""small_size"":1,""source_active_frames"":1195,""source_end_frame"":1089,""source_frames"":1500,""source_inactive_frames"":305,""source_path"":""D:\\360Downloads\\123\\data\\Anti-UAV410\\annos\\test\\3700000000002_153918_1.txt"",""source_sha256"":""f1959bdc0301e7398c10250f4cab28be829f00297cb2017431d6016f441288f0"",""source_start_frame"":777,""source_window_frames"":313,""task_id"":""AU-04"",""thermal_crossover"":1,""tiny_size"":1,""visibility_event_count"":5}]}",8,692.0,AU-03,0,0,1,3,{},0.0,0.0,0.5,0.0,0.35,1.0,0.0,0.0,0.5,0.0,0.35,1.0
anti_uav410,AU-L04-W04,public-trajectory-replay-v2,"{""event_window_version"":""anti-uav-event-window-v1"",""evidence_type"":""measured_image_plane_tracks_with_simulated_response_resources"",""fps"":null,""image_height"":512,""image_width"":640,""measured_dimensions"":[""apparent_size"",""image_plane_speed"",""visibility""],""motion_unit"":""normalized_image_diagonal_per_frame"",""protected_point"":[0.5,0.85],""source_files"":[""D:\\360Downloads\\123\\data\\Anti-UAV410\\annos\\test\\20190926_102042_1_1.txt"",""D:\\360Downloads\\123\\data\\Anti-UAV410\\annos\\test\\20190925_111757_1_8.txt"",""D:\\360Downloads\\123\\data\\Anti-UAV410\\annos\\test\\20190926_102042_1_2.txt"",""D:\\360Downloads\\123\\data\\Anti-UAV410\\annos\\test\\3700000000002_153918_1.txt""],""source_sha256"":[""80809a6345fd69e5532434ad92660f3d62169262ece892e0317496438b5a19d0"",""037fc717f8d6f58b14964f0d822f55218e238d35cd9b906a642c6c5bbbbb61a0"",""0a9766d279e2989340a1fd2efb8bdee572db014a5ed579141af00b8aff76cab2"",""f1959bdc0301e7398c10250f4cab28be829f00297cb2017431d6016f441288f0""],""synthetic_dimensions"":[""spatial_level"",""risk"",""response_window"",""multi_sequence_concurrency"",""resources""],""time_basis"":""frames"",""track_count"":4,""track_windows"":[{""dynamic_background_clutter"":0,""event_center_frame"":599,""fast_motion"":0,""inactive_frames_in_window"":0,""medium_size"":1,""normal_size"":1,""occlusion"":0,""offset_steps"":0,""out_of_view"":0,""requested_window_mode"":""motion"",""scale_variation"":0,""selected_window_mode"":""motion"",""small_size"":0,""source_active_frames"":1000,""source_end_frame"":718,""source_frames"":1000,""source_inactive_frames"":0,""source_path"":""D:\\360Downloads\\123\\data\\Anti-UAV410\\annos\\test\\20190926_102042_1_1.txt"",""source_sha256"":""80809a6345fd69e5532434ad92660f3d62169262ece892e0317496438b5a19d0"",""source_start_frame"":479,""source_window_frames"":240,""task_id"":""AU-01"",""thermal_crossover"":1,""tiny_size"":0,""visibility_event_count"":0},{""dynamic_background_clutter"":0,""event_center_frame"":684,""fast_motion"":0,""inactive_frames_in_window"":0,""medium_size"":1,""normal_size"":0,""occlusion"":0,""offset_steps"":1,""out_of_view"":0,""requested_window_mode"":""scale"",""scale_variation"":1,""selected_window_mode"":""scale"",""small_size"":1,""source_active_frames"":948,""source_end_frame"":803,""source_frames"":948,""source_inactive_frames"":0,""source_path"":""D:\\360Downloads\\123\\data\\Anti-UAV410\\annos\\test\\20190925_111757_1_8.txt"",""source_sha256"":""037fc717f8d6f58b14964f0d822f55218e238d35cd9b906a642c6c5bbbbb61a0"",""source_start_frame"":564,""source_window_frames"":240,""task_id"":""AU-02"",""thermal_crossover"":1,""tiny_size"":0,""visibility_event_count"":0},{""dynamic_background_clutter"":0,""event_center_frame"":787,""fast_motion"":1,""inactive_frames_in_window"":66,""medium_size"":1,""normal_size"":0,""occlusion"":0,""offset_steps"":2,""out_of_view"":1,""requested_window_mode"":""visibility"",""scale_variation"":1,""selected_window_mode"":""visibility"",""small_size"":1,""source_active_frames"":934,""source_end_frame"":906,""source_frames"":1000,""source_inactive_frames"":66,""source_path"":""D:\\360Downloads\\123\\data\\Anti-UAV410\\annos\\test\\20190926_102042_1_2.txt"",""source_sha256"":""0a9766d279e2989340a1fd2efb8bdee572db014a5ed579141af00b8aff76cab2"",""source_start_frame"":667,""source_window_frames"":240,""task_id"":""AU-03"",""thermal_crossover"":1,""tiny_size"":1,""visibility_event_count"":2},{""dynamic_background_clutter"":1,""event_center_frame"":933,""fast_motion"":1,""inactive_frames_in_window"":253,""medium_size"":0,""normal_size"":0,""occlusion"":1,""offset_steps"":3,""out_of_view"":1,""requested_window_mode"":""visibility"",""scale_variation"":0,""selected_window_mode"":""visibility"",""small_size"":1,""source_active_frames"":1195,""source_end_frame"":1089,""source_frames"":1500,""source_inactive_frames"":305,""source_path"":""D:\\360Downloads\\123\\data\\Anti-UAV410\\annos\\test\\3700000000002_153918_1.txt"",""source_sha256"":""f1959bdc0301e7398c10250f4cab28be829f00297cb2017431d6016f441288f0"",""source_start_frame"":777,""source_window_frames"":313,""task_id"":""AU-04"",""thermal_crossover"":1,""tiny_size"":1,""visibility_event_count"":5}]}",8,692.0,AU-04,0,0,1,3,{},0.0,0.0,0.5,0.0,0.35,1.0,0.0,0.0,0.5,0.0,0.35,1.0
anti_uav410,AU-L04-W04,public-trajectory-replay-v2,"{""event_window_version"":""anti-uav-event-window-v1"",""evidence_type"":""measured_image_plane_tracks_with_simulated_response_resources"",""fps"":null,""image_height"":512,""image_width"":640,""measured_dimensions"":[""apparent_size"",""image_plane_speed"",""visibility""],""motion_unit"":""normalized_image_diagonal_per_frame"",""protected_point"":[0.5,0.85],""source_files"":[""D:\\360Downloads\\123\\data\\Anti-UAV410\\annos\\test\\20190926_102042_1_1.txt"",""D:\\360Downloads\\123\\data\\Anti-UAV410\\annos\\test\\20190925_111757_1_8.txt"",""D:\\360Downloads\\123\\data\\Anti-UAV410\\annos\\test\\20190926_102042_1_2.txt"",""D:\\360Downloads\\123\\data\\Anti-UAV410\\annos\\test\\3700000000002_153918_1.txt""],""source_sha256"":[""80809a6345fd69e5532434ad92660f3d62169262ece892e0317496438b5a19d0"",""037fc717f8d6f58b14964f0d822f55218e238d35cd9b906a642c6c5bbbbb61a0"",""0a9766d279e2989340a1fd2efb8bdee572db014a5ed579141af00b8aff76cab2"",""f1959bdc0301e7398c10250f4cab28be829f00297cb2017431d6016f441288f0""],""synthetic_dimensions"":[""spatial_level"",""risk"",""response_window"",""multi_sequence_concurrency"",""resources""],""time_basis"":""frames"",""track_count"":4,""track_windows"":[{""dynamic_background_clutter"":0,""event_center_frame"":599,""fast_motion"":0,""inactive_frames_in_window"":0,""medium_size"":1,""normal_size"":1,""occlusion"":0,""offset_steps"":0,""out_of_view"":0,""requested_window_mode"":""motion"",""scale_variation"":0,""selected_window_mode"":""motion"",""small_size"":0,""source_active_frames"":1000,""source_end_frame"":718,""source_frames"":1000,""source_inactive_frames"":0,""source_path"":""D:\\360Downloads\\123\\data\\Anti-UAV410\\annos\\test\\20190926_102042_1_1.txt"",""source_sha256"":""80809a6345fd69e5532434ad92660f3d62169262ece892e0317496438b5a19d0"",""source_start_frame"":479,""source_window_frames"":240,""task_id"":""AU-01"",""thermal_crossover"":1,""tiny_size"":0,""visibility_event_count"":0},{""dynamic_background_clutter"":0,""event_center_frame"":684,""fast_motion"":0,""inactive_frames_in_window"":0,""medium_size"":1,""normal_size"":0,""occlusion"":0,""offset_steps"":1,""out_of_view"":0,""requested_window_mode"":""scale"",""scale_variation"":1,""selected_window_mode"":""scale"",""small_size"":1,""source_active_frames"":948,""source_end_frame"":803,""source_frames"":948,""source_inactive_frames"":0,""source_path"":""D:\\360Downloads\\123\\data\\Anti-UAV410\\annos\\test\\20190925_111757_1_8.txt"",""source_sha256"":""037fc717f8d6f58b14964f0d822f55218e238d35cd9b906a642c6c5bbbbb61a0"",""source_start_frame"":564,""source_window_frames"":240,""task_id"":""AU-02"",""thermal_crossover"":1,""tiny_size"":0,""visibility_event_count"":0},{""dynamic_background_clutter"":0,""event_center_frame"":787,""fast_motion"":1,""inactive_frames_in_window"":66,""medium_size"":1,""normal_size"":0,""occlusion"":0,""offset_steps"":2,""out_of_view"":1,""requested_window_mode"":""visibility"",""scale_variation"":1,""selected_window_mode"":""visibility"",""small_size"":1,""source_active_frames"":934,""source_end_frame"":906,""source_frames"":1000,""source_inactive_frames"":66,""source_path"":""D:\\360Downloads\\123\\data\\Anti-UAV410\\annos\\test\\20190926_102042_1_2.txt"",""source_sha256"":""0a9766d279e2989340a1fd2efb8bdee572db014a5ed579141af00b8aff76cab2"",""source_start_frame"":667,""source_window_frames"":240,""task_id"":""AU-03"",""thermal_crossover"":1,""tiny_size"":1,""visibility_event_count"":2},{""dynamic_background_clutter"":1,""event_center_frame"":933,""fast_motion"":1,""inactive_frames_in_window"":253,""medium_size"":0,""normal_size"":0,""occlusion"":1,""offset_steps"":3,""out_of_view"":1,""requested_window_mode"":""visibility"",""scale_variation"":0,""selected_window_mode"":""visibility"",""small_size"":1,""source_active_frames"":1195,""source_end_frame"":1089,""source_frames"":1500,""source_inactive_frames"":305,""source_path"":""D:\\360Downloads\\123\\data\\Anti-UAV410\\annos\\test\\3700000000002_153918_1.txt"",""source_sha256"":""f1959bdc0301e7398c10250f4cab28be829f00297cb2017431d6016f441288f0"",""source_start_frame"":777,""source_window_frames"":313,""task_id"":""AU-04"",""thermal_crossover"":1,""tiny_size"":1,""visibility_event_count"":5}]}",9,715.0,AU-01,1,1,1,3,{},0.7307924583542855,0.02634728417238898,0.5,0.3587917099030439,0.6585019112472394,1.0,0.7307924583542855,0.02634728417238898,0.5,0.3587917099030439,0.6585019112472394,1.0
anti_uav410,AU-L04-W04,public-trajectory-replay-v2,"{""event_window_version"":""anti-uav-event-window-v1"",""evidence_type"":""measured_image_plane_tracks_with_simulated_response_resources"",""fps"":null,""image_height"":512,""image_width"":640,""measured_dimensions"":[""apparent_size"",""image_plane_speed"",""visibility""],""motion_unit"":""normalized_image_diagonal_per_frame"",""protected_point"":[0.5,0.85],""source_files"":[""D:\\360Downloads\\123\\data\\Anti-UAV410\\annos\\test\\20190926_102042_1_1.txt"",""D:\\360Downloads\\123\\data\\Anti-UAV410\\annos\\test\\20190925_111757_1_8.txt"",""D:\\360Downloads\\123\\data\\Anti-UAV410\\annos\\test\\20190926_102042_1_2.txt"",""D:\\360Downloads\\123\\data\\Anti-UAV410\\annos\\test\\3700000000002_153918_1.txt""],""source_sha256"":[""80809a6345fd69e5532434ad92660f3d62169262ece892e0317496438b5a19d0"",""037fc717f8d6f58b14964f0d822f55218e238d35cd9b906a642c6c5bbbbb61a0"",""0a9766d279e2989340a1fd2efb8bdee572db014a5ed579141af00b8aff76cab2"",""f1959bdc0301e7398c10250f4cab28be829f00297cb2017431d6016f441288f0""],""synthetic_dimensions"":[""spatial_level"",""risk"",""response_window"",""multi_sequence_concurrency"",""resources""],""time_basis"":""frames"",""track_count"":4,""track_windows"":[{""dynamic_background_clutter"":0,""event_center_frame"":599,""fast_motion"":0,""inactive_frames_in_window"":0,""medium_size"":1,""normal_size"":1,""occlusion"":0,""offset_steps"":0,""out_of_view"":0,""requested_window_mode"":""motion"",""scale_variation"":0,""selected_window_mode"":""motion"",""small_size"":0,""source_active_frames"":1000,""source_end_frame"":718,""source_frames"":1000,""source_inactive_frames"":0,""source_path"":""D:\\360Downloads\\123\\data\\Anti-UAV410\\annos\\test\\20190926_102042_1_1.txt"",""source_sha256"":""80809a6345fd69e5532434ad92660f3d62169262ece892e0317496438b5a19d0"",""source_start_frame"":479,""source_window_frames"":240,""task_id"":""AU-01"",""thermal_crossover"":1,""tiny_size"":0,""visibility_event_count"":0},{""dynamic_background_clutter"":0,""event_center_frame"":684,""fast_motion"":0,""inactive_frames_in_window"":0,""medium_size"":1,""normal_size"":0,""occlusion"":0,""offset_steps"":1,""out_of_view"":0,""requested_window_mode"":""scale"",""scale_variation"":1,""selected_window_mode"":""scale"",""small_size"":1,""source_active_frames"":948,""source_end_frame"":803,""source_frames"":948,""source_inactive_frames"":0,""source_path"":""D:\\360Downloads\\123\\data\\Anti-UAV410\\annos\\test\\20190925_111757_1_8.txt"",""source_sha256"":""037fc717f8d6f58b14964f0d822f55218e238d35cd9b906a642c6c5bbbbb61a0"",""source_start_frame"":564,""source_window_frames"":240,""task_id"":""AU-02"",""thermal_crossover"":1,""tiny_size"":0,""visibility_event_count"":0},{""dynamic_background_clutter"":0,""event_center_frame"":787,""fast_motion"":1,""inactive_frames_in_window"":66,""medium_size"":1,""normal_size"":0,""occlusion"":0,""offset_steps"":2,""out_of_view"":1,""requested_window_mode"":""visibility"",""scale_variation"":1,""selected_window_mode"":""visibility"",""small_size"":1,""source_active_frames"":934,""source_end_frame"":906,""source_frames"":1000,""source_inactive_frames"":66,""source_path"":""D:\\360Downloads\\123\\data\\Anti-UAV410\\annos\\test\\20190926_102042_1_2.txt"",""source_sha256"":""0a9766d279e2989340a1fd2efb8bdee572db014a5ed579141af00b8aff76cab2"",""source_start_frame"":667,""source_window_frames"":240,""task_id"":""AU-03"",""thermal_crossover"":1,""tiny_size"":1,""visibility_event_count"":2},{""dynamic_background_clutter"":1,""event_center_frame"":933,""fast_motion"":1,""inactive_frames_in_window"":253,""medium_size"":0,""normal_size"":0,""occlusion"":1,""offset_steps"":3,""out_of_view"":1,""requested_window_mode"":""visibility"",""scale_variation"":0,""selected_window_mode"":""visibility"",""small_size"":1,""source_active_frames"":1195,""source_end_frame"":1089,""source_frames"":1500,""source_inactive_frames"":305,""source_path"":""D:\\360Downloads\\123\\data\\Anti-UAV410\\annos\\test\\3700000000002_153918_1.txt"",""source_sha256"":""f1959bdc0301e7398c10250f4cab28be829f00297cb2017431d6016f441288f0"",""source_start_frame"":777,""source_window_frames"":313,""task_id"":""AU-04"",""thermal_crossover"":1,""tiny_size"":1,""visibility_event_count"":5}]}",9,715.0,AU-02,1,1,1,3,{},0.460125741773037,0.08239390427145388,0.5,0.3587917099030439,0.6703352706924846,0.9781047390271799,0.460125741773037,0.08239390427145388,0.5,0.3587917099030439,0.6703352706924846,0.9781047390271799
anti_uav410,AU-L04-W04,public-trajectory-replay-v2,"{""event_window_version"":""anti-uav-event-window-v1"",""evidence_type"":""measured_image_plane_tracks_with_simulated_response_resources"",""fps"":null,""image_height"":512,""image_width"":640,""measured_dimensions"":[""apparent_size"",""image_plane_speed"",""visibility""],""motion_unit"":""normalized_image_diagonal_per_frame"",""protected_point"":[0.5,0.85],""source_files"":[""D:\\360Downloads\\123\\data\\Anti-UAV410\\annos\\test\\20190926_102042_1_1.txt"",""D:\\360Downloads\\123\\data\\Anti-UAV410\\annos\\test\\20190925_111757_1_8.txt"",""D:\\360Downloads\\123\\data\\Anti-UAV410\\annos\\test\\20190926_102042_1_2.txt"",""D:\\360Downloads\\123\\data\\Anti-UAV410\\annos\\test\\3700000000002_153918_1.txt""],""source_sha256"":[""80809a6345fd69e5532434ad92660f3d62169262ece892e0317496438b5a19d0"",""037fc717f8d6f58b14964f0d822f55218e238d35cd9b906a642c6c5bbbbb61a0"",""0a9766d279e2989340a1fd2efb8bdee572db014a5ed579141af00b8aff76cab2"",""f1959bdc0301e7398c10250f4cab28be829f00297cb2017431d6016f441288f0""],""synthetic_dimensions"":[""spatial_level"",""risk"",""response_window"",""multi_sequence_concurrency"",""resources""],""time_basis"":""frames"",""track_count"":4,""track_windows"":[{""dynamic_background_clutter"":0,""event_center_frame"":599,""fast_motion"":0,""inactive_frames_in_window"":0,""medium_size"":1,""normal_size"":1,""occlusion"":0,""offset_steps"":0,""out_of_view"":0,""requested_window_mode"":""motion"",""scale_variation"":0,""selected_window_mode"":""motion"",""small_size"":0,""source_active_frames"":1000,""source_end_frame"":718,""source_frames"":1000,""source_inactive_frames"":0,""source_path"":""D:\\360Downloads\\123\\data\\Anti-UAV410\\annos\\test\\20190926_102042_1_1.txt"",""source_sha256"":""80809a6345fd69e5532434ad92660f3d62169262ece892e0317496438b5a19d0"",""source_start_frame"":479,""source_window_frames"":240,""task_id"":""AU-01"",""thermal_crossover"":1,""tiny_size"":0,""visibility_event_count"":0},{""dynamic_background_clutter"":0,""event_center_frame"":684,""fast_motion"":0,""inactive_frames_in_window"":0,""medium_size"":1,""normal_size"":0,""occlusion"":0,""offset_steps"":1,""out_of_view"":0,""requested_window_mode"":""scale"",""scale_variation"":1,""selected_window_mode"":""scale"",""small_size"":1,""source_active_frames"":948,""source_end_frame"":803,""source_frames"":948,""source_inactive_frames"":0,""source_path"":""D:\\360Downloads\\123\\data\\Anti-UAV410\\annos\\test\\20190925_111757_1_8.txt"",""source_sha256"":""037fc717f8d6f58b14964f0d822f55218e238d35cd9b906a642c6c5bbbbb61a0"",""source_start_frame"":564,""source_window_frames"":240,""task_id"":""AU-02"",""thermal_crossover"":1,""tiny_size"":0,""visibility_event_count"":0},{""dynamic_background_clutter"":0,""event_center_frame"":787,""fast_motion"":1,""inactive_frames_in_window"":66,""medium_size"":1,""normal_size"":0,""occlusion"":0,""offset_steps"":2,""out_of_view"":1,""requested_window_mode"":""visibility"",""scale_variation"":1,""selected_window_mode"":""visibility"",""small_size"":1,""source_active_frames"":934,""source_end_frame"":906,""source_frames"":1000,""source_inactive_frames"":66,""source_path"":""D:\\360Downloads\\123\\data\\Anti-UAV410\\annos\\test\\20190926_102042_1_2.txt"",""source_sha256"":""0a9766d279e2989340a1fd2efb8bdee572db014a5ed579141af00b8aff76cab2"",""source_start_frame"":667,""source_window_frames"":240,""task_id"":""AU-03"",""thermal_crossover"":1,""tiny_size"":1,""visibility_event_count"":2},{""dynamic_background_clutter"":1,""event_center_frame"":933,""fast_motion"":1,""inactive_frames_in_window"":253,""medium_size"":0,""normal_size"":0,""occlusion"":1,""offset_steps"":3,""out_of_view"":1,""requested_window_mode"":""visibility"",""scale_variation"":0,""selected_window_mode"":""visibility"",""small_size"":1,""source_active_frames"":1195,""source_end_frame"":1089,""source_frames"":1500,""source_inactive_frames"":305,""source_path"":""D:\\360Downloads\\123\\data\\Anti-UAV410\\annos\\test\\3700000000002_153918_1.txt"",""source_sha256"":""f1959bdc0301e7398c10250f4cab28be829f00297cb2017431d6016f441288f0"",""source_start_frame"":777,""source_window_frames"":313,""task_id"":""AU-04"",""thermal_crossover"":1,""tiny_size"":1,""visibility_event_count"":5}]}",9,715.0,AU-03,0,0,1,3,{},0.0,0.0,0.5,0.0,0.35,1.0,0.0,0.0,0.5,0.0,0.35,1.0
anti_uav410,AU-L04-W04,public-trajectory-replay-v2,"{""event_window_version"":""anti-uav-event-window-v1"",""evidence_type"":""measured_image_plane_tracks_with_simulated_response_resources"",""fps"":null,""image_height"":512,""image_width"":640,""measured_dimensions"":[""apparent_size"",""image_plane_speed"",""visibility""],""motion_unit"":""normalized_image_diagonal_per_frame"",""protected_point"":[0.5,0.85],""source_files"":[""D:\\360Downloads\\123\\data\\Anti-UAV410\\annos\\test\\20190926_102042_1_1.txt"",""D:\\360Downloads\\123\\data\\Anti-UAV410\\annos\\test\\20190925_111757_1_8.txt"",""D:\\360Downloads\\123\\data\\Anti-UAV410\\annos\\test\\20190926_102042_1_2.txt"",""D:\\360Downloads\\123\\data\\Anti-UAV410\\annos\\test\\3700000000002_153918_1.txt""],""source_sha256"":[""80809a6345fd69e5532434ad92660f3d62169262ece892e0317496438b5a19d0"",""037fc717f8d6f58b14964f0d822f55218e238d35cd9b906a642c6c5bbbbb61a0"",""0a9766d279e2989340a1fd2efb8bdee572db014a5ed579141af00b8aff76cab2"",""f1959bdc0301e7398c10250f4cab28be829f00297cb2017431d6016f441288f0""],""synthetic_dimensions"":[""spatial_level"",""risk"",""response_window"",""multi_sequence_concurrency"",""resources""],""time_basis"":""frames"",""track_count"":4,""track_windows"":[{""dynamic_background_clutter"":0,""event_center_frame"":599,""fast_motion"":0,""inactive_frames_in_window"":0,""medium_size"":1,""normal_size"":1,""occlusion"":0,""offset_steps"":0,""out_of_view"":0,""requested_window_mode"":""motion"",""scale_variation"":0,""selected_window_mode"":""motion"",""small_size"":0,""source_active_frames"":1000,""source_end_frame"":718,""source_frames"":1000,""source_inactive_frames"":0,""source_path"":""D:\\360Downloads\\123\\data\\Anti-UAV410\\annos\\test\\20190926_102042_1_1.txt"",""source_sha256"":""80809a6345fd69e5532434ad92660f3d62169262ece892e0317496438b5a19d0"",""source_start_frame"":479,""source_window_frames"":240,""task_id"":""AU-01"",""thermal_crossover"":1,""tiny_size"":0,""visibility_event_count"":0},{""dynamic_background_clutter"":0,""event_center_frame"":684,""fast_motion"":0,""inactive_frames_in_window"":0,""medium_size"":1,""normal_size"":0,""occlusion"":0,""offset_steps"":1,""out_of_view"":0,""requested_window_mode"":""scale"",""scale_variation"":1,""selected_window_mode"":""scale"",""small_size"":1,""source_active_frames"":948,""source_end_frame"":803,""source_frames"":948,""source_inactive_frames"":0,""source_path"":""D:\\360Downloads\\123\\data\\Anti-UAV410\\annos\\test\\20190925_111757_1_8.txt"",""source_sha256"":""037fc717f8d6f58b14964f0d822f55218e238d35cd9b906a642c6c5bbbbb61a0"",""source_start_frame"":564,""source_window_frames"":240,""task_id"":""AU-02"",""thermal_crossover"":1,""tiny_size"":0,""visibility_event_count"":0},{""dynamic_background_clutter"":0,""event_center_frame"":787,""fast_motion"":1,""inactive_frames_in_window"":66,""medium_size"":1,""normal_size"":0,""occlusion"":0,""offset_steps"":2,""out_of_view"":1,""requested_window_mode"":""visibility"",""scale_variation"":1,""selected_window_mode"":""visibility"",""small_size"":1,""source_active_frames"":934,""source_end_frame"":906,""source_frames"":1000,""source_inactive_frames"":66,""source_path"":""D:\\360Downloads\\123\\data\\Anti-UAV410\\annos\\test\\20190926_102042_1_2.txt"",""source_sha256"":""0a9766d279e2989340a1fd2efb8bdee572db014a5ed579141af00b8aff76cab2"",""source_start_frame"":667,""source_window_frames"":240,""task_id"":""AU-03"",""thermal_crossover"":1,""tiny_size"":1,""visibility_event_count"":2},{""dynamic_background_clutter"":1,""event_center_frame"":933,""fast_motion"":1,""inactive_frames_in_window"":253,""medium_size"":0,""normal_size"":0,""occlusion"":1,""offset_steps"":3,""out_of_view"":1,""requested_window_mode"":""visibility"",""scale_variation"":0,""selected_window_mode"":""visibility"",""small_size"":1,""source_active_frames"":1195,""source_end_frame"":1089,""source_frames"":1500,""source_inactive_frames"":305,""source_path"":""D:\\360Downloads\\123\\data\\Anti-UAV410\\annos\\test\\3700000000002_153918_1.txt"",""source_sha256"":""f1959bdc0301e7398c10250f4cab28be829f00297cb2017431d6016f441288f0"",""source_start_frame"":777,""source_window_frames"":313,""task_id"":""AU-04"",""thermal_crossover"":1,""tiny_size"":1,""visibility_event_count"":5}]}",9,715.0,AU-04,0,0,1,3,{},0.0,0.0,0.5,0.0,0.35,1.0,0.0,0.0,0.5,0.0,0.35,1.0
anti_uav410,AU-L04-W04,public-trajectory-replay-v2,"{""event_window_version"":""anti-uav-event-window-v1"",""evidence_type"":""measured_image_plane_tracks_with_simulated_response_resources"",""fps"":null,""image_height"":512,""image_width"":640,""measured_dimensions"":[""apparent_size"",""image_plane_speed"",""visibility""],""motion_unit"":""normalized_image_diagonal_per_frame"",""protected_point"":[0.5,0.85],""source_files"":[""D:\\360Downloads\\123\\data\\Anti-UAV410\\annos\\test\\20190926_102042_1_1.txt"",""D:\\360Downloads\\123\\data\\Anti-UAV410\\annos\\test\\20190925_111757_1_8.txt"",""D:\\360Downloads\\123\\data\\Anti-UAV410\\annos\\test\\20190926_102042_1_2.txt"",""D:\\360Downloads\\123\\data\\Anti-UAV410\\annos\\test\\3700000000002_153918_1.txt""],""source_sha256"":[""80809a6345fd69e5532434ad92660f3d62169262ece892e0317496438b5a19d0"",""037fc717f8d6f58b14964f0d822f55218e238d35cd9b906a642c6c5bbbbb61a0"",""0a9766d279e2989340a1fd2efb8bdee572db014a5ed579141af00b8aff76cab2"",""f1959bdc0301e7398c10250f4cab28be829f00297cb2017431d6016f441288f0""],""synthetic_dimensions"":[""spatial_level"",""risk"",""response_window"",""multi_sequence_concurrency"",""resources""],""time_basis"":""frames"",""track_count"":4,""track_windows"":[{""dynamic_background_clutter"":0,""event_center_frame"":599,""fast_motion"":0,""inactive_frames_in_window"":0,""medium_size"":1,""normal_size"":1,""occlusion"":0,""offset_steps"":0,""out_of_view"":0,""requested_window_mode"":""motion"",""scale_variation"":0,""selected_window_mode"":""motion"",""small_size"":0,""source_active_frames"":1000,""source_end_frame"":718,""source_frames"":1000,""source_inactive_frames"":0,""source_path"":""D:\\360Downloads\\123\\data\\Anti-UAV410\\annos\\test\\20190926_102042_1_1.txt"",""source_sha256"":""80809a6345fd69e5532434ad92660f3d62169262ece892e0317496438b5a19d0"",""source_start_frame"":479,""source_window_frames"":240,""task_id"":""AU-01"",""thermal_crossover"":1,""tiny_size"":0,""visibility_event_count"":0},{""dynamic_background_clutter"":0,""event_center_frame"":684,""fast_motion"":0,""inactive_frames_in_window"":0,""medium_size"":1,""normal_size"":0,""occlusion"":0,""offset_steps"":1,""out_of_view"":0,""requested_window_mode"":""scale"",""scale_variation"":1,""selected_window_mode"":""scale"",""small_size"":1,""source_active_frames"":948,""source_end_frame"":803,""source_frames"":948,""source_inactive_frames"":0,""source_path"":""D:\\360Downloads\\123\\data\\Anti-UAV410\\annos\\test\\20190925_111757_1_8.txt"",""source_sha256"":""037fc717f8d6f58b14964f0d822f55218e238d35cd9b906a642c6c5bbbbb61a0"",""source_start_frame"":564,""source_window_frames"":240,""task_id"":""AU-02"",""thermal_crossover"":1,""tiny_size"":0,""visibility_event_count"":0},{""dynamic_background_clutter"":0,""event_center_frame"":787,""fast_motion"":1,""inactive_frames_in_window"":66,""medium_size"":1,""normal_size"":0,""occlusion"":0,""offset_steps"":2,""out_of_view"":1,""requested_window_mode"":""visibility"",""scale_variation"":1,""selected_window_mode"":""visibility"",""small_size"":1,""source_active_frames"":934,""source_end_frame"":906,""source_frames"":1000,""source_inactive_frames"":66,""source_path"":""D:\\360Downloads\\123\\data\\Anti-UAV410\\annos\\test\\20190926_102042_1_2.txt"",""source_sha256"":""0a9766d279e2989340a1fd2efb8bdee572db014a5ed579141af00b8aff76cab2"",""source_start_frame"":667,""source_window_frames"":240,""task_id"":""AU-03"",""thermal_crossover"":1,""tiny_size"":1,""visibility_event_count"":2},{""dynamic_background_clutter"":1,""event_center_frame"":933,""fast_motion"":1,""inactive_frames_in_window"":253,""medium_size"":0,""normal_size"":0,""occlusion"":1,""offset_steps"":3,""out_of_view"":1,""requested_window_mode"":""visibility"",""scale_variation"":0,""selected_window_mode"":""visibility"",""small_size"":1,""source_active_frames"":1195,""source_end_frame"":1089,""source_frames"":1500,""source_inactive_frames"":305,""source_path"":""D:\\360Downloads\\123\\data\\Anti-UAV410\\annos\\test\\3700000000002_153918_1.txt"",""source_sha256"":""f1959bdc0301e7398c10250f4cab28be829f00297cb2017431d6016f441288f0"",""source_start_frame"":777,""source_window_frames"":313,""task_id"":""AU-04"",""thermal_crossover"":1,""tiny_size"":1,""visibility_event_count"":5}]}",10,840.25,AU-01,1,1,1,3,{},0.7176239480810092,0.026185477416828,0.5,0.03541382121842548,0.6292950655111456,1.0,0.7176239480810092,0.026185477416828,0.5,0.03541382121842548,0.6292950655111456,1.0
anti_uav410,AU-L04-W04,public-trajectory-replay-v2,"{""event_window_version"":""anti-uav-event-window-v1"",""evidence_type"":""measured_image_plane_tracks_with_simulated_response_resources"",""fps"":null,""image_height"":512,""image_width"":640,""measured_dimensions"":[""apparent_size"",""image_plane_speed"",""visibility""],""motion_unit"":""normalized_image_diagonal_per_frame"",""protected_point"":[0.5,0.85],""source_files"":[""D:\\360Downloads\\123\\data\\Anti-UAV410\\annos\\test\\20190926_102042_1_1.txt"",""D:\\360Downloads\\123\\data\\Anti-UAV410\\annos\\test\\20190925_111757_1_8.txt"",""D:\\360Downloads\\123\\data\\Anti-UAV410\\annos\\test\\20190926_102042_1_2.txt"",""D:\\360Downloads\\123\\data\\Anti-UAV410\\annos\\test\\3700000000002_153918_1.txt""],""source_sha256"":[""80809a6345fd69e5532434ad92660f3d62169262ece892e0317496438b5a19d0"",""037fc717f8d6f58b14964f0d822f55218e238d35cd9b906a642c6c5bbbbb61a0"",""0a9766d279e2989340a1fd2efb8bdee572db014a5ed579141af00b8aff76cab2"",""f1959bdc0301e7398c10250f4cab28be829f00297cb2017431d6016f441288f0""],""synthetic_dimensions"":[""spatial_level"",""risk"",""response_window"",""multi_sequence_concurrency"",""resources""],""time_basis"":""frames"",""track_count"":4,""track_windows"":[{""dynamic_background_clutter"":0,""event_center_frame"":599,""fast_motion"":0,""inactive_frames_in_window"":0,""medium_size"":1,""normal_size"":1,""occlusion"":0,""offset_steps"":0,""out_of_view"":0,""requested_window_mode"":""motion"",""scale_variation"":0,""selected_window_mode"":""motion"",""small_size"":0,""source_active_frames"":1000,""source_end_frame"":718,""source_frames"":1000,""source_inactive_frames"":0,""source_path"":""D:\\360Downloads\\123\\data\\Anti-UAV410\\annos\\test\\20190926_102042_1_1.txt"",""source_sha256"":""80809a6345fd69e5532434ad92660f3d62169262ece892e0317496438b5a19d0"",""source_start_frame"":479,""source_window_frames"":240,""task_id"":""AU-01"",""thermal_crossover"":1,""tiny_size"":0,""visibility_event_count"":0},{""dynamic_background_clutter"":0,""event_center_frame"":684,""fast_motion"":0,""inactive_frames_in_window"":0,""medium_size"":1,""normal_size"":0,""occlusion"":0,""offset_steps"":1,""out_of_view"":0,""requested_window_mode"":""scale"",""scale_variation"":1,""selected_window_mode"":""scale"",""small_size"":1,""source_active_frames"":948,""source_end_frame"":803,""source_frames"":948,""source_inactive_frames"":0,""source_path"":""D:\\360Downloads\\123\\data\\Anti-UAV410\\annos\\test\\20190925_111757_1_8.txt"",""source_sha256"":""037fc717f8d6f58b14964f0d822f55218e238d35cd9b906a642c6c5bbbbb61a0"",""source_start_frame"":564,""source_window_frames"":240,""task_id"":""AU-02"",""thermal_crossover"":1,""tiny_size"":0,""visibility_event_count"":0},{""dynamic_background_clutter"":0,""event_center_frame"":787,""fast_motion"":1,""inactive_frames_in_window"":66,""medium_size"":1,""normal_size"":0,""occlusion"":0,""offset_steps"":2,""out_of_view"":1,""requested_window_mode"":""visibility"",""scale_variation"":1,""selected_window_mode"":""visibility"",""small_size"":1,""source_active_frames"":934,""source_end_frame"":906,""source_frames"":1000,""source_inactive_frames"":66,""source_path"":""D:\\360Downloads\\123\\data\\Anti-UAV410\\annos\\test\\20190926_102042_1_2.txt"",""source_sha256"":""0a9766d279e2989340a1fd2efb8bdee572db014a5ed579141af00b8aff76cab2"",""source_start_frame"":667,""source_window_frames"":240,""task_id"":""AU-03"",""thermal_crossover"":1,""tiny_size"":1,""visibility_event_count"":2},{""dynamic_background_clutter"":1,""event_center_frame"":933,""fast_motion"":1,""inactive_frames_in_window"":253,""medium_size"":0,""normal_size"":0,""occlusion"":1,""offset_steps"":3,""out_of_view"":1,""requested_window_mode"":""visibility"",""scale_variation"":0,""selected_window_mode"":""visibility"",""small_size"":1,""source_active_frames"":1195,""source_end_frame"":1089,""source_frames"":1500,""source_inactive_frames"":305,""source_path"":""D:\\360Downloads\\123\\data\\Anti-UAV410\\annos\\test\\3700000000002_153918_1.txt"",""source_sha256"":""f1959bdc0301e7398c10250f4cab28be829f00297cb2017431d6016f441288f0"",""source_start_frame"":777,""source_window_frames"":313,""task_id"":""AU-04"",""thermal_crossover"":1,""tiny_size"":1,""visibility_event_count"":5}]}",10,840.25,AU-02,1,1,1,3,{},0.43648933051723265,0.1906417991804273,0.5,0.05137156034965432,0.6111108753099194,1.0,0.43648933051723265,0.1906417991804273,0.5,0.05137156034965432,0.6111108753099194,1.0
anti_uav410,AU-L04-W04,public-trajectory-replay-v2,"{""event_window_version"":""anti-uav-event-window-v1"",""evidence_type"":""measured_image_plane_tracks_with_simulated_response_resources"",""fps"":null,""image_height"":512,""image_width"":640,""measured_dimensions"":[""apparent_size"",""image_plane_speed"",""visibility""],""motion_unit"":""normalized_image_diagonal_per_frame"",""protected_point"":[0.5,0.85],""source_files"":[""D:\\360Downloads\\123\\data\\Anti-UAV410\\annos\\test\\20190926_102042_1_1.txt"",""D:\\360Downloads\\123\\data\\Anti-UAV410\\annos\\test\\20190925_111757_1_8.txt"",""D:\\360Downloads\\123\\data\\Anti-UAV410\\annos\\test\\20190926_102042_1_2.txt"",""D:\\360Downloads\\123\\data\\Anti-UAV410\\annos\\test\\3700000000002_153918_1.txt""],""source_sha256"":[""80809a6345fd69e5532434ad92660f3d62169262ece892e0317496438b5a19d0"",""037fc717f8d6f58b14964f0d822f55218e238d35cd9b906a642c6c5bbbbb61a0"",""0a9766d279e2989340a1fd2efb8bdee572db014a5ed579141af00b8aff76cab2"",""f1959bdc0301e7398c10250f4cab28be829f00297cb2017431d6016f441288f0""],""synthetic_dimensions"":[""spatial_level"",""risk"",""response_window"",""multi_sequence_concurrency"",""resources""],""time_basis"":""frames"",""track_count"":4,""track_windows"":[{""dynamic_background_clutter"":0,""event_center_frame"":599,""fast_motion"":0,""inactive_frames_in_window"":0,""medium_size"":1,""normal_size"":1,""occlusion"":0,""offset_steps"":0,""out_of_view"":0,""requested_window_mode"":""motion"",""scale_variation"":0,""selected_window_mode"":""motion"",""small_size"":0,""source_active_frames"":1000,""source_end_frame"":718,""source_frames"":1000,""source_inactive_frames"":0,""source_path"":""D:\\360Downloads\\123\\data\\Anti-UAV410\\annos\\test\\20190926_102042_1_1.txt"",""source_sha256"":""80809a6345fd69e5532434ad92660f3d62169262ece892e0317496438b5a19d0"",""source_start_frame"":479,""source_window_frames"":240,""task_id"":""AU-01"",""thermal_crossover"":1,""tiny_size"":0,""visibility_event_count"":0},{""dynamic_background_clutter"":0,""event_center_frame"":684,""fast_motion"":0,""inactive_frames_in_window"":0,""medium_size"":1,""normal_size"":0,""occlusion"":0,""offset_steps"":1,""out_of_view"":0,""requested_window_mode"":""scale"",""scale_variation"":1,""selected_window_mode"":""scale"",""small_size"":1,""source_active_frames"":948,""source_end_frame"":803,""source_frames"":948,""source_inactive_frames"":0,""source_path"":""D:\\360Downloads\\123\\data\\Anti-UAV410\\annos\\test\\20190925_111757_1_8.txt"",""source_sha256"":""037fc717f8d6f58b14964f0d822f55218e238d35cd9b906a642c6c5bbbbb61a0"",""source_start_frame"":564,""source_window_frames"":240,""task_id"":""AU-02"",""thermal_crossover"":1,""tiny_size"":0,""visibility_event_count"":0},{""dynamic_background_clutter"":0,""event_center_frame"":787,""fast_motion"":1,""inactive_frames_in_window"":66,""medium_size"":1,""normal_size"":0,""occlusion"":0,""offset_steps"":2,""out_of_view"":1,""requested_window_mode"":""visibility"",""scale_variation"":1,""selected_window_mode"":""visibility"",""small_size"":1,""source_active_frames"":934,""source_end_frame"":906,""source_frames"":1000,""source_inactive_frames"":66,""source_path"":""D:\\360Downloads\\123\\data\\Anti-UAV410\\annos\\test\\20190926_102042_1_2.txt"",""source_sha256"":""0a9766d279e2989340a1fd2efb8bdee572db014a5ed579141af00b8aff76cab2"",""source_start_frame"":667,""source_window_frames"":240,""task_id"":""AU-03"",""thermal_crossover"":1,""tiny_size"":1,""visibility_event_count"":2},{""dynamic_background_clutter"":1,""event_center_frame"":933,""fast_motion"":1,""inactive_frames_in_window"":253,""medium_size"":0,""normal_size"":0,""occlusion"":1,""offset_steps"":3,""out_of_view"":1,""requested_window_mode"":""visibility"",""scale_variation"":0,""selected_window_mode"":""visibility"",""small_size"":1,""source_active_frames"":1195,""source_end_frame"":1089,""source_frames"":1500,""source_inactive_frames"":305,""source_path"":""D:\\360Downloads\\123\\data\\Anti-UAV410\\annos\\test\\3700000000002_153918_1.txt"",""source_sha256"":""f1959bdc0301e7398c10250f4cab28be829f00297cb2017431d6016f441288f0"",""source_start_frame"":777,""source_window_frames"":313,""task_id"":""AU-04"",""thermal_crossover"":1,""tiny_size"":1,""visibility_event_count"":5}]}",10,840.25,AU-03,1,1,1,3,{},0.26244328607742673,0.0,0.5,0.06457084836503546,0.7042979984711057,0.2,0.26244328607742673,0.0,0.5,0.06457084836503546,0.7042979984711057,0.2
anti_uav410,AU-L04-W04,public-trajectory-replay-v2,"{""event_window_version"":""anti-uav-event-window-v1"",""evidence_type"":""measured_image_plane_tracks_with_simulated_response_resources"",""fps"":null,""image_height"":512,""image_width"":640,""measured_dimensions"":[""apparent_size"",""image_plane_speed"",""visibility""],""motion_unit"":""normalized_image_diagonal_per_frame"",""protected_point"":[0.5,0.85],""source_files"":[""D:\\360Downloads\\123\\data\\Anti-UAV410\\annos\\test\\20190926_102042_1_1.txt"",""D:\\360Downloads\\123\\data\\Anti-UAV410\\annos\\test\\20190925_111757_1_8.txt"",""D:\\360Downloads\\123\\data\\Anti-UAV410\\annos\\test\\20190926_102042_1_2.txt"",""D:\\360Downloads\\123\\data\\Anti-UAV410\\annos\\test\\3700000000002_153918_1.txt""],""source_sha256"":[""80809a6345fd69e5532434ad92660f3d62169262ece892e0317496438b5a19d0"",""037fc717f8d6f58b14964f0d822f55218e238d35cd9b906a642c6c5bbbbb61a0"",""0a9766d279e2989340a1fd2efb8bdee572db014a5ed579141af00b8aff76cab2"",""f1959bdc0301e7398c10250f4cab28be829f00297cb2017431d6016f441288f0""],""synthetic_dimensions"":[""spatial_level"",""risk"",""response_window"",""multi_sequence_concurrency"",""resources""],""time_basis"":""frames"",""track_count"":4,""track_windows"":[{""dynamic_background_clutter"":0,""event_center_frame"":599,""fast_motion"":0,""inactive_frames_in_window"":0,""medium_size"":1,""normal_size"":1,""occlusion"":0,""offset_steps"":0,""out_of_view"":0,""requested_window_mode"":""motion"",""scale_variation"":0,""selected_window_mode"":""motion"",""small_size"":0,""source_active_frames"":1000,""source_end_frame"":718,""source_frames"":1000,""source_inactive_frames"":0,""source_path"":""D:\\360Downloads\\123\\data\\Anti-UAV410\\annos\\test\\20190926_102042_1_1.txt"",""source_sha256"":""80809a6345fd69e5532434ad92660f3d62169262ece892e0317496438b5a19d0"",""source_start_frame"":479,""source_window_frames"":240,""task_id"":""AU-01"",""thermal_crossover"":1,""tiny_size"":0,""visibility_event_count"":0},{""dynamic_background_clutter"":0,""event_center_frame"":684,""fast_motion"":0,""inactive_frames_in_window"":0,""medium_size"":1,""normal_size"":0,""occlusion"":0,""offset_steps"":1,""out_of_view"":0,""requested_window_mode"":""scale"",""scale_variation"":1,""selected_window_mode"":""scale"",""small_size"":1,""source_active_frames"":948,""source_end_frame"":803,""source_frames"":948,""source_inactive_frames"":0,""source_path"":""D:\\360Downloads\\123\\data\\Anti-UAV410\\annos\\test\\20190925_111757_1_8.txt"",""source_sha256"":""037fc717f8d6f58b14964f0d822f55218e238d35cd9b906a642c6c5bbbbb61a0"",""source_start_frame"":564,""source_window_frames"":240,""task_id"":""AU-02"",""thermal_crossover"":1,""tiny_size"":0,""visibility_event_count"":0},{""dynamic_background_clutter"":0,""event_center_frame"":787,""fast_motion"":1,""inactive_frames_in_window"":66,""medium_size"":1,""normal_size"":0,""occlusion"":0,""offset_steps"":2,""out_of_view"":1,""requested_window_mode"":""visibility"",""scale_variation"":1,""selected_window_mode"":""visibility"",""small_size"":1,""source_active_frames"":934,""source_end_frame"":906,""source_frames"":1000,""source_inactive_frames"":66,""source_path"":""D:\\360Downloads\\123\\data\\Anti-UAV410\\annos\\test\\20190926_102042_1_2.txt"",""source_sha256"":""0a9766d279e2989340a1fd2efb8bdee572db014a5ed579141af00b8aff76cab2"",""source_start_frame"":667,""source_window_frames"":240,""task_id"":""AU-03"",""thermal_crossover"":1,""tiny_size"":1,""visibility_event_count"":2},{""dynamic_background_clutter"":1,""event_center_frame"":933,""fast_motion"":1,""inactive_frames_in_window"":253,""medium_size"":0,""normal_size"":0,""occlusion"":1,""offset_steps"":3,""out_of_view"":1,""requested_window_mode"":""visibility"",""scale_variation"":0,""selected_window_mode"":""visibility"",""small_size"":1,""source_active_frames"":1195,""source_end_frame"":1089,""source_frames"":1500,""source_inactive_frames"":305,""source_path"":""D:\\360Downloads\\123\\data\\Anti-UAV410\\annos\\test\\3700000000002_153918_1.txt"",""source_sha256"":""f1959bdc0301e7398c10250f4cab28be829f00297cb2017431d6016f441288f0"",""source_start_frame"":777,""source_window_frames"":313,""task_id"":""AU-04"",""thermal_crossover"":1,""tiny_size"":1,""visibility_event_count"":5}]}",10,840.25,AU-04,1,1,1,3,{},0.13020833333333334,0.0,0.5,0.04861310923380661,0.40426935601384245,1.0,0.13020833333333334,0.0,0.5,0.04861310923380661,0.40426935601384245,1.0
anti_uav410,AU-L04-W04,public-trajectory-replay-v2,"{""event_window_version"":""anti-uav-event-window-v1"",""evidence_type"":""measured_image_plane_tracks_with_simulated_response_resources"",""fps"":null,""image_height"":512,""image_width"":640,""measured_dimensions"":[""apparent_size"",""image_plane_speed"",""visibility""],""motion_unit"":""normalized_image_diagonal_per_frame"",""protected_point"":[0.5,0.85],""source_files"":[""D:\\360Downloads\\123\\data\\Anti-UAV410\\annos\\test\\20190926_102042_1_1.txt"",""D:\\360Downloads\\123\\data\\Anti-UAV410\\annos\\test\\20190925_111757_1_8.txt"",""D:\\360Downloads\\123\\data\\Anti-UAV410\\annos\\test\\20190926_102042_1_2.txt"",""D:\\360Downloads\\123\\data\\Anti-UAV410\\annos\\test\\3700000000002_153918_1.txt""],""source_sha256"":[""80809a6345fd69e5532434ad92660f3d62169262ece892e0317496438b5a19d0"",""037fc717f8d6f58b14964f0d822f55218e238d35cd9b906a642c6c5bbbbb61a0"",""0a9766d279e2989340a1fd2efb8bdee572db014a5ed579141af00b8aff76cab2"",""f1959bdc0301e7398c10250f4cab28be829f00297cb2017431d6016f441288f0""],""synthetic_dimensions"":[""spatial_level"",""risk"",""response_window"",""multi_sequence_concurrency"",""resources""],""time_basis"":""frames"",""track_count"":4,""track_windows"":[{""dynamic_background_clutter"":0,""event_center_frame"":599,""fast_motion"":0,""inactive_frames_in_window"":0,""medium_size"":1,""normal_size"":1,""occlusion"":0,""offset_steps"":0,""out_of_view"":0,""requested_window_mode"":""motion"",""scale_variation"":0,""selected_window_mode"":""motion"",""small_size"":0,""source_active_frames"":1000,""source_end_frame"":718,""source_frames"":1000,""source_inactive_frames"":0,""source_path"":""D:\\360Downloads\\123\\data\\Anti-UAV410\\annos\\test\\20190926_102042_1_1.txt"",""source_sha256"":""80809a6345fd69e5532434ad92660f3d62169262ece892e0317496438b5a19d0"",""source_start_frame"":479,""source_window_frames"":240,""task_id"":""AU-01"",""thermal_crossover"":1,""tiny_size"":0,""visibility_event_count"":0},{""dynamic_background_clutter"":0,""event_center_frame"":684,""fast_motion"":0,""inactive_frames_in_window"":0,""medium_size"":1,""normal_size"":0,""occlusion"":0,""offset_steps"":1,""out_of_view"":0,""requested_window_mode"":""scale"",""scale_variation"":1,""selected_window_mode"":""scale"",""small_size"":1,""source_active_frames"":948,""source_end_frame"":803,""source_frames"":948,""source_inactive_frames"":0,""source_path"":""D:\\360Downloads\\123\\data\\Anti-UAV410\\annos\\test\\20190925_111757_1_8.txt"",""source_sha256"":""037fc717f8d6f58b14964f0d822f55218e238d35cd9b906a642c6c5bbbbb61a0"",""source_start_frame"":564,""source_window_frames"":240,""task_id"":""AU-02"",""thermal_crossover"":1,""tiny_size"":0,""visibility_event_count"":0},{""dynamic_background_clutter"":0,""event_center_frame"":787,""fast_motion"":1,""inactive_frames_in_window"":66,""medium_size"":1,""normal_size"":0,""occlusion"":0,""offset_steps"":2,""out_of_view"":1,""requested_window_mode"":""visibility"",""scale_variation"":1,""selected_window_mode"":""visibility"",""small_size"":1,""source_active_frames"":934,""source_end_frame"":906,""source_frames"":1000,""source_inactive_frames"":66,""source_path"":""D:\\360Downloads\\123\\data\\Anti-UAV410\\annos\\test\\20190926_102042_1_2.txt"",""source_sha256"":""0a9766d279e2989340a1fd2efb8bdee572db014a5ed579141af00b8aff76cab2"",""source_start_frame"":667,""source_window_frames"":240,""task_id"":""AU-03"",""thermal_crossover"":1,""tiny_size"":1,""visibility_event_count"":2},{""dynamic_background_clutter"":1,""event_center_frame"":933,""fast_motion"":1,""inactive_frames_in_window"":253,""medium_size"":0,""normal_size"":0,""occlusion"":1,""offset_steps"":3,""out_of_view"":1,""requested_window_mode"":""visibility"",""scale_variation"":0,""selected_window_mode"":""visibility"",""small_size"":1,""source_active_frames"":1195,""source_end_frame"":1089,""source_frames"":1500,""source_inactive_frames"":305,""source_path"":""D:\\360Downloads\\123\\data\\Anti-UAV410\\annos\\test\\3700000000002_153918_1.txt"",""source_sha256"":""f1959bdc0301e7398c10250f4cab28be829f00297cb2017431d6016f441288f0"",""source_start_frame"":777,""source_window_frames"":313,""task_id"":""AU-04"",""thermal_crossover"":1,""tiny_size"":1,""visibility_event_count"":5}]}",11,879.0,AU-01,1,1,1,3,{},0.6889977372564039,0.031088764773711537,0.5,0.17584776714065722,0.6337446008081151,1.0,0.6889977372564039,0.031088764773711537,0.5,0.17584776714065722,0.6337446008081151,1.0
anti_uav410,AU-L04-W04,public-trajectory-replay-v2,"{""event_window_version"":""anti-uav-event-window-v1"",""evidence_type"":""measured_image_plane_tracks_with_simulated_response_resources"",""fps"":null,""image_height"":512,""image_width"":640,""measured_dimensions"":[""apparent_size"",""image_plane_speed"",""visibility""],""motion_unit"":""normalized_image_diagonal_per_frame"",""protected_point"":[0.5,0.85],""source_files"":[""D:\\360Downloads\\123\\data\\Anti-UAV410\\annos\\test\\20190926_102042_1_1.txt"",""D:\\360Downloads\\123\\data\\Anti-UAV410\\annos\\test\\20190925_111757_1_8.txt"",""D:\\360Downloads\\123\\data\\Anti-UAV410\\annos\\test\\20190926_102042_1_2.txt"",""D:\\360Downloads\\123\\data\\Anti-UAV410\\annos\\test\\3700000000002_153918_1.txt""],""source_sha256"":[""80809a6345fd69e5532434ad92660f3d62169262ece892e0317496438b5a19d0"",""037fc717f8d6f58b14964f0d822f55218e238d35cd9b906a642c6c5bbbbb61a0"",""0a9766d279e2989340a1fd2efb8bdee572db014a5ed579141af00b8aff76cab2"",""f1959bdc0301e7398c10250f4cab28be829f00297cb2017431d6016f441288f0""],""synthetic_dimensions"":[""spatial_level"",""risk"",""response_window"",""multi_sequence_concurrency"",""resources""],""time_basis"":""frames"",""track_count"":4,""track_windows"":[{""dynamic_background_clutter"":0,""event_center_frame"":599,""fast_motion"":0,""inactive_frames_in_window"":0,""medium_size"":1,""normal_size"":1,""occlusion"":0,""offset_steps"":0,""out_of_view"":0,""requested_window_mode"":""motion"",""scale_variation"":0,""selected_window_mode"":""motion"",""small_size"":0,""source_active_frames"":1000,""source_end_frame"":718,""source_frames"":1000,""source_inactive_frames"":0,""source_path"":""D:\\360Downloads\\123\\data\\Anti-UAV410\\annos\\test\\20190926_102042_1_1.txt"",""source_sha256"":""80809a6345fd69e5532434ad92660f3d62169262ece892e0317496438b5a19d0"",""source_start_frame"":479,""source_window_frames"":240,""task_id"":""AU-01"",""thermal_crossover"":1,""tiny_size"":0,""visibility_event_count"":0},{""dynamic_background_clutter"":0,""event_center_frame"":684,""fast_motion"":0,""inactive_frames_in_window"":0,""medium_size"":1,""normal_size"":0,""occlusion"":0,""offset_steps"":1,""out_of_view"":0,""requested_window_mode"":""scale"",""scale_variation"":1,""selected_window_mode"":""scale"",""small_size"":1,""source_active_frames"":948,""source_end_frame"":803,""source_frames"":948,""source_inactive_frames"":0,""source_path"":""D:\\360Downloads\\123\\data\\Anti-UAV410\\annos\\test\\20190925_111757_1_8.txt"",""source_sha256"":""037fc717f8d6f58b14964f0d822f55218e238d35cd9b906a642c6c5bbbbb61a0"",""source_start_frame"":564,""source_window_frames"":240,""task_id"":""AU-02"",""thermal_crossover"":1,""tiny_size"":0,""visibility_event_count"":0},{""dynamic_background_clutter"":0,""event_center_frame"":787,""fast_motion"":1,""inactive_frames_in_window"":66,""medium_size"":1,""normal_size"":0,""occlusion"":0,""offset_steps"":2,""out_of_view"":1,""requested_window_mode"":""visibility"",""scale_variation"":1,""selected_window_mode"":""visibility"",""small_size"":1,""source_active_frames"":934,""source_end_frame"":906,""source_frames"":1000,""source_inactive_frames"":66,""source_path"":""D:\\360Downloads\\123\\data\\Anti-UAV410\\annos\\test\\20190926_102042_1_2.txt"",""source_sha256"":""0a9766d279e2989340a1fd2efb8bdee572db014a5ed579141af00b8aff76cab2"",""source_start_frame"":667,""source_window_frames"":240,""task_id"":""AU-03"",""thermal_crossover"":1,""tiny_size"":1,""visibility_event_count"":2},{""dynamic_background_clutter"":1,""event_center_frame"":933,""fast_motion"":1,""inactive_frames_in_window"":253,""medium_size"":0,""normal_size"":0,""occlusion"":1,""offset_steps"":3,""out_of_view"":1,""requested_window_mode"":""visibility"",""scale_variation"":0,""selected_window_mode"":""visibility"",""small_size"":1,""source_active_frames"":1195,""source_end_frame"":1089,""source_frames"":1500,""source_inactive_frames"":305,""source_path"":""D:\\360Downloads\\123\\data\\Anti-UAV410\\annos\\test\\3700000000002_153918_1.txt"",""source_sha256"":""f1959bdc0301e7398c10250f4cab28be829f00297cb2017431d6016f441288f0"",""source_start_frame"":777,""source_window_frames"":313,""task_id"":""AU-04"",""thermal_crossover"":1,""tiny_size"":1,""visibility_event_count"":5}]}",11,879.0,AU-02,1,1,1,3,{},0.4293914699958633,0.267108579266085,0.5,0.17584776714065722,0.6607715145426758,0.6344016059556378,0.4293914699958633,0.267108579266085,0.5,0.17584776714065722,0.6607715145426758,0.6344016059556378
anti_uav410,AU-L04-W04,public-trajectory-replay-v2,"{""event_window_version"":""anti-uav-event-window-v1"",""evidence_type"":""measured_image_plane_tracks_with_simulated_response_resources"",""fps"":null,""image_height"":512,""image_width"":640,""measured_dimensions"":[""apparent_size"",""image_plane_speed"",""visibility""],""motion_unit"":""normalized_image_diagonal_per_frame"",""protected_point"":[0.5,0.85],""source_files"":[""D:\\360Downloads\\123\\data\\Anti-UAV410\\annos\\test\\20190926_102042_1_1.txt"",""D:\\360Downloads\\123\\data\\Anti-UAV410\\annos\\test\\20190925_111757_1_8.txt"",""D:\\360Downloads\\123\\data\\Anti-UAV410\\annos\\test\\20190926_102042_1_2.txt"",""D:\\360Downloads\\123\\data\\Anti-UAV410\\annos\\test\\3700000000002_153918_1.txt""],""source_sha256"":[""80809a6345fd69e5532434ad92660f3d62169262ece892e0317496438b5a19d0"",""037fc717f8d6f58b14964f0d822f55218e238d35cd9b906a642c6c5bbbbb61a0"",""0a9766d279e2989340a1fd2efb8bdee572db014a5ed579141af00b8aff76cab2"",""f1959bdc0301e7398c10250f4cab28be829f00297cb2017431d6016f441288f0""],""synthetic_dimensions"":[""spatial_level"",""risk"",""response_window"",""multi_sequence_concurrency"",""resources""],""time_basis"":""frames"",""track_count"":4,""track_windows"":[{""dynamic_background_clutter"":0,""event_center_frame"":599,""fast_motion"":0,""inactive_frames_in_window"":0,""medium_size"":1,""normal_size"":1,""occlusion"":0,""offset_steps"":0,""out_of_view"":0,""requested_window_mode"":""motion"",""scale_variation"":0,""selected_window_mode"":""motion"",""small_size"":0,""source_active_frames"":1000,""source_end_frame"":718,""source_frames"":1000,""source_inactive_frames"":0,""source_path"":""D:\\360Downloads\\123\\data\\Anti-UAV410\\annos\\test\\20190926_102042_1_1.txt"",""source_sha256"":""80809a6345fd69e5532434ad92660f3d62169262ece892e0317496438b5a19d0"",""source_start_frame"":479,""source_window_frames"":240,""task_id"":""AU-01"",""thermal_crossover"":1,""tiny_size"":0,""visibility_event_count"":0},{""dynamic_background_clutter"":0,""event_center_frame"":684,""fast_motion"":0,""inactive_frames_in_window"":0,""medium_size"":1,""normal_size"":0,""occlusion"":0,""offset_steps"":1,""out_of_view"":0,""requested_window_mode"":""scale"",""scale_variation"":1,""selected_window_mode"":""scale"",""small_size"":1,""source_active_frames"":948,""source_end_frame"":803,""source_frames"":948,""source_inactive_frames"":0,""source_path"":""D:\\360Downloads\\123\\data\\Anti-UAV410\\annos\\test\\20190925_111757_1_8.txt"",""source_sha256"":""037fc717f8d6f58b14964f0d822f55218e238d35cd9b906a642c6c5bbbbb61a0"",""source_start_frame"":564,""source_window_frames"":240,""task_id"":""AU-02"",""thermal_crossover"":1,""tiny_size"":0,""visibility_event_count"":0},{""dynamic_background_clutter"":0,""event_center_frame"":787,""fast_motion"":1,""inactive_frames_in_window"":66,""medium_size"":1,""normal_size"":0,""occlusion"":0,""offset_steps"":2,""out_of_view"":1,""requested_window_mode"":""visibility"",""scale_variation"":1,""selected_window_mode"":""visibility"",""small_size"":1,""source_active_frames"":934,""source_end_frame"":906,""source_frames"":1000,""source_inactive_frames"":66,""source_path"":""D:\\360Downloads\\123\\data\\Anti-UAV410\\annos\\test\\20190926_102042_1_2.txt"",""source_sha256"":""0a9766d279e2989340a1fd2efb8bdee572db014a5ed579141af00b8aff76cab2"",""source_start_frame"":667,""source_window_frames"":240,""task_id"":""AU-03"",""thermal_crossover"":1,""tiny_size"":1,""visibility_event_count"":2},{""dynamic_background_clutter"":1,""event_center_frame"":933,""fast_motion"":1,""inactive_frames_in_window"":253,""medium_size"":0,""normal_size"":0,""occlusion"":1,""offset_steps"":3,""out_of_view"":1,""requested_window_mode"":""visibility"",""scale_variation"":0,""selected_window_mode"":""visibility"",""small_size"":1,""source_active_frames"":1195,""source_end_frame"":1089,""source_frames"":1500,""source_inactive_frames"":305,""source_path"":""D:\\360Downloads\\123\\data\\Anti-UAV410\\annos\\test\\3700000000002_153918_1.txt"",""source_sha256"":""f1959bdc0301e7398c10250f4cab28be829f00297cb2017431d6016f441288f0"",""source_start_frame"":777,""source_window_frames"":313,""task_id"":""AU-04"",""thermal_crossover"":1,""tiny_size"":1,""visibility_event_count"":5}]}",11,879.0,AU-03,1,1,1,3,{},0.6016414089660377,0.39679810766691487,0.5,0.0,0.7785153951698276,0.2,0.6016414089660377,0.39679810766691487,0.5,0.0,0.7785153951698276,0.2
anti_uav410,AU-L04-W04,public-trajectory-replay-v2,"{""event_window_version"":""anti-uav-event-window-v1"",""evidence_type"":""measured_image_plane_tracks_with_simulated_response_resources"",""fps"":null,""image_height"":512,""image_width"":640,""measured_dimensions"":[""apparent_size"",""image_plane_speed"",""visibility""],""motion_unit"":""normalized_image_diagonal_per_frame"",""protected_point"":[0.5,0.85],""source_files"":[""D:\\360Downloads\\123\\data\\Anti-UAV410\\annos\\test\\20190926_102042_1_1.txt"",""D:\\360Downloads\\123\\data\\Anti-UAV410\\annos\\test\\20190925_111757_1_8.txt"",""D:\\360Downloads\\123\\data\\Anti-UAV410\\annos\\test\\20190926_102042_1_2.txt"",""D:\\360Downloads\\123\\data\\Anti-UAV410\\annos\\test\\3700000000002_153918_1.txt""],""source_sha256"":[""80809a6345fd69e5532434ad92660f3d62169262ece892e0317496438b5a19d0"",""037fc717f8d6f58b14964f0d822f55218e238d35cd9b906a642c6c5bbbbb61a0"",""0a9766d279e2989340a1fd2efb8bdee572db014a5ed579141af00b8aff76cab2"",""f1959bdc0301e7398c10250f4cab28be829f00297cb2017431d6016f441288f0""],""synthetic_dimensions"":[""spatial_level"",""risk"",""response_window"",""multi_sequence_concurrency"",""resources""],""time_basis"":""frames"",""track_count"":4,""track_windows"":[{""dynamic_background_clutter"":0,""event_center_frame"":599,""fast_motion"":0,""inactive_frames_in_window"":0,""medium_size"":1,""normal_size"":1,""occlusion"":0,""offset_steps"":0,""out_of_view"":0,""requested_window_mode"":""motion"",""scale_variation"":0,""selected_window_mode"":""motion"",""small_size"":0,""source_active_frames"":1000,""source_end_frame"":718,""source_frames"":1000,""source_inactive_frames"":0,""source_path"":""D:\\360Downloads\\123\\data\\Anti-UAV410\\annos\\test\\20190926_102042_1_1.txt"",""source_sha256"":""80809a6345fd69e5532434ad92660f3d62169262ece892e0317496438b5a19d0"",""source_start_frame"":479,""source_window_frames"":240,""task_id"":""AU-01"",""thermal_crossover"":1,""tiny_size"":0,""visibility_event_count"":0},{""dynamic_background_clutter"":0,""event_center_frame"":684,""fast_motion"":0,""inactive_frames_in_window"":0,""medium_size"":1,""normal_size"":0,""occlusion"":0,""offset_steps"":1,""out_of_view"":0,""requested_window_mode"":""scale"",""scale_variation"":1,""selected_window_mode"":""scale"",""small_size"":1,""source_active_frames"":948,""source_end_frame"":803,""source_frames"":948,""source_inactive_frames"":0,""source_path"":""D:\\360Downloads\\123\\data\\Anti-UAV410\\annos\\test\\20190925_111757_1_8.txt"",""source_sha256"":""037fc717f8d6f58b14964f0d822f55218e238d35cd9b906a642c6c5bbbbb61a0"",""source_start_frame"":564,""source_window_frames"":240,""task_id"":""AU-02"",""thermal_crossover"":1,""tiny_size"":0,""visibility_event_count"":0},{""dynamic_background_clutter"":0,""event_center_frame"":787,""fast_motion"":1,""inactive_frames_in_window"":66,""medium_size"":1,""normal_size"":0,""occlusion"":0,""offset_steps"":2,""out_of_view"":1,""requested_window_mode"":""visibility"",""scale_variation"":1,""selected_window_mode"":""visibility"",""small_size"":1,""source_active_frames"":934,""source_end_frame"":906,""source_frames"":1000,""source_inactive_frames"":66,""source_path"":""D:\\360Downloads\\123\\data\\Anti-UAV410\\annos\\test\\20190926_102042_1_2.txt"",""source_sha256"":""0a9766d279e2989340a1fd2efb8bdee572db014a5ed579141af00b8aff76cab2"",""source_start_frame"":667,""source_window_frames"":240,""task_id"":""AU-03"",""thermal_crossover"":1,""tiny_size"":1,""visibility_event_count"":2},{""dynamic_background_clutter"":1,""event_center_frame"":933,""fast_motion"":1,""inactive_frames_in_window"":253,""medium_size"":0,""normal_size"":0,""occlusion"":1,""offset_steps"":3,""out_of_view"":1,""requested_window_mode"":""visibility"",""scale_variation"":0,""selected_window_mode"":""visibility"",""small_size"":1,""source_active_frames"":1195,""source_end_frame"":1089,""source_frames"":1500,""source_inactive_frames"":305,""source_path"":""D:\\360Downloads\\123\\data\\Anti-UAV410\\annos\\test\\3700000000002_153918_1.txt"",""source_sha256"":""f1959bdc0301e7398c10250f4cab28be829f00297cb2017431d6016f441288f0"",""source_start_frame"":777,""source_window_frames"":313,""task_id"":""AU-04"",""thermal_crossover"":1,""tiny_size"":1,""visibility_event_count"":5}]}",11,879.0,AU-04,1,1,1,3,{},0.17224943431410097,0.47728743771258303,0.5,0.0,0.5181517251751022,0.6741001676706389,0.17224943431410097,0.47728743771258303,0.5,0.0,0.5181517251751022,0.6741001676706389
