dataset,task_load,stratum_id,independent_cluster,workload_id,seed,method_b,common_task_period_count,ca_hmcd_mean_response_time,baseline_mean_response_time,mean_difference_a_minus_b
anti_uav410,2,anti_uav410.load_2,AU-L02-W01,AU-L02-W01,730000,External-Auction,11,0.4103347389,0.4103347389,0.0
anti_uav410,2,anti_uav410.load_2,AU-L02-W01,AU-L02-W01,730000,Greedy,11,0.4103347389,0.4103347389,0.0
anti_uav410,2,anti_uav410.load_2,AU-L02-W01,AU-L02-W01,730000,No-Stability,11,0.4103347389,0.4309136291,-0.0205788902
anti_uav410,2,anti_uav410.load_2,AU-L02-W01,AU-L02-W01,730000,No-Synergy,11,0.4103347389,0.4103347389,0.0
anti_uav410,2,anti_uav410.load_2,AU-L02-W01,AU-L02-W01,730000,Random,7,0.4221729805,0.4270727526,-0.0048997721
anti_uav410,2,anti_uav410.load_2,AU-L02-W01,AU-L02-W01,730001,External-Auction,11,0.4229885192,0.4242359865,-0.0012474673
anti_uav410,2,anti_uav410.load_2,AU-L02-W01,AU-L02-W01,730001,Greedy,11,0.4229885192,0.4229885192,0.0
anti_uav410,2,anti_uav410.load_2,AU-L02-W01,AU-L02-W01,730001,No-Stability,11,0.4229885192,0.4306917856,-0.0077032664
anti_uav410,2,anti_uav410.load_2,AU-L02-W01,AU-L02-W01,730001,No-Synergy,11,0.4229885192,0.4229885192,0.0
anti_uav410,2,anti_uav410.load_2,AU-L02-W01,AU-L02-W01,730001,Random,7,0.4179330774,0.4257919355,-0.0078588581
anti_uav410,2,anti_uav410.load_2,AU-L02-W01,AU-L02-W01,730002,External-Auction,11,0.3981779638,0.3981779638,0.0
anti_uav410,2,anti_uav410.load_2,AU-L02-W01,AU-L02-W01,730002,Greedy,11,0.3981779638,0.3981779638,0.0
anti_uav410,2,anti_uav410.load_2,AU-L02-W01,AU-L02-W01,730002,No-Stability,11,0.3981779638,0.4384407892,-0.0402628254
anti_uav410,2,anti_uav410.load_2,AU-L02-W01,AU-L02-W01,730002,No-Synergy,11,0.3981779638,0.3981779638,0.0
anti_uav410,2,anti_uav410.load_2,AU-L02-W01,AU-L02-W01,730002,Random,7,0.3842282163,0.4160871957,-0.0318589794
anti_uav410,2,anti_uav410.load_2,AU-L02-W01,AU-L02-W01,730003,External-Auction,11,0.4047295007,0.4047295007,0.0
anti_uav410,2,anti_uav410.load_2,AU-L02-W01,AU-L02-W01,730003,Greedy,11,0.4047295007,0.4047295007,0.0
anti_uav410,2,anti_uav410.load_2,AU-L02-W01,AU-L02-W01,730003,No-Stability,11,0.4047295007,0.4401770361,-0.0354475354
anti_uav410,2,anti_uav410.load_2,AU-L02-W01,AU-L02-W01,730003,No-Synergy,11,0.4047295007,0.4047295007,0.0
anti_uav410,2,anti_uav410.load_2,AU-L02-W01,AU-L02-W01,730003,Random,8,0.3999721387,0.4317102207,-0.0317380819
anti_uav410,2,anti_uav410.load_2,AU-L02-W01,AU-L02-W01,730004,External-Auction,11,0.4073644681,0.4076499798,-0.0002855117
anti_uav410,2,anti_uav410.load_2,AU-L02-W01,AU-L02-W01,730004,Greedy,11,0.4073644681,0.4076499798,-0.0002855117
anti_uav410,2,anti_uav410.load_2,AU-L02-W01,AU-L02-W01,730004,No-Stability,11,0.4073644681,0.4308375789,-0.0234731107
anti_uav410,2,anti_uav410.load_2,AU-L02-W01,AU-L02-W01,730004,No-Synergy,11,0.4073644681,0.4073644681,0.0
anti_uav410,2,anti_uav410.load_2,AU-L02-W01,AU-L02-W01,730004,Random,8,0.4242882913,0.4260272921,-0.0017390008
anti_uav410,2,anti_uav410.load_2,AU-L02-W01,AU-L02-W01,730005,External-Auction,11,0.3848742753,0.3859547475,-0.0010804722
anti_uav410,2,anti_uav410.load_2,AU-L02-W01,AU-L02-W01,730005,Greedy,11,0.3848742753,0.3859547475,-0.0010804722
anti_uav410,2,anti_uav410.load_2,AU-L02-W01,AU-L02-W01,730005,No-Stability,11,0.3848742753,0.4211929127,-0.0363186374
anti_uav410,2,anti_uav410.load_2,AU-L02-W01,AU-L02-W01,730005,No-Synergy,11,0.3848742753,0.3848742753,0.0
anti_uav410,2,anti_uav410.load_2,AU-L02-W01,AU-L02-W01,730005,Random,7,0.3963448416,0.4148370806,-0.018492239
anti_uav410,2,anti_uav410.load_2,AU-L02-W01,AU-L02-W01,730006,External-Auction,11,0.4240280171,0.4240280171,0.0
anti_uav410,2,anti_uav410.load_2,AU-L02-W01,AU-L02-W01,730006,Greedy,11,0.4240280171,0.4240280171,0.0
anti_uav410,2,anti_uav410.load_2,AU-L02-W01,AU-L02-W01,730006,No-Stability,11,0.4240280171,0.4285754281,-0.0045474111
anti_uav410,2,anti_uav410.load_2,AU-L02-W01,AU-L02-W01,730006,No-Synergy,11,0.4240280171,0.4240280171,0.0
anti_uav410,2,anti_uav410.load_2,AU-L02-W01,AU-L02-W01,730006,Random,7,0.4079494278,0.4222951075,-0.0143456797
anti_uav410,2,anti_uav410.load_2,AU-L02-W01,AU-L02-W01,730007,External-Auction,11,0.4227047336,0.4227047336,0.0
anti_uav410,2,anti_uav410.load_2,AU-L02-W01,AU-L02-W01,730007,Greedy,11,0.4227047336,0.4227047336,0.0
anti_uav410,2,anti_uav410.load_2,AU-L02-W01,AU-L02-W01,730007,No-Stability,11,0.4227047336,0.4332240487,-0.010519315
anti_uav410,2,anti_uav410.load_2,AU-L02-W01,AU-L02-W01,730007,No-Synergy,11,0.4227047336,0.4227047336,0.0
anti_uav410,2,anti_uav410.load_2,AU-L02-W01,AU-L02-W01,730007,Random,9,0.4230437135,0.4412469281,-0.0182032146
anti_uav410,2,anti_uav410.load_2,AU-L02-W01,AU-L02-W01,730008,External-Auction,11,0.4010895805,0.4010895805,0.0
anti_uav410,2,anti_uav410.load_2,AU-L02-W01,AU-L02-W01,730008,Greedy,11,0.4010895805,0.4010895805,0.0
anti_uav410,2,anti_uav410.load_2,AU-L02-W01,AU-L02-W01,730008,No-Stability,11,0.4010895805,0.4174230181,-0.0163334376
anti_uav410,2,anti_uav410.load_2,AU-L02-W01,AU-L02-W01,730008,No-Synergy,11,0.4010895805,0.4010895805,0.0
anti_uav410,2,anti_uav410.load_2,AU-L02-W01,AU-L02-W01,730008,Random,9,0.4039997943,0.4126489525,-0.0086491582
anti_uav410,2,anti_uav410.load_2,AU-L02-W01,AU-L02-W01,730009,External-Auction,11,0.3957222408,0.3957222408,0.0
anti_uav410,2,anti_uav410.load_2,AU-L02-W01,AU-L02-W01,730009,Greedy,11,0.3957222408,0.3957222408,0.0
anti_uav410,2,anti_uav410.load_2,AU-L02-W01,AU-L02-W01,730009,No-Stability,11,0.3957222408,0.4386922157,-0.042969975
anti_uav410,2,anti_uav410.load_2,AU-L02-W01,AU-L02-W01,730009,No-Synergy,11,0.3957222408,0.3957222408,0.0
anti_uav410,2,anti_uav410.load_2,AU-L02-W01,AU-L02-W01,730009,Random,7,0.4071256554,0.4403355004,-0.0332098451
anti_uav410,2,anti_uav410.load_2,AU-L02-W01,AU-L02-W01,730010,External-Auction,11,0.4156169375,0.4156169375,0.0
anti_uav410,2,anti_uav410.load_2,AU-L02-W01,AU-L02-W01,730010,Greedy,11,0.4156169375,0.4156169375,0.0
anti_uav410,2,anti_uav410.load_2,AU-L02-W01,AU-L02-W01,730010,No-Stability,11,0.4156169375,0.4245736645,-0.008956727
anti_uav410,2,anti_uav410.load_2,AU-L02-W01,AU-L02-W01,730010,No-Synergy,11,0.4156169375,0.4156169375,0.0
anti_uav410,2,anti_uav410.load_2,AU-L02-W01,AU-L02-W01,730010,Random,9,0.4216398527,0.4451325698,-0.0234927171
anti_uav410,2,anti_uav410.load_2,AU-L02-W01,AU-L02-W01,730011,External-Auction,11,0.3898173058,0.3898173058,0.0
anti_uav410,2,anti_uav410.load_2,AU-L02-W01,AU-L02-W01,730011,Greedy,11,0.3898173058,0.3898173058,0.0
anti_uav410,2,anti_uav410.load_2,AU-L02-W01,AU-L02-W01,730011,No-Stability,11,0.3898173058,0.4626509824,-0.0728336765
anti_uav410,2,anti_uav410.load_2,AU-L02-W01,AU-L02-W01,730011,No-Synergy,11,0.3898173058,0.3898173058,0.0
anti_uav410,2,anti_uav410.load_2,AU-L02-W01,AU-L02-W01,730011,Random,10,0.3984542813,0.4611170149,-0.0626627336
anti_uav410,2,anti_uav410.load_2,AU-L02-W01,AU-L02-W01,730012,External-Auction,11,0.4250508592,0.4250508592,0.0
anti_uav410,2,anti_uav410.load_2,AU-L02-W01,AU-L02-W01,730012,Greedy,11,0.4250508592,0.4250508592,0.0
anti_uav410,2,anti_uav410.load_2,AU-L02-W01,AU-L02-W01,730012,No-Stability,11,0.4250508592,0.4327607223,-0.0077098631
anti_uav410,2,anti_uav410.load_2,AU-L02-W01,AU-L02-W01,730012,No-Synergy,11,0.4250508592,0.4250508592,0.0
anti_uav410,2,anti_uav410.load_2,AU-L02-W01,AU-L02-W01,730012,Random,10,0.4206859556,0.4267074667,-0.0060215111
anti_uav410,2,anti_uav410.load_2,AU-L02-W01,AU-L02-W01,730013,External-Auction,11,0.4245112147,0.4245112147,0.0
anti_uav410,2,anti_uav410.load_2,AU-L02-W01,AU-L02-W01,730013,Greedy,11,0.4245112147,0.4245112147,0.0
anti_uav410,2,anti_uav410.load_2,AU-L02-W01,AU-L02-W01,730013,No-Stability,11,0.4245112147,0.424037497,0.0004737177
anti_uav410,2,anti_uav410.load_2,AU-L02-W01,AU-L02-W01,730013,No-Synergy,11,0.4245112147,0.4245112147,0.0
anti_uav410,2,anti_uav410.load_2,AU-L02-W01,AU-L02-W01,730013,Random,9,0.4159016567,0.4143556012,0.0015460554
anti_uav410,2,anti_uav410.load_2,AU-L02-W01,AU-L02-W01,730014,External-Auction,11,0.4147963191,0.4147963191,0.0
anti_uav410,2,anti_uav410.load_2,AU-L02-W01,AU-L02-W01,730014,Greedy,11,0.4147963191,0.4147963191,0.0
anti_uav410,2,anti_uav410.load_2,AU-L02-W01,AU-L02-W01,730014,No-Stability,11,0.4147963191,0.4513434684,-0.0365471493
anti_uav410,2,anti_uav410.load_2,AU-L02-W01,AU-L02-W01,730014,No-Synergy,11,0.4147963191,0.4147963191,0.0
anti_uav410,2,anti_uav410.load_2,AU-L02-W01,AU-L02-W01,730014,Random,10,0.4106150584,0.424456548,-0.0138414896
anti_uav410,2,anti_uav410.load_2,AU-L02-W01,AU-L02-W01,730015,External-Auction,11,0.3973578083,0.3973578083,0.0
anti_uav410,2,anti_uav410.load_2,AU-L02-W01,AU-L02-W01,730015,Greedy,11,0.3973578083,0.3973578083,0.0
anti_uav410,2,anti_uav410.load_2,AU-L02-W01,AU-L02-W01,730015,No-Stability,11,0.3973578083,0.4162233357,-0.0188655274
anti_uav410,2,anti_uav410.load_2,AU-L02-W01,AU-L02-W01,730015,No-Synergy,11,0.3973578083,0.3973578083,0.0
anti_uav410,2,anti_uav410.load_2,AU-L02-W01,AU-L02-W01,730015,Random,6,0.3956456087,0.407202432,-0.0115568234
anti_uav410,2,anti_uav410.load_2,AU-L02-W01,AU-L02-W01,730016,External-Auction,11,0.4046317807,0.4046317807,0.0
anti_uav410,2,anti_uav410.load_2,AU-L02-W01,AU-L02-W01,730016,Greedy,11,0.4046317807,0.4046317807,0.0
anti_uav410,2,anti_uav410.load_2,AU-L02-W01,AU-L02-W01,730016,No-Stability,11,0.4046317807,0.4308998553,-0.0262680746
anti_uav410,2,anti_uav410.load_2,AU-L02-W01,AU-L02-W01,730016,No-Synergy,11,0.4046317807,0.4046317807,0.0
anti_uav410,2,anti_uav410.load_2,AU-L02-W01,AU-L02-W01,730016,Random,7,0.4022169947,0.4246577776,-0.0224407828
anti_uav410,2,anti_uav410.load_2,AU-L02-W01,AU-L02-W01,730017,External-Auction,11,0.4073785036,0.4073785036,0.0
anti_uav410,2,anti_uav410.load_2,AU-L02-W01,AU-L02-W01,730017,Greedy,11,0.4073785036,0.4073785036,0.0
anti_uav410,2,anti_uav410.load_2,AU-L02-W01,AU-L02-W01,730017,No-Stability,11,0.4073785036,0.437679077,-0.0303005734
anti_uav410,2,anti_uav410.load_2,AU-L02-W01,AU-L02-W01,730017,No-Synergy,11,0.4073785036,0.4073785036,0.0
anti_uav410,2,anti_uav410.load_2,AU-L02-W01,AU-L02-W01,730017,Random,8,0.4011797433,0.4212769851,-0.0200972418
anti_uav410,2,anti_uav410.load_2,AU-L02-W01,AU-L02-W01,730018,External-Auction,11,0.4145829115,0.4145829115,0.0
anti_uav410,2,anti_uav410.load_2,AU-L02-W01,AU-L02-W01,730018,Greedy,11,0.4145829115,0.4145829115,0.0
anti_uav410,2,anti_uav410.load_2,AU-L02-W01,AU-L02-W01,730018,No-Stability,11,0.4145829115,0.4241262811,-0.0095433696
anti_uav410,2,anti_uav410.load_2,AU-L02-W01,AU-L02-W01,730018,No-Synergy,11,0.4145829115,0.4145829115,0.0
anti_uav410,2,anti_uav410.load_2,AU-L02-W01,AU-L02-W01,730018,Random,7,0.4271463151,0.4346825022,-0.0075361871
anti_uav410,2,anti_uav410.load_2,AU-L02-W01,AU-L02-W01,730019,External-Auction,11,0.4076529027,0.412607769,-0.0049548663
anti_uav410,2,anti_uav410.load_2,AU-L02-W01,AU-L02-W01,730019,Greedy,11,0.4076529027,0.4076529027,0.0
anti_uav410,2,anti_uav410.load_2,AU-L02-W01,AU-L02-W01,730019,No-Stability,11,0.4076529027,0.4164708923,-0.0088179896
anti_uav410,2,anti_uav410.load_2,AU-L02-W01,AU-L02-W01,730019,No-Synergy,11,0.4076529027,0.4076529027,0.0
anti_uav410,2,anti_uav410.load_2,AU-L02-W01,AU-L02-W01,730019,Random,9,0.4026498155,0.4137718513,-0.0111220357
anti_uav410,2,anti_uav410.load_2,AU-L02-W01,AU-L02-W01,730020,External-Auction,11,0.4104192543,0.4104192543,0.0
anti_uav410,2,anti_uav410.load_2,AU-L02-W01,AU-L02-W01,730020,Greedy,11,0.4104192543,0.4104192543,0.0
anti_uav410,2,anti_uav410.load_2,AU-L02-W01,AU-L02-W01,730020,No-Stability,11,0.4104192543,0.4202544031,-0.0098351488
anti_uav410,2,anti_uav410.load_2,AU-L02-W01,AU-L02-W01,730020,No-Synergy,11,0.4104192543,0.4104192543,0.0
anti_uav410,2,anti_uav410.load_2,AU-L02-W01,AU-L02-W01,730020,Random,9,0.3993300676,0.4032331546,-0.003903087
anti_uav410,2,anti_uav410.load_2,AU-L02-W01,AU-L02-W01,730021,External-Auction,11,0.3961063164,0.3961063164,0.0
anti_uav410,2,anti_uav410.load_2,AU-L02-W01,AU-L02-W01,730021,Greedy,11,0.3961063164,0.3961063164,0.0
anti_uav410,2,anti_uav410.load_2,AU-L02-W01,AU-L02-W01,730021,No-Stability,11,0.3961063164,0.4219208164,-0.0258145
anti_uav410,2,anti_uav410.load_2,AU-L02-W01,AU-L02-W01,730021,No-Synergy,11,0.3961063164,0.3961063164,0.0
anti_uav410,2,anti_uav410.load_2,AU-L02-W01,AU-L02-W01,730021,Random,5,0.3943143303,0.409557097,-0.0152427667
anti_uav410,2,anti_uav410.load_2,AU-L02-W01,AU-L02-W01,730022,External-Auction,11,0.4186617295,0.4186617295,0.0
anti_uav410,2,anti_uav410.load_2,AU-L02-W01,AU-L02-W01,730022,Greedy,11,0.4186617295,0.4186617295,0.0
anti_uav410,2,anti_uav410.load_2,AU-L02-W01,AU-L02-W01,730022,No-Stability,11,0.4186617295,0.4237355025,-0.005073773
anti_uav410,2,anti_uav410.load_2,AU-L02-W01,AU-L02-W01,730022,No-Synergy,11,0.4186617295,0.4186617295,0.0
anti_uav410,2,anti_uav410.load_2,AU-L02-W01,AU-L02-W01,730022,Random,9,0.4184052677,0.4189158181,-0.0005105504
anti_uav410,2,anti_uav410.load_2,AU-L02-W01,AU-L02-W01,730023,External-Auction,11,0.4075333879,0.4075333879,0.0
anti_uav410,2,anti_uav410.load_2,AU-L02-W01,AU-L02-W01,730023,Greedy,11,0.4075333879,0.4075333879,0.0
anti_uav410,2,anti_uav410.load_2,AU-L02-W01,AU-L02-W01,730023,No-Stability,11,0.4075333879,0.4315271335,-0.0239937456
anti_uav410,2,anti_uav410.load_2,AU-L02-W01,AU-L02-W01,730023,No-Synergy,11,0.4075333879,0.4075333879,0.0
anti_uav410,2,anti_uav410.load_2,AU-L02-W01,AU-L02-W01,730023,Random,6,0.4136282578,0.4508450955,-0.0372168376
anti_uav410,2,anti_uav410.load_2,AU-L02-W01,AU-L02-W01,730024,External-Auction,11,0.4190178364,0.4190178364,0.0
anti_uav410,2,anti_uav410.load_2,AU-L02-W01,AU-L02-W01,730024,Greedy,11,0.4190178364,0.4190178364,0.0
anti_uav410,2,anti_uav410.load_2,AU-L02-W01,AU-L02-W01,730024,No-Stability,11,0.4190178364,0.4207239133,-0.0017060769
anti_uav410,2,anti_uav410.load_2,AU-L02-W01,AU-L02-W01,730024,No-Synergy,11,0.4190178364,0.4190178364,0.0
anti_uav410,2,anti_uav410.load_2,AU-L02-W01,AU-L02-W01,730024,Random,7,0.4309037243,0.4303724214,0.000531303
anti_uav410,2,anti_uav410.load_2,AU-L02-W01,AU-L02-W01,730025,External-Auction,11,0.410329935,0.410329935,0.0
anti_uav410,2,anti_uav410.load_2,AU-L02-W01,AU-L02-W01,730025,Greedy,11,0.410329935,0.410329935,0.0
anti_uav410,2,anti_uav410.load_2,AU-L02-W01,AU-L02-W01,730025,No-Stability,11,0.410329935,0.4339774534,-0.0236475184
anti_uav410,2,anti_uav410.load_2,AU-L02-W01,AU-L02-W01,730025,No-Synergy,11,0.410329935,0.410329935,0.0
anti_uav410,2,anti_uav410.load_2,AU-L02-W01,AU-L02-W01,730025,Random,8,0.4262722485,0.4580520758,-0.0317798273
anti_uav410,2,anti_uav410.load_2,AU-L02-W01,AU-L02-W01,730026,External-Auction,11,0.4034505159,0.4034505159,0.0
anti_uav410,2,anti_uav410.load_2,AU-L02-W01,AU-L02-W01,730026,Greedy,11,0.4034505159,0.4034505159,0.0
anti_uav410,2,anti_uav410.load_2,AU-L02-W01,AU-L02-W01,730026,No-Stability,11,0.4034505159,0.4228299564,-0.0193794405
anti_uav410,2,anti_uav410.load_2,AU-L02-W01,AU-L02-W01,730026,No-Synergy,11,0.4034505159,0.4034505159,0.0
anti_uav410,2,anti_uav410.load_2,AU-L02-W01,AU-L02-W01,730026,Random,9,0.4153730948,0.4361564157,-0.0207833209
anti_uav410,2,anti_uav410.load_2,AU-L02-W01,AU-L02-W01,730027,External-Auction,11,0.4142627428,0.4142627428,0.0
anti_uav410,2,anti_uav410.load_2,AU-L02-W01,AU-L02-W01,730027,Greedy,11,0.4142627428,0.4142627428,0.0
anti_uav410,2,anti_uav410.load_2,AU-L02-W01,AU-L02-W01,730027,No-Stability,11,0.4142627428,0.4409687274,-0.0267059846
anti_uav410,2,anti_uav410.load_2,AU-L02-W01,AU-L02-W01,730027,No-Synergy,11,0.4142627428,0.4142627428,0.0
anti_uav410,2,anti_uav410.load_2,AU-L02-W01,AU-L02-W01,730027,Random,9,0.4079181414,0.4197373726,-0.0118192312
anti_uav410,2,anti_uav410.load_2,AU-L02-W01,AU-L02-W01,730028,External-Auction,11,0.4027590809,0.4027590809,0.0
anti_uav410,2,anti_uav410.load_2,AU-L02-W01,AU-L02-W01,730028,Greedy,11,0.4027590809,0.4027590809,0.0
anti_uav410,2,anti_uav410.load_2,AU-L02-W01,AU-L02-W01,730028,No-Stability,11,0.4027590809,0.4415070883,-0.0387480075
anti_uav410,2,anti_uav410.load_2,AU-L02-W01,AU-L02-W01,730028,No-Synergy,11,0.4027590809,0.4027590809,0.0
anti_uav410,2,anti_uav410.load_2,AU-L02-W01,AU-L02-W01,730028,Random,9,0.3927417431,0.4177238614,-0.0249821183
anti_uav410,2,anti_uav410.load_2,AU-L02-W01,AU-L02-W01,730029,External-Auction,11,0.3797089637,0.3797089637,0.0
anti_uav410,2,anti_uav410.load_2,AU-L02-W01,AU-L02-W01,730029,Greedy,11,0.3797089637,0.3797089637,0.0
anti_uav410,2,anti_uav410.load_2,AU-L02-W01,AU-L02-W01,730029,No-Stability,11,0.3797089637,0.4013067509,-0.0215977871
anti_uav410,2,anti_uav410.load_2,AU-L02-W01,AU-L02-W01,730029,No-Synergy,11,0.3797089637,0.3797089637,0.0
anti_uav410,2,anti_uav410.load_2,AU-L02-W01,AU-L02-W01,730029,Random,9,0.3783597389,0.3892251972,-0.0108654583
anti_uav410,2,anti_uav410.load_2,AU-L02-W02,AU-L02-W02,730100,External-Auction,20,0.3384355613,0.3359351175,0.0025004438
anti_uav410,2,anti_uav410.load_2,AU-L02-W02,AU-L02-W02,730100,Greedy,20,0.3384355613,0.3384355613,0.0
anti_uav410,2,anti_uav410.load_2,AU-L02-W02,AU-L02-W02,730100,No-Stability,20,0.3384355613,0.3765833674,-0.0381478061
anti_uav410,2,anti_uav410.load_2,AU-L02-W02,AU-L02-W02,730100,No-Synergy,20,0.3384355613,0.3384355613,0.0
anti_uav410,2,anti_uav410.load_2,AU-L02-W02,AU-L02-W02,730100,Random,16,0.3524272312,0.3940751775,-0.0416479462
anti_uav410,2,anti_uav410.load_2,AU-L02-W02,AU-L02-W02,730101,External-Auction,20,0.3407035462,0.3407035462,0.0
anti_uav410,2,anti_uav410.load_2,AU-L02-W02,AU-L02-W02,730101,Greedy,20,0.3407035462,0.3407035462,0.0
anti_uav410,2,anti_uav410.load_2,AU-L02-W02,AU-L02-W02,730101,No-Stability,20,0.3407035462,0.3661548441,-0.0254512979
anti_uav410,2,anti_uav410.load_2,AU-L02-W02,AU-L02-W02,730101,No-Synergy,20,0.3407035462,0.3407035462,0.0
anti_uav410,2,anti_uav410.load_2,AU-L02-W02,AU-L02-W02,730101,Random,15,0.3415954742,0.3633134962,-0.021718022
anti_uav410,2,anti_uav410.load_2,AU-L02-W02,AU-L02-W02,730102,External-Auction,20,0.350886041,0.350886041,0.0
anti_uav410,2,anti_uav410.load_2,AU-L02-W02,AU-L02-W02,730102,Greedy,20,0.350886041,0.350886041,0.0
anti_uav410,2,anti_uav410.load_2,AU-L02-W02,AU-L02-W02,730102,No-Stability,20,0.350886041,0.3693141621,-0.0184281211
anti_uav410,2,anti_uav410.load_2,AU-L02-W02,AU-L02-W02,730102,No-Synergy,20,0.350886041,0.350886041,0.0
anti_uav410,2,anti_uav410.load_2,AU-L02-W02,AU-L02-W02,730102,Random,15,0.3713313931,0.3977084677,-0.0263770746
anti_uav410,2,anti_uav410.load_2,AU-L02-W02,AU-L02-W02,730103,External-Auction,20,0.3461690174,0.3461690174,0.0
anti_uav410,2,anti_uav410.load_2,AU-L02-W02,AU-L02-W02,730103,Greedy,20,0.3461690174,0.3461690174,0.0
anti_uav410,2,anti_uav410.load_2,AU-L02-W02,AU-L02-W02,730103,No-Stability,20,0.3461690174,0.3680668051,-0.0218977877
anti_uav410,2,anti_uav410.load_2,AU-L02-W02,AU-L02-W02,730103,No-Synergy,20,0.3461690174,0.3461690174,0.0
anti_uav410,2,anti_uav410.load_2,AU-L02-W02,AU-L02-W02,730103,Random,13,0.336897723,0.3721630416,-0.0352653186
anti_uav410,2,anti_uav410.load_2,AU-L02-W02,AU-L02-W02,730104,External-Auction,20,0.3590549392,0.3590549392,0.0
anti_uav410,2,anti_uav410.load_2,AU-L02-W02,AU-L02-W02,730104,Greedy,20,0.3590549392,0.3590549392,0.0
anti_uav410,2,anti_uav410.load_2,AU-L02-W02,AU-L02-W02,730104,No-Stability,20,0.3590549392,0.3647378517,-0.0056829125
anti_uav410,2,anti_uav410.load_2,AU-L02-W02,AU-L02-W02,730104,No-Synergy,20,0.3590549392,0.3590549392,0.0
anti_uav410,2,anti_uav410.load_2,AU-L02-W02,AU-L02-W02,730104,Random,14,0.3602892793,0.3687675666,-0.0084782873
anti_uav410,2,anti_uav410.load_2,AU-L02-W02,AU-L02-W02,730105,External-Auction,20,0.3576077508,0.3576077508,0.0
anti_uav410,2,anti_uav410.load_2,AU-L02-W02,AU-L02-W02,730105,Greedy,20,0.3576077508,0.3576077508,0.0
anti_uav410,2,anti_uav410.load_2,AU-L02-W02,AU-L02-W02,730105,No-Stability,20,0.3576077508,0.3614220187,-0.0038142679
anti_uav410,2,anti_uav410.load_2,AU-L02-W02,AU-L02-W02,730105,No-Synergy,20,0.3576077508,0.3576077508,0.0
anti_uav410,2,anti_uav410.load_2,AU-L02-W02,AU-L02-W02,730105,Random,16,0.3352119079,0.3413022221,-0.0060903141
anti_uav410,2,anti_uav410.load_2,AU-L02-W02,AU-L02-W02,730106,External-Auction,20,0.3377788446,0.3377788446,0.0
anti_uav410,2,anti_uav410.load_2,AU-L02-W02,AU-L02-W02,730106,Greedy,20,0.3377788446,0.3377788446,0.0
anti_uav410,2,anti_uav410.load_2,AU-L02-W02,AU-L02-W02,730106,No-Stability,20,0.3377788446,0.3524465792,-0.0146677346
anti_uav410,2,anti_uav410.load_2,AU-L02-W02,AU-L02-W02,730106,No-Synergy,20,0.3377788446,0.3377788446,0.0
anti_uav410,2,anti_uav410.load_2,AU-L02-W02,AU-L02-W02,730106,Random,15,0.3275794184,0.3415679461,-0.0139885276
anti_uav410,2,anti_uav410.load_2,AU-L02-W02,AU-L02-W02,730107,External-Auction,20,0.3365582671,0.3365582671,0.0
anti_uav410,2,anti_uav410.load_2,AU-L02-W02,AU-L02-W02,730107,Greedy,20,0.3365582671,0.3365582671,0.0
anti_uav410,2,anti_uav410.load_2,AU-L02-W02,AU-L02-W02,730107,No-Stability,20,0.3365582671,0.3660146846,-0.0294564175
anti_uav410,2,anti_uav410.load_2,AU-L02-W02,AU-L02-W02,730107,No-Synergy,20,0.3365582671,0.3365582671,0.0
anti_uav410,2,anti_uav410.load_2,AU-L02-W02,AU-L02-W02,730107,Random,16,0.32790006,0.3501063705,-0.0222063105
anti_uav410,2,anti_uav410.load_2,AU-L02-W02,AU-L02-W02,730108,External-Auction,20,0.3414824308,0.3414824308,0.0
anti_uav410,2,anti_uav410.load_2,AU-L02-W02,AU-L02-W02,730108,Greedy,20,0.3414824308,0.3414824308,0.0
anti_uav410,2,anti_uav410.load_2,AU-L02-W02,AU-L02-W02,730108,No-Stability,20,0.3414824308,0.3484845221,-0.0070020913
anti_uav410,2,anti_uav410.load_2,AU-L02-W02,AU-L02-W02,730108,No-Synergy,20,0.3414824308,0.3414824308,0.0
anti_uav410,2,anti_uav410.load_2,AU-L02-W02,AU-L02-W02,730108,Random,17,0.3430003296,0.3553307694,-0.0123304398
anti_uav410,2,anti_uav410.load_2,AU-L02-W02,AU-L02-W02,730109,External-Auction,20,0.3392379644,0.3427472256,-0.0035092612
anti_uav410,2,anti_uav410.load_2,AU-L02-W02,AU-L02-W02,730109,Greedy,20,0.3392379644,0.3392379644,0.0
anti_uav410,2,anti_uav410.load_2,AU-L02-W02,AU-L02-W02,730109,No-Stability,20,0.3392379644,0.3673807754,-0.028142811
anti_uav410,2,anti_uav410.load_2,AU-L02-W02,AU-L02-W02,730109,No-Synergy,20,0.3392379644,0.3392379644,0.0
anti_uav410,2,anti_uav410.load_2,AU-L02-W02,AU-L02-W02,730109,Random,15,0.3432828251,0.4000538378,-0.0567710127
anti_uav410,2,anti_uav410.load_2,AU-L02-W02,AU-L02-W02,730110,External-Auction,20,0.3468689685,0.3468689685,0.0
anti_uav410,2,anti_uav410.load_2,AU-L02-W02,AU-L02-W02,730110,Greedy,20,0.3468689685,0.3468689685,0.0
anti_uav410,2,anti_uav410.load_2,AU-L02-W02,AU-L02-W02,730110,No-Stability,20,0.3468689685,0.3550649849,-0.0081960164
anti_uav410,2,anti_uav410.load_2,AU-L02-W02,AU-L02-W02,730110,No-Synergy,20,0.3468689685,0.3468689685,0.0
anti_uav410,2,anti_uav410.load_2,AU-L02-W02,AU-L02-W02,730110,Random,16,0.3437255056,0.3491836099,-0.0054581043
anti_uav410,2,anti_uav410.load_2,AU-L02-W02,AU-L02-W02,730111,External-Auction,20,0.3480539902,0.3569973432,-0.0089433531
anti_uav410,2,anti_uav410.load_2,AU-L02-W02,AU-L02-W02,730111,Greedy,20,0.3480539902,0.3499137747,-0.0018597846
anti_uav410,2,anti_uav410.load_2,AU-L02-W02,AU-L02-W02,730111,No-Stability,20,0.3480539902,0.3696304594,-0.0215764692
anti_uav410,2,anti_uav410.load_2,AU-L02-W02,AU-L02-W02,730111,No-Synergy,20,0.3480539902,0.3480539902,0.0
anti_uav410,2,anti_uav410.load_2,AU-L02-W02,AU-L02-W02,730111,Random,16,0.3586230659,0.3830053914,-0.0243823255
anti_uav410,2,anti_uav410.load_2,AU-L02-W02,AU-L02-W02,730112,External-Auction,20,0.3392824387,0.3392824387,0.0
anti_uav410,2,anti_uav410.load_2,AU-L02-W02,AU-L02-W02,730112,Greedy,20,0.3392824387,0.3392824387,0.0
anti_uav410,2,anti_uav410.load_2,AU-L02-W02,AU-L02-W02,730112,No-Stability,20,0.3392824387,0.3475396064,-0.0082571677
anti_uav410,2,anti_uav410.load_2,AU-L02-W02,AU-L02-W02,730112,No-Synergy,20,0.3392824387,0.3392824387,0.0
anti_uav410,2,anti_uav410.load_2,AU-L02-W02,AU-L02-W02,730112,Random,15,0.3334835045,0.3535021858,-0.0200186813
anti_uav410,2,anti_uav410.load_2,AU-L02-W02,AU-L02-W02,730113,External-Auction,20,0.3461451304,0.3461451304,0.0
anti_uav410,2,anti_uav410.load_2,AU-L02-W02,AU-L02-W02,730113,Greedy,20,0.3461451304,0.3461451304,0.0
anti_uav410,2,anti_uav410.load_2,AU-L02-W02,AU-L02-W02,730113,No-Stability,20,0.3461451304,0.3657519675,-0.0196068371
anti_uav410,2,anti_uav410.load_2,AU-L02-W02,AU-L02-W02,730113,No-Synergy,20,0.3461451304,0.3461451304,0.0
anti_uav410,2,anti_uav410.load_2,AU-L02-W02,AU-L02-W02,730113,Random,11,0.3193608168,0.3391293267,-0.0197685098
anti_uav410,2,anti_uav410.load_2,AU-L02-W02,AU-L02-W02,730114,External-Auction,20,0.3556040368,0.3505387056,0.0050653312
anti_uav410,2,anti_uav410.load_2,AU-L02-W02,AU-L02-W02,730114,Greedy,20,0.3556040368,0.3556040368,0.0
anti_uav410,2,anti_uav410.load_2,AU-L02-W02,AU-L02-W02,730114,No-Stability,20,0.3556040368,0.364333611,-0.0087295742
anti_uav410,2,anti_uav410.load_2,AU-L02-W02,AU-L02-W02,730114,No-Synergy,20,0.3556040368,0.3556040368,0.0
anti_uav410,2,anti_uav410.load_2,AU-L02-W02,AU-L02-W02,730114,Random,8,0.3615160795,0.3735654473,-0.0120493678
anti_uav410,2,anti_uav410.load_2,AU-L02-W02,AU-L02-W02,730115,External-Auction,20,0.3380974159,0.3380974159,0.0
anti_uav410,2,anti_uav410.load_2,AU-L02-W02,AU-L02-W02,730115,Greedy,20,0.3380974159,0.3380974159,0.0
anti_uav410,2,anti_uav410.load_2,AU-L02-W02,AU-L02-W02,730115,No-Stability,20,0.3380974159,0.3593020829,-0.021204667
anti_uav410,2,anti_uav410.load_2,AU-L02-W02,AU-L02-W02,730115,No-Synergy,20,0.3380974159,0.3380974159,0.0
anti_uav410,2,anti_uav410.load_2,AU-L02-W02,AU-L02-W02,730115,Random,18,0.3361062602,0.3693687281,-0.0332624679
anti_uav410,2,anti_uav410.load_2,AU-L02-W02,AU-L02-W02,730116,External-Auction,20,0.3427230084,0.3427230084,0.0
anti_uav410,2,anti_uav410.load_2,AU-L02-W02,AU-L02-W02,730116,Greedy,20,0.3427230084,0.3427230084,0.0
anti_uav410,2,anti_uav410.load_2,AU-L02-W02,AU-L02-W02,730116,No-Stability,20,0.3427230084,0.3541120414,-0.011389033
anti_uav410,2,anti_uav410.load_2,AU-L02-W02,AU-L02-W02,730116,No-Synergy,20,0.3427230084,0.3427230084,0.0
anti_uav410,2,anti_uav410.load_2,AU-L02-W02,AU-L02-W02,730116,Random,15,0.358289363,0.3651874813,-0.0068981183
anti_uav410,2,anti_uav410.load_2,AU-L02-W02,AU-L02-W02,730117,External-Auction,20,0.3595363405,0.3595363405,0.0
anti_uav410,2,anti_uav410.load_2,AU-L02-W02,AU-L02-W02,730117,Greedy,20,0.3595363405,0.3595363405,0.0
anti_uav410,2,anti_uav410.load_2,AU-L02-W02,AU-L02-W02,730117,No-Stability,20,0.3595363405,0.3771967338,-0.0176603934
anti_uav410,2,anti_uav410.load_2,AU-L02-W02,AU-L02-W02,730117,No-Synergy,20,0.3595363405,0.3595363405,0.0
anti_uav410,2,anti_uav410.load_2,AU-L02-W02,AU-L02-W02,730117,Random,16,0.3635342356,0.3849711669,-0.0214369313
anti_uav410,2,anti_uav410.load_2,AU-L02-W02,AU-L02-W02,730118,External-Auction,20,0.3371005121,0.3371005121,0.0
anti_uav410,2,anti_uav410.load_2,AU-L02-W02,AU-L02-W02,730118,Greedy,20,0.3371005121,0.3371005121,0.0
anti_uav410,2,anti_uav410.load_2,AU-L02-W02,AU-L02-W02,730118,No-Stability,20,0.3371005121,0.3505905678,-0.0134900557
anti_uav410,2,anti_uav410.load_2,AU-L02-W02,AU-L02-W02,730118,No-Synergy,20,0.3371005121,0.3371005121,0.0
anti_uav410,2,anti_uav410.load_2,AU-L02-W02,AU-L02-W02,730118,Random,15,0.3286799843,0.3594771493,-0.030797165
anti_uav410,2,anti_uav410.load_2,AU-L02-W02,AU-L02-W02,730119,External-Auction,20,0.348967248,0.348967248,0.0
anti_uav410,2,anti_uav410.load_2,AU-L02-W02,AU-L02-W02,730119,Greedy,20,0.348967248,0.348967248,0.0
anti_uav410,2,anti_uav410.load_2,AU-L02-W02,AU-L02-W02,730119,No-Stability,20,0.348967248,0.3634115235,-0.0144442755
anti_uav410,2,anti_uav410.load_2,AU-L02-W02,AU-L02-W02,730119,No-Synergy,20,0.348967248,0.348967248,0.0
anti_uav410,2,anti_uav410.load_2,AU-L02-W02,AU-L02-W02,730119,Random,17,0.3649316854,0.3756526187,-0.0107209333
anti_uav410,2,anti_uav410.load_2,AU-L02-W02,AU-L02-W02,730120,External-Auction,20,0.3358326854,0.3358326854,0.0
anti_uav410,2,anti_uav410.load_2,AU-L02-W02,AU-L02-W02,730120,Greedy,20,0.3358326854,0.3358326854,0.0
anti_uav410,2,anti_uav410.load_2,AU-L02-W02,AU-L02-W02,730120,No-Stability,20,0.3358326854,0.3699667457,-0.0341340603
anti_uav410,2,anti_uav410.load_2,AU-L02-W02,AU-L02-W02,730120,No-Synergy,20,0.3358326854,0.3358326854,0.0
anti_uav410,2,anti_uav410.load_2,AU-L02-W02,AU-L02-W02,730120,Random,16,0.3457391817,0.3758746066,-0.0301354249
anti_uav410,2,anti_uav410.load_2,AU-L02-W02,AU-L02-W02,730121,External-Auction,20,0.3520929142,0.3596274998,-0.0075345856
anti_uav410,2,anti_uav410.load_2,AU-L02-W02,AU-L02-W02,730121,Greedy,20,0.3520929142,0.3520929142,0.0
anti_uav410,2,anti_uav410.load_2,AU-L02-W02,AU-L02-W02,730121,No-Stability,20,0.3520929142,0.360401354,-0.0083084398
anti_uav410,2,anti_uav410.load_2,AU-L02-W02,AU-L02-W02,730121,No-Synergy,20,0.3520929142,0.3520929142,0.0
anti_uav410,2,anti_uav410.load_2,AU-L02-W02,AU-L02-W02,730121,Random,16,0.3489984758,0.3555145462,-0.0065160704
anti_uav410,2,anti_uav410.load_2,AU-L02-W02,AU-L02-W02,730122,External-Auction,20,0.3531073993,0.3519921887,0.0011152106
anti_uav410,2,anti_uav410.load_2,AU-L02-W02,AU-L02-W02,730122,Greedy,20,0.3531073993,0.3531073993,0.0
anti_uav410,2,anti_uav410.load_2,AU-L02-W02,AU-L02-W02,730122,No-Stability,20,0.3531073993,0.3606882741,-0.0075808749
anti_uav410,2,anti_uav410.load_2,AU-L02-W02,AU-L02-W02,730122,No-Synergy,20,0.3531073993,0.3531073993,0.0
anti_uav410,2,anti_uav410.load_2,AU-L02-W02,AU-L02-W02,730122,Random,18,0.3494052999,0.3903121959,-0.040906896
anti_uav410,2,anti_uav410.load_2,AU-L02-W02,AU-L02-W02,730123,External-Auction,20,0.3378502616,0.3378502616,0.0
anti_uav410,2,anti_uav410.load_2,AU-L02-W02,AU-L02-W02,730123,Greedy,20,0.3378502616,0.3378502616,0.0
anti_uav410,2,anti_uav410.load_2,AU-L02-W02,AU-L02-W02,730123,No-Stability,20,0.3378502616,0.35721513,-0.0193648684
anti_uav410,2,anti_uav410.load_2,AU-L02-W02,AU-L02-W02,730123,No-Synergy,20,0.3378502616,0.3378502616,0.0
anti_uav410,2,anti_uav410.load_2,AU-L02-W02,AU-L02-W02,730123,Random,12,0.3561237058,0.3796877395,-0.0235640337
anti_uav410,2,anti_uav410.load_2,AU-L02-W02,AU-L02-W02,730124,External-Auction,20,0.3655652945,0.3655652945,0.0
anti_uav410,2,anti_uav410.load_2,AU-L02-W02,AU-L02-W02,730124,Greedy,20,0.3655652945,0.3655652945,0.0
anti_uav410,2,anti_uav410.load_2,AU-L02-W02,AU-L02-W02,730124,No-Stability,20,0.3655652945,0.3784469698,-0.0128816754
anti_uav410,2,anti_uav410.load_2,AU-L02-W02,AU-L02-W02,730124,No-Synergy,20,0.3655652945,0.3655652945,0.0
anti_uav410,2,anti_uav410.load_2,AU-L02-W02,AU-L02-W02,730124,Random,13,0.3500892233,0.3564156967,-0.0063264734
anti_uav410,2,anti_uav410.load_2,AU-L02-W02,AU-L02-W02,730125,External-Auction,20,0.3545998218,0.3545998218,0.0
anti_uav410,2,anti_uav410.load_2,AU-L02-W02,AU-L02-W02,730125,Greedy,20,0.3545998218,0.3545998218,0.0
anti_uav410,2,anti_uav410.load_2,AU-L02-W02,AU-L02-W02,730125,No-Stability,20,0.3545998218,0.3628839204,-0.0082840986
anti_uav410,2,anti_uav410.load_2,AU-L02-W02,AU-L02-W02,730125,No-Synergy,20,0.3545998218,0.3545998218,0.0
anti_uav410,2,anti_uav410.load_2,AU-L02-W02,AU-L02-W02,730125,Random,17,0.3455028882,0.3613101656,-0.0158072773
anti_uav410,2,anti_uav410.load_2,AU-L02-W02,AU-L02-W02,730126,External-Auction,20,0.3587421686,0.3587421686,0.0
anti_uav410,2,anti_uav410.load_2,AU-L02-W02,AU-L02-W02,730126,Greedy,20,0.3587421686,0.3587421686,0.0
anti_uav410,2,anti_uav410.load_2,AU-L02-W02,AU-L02-W02,730126,No-Stability,20,0.3587421686,0.3618634522,-0.0031212836
anti_uav410,2,anti_uav410.load_2,AU-L02-W02,AU-L02-W02,730126,No-Synergy,20,0.3587421686,0.3587421686,0.0
anti_uav410,2,anti_uav410.load_2,AU-L02-W02,AU-L02-W02,730126,Random,12,0.3813849886,0.389045182,-0.0076601934
anti_uav410,2,anti_uav410.load_2,AU-L02-W02,AU-L02-W02,730127,External-Auction,20,0.3473178711,0.3473178711,0.0
anti_uav410,2,anti_uav410.load_2,AU-L02-W02,AU-L02-W02,730127,Greedy,20,0.3473178711,0.3473178711,0.0
anti_uav410,2,anti_uav410.load_2,AU-L02-W02,AU-L02-W02,730127,No-Stability,20,0.3473178711,0.3569622371,-0.009644366
anti_uav410,2,anti_uav410.load_2,AU-L02-W02,AU-L02-W02,730127,No-Synergy,20,0.3473178711,0.3473178711,0.0
anti_uav410,2,anti_uav410.load_2,AU-L02-W02,AU-L02-W02,730127,Random,14,0.3443242858,0.3573665095,-0.0130422237
anti_uav410,2,anti_uav410.load_2,AU-L02-W02,AU-L02-W02,730128,External-Auction,20,0.3495938995,0.3495938995,0.0
anti_uav410,2,anti_uav410.load_2,AU-L02-W02,AU-L02-W02,730128,Greedy,20,0.3495938995,0.3495938995,0.0
anti_uav410,2,anti_uav410.load_2,AU-L02-W02,AU-L02-W02,730128,No-Stability,20,0.3495938995,0.3564378172,-0.0068439177
anti_uav410,2,anti_uav410.load_2,AU-L02-W02,AU-L02-W02,730128,No-Synergy,20,0.3495938995,0.3495938995,0.0
anti_uav410,2,anti_uav410.load_2,AU-L02-W02,AU-L02-W02,730128,Random,13,0.3343888272,0.3484975583,-0.0141087311
anti_uav410,2,anti_uav410.load_2,AU-L02-W02,AU-L02-W02,730129,External-Auction,20,0.3433638767,0.3391913507,0.0041725261
anti_uav410,2,anti_uav410.load_2,AU-L02-W02,AU-L02-W02,730129,Greedy,20,0.3433638767,0.3391913507,0.0041725261
anti_uav410,2,anti_uav410.load_2,AU-L02-W02,AU-L02-W02,730129,No-Stability,20,0.3433638767,0.370224553,-0.0268606762
anti_uav410,2,anti_uav410.load_2,AU-L02-W02,AU-L02-W02,730129,No-Synergy,20,0.3433638767,0.3433638767,0.0
anti_uav410,2,anti_uav410.load_2,AU-L02-W02,AU-L02-W02,730129,Random,18,0.3393544009,0.3730184406,-0.0336640397
anti_uav410,2,anti_uav410.load_2,AU-L02-W03,AU-L02-W03,730200,External-Auction,21,0.4517128188,0.4523783656,-0.0006655468
anti_uav410,2,anti_uav410.load_2,AU-L02-W03,AU-L02-W03,730200,Greedy,21,0.4517128188,0.4458877691,0.0058250497
anti_uav410,2,anti_uav410.load_2,AU-L02-W03,AU-L02-W03,730200,No-Stability,21,0.4517128188,0.4630475831,-0.0113347643
anti_uav410,2,anti_uav410.load_2,AU-L02-W03,AU-L02-W03,730200,No-Synergy,21,0.4517128188,0.4495263852,0.0021864336
anti_uav410,2,anti_uav410.load_2,AU-L02-W03,AU-L02-W03,730200,Random,16,0.4565896481,0.4622672296,-0.0056775815
anti_uav410,2,anti_uav410.load_2,AU-L02-W03,AU-L02-W03,730201,External-Auction,21,0.4184309669,0.4391902867,-0.0207593198
anti_uav410,2,anti_uav410.load_2,AU-L02-W03,AU-L02-W03,730201,Greedy,21,0.4184309669,0.4391618951,-0.0207309282
anti_uav410,2,anti_uav410.load_2,AU-L02-W03,AU-L02-W03,730201,No-Stability,21,0.4184309669,0.4700699332,-0.0516389663
anti_uav410,2,anti_uav410.load_2,AU-L02-W03,AU-L02-W03,730201,No-Synergy,21,0.4184309669,0.4184309669,0.0
anti_uav410,2,anti_uav410.load_2,AU-L02-W03,AU-L02-W03,730201,Random,17,0.4111730472,0.440936617,-0.0297635698
anti_uav410,2,anti_uav410.load_2,AU-L02-W03,AU-L02-W03,730202,External-Auction,21,0.4367036621,0.4440896153,-0.0073859532
anti_uav410,2,anti_uav410.load_2,AU-L02-W03,AU-L02-W03,730202,Greedy,21,0.4367036621,0.4440896153,-0.0073859532
anti_uav410,2,anti_uav410.load_2,AU-L02-W03,AU-L02-W03,730202,No-Stability,21,0.4367036621,0.452483135,-0.0157794729
anti_uav410,2,anti_uav410.load_2,AU-L02-W03,AU-L02-W03,730202,No-Synergy,21,0.4367036621,0.4367036621,0.0
anti_uav410,2,anti_uav410.load_2,AU-L02-W03,AU-L02-W03,730202,Random,19,0.4336683115,0.4439531819,-0.0102848704
anti_uav410,2,anti_uav410.load_2,AU-L02-W03,AU-L02-W03,730203,External-Auction,21,0.4438515877,0.4582653327,-0.014413745
anti_uav410,2,anti_uav410.load_2,AU-L02-W03,AU-L02-W03,730203,Greedy,21,0.4438515877,0.4565205974,-0.0126690097
anti_uav410,2,anti_uav410.load_2,AU-L02-W03,AU-L02-W03,730203,No-Stability,21,0.4438515877,0.4576235622,-0.0137719745
anti_uav410,2,anti_uav410.load_2,AU-L02-W03,AU-L02-W03,730203,No-Synergy,21,0.4438515877,0.4438515877,0.0
anti_uav410,2,anti_uav410.load_2,AU-L02-W03,AU-L02-W03,730203,Random,14,0.4364140552,0.4583671135,-0.0219530583
anti_uav410,2,anti_uav410.load_2,AU-L02-W03,AU-L02-W03,730204,External-Auction,21,0.4352429844,0.4396729508,-0.0044299663
anti_uav410,2,anti_uav410.load_2,AU-L02-W03,AU-L02-W03,730204,Greedy,21,0.4352429844,0.4305236019,0.0047193826
anti_uav410,2,anti_uav410.load_2,AU-L02-W03,AU-L02-W03,730204,No-Stability,21,0.4352429844,0.4765832767,-0.0413402923
anti_uav410,2,anti_uav410.load_2,AU-L02-W03,AU-L02-W03,730204,No-Synergy,21,0.4352429844,0.4352429844,0.0
anti_uav410,2,anti_uav410.load_2,AU-L02-W03,AU-L02-W03,730204,Random,19,0.4418548704,0.4706528652,-0.0287979949
anti_uav410,2,anti_uav410.load_2,AU-L02-W03,AU-L02-W03,730205,External-Auction,21,0.4351967066,0.4323376003,0.0028591064
anti_uav410,2,anti_uav410.load_2,AU-L02-W03,AU-L02-W03,730205,Greedy,21,0.4351967066,0.4351967066,0.0
anti_uav410,2,anti_uav410.load_2,AU-L02-W03,AU-L02-W03,730205,No-Stability,21,0.4351967066,0.4697924986,-0.034595792
anti_uav410,2,anti_uav410.load_2,AU-L02-W03,AU-L02-W03,730205,No-Synergy,21,0.4351967066,0.4321776471,0.0030190596
anti_uav410,2,anti_uav410.load_2,AU-L02-W03,AU-L02-W03,730205,Random,18,0.4355837535,0.4485768672,-0.0129931137
anti_uav410,2,anti_uav410.load_2,AU-L02-W03,AU-L02-W03,730206,External-Auction,21,0.425090141,0.4383937862,-0.0133036452
anti_uav410,2,anti_uav410.load_2,AU-L02-W03,AU-L02-W03,730206,Greedy,21,0.425090141,0.4346264585,-0.0095363175
anti_uav410,2,anti_uav410.load_2,AU-L02-W03,AU-L02-W03,730206,No-Stability,21,0.425090141,0.4480086365,-0.0229184954
anti_uav410,2,anti_uav410.load_2,AU-L02-W03,AU-L02-W03,730206,No-Synergy,21,0.425090141,0.425090141,0.0
anti_uav410,2,anti_uav410.load_2,AU-L02-W03,AU-L02-W03,730206,Random,16,0.43012146,0.4455448408,-0.0154233808
anti_uav410,2,anti_uav410.load_2,AU-L02-W03,AU-L02-W03,730207,External-Auction,21,0.4704037515,0.4543042891,0.0160994623
anti_uav410,2,anti_uav410.load_2,AU-L02-W03,AU-L02-W03,730207,Greedy,21,0.4704037515,0.4565034597,0.0139002917
anti_uav410,2,anti_uav410.load_2,AU-L02-W03,AU-L02-W03,730207,No-Stability,21,0.4704037515,0.4741235623,-0.0037198108
anti_uav410,2,anti_uav410.load_2,AU-L02-W03,AU-L02-W03,730207,No-Synergy,21,0.4704037515,0.4704037515,0.0
anti_uav410,2,anti_uav410.load_2,AU-L02-W03,AU-L02-W03,730207,Random,17,0.4681752233,0.4723722774,-0.0041970541
anti_uav410,2,anti_uav410.load_2,AU-L02-W03,AU-L02-W03,730208,External-Auction,21,0.4380922694,0.4210377689,0.0170545005
anti_uav410,2,anti_uav410.load_2,AU-L02-W03,AU-L02-W03,730208,Greedy,21,0.4380922694,0.4380922694,0.0
anti_uav410,2,anti_uav410.load_2,AU-L02-W03,AU-L02-W03,730208,No-Stability,21,0.4380922694,0.4782300528,-0.0401377834
anti_uav410,2,anti_uav410.load_2,AU-L02-W03,AU-L02-W03,730208,No-Synergy,21,0.4380922694,0.4160359825,0.0220562869
anti_uav410,2,anti_uav410.load_2,AU-L02-W03,AU-L02-W03,730208,Random,13,0.4238604365,0.4486120244,-0.024751588
anti_uav410,2,anti_uav410.load_2,AU-L02-W03,AU-L02-W03,730209,External-Auction,21,0.4265784716,0.4284573358,-0.0018788642
anti_uav410,2,anti_uav410.load_2,AU-L02-W03,AU-L02-W03,730209,Greedy,21,0.4265784716,0.4314537047,-0.0048752331
anti_uav410,2,anti_uav410.load_2,AU-L02-W03,AU-L02-W03,730209,No-Stability,21,0.4265784716,0.4419398417,-0.0153613701
anti_uav410,2,anti_uav410.load_2,AU-L02-W03,AU-L02-W03,730209,No-Synergy,21,0.4265784716,0.4240243359,0.0025541358
anti_uav410,2,anti_uav410.load_2,AU-L02-W03,AU-L02-W03,730209,Random,16,0.4279436811,0.4394421026,-0.0114984215
anti_uav410,2,anti_uav410.load_2,AU-L02-W03,AU-L02-W03,730210,External-Auction,21,0.4602019285,0.4532188919,0.0069830366
anti_uav410,2,anti_uav410.load_2,AU-L02-W03,AU-L02-W03,730210,Greedy,21,0.4602019285,0.4508609044,0.0093410241
anti_uav410,2,anti_uav410.load_2,AU-L02-W03,AU-L02-W03,730210,No-Stability,21,0.4602019285,0.4600052717,0.0001966568
anti_uav410,2,anti_uav410.load_2,AU-L02-W03,AU-L02-W03,730210,No-Synergy,21,0.4602019285,0.4602019285,0.0
anti_uav410,2,anti_uav410.load_2,AU-L02-W03,AU-L02-W03,730210,Random,16,0.4524385127,0.4530709049,-0.0006323922
anti_uav410,2,anti_uav410.load_2,AU-L02-W03,AU-L02-W03,730211,External-Auction,21,0.4273308783,0.4265917568,0.0007391215
anti_uav410,2,anti_uav410.load_2,AU-L02-W03,AU-L02-W03,730211,Greedy,21,0.4273308783,0.4265917568,0.0007391215
anti_uav410,2,anti_uav410.load_2,AU-L02-W03,AU-L02-W03,730211,No-Stability,21,0.4273308783,0.448394904,-0.0210640257
anti_uav410,2,anti_uav410.load_2,AU-L02-W03,AU-L02-W03,730211,No-Synergy,21,0.4273308783,0.4273308783,0.0
anti_uav410,2,anti_uav410.load_2,AU-L02-W03,AU-L02-W03,730211,Random,15,0.4327144832,0.4509525573,-0.0182380741
anti_uav410,2,anti_uav410.load_2,AU-L02-W03,AU-L02-W03,730212,External-Auction,21,0.4344002891,0.4385095916,-0.0041093025
anti_uav410,2,anti_uav410.load_2,AU-L02-W03,AU-L02-W03,730212,Greedy,21,0.4344002891,0.4374597216,-0.0030594325
anti_uav410,2,anti_uav410.load_2,AU-L02-W03,AU-L02-W03,730212,No-Stability,21,0.4344002891,0.4476572241,-0.013256935
anti_uav410,2,anti_uav410.load_2,AU-L02-W03,AU-L02-W03,730212,No-Synergy,21,0.4344002891,0.4344002891,0.0
anti_uav410,2,anti_uav410.load_2,AU-L02-W03,AU-L02-W03,730212,Random,14,0.4275157537,0.4426721082,-0.0151563545
anti_uav410,2,anti_uav410.load_2,AU-L02-W03,AU-L02-W03,730213,External-Auction,21,0.4491919237,0.446919214,0.0022727097
anti_uav410,2,anti_uav410.load_2,AU-L02-W03,AU-L02-W03,730213,Greedy,21,0.4491919237,0.4491919237,0.0
anti_uav410,2,anti_uav410.load_2,AU-L02-W03,AU-L02-W03,730213,No-Stability,21,0.4491919237,0.4731449076,-0.023952984
anti_uav410,2,anti_uav410.load_2,AU-L02-W03,AU-L02-W03,730213,No-Synergy,21,0.4491919237,0.4480023174,0.0011896063
anti_uav410,2,anti_uav410.load_2,AU-L02-W03,AU-L02-W03,730213,Random,15,0.447320118,0.4634329977,-0.0161128797
anti_uav410,2,anti_uav410.load_2,AU-L02-W03,AU-L02-W03,730214,External-Auction,21,0.4740736257,0.4740736257,0.0
anti_uav410,2,anti_uav410.load_2,AU-L02-W03,AU-L02-W03,730214,Greedy,21,0.4740736257,0.4740736257,0.0
anti_uav410,2,anti_uav410.load_2,AU-L02-W03,AU-L02-W03,730214,No-Stability,21,0.4740736257,0.4579253601,0.0161482656
anti_uav410,2,anti_uav410.load_2,AU-L02-W03,AU-L02-W03,730214,No-Synergy,21,0.4740736257,0.4740736257,0.0
anti_uav410,2,anti_uav410.load_2,AU-L02-W03,AU-L02-W03,730214,Random,16,0.4885315132,0.467866302,0.0206652112
anti_uav410,2,anti_uav410.load_2,AU-L02-W03,AU-L02-W03,730215,External-Auction,21,0.4494814559,0.4552233462,-0.0057418904
anti_uav410,2,anti_uav410.load_2,AU-L02-W03,AU-L02-W03,730215,Greedy,21,0.4494814559,0.4491155588,0.0003658971
anti_uav410,2,anti_uav410.load_2,AU-L02-W03,AU-L02-W03,730215,No-Stability,21,0.4494814559,0.4602838957,-0.0108024398
anti_uav410,2,anti_uav410.load_2,AU-L02-W03,AU-L02-W03,730215,No-Synergy,21,0.4494814559,0.4494814559,0.0
anti_uav410,2,anti_uav410.load_2,AU-L02-W03,AU-L02-W03,730215,Random,15,0.4509936402,0.4584270963,-0.0074334562
anti_uav410,2,anti_uav410.load_2,AU-L02-W03,AU-L02-W03,730216,External-Auction,21,0.4438344348,0.4465269372,-0.0026925025
anti_uav410,2,anti_uav410.load_2,AU-L02-W03,AU-L02-W03,730216,Greedy,21,0.4438344348,0.4465269372,-0.0026925025
anti_uav410,2,anti_uav410.load_2,AU-L02-W03,AU-L02-W03,730216,No-Stability,21,0.4438344348,0.475298322,-0.0314638873
anti_uav410,2,anti_uav410.load_2,AU-L02-W03,AU-L02-W03,730216,No-Synergy,21,0.4438344348,0.4438344348,0.0
anti_uav410,2,anti_uav410.load_2,AU-L02-W03,AU-L02-W03,730216,Random,19,0.437413846,0.4608037772,-0.0233899312
anti_uav410,2,anti_uav410.load_2,AU-L02-W03,AU-L02-W03,730217,External-Auction,21,0.4611930961,0.4684443255,-0.0072512294
anti_uav410,2,anti_uav410.load_2,AU-L02-W03,AU-L02-W03,730217,Greedy,21,0.4611930961,0.4603523775,0.0008407185
anti_uav410,2,anti_uav410.load_2,AU-L02-W03,AU-L02-W03,730217,No-Stability,21,0.4611930961,0.4985653923,-0.0373722962
anti_uav410,2,anti_uav410.load_2,AU-L02-W03,AU-L02-W03,730217,No-Synergy,21,0.4611930961,0.4611930961,0.0
anti_uav410,2,anti_uav410.load_2,AU-L02-W03,AU-L02-W03,730217,Random,15,0.4526503639,0.482254112,-0.0296037481
anti_uav410,2,anti_uav410.load_2,AU-L02-W03,AU-L02-W03,730218,External-Auction,21,0.4420661127,0.445287842,-0.0032217293
anti_uav410,2,anti_uav410.load_2,AU-L02-W03,AU-L02-W03,730218,Greedy,21,0.4420661127,0.4441008511,-0.0020347384
anti_uav410,2,anti_uav410.load_2,AU-L02-W03,AU-L02-W03,730218,No-Stability,21,0.4420661127,0.4575244108,-0.0154582981
anti_uav410,2,anti_uav410.load_2,AU-L02-W03,AU-L02-W03,730218,No-Synergy,21,0.4420661127,0.4407626381,0.0013034746
anti_uav410,2,anti_uav410.load_2,AU-L02-W03,AU-L02-W03,730218,Random,13,0.4488599271,0.4657412998,-0.0168813727
anti_uav410,2,anti_uav410.load_2,AU-L02-W03,AU-L02-W03,730219,External-Auction,21,0.4514643544,0.452561385,-0.0010970306
anti_uav410,2,anti_uav410.load_2,AU-L02-W03,AU-L02-W03,730219,Greedy,21,0.4514643544,0.452561385,-0.0010970306
anti_uav410,2,anti_uav410.load_2,AU-L02-W03,AU-L02-W03,730219,No-Stability,21,0.4514643544,0.4542210808,-0.0027567264
anti_uav410,2,anti_uav410.load_2,AU-L02-W03,AU-L02-W03,730219,No-Synergy,21,0.4514643544,0.4514643544,0.0
anti_uav410,2,anti_uav410.load_2,AU-L02-W03,AU-L02-W03,730219,Random,16,0.4601539484,0.467522829,-0.0073688806
anti_uav410,2,anti_uav410.load_2,AU-L02-W03,AU-L02-W03,730220,External-Auction,21,0.4348273042,0.4365893869,-0.0017620827
anti_uav410,2,anti_uav410.load_2,AU-L02-W03,AU-L02-W03,730220,Greedy,21,0.4348273042,0.4346946341,0.0001326701
anti_uav410,2,anti_uav410.load_2,AU-L02-W03,AU-L02-W03,730220,No-Stability,21,0.4348273042,0.4419909409,-0.0071636367
anti_uav410,2,anti_uav410.load_2,AU-L02-W03,AU-L02-W03,730220,No-Synergy,21,0.4348273042,0.4348273042,0.0
anti_uav410,2,anti_uav410.load_2,AU-L02-W03,AU-L02-W03,730220,Random,18,0.4312866134,0.43230751,-0.0010208966
anti_uav410,2,anti_uav410.load_2,AU-L02-W03,AU-L02-W03,730221,External-Auction,21,0.4177767252,0.4385631946,-0.0207864694
anti_uav410,2,anti_uav410.load_2,AU-L02-W03,AU-L02-W03,730221,Greedy,21,0.4177767252,0.4378484164,-0.0200716912
anti_uav410,2,anti_uav410.load_2,AU-L02-W03,AU-L02-W03,730221,No-Stability,21,0.4177767252,0.4593911995,-0.0416144743
anti_uav410,2,anti_uav410.load_2,AU-L02-W03,AU-L02-W03,730221,No-Synergy,21,0.4177767252,0.4177767252,0.0
anti_uav410,2,anti_uav410.load_2,AU-L02-W03,AU-L02-W03,730221,Random,15,0.4183669162,0.4420760985,-0.0237091823
anti_uav410,2,anti_uav410.load_2,AU-L02-W03,AU-L02-W03,730222,External-Auction,21,0.4325567316,0.449024201,-0.0164674694
anti_uav410,2,anti_uav410.load_2,AU-L02-W03,AU-L02-W03,730222,Greedy,21,0.4325567316,0.449024201,-0.0164674694
anti_uav410,2,anti_uav410.load_2,AU-L02-W03,AU-L02-W03,730222,No-Stability,21,0.4325567316,0.453358757,-0.0208020253
anti_uav410,2,anti_uav410.load_2,AU-L02-W03,AU-L02-W03,730222,No-Synergy,21,0.4325567316,0.4325567316,0.0
anti_uav410,2,anti_uav410.load_2,AU-L02-W03,AU-L02-W03,730222,Random,12,0.4269758027,0.462907947,-0.0359321443
anti_uav410,2,anti_uav410.load_2,AU-L02-W03,AU-L02-W03,730223,External-Auction,21,0.4336538695,0.439271683,-0.0056178135
anti_uav410,2,anti_uav410.load_2,AU-L02-W03,AU-L02-W03,730223,Greedy,21,0.4336538695,0.439271683,-0.0056178135
anti_uav410,2,anti_uav410.load_2,AU-L02-W03,AU-L02-W03,730223,No-Stability,21,0.4336538695,0.4550239757,-0.0213701061
anti_uav410,2,anti_uav410.load_2,AU-L02-W03,AU-L02-W03,730223,No-Synergy,21,0.4336538695,0.4336538695,0.0
anti_uav410,2,anti_uav410.load_2,AU-L02-W03,AU-L02-W03,730223,Random,15,0.4403631984,0.4436359735,-0.0032727751
anti_uav410,2,anti_uav410.load_2,AU-L02-W03,AU-L02-W03,730224,External-Auction,21,0.4613063928,0.4569220944,0.0043842984
anti_uav410,2,anti_uav410.load_2,AU-L02-W03,AU-L02-W03,730224,Greedy,21,0.4613063928,0.4568447167,0.0044616761
anti_uav410,2,anti_uav410.load_2,AU-L02-W03,AU-L02-W03,730224,No-Stability,21,0.4613063928,0.4724192989,-0.0111129061
anti_uav410,2,anti_uav410.load_2,AU-L02-W03,AU-L02-W03,730224,No-Synergy,21,0.4613063928,0.4612221714,8.42213e-05
anti_uav410,2,anti_uav410.load_2,AU-L02-W03,AU-L02-W03,730224,Random,15,0.4690926935,0.4708417497,-0.0017490563
anti_uav410,2,anti_uav410.load_2,AU-L02-W03,AU-L02-W03,730225,External-Auction,21,0.4229095472,0.4339261839,-0.0110166366
anti_uav410,2,anti_uav410.load_2,AU-L02-W03,AU-L02-W03,730225,Greedy,21,0.4229095472,0.4229095472,0.0
anti_uav410,2,anti_uav410.load_2,AU-L02-W03,AU-L02-W03,730225,No-Stability,21,0.4229095472,0.4587869056,-0.0358773584
anti_uav410,2,anti_uav410.load_2,AU-L02-W03,AU-L02-W03,730225,No-Synergy,21,0.4229095472,0.4229095472,0.0
anti_uav410,2,anti_uav410.load_2,AU-L02-W03,AU-L02-W03,730225,Random,17,0.4161897961,0.4407374748,-0.0245476787
anti_uav410,2,anti_uav410.load_2,AU-L02-W03,AU-L02-W03,730226,External-Auction,21,0.4346177663,0.4441844091,-0.0095666428
anti_uav410,2,anti_uav410.load_2,AU-L02-W03,AU-L02-W03,730226,Greedy,21,0.4346177663,0.4440343218,-0.0094165555
anti_uav410,2,anti_uav410.load_2,AU-L02-W03,AU-L02-W03,730226,No-Stability,21,0.4346177663,0.4622627523,-0.027644986
anti_uav410,2,anti_uav410.load_2,AU-L02-W03,AU-L02-W03,730226,No-Synergy,21,0.4346177663,0.4347965629,-0.0001787966
anti_uav410,2,anti_uav410.load_2,AU-L02-W03,AU-L02-W03,730226,Random,17,0.4269358384,0.4490326917,-0.0220968533
anti_uav410,2,anti_uav410.load_2,AU-L02-W03,AU-L02-W03,730227,External-Auction,21,0.4259002863,0.4340006593,-0.008100373
anti_uav410,2,anti_uav410.load_2,AU-L02-W03,AU-L02-W03,730227,Greedy,21,0.4259002863,0.429392055,-0.0034917687
anti_uav410,2,anti_uav410.load_2,AU-L02-W03,AU-L02-W03,730227,No-Stability,21,0.4259002863,0.4583261688,-0.0324258824
anti_uav410,2,anti_uav410.load_2,AU-L02-W03,AU-L02-W03,730227,No-Synergy,21,0.4259002863,0.4259002863,0.0
anti_uav410,2,anti_uav410.load_2,AU-L02-W03,AU-L02-W03,730227,Random,14,0.4112003912,0.4325656279,-0.0213652368
anti_uav410,2,anti_uav410.load_2,AU-L02-W03,AU-L02-W03,730228,External-Auction,21,0.4416606043,0.4530363922,-0.0113757879
anti_uav410,2,anti_uav410.load_2,AU-L02-W03,AU-L02-W03,730228,Greedy,21,0.4416606043,0.4497331203,-0.0080725161
anti_uav410,2,anti_uav410.load_2,AU-L02-W03,AU-L02-W03,730228,No-Stability,21,0.4416606043,0.4739769027,-0.0323162984
anti_uav410,2,anti_uav410.load_2,AU-L02-W03,AU-L02-W03,730228,No-Synergy,21,0.4416606043,0.4416606043,0.0
anti_uav410,2,anti_uav410.load_2,AU-L02-W03,AU-L02-W03,730228,Random,14,0.4504744853,0.4824690428,-0.0319945575
anti_uav410,2,anti_uav410.load_2,AU-L02-W03,AU-L02-W03,730229,External-Auction,21,0.4456341028,0.4429409952,0.0026931076
anti_uav410,2,anti_uav410.load_2,AU-L02-W03,AU-L02-W03,730229,Greedy,21,0.4456341028,0.4456341028,0.0
anti_uav410,2,anti_uav410.load_2,AU-L02-W03,AU-L02-W03,730229,No-Stability,21,0.4456341028,0.4622229571,-0.0165888543
anti_uav410,2,anti_uav410.load_2,AU-L02-W03,AU-L02-W03,730229,No-Synergy,21,0.4456341028,0.4429409952,0.0026931076
anti_uav410,2,anti_uav410.load_2,AU-L02-W03,AU-L02-W03,730229,Random,14,0.4310271811,0.4403179631,-0.009290782
anti_uav410,2,anti_uav410.load_2,AU-L02-W04,AU-L02-W04,730300,External-Auction,19,0.3650631937,0.3682721217,-0.003208928
anti_uav410,2,anti_uav410.load_2,AU-L02-W04,AU-L02-W04,730300,Greedy,19,0.3650631937,0.3658666554,-0.0008034616
anti_uav410,2,anti_uav410.load_2,AU-L02-W04,AU-L02-W04,730300,No-Stability,19,0.3650631937,0.3929739334,-0.0279107397
anti_uav410,2,anti_uav410.load_2,AU-L02-W04,AU-L02-W04,730300,No-Synergy,19,0.3650631937,0.3650631937,0.0
anti_uav410,2,anti_uav410.load_2,AU-L02-W04,AU-L02-W04,730300,Random,16,0.3534943018,0.3770117364,-0.0235174347
anti_uav410,2,anti_uav410.load_2,AU-L02-W04,AU-L02-W04,730301,External-Auction,19,0.3662371532,0.3695413224,-0.0033041691
anti_uav410,2,anti_uav410.load_2,AU-L02-W04,AU-L02-W04,730301,Greedy,19,0.3662371532,0.3685642581,-0.0023271049
anti_uav410,2,anti_uav410.load_2,AU-L02-W04,AU-L02-W04,730301,No-Stability,19,0.3662371532,0.3938395758,-0.0276024225
anti_uav410,2,anti_uav410.load_2,AU-L02-W04,AU-L02-W04,730301,No-Synergy,19,0.3662371532,0.3662371532,0.0
anti_uav410,2,anti_uav410.load_2,AU-L02-W04,AU-L02-W04,730301,Random,11,0.3974738866,0.4139072772,-0.0164333906
anti_uav410,2,anti_uav410.load_2,AU-L02-W04,AU-L02-W04,730302,External-Auction,19,0.367720897,0.371565804,-0.0038449071
anti_uav410,2,anti_uav410.load_2,AU-L02-W04,AU-L02-W04,730302,Greedy,19,0.367720897,0.361651035,0.006069862
anti_uav410,2,anti_uav410.load_2,AU-L02-W04,AU-L02-W04,730302,No-Stability,19,0.367720897,0.4013160676,-0.0335951706
anti_uav410,2,anti_uav410.load_2,AU-L02-W04,AU-L02-W04,730302,No-Synergy,19,0.367720897,0.367720897,0.0
anti_uav410,2,anti_uav410.load_2,AU-L02-W04,AU-L02-W04,730302,Random,13,0.3754483349,0.3926952757,-0.0172469408
anti_uav410,2,anti_uav410.load_2,AU-L02-W04,AU-L02-W04,730303,External-Auction,19,0.3718490159,0.3848995675,-0.0130505517
anti_uav410,2,anti_uav410.load_2,AU-L02-W04,AU-L02-W04,730303,Greedy,19,0.3718490159,0.3735569489,-0.001707933
anti_uav410,2,anti_uav410.load_2,AU-L02-W04,AU-L02-W04,730303,No-Stability,19,0.3718490159,0.4213238764,-0.0494748605
anti_uav410,2,anti_uav410.load_2,AU-L02-W04,AU-L02-W04,730303,No-Synergy,19,0.3718490159,0.3718490159,0.0
anti_uav410,2,anti_uav410.load_2,AU-L02-W04,AU-L02-W04,730303,Random,18,0.3734261997,0.4215925605,-0.0481663608
anti_uav410,2,anti_uav410.load_2,AU-L02-W04,AU-L02-W04,730304,External-Auction,19,0.3982796795,0.3982796795,0.0
anti_uav410,2,anti_uav410.load_2,AU-L02-W04,AU-L02-W04,730304,Greedy,19,0.3982796795,0.3982796795,0.0
anti_uav410,2,anti_uav410.load_2,AU-L02-W04,AU-L02-W04,730304,No-Stability,19,0.3982796795,0.4080170065,-0.009737327
anti_uav410,2,anti_uav410.load_2,AU-L02-W04,AU-L02-W04,730304,No-Synergy,19,0.3982796795,0.3982796795,0.0
anti_uav410,2,anti_uav410.load_2,AU-L02-W04,AU-L02-W04,730304,Random,14,0.3973286287,0.4054426799,-0.0081140512
anti_uav410,2,anti_uav410.load_2,AU-L02-W04,AU-L02-W04,730305,External-Auction,19,0.3755340167,0.3797986528,-0.0042646361
anti_uav410,2,anti_uav410.load_2,AU-L02-W04,AU-L02-W04,730305,Greedy,19,0.3755340167,0.3762732609,-0.0007392442
anti_uav410,2,anti_uav410.load_2,AU-L02-W04,AU-L02-W04,730305,No-Stability,19,0.3755340167,0.3996213455,-0.0240873288
anti_uav410,2,anti_uav410.load_2,AU-L02-W04,AU-L02-W04,730305,No-Synergy,19,0.3755340167,0.3755340167,0.0
anti_uav410,2,anti_uav410.load_2,AU-L02-W04,AU-L02-W04,730305,Random,15,0.3666816591,0.3947010022,-0.0280193431
anti_uav410,2,anti_uav410.load_2,AU-L02-W04,AU-L02-W04,730306,External-Auction,19,0.368412532,0.368412532,0.0
anti_uav410,2,anti_uav410.load_2,AU-L02-W04,AU-L02-W04,730306,Greedy,19,0.368412532,0.368412532,0.0
anti_uav410,2,anti_uav410.load_2,AU-L02-W04,AU-L02-W04,730306,No-Stability,19,0.368412532,0.3796823474,-0.0112698154
anti_uav410,2,anti_uav410.load_2,AU-L02-W04,AU-L02-W04,730306,No-Synergy,19,0.368412532,0.368412532,0.0
anti_uav410,2,anti_uav410.load_2,AU-L02-W04,AU-L02-W04,730306,Random,10,0.313116596,0.3172483705,-0.0041317745
anti_uav410,2,anti_uav410.load_2,AU-L02-W04,AU-L02-W04,730307,External-Auction,19,0.3604188359,0.3679567207,-0.0075378848
anti_uav410,2,anti_uav410.load_2,AU-L02-W04,AU-L02-W04,730307,Greedy,19,0.3604188359,0.3604188359,0.0
anti_uav410,2,anti_uav410.load_2,AU-L02-W04,AU-L02-W04,730307,No-Stability,19,0.3604188359,0.3903410815,-0.0299222456
anti_uav410,2,anti_uav410.load_2,AU-L02-W04,AU-L02-W04,730307,No-Synergy,19,0.3604188359,0.3604188359,0.0
anti_uav410,2,anti_uav410.load_2,AU-L02-W04,AU-L02-W04,730307,Random,12,0.3127098079,0.3471072803,-0.0343974724
anti_uav410,2,anti_uav410.load_2,AU-L02-W04,AU-L02-W04,730308,External-Auction,19,0.3992008282,0.3797886178,0.0194122103
anti_uav410,2,anti_uav410.load_2,AU-L02-W04,AU-L02-W04,730308,Greedy,19,0.3992008282,0.3992008282,0.0
anti_uav410,2,anti_uav410.load_2,AU-L02-W04,AU-L02-W04,730308,No-Stability,19,0.3992008282,0.4015952737,-0.0023944456
anti_uav410,2,anti_uav410.load_2,AU-L02-W04,AU-L02-W04,730308,No-Synergy,19,0.3992008282,0.3992008282,0.0
anti_uav410,2,anti_uav410.load_2,AU-L02-W04,AU-L02-W04,730308,Random,16,0.4202633881,0.409674165,0.0105892231
anti_uav410,2,anti_uav410.load_2,AU-L02-W04,AU-L02-W04,730309,External-Auction,19,0.3686258901,0.385018751,-0.0163928609
anti_uav410,2,anti_uav410.load_2,AU-L02-W04,AU-L02-W04,730309,Greedy,19,0.3686258901,0.3668594245,0.0017664656
anti_uav410,2,anti_uav410.load_2,AU-L02-W04,AU-L02-W04,730309,No-Stability,19,0.3686258901,0.4156303876,-0.0470044975
anti_uav410,2,anti_uav410.load_2,AU-L02-W04,AU-L02-W04,730309,No-Synergy,19,0.3686258901,0.3686258901,0.0
anti_uav410,2,anti_uav410.load_2,AU-L02-W04,AU-L02-W04,730309,Random,18,0.3751207985,0.4133140477,-0.0381932492
anti_uav410,2,anti_uav410.load_2,AU-L02-W04,AU-L02-W04,730310,External-Auction,19,0.3707538029,0.3870187705,-0.0162649675
anti_uav410,2,anti_uav410.load_2,AU-L02-W04,AU-L02-W04,730310,Greedy,19,0.3707538029,0.3707538029,0.0
anti_uav410,2,anti_uav410.load_2,AU-L02-W04,AU-L02-W04,730310,No-Stability,19,0.3707538029,0.4106285929,-0.0398747899
anti_uav410,2,anti_uav410.load_2,AU-L02-W04,AU-L02-W04,730310,No-Synergy,19,0.3707538029,0.3707538029,0.0
anti_uav410,2,anti_uav410.load_2,AU-L02-W04,AU-L02-W04,730310,Random,14,0.3709826866,0.4087147582,-0.0377320716
anti_uav410,2,anti_uav410.load_2,AU-L02-W04,AU-L02-W04,730311,External-Auction,19,0.3550997488,0.3550397316,6.00172e-05
anti_uav410,2,anti_uav410.load_2,AU-L02-W04,AU-L02-W04,730311,Greedy,19,0.3550997488,0.3550397316,6.00172e-05
anti_uav410,2,anti_uav410.load_2,AU-L02-W04,AU-L02-W04,730311,No-Stability,19,0.3550997488,0.3986427449,-0.0435429961
anti_uav410,2,anti_uav410.load_2,AU-L02-W04,AU-L02-W04,730311,No-Synergy,19,0.3550997488,0.3550997488,0.0
anti_uav410,2,anti_uav410.load_2,AU-L02-W04,AU-L02-W04,730311,Random,15,0.3654058046,0.4048021597,-0.0393963551
anti_uav410,2,anti_uav410.load_2,AU-L02-W04,AU-L02-W04,730312,External-Auction,19,0.3621455797,0.3673337464,-0.0051881667
anti_uav410,2,anti_uav410.load_2,AU-L02-W04,AU-L02-W04,730312,Greedy,19,0.3621455797,0.352242725,0.0099028547
anti_uav410,2,anti_uav410.load_2,AU-L02-W04,AU-L02-W04,730312,No-Stability,19,0.3621455797,0.410212401,-0.0480668213
anti_uav410,2,anti_uav410.load_2,AU-L02-W04,AU-L02-W04,730312,No-Synergy,19,0.3621455797,0.3621455797,0.0
anti_uav410,2,anti_uav410.load_2,AU-L02-W04,AU-L02-W04,730312,Random,14,0.3768403764,0.3898081794,-0.0129678031
anti_uav410,2,anti_uav410.load_2,AU-L02-W04,AU-L02-W04,730313,External-Auction,19,0.387446496,0.3870933001,0.0003531959
anti_uav410,2,anti_uav410.load_2,AU-L02-W04,AU-L02-W04,730313,Greedy,19,0.387446496,0.387446496,0.0
anti_uav410,2,anti_uav410.load_2,AU-L02-W04,AU-L02-W04,730313,No-Stability,19,0.387446496,0.3937310723,-0.0062845762
anti_uav410,2,anti_uav410.load_2,AU-L02-W04,AU-L02-W04,730313,No-Synergy,19,0.387446496,0.387446496,0.0
anti_uav410,2,anti_uav410.load_2,AU-L02-W04,AU-L02-W04,730313,Random,12,0.3955941578,0.3987261581,-0.0031320003
anti_uav410,2,anti_uav410.load_2,AU-L02-W04,AU-L02-W04,730314,External-Auction,19,0.3678402874,0.3721486166,-0.0043083292
anti_uav410,2,anti_uav410.load_2,AU-L02-W04,AU-L02-W04,730314,Greedy,19,0.3678402874,0.3678402874,0.0
anti_uav410,2,anti_uav410.load_2,AU-L02-W04,AU-L02-W04,730314,No-Stability,19,0.3678402874,0.4122948793,-0.0444545919
anti_uav410,2,anti_uav410.load_2,AU-L02-W04,AU-L02-W04,730314,No-Synergy,19,0.3678402874,0.3678402874,0.0
anti_uav410,2,anti_uav410.load_2,AU-L02-W04,AU-L02-W04,730314,Random,13,0.3772644181,0.4021899298,-0.0249255116
anti_uav410,2,anti_uav410.load_2,AU-L02-W04,AU-L02-W04,730315,External-Auction,19,0.3940538528,0.3946379249,-0.0005840721
anti_uav410,2,anti_uav410.load_2,AU-L02-W04,AU-L02-W04,730315,Greedy,19,0.3940538528,0.3940538528,0.0
anti_uav410,2,anti_uav410.load_2,AU-L02-W04,AU-L02-W04,730315,No-Stability,19,0.3940538528,0.414873792,-0.0208199392
anti_uav410,2,anti_uav410.load_2,AU-L02-W04,AU-L02-W04,730315,No-Synergy,19,0.3940538528,0.3940538528,0.0
anti_uav410,2,anti_uav410.load_2,AU-L02-W04,AU-L02-W04,730315,Random,14,0.4055375892,0.4325025377,-0.0269649485
anti_uav410,2,anti_uav410.load_2,AU-L02-W04,AU-L02-W04,730316,External-Auction,19,0.3630121633,0.3645100858,-0.0014979224
anti_uav410,2,anti_uav410.load_2,AU-L02-W04,AU-L02-W04,730316,Greedy,19,0.3630121633,0.3645100858,-0.0014979224
anti_uav410,2,anti_uav410.load_2,AU-L02-W04,AU-L02-W04,730316,No-Stability,19,0.3630121633,0.3717486404,-0.008736477
anti_uav410,2,anti_uav410.load_2,AU-L02-W04,AU-L02-W04,730316,No-Synergy,19,0.3630121633,0.3630121633,0.0
anti_uav410,2,anti_uav410.load_2,AU-L02-W04,AU-L02-W04,730316,Random,18,0.3673054267,0.3866799483,-0.0193745216
anti_uav410,2,anti_uav410.load_2,AU-L02-W04,AU-L02-W04,730317,External-Auction,19,0.3681251035,0.3668682106,0.001256893
anti_uav410,2,anti_uav410.load_2,AU-L02-W04,AU-L02-W04,730317,Greedy,19,0.3681251035,0.3680347267,9.03768e-05
anti_uav410,2,anti_uav410.load_2,AU-L02-W04,AU-L02-W04,730317,No-Stability,19,0.3681251035,0.3832144303,-0.0150893268
anti_uav410,2,anti_uav410.load_2,AU-L02-W04,AU-L02-W04,730317,No-Synergy,19,0.3681251035,0.3681251035,0.0
anti_uav410,2,anti_uav410.load_2,AU-L02-W04,AU-L02-W04,730317,Random,14,0.3517530616,0.3723131627,-0.0205601011
anti_uav410,2,anti_uav410.load_2,AU-L02-W04,AU-L02-W04,730318,External-Auction,19,0.387910788,0.3828147344,0.0050960536
anti_uav410,2,anti_uav410.load_2,AU-L02-W04,AU-L02-W04,730318,Greedy,19,0.387910788,0.3852312105,0.0026795775
anti_uav410,2,anti_uav410.load_2,AU-L02-W04,AU-L02-W04,730318,No-Stability,19,0.387910788,0.4015289177,-0.0136181297
anti_uav410,2,anti_uav410.load_2,AU-L02-W04,AU-L02-W04,730318,No-Synergy,19,0.387910788,0.387910788,0.0
anti_uav410,2,anti_uav410.load_2,AU-L02-W04,AU-L02-W04,730318,Random,16,0.3808973481,0.3793223986,0.0015749495
anti_uav410,2,anti_uav410.load_2,AU-L02-W04,AU-L02-W04,730319,External-Auction,19,0.3723772718,0.3770995344,-0.0047222625
anti_uav410,2,anti_uav410.load_2,AU-L02-W04,AU-L02-W04,730319,Greedy,19,0.3723772718,0.3746096228,-0.002232351
anti_uav410,2,anti_uav410.load_2,AU-L02-W04,AU-L02-W04,730319,No-Stability,19,0.3723772718,0.4061217274,-0.0337444555
anti_uav410,2,anti_uav410.load_2,AU-L02-W04,AU-L02-W04,730319,No-Synergy,19,0.3723772718,0.3723772718,0.0
anti_uav410,2,anti_uav410.load_2,AU-L02-W04,AU-L02-W04,730319,Random,17,0.3726458714,0.393231378,-0.0205855066
anti_uav410,2,anti_uav410.load_2,AU-L02-W04,AU-L02-W04,730320,External-Auction,19,0.3758536197,0.3748033781,0.0010502416
anti_uav410,2,anti_uav410.load_2,AU-L02-W04,AU-L02-W04,730320,Greedy,19,0.3758536197,0.3758536197,0.0
anti_uav410,2,anti_uav410.load_2,AU-L02-W04,AU-L02-W04,730320,No-Stability,19,0.3758536197,0.3846734358,-0.0088198161
anti_uav410,2,anti_uav410.load_2,AU-L02-W04,AU-L02-W04,730320,No-Synergy,19,0.3758536197,0.3758536197,0.0
anti_uav410,2,anti_uav410.load_2,AU-L02-W04,AU-L02-W04,730320,Random,15,0.3577685801,0.3683678654,-0.0105992852
anti_uav410,2,anti_uav410.load_2,AU-L02-W04,AU-L02-W04,730321,External-Auction,19,0.3881885737,0.3881885737,0.0
anti_uav410,2,anti_uav410.load_2,AU-L02-W04,AU-L02-W04,730321,Greedy,19,0.3881885737,0.3881885737,0.0
anti_uav410,2,anti_uav410.load_2,AU-L02-W04,AU-L02-W04,730321,No-Stability,19,0.3881885737,0.4018414692,-0.0136528955
anti_uav410,2,anti_uav410.load_2,AU-L02-W04,AU-L02-W04,730321,No-Synergy,19,0.3881885737,0.3881885737,0.0
anti_uav410,2,anti_uav410.load_2,AU-L02-W04,AU-L02-W04,730321,Random,17,0.4016413103,0.4303918175,-0.0287505072
anti_uav410,2,anti_uav410.load_2,AU-L02-W04,AU-L02-W04,730322,External-Auction,19,0.3873280863,0.3875438013,-0.0002157151
anti_uav410,2,anti_uav410.load_2,AU-L02-W04,AU-L02-W04,730322,Greedy,19,0.3873280863,0.3873280863,0.0
anti_uav410,2,anti_uav410.load_2,AU-L02-W04,AU-L02-W04,730322,No-Stability,19,0.3873280863,0.3930844286,-0.0057563423
anti_uav410,2,anti_uav410.load_2,AU-L02-W04,AU-L02-W04,730322,No-Synergy,19,0.3873280863,0.3873280863,0.0
anti_uav410,2,anti_uav410.load_2,AU-L02-W04,AU-L02-W04,730322,Random,17,0.4004514312,0.4019529186,-0.0015014874
anti_uav410,2,anti_uav410.load_2,AU-L02-W04,AU-L02-W04,730323,External-Auction,19,0.3982099516,0.3982099516,0.0
anti_uav410,2,anti_uav410.load_2,AU-L02-W04,AU-L02-W04,730323,Greedy,19,0.3982099516,0.3982099516,0.0
anti_uav410,2,anti_uav410.load_2,AU-L02-W04,AU-L02-W04,730323,No-Stability,19,0.3982099516,0.4096305992,-0.0114206476
anti_uav410,2,anti_uav410.load_2,AU-L02-W04,AU-L02-W04,730323,No-Synergy,19,0.3982099516,0.3982099516,0.0
anti_uav410,2,anti_uav410.load_2,AU-L02-W04,AU-L02-W04,730323,Random,15,0.425928321,0.4328716516,-0.0069433306
anti_uav410,2,anti_uav410.load_2,AU-L02-W04,AU-L02-W04,730324,External-Auction,19,0.4016751336,0.3799340936,0.0217410399
anti_uav410,2,anti_uav410.load_2,AU-L02-W04,AU-L02-W04,730324,Greedy,19,0.4016751336,0.4016751336,0.0
anti_uav410,2,anti_uav410.load_2,AU-L02-W04,AU-L02-W04,730324,No-Stability,19,0.4016751336,0.407351729,-0.0056765954
anti_uav410,2,anti_uav410.load_2,AU-L02-W04,AU-L02-W04,730324,No-Synergy,19,0.4016751336,0.4016751336,0.0
anti_uav410,2,anti_uav410.load_2,AU-L02-W04,AU-L02-W04,730324,Random,13,0.4112238291,0.4127943227,-0.0015704936
anti_uav410,2,anti_uav410.load_2,AU-L02-W04,AU-L02-W04,730325,External-Auction,19,0.3708427445,0.3789233964,-0.0080806518
anti_uav410,2,anti_uav410.load_2,AU-L02-W04,AU-L02-W04,730325,Greedy,19,0.3708427445,0.3789233964,-0.0080806518
anti_uav410,2,anti_uav410.load_2,AU-L02-W04,AU-L02-W04,730325,No-Stability,19,0.3708427445,0.3844564356,-0.0136136911
anti_uav410,2,anti_uav410.load_2,AU-L02-W04,AU-L02-W04,730325,No-Synergy,19,0.3708427445,0.3708427445,0.0
anti_uav410,2,anti_uav410.load_2,AU-L02-W04,AU-L02-W04,730325,Random,16,0.388478001,0.4102381316,-0.0217601306
anti_uav410,2,anti_uav410.load_2,AU-L02-W04,AU-L02-W04,730326,External-Auction,19,0.4038386405,0.4097203388,-0.0058816982
anti_uav410,2,anti_uav410.load_2,AU-L02-W04,AU-L02-W04,730326,Greedy,19,0.4038386405,0.4038386405,0.0
anti_uav410,2,anti_uav410.load_2,AU-L02-W04,AU-L02-W04,730326,No-Stability,19,0.4038386405,0.4162383597,-0.0123997192
anti_uav410,2,anti_uav410.load_2,AU-L02-W04,AU-L02-W04,730326,No-Synergy,19,0.4038386405,0.4038386405,0.0
anti_uav410,2,anti_uav410.load_2,AU-L02-W04,AU-L02-W04,730326,Random,11,0.4084376853,0.40519852,0.0032391653
anti_uav410,2,anti_uav410.load_2,AU-L02-W04,AU-L02-W04,730327,External-Auction,19,0.3800591725,0.3812985906,-0.0012394182
anti_uav410,2,anti_uav410.load_2,AU-L02-W04,AU-L02-W04,730327,Greedy,19,0.3800591725,0.3800591725,0.0
anti_uav410,2,anti_uav410.load_2,AU-L02-W04,AU-L02-W04,730327,No-Stability,19,0.3800591725,0.393580717,-0.0135215446
anti_uav410,2,anti_uav410.load_2,AU-L02-W04,AU-L02-W04,730327,No-Synergy,19,0.3800591725,0.3782158546,0.0018433179
anti_uav410,2,anti_uav410.load_2,AU-L02-W04,AU-L02-W04,730327,Random,15,0.3928015233,0.4042758242,-0.011474301
anti_uav410,2,anti_uav410.load_2,AU-L02-W04,AU-L02-W04,730328,External-Auction,19,0.40266684,0.3829787309,0.0196881092
anti_uav410,2,anti_uav410.load_2,AU-L02-W04,AU-L02-W04,730328,Greedy,19,0.40266684,0.4039018507,-0.0012350107
anti_uav410,2,anti_uav410.load_2,AU-L02-W04,AU-L02-W04,730328,No-Stability,19,0.40266684,0.4104228324,-0.0077559924
anti_uav410,2,anti_uav410.load_2,AU-L02-W04,AU-L02-W04,730328,No-Synergy,19,0.40266684,0.40266684,0.0
anti_uav410,2,anti_uav410.load_2,AU-L02-W04,AU-L02-W04,730328,Random,11,0.3900462907,0.3919695215,-0.0019232309
anti_uav410,2,anti_uav410.load_2,AU-L02-W04,AU-L02-W04,730329,External-Auction,19,0.3610567493,0.3722229119,-0.0111661626
anti_uav410,2,anti_uav410.load_2,AU-L02-W04,AU-L02-W04,730329,Greedy,19,0.3610567493,0.3704862154,-0.0094294661
anti_uav410,2,anti_uav410.load_2,AU-L02-W04,AU-L02-W04,730329,No-Stability,19,0.3610567493,0.4226125152,-0.0615557659
anti_uav410,2,anti_uav410.load_2,AU-L02-W04,AU-L02-W04,730329,No-Synergy,19,0.3610567493,0.3610567493,0.0
anti_uav410,2,anti_uav410.load_2,AU-L02-W04,AU-L02-W04,730329,Random,13,0.3747959817,0.4119383991,-0.0371424175
anti_uav410,2,anti_uav410.load_2,AU-L02-W05,AU-L02-W05,730400,External-Auction,18,0.4597730946,0.4597730946,0.0
anti_uav410,2,anti_uav410.load_2,AU-L02-W05,AU-L02-W05,730400,Greedy,18,0.4597730946,0.4597730946,0.0
anti_uav410,2,anti_uav410.load_2,AU-L02-W05,AU-L02-W05,730400,No-Stability,18,0.4597730946,0.4999646632,-0.0401915686
anti_uav410,2,anti_uav410.load_2,AU-L02-W05,AU-L02-W05,730400,No-Synergy,18,0.4597730946,0.4597730946,0.0
anti_uav410,2,anti_uav410.load_2,AU-L02-W05,AU-L02-W05,730400,Random,16,0.4549505527,0.4947907485,-0.0398401958
anti_uav410,2,anti_uav410.load_2,AU-L02-W05,AU-L02-W05,730401,External-Auction,18,0.4777550924,0.4767650806,0.0009900118
anti_uav410,2,anti_uav410.load_2,AU-L02-W05,AU-L02-W05,730401,Greedy,18,0.4777550924,0.4965332602,-0.0187781679
anti_uav410,2,anti_uav410.load_2,AU-L02-W05,AU-L02-W05,730401,No-Stability,18,0.4777550924,0.5041806041,-0.0264255118
anti_uav410,2,anti_uav410.load_2,AU-L02-W05,AU-L02-W05,730401,No-Synergy,18,0.4777550924,0.4767650806,0.0009900118
anti_uav410,2,anti_uav410.load_2,AU-L02-W05,AU-L02-W05,730401,Random,17,0.479303809,0.4935423606,-0.0142385516
anti_uav410,2,anti_uav410.load_2,AU-L02-W05,AU-L02-W05,730402,External-Auction,18,0.469272927,0.469272927,0.0
anti_uav410,2,anti_uav410.load_2,AU-L02-W05,AU-L02-W05,730402,Greedy,18,0.469272927,0.469272927,0.0
anti_uav410,2,anti_uav410.load_2,AU-L02-W05,AU-L02-W05,730402,No-Stability,18,0.469272927,0.5106491753,-0.0413762483
anti_uav410,2,anti_uav410.load_2,AU-L02-W05,AU-L02-W05,730402,No-Synergy,18,0.469272927,0.469272927,0.0
anti_uav410,2,anti_uav410.load_2,AU-L02-W05,AU-L02-W05,730402,Random,13,0.4679211407,0.4791457629,-0.0112246222
anti_uav410,2,anti_uav410.load_2,AU-L02-W05,AU-L02-W05,730403,External-Auction,18,0.4610603166,0.4610603166,0.0
anti_uav410,2,anti_uav410.load_2,AU-L02-W05,AU-L02-W05,730403,Greedy,18,0.4610603166,0.4610603166,0.0
anti_uav410,2,anti_uav410.load_2,AU-L02-W05,AU-L02-W05,730403,No-Stability,18,0.4610603166,0.4907120841,-0.0296517675
anti_uav410,2,anti_uav410.load_2,AU-L02-W05,AU-L02-W05,730403,No-Synergy,18,0.4610603166,0.4610603166,0.0
anti_uav410,2,anti_uav410.load_2,AU-L02-W05,AU-L02-W05,730403,Random,12,0.4678675493,0.4949349569,-0.0270674076
anti_uav410,2,anti_uav410.load_2,AU-L02-W05,AU-L02-W05,730404,External-Auction,18,0.4750585822,0.4750585822,0.0
anti_uav410,2,anti_uav410.load_2,AU-L02-W05,AU-L02-W05,730404,Greedy,18,0.4750585822,0.4750585822,0.0
anti_uav410,2,anti_uav410.load_2,AU-L02-W05,AU-L02-W05,730404,No-Stability,18,0.4750585822,0.482652325,-0.0075937428
anti_uav410,2,anti_uav410.load_2,AU-L02-W05,AU-L02-W05,730404,No-Synergy,18,0.4750585822,0.4750585822,0.0
anti_uav410,2,anti_uav410.load_2,AU-L02-W05,AU-L02-W05,730404,Random,11,0.4780704408,0.4828742197,-0.0048037788
anti_uav410,2,anti_uav410.load_2,AU-L02-W05,AU-L02-W05,730405,External-Auction,17,0.4797178392,0.4962412987,-0.0165234595
anti_uav410,2,anti_uav410.load_2,AU-L02-W05,AU-L02-W05,730405,Greedy,17,0.4797178392,0.4797178392,0.0
anti_uav410,2,anti_uav410.load_2,AU-L02-W05,AU-L02-W05,730405,No-Stability,17,0.4797178392,0.5175527035,-0.0378348643
anti_uav410,2,anti_uav410.load_2,AU-L02-W05,AU-L02-W05,730405,No-Synergy,17,0.4797178392,0.477108157,0.0026096822
anti_uav410,2,anti_uav410.load_2,AU-L02-W05,AU-L02-W05,730405,Random,13,0.4814947817,0.5157469001,-0.0342521183
anti_uav410,2,anti_uav410.load_2,AU-L02-W05,AU-L02-W05,730406,External-Auction,18,0.4769691105,0.4743480847,0.0026210259
anti_uav410,2,anti_uav410.load_2,AU-L02-W05,AU-L02-W05,730406,Greedy,17,0.4769445316,0.4759505971,0.0009939345
anti_uav410,2,anti_uav410.load_2,AU-L02-W05,AU-L02-W05,730406,No-Stability,18,0.4769691105,0.4893681737,-0.0123990632
anti_uav410,2,anti_uav410.load_2,AU-L02-W05,AU-L02-W05,730406,No-Synergy,18,0.4769691105,0.4718269015,0.005142209
anti_uav410,2,anti_uav410.load_2,AU-L02-W05,AU-L02-W05,730406,Random,15,0.4785207964,0.4921073608,-0.0135865644
anti_uav410,2,anti_uav410.load_2,AU-L02-W05,AU-L02-W05,730407,External-Auction,18,0.4600494991,0.4600494991,0.0
anti_uav410,2,anti_uav410.load_2,AU-L02-W05,AU-L02-W05,730407,Greedy,18,0.4600494991,0.4600494991,0.0
anti_uav410,2,anti_uav410.load_2,AU-L02-W05,AU-L02-W05,730407,No-Stability,18,0.4600494991,0.4823380631,-0.0222885641
anti_uav410,2,anti_uav410.load_2,AU-L02-W05,AU-L02-W05,730407,No-Synergy,18,0.4600494991,0.4600494991,0.0
anti_uav410,2,anti_uav410.load_2,AU-L02-W05,AU-L02-W05,730407,Random,13,0.4601770254,0.4758361686,-0.0156591432
anti_uav410,2,anti_uav410.load_2,AU-L02-W05,AU-L02-W05,730408,External-Auction,18,0.4671015018,0.4635334323,0.0035680696
anti_uav410,2,anti_uav410.load_2,AU-L02-W05,AU-L02-W05,730408,Greedy,18,0.4671015018,0.4671015018,0.0
anti_uav410,2,anti_uav410.load_2,AU-L02-W05,AU-L02-W05,730408,No-Stability,18,0.4671015018,0.4735847671,-0.0064832653
anti_uav410,2,anti_uav410.load_2,AU-L02-W05,AU-L02-W05,730408,No-Synergy,18,0.4671015018,0.4635334323,0.0035680696
anti_uav410,2,anti_uav410.load_2,AU-L02-W05,AU-L02-W05,730408,Random,14,0.4722460978,0.4763586497,-0.0041125519
anti_uav410,2,anti_uav410.load_2,AU-L02-W05,AU-L02-W05,730409,External-Auction,18,0.4706199758,0.4706199758,0.0
anti_uav410,2,anti_uav410.load_2,AU-L02-W05,AU-L02-W05,730409,Greedy,18,0.4706199758,0.4678150533,0.0028049225
anti_uav410,2,anti_uav410.load_2,AU-L02-W05,AU-L02-W05,730409,No-Stability,18,0.4706199758,0.4756719741,-0.0050519983
anti_uav410,2,anti_uav410.load_2,AU-L02-W05,AU-L02-W05,730409,No-Synergy,18,0.4706199758,0.4706199758,0.0
anti_uav410,2,anti_uav410.load_2,AU-L02-W05,AU-L02-W05,730409,Random,14,0.475384962,0.4738565528,0.0015284093
anti_uav410,2,anti_uav410.load_2,AU-L02-W05,AU-L02-W05,730410,External-Auction,18,0.4851513674,0.4900374546,-0.0048860872
anti_uav410,2,anti_uav410.load_2,AU-L02-W05,AU-L02-W05,730410,Greedy,18,0.4851513674,0.4851513674,0.0
anti_uav410,2,anti_uav410.load_2,AU-L02-W05,AU-L02-W05,730410,No-Stability,18,0.4851513674,0.4911666324,-0.006015265
anti_uav410,2,anti_uav410.load_2,AU-L02-W05,AU-L02-W05,730410,No-Synergy,18,0.4851513674,0.4851513674,0.0
anti_uav410,2,anti_uav410.load_2,AU-L02-W05,AU-L02-W05,730410,Random,13,0.4817502807,0.4852894845,-0.0035392038
anti_uav410,2,anti_uav410.load_2,AU-L02-W05,AU-L02-W05,730411,External-Auction,18,0.4688591313,0.47787027,-0.0090111387
anti_uav410,2,anti_uav410.load_2,AU-L02-W05,AU-L02-W05,730411,Greedy,18,0.4688591313,0.4688591313,0.0
anti_uav410,2,anti_uav410.load_2,AU-L02-W05,AU-L02-W05,730411,No-Stability,18,0.4688591313,0.4907370569,-0.0218779256
anti_uav410,2,anti_uav410.load_2,AU-L02-W05,AU-L02-W05,730411,No-Synergy,18,0.4688591313,0.4688591313,0.0
anti_uav410,2,anti_uav410.load_2,AU-L02-W05,AU-L02-W05,730411,Random,16,0.4730281965,0.4946554193,-0.0216272228
anti_uav410,2,anti_uav410.load_2,AU-L02-W05,AU-L02-W05,730412,External-Auction,18,0.4758057301,0.4896487041,-0.013842974
anti_uav410,2,anti_uav410.load_2,AU-L02-W05,AU-L02-W05,730412,Greedy,18,0.4758057301,0.4758057301,0.0
anti_uav410,2,anti_uav410.load_2,AU-L02-W05,AU-L02-W05,730412,No-Stability,18,0.4758057301,0.5191691754,-0.0433634453
anti_uav410,2,anti_uav410.load_2,AU-L02-W05,AU-L02-W05,730412,No-Synergy,18,0.4758057301,0.4758057301,0.0
anti_uav410,2,anti_uav410.load_2,AU-L02-W05,AU-L02-W05,730412,Random,15,0.484206869,0.5214061616,-0.0371992926
anti_uav410,2,anti_uav410.load_2,AU-L02-W05,AU-L02-W05,730413,External-Auction,18,0.4700749544,0.4700749544,0.0
anti_uav410,2,anti_uav410.load_2,AU-L02-W05,AU-L02-W05,730413,Greedy,18,0.4700749544,0.4700749544,0.0
anti_uav410,2,anti_uav410.load_2,AU-L02-W05,AU-L02-W05,730413,No-Stability,18,0.4700749544,0.4933966539,-0.0233216995
anti_uav410,2,anti_uav410.load_2,AU-L02-W05,AU-L02-W05,730413,No-Synergy,18,0.4700749544,0.4700749544,0.0
anti_uav410,2,anti_uav410.load_2,AU-L02-W05,AU-L02-W05,730413,Random,12,0.4752001975,0.4845476859,-0.0093474884
anti_uav410,2,anti_uav410.load_2,AU-L02-W05,AU-L02-W05,730414,External-Auction,18,0.4759140024,0.4776271816,-0.0017131792
anti_uav410,2,anti_uav410.load_2,AU-L02-W05,AU-L02-W05,730414,Greedy,18,0.4759140024,0.4759140024,0.0
anti_uav410,2,anti_uav410.load_2,AU-L02-W05,AU-L02-W05,730414,No-Stability,18,0.4759140024,0.5135601229,-0.0376461205
anti_uav410,2,anti_uav410.load_2,AU-L02-W05,AU-L02-W05,730414,No-Synergy,18,0.4759140024,0.4759140024,0.0
anti_uav410,2,anti_uav410.load_2,AU-L02-W05,AU-L02-W05,730414,Random,12,0.4794007648,0.4982185488,-0.0188177839
anti_uav410,2,anti_uav410.load_2,AU-L02-W05,AU-L02-W05,730415,External-Auction,18,0.4696228194,0.4828945541,-0.0132717347
anti_uav410,2,anti_uav410.load_2,AU-L02-W05,AU-L02-W05,730415,Greedy,18,0.4696228194,0.4696228194,0.0
anti_uav410,2,anti_uav410.load_2,AU-L02-W05,AU-L02-W05,730415,No-Stability,18,0.4696228194,0.4915523621,-0.0219295428
anti_uav410,2,anti_uav410.load_2,AU-L02-W05,AU-L02-W05,730415,No-Synergy,18,0.4696228194,0.4696228194,0.0
anti_uav410,2,anti_uav410.load_2,AU-L02-W05,AU-L02-W05,730415,Random,10,0.4540475358,0.4873382772,-0.0332907415
anti_uav410,2,anti_uav410.load_2,AU-L02-W05,AU-L02-W05,730416,External-Auction,18,0.4734610004,0.4734610004,0.0
anti_uav410,2,anti_uav410.load_2,AU-L02-W05,AU-L02-W05,730416,Greedy,18,0.4734610004,0.4734610004,0.0
anti_uav410,2,anti_uav410.load_2,AU-L02-W05,AU-L02-W05,730416,No-Stability,18,0.4734610004,0.4962413897,-0.0227803893
anti_uav410,2,anti_uav410.load_2,AU-L02-W05,AU-L02-W05,730416,No-Synergy,18,0.4734610004,0.4734610004,0.0
anti_uav410,2,anti_uav410.load_2,AU-L02-W05,AU-L02-W05,730416,Random,11,0.483487663,0.4893121718,-0.0058245088
anti_uav410,2,anti_uav410.load_2,AU-L02-W05,AU-L02-W05,730417,External-Auction,18,0.4596025856,0.4611023094,-0.0014997238
anti_uav410,2,anti_uav410.load_2,AU-L02-W05,AU-L02-W05,730417,Greedy,18,0.4596025856,0.4596025856,0.0
anti_uav410,2,anti_uav410.load_2,AU-L02-W05,AU-L02-W05,730417,No-Stability,18,0.4596025856,0.4874924881,-0.0278899025
anti_uav410,2,anti_uav410.load_2,AU-L02-W05,AU-L02-W05,730417,No-Synergy,18,0.4596025856,0.4596025856,0.0
anti_uav410,2,anti_uav410.load_2,AU-L02-W05,AU-L02-W05,730417,Random,10,0.461970312,0.4858018729,-0.023831561
anti_uav410,2,anti_uav410.load_2,AU-L02-W05,AU-L02-W05,730418,External-Auction,18,0.4870514301,0.4809841249,0.0060673052
anti_uav410,2,anti_uav410.load_2,AU-L02-W05,AU-L02-W05,730418,Greedy,18,0.4870514301,0.4870514301,0.0
anti_uav410,2,anti_uav410.load_2,AU-L02-W05,AU-L02-W05,730418,No-Stability,18,0.4870514301,0.4939538001,-0.0069023699
anti_uav410,2,anti_uav410.load_2,AU-L02-W05,AU-L02-W05,730418,No-Synergy,18,0.4870514301,0.4823224722,0.0047289579
anti_uav410,2,anti_uav410.load_2,AU-L02-W05,AU-L02-W05,730418,Random,16,0.4872606065,0.4809511506,0.0063094559
anti_uav410,2,anti_uav410.load_2,AU-L02-W05,AU-L02-W05,730419,External-Auction,18,0.4600926357,0.4600926357,0.0
anti_uav410,2,anti_uav410.load_2,AU-L02-W05,AU-L02-W05,730419,Greedy,18,0.4600926357,0.4600926357,0.0
anti_uav410,2,anti_uav410.load_2,AU-L02-W05,AU-L02-W05,730419,No-Stability,18,0.4600926357,0.5025045309,-0.0424118952
anti_uav410,2,anti_uav410.load_2,AU-L02-W05,AU-L02-W05,730419,No-Synergy,18,0.4600926357,0.4600926357,0.0
anti_uav410,2,anti_uav410.load_2,AU-L02-W05,AU-L02-W05,730419,Random,15,0.4628536196,0.4811044715,-0.0182508518
anti_uav410,2,anti_uav410.load_2,AU-L02-W05,AU-L02-W05,730420,External-Auction,18,0.4820369327,0.4775340474,0.0045028854
anti_uav410,2,anti_uav410.load_2,AU-L02-W05,AU-L02-W05,730420,Greedy,18,0.4820369327,0.4820369327,0.0
anti_uav410,2,anti_uav410.load_2,AU-L02-W05,AU-L02-W05,730420,No-Stability,18,0.4820369327,0.5063911155,-0.0243541828
anti_uav410,2,anti_uav410.load_2,AU-L02-W05,AU-L02-W05,730420,No-Synergy,18,0.4820369327,0.4775340474,0.0045028854
anti_uav410,2,anti_uav410.load_2,AU-L02-W05,AU-L02-W05,730420,Random,17,0.4817433262,0.4992438373,-0.0175005112
anti_uav410,2,anti_uav410.load_2,AU-L02-W05,AU-L02-W05,730421,External-Auction,18,0.4643721597,0.4643721597,0.0
anti_uav410,2,anti_uav410.load_2,AU-L02-W05,AU-L02-W05,730421,Greedy,18,0.4643721597,0.4643721597,0.0
anti_uav410,2,anti_uav410.load_2,AU-L02-W05,AU-L02-W05,730421,No-Stability,18,0.4643721597,0.5071969637,-0.042824804
anti_uav410,2,anti_uav410.load_2,AU-L02-W05,AU-L02-W05,730421,No-Synergy,18,0.4643721597,0.4643721597,0.0
anti_uav410,2,anti_uav410.load_2,AU-L02-W05,AU-L02-W05,730421,Random,11,0.476830556,0.5085793188,-0.0317487628
anti_uav410,2,anti_uav410.load_2,AU-L02-W05,AU-L02-W05,730422,External-Auction,18,0.4755559949,0.4715908072,0.0039651878
anti_uav410,2,anti_uav410.load_2,AU-L02-W05,AU-L02-W05,730422,Greedy,18,0.4755559949,0.4755559949,0.0
anti_uav410,2,anti_uav410.load_2,AU-L02-W05,AU-L02-W05,730422,No-Stability,18,0.4755559949,0.5006904916,-0.0251344967
anti_uav410,2,anti_uav410.load_2,AU-L02-W05,AU-L02-W05,730422,No-Synergy,18,0.4755559949,0.4715908072,0.0039651878
anti_uav410,2,anti_uav410.load_2,AU-L02-W05,AU-L02-W05,730422,Random,11,0.4812615705,0.5098364975,-0.028574927
anti_uav410,2,anti_uav410.load_2,AU-L02-W05,AU-L02-W05,730423,External-Auction,18,0.4807383463,0.4810006077,-0.0002622614
anti_uav410,2,anti_uav410.load_2,AU-L02-W05,AU-L02-W05,730423,Greedy,18,0.4807383463,0.4810006077,-0.0002622614
anti_uav410,2,anti_uav410.load_2,AU-L02-W05,AU-L02-W05,730423,No-Stability,18,0.4807383463,0.5274045116,-0.0466661653
anti_uav410,2,anti_uav410.load_2,AU-L02-W05,AU-L02-W05,730423,No-Synergy,18,0.4807383463,0.4807383463,0.0
anti_uav410,2,anti_uav410.load_2,AU-L02-W05,AU-L02-W05,730423,Random,18,0.4807383463,0.5074843525,-0.0267460062
anti_uav410,2,anti_uav410.load_2,AU-L02-W05,AU-L02-W05,730424,External-Auction,18,0.4691979943,0.4691979943,0.0
anti_uav410,2,anti_uav410.load_2,AU-L02-W05,AU-L02-W05,730424,Greedy,18,0.4691979943,0.4691979943,0.0
anti_uav410,2,anti_uav410.load_2,AU-L02-W05,AU-L02-W05,730424,No-Stability,18,0.4691979943,0.5011279788,-0.0319299845
anti_uav410,2,anti_uav410.load_2,AU-L02-W05,AU-L02-W05,730424,No-Synergy,18,0.4691979943,0.4691979943,0.0
anti_uav410,2,anti_uav410.load_2,AU-L02-W05,AU-L02-W05,730424,Random,15,0.4696101598,0.4926284818,-0.0230183221
anti_uav410,2,anti_uav410.load_2,AU-L02-W05,AU-L02-W05,730425,External-Auction,18,0.4873555311,0.4850338471,0.0023216841
anti_uav410,2,anti_uav410.load_2,AU-L02-W05,AU-L02-W05,730425,Greedy,18,0.4873555311,0.4873555311,0.0
anti_uav410,2,anti_uav410.load_2,AU-L02-W05,AU-L02-W05,730425,No-Stability,18,0.4873555311,0.5030186631,-0.015663132
anti_uav410,2,anti_uav410.load_2,AU-L02-W05,AU-L02-W05,730425,No-Synergy,18,0.4873555311,0.4873555311,0.0
anti_uav410,2,anti_uav410.load_2,AU-L02-W05,AU-L02-W05,730425,Random,15,0.4953444429,0.5023833898,-0.0070389469
anti_uav410,2,anti_uav410.load_2,AU-L02-W05,AU-L02-W05,730426,External-Auction,18,0.4663663156,0.4711437403,-0.0047774247
anti_uav410,2,anti_uav410.load_2,AU-L02-W05,AU-L02-W05,730426,Greedy,18,0.4663663156,0.4663663156,0.0
anti_uav410,2,anti_uav410.load_2,AU-L02-W05,AU-L02-W05,730426,No-Stability,18,0.4663663156,0.5045688791,-0.0382025635
anti_uav410,2,anti_uav410.load_2,AU-L02-W05,AU-L02-W05,730426,No-Synergy,18,0.4663663156,0.4570792498,0.0092870658
anti_uav410,2,anti_uav410.load_2,AU-L02-W05,AU-L02-W05,730426,Random,13,0.4625212187,0.4829288839,-0.0204076652
anti_uav410,2,anti_uav410.load_2,AU-L02-W05,AU-L02-W05,730427,External-Auction,18,0.4677729731,0.4685644599,-0.0007914869
anti_uav410,2,anti_uav410.load_2,AU-L02-W05,AU-L02-W05,730427,Greedy,18,0.4677729731,0.4677729731,0.0
anti_uav410,2,anti_uav410.load_2,AU-L02-W05,AU-L02-W05,730427,No-Stability,18,0.4677729731,0.4937798053,-0.0260068323
anti_uav410,2,anti_uav410.load_2,AU-L02-W05,AU-L02-W05,730427,No-Synergy,18,0.4677729731,0.4677729731,0.0
anti_uav410,2,anti_uav410.load_2,AU-L02-W05,AU-L02-W05,730427,Random,15,0.4658615458,0.4874935308,-0.021631985
anti_uav410,2,anti_uav410.load_2,AU-L02-W05,AU-L02-W05,730428,External-Auction,18,0.4626330769,0.4626330769,0.0
anti_uav410,2,anti_uav410.load_2,AU-L02-W05,AU-L02-W05,730428,Greedy,18,0.4626330769,0.4626330769,0.0
anti_uav410,2,anti_uav410.load_2,AU-L02-W05,AU-L02-W05,730428,No-Stability,18,0.4626330769,0.5118277034,-0.0491946265
anti_uav410,2,anti_uav410.load_2,AU-L02-W05,AU-L02-W05,730428,No-Synergy,18,0.4626330769,0.4626330769,0.0
anti_uav410,2,anti_uav410.load_2,AU-L02-W05,AU-L02-W05,730428,Random,14,0.4625837414,0.4936050967,-0.0310213553
anti_uav410,2,anti_uav410.load_2,AU-L02-W05,AU-L02-W05,730429,External-Auction,18,0.447321575,0.447321575,0.0
anti_uav410,2,anti_uav410.load_2,AU-L02-W05,AU-L02-W05,730429,Greedy,18,0.447321575,0.447321575,0.0
anti_uav410,2,anti_uav410.load_2,AU-L02-W05,AU-L02-W05,730429,No-Stability,18,0.447321575,0.5114155636,-0.0640939886
anti_uav410,2,anti_uav410.load_2,AU-L02-W05,AU-L02-W05,730429,No-Synergy,18,0.447321575,0.447321575,0.0
anti_uav410,2,anti_uav410.load_2,AU-L02-W05,AU-L02-W05,730429,Random,15,0.4464443061,0.4996377282,-0.0531934222
anti_uav410,2,anti_uav410.load_2,AU-L02-W06,AU-L02-W06,730500,External-Auction,12,0.4005653085,0.4005653085,0.0
anti_uav410,2,anti_uav410.load_2,AU-L02-W06,AU-L02-W06,730500,Greedy,12,0.4005653085,0.4005653085,0.0
anti_uav410,2,anti_uav410.load_2,AU-L02-W06,AU-L02-W06,730500,No-Stability,12,0.4005653085,0.4686110133,-0.0680457048
anti_uav410,2,anti_uav410.load_2,AU-L02-W06,AU-L02-W06,730500,No-Synergy,12,0.4005653085,0.4005653085,0.0
anti_uav410,2,anti_uav410.load_2,AU-L02-W06,AU-L02-W06,730500,Random,8,0.3949210059,0.426095936,-0.0311749301
anti_uav410,2,anti_uav410.load_2,AU-L02-W06,AU-L02-W06,730501,External-Auction,12,0.4142263665,0.4142263665,0.0
anti_uav410,2,anti_uav410.load_2,AU-L02-W06,AU-L02-W06,730501,Greedy,12,0.4142263665,0.4142263665,0.0
anti_uav410,2,anti_uav410.load_2,AU-L02-W06,AU-L02-W06,730501,No-Stability,12,0.4142263665,0.4331576031,-0.0189312366
anti_uav410,2,anti_uav410.load_2,AU-L02-W06,AU-L02-W06,730501,No-Synergy,12,0.4142263665,0.4142263665,0.0
anti_uav410,2,anti_uav410.load_2,AU-L02-W06,AU-L02-W06,730501,Random,9,0.3980214885,0.4160926168,-0.0180711284
anti_uav410,2,anti_uav410.load_2,AU-L02-W06,AU-L02-W06,730502,External-Auction,12,0.4347368399,0.4347368399,0.0
anti_uav410,2,anti_uav410.load_2,AU-L02-W06,AU-L02-W06,730502,Greedy,12,0.4347368399,0.4347368399,0.0
anti_uav410,2,anti_uav410.load_2,AU-L02-W06,AU-L02-W06,730502,No-Stability,12,0.4347368399,0.4386261106,-0.0038892707
anti_uav410,2,anti_uav410.load_2,AU-L02-W06,AU-L02-W06,730502,No-Synergy,12,0.4347368399,0.4347368399,0.0
anti_uav410,2,anti_uav410.load_2,AU-L02-W06,AU-L02-W06,730502,Random,5,0.4109537218,0.4268638965,-0.0159101747
anti_uav410,2,anti_uav410.load_2,AU-L02-W06,AU-L02-W06,730503,External-Auction,12,0.4035411513,0.4035411513,0.0
anti_uav410,2,anti_uav410.load_2,AU-L02-W06,AU-L02-W06,730503,Greedy,12,0.4035411513,0.4035411513,0.0
anti_uav410,2,anti_uav410.load_2,AU-L02-W06,AU-L02-W06,730503,No-Stability,12,0.4035411513,0.4690095962,-0.0654684449
anti_uav410,2,anti_uav410.load_2,AU-L02-W06,AU-L02-W06,730503,No-Synergy,12,0.4035411513,0.4035411513,0.0
anti_uav410,2,anti_uav410.load_2,AU-L02-W06,AU-L02-W06,730503,Random,10,0.3966159675,0.4554477755,-0.058831808
anti_uav410,2,anti_uav410.load_2,AU-L02-W06,AU-L02-W06,730504,External-Auction,12,0.4457748531,0.4457748531,0.0
anti_uav410,2,anti_uav410.load_2,AU-L02-W06,AU-L02-W06,730504,Greedy,12,0.4457748531,0.4457748531,0.0
anti_uav410,2,anti_uav410.load_2,AU-L02-W06,AU-L02-W06,730504,No-Stability,12,0.4457748531,0.4708022058,-0.0250273528
anti_uav410,2,anti_uav410.load_2,AU-L02-W06,AU-L02-W06,730504,No-Synergy,12,0.4457748531,0.4457748531,0.0
anti_uav410,2,anti_uav410.load_2,AU-L02-W06,AU-L02-W06,730504,Random,7,0.4531795154,0.4672076724,-0.014028157
anti_uav410,2,anti_uav410.load_2,AU-L02-W06,AU-L02-W06,730505,External-Auction,12,0.4151897154,0.4151897154,0.0
anti_uav410,2,anti_uav410.load_2,AU-L02-W06,AU-L02-W06,730505,Greedy,12,0.4151897154,0.4151897154,0.0
anti_uav410,2,anti_uav410.load_2,AU-L02-W06,AU-L02-W06,730505,No-Stability,12,0.4151897154,0.4504229799,-0.0352332645
anti_uav410,2,anti_uav410.load_2,AU-L02-W06,AU-L02-W06,730505,No-Synergy,12,0.4151897154,0.4151897154,0.0
anti_uav410,2,anti_uav410.load_2,AU-L02-W06,AU-L02-W06,730505,Random,11,0.4290686927,0.4686864061,-0.0396177134
anti_uav410,2,anti_uav410.load_2,AU-L02-W06,AU-L02-W06,730506,External-Auction,12,0.3996675409,0.3996675409,0.0
anti_uav410,2,anti_uav410.load_2,AU-L02-W06,AU-L02-W06,730506,Greedy,12,0.3996675409,0.3996675409,0.0
anti_uav410,2,anti_uav410.load_2,AU-L02-W06,AU-L02-W06,730506,No-Stability,12,0.3996675409,0.4410495605,-0.0413820195
anti_uav410,2,anti_uav410.load_2,AU-L02-W06,AU-L02-W06,730506,No-Synergy,12,0.3996675409,0.3996675409,0.0
anti_uav410,2,anti_uav410.load_2,AU-L02-W06,AU-L02-W06,730506,Random,10,0.3996222638,0.4453973144,-0.0457750506
anti_uav410,2,anti_uav410.load_2,AU-L02-W06,AU-L02-W06,730507,External-Auction,12,0.4045457436,0.4045457436,0.0
anti_uav410,2,anti_uav410.load_2,AU-L02-W06,AU-L02-W06,730507,Greedy,12,0.4045457436,0.4045457436,0.0
anti_uav410,2,anti_uav410.load_2,AU-L02-W06,AU-L02-W06,730507,No-Stability,12,0.4045457436,0.4152067966,-0.010661053
anti_uav410,2,anti_uav410.load_2,AU-L02-W06,AU-L02-W06,730507,No-Synergy,12,0.4045457436,0.4045457436,0.0
anti_uav410,2,anti_uav410.load_2,AU-L02-W06,AU-L02-W06,730507,Random,10,0.3959744113,0.4004346088,-0.0044601974
anti_uav410,2,anti_uav410.load_2,AU-L02-W06,AU-L02-W06,730508,External-Auction,12,0.4200204103,0.4200204103,0.0
anti_uav410,2,anti_uav410.load_2,AU-L02-W06,AU-L02-W06,730508,Greedy,12,0.4200204103,0.4200204103,0.0
anti_uav410,2,anti_uav410.load_2,AU-L02-W06,AU-L02-W06,730508,No-Stability,12,0.4200204103,0.4589166191,-0.0388962088
anti_uav410,2,anti_uav410.load_2,AU-L02-W06,AU-L02-W06,730508,No-Synergy,12,0.4200204103,0.4200204103,0.0
anti_uav410,2,anti_uav410.load_2,AU-L02-W06,AU-L02-W06,730508,Random,10,0.3974816252,0.4126565853,-0.0151749601
anti_uav410,2,anti_uav410.load_2,AU-L02-W06,AU-L02-W06,730509,External-Auction,12,0.406003098,0.406003098,0.0
anti_uav410,2,anti_uav410.load_2,AU-L02-W06,AU-L02-W06,730509,Greedy,12,0.406003098,0.406003098,0.0
anti_uav410,2,anti_uav410.load_2,AU-L02-W06,AU-L02-W06,730509,No-Stability,12,0.406003098,0.4351222128,-0.0291191148
anti_uav410,2,anti_uav410.load_2,AU-L02-W06,AU-L02-W06,730509,No-Synergy,12,0.406003098,0.406003098,0.0
anti_uav410,2,anti_uav410.load_2,AU-L02-W06,AU-L02-W06,730509,Random,8,0.3961873561,0.4419759318,-0.0457885757
anti_uav410,2,anti_uav410.load_2,AU-L02-W06,AU-L02-W06,730510,External-Auction,12,0.4049518497,0.4049518497,0.0
anti_uav410,2,anti_uav410.load_2,AU-L02-W06,AU-L02-W06,730510,Greedy,12,0.4049518497,0.4049518497,0.0
anti_uav410,2,anti_uav410.load_2,AU-L02-W06,AU-L02-W06,730510,No-Stability,12,0.4049518497,0.4534761968,-0.0485243472
anti_uav410,2,anti_uav410.load_2,AU-L02-W06,AU-L02-W06,730510,No-Synergy,12,0.4049518497,0.4049518497,0.0
anti_uav410,2,anti_uav410.load_2,AU-L02-W06,AU-L02-W06,730510,Random,7,0.3626429504,0.4035519364,-0.040908986
anti_uav410,2,anti_uav410.load_2,AU-L02-W06,AU-L02-W06,730511,External-Auction,12,0.4438011882,0.4438011882,0.0
anti_uav410,2,anti_uav410.load_2,AU-L02-W06,AU-L02-W06,730511,Greedy,12,0.4438011882,0.4438011882,0.0
anti_uav410,2,anti_uav410.load_2,AU-L02-W06,AU-L02-W06,730511,No-Stability,12,0.4438011882,0.4475126811,-0.0037114928
anti_uav410,2,anti_uav410.load_2,AU-L02-W06,AU-L02-W06,730511,No-Synergy,12,0.4438011882,0.4438011882,0.0
anti_uav410,2,anti_uav410.load_2,AU-L02-W06,AU-L02-W06,730511,Random,10,0.4480489321,0.4586019654,-0.0105530333
anti_uav410,2,anti_uav410.load_2,AU-L02-W06,AU-L02-W06,730512,External-Auction,12,0.4122228678,0.4122228678,0.0
anti_uav410,2,anti_uav410.load_2,AU-L02-W06,AU-L02-W06,730512,Greedy,12,0.4122228678,0.4122228678,0.0
anti_uav410,2,anti_uav410.load_2,AU-L02-W06,AU-L02-W06,730512,No-Stability,12,0.4122228678,0.4466145865,-0.0343917187
anti_uav410,2,anti_uav410.load_2,AU-L02-W06,AU-L02-W06,730512,No-Synergy,12,0.4122228678,0.4122228678,0.0
anti_uav410,2,anti_uav410.load_2,AU-L02-W06,AU-L02-W06,730512,Random,8,0.3863768614,0.4185564478,-0.0321795864
anti_uav410,2,anti_uav410.load_2,AU-L02-W06,AU-L02-W06,730513,External-Auction,12,0.4196824946,0.4196824946,0.0
anti_uav410,2,anti_uav410.load_2,AU-L02-W06,AU-L02-W06,730513,Greedy,12,0.4196824946,0.4196824946,0.0
anti_uav410,2,anti_uav410.load_2,AU-L02-W06,AU-L02-W06,730513,No-Stability,12,0.4196824946,0.4239848422,-0.0043023476
anti_uav410,2,anti_uav410.load_2,AU-L02-W06,AU-L02-W06,730513,No-Synergy,12,0.4196824946,0.4196824946,0.0
anti_uav410,2,anti_uav410.load_2,AU-L02-W06,AU-L02-W06,730513,Random,12,0.4196824946,0.4277487968,-0.0080663022
anti_uav410,2,anti_uav410.load_2,AU-L02-W06,AU-L02-W06,730514,External-Auction,12,0.4147036141,0.4147036141,0.0
anti_uav410,2,anti_uav410.load_2,AU-L02-W06,AU-L02-W06,730514,Greedy,12,0.4147036141,0.4147036141,0.0
anti_uav410,2,anti_uav410.load_2,AU-L02-W06,AU-L02-W06,730514,No-Stability,12,0.4147036141,0.4412615766,-0.0265579625
anti_uav410,2,anti_uav410.load_2,AU-L02-W06,AU-L02-W06,730514,No-Synergy,12,0.4147036141,0.4147036141,0.0
anti_uav410,2,anti_uav410.load_2,AU-L02-W06,AU-L02-W06,730514,Random,8,0.429133756,0.4601453229,-0.0310115669
anti_uav410,2,anti_uav410.load_2,AU-L02-W06,AU-L02-W06,730515,External-Auction,12,0.418371483,0.418371483,0.0
anti_uav410,2,anti_uav410.load_2,AU-L02-W06,AU-L02-W06,730515,Greedy,12,0.418371483,0.418371483,0.0
anti_uav410,2,anti_uav410.load_2,AU-L02-W06,AU-L02-W06,730515,No-Stability,12,0.418371483,0.4529091046,-0.0345376215
anti_uav410,2,anti_uav410.load_2,AU-L02-W06,AU-L02-W06,730515,No-Synergy,12,0.418371483,0.418371483,0.0
anti_uav410,2,anti_uav410.load_2,AU-L02-W06,AU-L02-W06,730515,Random,8,0.3816289349,0.4064596863,-0.0248307514
anti_uav410,2,anti_uav410.load_2,AU-L02-W06,AU-L02-W06,730516,External-Auction,12,0.4003863136,0.4003863136,0.0
anti_uav410,2,anti_uav410.load_2,AU-L02-W06,AU-L02-W06,730516,Greedy,12,0.4003863136,0.4003863136,0.0
anti_uav410,2,anti_uav410.load_2,AU-L02-W06,AU-L02-W06,730516,No-Stability,12,0.4003863136,0.4404490684,-0.0400627548
anti_uav410,2,anti_uav410.load_2,AU-L02-W06,AU-L02-W06,730516,No-Synergy,12,0.4003863136,0.4003863136,0.0
anti_uav410,2,anti_uav410.load_2,AU-L02-W06,AU-L02-W06,730516,Random,7,0.3962415766,0.4293564225,-0.0331148459
anti_uav410,2,anti_uav410.load_2,AU-L02-W06,AU-L02-W06,730517,External-Auction,12,0.4025836922,0.4025836922,0.0
anti_uav410,2,anti_uav410.load_2,AU-L02-W06,AU-L02-W06,730517,Greedy,12,0.4025836922,0.4025836922,0.0
anti_uav410,2,anti_uav410.load_2,AU-L02-W06,AU-L02-W06,730517,No-Stability,12,0.4025836922,0.4302864228,-0.0277027306
anti_uav410,2,anti_uav410.load_2,AU-L02-W06,AU-L02-W06,730517,No-Synergy,12,0.4025836922,0.4025836922,0.0
anti_uav410,2,anti_uav410.load_2,AU-L02-W06,AU-L02-W06,730517,Random,7,0.4639348817,0.4979203183,-0.0339854366
anti_uav410,2,anti_uav410.load_2,AU-L02-W06,AU-L02-W06,730518,External-Auction,12,0.4132097688,0.4132097688,0.0
anti_uav410,2,anti_uav410.load_2,AU-L02-W06,AU-L02-W06,730518,Greedy,12,0.4132097688,0.4132097688,0.0
anti_uav410,2,anti_uav410.load_2,AU-L02-W06,AU-L02-W06,730518,No-Stability,12,0.4132097688,0.4413190844,-0.0281093156
anti_uav410,2,anti_uav410.load_2,AU-L02-W06,AU-L02-W06,730518,No-Synergy,12,0.4132097688,0.4132097688,0.0
anti_uav410,2,anti_uav410.load_2,AU-L02-W06,AU-L02-W06,730518,Random,12,0.4132097688,0.448856679,-0.0356469101
anti_uav410,2,anti_uav410.load_2,AU-L02-W06,AU-L02-W06,730519,External-Auction,12,0.4150807321,0.4150807321,0.0
anti_uav410,2,anti_uav410.load_2,AU-L02-W06,AU-L02-W06,730519,Greedy,12,0.4150807321,0.4150807321,0.0
anti_uav410,2,anti_uav410.load_2,AU-L02-W06,AU-L02-W06,730519,No-Stability,12,0.4150807321,0.4535432321,-0.0384625
anti_uav410,2,anti_uav410.load_2,AU-L02-W06,AU-L02-W06,730519,No-Synergy,12,0.4150807321,0.4150807321,0.0
anti_uav410,2,anti_uav410.load_2,AU-L02-W06,AU-L02-W06,730519,Random,11,0.4111377668,0.4526392501,-0.0415014832
anti_uav410,2,anti_uav410.load_2,AU-L02-W06,AU-L02-W06,730520,External-Auction,12,0.4283371732,0.4283371732,0.0
anti_uav410,2,anti_uav410.load_2,AU-L02-W06,AU-L02-W06,730520,Greedy,12,0.4283371732,0.4283371732,0.0
anti_uav410,2,anti_uav410.load_2,AU-L02-W06,AU-L02-W06,730520,No-Stability,12,0.4283371732,0.4402893699,-0.0119521967
anti_uav410,2,anti_uav410.load_2,AU-L02-W06,AU-L02-W06,730520,No-Synergy,12,0.4283371732,0.4283371732,0.0
anti_uav410,2,anti_uav410.load_2,AU-L02-W06,AU-L02-W06,730520,Random,9,0.4004984935,0.4222721767,-0.0217736832
anti_uav410,2,anti_uav410.load_2,AU-L02-W06,AU-L02-W06,730521,External-Auction,12,0.3946566404,0.3946566404,0.0
anti_uav410,2,anti_uav410.load_2,AU-L02-W06,AU-L02-W06,730521,Greedy,12,0.3946566404,0.3946566404,0.0
anti_uav410,2,anti_uav410.load_2,AU-L02-W06,AU-L02-W06,730521,No-Stability,12,0.3946566404,0.454985978,-0.0603293376
anti_uav410,2,anti_uav410.load_2,AU-L02-W06,AU-L02-W06,730521,No-Synergy,12,0.3946566404,0.3946566404,0.0
anti_uav410,2,anti_uav410.load_2,AU-L02-W06,AU-L02-W06,730521,Random,6,0.3464525524,0.4049699334,-0.058517381
anti_uav410,2,anti_uav410.load_2,AU-L02-W06,AU-L02-W06,730522,External-Auction,12,0.4239879251,0.4239879251,0.0
anti_uav410,2,anti_uav410.load_2,AU-L02-W06,AU-L02-W06,730522,Greedy,12,0.4239879251,0.4239879251,0.0
anti_uav410,2,anti_uav410.load_2,AU-L02-W06,AU-L02-W06,730522,No-Stability,12,0.4239879251,0.4480086304,-0.0240207053
anti_uav410,2,anti_uav410.load_2,AU-L02-W06,AU-L02-W06,730522,No-Synergy,12,0.4239879251,0.4239879251,0.0
anti_uav410,2,anti_uav410.load_2,AU-L02-W06,AU-L02-W06,730522,Random,9,0.4106901546,0.4259061256,-0.015215971
anti_uav410,2,anti_uav410.load_2,AU-L02-W06,AU-L02-W06,730523,External-Auction,12,0.4500573933,0.4500573933,0.0
anti_uav410,2,anti_uav410.load_2,AU-L02-W06,AU-L02-W06,730523,Greedy,12,0.4500573933,0.4500573933,0.0
anti_uav410,2,anti_uav410.load_2,AU-L02-W06,AU-L02-W06,730523,No-Stability,12,0.4500573933,0.471612604,-0.0215552107
anti_uav410,2,anti_uav410.load_2,AU-L02-W06,AU-L02-W06,730523,No-Synergy,12,0.4500573933,0.4500573933,0.0
anti_uav410,2,anti_uav410.load_2,AU-L02-W06,AU-L02-W06,730523,Random,12,0.4500573933,0.4607256465,-0.0106682533
anti_uav410,2,anti_uav410.load_2,AU-L02-W06,AU-L02-W06,730524,External-Auction,12,0.4313650565,0.4313650565,0.0
anti_uav410,2,anti_uav410.load_2,AU-L02-W06,AU-L02-W06,730524,Greedy,12,0.4313650565,0.4313650565,0.0
anti_uav410,2,anti_uav410.load_2,AU-L02-W06,AU-L02-W06,730524,No-Stability,12,0.4313650565,0.43540341,-0.0040383535
anti_uav410,2,anti_uav410.load_2,AU-L02-W06,AU-L02-W06,730524,No-Synergy,12,0.4313650565,0.4313650565,0.0
anti_uav410,2,anti_uav410.load_2,AU-L02-W06,AU-L02-W06,730524,Random,12,0.4313650565,0.4438214399,-0.0124563834
anti_uav410,2,anti_uav410.load_2,AU-L02-W06,AU-L02-W06,730525,External-Auction,12,0.4083321438,0.4083321438,0.0
anti_uav410,2,anti_uav410.load_2,AU-L02-W06,AU-L02-W06,730525,Greedy,12,0.4083321438,0.4083321438,0.0
anti_uav410,2,anti_uav410.load_2,AU-L02-W06,AU-L02-W06,730525,No-Stability,12,0.4083321438,0.4641352918,-0.055803148
anti_uav410,2,anti_uav410.load_2,AU-L02-W06,AU-L02-W06,730525,No-Synergy,12,0.4083321438,0.4083321438,0.0
anti_uav410,2,anti_uav410.load_2,AU-L02-W06,AU-L02-W06,730525,Random,10,0.4231018711,0.4476086236,-0.0245067525
anti_uav410,2,anti_uav410.load_2,AU-L02-W06,AU-L02-W06,730526,External-Auction,12,0.4181908327,0.4181908327,0.0
anti_uav410,2,anti_uav410.load_2,AU-L02-W06,AU-L02-W06,730526,Greedy,12,0.4181908327,0.4181908327,0.0
anti_uav410,2,anti_uav410.load_2,AU-L02-W06,AU-L02-W06,730526,No-Stability,12,0.4181908327,0.4426142696,-0.0244234369
anti_uav410,2,anti_uav410.load_2,AU-L02-W06,AU-L02-W06,730526,No-Synergy,12,0.4181908327,0.4181908327,0.0
anti_uav410,2,anti_uav410.load_2,AU-L02-W06,AU-L02-W06,730526,Random,9,0.4429362778,0.4538333789,-0.0108971011
anti_uav410,2,anti_uav410.load_2,AU-L02-W06,AU-L02-W06,730527,External-Auction,12,0.4141381549,0.4141381549,0.0
anti_uav410,2,anti_uav410.load_2,AU-L02-W06,AU-L02-W06,730527,Greedy,12,0.4141381549,0.4141381549,0.0
anti_uav410,2,anti_uav410.load_2,AU-L02-W06,AU-L02-W06,730527,No-Stability,12,0.4141381549,0.4226705432,-0.0085323882
anti_uav410,2,anti_uav410.load_2,AU-L02-W06,AU-L02-W06,730527,No-Synergy,12,0.4141381549,0.4141381549,0.0
anti_uav410,2,anti_uav410.load_2,AU-L02-W06,AU-L02-W06,730527,Random,6,0.4585728324,0.478507108,-0.0199342756
anti_uav410,2,anti_uav410.load_2,AU-L02-W06,AU-L02-W06,730528,External-Auction,12,0.396547589,0.396547589,0.0
anti_uav410,2,anti_uav410.load_2,AU-L02-W06,AU-L02-W06,730528,Greedy,12,0.396547589,0.396547589,0.0
anti_uav410,2,anti_uav410.load_2,AU-L02-W06,AU-L02-W06,730528,No-Stability,12,0.396547589,0.4274499907,-0.0309024017
anti_uav410,2,anti_uav410.load_2,AU-L02-W06,AU-L02-W06,730528,No-Synergy,12,0.396547589,0.396547589,0.0
anti_uav410,2,anti_uav410.load_2,AU-L02-W06,AU-L02-W06,730528,Random,9,0.3735267771,0.3945501409,-0.0210233638
anti_uav410,2,anti_uav410.load_2,AU-L02-W06,AU-L02-W06,730529,External-Auction,12,0.4468230079,0.4468230079,0.0
anti_uav410,2,anti_uav410.load_2,AU-L02-W06,AU-L02-W06,730529,Greedy,12,0.4468230079,0.4468230079,0.0
anti_uav410,2,anti_uav410.load_2,AU-L02-W06,AU-L02-W06,730529,No-Stability,12,0.4468230079,0.458092738,-0.01126973
anti_uav410,2,anti_uav410.load_2,AU-L02-W06,AU-L02-W06,730529,No-Synergy,12,0.4468230079,0.4468230079,0.0
anti_uav410,2,anti_uav410.load_2,AU-L02-W06,AU-L02-W06,730529,Random,12,0.4468230079,0.4500450497,-0.0032220418
anti_uav410,2,anti_uav410.load_2,AU-L02-W07,AU-L02-W07,730600,External-Auction,18,0.4058517558,0.4058517558,0.0
anti_uav410,2,anti_uav410.load_2,AU-L02-W07,AU-L02-W07,730600,Greedy,18,0.4058517558,0.4058517558,0.0
anti_uav410,2,anti_uav410.load_2,AU-L02-W07,AU-L02-W07,730600,No-Stability,18,0.4058517558,0.4064969859,-0.0006452301
anti_uav410,2,anti_uav410.load_2,AU-L02-W07,AU-L02-W07,730600,No-Synergy,18,0.4058517558,0.4058517558,0.0
anti_uav410,2,anti_uav410.load_2,AU-L02-W07,AU-L02-W07,730600,Random,15,0.3953860918,0.3993978111,-0.0040117193
anti_uav410,2,anti_uav410.load_2,AU-L02-W07,AU-L02-W07,730601,External-Auction,18,0.3742849862,0.3742849862,0.0
anti_uav410,2,anti_uav410.load_2,AU-L02-W07,AU-L02-W07,730601,Greedy,18,0.3742849862,0.3742849862,0.0
anti_uav410,2,anti_uav410.load_2,AU-L02-W07,AU-L02-W07,730601,No-Stability,18,0.3742849862,0.4030360063,-0.0287510201
anti_uav410,2,anti_uav410.load_2,AU-L02-W07,AU-L02-W07,730601,No-Synergy,18,0.3742849862,0.3742849862,0.0
anti_uav410,2,anti_uav410.load_2,AU-L02-W07,AU-L02-W07,730601,Random,11,0.3829358931,0.431569077,-0.0486331838
anti_uav410,2,anti_uav410.load_2,AU-L02-W07,AU-L02-W07,730602,External-Auction,18,0.3901802194,0.3901802194,0.0
anti_uav410,2,anti_uav410.load_2,AU-L02-W07,AU-L02-W07,730602,Greedy,18,0.3901802194,0.3901802194,0.0
anti_uav410,2,anti_uav410.load_2,AU-L02-W07,AU-L02-W07,730602,No-Stability,18,0.3901802194,0.4108210211,-0.0206408017
anti_uav410,2,anti_uav410.load_2,AU-L02-W07,AU-L02-W07,730602,No-Synergy,18,0.3901802194,0.3901802194,0.0
anti_uav410,2,anti_uav410.load_2,AU-L02-W07,AU-L02-W07,730602,Random,13,0.3954508033,0.4155171196,-0.0200663163
anti_uav410,2,anti_uav410.load_2,AU-L02-W07,AU-L02-W07,730603,External-Auction,18,0.3924296392,0.3924296392,0.0
anti_uav410,2,anti_uav410.load_2,AU-L02-W07,AU-L02-W07,730603,Greedy,18,0.3924296392,0.3924296392,0.0
anti_uav410,2,anti_uav410.load_2,AU-L02-W07,AU-L02-W07,730603,No-Stability,18,0.3924296392,0.4211018541,-0.0286722149
anti_uav410,2,anti_uav410.load_2,AU-L02-W07,AU-L02-W07,730603,No-Synergy,18,0.3924296392,0.3924296392,0.0
anti_uav410,2,anti_uav410.load_2,AU-L02-W07,AU-L02-W07,730603,Random,16,0.3988248138,0.4219671704,-0.0231423566
anti_uav410,2,anti_uav410.load_2,AU-L02-W07,AU-L02-W07,730604,External-Auction,18,0.3913525053,0.3913525053,0.0
anti_uav410,2,anti_uav410.load_2,AU-L02-W07,AU-L02-W07,730604,Greedy,18,0.3913525053,0.3913525053,0.0
anti_uav410,2,anti_uav410.load_2,AU-L02-W07,AU-L02-W07,730604,No-Stability,18,0.3913525053,0.4069961101,-0.0156436048
anti_uav410,2,anti_uav410.load_2,AU-L02-W07,AU-L02-W07,730604,No-Synergy,18,0.3913525053,0.3913525053,0.0
anti_uav410,2,anti_uav410.load_2,AU-L02-W07,AU-L02-W07,730604,Random,16,0.3921907032,0.4029239045,-0.0107332014
anti_uav410,2,anti_uav410.load_2,AU-L02-W07,AU-L02-W07,730605,External-Auction,18,0.4090618776,0.4090618776,0.0
anti_uav410,2,anti_uav410.load_2,AU-L02-W07,AU-L02-W07,730605,Greedy,18,0.4090618776,0.4090618776,0.0
anti_uav410,2,anti_uav410.load_2,AU-L02-W07,AU-L02-W07,730605,No-Stability,18,0.4090618776,0.4069303514,0.0021315262
anti_uav410,2,anti_uav410.load_2,AU-L02-W07,AU-L02-W07,730605,No-Synergy,18,0.4090618776,0.4090618776,0.0
anti_uav410,2,anti_uav410.load_2,AU-L02-W07,AU-L02-W07,730605,Random,16,0.4021201464,0.4028920916,-0.0007719451
anti_uav410,2,anti_uav410.load_2,AU-L02-W07,AU-L02-W07,730606,External-Auction,18,0.3780408447,0.3780408447,0.0
anti_uav410,2,anti_uav410.load_2,AU-L02-W07,AU-L02-W07,730606,Greedy,18,0.3780408447,0.3780408447,0.0
anti_uav410,2,anti_uav410.load_2,AU-L02-W07,AU-L02-W07,730606,No-Stability,18,0.3780408447,0.3967547621,-0.0187139174
anti_uav410,2,anti_uav410.load_2,AU-L02-W07,AU-L02-W07,730606,No-Synergy,18,0.3780408447,0.3780408447,0.0
anti_uav410,2,anti_uav410.load_2,AU-L02-W07,AU-L02-W07,730606,Random,10,0.3879938294,0.4051864384,-0.0171926091
anti_uav410,2,anti_uav410.load_2,AU-L02-W07,AU-L02-W07,730607,External-Auction,18,0.3748805821,0.3748805821,0.0
anti_uav410,2,anti_uav410.load_2,AU-L02-W07,AU-L02-W07,730607,Greedy,18,0.3748805821,0.3748805821,0.0
anti_uav410,2,anti_uav410.load_2,AU-L02-W07,AU-L02-W07,730607,No-Stability,18,0.3748805821,0.4160650299,-0.0411844479
anti_uav410,2,anti_uav410.load_2,AU-L02-W07,AU-L02-W07,730607,No-Synergy,18,0.3748805821,0.3748805821,0.0
anti_uav410,2,anti_uav410.load_2,AU-L02-W07,AU-L02-W07,730607,Random,8,0.375714845,0.4109677635,-0.0352529185
anti_uav410,2,anti_uav410.load_2,AU-L02-W07,AU-L02-W07,730608,External-Auction,18,0.3936106449,0.3936106449,0.0
anti_uav410,2,anti_uav410.load_2,AU-L02-W07,AU-L02-W07,730608,Greedy,18,0.3936106449,0.3936106449,0.0
anti_uav410,2,anti_uav410.load_2,AU-L02-W07,AU-L02-W07,730608,No-Stability,18,0.3936106449,0.3952372633,-0.0016266184
anti_uav410,2,anti_uav410.load_2,AU-L02-W07,AU-L02-W07,730608,No-Synergy,18,0.3936106449,0.3936106449,0.0
anti_uav410,2,anti_uav410.load_2,AU-L02-W07,AU-L02-W07,730608,Random,12,0.3912166913,0.3902389919,0.0009776994
anti_uav410,2,anti_uav410.load_2,AU-L02-W07,AU-L02-W07,730609,External-Auction,18,0.4050461287,0.4050461287,0.0
anti_uav410,2,anti_uav410.load_2,AU-L02-W07,AU-L02-W07,730609,Greedy,18,0.4050461287,0.4050461287,0.0
anti_uav410,2,anti_uav410.load_2,AU-L02-W07,AU-L02-W07,730609,No-Stability,18,0.4050461287,0.4050491299,-3.0013e-06
anti_uav410,2,anti_uav410.load_2,AU-L02-W07,AU-L02-W07,730609,No-Synergy,18,0.4050461287,0.4050461287,0.0
anti_uav410,2,anti_uav410.load_2,AU-L02-W07,AU-L02-W07,730609,Random,11,0.440656207,0.4308853025,0.0097709045
anti_uav410,2,anti_uav410.load_2,AU-L02-W07,AU-L02-W07,730610,External-Auction,18,0.3775302026,0.3775302026,0.0
anti_uav410,2,anti_uav410.load_2,AU-L02-W07,AU-L02-W07,730610,Greedy,18,0.3775302026,0.3775302026,0.0
anti_uav410,2,anti_uav410.load_2,AU-L02-W07,AU-L02-W07,730610,No-Stability,18,0.3775302026,0.4132277974,-0.0356975948
anti_uav410,2,anti_uav410.load_2,AU-L02-W07,AU-L02-W07,730610,No-Synergy,18,0.3775302026,0.3775302026,0.0
anti_uav410,2,anti_uav410.load_2,AU-L02-W07,AU-L02-W07,730610,Random,13,0.3709402091,0.4127654558,-0.0418252467
anti_uav410,2,anti_uav410.load_2,AU-L02-W07,AU-L02-W07,730611,External-Auction,18,0.3820182763,0.3820182763,0.0
anti_uav410,2,anti_uav410.load_2,AU-L02-W07,AU-L02-W07,730611,Greedy,18,0.3820182763,0.3820182763,0.0
anti_uav410,2,anti_uav410.load_2,AU-L02-W07,AU-L02-W07,730611,No-Stability,18,0.3820182763,0.4039995884,-0.0219813121
anti_uav410,2,anti_uav410.load_2,AU-L02-W07,AU-L02-W07,730611,No-Synergy,18,0.3820182763,0.3820182763,0.0
anti_uav410,2,anti_uav410.load_2,AU-L02-W07,AU-L02-W07,730611,Random,13,0.3610464959,0.3645563693,-0.0035098734
anti_uav410,2,anti_uav410.load_2,AU-L02-W07,AU-L02-W07,730612,External-Auction,18,0.3833922183,0.3833922183,0.0
anti_uav410,2,anti_uav410.load_2,AU-L02-W07,AU-L02-W07,730612,Greedy,18,0.3833922183,0.3833922183,0.0
anti_uav410,2,anti_uav410.load_2,AU-L02-W07,AU-L02-W07,730612,No-Stability,18,0.3833922183,0.426353335,-0.0429611168
anti_uav410,2,anti_uav410.load_2,AU-L02-W07,AU-L02-W07,730612,No-Synergy,18,0.3833922183,0.3833922183,0.0
anti_uav410,2,anti_uav410.load_2,AU-L02-W07,AU-L02-W07,730612,Random,10,0.422896708,0.4379336706,-0.0150369626
anti_uav410,2,anti_uav410.load_2,AU-L02-W07,AU-L02-W07,730613,External-Auction,18,0.374275926,0.374275926,0.0
anti_uav410,2,anti_uav410.load_2,AU-L02-W07,AU-L02-W07,730613,Greedy,18,0.374275926,0.374275926,0.0
anti_uav410,2,anti_uav410.load_2,AU-L02-W07,AU-L02-W07,730613,No-Stability,18,0.374275926,0.414458681,-0.040182755
anti_uav410,2,anti_uav410.load_2,AU-L02-W07,AU-L02-W07,730613,No-Synergy,18,0.374275926,0.374275926,0.0
anti_uav410,2,anti_uav410.load_2,AU-L02-W07,AU-L02-W07,730613,Random,15,0.3540310193,0.384073035,-0.0300420157
anti_uav410,2,anti_uav410.load_2,AU-L02-W07,AU-L02-W07,730614,External-Auction,18,0.3914577964,0.3914577964,0.0
anti_uav410,2,anti_uav410.load_2,AU-L02-W07,AU-L02-W07,730614,Greedy,18,0.3914577964,0.3914577964,0.0
anti_uav410,2,anti_uav410.load_2,AU-L02-W07,AU-L02-W07,730614,No-Stability,18,0.3914577964,0.394247548,-0.0027897515
anti_uav410,2,anti_uav410.load_2,AU-L02-W07,AU-L02-W07,730614,No-Synergy,18,0.3914577964,0.3914577964,0.0
anti_uav410,2,anti_uav410.load_2,AU-L02-W07,AU-L02-W07,730614,Random,16,0.3907739031,0.3924309923,-0.0016570891
anti_uav410,2,anti_uav410.load_2,AU-L02-W07,AU-L02-W07,730615,External-Auction,18,0.40945371,0.40945371,0.0
anti_uav410,2,anti_uav410.load_2,AU-L02-W07,AU-L02-W07,730615,Greedy,18,0.40945371,0.40945371,0.0
anti_uav410,2,anti_uav410.load_2,AU-L02-W07,AU-L02-W07,730615,No-Stability,18,0.40945371,0.4313186174,-0.0218649074
anti_uav410,2,anti_uav410.load_2,AU-L02-W07,AU-L02-W07,730615,No-Synergy,18,0.40945371,0.40945371,0.0
anti_uav410,2,anti_uav410.load_2,AU-L02-W07,AU-L02-W07,730615,Random,17,0.4192029669,0.436199663,-0.016996696
anti_uav410,2,anti_uav410.load_2,AU-L02-W07,AU-L02-W07,730616,External-Auction,18,0.3946678551,0.3946678551,0.0
anti_uav410,2,anti_uav410.load_2,AU-L02-W07,AU-L02-W07,730616,Greedy,18,0.3946678551,0.3946678551,0.0
anti_uav410,2,anti_uav410.load_2,AU-L02-W07,AU-L02-W07,730616,No-Stability,18,0.3946678551,0.4139105538,-0.0192426987
anti_uav410,2,anti_uav410.load_2,AU-L02-W07,AU-L02-W07,730616,No-Synergy,18,0.3946678551,0.3946678551,0.0
anti_uav410,2,anti_uav410.load_2,AU-L02-W07,AU-L02-W07,730616,Random,14,0.38251073,0.3952816388,-0.0127709087
anti_uav410,2,anti_uav410.load_2,AU-L02-W07,AU-L02-W07,730617,External-Auction,18,0.402279025,0.3991667885,0.0031122365
anti_uav410,2,anti_uav410.load_2,AU-L02-W07,AU-L02-W07,730617,Greedy,18,0.402279025,0.3991667885,0.0031122365
anti_uav410,2,anti_uav410.load_2,AU-L02-W07,AU-L02-W07,730617,No-Stability,18,0.402279025,0.4270232997,-0.0247442747
anti_uav410,2,anti_uav410.load_2,AU-L02-W07,AU-L02-W07,730617,No-Synergy,18,0.402279025,0.402279025,0.0
anti_uav410,2,anti_uav410.load_2,AU-L02-W07,AU-L02-W07,730617,Random,10,0.3603709817,0.3758712345,-0.0155002528
anti_uav410,2,anti_uav410.load_2,AU-L02-W07,AU-L02-W07,730618,External-Auction,18,0.3840634226,0.3840634226,0.0
anti_uav410,2,anti_uav410.load_2,AU-L02-W07,AU-L02-W07,730618,Greedy,18,0.3840634226,0.3840634226,0.0
anti_uav410,2,anti_uav410.load_2,AU-L02-W07,AU-L02-W07,730618,No-Stability,18,0.3840634226,0.4117165341,-0.0276531115
anti_uav410,2,anti_uav410.load_2,AU-L02-W07,AU-L02-W07,730618,No-Synergy,18,0.3840634226,0.3840634226,0.0
anti_uav410,2,anti_uav410.load_2,AU-L02-W07,AU-L02-W07,730618,Random,15,0.3697458144,0.4016758296,-0.0319300153
anti_uav410,2,anti_uav410.load_2,AU-L02-W07,AU-L02-W07,730619,External-Auction,18,0.3700732934,0.3700732934,0.0
anti_uav410,2,anti_uav410.load_2,AU-L02-W07,AU-L02-W07,730619,Greedy,18,0.3700732934,0.3700732934,0.0
anti_uav410,2,anti_uav410.load_2,AU-L02-W07,AU-L02-W07,730619,No-Stability,18,0.3700732934,0.4223102047,-0.0522369113
anti_uav410,2,anti_uav410.load_2,AU-L02-W07,AU-L02-W07,730619,No-Synergy,18,0.3700732934,0.3700732934,0.0
anti_uav410,2,anti_uav410.load_2,AU-L02-W07,AU-L02-W07,730619,Random,15,0.3755576277,0.4233810657,-0.047823438
anti_uav410,2,anti_uav410.load_2,AU-L02-W07,AU-L02-W07,730620,External-Auction,18,0.4065220708,0.4077971785,-0.0012751077
anti_uav410,2,anti_uav410.load_2,AU-L02-W07,AU-L02-W07,730620,Greedy,18,0.4065220708,0.4065220708,0.0
anti_uav410,2,anti_uav410.load_2,AU-L02-W07,AU-L02-W07,730620,No-Stability,18,0.4065220708,0.4200578565,-0.0135357858
anti_uav410,2,anti_uav410.load_2,AU-L02-W07,AU-L02-W07,730620,No-Synergy,18,0.4065220708,0.4065220708,0.0
anti_uav410,2,anti_uav410.load_2,AU-L02-W07,AU-L02-W07,730620,Random,15,0.3946015655,0.4171209417,-0.0225193762
anti_uav410,2,anti_uav410.load_2,AU-L02-W07,AU-L02-W07,730621,External-Auction,18,0.4101883107,0.4101883107,0.0
anti_uav410,2,anti_uav410.load_2,AU-L02-W07,AU-L02-W07,730621,Greedy,18,0.4101883107,0.4101883107,0.0
anti_uav410,2,anti_uav410.load_2,AU-L02-W07,AU-L02-W07,730621,No-Stability,18,0.4101883107,0.4196382994,-0.0094499887
anti_uav410,2,anti_uav410.load_2,AU-L02-W07,AU-L02-W07,730621,No-Synergy,18,0.4101883107,0.4101883107,0.0
anti_uav410,2,anti_uav410.load_2,AU-L02-W07,AU-L02-W07,730621,Random,13,0.3966417756,0.4063419512,-0.0097001756
anti_uav410,2,anti_uav410.load_2,AU-L02-W07,AU-L02-W07,730622,External-Auction,18,0.3873011948,0.3873011948,0.0
anti_uav410,2,anti_uav410.load_2,AU-L02-W07,AU-L02-W07,730622,Greedy,18,0.3873011948,0.3873011948,0.0
anti_uav410,2,anti_uav410.load_2,AU-L02-W07,AU-L02-W07,730622,No-Stability,18,0.3873011948,0.4342899736,-0.0469887788
anti_uav410,2,anti_uav410.load_2,AU-L02-W07,AU-L02-W07,730622,No-Synergy,18,0.3873011948,0.3873011948,0.0
anti_uav410,2,anti_uav410.load_2,AU-L02-W07,AU-L02-W07,730622,Random,15,0.3716379457,0.4063806265,-0.0347426808
anti_uav410,2,anti_uav410.load_2,AU-L02-W07,AU-L02-W07,730623,External-Auction,18,0.391093817,0.391093817,0.0
anti_uav410,2,anti_uav410.load_2,AU-L02-W07,AU-L02-W07,730623,Greedy,18,0.391093817,0.391093817,0.0
anti_uav410,2,anti_uav410.load_2,AU-L02-W07,AU-L02-W07,730623,No-Stability,18,0.391093817,0.3971826006,-0.0060887836
anti_uav410,2,anti_uav410.load_2,AU-L02-W07,AU-L02-W07,730623,No-Synergy,18,0.391093817,0.391093817,0.0
anti_uav410,2,anti_uav410.load_2,AU-L02-W07,AU-L02-W07,730623,Random,14,0.3922855626,0.3939667412,-0.0016811786
anti_uav410,2,anti_uav410.load_2,AU-L02-W07,AU-L02-W07,730624,External-Auction,18,0.3953162493,0.3953162493,0.0
anti_uav410,2,anti_uav410.load_2,AU-L02-W07,AU-L02-W07,730624,Greedy,18,0.3953162493,0.3953162493,0.0
anti_uav410,2,anti_uav410.load_2,AU-L02-W07,AU-L02-W07,730624,No-Stability,18,0.3953162493,0.4005327064,-0.0052164572
anti_uav410,2,anti_uav410.load_2,AU-L02-W07,AU-L02-W07,730624,No-Synergy,18,0.3953162493,0.3953162493,0.0
anti_uav410,2,anti_uav410.load_2,AU-L02-W07,AU-L02-W07,730624,Random,14,0.3825121596,0.3860110436,-0.003498884
anti_uav410,2,anti_uav410.load_2,AU-L02-W07,AU-L02-W07,730625,External-Auction,18,0.367663556,0.367663556,0.0
anti_uav410,2,anti_uav410.load_2,AU-L02-W07,AU-L02-W07,730625,Greedy,18,0.367663556,0.367663556,0.0
anti_uav410,2,anti_uav410.load_2,AU-L02-W07,AU-L02-W07,730625,No-Stability,18,0.367663556,0.4066583355,-0.0389947796
anti_uav410,2,anti_uav410.load_2,AU-L02-W07,AU-L02-W07,730625,No-Synergy,18,0.367663556,0.367663556,0.0
anti_uav410,2,anti_uav410.load_2,AU-L02-W07,AU-L02-W07,730625,Random,15,0.3518465585,0.387930639,-0.0360840805
anti_uav410,2,anti_uav410.load_2,AU-L02-W07,AU-L02-W07,730626,External-Auction,18,0.3926903677,0.3926903677,0.0
anti_uav410,2,anti_uav410.load_2,AU-L02-W07,AU-L02-W07,730626,Greedy,18,0.3926903677,0.3926903677,0.0
anti_uav410,2,anti_uav410.load_2,AU-L02-W07,AU-L02-W07,730626,No-Stability,18,0.3926903677,0.3967530366,-0.0040626688
anti_uav410,2,anti_uav410.load_2,AU-L02-W07,AU-L02-W07,730626,No-Synergy,18,0.3926903677,0.3926903677,0.0
anti_uav410,2,anti_uav410.load_2,AU-L02-W07,AU-L02-W07,730626,Random,13,0.4122077203,0.4271396468,-0.0149319265
anti_uav410,2,anti_uav410.load_2,AU-L02-W07,AU-L02-W07,730627,External-Auction,18,0.3992454089,0.3992454089,0.0
anti_uav410,2,anti_uav410.load_2,AU-L02-W07,AU-L02-W07,730627,Greedy,18,0.3992454089,0.3992454089,0.0
anti_uav410,2,anti_uav410.load_2,AU-L02-W07,AU-L02-W07,730627,No-Stability,18,0.3992454089,0.3992477728,-2.3639e-06
anti_uav410,2,anti_uav410.load_2,AU-L02-W07,AU-L02-W07,730627,No-Synergy,18,0.3992454089,0.3992454089,0.0
anti_uav410,2,anti_uav410.load_2,AU-L02-W07,AU-L02-W07,730627,Random,18,0.3992454089,0.4020635623,-0.0028181534
anti_uav410,2,anti_uav410.load_2,AU-L02-W07,AU-L02-W07,730628,External-Auction,18,0.3707640634,0.3707640634,0.0
anti_uav410,2,anti_uav410.load_2,AU-L02-W07,AU-L02-W07,730628,Greedy,18,0.3707640634,0.3707640634,0.0
anti_uav410,2,anti_uav410.load_2,AU-L02-W07,AU-L02-W07,730628,No-Stability,18,0.3707640634,0.3981765763,-0.0274125128
anti_uav410,2,anti_uav410.load_2,AU-L02-W07,AU-L02-W07,730628,No-Synergy,18,0.3707640634,0.3707640634,0.0
anti_uav410,2,anti_uav410.load_2,AU-L02-W07,AU-L02-W07,730628,Random,15,0.3633870641,0.380854496,-0.0174674319
anti_uav410,2,anti_uav410.load_2,AU-L02-W07,AU-L02-W07,730629,External-Auction,18,0.4056567888,0.4056567888,0.0
anti_uav410,2,anti_uav410.load_2,AU-L02-W07,AU-L02-W07,730629,Greedy,18,0.4056567888,0.4056567888,0.0
anti_uav410,2,anti_uav410.load_2,AU-L02-W07,AU-L02-W07,730629,No-Stability,18,0.4056567888,0.4087786528,-0.0031218641
anti_uav410,2,anti_uav410.load_2,AU-L02-W07,AU-L02-W07,730629,No-Synergy,18,0.4056567888,0.4056567888,0.0
anti_uav410,2,anti_uav410.load_2,AU-L02-W07,AU-L02-W07,730629,Random,12,0.430240184,0.4272807855,0.0029593984
anti_uav410,2,anti_uav410.load_2,AU-L02-W08,AU-L02-W08,730700,External-Auction,17,0.4089896402,0.4108071768,-0.0018175366
anti_uav410,2,anti_uav410.load_2,AU-L02-W08,AU-L02-W08,730700,Greedy,17,0.4089896402,0.4089896402,0.0
anti_uav410,2,anti_uav410.load_2,AU-L02-W08,AU-L02-W08,730700,No-Stability,17,0.4089896402,0.42578054,-0.0167908998
anti_uav410,2,anti_uav410.load_2,AU-L02-W08,AU-L02-W08,730700,No-Synergy,17,0.4089896402,0.4089896402,0.0
anti_uav410,2,anti_uav410.load_2,AU-L02-W08,AU-L02-W08,730700,Random,13,0.3974830843,0.4228510957,-0.0253680114
anti_uav410,2,anti_uav410.load_2,AU-L02-W08,AU-L02-W08,730701,External-Auction,18,0.4016777602,0.4044050465,-0.0027272863
anti_uav410,2,anti_uav410.load_2,AU-L02-W08,AU-L02-W08,730701,Greedy,18,0.4016777602,0.4016777602,0.0
anti_uav410,2,anti_uav410.load_2,AU-L02-W08,AU-L02-W08,730701,No-Stability,18,0.4016777602,0.4204776698,-0.0187999096
anti_uav410,2,anti_uav410.load_2,AU-L02-W08,AU-L02-W08,730701,No-Synergy,18,0.4016777602,0.4016777602,0.0
anti_uav410,2,anti_uav410.load_2,AU-L02-W08,AU-L02-W08,730701,Random,16,0.4004765327,0.4094366393,-0.0089601066
anti_uav410,2,anti_uav410.load_2,AU-L02-W08,AU-L02-W08,730702,External-Auction,18,0.4041297191,0.4120802988,-0.0079505796
anti_uav410,2,anti_uav410.load_2,AU-L02-W08,AU-L02-W08,730702,Greedy,18,0.4041297191,0.4041297191,0.0
anti_uav410,2,anti_uav410.load_2,AU-L02-W08,AU-L02-W08,730702,No-Stability,18,0.4041297191,0.4221690296,-0.0180393105
anti_uav410,2,anti_uav410.load_2,AU-L02-W08,AU-L02-W08,730702,No-Synergy,18,0.4041297191,0.4041297191,0.0
anti_uav410,2,anti_uav410.load_2,AU-L02-W08,AU-L02-W08,730702,Random,12,0.412219878,0.4246169138,-0.0123970359
anti_uav410,2,anti_uav410.load_2,AU-L02-W08,AU-L02-W08,730703,External-Auction,17,0.405762086,0.4054118437,0.0003502423
anti_uav410,2,anti_uav410.load_2,AU-L02-W08,AU-L02-W08,730703,Greedy,17,0.405762086,0.405762086,0.0
anti_uav410,2,anti_uav410.load_2,AU-L02-W08,AU-L02-W08,730703,No-Stability,17,0.405762086,0.4223312208,-0.0165691348
anti_uav410,2,anti_uav410.load_2,AU-L02-W08,AU-L02-W08,730703,No-Synergy,17,0.405762086,0.405762086,0.0
anti_uav410,2,anti_uav410.load_2,AU-L02-W08,AU-L02-W08,730703,Random,11,0.4109828919,0.4330138413,-0.0220309493
anti_uav410,2,anti_uav410.load_2,AU-L02-W08,AU-L02-W08,730704,External-Auction,18,0.4021304349,0.4003342992,0.0017961357
anti_uav410,2,anti_uav410.load_2,AU-L02-W08,AU-L02-W08,730704,Greedy,18,0.4021304349,0.4021304349,0.0
anti_uav410,2,anti_uav410.load_2,AU-L02-W08,AU-L02-W08,730704,No-Stability,18,0.4021304349,0.4115362156,-0.0094057806
anti_uav410,2,anti_uav410.load_2,AU-L02-W08,AU-L02-W08,730704,No-Synergy,18,0.4021304349,0.4000227955,0.0021076394
anti_uav410,2,anti_uav410.load_2,AU-L02-W08,AU-L02-W08,730704,Random,10,0.4006618259,0.3958749442,0.0047868818
anti_uav410,2,anti_uav410.load_2,AU-L02-W08,AU-L02-W08,730705,External-Auction,17,0.3986070617,0.3986070617,0.0
anti_uav410,2,anti_uav410.load_2,AU-L02-W08,AU-L02-W08,730705,Greedy,17,0.3986070617,0.3986070617,0.0
anti_uav410,2,anti_uav410.load_2,AU-L02-W08,AU-L02-W08,730705,No-Stability,17,0.3986070617,0.4344979414,-0.0358908797
anti_uav410,2,anti_uav410.load_2,AU-L02-W08,AU-L02-W08,730705,No-Synergy,17,0.3986070617,0.3986070617,0.0
anti_uav410,2,anti_uav410.load_2,AU-L02-W08,AU-L02-W08,730705,Random,13,0.4061850274,0.4299682565,-0.0237832291
anti_uav410,2,anti_uav410.load_2,AU-L02-W08,AU-L02-W08,730706,External-Auction,18,0.3779117591,0.3878931593,-0.0099814002
anti_uav410,2,anti_uav410.load_2,AU-L02-W08,AU-L02-W08,730706,Greedy,18,0.3779117591,0.3850100541,-0.007098295
anti_uav410,2,anti_uav410.load_2,AU-L02-W08,AU-L02-W08,730706,No-Stability,18,0.3779117591,0.4131607216,-0.0352489625
anti_uav410,2,anti_uav410.load_2,AU-L02-W08,AU-L02-W08,730706,No-Synergy,18,0.3779117591,0.3779117591,0.0
anti_uav410,2,anti_uav410.load_2,AU-L02-W08,AU-L02-W08,730706,Random,10,0.3515105837,0.3713659284,-0.0198553448
anti_uav410,2,anti_uav410.load_2,AU-L02-W08,AU-L02-W08,730707,External-Auction,18,0.3923873072,0.4014712762,-0.009083969
anti_uav410,2,anti_uav410.load_2,AU-L02-W08,AU-L02-W08,730707,Greedy,18,0.3923873072,0.3923873072,0.0
anti_uav410,2,anti_uav410.load_2,AU-L02-W08,AU-L02-W08,730707,No-Stability,18,0.3923873072,0.4093612217,-0.0169739145
anti_uav410,2,anti_uav410.load_2,AU-L02-W08,AU-L02-W08,730707,No-Synergy,18,0.3923873072,0.3923873072,0.0
anti_uav410,2,anti_uav410.load_2,AU-L02-W08,AU-L02-W08,730707,Random,14,0.4034545214,0.4034047763,4.97451e-05
anti_uav410,2,anti_uav410.load_2,AU-L02-W08,AU-L02-W08,730708,External-Auction,18,0.3956004349,0.3955263739,7.4061e-05
anti_uav410,2,anti_uav410.load_2,AU-L02-W08,AU-L02-W08,730708,Greedy,18,0.3956004349,0.3956004349,0.0
anti_uav410,2,anti_uav410.load_2,AU-L02-W08,AU-L02-W08,730708,No-Stability,18,0.3956004349,0.4362709686,-0.0406705336
anti_uav410,2,anti_uav410.load_2,AU-L02-W08,AU-L02-W08,730708,No-Synergy,18,0.3956004349,0.3956004349,0.0
anti_uav410,2,anti_uav410.load_2,AU-L02-W08,AU-L02-W08,730708,Random,10,0.3861905519,0.4265748607,-0.0403843089
anti_uav410,2,anti_uav410.load_2,AU-L02-W08,AU-L02-W08,730709,External-Auction,18,0.3834727972,0.3831607596,0.0003120376
anti_uav410,2,anti_uav410.load_2,AU-L02-W08,AU-L02-W08,730709,Greedy,18,0.3834727972,0.3833159361,0.000156861
anti_uav410,2,anti_uav410.load_2,AU-L02-W08,AU-L02-W08,730709,No-Stability,18,0.3834727972,0.4075743064,-0.0241015092
anti_uav410,2,anti_uav410.load_2,AU-L02-W08,AU-L02-W08,730709,No-Synergy,18,0.3834727972,0.3834727972,0.0
anti_uav410,2,anti_uav410.load_2,AU-L02-W08,AU-L02-W08,730709,Random,17,0.3850964071,0.4039756526,-0.0188792455
anti_uav410,2,anti_uav410.load_2,AU-L02-W08,AU-L02-W08,730710,External-Auction,17,0.4016340323,0.400664069,0.0009699633
anti_uav410,2,anti_uav410.load_2,AU-L02-W08,AU-L02-W08,730710,Greedy,17,0.4016340323,0.4016340323,0.0
anti_uav410,2,anti_uav410.load_2,AU-L02-W08,AU-L02-W08,730710,No-Stability,17,0.4016340323,0.4196443491,-0.0180103168
anti_uav410,2,anti_uav410.load_2,AU-L02-W08,AU-L02-W08,730710,No-Synergy,17,0.4016340323,0.4016340323,0.0
anti_uav410,2,anti_uav410.load_2,AU-L02-W08,AU-L02-W08,730710,Random,11,0.3874739069,0.4049024554,-0.0174285486
anti_uav410,2,anti_uav410.load_2,AU-L02-W08,AU-L02-W08,730711,External-Auction,18,0.3814011111,0.3913992532,-0.0099981421
anti_uav410,2,anti_uav410.load_2,AU-L02-W08,AU-L02-W08,730711,Greedy,18,0.3814011111,0.3889268103,-0.0075256992
anti_uav410,2,anti_uav410.load_2,AU-L02-W08,AU-L02-W08,730711,No-Stability,18,0.3814011111,0.4142174621,-0.0328163511
anti_uav410,2,anti_uav410.load_2,AU-L02-W08,AU-L02-W08,730711,No-Synergy,18,0.3814011111,0.3814011111,0.0
anti_uav410,2,anti_uav410.load_2,AU-L02-W08,AU-L02-W08,730711,Random,12,0.3794402749,0.4104928513,-0.0310525764
anti_uav410,2,anti_uav410.load_2,AU-L02-W08,AU-L02-W08,730712,External-Auction,17,0.4008027009,0.4152957426,-0.0144930417
anti_uav410,2,anti_uav410.load_2,AU-L02-W08,AU-L02-W08,730712,Greedy,17,0.4008027009,0.4008027009,0.0
anti_uav410,2,anti_uav410.load_2,AU-L02-W08,AU-L02-W08,730712,No-Stability,17,0.4008027009,0.4319628497,-0.0311601488
anti_uav410,2,anti_uav410.load_2,AU-L02-W08,AU-L02-W08,730712,No-Synergy,17,0.4008027009,0.4008027009,0.0
anti_uav410,2,anti_uav410.load_2,AU-L02-W08,AU-L02-W08,730712,Random,12,0.401067891,0.4320961605,-0.0310282695
anti_uav410,2,anti_uav410.load_2,AU-L02-W08,AU-L02-W08,730713,External-Auction,18,0.3860159384,0.3893046581,-0.0032887197
anti_uav410,2,anti_uav410.load_2,AU-L02-W08,AU-L02-W08,730713,Greedy,18,0.3860159384,0.3860159384,0.0
anti_uav410,2,anti_uav410.load_2,AU-L02-W08,AU-L02-W08,730713,No-Stability,18,0.3860159384,0.4153553102,-0.0293393718
anti_uav410,2,anti_uav410.load_2,AU-L02-W08,AU-L02-W08,730713,No-Synergy,18,0.3860159384,0.3860159384,0.0
anti_uav410,2,anti_uav410.load_2,AU-L02-W08,AU-L02-W08,730713,Random,13,0.3970614743,0.4207731279,-0.0237116536
anti_uav410,2,anti_uav410.load_2,AU-L02-W08,AU-L02-W08,730714,External-Auction,17,0.4018553159,0.407111664,-0.0052563481
anti_uav410,2,anti_uav410.load_2,AU-L02-W08,AU-L02-W08,730714,Greedy,17,0.4018553159,0.4055962272,-0.0037409113
anti_uav410,2,anti_uav410.load_2,AU-L02-W08,AU-L02-W08,730714,No-Stability,17,0.4018553159,0.4324110793,-0.0305557634
anti_uav410,2,anti_uav410.load_2,AU-L02-W08,AU-L02-W08,730714,No-Synergy,17,0.4018553159,0.4018553159,0.0
anti_uav410,2,anti_uav410.load_2,AU-L02-W08,AU-L02-W08,730714,Random,12,0.4085061462,0.4397767224,-0.0312705762
anti_uav410,2,anti_uav410.load_2,AU-L02-W08,AU-L02-W08,730715,External-Auction,18,0.3880664728,0.3876810279,0.0003854449
anti_uav410,2,anti_uav410.load_2,AU-L02-W08,AU-L02-W08,730715,Greedy,18,0.3880664728,0.3876810279,0.0003854449
anti_uav410,2,anti_uav410.load_2,AU-L02-W08,AU-L02-W08,730715,No-Stability,18,0.3880664728,0.4101933332,-0.0221268604
anti_uav410,2,anti_uav410.load_2,AU-L02-W08,AU-L02-W08,730715,No-Synergy,18,0.3880664728,0.3880664728,0.0
anti_uav410,2,anti_uav410.load_2,AU-L02-W08,AU-L02-W08,730715,Random,14,0.3696670838,0.3782066311,-0.0085395473
anti_uav410,2,anti_uav410.load_2,AU-L02-W08,AU-L02-W08,730716,External-Auction,17,0.4057715749,0.4110748916,-0.0053033167
anti_uav410,2,anti_uav410.load_2,AU-L02-W08,AU-L02-W08,730716,Greedy,17,0.4057715749,0.4110748916,-0.0053033167
anti_uav410,2,anti_uav410.load_2,AU-L02-W08,AU-L02-W08,730716,No-Stability,17,0.4057715749,0.4308438624,-0.0250722875
anti_uav410,2,anti_uav410.load_2,AU-L02-W08,AU-L02-W08,730716,No-Synergy,17,0.4057715749,0.4057715749,0.0
anti_uav410,2,anti_uav410.load_2,AU-L02-W08,AU-L02-W08,730716,Random,13,0.4030348123,0.4205210791,-0.0174862668
anti_uav410,2,anti_uav410.load_2,AU-L02-W08,AU-L02-W08,730717,External-Auction,17,0.4097567378,0.4100073733,-0.0002506355
anti_uav410,2,anti_uav410.load_2,AU-L02-W08,AU-L02-W08,730717,Greedy,17,0.4097567378,0.4097567378,0.0
anti_uav410,2,anti_uav410.load_2,AU-L02-W08,AU-L02-W08,730717,No-Stability,17,0.4097567378,0.4143931813,-0.0046364435
anti_uav410,2,anti_uav410.load_2,AU-L02-W08,AU-L02-W08,730717,No-Synergy,17,0.4097567378,0.4097567378,0.0
anti_uav410,2,anti_uav410.load_2,AU-L02-W08,AU-L02-W08,730717,Random,12,0.3952546093,0.4078447402,-0.012590131
anti_uav410,2,anti_uav410.load_2,AU-L02-W08,AU-L02-W08,730718,External-Auction,18,0.3815451613,0.3877262423,-0.0061810809
anti_uav410,2,anti_uav410.load_2,AU-L02-W08,AU-L02-W08,730718,Greedy,18,0.3815451613,0.3815451613,0.0
anti_uav410,2,anti_uav410.load_2,AU-L02-W08,AU-L02-W08,730718,No-Stability,18,0.3815451613,0.4252254173,-0.043680256
anti_uav410,2,anti_uav410.load_2,AU-L02-W08,AU-L02-W08,730718,No-Synergy,18,0.3815451613,0.3815451613,0.0
anti_uav410,2,anti_uav410.load_2,AU-L02-W08,AU-L02-W08,730718,Random,14,0.3761728595,0.4082922879,-0.0321194284
anti_uav410,2,anti_uav410.load_2,AU-L02-W08,AU-L02-W08,730719,External-Auction,17,0.399979633,0.399979633,0.0
anti_uav410,2,anti_uav410.load_2,AU-L02-W08,AU-L02-W08,730719,Greedy,17,0.399979633,0.399979633,0.0
anti_uav410,2,anti_uav410.load_2,AU-L02-W08,AU-L02-W08,730719,No-Stability,17,0.399979633,0.4294860602,-0.0295064272
anti_uav410,2,anti_uav410.load_2,AU-L02-W08,AU-L02-W08,730719,No-Synergy,17,0.399979633,0.399979633,0.0
anti_uav410,2,anti_uav410.load_2,AU-L02-W08,AU-L02-W08,730719,Random,11,0.3914217554,0.4075968179,-0.0161750625
anti_uav410,2,anti_uav410.load_2,AU-L02-W08,AU-L02-W08,730720,External-Auction,17,0.4047276202,0.4075564934,-0.0028288732
anti_uav410,2,anti_uav410.load_2,AU-L02-W08,AU-L02-W08,730720,Greedy,17,0.4047276202,0.4047276202,0.0
anti_uav410,2,anti_uav410.load_2,AU-L02-W08,AU-L02-W08,730720,No-Stability,17,0.4047276202,0.4419611406,-0.0372335204
anti_uav410,2,anti_uav410.load_2,AU-L02-W08,AU-L02-W08,730720,No-Synergy,17,0.4047276202,0.4047276202,0.0
anti_uav410,2,anti_uav410.load_2,AU-L02-W08,AU-L02-W08,730720,Random,13,0.3989051223,0.4110498893,-0.012144767
anti_uav410,2,anti_uav410.load_2,AU-L02-W08,AU-L02-W08,730721,External-Auction,18,0.3798155022,0.3811448277,-0.0013293255
anti_uav410,2,anti_uav410.load_2,AU-L02-W08,AU-L02-W08,730721,Greedy,18,0.3798155022,0.3811448277,-0.0013293255
anti_uav410,2,anti_uav410.load_2,AU-L02-W08,AU-L02-W08,730721,No-Stability,18,0.3798155022,0.399472616,-0.0196571138
anti_uav410,2,anti_uav410.load_2,AU-L02-W08,AU-L02-W08,730721,No-Synergy,18,0.3798155022,0.3798155022,0.0
anti_uav410,2,anti_uav410.load_2,AU-L02-W08,AU-L02-W08,730721,Random,13,0.3737370675,0.3847825124,-0.0110454449
anti_uav410,2,anti_uav410.load_2,AU-L02-W08,AU-L02-W08,730722,External-Auction,18,0.3888671766,0.3895760379,-0.0007088613
anti_uav410,2,anti_uav410.load_2,AU-L02-W08,AU-L02-W08,730722,Greedy,18,0.3888671766,0.3888671766,0.0
anti_uav410,2,anti_uav410.load_2,AU-L02-W08,AU-L02-W08,730722,No-Stability,18,0.3888671766,0.4072582399,-0.0183910633
anti_uav410,2,anti_uav410.load_2,AU-L02-W08,AU-L02-W08,730722,No-Synergy,18,0.3888671766,0.3888671766,0.0
anti_uav410,2,anti_uav410.load_2,AU-L02-W08,AU-L02-W08,730722,Random,15,0.3920214824,0.4143021649,-0.0222806825
anti_uav410,2,anti_uav410.load_2,AU-L02-W08,AU-L02-W08,730723,External-Auction,18,0.386894512,0.386894512,0.0
anti_uav410,2,anti_uav410.load_2,AU-L02-W08,AU-L02-W08,730723,Greedy,18,0.386894512,0.386894512,0.0
anti_uav410,2,anti_uav410.load_2,AU-L02-W08,AU-L02-W08,730723,No-Stability,18,0.386894512,0.3946090501,-0.0077145382
anti_uav410,2,anti_uav410.load_2,AU-L02-W08,AU-L02-W08,730723,No-Synergy,18,0.386894512,0.386894512,0.0
anti_uav410,2,anti_uav410.load_2,AU-L02-W08,AU-L02-W08,730723,Random,11,0.3760177694,0.3942433639,-0.0182255945
anti_uav410,2,anti_uav410.load_2,AU-L02-W08,AU-L02-W08,730724,External-Auction,17,0.3930717604,0.3937669924,-0.000695232
anti_uav410,2,anti_uav410.load_2,AU-L02-W08,AU-L02-W08,730724,Greedy,17,0.3930717604,0.3937669924,-0.000695232
anti_uav410,2,anti_uav410.load_2,AU-L02-W08,AU-L02-W08,730724,No-Stability,17,0.3930717604,0.4193967199,-0.0263249595
anti_uav410,2,anti_uav410.load_2,AU-L02-W08,AU-L02-W08,730724,No-Synergy,17,0.3930717604,0.3930717604,0.0
anti_uav410,2,anti_uav410.load_2,AU-L02-W08,AU-L02-W08,730724,Random,11,0.3970492758,0.4080643822,-0.0110151064
anti_uav410,2,anti_uav410.load_2,AU-L02-W08,AU-L02-W08,730725,External-Auction,17,0.4329804836,0.4329804836,0.0
anti_uav410,2,anti_uav410.load_2,AU-L02-W08,AU-L02-W08,730725,Greedy,17,0.4329804836,0.4329804836,0.0
anti_uav410,2,anti_uav410.load_2,AU-L02-W08,AU-L02-W08,730725,No-Stability,17,0.4329804836,0.44530345,-0.0123229663
anti_uav410,2,anti_uav410.load_2,AU-L02-W08,AU-L02-W08,730725,No-Synergy,17,0.4329804836,0.4329804836,0.0
anti_uav410,2,anti_uav410.load_2,AU-L02-W08,AU-L02-W08,730725,Random,12,0.4434619145,0.4516090684,-0.008147154
anti_uav410,2,anti_uav410.load_2,AU-L02-W08,AU-L02-W08,730726,External-Auction,18,0.3977913764,0.4008879495,-0.0030965731
anti_uav410,2,anti_uav410.load_2,AU-L02-W08,AU-L02-W08,730726,Greedy,18,0.3977913764,0.4008879495,-0.0030965731
anti_uav410,2,anti_uav410.load_2,AU-L02-W08,AU-L02-W08,730726,No-Stability,18,0.3977913764,0.4069583031,-0.0091669267
anti_uav410,2,anti_uav410.load_2,AU-L02-W08,AU-L02-W08,730726,No-Synergy,18,0.3977913764,0.3977913764,0.0
anti_uav410,2,anti_uav410.load_2,AU-L02-W08,AU-L02-W08,730726,Random,15,0.4009034635,0.4185507597,-0.0176472962
anti_uav410,2,anti_uav410.load_2,AU-L02-W08,AU-L02-W08,730727,External-Auction,18,0.3781963255,0.3844778743,-0.0062815488
anti_uav410,2,anti_uav410.load_2,AU-L02-W08,AU-L02-W08,730727,Greedy,18,0.3781963255,0.3781963255,0.0
anti_uav410,2,anti_uav410.load_2,AU-L02-W08,AU-L02-W08,730727,No-Stability,18,0.3781963255,0.4131955375,-0.034999212
anti_uav410,2,anti_uav410.load_2,AU-L02-W08,AU-L02-W08,730727,No-Synergy,18,0.3781963255,0.3781963255,0.0
anti_uav410,2,anti_uav410.load_2,AU-L02-W08,AU-L02-W08,730727,Random,16,0.3788545079,0.3954533069,-0.016598799
anti_uav410,2,anti_uav410.load_2,AU-L02-W08,AU-L02-W08,730728,External-Auction,18,0.3919000641,0.4010060543,-0.0091059902
anti_uav410,2,anti_uav410.load_2,AU-L02-W08,AU-L02-W08,730728,Greedy,18,0.3919000641,0.3983758093,-0.0064757452
anti_uav410,2,anti_uav410.load_2,AU-L02-W08,AU-L02-W08,730728,No-Stability,18,0.3919000641,0.4396481526,-0.0477480885
anti_uav410,2,anti_uav410.load_2,AU-L02-W08,AU-L02-W08,730728,No-Synergy,18,0.3919000641,0.3919000641,0.0
anti_uav410,2,anti_uav410.load_2,AU-L02-W08,AU-L02-W08,730728,Random,12,0.3899513607,0.4266120003,-0.0366606396
anti_uav410,2,anti_uav410.load_2,AU-L02-W08,AU-L02-W08,730729,External-Auction,18,0.3900907655,0.3904722312,-0.0003814658
anti_uav410,2,anti_uav410.load_2,AU-L02-W08,AU-L02-W08,730729,Greedy,18,0.3900907655,0.3900907655,0.0
anti_uav410,2,anti_uav410.load_2,AU-L02-W08,AU-L02-W08,730729,No-Stability,18,0.3900907655,0.4074449417,-0.0173541763
anti_uav410,2,anti_uav410.load_2,AU-L02-W08,AU-L02-W08,730729,No-Synergy,18,0.3900907655,0.3900907655,0.0
anti_uav410,2,anti_uav410.load_2,AU-L02-W08,AU-L02-W08,730729,Random,17,0.3913425946,0.4072336861,-0.0158910916
anti_uav410,2,anti_uav410.load_2,AU-L02-W09,AU-L02-W09,730800,External-Auction,17,0.4828637931,0.4828637931,0.0
anti_uav410,2,anti_uav410.load_2,AU-L02-W09,AU-L02-W09,730800,Greedy,17,0.4828637931,0.4828637931,0.0
anti_uav410,2,anti_uav410.load_2,AU-L02-W09,AU-L02-W09,730800,No-Stability,17,0.4828637931,0.5188462005,-0.0359824074
anti_uav410,2,anti_uav410.load_2,AU-L02-W09,AU-L02-W09,730800,No-Synergy,17,0.4828637931,0.4828637931,0.0
anti_uav410,2,anti_uav410.load_2,AU-L02-W09,AU-L02-W09,730800,Random,13,0.4642852419,0.5115993246,-0.0473140827
anti_uav410,2,anti_uav410.load_2,AU-L02-W09,AU-L02-W09,730801,External-Auction,17,0.4823517854,0.4823517854,0.0
anti_uav410,2,anti_uav410.load_2,AU-L02-W09,AU-L02-W09,730801,Greedy,17,0.4823517854,0.4823517854,0.0
anti_uav410,2,anti_uav410.load_2,AU-L02-W09,AU-L02-W09,730801,No-Stability,17,0.4823517854,0.5212702433,-0.038918458
anti_uav410,2,anti_uav410.load_2,AU-L02-W09,AU-L02-W09,730801,No-Synergy,17,0.4823517854,0.4823517854,0.0
anti_uav410,2,anti_uav410.load_2,AU-L02-W09,AU-L02-W09,730801,Random,15,0.4853001556,0.5372902945,-0.0519901389
anti_uav410,2,anti_uav410.load_2,AU-L02-W09,AU-L02-W09,730802,External-Auction,16,0.5103166664,0.5103166664,0.0
anti_uav410,2,anti_uav410.load_2,AU-L02-W09,AU-L02-W09,730802,Greedy,16,0.5103166664,0.5103166664,0.0
anti_uav410,2,anti_uav410.load_2,AU-L02-W09,AU-L02-W09,730802,No-Stability,16,0.5103166664,0.5221592101,-0.0118425437
anti_uav410,2,anti_uav410.load_2,AU-L02-W09,AU-L02-W09,730802,No-Synergy,16,0.5103166664,0.5103166664,0.0
anti_uav410,2,anti_uav410.load_2,AU-L02-W09,AU-L02-W09,730802,Random,16,0.5103166664,0.5256815741,-0.0153649077
anti_uav410,2,anti_uav410.load_2,AU-L02-W09,AU-L02-W09,730803,External-Auction,12,0.4577619265,0.4577619265,0.0
anti_uav410,2,anti_uav410.load_2,AU-L02-W09,AU-L02-W09,730803,Greedy,12,0.4577619265,0.4577619265,0.0
anti_uav410,2,anti_uav410.load_2,AU-L02-W09,AU-L02-W09,730803,No-Stability,12,0.4577619265,0.5165523116,-0.0587903851
anti_uav410,2,anti_uav410.load_2,AU-L02-W09,AU-L02-W09,730803,No-Synergy,12,0.4577619265,0.4577619265,0.0
anti_uav410,2,anti_uav410.load_2,AU-L02-W09,AU-L02-W09,730803,Random,9,0.4492870959,0.4832917589,-0.034004663
anti_uav410,2,anti_uav410.load_2,AU-L02-W09,AU-L02-W09,730804,External-Auction,17,0.5049151737,0.5049151737,0.0
anti_uav410,2,anti_uav410.load_2,AU-L02-W09,AU-L02-W09,730804,Greedy,17,0.5049151737,0.5049151737,0.0
anti_uav410,2,anti_uav410.load_2,AU-L02-W09,AU-L02-W09,730804,No-Stability,17,0.5049151737,0.5172123322,-0.0122971586
anti_uav410,2,anti_uav410.load_2,AU-L02-W09,AU-L02-W09,730804,No-Synergy,17,0.5049151737,0.5049151737,0.0
anti_uav410,2,anti_uav410.load_2,AU-L02-W09,AU-L02-W09,730804,Random,13,0.5026788537,0.5371300981,-0.0344512445
anti_uav410,2,anti_uav410.load_2,AU-L02-W09,AU-L02-W09,730805,External-Auction,17,0.4793495707,0.4793495707,0.0
anti_uav410,2,anti_uav410.load_2,AU-L02-W09,AU-L02-W09,730805,Greedy,17,0.4793495707,0.4793495707,0.0
anti_uav410,2,anti_uav410.load_2,AU-L02-W09,AU-L02-W09,730805,No-Stability,17,0.4793495707,0.5074610976,-0.0281115268
anti_uav410,2,anti_uav410.load_2,AU-L02-W09,AU-L02-W09,730805,No-Synergy,17,0.4793495707,0.4793495707,0.0
anti_uav410,2,anti_uav410.load_2,AU-L02-W09,AU-L02-W09,730805,Random,11,0.4897006508,0.5279823434,-0.0382816926
anti_uav410,2,anti_uav410.load_2,AU-L02-W09,AU-L02-W09,730806,External-Auction,16,0.4843704413,0.4843704413,0.0
anti_uav410,2,anti_uav410.load_2,AU-L02-W09,AU-L02-W09,730806,Greedy,16,0.4843704413,0.4843704413,0.0
anti_uav410,2,anti_uav410.load_2,AU-L02-W09,AU-L02-W09,730806,No-Stability,16,0.4843704413,0.536262832,-0.0518923908
anti_uav410,2,anti_uav410.load_2,AU-L02-W09,AU-L02-W09,730806,No-Synergy,16,0.4843704413,0.4843704413,0.0
anti_uav410,2,anti_uav410.load_2,AU-L02-W09,AU-L02-W09,730806,Random,12,0.4953976115,0.5431596469,-0.0477620355
anti_uav410,2,anti_uav410.load_2,AU-L02-W09,AU-L02-W09,730807,External-Auction,15,0.4622813862,0.4622813862,0.0
anti_uav410,2,anti_uav410.load_2,AU-L02-W09,AU-L02-W09,730807,Greedy,15,0.4622813862,0.4622813862,0.0
anti_uav410,2,anti_uav410.load_2,AU-L02-W09,AU-L02-W09,730807,No-Stability,15,0.4622813862,0.4890040889,-0.0267227027
anti_uav410,2,anti_uav410.load_2,AU-L02-W09,AU-L02-W09,730807,No-Synergy,15,0.4622813862,0.4622813862,0.0
anti_uav410,2,anti_uav410.load_2,AU-L02-W09,AU-L02-W09,730807,Random,12,0.4697369849,0.4980747033,-0.0283377184
anti_uav410,2,anti_uav410.load_2,AU-L02-W09,AU-L02-W09,730808,External-Auction,14,0.4751991341,0.4751991341,0.0
anti_uav410,2,anti_uav410.load_2,AU-L02-W09,AU-L02-W09,730808,Greedy,16,0.4896073574,0.4896073574,0.0
anti_uav410,2,anti_uav410.load_2,AU-L02-W09,AU-L02-W09,730808,No-Stability,16,0.4896073574,0.5154678006,-0.0258604432
anti_uav410,2,anti_uav410.load_2,AU-L02-W09,AU-L02-W09,730808,No-Synergy,16,0.4896073574,0.4896073574,0.0
anti_uav410,2,anti_uav410.load_2,AU-L02-W09,AU-L02-W09,730808,Random,13,0.5063023431,0.5512171578,-0.0449148148
anti_uav410,2,anti_uav410.load_2,AU-L02-W09,AU-L02-W09,730809,External-Auction,14,0.4846664545,0.4846664545,0.0
anti_uav410,2,anti_uav410.load_2,AU-L02-W09,AU-L02-W09,730809,Greedy,14,0.4846664545,0.4846664545,0.0
anti_uav410,2,anti_uav410.load_2,AU-L02-W09,AU-L02-W09,730809,No-Stability,14,0.4846664545,0.5242170002,-0.0395505457
anti_uav410,2,anti_uav410.load_2,AU-L02-W09,AU-L02-W09,730809,No-Synergy,14,0.4846664545,0.4846664545,0.0
anti_uav410,2,anti_uav410.load_2,AU-L02-W09,AU-L02-W09,730809,Random,13,0.486104242,0.5188711175,-0.0327668755
anti_uav410,2,anti_uav410.load_2,AU-L02-W09,AU-L02-W09,730810,External-Auction,15,0.4894368062,0.4894368062,0.0
anti_uav410,2,anti_uav410.load_2,AU-L02-W09,AU-L02-W09,730810,Greedy,15,0.4894368062,0.4894368062,0.0
anti_uav410,2,anti_uav410.load_2,AU-L02-W09,AU-L02-W09,730810,No-Stability,15,0.4894368062,0.5365626911,-0.0471258849
anti_uav410,2,anti_uav410.load_2,AU-L02-W09,AU-L02-W09,730810,No-Synergy,15,0.4894368062,0.4894368062,0.0
anti_uav410,2,anti_uav410.load_2,AU-L02-W09,AU-L02-W09,730810,Random,12,0.4859742889,0.5402493756,-0.0542750867
anti_uav410,2,anti_uav410.load_2,AU-L02-W09,AU-L02-W09,730811,External-Auction,16,0.5357519096,0.5357519096,0.0
anti_uav410,2,anti_uav410.load_2,AU-L02-W09,AU-L02-W09,730811,Greedy,16,0.5357519096,0.5357519096,0.0
anti_uav410,2,anti_uav410.load_2,AU-L02-W09,AU-L02-W09,730811,No-Stability,16,0.5357519096,0.5485049251,-0.0127530154
anti_uav410,2,anti_uav410.load_2,AU-L02-W09,AU-L02-W09,730811,No-Synergy,16,0.5357519096,0.5357519096,0.0
anti_uav410,2,anti_uav410.load_2,AU-L02-W09,AU-L02-W09,730811,Random,14,0.5438037459,0.55760579,-0.0138020441
anti_uav410,2,anti_uav410.load_2,AU-L02-W09,AU-L02-W09,730812,External-Auction,16,0.5069904444,0.5069904444,0.0
anti_uav410,2,anti_uav410.load_2,AU-L02-W09,AU-L02-W09,730812,Greedy,16,0.5069904444,0.5069904444,0.0
anti_uav410,2,anti_uav410.load_2,AU-L02-W09,AU-L02-W09,730812,No-Stability,16,0.5069904444,0.5330894662,-0.0260990218
anti_uav410,2,anti_uav410.load_2,AU-L02-W09,AU-L02-W09,730812,No-Synergy,16,0.5069904444,0.5069904444,0.0
anti_uav410,2,anti_uav410.load_2,AU-L02-W09,AU-L02-W09,730812,Random,12,0.5044920586,0.5308032133,-0.0263111547
anti_uav410,2,anti_uav410.load_2,AU-L02-W09,AU-L02-W09,730813,External-Auction,17,0.4794722167,0.4794722167,0.0
anti_uav410,2,anti_uav410.load_2,AU-L02-W09,AU-L02-W09,730813,Greedy,17,0.4794722167,0.4794722167,0.0
anti_uav410,2,anti_uav410.load_2,AU-L02-W09,AU-L02-W09,730813,No-Stability,17,0.4794722167,0.5455021479,-0.0660299311
anti_uav410,2,anti_uav410.load_2,AU-L02-W09,AU-L02-W09,730813,No-Synergy,17,0.4794722167,0.4794722167,0.0
anti_uav410,2,anti_uav410.load_2,AU-L02-W09,AU-L02-W09,730813,Random,13,0.473258294,0.5471798798,-0.0739215858
anti_uav410,2,anti_uav410.load_2,AU-L02-W09,AU-L02-W09,730814,External-Auction,16,0.4849078367,0.4849078367,0.0
anti_uav410,2,anti_uav410.load_2,AU-L02-W09,AU-L02-W09,730814,Greedy,16,0.4849078367,0.4849078367,0.0
anti_uav410,2,anti_uav410.load_2,AU-L02-W09,AU-L02-W09,730814,No-Stability,16,0.4849078367,0.5241482866,-0.0392404499
anti_uav410,2,anti_uav410.load_2,AU-L02-W09,AU-L02-W09,730814,No-Synergy,16,0.4849078367,0.4849078367,0.0
anti_uav410,2,anti_uav410.load_2,AU-L02-W09,AU-L02-W09,730814,Random,13,0.47889071,0.5191178441,-0.0402271341
anti_uav410,2,anti_uav410.load_2,AU-L02-W09,AU-L02-W09,730815,External-Auction,16,0.5259021013,0.5259021013,0.0
anti_uav410,2,anti_uav410.load_2,AU-L02-W09,AU-L02-W09,730815,Greedy,16,0.5259021013,0.5259021013,0.0
anti_uav410,2,anti_uav410.load_2,AU-L02-W09,AU-L02-W09,730815,No-Stability,16,0.5259021013,0.5287249492,-0.0028228479
anti_uav410,2,anti_uav410.load_2,AU-L02-W09,AU-L02-W09,730815,No-Synergy,16,0.5259021013,0.5259021013,0.0
anti_uav410,2,anti_uav410.load_2,AU-L02-W09,AU-L02-W09,730815,Random,13,0.5029851964,0.5047756507,-0.0017904544
anti_uav410,2,anti_uav410.load_2,AU-L02-W09,AU-L02-W09,730816,External-Auction,16,0.4940069694,0.4940069694,0.0
anti_uav410,2,anti_uav410.load_2,AU-L02-W09,AU-L02-W09,730816,Greedy,16,0.4940069694,0.4940069694,0.0
anti_uav410,2,anti_uav410.load_2,AU-L02-W09,AU-L02-W09,730816,No-Stability,16,0.4940069694,0.5297458275,-0.0357388581
anti_uav410,2,anti_uav410.load_2,AU-L02-W09,AU-L02-W09,730816,No-Synergy,16,0.4940069694,0.4940069694,0.0
anti_uav410,2,anti_uav410.load_2,AU-L02-W09,AU-L02-W09,730816,Random,14,0.5034808133,0.5367673302,-0.0332865169
anti_uav410,2,anti_uav410.load_2,AU-L02-W09,AU-L02-W09,730817,External-Auction,16,0.5187639946,0.5187639946,0.0
anti_uav410,2,anti_uav410.load_2,AU-L02-W09,AU-L02-W09,730817,Greedy,16,0.5187639946,0.5187639946,0.0
anti_uav410,2,anti_uav410.load_2,AU-L02-W09,AU-L02-W09,730817,No-Stability,16,0.5187639946,0.5374049289,-0.0186409343
anti_uav410,2,anti_uav410.load_2,AU-L02-W09,AU-L02-W09,730817,No-Synergy,16,0.5187639946,0.5187639946,0.0
anti_uav410,2,anti_uav410.load_2,AU-L02-W09,AU-L02-W09,730817,Random,10,0.5074508046,0.5269199837,-0.0194691792
anti_uav410,2,anti_uav410.load_2,AU-L02-W09,AU-L02-W09,730818,External-Auction,16,0.4824277334,0.4824277334,0.0
anti_uav410,2,anti_uav410.load_2,AU-L02-W09,AU-L02-W09,730818,Greedy,16,0.4824277334,0.4824277334,0.0
anti_uav410,2,anti_uav410.load_2,AU-L02-W09,AU-L02-W09,730818,No-Stability,16,0.4824277334,0.5051993067,-0.0227715733
anti_uav410,2,anti_uav410.load_2,AU-L02-W09,AU-L02-W09,730818,No-Synergy,16,0.4824277334,0.4824277334,0.0
anti_uav410,2,anti_uav410.load_2,AU-L02-W09,AU-L02-W09,730818,Random,14,0.4724115681,0.4962652996,-0.0238537316
anti_uav410,2,anti_uav410.load_2,AU-L02-W09,AU-L02-W09,730819,External-Auction,17,0.4717033833,0.4717033833,0.0
anti_uav410,2,anti_uav410.load_2,AU-L02-W09,AU-L02-W09,730819,Greedy,17,0.4717033833,0.4717033833,0.0
anti_uav410,2,anti_uav410.load_2,AU-L02-W09,AU-L02-W09,730819,No-Stability,17,0.4717033833,0.5009698965,-0.0292665132
anti_uav410,2,anti_uav410.load_2,AU-L02-W09,AU-L02-W09,730819,No-Synergy,17,0.4717033833,0.4717033833,0.0
anti_uav410,2,anti_uav410.load_2,AU-L02-W09,AU-L02-W09,730819,Random,13,0.4653309842,0.5030971416,-0.0377661574
anti_uav410,2,anti_uav410.load_2,AU-L02-W09,AU-L02-W09,730820,External-Auction,16,0.4961801833,0.4961801833,0.0
anti_uav410,2,anti_uav410.load_2,AU-L02-W09,AU-L02-W09,730820,Greedy,16,0.4961801833,0.4961801833,0.0
anti_uav410,2,anti_uav410.load_2,AU-L02-W09,AU-L02-W09,730820,No-Stability,16,0.4961801833,0.5187354749,-0.0225552917
anti_uav410,2,anti_uav410.load_2,AU-L02-W09,AU-L02-W09,730820,No-Synergy,16,0.4961801833,0.4961801833,0.0
anti_uav410,2,anti_uav410.load_2,AU-L02-W09,AU-L02-W09,730820,Random,13,0.520449508,0.5418869988,-0.0214374908
anti_uav410,2,anti_uav410.load_2,AU-L02-W09,AU-L02-W09,730821,External-Auction,16,0.4732439481,0.4732439481,0.0
anti_uav410,2,anti_uav410.load_2,AU-L02-W09,AU-L02-W09,730821,Greedy,16,0.4732439481,0.4732439481,0.0
anti_uav410,2,anti_uav410.load_2,AU-L02-W09,AU-L02-W09,730821,No-Stability,16,0.4732439481,0.5246149556,-0.0513710075
anti_uav410,2,anti_uav410.load_2,AU-L02-W09,AU-L02-W09,730821,No-Synergy,16,0.4732439481,0.4732439481,0.0
anti_uav410,2,anti_uav410.load_2,AU-L02-W09,AU-L02-W09,730821,Random,11,0.4554901977,0.5035291482,-0.0480389505
anti_uav410,2,anti_uav410.load_2,AU-L02-W09,AU-L02-W09,730822,External-Auction,16,0.500309359,0.500309359,0.0
anti_uav410,2,anti_uav410.load_2,AU-L02-W09,AU-L02-W09,730822,Greedy,16,0.500309359,0.500309359,0.0
anti_uav410,2,anti_uav410.load_2,AU-L02-W09,AU-L02-W09,730822,No-Stability,16,0.500309359,0.5233652268,-0.0230558679
anti_uav410,2,anti_uav410.load_2,AU-L02-W09,AU-L02-W09,730822,No-Synergy,16,0.500309359,0.500309359,0.0
anti_uav410,2,anti_uav410.load_2,AU-L02-W09,AU-L02-W09,730822,Random,9,0.5050692189,0.5511526682,-0.0460834493
anti_uav410,2,anti_uav410.load_2,AU-L02-W09,AU-L02-W09,730823,External-Auction,14,0.4747287052,0.4775367866,-0.0028080814
anti_uav410,2,anti_uav410.load_2,AU-L02-W09,AU-L02-W09,730823,Greedy,14,0.4747287052,0.4747287052,0.0
anti_uav410,2,anti_uav410.load_2,AU-L02-W09,AU-L02-W09,730823,No-Stability,14,0.4747287052,0.509825891,-0.0350971858
anti_uav410,2,anti_uav410.load_2,AU-L02-W09,AU-L02-W09,730823,No-Synergy,14,0.4747287052,0.4747287052,0.0
anti_uav410,2,anti_uav410.load_2,AU-L02-W09,AU-L02-W09,730823,Random,13,0.4760288066,0.5051640369,-0.0291352304
anti_uav410,2,anti_uav410.load_2,AU-L02-W09,AU-L02-W09,730824,External-Auction,17,0.5180109003,0.5180109003,0.0
anti_uav410,2,anti_uav410.load_2,AU-L02-W09,AU-L02-W09,730824,Greedy,17,0.5180109003,0.5180109003,0.0
anti_uav410,2,anti_uav410.load_2,AU-L02-W09,AU-L02-W09,730824,No-Stability,17,0.5180109003,0.5202005075,-0.0021896072
anti_uav410,2,anti_uav410.load_2,AU-L02-W09,AU-L02-W09,730824,No-Synergy,17,0.5180109003,0.5180109003,0.0
anti_uav410,2,anti_uav410.load_2,AU-L02-W09,AU-L02-W09,730824,Random,14,0.5059343294,0.5336394615,-0.0277051321
anti_uav410,2,anti_uav410.load_2,AU-L02-W09,AU-L02-W09,730825,External-Auction,17,0.5319394315,0.5319394315,0.0
anti_uav410,2,anti_uav410.load_2,AU-L02-W09,AU-L02-W09,730825,Greedy,17,0.5319394315,0.5319394315,0.0
anti_uav410,2,anti_uav410.load_2,AU-L02-W09,AU-L02-W09,730825,No-Stability,17,0.5319394315,0.5436329157,-0.0116934842
anti_uav410,2,anti_uav410.load_2,AU-L02-W09,AU-L02-W09,730825,No-Synergy,17,0.5319394315,0.5319394315,0.0
anti_uav410,2,anti_uav410.load_2,AU-L02-W09,AU-L02-W09,730825,Random,15,0.5265312257,0.538417993,-0.0118867673
anti_uav410,2,anti_uav410.load_2,AU-L02-W09,AU-L02-W09,730826,External-Auction,17,0.4836412008,0.4836412008,0.0
anti_uav410,2,anti_uav410.load_2,AU-L02-W09,AU-L02-W09,730826,Greedy,17,0.4836412008,0.4836412008,0.0
anti_uav410,2,anti_uav410.load_2,AU-L02-W09,AU-L02-W09,730826,No-Stability,17,0.4836412008,0.4946932559,-0.0110520551
anti_uav410,2,anti_uav410.load_2,AU-L02-W09,AU-L02-W09,730826,No-Synergy,17,0.4836412008,0.4836412008,0.0
anti_uav410,2,anti_uav410.load_2,AU-L02-W09,AU-L02-W09,730826,Random,14,0.4844149642,0.4958036948,-0.0113887306
anti_uav410,2,anti_uav410.load_2,AU-L02-W09,AU-L02-W09,730827,External-Auction,16,0.5199204162,0.5199204162,0.0
anti_uav410,2,anti_uav410.load_2,AU-L02-W09,AU-L02-W09,730827,Greedy,16,0.5199204162,0.5199204162,0.0
anti_uav410,2,anti_uav410.load_2,AU-L02-W09,AU-L02-W09,730827,No-Stability,16,0.5199204162,0.5377247786,-0.0178043624
anti_uav410,2,anti_uav410.load_2,AU-L02-W09,AU-L02-W09,730827,No-Synergy,16,0.5199204162,0.5199204162,0.0
anti_uav410,2,anti_uav410.load_2,AU-L02-W09,AU-L02-W09,730827,Random,11,0.5157609026,0.5464115769,-0.0306506742
anti_uav410,2,anti_uav410.load_2,AU-L02-W09,AU-L02-W09,730828,External-Auction,17,0.4970065904,0.4970065904,0.0
anti_uav410,2,anti_uav410.load_2,AU-L02-W09,AU-L02-W09,730828,Greedy,17,0.4970065904,0.4970065904,0.0
anti_uav410,2,anti_uav410.load_2,AU-L02-W09,AU-L02-W09,730828,No-Stability,17,0.4970065904,0.529382787,-0.0323761966
anti_uav410,2,anti_uav410.load_2,AU-L02-W09,AU-L02-W09,730828,No-Synergy,17,0.4970065904,0.4970065904,0.0
anti_uav410,2,anti_uav410.load_2,AU-L02-W09,AU-L02-W09,730828,Random,11,0.5078052054,0.5358382992,-0.0280330939
anti_uav410,2,anti_uav410.load_2,AU-L02-W09,AU-L02-W09,730829,External-Auction,17,0.4896231993,0.4896231993,0.0
anti_uav410,2,anti_uav410.load_2,AU-L02-W09,AU-L02-W09,730829,Greedy,17,0.4896231993,0.4896231993,0.0
anti_uav410,2,anti_uav410.load_2,AU-L02-W09,AU-L02-W09,730829,No-Stability,17,0.4896231993,0.5068714348,-0.0172482356
anti_uav410,2,anti_uav410.load_2,AU-L02-W09,AU-L02-W09,730829,No-Synergy,17,0.4896231993,0.4896231993,0.0
anti_uav410,2,anti_uav410.load_2,AU-L02-W09,AU-L02-W09,730829,Random,15,0.4771000716,0.4954701505,-0.0183700789
anti_uav410,2,anti_uav410.load_2,AU-L02-W10,AU-L02-W10,730900,External-Auction,12,0.4455702314,0.4455702314,0.0
anti_uav410,2,anti_uav410.load_2,AU-L02-W10,AU-L02-W10,730900,Greedy,12,0.4455702314,0.4455702314,0.0
anti_uav410,2,anti_uav410.load_2,AU-L02-W10,AU-L02-W10,730900,No-Stability,12,0.4455702314,0.4918405173,-0.0462702858
anti_uav410,2,anti_uav410.load_2,AU-L02-W10,AU-L02-W10,730900,No-Synergy,12,0.4455702314,0.4455702314,0.0
anti_uav410,2,anti_uav410.load_2,AU-L02-W10,AU-L02-W10,730900,Random,8,0.433310719,0.4774446079,-0.0441338889
anti_uav410,2,anti_uav410.load_2,AU-L02-W10,AU-L02-W10,730901,External-Auction,12,0.4657954378,0.4657954378,0.0
anti_uav410,2,anti_uav410.load_2,AU-L02-W10,AU-L02-W10,730901,Greedy,12,0.4657954378,0.4657954378,0.0
anti_uav410,2,anti_uav410.load_2,AU-L02-W10,AU-L02-W10,730901,No-Stability,12,0.4657954378,0.4865797711,-0.0207843333
anti_uav410,2,anti_uav410.load_2,AU-L02-W10,AU-L02-W10,730901,No-Synergy,12,0.4657954378,0.4657954378,0.0
anti_uav410,2,anti_uav410.load_2,AU-L02-W10,AU-L02-W10,730901,Random,10,0.465682053,0.4605639058,0.0051181472
anti_uav410,2,anti_uav410.load_2,AU-L02-W10,AU-L02-W10,730902,External-Auction,12,0.4282837772,0.4260828065,0.0022009708
anti_uav410,2,anti_uav410.load_2,AU-L02-W10,AU-L02-W10,730902,Greedy,12,0.4282837772,0.4260828065,0.0022009708
anti_uav410,2,anti_uav410.load_2,AU-L02-W10,AU-L02-W10,730902,No-Stability,12,0.4282837772,0.4678639274,-0.0395801502
anti_uav410,2,anti_uav410.load_2,AU-L02-W10,AU-L02-W10,730902,No-Synergy,12,0.4282837772,0.4282837772,0.0
anti_uav410,2,anti_uav410.load_2,AU-L02-W10,AU-L02-W10,730902,Random,12,0.4282837772,0.481542066,-0.0532582888
anti_uav410,2,anti_uav410.load_2,AU-L02-W10,AU-L02-W10,730903,External-Auction,12,0.4672697009,0.470149342,-0.002879641
anti_uav410,2,anti_uav410.load_2,AU-L02-W10,AU-L02-W10,730903,Greedy,12,0.4672697009,0.470149342,-0.002879641
anti_uav410,2,anti_uav410.load_2,AU-L02-W10,AU-L02-W10,730903,No-Stability,12,0.4672697009,0.4856168175,-0.0183471166
anti_uav410,2,anti_uav410.load_2,AU-L02-W10,AU-L02-W10,730903,No-Synergy,12,0.4672697009,0.4672697009,0.0
anti_uav410,2,anti_uav410.load_2,AU-L02-W10,AU-L02-W10,730903,Random,10,0.4687796548,0.4850336499,-0.0162539952
anti_uav410,2,anti_uav410.load_2,AU-L02-W10,AU-L02-W10,730904,External-Auction,12,0.4283233618,0.4409695006,-0.0126461388
anti_uav410,2,anti_uav410.load_2,AU-L02-W10,AU-L02-W10,730904,Greedy,12,0.4283233618,0.4409695006,-0.0126461388
anti_uav410,2,anti_uav410.load_2,AU-L02-W10,AU-L02-W10,730904,No-Stability,12,0.4283233618,0.4845454663,-0.0562221045
anti_uav410,2,anti_uav410.load_2,AU-L02-W10,AU-L02-W10,730904,No-Synergy,12,0.4283233618,0.4283233618,0.0
anti_uav410,2,anti_uav410.load_2,AU-L02-W10,AU-L02-W10,730904,Random,10,0.4198032698,0.4502658547,-0.0304625849
anti_uav410,2,anti_uav410.load_2,AU-L02-W10,AU-L02-W10,730905,External-Auction,12,0.4489651816,0.4489651816,0.0
anti_uav410,2,anti_uav410.load_2,AU-L02-W10,AU-L02-W10,730905,Greedy,12,0.4489651816,0.4489651816,0.0
anti_uav410,2,anti_uav410.load_2,AU-L02-W10,AU-L02-W10,730905,No-Stability,12,0.4489651816,0.4819531135,-0.0329879319
anti_uav410,2,anti_uav410.load_2,AU-L02-W10,AU-L02-W10,730905,No-Synergy,12,0.4489651816,0.4489651816,0.0
anti_uav410,2,anti_uav410.load_2,AU-L02-W10,AU-L02-W10,730905,Random,8,0.452924511,0.4821056499,-0.029181139
anti_uav410,2,anti_uav410.load_2,AU-L02-W10,AU-L02-W10,730906,External-Auction,12,0.4447814709,0.4447814709,0.0
anti_uav410,2,anti_uav410.load_2,AU-L02-W10,AU-L02-W10,730906,Greedy,12,0.4447814709,0.4447814709,0.0
anti_uav410,2,anti_uav410.load_2,AU-L02-W10,AU-L02-W10,730906,No-Stability,12,0.4447814709,0.4761391058,-0.0313576349
anti_uav410,2,anti_uav410.load_2,AU-L02-W10,AU-L02-W10,730906,No-Synergy,12,0.4447814709,0.4447814709,0.0
anti_uav410,2,anti_uav410.load_2,AU-L02-W10,AU-L02-W10,730906,Random,9,0.4590252001,0.4891697987,-0.0301445986
anti_uav410,2,anti_uav410.load_2,AU-L02-W10,AU-L02-W10,730907,External-Auction,12,0.4557064847,0.4557064847,0.0
anti_uav410,2,anti_uav410.load_2,AU-L02-W10,AU-L02-W10,730907,Greedy,12,0.4557064847,0.4557064847,0.0
anti_uav410,2,anti_uav410.load_2,AU-L02-W10,AU-L02-W10,730907,No-Stability,12,0.4557064847,0.4903572856,-0.0346508009
anti_uav410,2,anti_uav410.load_2,AU-L02-W10,AU-L02-W10,730907,No-Synergy,12,0.4557064847,0.4557064847,0.0
anti_uav410,2,anti_uav410.load_2,AU-L02-W10,AU-L02-W10,730907,Random,9,0.457783705,0.4887050879,-0.0309213829
anti_uav410,2,anti_uav410.load_2,AU-L02-W10,AU-L02-W10,730908,External-Auction,12,0.4440172291,0.4440172291,0.0
anti_uav410,2,anti_uav410.load_2,AU-L02-W10,AU-L02-W10,730908,Greedy,12,0.4440172291,0.4440172291,0.0
anti_uav410,2,anti_uav410.load_2,AU-L02-W10,AU-L02-W10,730908,No-Stability,12,0.4440172291,0.4633028476,-0.0192856185
anti_uav410,2,anti_uav410.load_2,AU-L02-W10,AU-L02-W10,730908,No-Synergy,12,0.4440172291,0.4440172291,0.0
anti_uav410,2,anti_uav410.load_2,AU-L02-W10,AU-L02-W10,730908,Random,12,0.4440172291,0.4580236435,-0.0140064144
anti_uav410,2,anti_uav410.load_2,AU-L02-W10,AU-L02-W10,730909,External-Auction,12,0.4445383025,0.4335955781,0.0109427244
anti_uav410,2,anti_uav410.load_2,AU-L02-W10,AU-L02-W10,730909,Greedy,12,0.4445383025,0.4335955781,0.0109427244
anti_uav410,2,anti_uav410.load_2,AU-L02-W10,AU-L02-W10,730909,No-Stability,12,0.4445383025,0.4634525128,-0.0189142103
anti_uav410,2,anti_uav410.load_2,AU-L02-W10,AU-L02-W10,730909,No-Synergy,12,0.4445383025,0.4445383025,0.0
anti_uav410,2,anti_uav410.load_2,AU-L02-W10,AU-L02-W10,730909,Random,8,0.4457493913,0.475122858,-0.0293734667
anti_uav410,2,anti_uav410.load_2,AU-L02-W10,AU-L02-W10,730910,External-Auction,12,0.455187845,0.4502696002,0.0049182449
anti_uav410,2,anti_uav410.load_2,AU-L02-W10,AU-L02-W10,730910,Greedy,12,0.455187845,0.4694925756,-0.0143047305
anti_uav410,2,anti_uav410.load_2,AU-L02-W10,AU-L02-W10,730910,No-Stability,12,0.455187845,0.4799698035,-0.0247819585
anti_uav410,2,anti_uav410.load_2,AU-L02-W10,AU-L02-W10,730910,No-Synergy,12,0.455187845,0.455187845,0.0
anti_uav410,2,anti_uav410.load_2,AU-L02-W10,AU-L02-W10,730910,Random,7,0.4534409836,0.4584773269,-0.0050363433
anti_uav410,2,anti_uav410.load_2,AU-L02-W10,AU-L02-W10,730911,External-Auction,12,0.4537541214,0.4727112183,-0.0189570969
anti_uav410,2,anti_uav410.load_2,AU-L02-W10,AU-L02-W10,730911,Greedy,12,0.4537541214,0.4727112183,-0.0189570969
anti_uav410,2,anti_uav410.load_2,AU-L02-W10,AU-L02-W10,730911,No-Stability,12,0.4537541214,0.4840564921,-0.0303023708
anti_uav410,2,anti_uav410.load_2,AU-L02-W10,AU-L02-W10,730911,No-Synergy,12,0.4537541214,0.4537541214,0.0
anti_uav410,2,anti_uav410.load_2,AU-L02-W10,AU-L02-W10,730911,Random,10,0.45673761,0.4708421367,-0.0141045267
anti_uav410,2,anti_uav410.load_2,AU-L02-W10,AU-L02-W10,730912,External-Auction,12,0.4820100999,0.4820100999,0.0
anti_uav410,2,anti_uav410.load_2,AU-L02-W10,AU-L02-W10,730912,Greedy,12,0.4820100999,0.4820100999,0.0
anti_uav410,2,anti_uav410.load_2,AU-L02-W10,AU-L02-W10,730912,No-Stability,12,0.4820100999,0.5002207074,-0.0182106075
anti_uav410,2,anti_uav410.load_2,AU-L02-W10,AU-L02-W10,730912,No-Synergy,12,0.4820100999,0.4820100999,0.0
anti_uav410,2,anti_uav410.load_2,AU-L02-W10,AU-L02-W10,730912,Random,10,0.4796839484,0.4847221491,-0.0050382007
anti_uav410,2,anti_uav410.load_2,AU-L02-W10,AU-L02-W10,730913,External-Auction,12,0.4502053234,0.4502053234,0.0
anti_uav410,2,anti_uav410.load_2,AU-L02-W10,AU-L02-W10,730913,Greedy,12,0.4502053234,0.4502053234,0.0
anti_uav410,2,anti_uav410.load_2,AU-L02-W10,AU-L02-W10,730913,No-Stability,12,0.4502053234,0.4878943288,-0.0376890054
anti_uav410,2,anti_uav410.load_2,AU-L02-W10,AU-L02-W10,730913,No-Synergy,12,0.4502053234,0.4502053234,0.0
anti_uav410,2,anti_uav410.load_2,AU-L02-W10,AU-L02-W10,730913,Random,10,0.4455458623,0.4706291684,-0.0250833061
anti_uav410,2,anti_uav410.load_2,AU-L02-W10,AU-L02-W10,730914,External-Auction,12,0.484312258,0.4858853244,-0.0015730664
anti_uav410,2,anti_uav410.load_2,AU-L02-W10,AU-L02-W10,730914,Greedy,12,0.484312258,0.4858853244,-0.0015730664
anti_uav410,2,anti_uav410.load_2,AU-L02-W10,AU-L02-W10,730914,No-Stability,12,0.484312258,0.4880327217,-0.0037204637
anti_uav410,2,anti_uav410.load_2,AU-L02-W10,AU-L02-W10,730914,No-Synergy,12,0.484312258,0.484312258,0.0
anti_uav410,2,anti_uav410.load_2,AU-L02-W10,AU-L02-W10,730914,Random,10,0.4867118612,0.4903768922,-0.0036650311
anti_uav410,2,anti_uav410.load_2,AU-L02-W10,AU-L02-W10,730915,External-Auction,12,0.4572950637,0.4480755158,0.009219548
anti_uav410,2,anti_uav410.load_2,AU-L02-W10,AU-L02-W10,730915,Greedy,12,0.4572950637,0.4480755158,0.009219548
anti_uav410,2,anti_uav410.load_2,AU-L02-W10,AU-L02-W10,730915,No-Stability,12,0.4572950637,0.4833264602,-0.0260313965
anti_uav410,2,anti_uav410.load_2,AU-L02-W10,AU-L02-W10,730915,No-Synergy,12,0.4572950637,0.4572950637,0.0
anti_uav410,2,anti_uav410.load_2,AU-L02-W10,AU-L02-W10,730915,Random,9,0.4479650741,0.4632610238,-0.0152959497
anti_uav410,2,anti_uav410.load_2,AU-L02-W10,AU-L02-W10,730916,External-Auction,12,0.4336900103,0.4526636955,-0.0189736852
anti_uav410,2,anti_uav410.load_2,AU-L02-W10,AU-L02-W10,730916,Greedy,12,0.4336900103,0.4336900103,0.0
anti_uav410,2,anti_uav410.load_2,AU-L02-W10,AU-L02-W10,730916,No-Stability,12,0.4336900103,0.4861603856,-0.0524703752
anti_uav410,2,anti_uav410.load_2,AU-L02-W10,AU-L02-W10,730916,No-Synergy,12,0.4336900103,0.4336900103,0.0
anti_uav410,2,anti_uav410.load_2,AU-L02-W10,AU-L02-W10,730916,Random,9,0.4244911644,0.4477968436,-0.0233056792
anti_uav410,2,anti_uav410.load_2,AU-L02-W10,AU-L02-W10,730917,External-Auction,12,0.4576000883,0.4576000883,0.0
anti_uav410,2,anti_uav410.load_2,AU-L02-W10,AU-L02-W10,730917,Greedy,12,0.4576000883,0.4576000883,0.0
anti_uav410,2,anti_uav410.load_2,AU-L02-W10,AU-L02-W10,730917,No-Stability,12,0.4576000883,0.474166133,-0.0165660447
anti_uav410,2,anti_uav410.load_2,AU-L02-W10,AU-L02-W10,730917,No-Synergy,12,0.4576000883,0.4576000883,0.0
anti_uav410,2,anti_uav410.load_2,AU-L02-W10,AU-L02-W10,730917,Random,9,0.4552735522,0.4680843456,-0.0128107933
anti_uav410,2,anti_uav410.load_2,AU-L02-W10,AU-L02-W10,730918,External-Auction,12,0.4338703212,0.4338703212,0.0
anti_uav410,2,anti_uav410.load_2,AU-L02-W10,AU-L02-W10,730918,Greedy,12,0.4338703212,0.4338703212,0.0
anti_uav410,2,anti_uav410.load_2,AU-L02-W10,AU-L02-W10,730918,No-Stability,12,0.4338703212,0.485311129,-0.0514408078
anti_uav410,2,anti_uav410.load_2,AU-L02-W10,AU-L02-W10,730918,No-Synergy,12,0.4338703212,0.4338703212,0.0
anti_uav410,2,anti_uav410.load_2,AU-L02-W10,AU-L02-W10,730918,Random,9,0.4318728834,0.4673284631,-0.0354555797
anti_uav410,2,anti_uav410.load_2,AU-L02-W10,AU-L02-W10,730919,External-Auction,12,0.4395522062,0.4395522062,0.0
anti_uav410,2,anti_uav410.load_2,AU-L02-W10,AU-L02-W10,730919,Greedy,12,0.4395522062,0.4395522062,0.0
anti_uav410,2,anti_uav410.load_2,AU-L02-W10,AU-L02-W10,730919,No-Stability,12,0.4395522062,0.4684588303,-0.0289066241
anti_uav410,2,anti_uav410.load_2,AU-L02-W10,AU-L02-W10,730919,No-Synergy,12,0.4395522062,0.4395522062,0.0
anti_uav410,2,anti_uav410.load_2,AU-L02-W10,AU-L02-W10,730919,Random,7,0.4321557767,0.4578363201,-0.0256805434
anti_uav410,2,anti_uav410.load_2,AU-L02-W10,AU-L02-W10,730920,External-Auction,12,0.4420178063,0.4492512244,-0.0072334181
anti_uav410,2,anti_uav410.load_2,AU-L02-W10,AU-L02-W10,730920,Greedy,12,0.4420178063,0.4492512244,-0.0072334181
anti_uav410,2,anti_uav410.load_2,AU-L02-W10,AU-L02-W10,730920,No-Stability,12,0.4420178063,0.4530658321,-0.0110480259
anti_uav410,2,anti_uav410.load_2,AU-L02-W10,AU-L02-W10,730920,No-Synergy,12,0.4420178063,0.4420178063,0.0
anti_uav410,2,anti_uav410.load_2,AU-L02-W10,AU-L02-W10,730920,Random,11,0.4451621423,0.4700429384,-0.0248807961
anti_uav410,2,anti_uav410.load_2,AU-L02-W10,AU-L02-W10,730921,External-Auction,12,0.451283927,0.4525393631,-0.0012554361
anti_uav410,2,anti_uav410.load_2,AU-L02-W10,AU-L02-W10,730921,Greedy,12,0.451283927,0.4525393631,-0.0012554361
anti_uav410,2,anti_uav410.load_2,AU-L02-W10,AU-L02-W10,730921,No-Stability,12,0.451283927,0.4762493509,-0.0249654239
anti_uav410,2,anti_uav410.load_2,AU-L02-W10,AU-L02-W10,730921,No-Synergy,12,0.451283927,0.451283927,0.0
anti_uav410,2,anti_uav410.load_2,AU-L02-W10,AU-L02-W10,730921,Random,9,0.4544521679,0.4790272964,-0.0245751285
anti_uav410,2,anti_uav410.load_2,AU-L02-W10,AU-L02-W10,730922,External-Auction,12,0.443821365,0.443821365,0.0
anti_uav410,2,anti_uav410.load_2,AU-L02-W10,AU-L02-W10,730922,Greedy,12,0.443821365,0.443821365,0.0
anti_uav410,2,anti_uav410.load_2,AU-L02-W10,AU-L02-W10,730922,No-Stability,12,0.443821365,0.465760932,-0.0219395669
anti_uav410,2,anti_uav410.load_2,AU-L02-W10,AU-L02-W10,730922,No-Synergy,12,0.443821365,0.443821365,0.0
anti_uav410,2,anti_uav410.load_2,AU-L02-W10,AU-L02-W10,730922,Random,8,0.4517306071,0.4811637684,-0.0294331613
anti_uav410,2,anti_uav410.load_2,AU-L02-W10,AU-L02-W10,730923,External-Auction,12,0.4815567666,0.4815567666,0.0
anti_uav410,2,anti_uav410.load_2,AU-L02-W10,AU-L02-W10,730923,Greedy,12,0.4815567666,0.4815567666,0.0
anti_uav410,2,anti_uav410.load_2,AU-L02-W10,AU-L02-W10,730923,No-Stability,12,0.4815567666,0.4914902631,-0.0099334965
anti_uav410,2,anti_uav410.load_2,AU-L02-W10,AU-L02-W10,730923,No-Synergy,12,0.4815567666,0.4815567666,0.0
anti_uav410,2,anti_uav410.load_2,AU-L02-W10,AU-L02-W10,730923,Random,7,0.4789077024,0.4909316317,-0.0120239293
anti_uav410,2,anti_uav410.load_2,AU-L02-W10,AU-L02-W10,730924,External-Auction,12,0.439343378,0.4490377425,-0.0096943645
anti_uav410,2,anti_uav410.load_2,AU-L02-W10,AU-L02-W10,730924,Greedy,12,0.439343378,0.4490377425,-0.0096943645
anti_uav410,2,anti_uav410.load_2,AU-L02-W10,AU-L02-W10,730924,No-Stability,12,0.439343378,0.4652971797,-0.0259538017
anti_uav410,2,anti_uav410.load_2,AU-L02-W10,AU-L02-W10,730924,No-Synergy,12,0.439343378,0.439343378,0.0
anti_uav410,2,anti_uav410.load_2,AU-L02-W10,AU-L02-W10,730924,Random,11,0.4435388429,0.4714255547,-0.0278867117
anti_uav410,2,anti_uav410.load_2,AU-L02-W10,AU-L02-W10,730925,External-Auction,12,0.4756487677,0.4756487677,0.0
anti_uav410,2,anti_uav410.load_2,AU-L02-W10,AU-L02-W10,730925,Greedy,12,0.4756487677,0.4756487677,0.0
anti_uav410,2,anti_uav410.load_2,AU-L02-W10,AU-L02-W10,730925,No-Stability,12,0.4756487677,0.4759353739,-0.0002866062
anti_uav410,2,anti_uav410.load_2,AU-L02-W10,AU-L02-W10,730925,No-Synergy,12,0.4756487677,0.4756487677,0.0
anti_uav410,2,anti_uav410.load_2,AU-L02-W10,AU-L02-W10,730925,Random,10,0.4857440649,0.4850660576,0.0006780073
anti_uav410,2,anti_uav410.load_2,AU-L02-W10,AU-L02-W10,730926,External-Auction,12,0.4468927817,0.4476908566,-0.0007980749
anti_uav410,2,anti_uav410.load_2,AU-L02-W10,AU-L02-W10,730926,Greedy,12,0.4468927817,0.4476908566,-0.0007980749
anti_uav410,2,anti_uav410.load_2,AU-L02-W10,AU-L02-W10,730926,No-Stability,12,0.4468927817,0.4681150292,-0.0212222474
anti_uav410,2,anti_uav410.load_2,AU-L02-W10,AU-L02-W10,730926,No-Synergy,12,0.4468927817,0.4468927817,0.0
anti_uav410,2,anti_uav410.load_2,AU-L02-W10,AU-L02-W10,730926,Random,12,0.4468927817,0.4866102321,-0.0397174503
anti_uav410,2,anti_uav410.load_2,AU-L02-W10,AU-L02-W10,730927,External-Auction,12,0.4477936153,0.4595117472,-0.0117181319
anti_uav410,2,anti_uav410.load_2,AU-L02-W10,AU-L02-W10,730927,Greedy,12,0.4477936153,0.4595117472,-0.0117181319
anti_uav410,2,anti_uav410.load_2,AU-L02-W10,AU-L02-W10,730927,No-Stability,12,0.4477936153,0.4992671212,-0.0514735059
anti_uav410,2,anti_uav410.load_2,AU-L02-W10,AU-L02-W10,730927,No-Synergy,12,0.4477936153,0.4477936153,0.0
anti_uav410,2,anti_uav410.load_2,AU-L02-W10,AU-L02-W10,730927,Random,8,0.447560201,0.4910444913,-0.0434842903
anti_uav410,2,anti_uav410.load_2,AU-L02-W10,AU-L02-W10,730928,External-Auction,12,0.4721117718,0.4721117718,0.0
anti_uav410,2,anti_uav410.load_2,AU-L02-W10,AU-L02-W10,730928,Greedy,12,0.4721117718,0.4721117718,0.0
anti_uav410,2,anti_uav410.load_2,AU-L02-W10,AU-L02-W10,730928,No-Stability,12,0.4721117718,0.4830932593,-0.0109814875
anti_uav410,2,anti_uav410.load_2,AU-L02-W10,AU-L02-W10,730928,No-Synergy,12,0.4721117718,0.4721117718,0.0
anti_uav410,2,anti_uav410.load_2,AU-L02-W10,AU-L02-W10,730928,Random,7,0.4855252923,0.4955996965,-0.0100744042
anti_uav410,2,anti_uav410.load_2,AU-L02-W10,AU-L02-W10,730929,External-Auction,12,0.4424150303,0.4498859289,-0.0074708986
anti_uav410,2,anti_uav410.load_2,AU-L02-W10,AU-L02-W10,730929,Greedy,12,0.4424150303,0.4424150303,0.0
anti_uav410,2,anti_uav410.load_2,AU-L02-W10,AU-L02-W10,730929,No-Stability,12,0.4424150303,0.4563517502,-0.0139367199
anti_uav410,2,anti_uav410.load_2,AU-L02-W10,AU-L02-W10,730929,No-Synergy,12,0.4424150303,0.4424150303,0.0
anti_uav410,2,anti_uav410.load_2,AU-L02-W10,AU-L02-W10,730929,Random,6,0.4617301709,0.4802044676,-0.0184742967
anti_uav410,4,anti_uav410.load_4,AU-L04-W01,AU-L04-W01,731000,External-Auction,31,0.4602635096,0.4762148509,-0.0159513413
anti_uav410,4,anti_uav410.load_4,AU-L04-W01,AU-L04-W01,731000,Greedy,31,0.4602635096,0.4616677855,-0.0014042759
anti_uav410,4,anti_uav410.load_4,AU-L04-W01,AU-L04-W01,731000,No-Stability,31,0.4602635096,0.4939131783,-0.0336496687
anti_uav410,4,anti_uav410.load_4,AU-L04-W01,AU-L04-W01,731000,No-Synergy,31,0.4602635096,0.4602635096,0.0
anti_uav410,4,anti_uav410.load_4,AU-L04-W01,AU-L04-W01,731000,Random,25,0.4645347186,0.4756139381,-0.0110792194
anti_uav410,4,anti_uav410.load_4,AU-L04-W01,AU-L04-W01,731001,External-Auction,29,0.4144770203,0.417362567,-0.0028855467
anti_uav410,4,anti_uav410.load_4,AU-L04-W01,AU-L04-W01,731001,Greedy,30,0.4204993039,0.4168628131,0.0036364908
anti_uav410,4,anti_uav410.load_4,AU-L04-W01,AU-L04-W01,731001,No-Stability,31,0.4253545956,0.4519159272,-0.0265613316
anti_uav410,4,anti_uav410.load_4,AU-L04-W01,AU-L04-W01,731001,No-Synergy,31,0.4253545956,0.4253545956,0.0
anti_uav410,4,anti_uav410.load_4,AU-L04-W01,AU-L04-W01,731001,Random,22,0.4326839704,0.4400745204,-0.00739055
anti_uav410,4,anti_uav410.load_4,AU-L04-W01,AU-L04-W01,731002,External-Auction,29,0.4378421455,0.4441638529,-0.0063217074
anti_uav410,4,anti_uav410.load_4,AU-L04-W01,AU-L04-W01,731002,Greedy,30,0.4431645258,0.4424647472,0.0006997786
anti_uav410,4,anti_uav410.load_4,AU-L04-W01,AU-L04-W01,731002,No-Stability,30,0.4431645258,0.4625648418,-0.0194003159
anti_uav410,4,anti_uav410.load_4,AU-L04-W01,AU-L04-W01,731002,No-Synergy,30,0.4431645258,0.4431645258,0.0
anti_uav410,4,anti_uav410.load_4,AU-L04-W01,AU-L04-W01,731002,Random,21,0.4793625768,0.4886292518,-0.009266675
anti_uav410,4,anti_uav410.load_4,AU-L04-W01,AU-L04-W01,731003,External-Auction,28,0.436890939,0.4461524577,-0.0092615187
anti_uav410,4,anti_uav410.load_4,AU-L04-W01,AU-L04-W01,731003,Greedy,31,0.4493740647,0.4493740647,0.0
anti_uav410,4,anti_uav410.load_4,AU-L04-W01,AU-L04-W01,731003,No-Stability,31,0.4493740647,0.4805717042,-0.0311976395
anti_uav410,4,anti_uav410.load_4,AU-L04-W01,AU-L04-W01,731003,No-Synergy,31,0.4493740647,0.4493740647,0.0
anti_uav410,4,anti_uav410.load_4,AU-L04-W01,AU-L04-W01,731003,Random,21,0.3990937188,0.417790005,-0.0186962862
anti_uav410,4,anti_uav410.load_4,AU-L04-W01,AU-L04-W01,731004,External-Auction,31,0.4331773156,0.4331773156,0.0
anti_uav410,4,anti_uav410.load_4,AU-L04-W01,AU-L04-W01,731004,Greedy,30,0.4328822262,0.4361281561,-0.0032459299
anti_uav410,4,anti_uav410.load_4,AU-L04-W01,AU-L04-W01,731004,No-Stability,31,0.4331773156,0.4559252619,-0.0227479462
anti_uav410,4,anti_uav410.load_4,AU-L04-W01,AU-L04-W01,731004,No-Synergy,31,0.4331773156,0.4331773156,0.0
anti_uav410,4,anti_uav410.load_4,AU-L04-W01,AU-L04-W01,731004,Random,22,0.426545696,0.4370501476,-0.0105044516
anti_uav410,4,anti_uav410.load_4,AU-L04-W01,AU-L04-W01,731005,External-Auction,28,0.4299979192,0.4269961971,0.0030017221
anti_uav410,4,anti_uav410.load_4,AU-L04-W01,AU-L04-W01,731005,Greedy,28,0.4299979192,0.4342299235,-0.0042320043
anti_uav410,4,anti_uav410.load_4,AU-L04-W01,AU-L04-W01,731005,No-Stability,28,0.4299979192,0.4584875959,-0.0284896768
anti_uav410,4,anti_uav410.load_4,AU-L04-W01,AU-L04-W01,731005,No-Synergy,28,0.4299979192,0.4159920237,0.0140058955
anti_uav410,4,anti_uav410.load_4,AU-L04-W01,AU-L04-W01,731005,Random,18,0.3971592887,0.3933644846,0.0037948041
anti_uav410,4,anti_uav410.load_4,AU-L04-W01,AU-L04-W01,731006,External-Auction,27,0.4205084136,0.4350448726,-0.014536459
anti_uav410,4,anti_uav410.load_4,AU-L04-W01,AU-L04-W01,731006,Greedy,30,0.4272403448,0.4272403448,0.0
anti_uav410,4,anti_uav410.load_4,AU-L04-W01,AU-L04-W01,731006,No-Stability,30,0.4272403448,0.4660888982,-0.0388485534
anti_uav410,4,anti_uav410.load_4,AU-L04-W01,AU-L04-W01,731006,No-Synergy,30,0.4272403448,0.4272403448,0.0
anti_uav410,4,anti_uav410.load_4,AU-L04-W01,AU-L04-W01,731006,Random,24,0.4061396347,0.4275702591,-0.0214306244
anti_uav410,4,anti_uav410.load_4,AU-L04-W01,AU-L04-W01,731007,External-Auction,31,0.4344847081,0.4420264357,-0.0075417276
anti_uav410,4,anti_uav410.load_4,AU-L04-W01,AU-L04-W01,731007,Greedy,31,0.4344847081,0.4344847081,0.0
anti_uav410,4,anti_uav410.load_4,AU-L04-W01,AU-L04-W01,731007,No-Stability,31,0.4344847081,0.4575020233,-0.0230173152
anti_uav410,4,anti_uav410.load_4,AU-L04-W01,AU-L04-W01,731007,No-Synergy,31,0.4344847081,0.4335363701,0.000948338
anti_uav410,4,anti_uav410.load_4,AU-L04-W01,AU-L04-W01,731007,Random,20,0.4174993698,0.4290895111,-0.0115901413
anti_uav410,4,anti_uav410.load_4,AU-L04-W01,AU-L04-W01,731008,External-Auction,29,0.4483627318,0.4482269371,0.0001357947
anti_uav410,4,anti_uav410.load_4,AU-L04-W01,AU-L04-W01,731008,Greedy,29,0.4483627318,0.4484616001,-9.88683e-05
anti_uav410,4,anti_uav410.load_4,AU-L04-W01,AU-L04-W01,731008,No-Stability,29,0.4483627318,0.4701521205,-0.0217893887
anti_uav410,4,anti_uav410.load_4,AU-L04-W01,AU-L04-W01,731008,No-Synergy,29,0.4483627318,0.4436082894,0.0047544424
anti_uav410,4,anti_uav410.load_4,AU-L04-W01,AU-L04-W01,731008,Random,23,0.4417754418,0.4555786671,-0.0138032253
anti_uav410,4,anti_uav410.load_4,AU-L04-W01,AU-L04-W01,731009,External-Auction,29,0.4322227977,0.4320284597,0.000194338
anti_uav410,4,anti_uav410.load_4,AU-L04-W01,AU-L04-W01,731009,Greedy,30,0.4363899965,0.4363899965,0.0
anti_uav410,4,anti_uav410.load_4,AU-L04-W01,AU-L04-W01,731009,No-Stability,30,0.4363899965,0.4494045927,-0.0130145962
anti_uav410,4,anti_uav410.load_4,AU-L04-W01,AU-L04-W01,731009,No-Synergy,30,0.4363899965,0.4363899965,0.0
anti_uav410,4,anti_uav410.load_4,AU-L04-W01,AU-L04-W01,731009,Random,21,0.4358075029,0.4554241903,-0.0196166874
anti_uav410,4,anti_uav410.load_4,AU-L04-W01,AU-L04-W01,731010,External-Auction,31,0.4165529607,0.4165529607,0.0
anti_uav410,4,anti_uav410.load_4,AU-L04-W01,AU-L04-W01,731010,Greedy,31,0.4165529607,0.4165529607,0.0
anti_uav410,4,anti_uav410.load_4,AU-L04-W01,AU-L04-W01,731010,No-Stability,31,0.4165529607,0.4414987408,-0.0249457801
anti_uav410,4,anti_uav410.load_4,AU-L04-W01,AU-L04-W01,731010,No-Synergy,31,0.4165529607,0.4165529607,0.0
anti_uav410,4,anti_uav410.load_4,AU-L04-W01,AU-L04-W01,731010,Random,23,0.4018870574,0.4152909383,-0.0134038809
anti_uav410,4,anti_uav410.load_4,AU-L04-W01,AU-L04-W01,731011,External-Auction,29,0.4342177205,0.4396261538,-0.0054084334
anti_uav410,4,anti_uav410.load_4,AU-L04-W01,AU-L04-W01,731011,Greedy,30,0.4393021625,0.4437565752,-0.0044544127
anti_uav410,4,anti_uav410.load_4,AU-L04-W01,AU-L04-W01,731011,No-Stability,30,0.4393021625,0.4716124762,-0.0323103137
anti_uav410,4,anti_uav410.load_4,AU-L04-W01,AU-L04-W01,731011,No-Synergy,30,0.4393021625,0.4393021625,0.0
anti_uav410,4,anti_uav410.load_4,AU-L04-W01,AU-L04-W01,731011,Random,21,0.4471895266,0.4649895811,-0.0178000545
anti_uav410,4,anti_uav410.load_4,AU-L04-W01,AU-L04-W01,731012,External-Auction,29,0.4365868883,0.4319675889,0.0046192994
anti_uav410,4,anti_uav410.load_4,AU-L04-W01,AU-L04-W01,731012,Greedy,29,0.4365868883,0.4319675889,0.0046192994
anti_uav410,4,anti_uav410.load_4,AU-L04-W01,AU-L04-W01,731012,No-Stability,30,0.4407352716,0.4824173949,-0.0416821234
anti_uav410,4,anti_uav410.load_4,AU-L04-W01,AU-L04-W01,731012,No-Synergy,30,0.4407352716,0.4407352716,0.0
anti_uav410,4,anti_uav410.load_4,AU-L04-W01,AU-L04-W01,731012,Random,23,0.4243126525,0.4466510214,-0.0223383688
anti_uav410,4,anti_uav410.load_4,AU-L04-W01,AU-L04-W01,731013,External-Auction,31,0.4498326865,0.4671066187,-0.0172739323
anti_uav410,4,anti_uav410.load_4,AU-L04-W01,AU-L04-W01,731013,Greedy,31,0.4498326865,0.4441219883,0.0057106981
anti_uav410,4,anti_uav410.load_4,AU-L04-W01,AU-L04-W01,731013,No-Stability,31,0.4498326865,0.4855075134,-0.0356748269
anti_uav410,4,anti_uav410.load_4,AU-L04-W01,AU-L04-W01,731013,No-Synergy,31,0.4498326865,0.4498326865,0.0
anti_uav410,4,anti_uav410.load_4,AU-L04-W01,AU-L04-W01,731013,Random,23,0.4644855329,0.484757785,-0.0202722521
anti_uav410,4,anti_uav410.load_4,AU-L04-W01,AU-L04-W01,731014,External-Auction,28,0.4301957754,0.4325563972,-0.0023606218
anti_uav410,4,anti_uav410.load_4,AU-L04-W01,AU-L04-W01,731014,Greedy,30,0.4342317981,0.4319472559,0.0022845421
anti_uav410,4,anti_uav410.load_4,AU-L04-W01,AU-L04-W01,731014,No-Stability,30,0.4342317981,0.4478634946,-0.0136316965
anti_uav410,4,anti_uav410.load_4,AU-L04-W01,AU-L04-W01,731014,No-Synergy,30,0.4342317981,0.4312703886,0.0029614095
anti_uav410,4,anti_uav410.load_4,AU-L04-W01,AU-L04-W01,731014,Random,21,0.4371677898,0.4499259915,-0.0127582017
anti_uav410,4,anti_uav410.load_4,AU-L04-W01,AU-L04-W01,731015,External-Auction,31,0.4368151517,0.4331184399,0.0036967118
anti_uav410,4,anti_uav410.load_4,AU-L04-W01,AU-L04-W01,731015,Greedy,30,0.4335320691,0.4293219263,0.0042101428
anti_uav410,4,anti_uav410.load_4,AU-L04-W01,AU-L04-W01,731015,No-Stability,31,0.4368151517,0.4610253107,-0.024210159
anti_uav410,4,anti_uav410.load_4,AU-L04-W01,AU-L04-W01,731015,No-Synergy,31,0.4368151517,0.4330484204,0.0037667313
anti_uav410,4,anti_uav410.load_4,AU-L04-W01,AU-L04-W01,731015,Random,23,0.4332098265,0.4475526908,-0.0143428643
anti_uav410,4,anti_uav410.load_4,AU-L04-W01,AU-L04-W01,731016,External-Auction,31,0.4368792387,0.437730892,-0.0008516533
anti_uav410,4,anti_uav410.load_4,AU-L04-W01,AU-L04-W01,731016,Greedy,31,0.4368792387,0.437730892,-0.0008516533
anti_uav410,4,anti_uav410.load_4,AU-L04-W01,AU-L04-W01,731016,No-Stability,31,0.4368792387,0.4634364248,-0.0265571861
anti_uav410,4,anti_uav410.load_4,AU-L04-W01,AU-L04-W01,731016,No-Synergy,31,0.4368792387,0.4368792387,0.0
anti_uav410,4,anti_uav410.load_4,AU-L04-W01,AU-L04-W01,731016,Random,22,0.4146950815,0.4243836222,-0.0096885406
anti_uav410,4,anti_uav410.load_4,AU-L04-W01,AU-L04-W01,731017,External-Auction,31,0.4436786651,0.4404407395,0.0032379257
anti_uav410,4,anti_uav410.load_4,AU-L04-W01,AU-L04-W01,731017,Greedy,30,0.4389738246,0.4420585596,-0.003084735
anti_uav410,4,anti_uav410.load_4,AU-L04-W01,AU-L04-W01,731017,No-Stability,31,0.4436786651,0.4706981289,-0.0270194638
anti_uav410,4,anti_uav410.load_4,AU-L04-W01,AU-L04-W01,731017,No-Synergy,31,0.4436786651,0.4404407395,0.0032379257
anti_uav410,4,anti_uav410.load_4,AU-L04-W01,AU-L04-W01,731017,Random,26,0.4512937236,0.4702839029,-0.0189901793
anti_uav410,4,anti_uav410.load_4,AU-L04-W01,AU-L04-W01,731018,External-Auction,29,0.4443068111,0.4395305784,0.0047762327
anti_uav410,4,anti_uav410.load_4,AU-L04-W01,AU-L04-W01,731018,Greedy,29,0.4443068111,0.4441768484,0.0001299626
anti_uav410,4,anti_uav410.load_4,AU-L04-W01,AU-L04-W01,731018,No-Stability,29,0.4443068111,0.4589733617,-0.0146665507
anti_uav410,4,anti_uav410.load_4,AU-L04-W01,AU-L04-W01,731018,No-Synergy,29,0.4443068111,0.4395305784,0.0047762327
anti_uav410,4,anti_uav410.load_4,AU-L04-W01,AU-L04-W01,731018,Random,24,0.4442870851,0.4483087014,-0.0040216163
anti_uav410,4,anti_uav410.load_4,AU-L04-W01,AU-L04-W01,731019,External-Auction,31,0.4469878584,0.4406809843,0.0063068741
anti_uav410,4,anti_uav410.load_4,AU-L04-W01,AU-L04-W01,731019,Greedy,31,0.4469878584,0.4468214983,0.00016636
anti_uav410,4,anti_uav410.load_4,AU-L04-W01,AU-L04-W01,731019,No-Stability,31,0.4469878584,0.4659803171,-0.0189924588
anti_uav410,4,anti_uav410.load_4,AU-L04-W01,AU-L04-W01,731019,No-Synergy,31,0.4469878584,0.4406809843,0.0063068741
anti_uav410,4,anti_uav410.load_4,AU-L04-W01,AU-L04-W01,731019,Random,21,0.4496509715,0.4701536694,-0.0205026979
anti_uav410,4,anti_uav410.load_4,AU-L04-W01,AU-L04-W01,731020,External-Auction,30,0.4326269444,0.4632128115,-0.0305858671
anti_uav410,4,anti_uav410.load_4,AU-L04-W01,AU-L04-W01,731020,Greedy,30,0.4326269444,0.4316135226,0.0010134218
anti_uav410,4,anti_uav410.load_4,AU-L04-W01,AU-L04-W01,731020,No-Stability,30,0.4326269444,0.4810493209,-0.0484223765
anti_uav410,4,anti_uav410.load_4,AU-L04-W01,AU-L04-W01,731020,No-Synergy,30,0.4326269444,0.4326269444,0.0
anti_uav410,4,anti_uav410.load_4,AU-L04-W01,AU-L04-W01,731020,Random,20,0.4379300418,0.4564633967,-0.0185333549
anti_uav410,4,anti_uav410.load_4,AU-L04-W01,AU-L04-W01,731021,External-Auction,28,0.4291369176,0.429780914,-0.0006439964
anti_uav410,4,anti_uav410.load_4,AU-L04-W01,AU-L04-W01,731021,Greedy,28,0.4291369176,0.4291369176,0.0
anti_uav410,4,anti_uav410.load_4,AU-L04-W01,AU-L04-W01,731021,No-Stability,28,0.4291369176,0.4460000558,-0.0168631382
anti_uav410,4,anti_uav410.load_4,AU-L04-W01,AU-L04-W01,731021,No-Synergy,28,0.4291369176,0.429780914,-0.0006439964
anti_uav410,4,anti_uav410.load_4,AU-L04-W01,AU-L04-W01,731021,Random,21,0.4394691597,0.4462552952,-0.0067861355
anti_uav410,4,anti_uav410.load_4,AU-L04-W01,AU-L04-W01,731022,External-Auction,28,0.4152624171,0.4266403238,-0.0113779067
anti_uav410,4,anti_uav410.load_4,AU-L04-W01,AU-L04-W01,731022,Greedy,30,0.425151889,0.425151889,0.0
anti_uav410,4,anti_uav410.load_4,AU-L04-W01,AU-L04-W01,731022,No-Stability,30,0.425151889,0.4377023629,-0.0125504739
anti_uav410,4,anti_uav410.load_4,AU-L04-W01,AU-L04-W01,731022,No-Synergy,30,0.425151889,0.425151889,0.0
anti_uav410,4,anti_uav410.load_4,AU-L04-W01,AU-L04-W01,731022,Random,17,0.4365463532,0.4524906599,-0.0159443067
anti_uav410,4,anti_uav410.load_4,AU-L04-W01,AU-L04-W01,731023,External-Auction,29,0.4237916215,0.4237916215,0.0
anti_uav410,4,anti_uav410.load_4,AU-L04-W01,AU-L04-W01,731023,Greedy,29,0.4237916215,0.4237916215,0.0
anti_uav410,4,anti_uav410.load_4,AU-L04-W01,AU-L04-W01,731023,No-Stability,29,0.4237916215,0.4446988401,-0.0209072186
anti_uav410,4,anti_uav410.load_4,AU-L04-W01,AU-L04-W01,731023,No-Synergy,29,0.4237916215,0.4237916215,0.0
anti_uav410,4,anti_uav410.load_4,AU-L04-W01,AU-L04-W01,731023,Random,20,0.4299321407,0.4510868884,-0.0211547477
anti_uav410,4,anti_uav410.load_4,AU-L04-W01,AU-L04-W01,731024,External-Auction,30,0.4245155343,0.4240222287,0.0004933056
anti_uav410,4,anti_uav410.load_4,AU-L04-W01,AU-L04-W01,731024,Greedy,29,0.4194112751,0.4283534663,-0.0089421911
anti_uav410,4,anti_uav410.load_4,AU-L04-W01,AU-L04-W01,731024,No-Stability,30,0.4245155343,0.4543632572,-0.0298477229
anti_uav410,4,anti_uav410.load_4,AU-L04-W01,AU-L04-W01,731024,No-Synergy,30,0.4245155343,0.4265549331,-0.0020393988
anti_uav410,4,anti_uav410.load_4,AU-L04-W01,AU-L04-W01,731024,Random,20,0.4271632656,0.4506928949,-0.0235296293
anti_uav410,4,anti_uav410.load_4,AU-L04-W01,AU-L04-W01,731025,External-Auction,28,0.4182912607,0.4291040419,-0.0108127812
anti_uav410,4,anti_uav410.load_4,AU-L04-W01,AU-L04-W01,731025,Greedy,30,0.4293886381,0.4293886381,0.0
anti_uav410,4,anti_uav410.load_4,AU-L04-W01,AU-L04-W01,731025,No-Stability,30,0.4293886381,0.4598349885,-0.0304463503
anti_uav410,4,anti_uav410.load_4,AU-L04-W01,AU-L04-W01,731025,No-Synergy,30,0.4293886381,0.4295121384,-0.0001235003
anti_uav410,4,anti_uav410.load_4,AU-L04-W01,AU-L04-W01,731025,Random,23,0.4060121772,0.4295194237,-0.0235072465
anti_uav410,4,anti_uav410.load_4,AU-L04-W01,AU-L04-W01,731026,External-Auction,31,0.4433063123,0.4433063123,0.0
anti_uav410,4,anti_uav410.load_4,AU-L04-W01,AU-L04-W01,731026,Greedy,30,0.4386043337,0.4535884308,-0.014984097
anti_uav410,4,anti_uav410.load_4,AU-L04-W01,AU-L04-W01,731026,No-Stability,31,0.4433063123,0.4783955147,-0.0350892024
anti_uav410,4,anti_uav410.load_4,AU-L04-W01,AU-L04-W01,731026,No-Synergy,31,0.4433063123,0.4433063123,0.0
anti_uav410,4,anti_uav410.load_4,AU-L04-W01,AU-L04-W01,731026,Random,28,0.4357743303,0.448683952,-0.0129096217
anti_uav410,4,anti_uav410.load_4,AU-L04-W01,AU-L04-W01,731027,External-Auction,28,0.4096923409,0.4195413777,-0.0098490368
anti_uav410,4,anti_uav410.load_4,AU-L04-W01,AU-L04-W01,731027,Greedy,31,0.4243042866,0.4299599095,-0.0056556229
anti_uav410,4,anti_uav410.load_4,AU-L04-W01,AU-L04-W01,731027,No-Stability,31,0.4243042866,0.453670207,-0.0293659203
anti_uav410,4,anti_uav410.load_4,AU-L04-W01,AU-L04-W01,731027,No-Synergy,31,0.4243042866,0.4243042866,0.0
anti_uav410,4,anti_uav410.load_4,AU-L04-W01,AU-L04-W01,731027,Random,23,0.4276695759,0.4428914488,-0.0152218729
anti_uav410,4,anti_uav410.load_4,AU-L04-W01,AU-L04-W01,731028,External-Auction,29,0.4257200326,0.4279078437,-0.0021878111
anti_uav410,4,anti_uav410.load_4,AU-L04-W01,AU-L04-W01,731028,Greedy,30,0.4328848192,0.4315566311,0.0013281881
anti_uav410,4,anti_uav410.load_4,AU-L04-W01,AU-L04-W01,731028,No-Stability,31,0.4368332503,0.4529062967,-0.0160730465
anti_uav410,4,anti_uav410.load_4,AU-L04-W01,AU-L04-W01,731028,No-Synergy,31,0.4368332503,0.4336810144,0.0031522359
anti_uav410,4,anti_uav410.load_4,AU-L04-W01,AU-L04-W01,731028,Random,20,0.4361246889,0.4463202519,-0.010195563
anti_uav410,4,anti_uav410.load_4,AU-L04-W01,AU-L04-W01,731029,External-Auction,28,0.4039897029,0.4089627756,-0.0049730727
anti_uav410,4,anti_uav410.load_4,AU-L04-W01,AU-L04-W01,731029,Greedy,30,0.4150421742,0.4147838104,0.0002583639
anti_uav410,4,anti_uav410.load_4,AU-L04-W01,AU-L04-W01,731029,No-Stability,31,0.4189898331,0.4560098124,-0.0370199793
anti_uav410,4,anti_uav410.load_4,AU-L04-W01,AU-L04-W01,731029,No-Synergy,31,0.4189898331,0.4189898331,0.0
anti_uav410,4,anti_uav410.load_4,AU-L04-W01,AU-L04-W01,731029,Random,23,0.4420789217,0.4682430162,-0.0261640945
anti_uav410,4,anti_uav410.load_4,AU-L04-W02,AU-L04-W02,731100,External-Auction,27,0.3806855047,0.3973116004,-0.0166260957
anti_uav410,4,anti_uav410.load_4,AU-L04-W02,AU-L04-W02,731100,Greedy,27,0.3759273471,0.3827105012,-0.0067831542
anti_uav410,4,anti_uav410.load_4,AU-L04-W02,AU-L04-W02,731100,No-Stability,30,0.3823435099,0.4057461821,-0.0234026722
anti_uav410,4,anti_uav410.load_4,AU-L04-W02,AU-L04-W02,731100,No-Synergy,30,0.3823435099,0.3829128977,-0.0005693878
anti_uav410,4,anti_uav410.load_4,AU-L04-W02,AU-L04-W02,731100,Random,17,0.3729830624,0.3850721026,-0.0120890402
anti_uav410,4,anti_uav410.load_4,AU-L04-W02,AU-L04-W02,731101,External-Auction,29,0.3957900363,0.4242950411,-0.0285050048
anti_uav410,4,anti_uav410.load_4,AU-L04-W02,AU-L04-W02,731101,Greedy,29,0.3957900363,0.4185978349,-0.0228077986
anti_uav410,4,anti_uav410.load_4,AU-L04-W02,AU-L04-W02,731101,No-Stability,29,0.3957900363,0.44064489,-0.0448548537
anti_uav410,4,anti_uav410.load_4,AU-L04-W02,AU-L04-W02,731101,No-Synergy,29,0.3957900363,0.3962238903,-0.0004338539
anti_uav410,4,anti_uav410.load_4,AU-L04-W02,AU-L04-W02,731101,Random,21,0.3924032377,0.4343606593,-0.0419574216
anti_uav410,4,anti_uav410.load_4,AU-L04-W02,AU-L04-W02,731102,External-Auction,30,0.4014800383,0.4018063954,-0.0003263571
anti_uav410,4,anti_uav410.load_4,AU-L04-W02,AU-L04-W02,731102,Greedy,30,0.4014800383,0.4018063954,-0.0003263571
anti_uav410,4,anti_uav410.load_4,AU-L04-W02,AU-L04-W02,731102,No-Stability,30,0.4014800383,0.4182204172,-0.0167403789
anti_uav410,4,anti_uav410.load_4,AU-L04-W02,AU-L04-W02,731102,No-Synergy,30,0.4014800383,0.4014800383,0.0
anti_uav410,4,anti_uav410.load_4,AU-L04-W02,AU-L04-W02,731102,Random,24,0.3995071297,0.398985082,0.0005220477
anti_uav410,4,anti_uav410.load_4,AU-L04-W02,AU-L04-W02,731103,External-Auction,29,0.3772649292,0.3786525108,-0.0013875817
anti_uav410,4,anti_uav410.load_4,AU-L04-W02,AU-L04-W02,731103,Greedy,29,0.3772649292,0.3776670917,-0.0004021625
anti_uav410,4,anti_uav410.load_4,AU-L04-W02,AU-L04-W02,731103,No-Stability,30,0.3794166859,0.4009271783,-0.0215104924
anti_uav410,4,anti_uav410.load_4,AU-L04-W02,AU-L04-W02,731103,No-Synergy,30,0.3794166859,0.3794166859,0.0
anti_uav410,4,anti_uav410.load_4,AU-L04-W02,AU-L04-W02,731103,Random,22,0.3695016215,0.3787506583,-0.0092490368
anti_uav410,4,anti_uav410.load_4,AU-L04-W02,AU-L04-W02,731104,External-Auction,29,0.3841008487,0.388888583,-0.0047877344
anti_uav410,4,anti_uav410.load_4,AU-L04-W02,AU-L04-W02,731104,Greedy,28,0.3909852719,0.3931346381,-0.0021493662
anti_uav410,4,anti_uav410.load_4,AU-L04-W02,AU-L04-W02,731104,No-Stability,30,0.3861844688,0.4019715139,-0.0157870451
anti_uav410,4,anti_uav410.load_4,AU-L04-W02,AU-L04-W02,731104,No-Synergy,30,0.3861844688,0.3861844688,0.0
anti_uav410,4,anti_uav410.load_4,AU-L04-W02,AU-L04-W02,731104,Random,19,0.3875730851,0.4017833172,-0.0142102321
anti_uav410,4,anti_uav410.load_4,AU-L04-W02,AU-L04-W02,731105,External-Auction,29,0.397124572,0.3976843388,-0.0005597668
anti_uav410,4,anti_uav410.load_4,AU-L04-W02,AU-L04-W02,731105,Greedy,28,0.4039201859,0.4032372771,0.0006829088
anti_uav410,4,anti_uav410.load_4,AU-L04-W02,AU-L04-W02,731105,No-Stability,29,0.397124572,0.4128218593,-0.0156972873
anti_uav410,4,anti_uav410.load_4,AU-L04-W02,AU-L04-W02,731105,No-Synergy,29,0.397124572,0.3964508043,0.0006737677
anti_uav410,4,anti_uav410.load_4,AU-L04-W02,AU-L04-W02,731105,Random,23,0.3838628593,0.3978184635,-0.0139556043
anti_uav410,4,anti_uav410.load_4,AU-L04-W02,AU-L04-W02,731106,External-Auction,29,0.382501239,0.3923324985,-0.0098312595
anti_uav410,4,anti_uav410.load_4,AU-L04-W02,AU-L04-W02,731106,Greedy,29,0.382501239,0.383108209,-0.0006069699
anti_uav410,4,anti_uav410.load_4,AU-L04-W02,AU-L04-W02,731106,No-Stability,29,0.382501239,0.4111428303,-0.0286415912
anti_uav410,4,anti_uav410.load_4,AU-L04-W02,AU-L04-W02,731106,No-Synergy,29,0.382501239,0.382501239,0.0
anti_uav410,4,anti_uav410.load_4,AU-L04-W02,AU-L04-W02,731106,Random,19,0.3929701681,0.3964253267,-0.0034551585
anti_uav410,4,anti_uav410.load_4,AU-L04-W02,AU-L04-W02,731107,External-Auction,29,0.3801105943,0.3854044032,-0.0052938089
anti_uav410,4,anti_uav410.load_4,AU-L04-W02,AU-L04-W02,731107,Greedy,28,0.3866613145,0.3941832201,-0.0075219056
anti_uav410,4,anti_uav410.load_4,AU-L04-W02,AU-L04-W02,731107,No-Stability,30,0.3805660042,0.4110000123,-0.0304340081
anti_uav410,4,anti_uav410.load_4,AU-L04-W02,AU-L04-W02,731107,No-Synergy,30,0.3805660042,0.3805660042,0.0
anti_uav410,4,anti_uav410.load_4,AU-L04-W02,AU-L04-W02,731107,Random,17,0.3878493763,0.39568072,-0.0078313437
anti_uav410,4,anti_uav410.load_4,AU-L04-W02,AU-L04-W02,731108,External-Auction,29,0.3823531531,0.3828404047,-0.0004872517
anti_uav410,4,anti_uav410.load_4,AU-L04-W02,AU-L04-W02,731108,Greedy,30,0.3871941391,0.388744363,-0.0015502239
anti_uav410,4,anti_uav410.load_4,AU-L04-W02,AU-L04-W02,731108,No-Stability,30,0.3871941391,0.3977114387,-0.0105172997
anti_uav410,4,anti_uav410.load_4,AU-L04-W02,AU-L04-W02,731108,No-Synergy,30,0.3871941391,0.3871941391,0.0
anti_uav410,4,anti_uav410.load_4,AU-L04-W02,AU-L04-W02,731108,Random,23,0.3898491891,0.4034701338,-0.0136209447
anti_uav410,4,anti_uav410.load_4,AU-L04-W02,AU-L04-W02,731109,External-Auction,28,0.3987312149,0.4075143805,-0.0087831656
anti_uav410,4,anti_uav410.load_4,AU-L04-W02,AU-L04-W02,731109,Greedy,28,0.3987312149,0.4075143805,-0.0087831656
anti_uav410,4,anti_uav410.load_4,AU-L04-W02,AU-L04-W02,731109,No-Stability,29,0.3995262117,0.4325327988,-0.0330065871
anti_uav410,4,anti_uav410.load_4,AU-L04-W02,AU-L04-W02,731109,No-Synergy,29,0.3995262117,0.3995262117,0.0
anti_uav410,4,anti_uav410.load_4,AU-L04-W02,AU-L04-W02,731109,Random,21,0.4054238091,0.4356947917,-0.0302709826
anti_uav410,4,anti_uav410.load_4,AU-L04-W02,AU-L04-W02,731110,External-Auction,28,0.4099735931,0.4294713235,-0.0194977304
anti_uav410,4,anti_uav410.load_4,AU-L04-W02,AU-L04-W02,731110,Greedy,29,0.4067491194,0.4080823836,-0.0013332642
anti_uav410,4,anti_uav410.load_4,AU-L04-W02,AU-L04-W02,731110,No-Stability,29,0.4067491194,0.4284674291,-0.0217183097
anti_uav410,4,anti_uav410.load_4,AU-L04-W02,AU-L04-W02,731110,No-Synergy,29,0.4067491194,0.4067491194,0.0
anti_uav410,4,anti_uav410.load_4,AU-L04-W02,AU-L04-W02,731110,Random,24,0.4031298612,0.425971376,-0.0228415148
anti_uav410,4,anti_uav410.load_4,AU-L04-W02,AU-L04-W02,731111,External-Auction,29,0.3614342686,0.3764047916,-0.0149705231
anti_uav410,4,anti_uav410.load_4,AU-L04-W02,AU-L04-W02,731111,Greedy,29,0.3647167758,0.3702960722,-0.0055792964
anti_uav410,4,anti_uav410.load_4,AU-L04-W02,AU-L04-W02,731111,No-Stability,30,0.3647859897,0.3881887857,-0.023402796
anti_uav410,4,anti_uav410.load_4,AU-L04-W02,AU-L04-W02,731111,No-Synergy,30,0.3647859897,0.3647859897,0.0
anti_uav410,4,anti_uav410.load_4,AU-L04-W02,AU-L04-W02,731111,Random,24,0.3711601197,0.3921750036,-0.0210148839
anti_uav410,4,anti_uav410.load_4,AU-L04-W02,AU-L04-W02,731112,External-Auction,29,0.4062888415,0.4092290012,-0.0029401598
anti_uav410,4,anti_uav410.load_4,AU-L04-W02,AU-L04-W02,731112,Greedy,29,0.4062888415,0.407833953,-0.0015451115
anti_uav410,4,anti_uav410.load_4,AU-L04-W02,AU-L04-W02,731112,No-Stability,29,0.4062888415,0.4196302148,-0.0133413733
anti_uav410,4,anti_uav410.load_4,AU-L04-W02,AU-L04-W02,731112,No-Synergy,29,0.4062888415,0.4062888415,0.0
anti_uav410,4,anti_uav410.load_4,AU-L04-W02,AU-L04-W02,731112,Random,23,0.3947044375,0.4128414732,-0.0181370357
anti_uav410,4,anti_uav410.load_4,AU-L04-W02,AU-L04-W02,731113,External-Auction,29,0.4145351099,0.4195170951,-0.0049819852
anti_uav410,4,anti_uav410.load_4,AU-L04-W02,AU-L04-W02,731113,Greedy,29,0.4145351099,0.4168013226,-0.0022662127
anti_uav410,4,anti_uav410.load_4,AU-L04-W02,AU-L04-W02,731113,No-Stability,30,0.4075775643,0.4196287047,-0.0120511404
anti_uav410,4,anti_uav410.load_4,AU-L04-W02,AU-L04-W02,731113,No-Synergy,30,0.4075775643,0.4082976317,-0.0007200674
anti_uav410,4,anti_uav410.load_4,AU-L04-W02,AU-L04-W02,731113,Random,21,0.4230419351,0.4248284739,-0.0017865387
anti_uav410,4,anti_uav410.load_4,AU-L04-W02,AU-L04-W02,731114,External-Auction,29,0.3921870603,0.4134075211,-0.0212204608
anti_uav410,4,anti_uav410.load_4,AU-L04-W02,AU-L04-W02,731114,Greedy,29,0.3921870603,0.4005446259,-0.0083575656
anti_uav410,4,anti_uav410.load_4,AU-L04-W02,AU-L04-W02,731114,No-Stability,29,0.3921870603,0.4144836704,-0.0222966101
anti_uav410,4,anti_uav410.load_4,AU-L04-W02,AU-L04-W02,731114,No-Synergy,29,0.3921870603,0.3921870603,0.0
anti_uav410,4,anti_uav410.load_4,AU-L04-W02,AU-L04-W02,731114,Random,20,0.3984461876,0.4222399249,-0.0237937373
anti_uav410,4,anti_uav410.load_4,AU-L04-W02,AU-L04-W02,731115,External-Auction,28,0.3913156253,0.3884864967,0.0028291286
anti_uav410,4,anti_uav410.load_4,AU-L04-W02,AU-L04-W02,731115,Greedy,28,0.3913156253,0.3884864967,0.0028291286
anti_uav410,4,anti_uav410.load_4,AU-L04-W02,AU-L04-W02,731115,No-Stability,29,0.3945601012,0.4022294849,-0.0076693836
anti_uav410,4,anti_uav410.load_4,AU-L04-W02,AU-L04-W02,731115,No-Synergy,29,0.3945601012,0.3950839701,-0.0005238689
anti_uav410,4,anti_uav410.load_4,AU-L04-W02,AU-L04-W02,731115,Random,22,0.392380881,0.4022881836,-0.0099073026
anti_uav410,4,anti_uav410.load_4,AU-L04-W02,AU-L04-W02,731116,External-Auction,28,0.4028226094,0.40420571,-0.0013831005
anti_uav410,4,anti_uav410.load_4,AU-L04-W02,AU-L04-W02,731116,Greedy,29,0.4040905761,0.4048130478,-0.0007224717
anti_uav410,4,anti_uav410.load_4,AU-L04-W02,AU-L04-W02,731116,No-Stability,30,0.3974546033,0.4008673056,-0.0034127024
anti_uav410,4,anti_uav410.load_4,AU-L04-W02,AU-L04-W02,731116,No-Synergy,30,0.3974546033,0.3978813264,-0.0004267231
anti_uav410,4,anti_uav410.load_4,AU-L04-W02,AU-L04-W02,731116,Random,22,0.3807026499,0.3835264645,-0.0028238147
anti_uav410,4,anti_uav410.load_4,AU-L04-W02,AU-L04-W02,731117,External-Auction,28,0.377759522,0.3862625428,-0.0085030209
anti_uav410,4,anti_uav410.load_4,AU-L04-W02,AU-L04-W02,731117,Greedy,29,0.390985961,0.3919612848,-0.0009753239
anti_uav410,4,anti_uav410.load_4,AU-L04-W02,AU-L04-W02,731117,No-Stability,30,0.3847079805,0.4094033606,-0.02469538
anti_uav410,4,anti_uav410.load_4,AU-L04-W02,AU-L04-W02,731117,No-Synergy,30,0.3847079805,0.3847079805,0.0
anti_uav410,4,anti_uav410.load_4,AU-L04-W02,AU-L04-W02,731117,Random,21,0.3849863736,0.4026669995,-0.0176806259
anti_uav410,4,anti_uav410.load_4,AU-L04-W02,AU-L04-W02,731118,External-Auction,28,0.4080325077,0.4109053373,-0.0028728297
anti_uav410,4,anti_uav410.load_4,AU-L04-W02,AU-L04-W02,731118,Greedy,27,0.4081027207,0.4110819515,-0.0029792308
anti_uav410,4,anti_uav410.load_4,AU-L04-W02,AU-L04-W02,731118,No-Stability,28,0.4080325077,0.4154397448,-0.0074072371
anti_uav410,4,anti_uav410.load_4,AU-L04-W02,AU-L04-W02,731118,No-Synergy,28,0.4080325077,0.4080325077,0.0
anti_uav410,4,anti_uav410.load_4,AU-L04-W02,AU-L04-W02,731118,Random,22,0.3953322576,0.3988640258,-0.0035317681
anti_uav410,4,anti_uav410.load_4,AU-L04-W02,AU-L04-W02,731119,External-Auction,29,0.3987965949,0.412491722,-0.0136951271
anti_uav410,4,anti_uav410.load_4,AU-L04-W02,AU-L04-W02,731119,Greedy,29,0.3987965949,0.3987965949,0.0
anti_uav410,4,anti_uav410.load_4,AU-L04-W02,AU-L04-W02,731119,No-Stability,29,0.3987965949,0.423050087,-0.0242534921
anti_uav410,4,anti_uav410.load_4,AU-L04-W02,AU-L04-W02,731119,No-Synergy,29,0.3987965949,0.3987965949,0.0
anti_uav410,4,anti_uav410.load_4,AU-L04-W02,AU-L04-W02,731119,Random,22,0.4162338175,0.4206073876,-0.0043735702
anti_uav410,4,anti_uav410.load_4,AU-L04-W02,AU-L04-W02,731120,External-Auction,29,0.3872818837,0.3967448059,-0.0094629221
anti_uav410,4,anti_uav410.load_4,AU-L04-W02,AU-L04-W02,731120,Greedy,28,0.3902489325,0.4005818982,-0.0103329657
anti_uav410,4,anti_uav410.load_4,AU-L04-W02,AU-L04-W02,731120,No-Stability,29,0.3872818837,0.4013791625,-0.0140972787
anti_uav410,4,anti_uav410.load_4,AU-L04-W02,AU-L04-W02,731120,No-Synergy,29,0.3872818837,0.3872818837,0.0
anti_uav410,4,anti_uav410.load_4,AU-L04-W02,AU-L04-W02,731120,Random,21,0.3953310947,0.4040741032,-0.0087430085
anti_uav410,4,anti_uav410.load_4,AU-L04-W02,AU-L04-W02,731121,External-Auction,28,0.3932414629,0.3989701178,-0.0057286549
anti_uav410,4,anti_uav410.load_4,AU-L04-W02,AU-L04-W02,731121,Greedy,28,0.3932414629,0.3965536016,-0.0033121387
anti_uav410,4,anti_uav410.load_4,AU-L04-W02,AU-L04-W02,731121,No-Stability,29,0.3935916595,0.4117832516,-0.0181915921
anti_uav410,4,anti_uav410.load_4,AU-L04-W02,AU-L04-W02,731121,No-Synergy,29,0.3935916595,0.3935916595,0.0
anti_uav410,4,anti_uav410.load_4,AU-L04-W02,AU-L04-W02,731121,Random,21,0.4015963594,0.4126040287,-0.0110076693
anti_uav410,4,anti_uav410.load_4,AU-L04-W02,AU-L04-W02,731122,External-Auction,27,0.3913354195,0.4135856746,-0.0222502551
anti_uav410,4,anti_uav410.load_4,AU-L04-W02,AU-L04-W02,731122,Greedy,29,0.3961799228,0.4051438244,-0.0089639016
anti_uav410,4,anti_uav410.load_4,AU-L04-W02,AU-L04-W02,731122,No-Stability,29,0.3961799228,0.4123556044,-0.0161756817
anti_uav410,4,anti_uav410.load_4,AU-L04-W02,AU-L04-W02,731122,No-Synergy,29,0.3961799228,0.3961799228,0.0
anti_uav410,4,anti_uav410.load_4,AU-L04-W02,AU-L04-W02,731122,Random,24,0.4037777302,0.412548964,-0.0087712337
anti_uav410,4,anti_uav410.load_4,AU-L04-W02,AU-L04-W02,731123,External-Auction,29,0.3821726384,0.4093341147,-0.0271614763
anti_uav410,4,anti_uav410.load_4,AU-L04-W02,AU-L04-W02,731123,Greedy,29,0.3821726384,0.3890147894,-0.0068421509
anti_uav410,4,anti_uav410.load_4,AU-L04-W02,AU-L04-W02,731123,No-Stability,29,0.3821726384,0.4322166496,-0.0500440112
anti_uav410,4,anti_uav410.load_4,AU-L04-W02,AU-L04-W02,731123,No-Synergy,29,0.3821726384,0.3813236845,0.0008489539
anti_uav410,4,anti_uav410.load_4,AU-L04-W02,AU-L04-W02,731123,Random,23,0.3793161428,0.4159345839,-0.0366184412
anti_uav410,4,anti_uav410.load_4,AU-L04-W02,AU-L04-W02,731124,External-Auction,27,0.3972366337,0.3997618692,-0.0025252355
anti_uav410,4,anti_uav410.load_4,AU-L04-W02,AU-L04-W02,731124,Greedy,29,0.3932463485,0.3951959214,-0.0019495729
anti_uav410,4,anti_uav410.load_4,AU-L04-W02,AU-L04-W02,731124,No-Stability,29,0.3932463485,0.4111659069,-0.0179195584
anti_uav410,4,anti_uav410.load_4,AU-L04-W02,AU-L04-W02,731124,No-Synergy,29,0.3932463485,0.3932463485,0.0
anti_uav410,4,anti_uav410.load_4,AU-L04-W02,AU-L04-W02,731124,Random,17,0.3853362346,0.3963734819,-0.0110372473
anti_uav410,4,anti_uav410.load_4,AU-L04-W02,AU-L04-W02,731125,External-Auction,29,0.4006931462,0.4125619287,-0.0118687824
anti_uav410,4,anti_uav410.load_4,AU-L04-W02,AU-L04-W02,731125,Greedy,29,0.4006931462,0.4116083786,-0.0109152323
anti_uav410,4,anti_uav410.load_4,AU-L04-W02,AU-L04-W02,731125,No-Stability,29,0.4006931462,0.4307171815,-0.0300240352
anti_uav410,4,anti_uav410.load_4,AU-L04-W02,AU-L04-W02,731125,No-Synergy,29,0.4006931462,0.4032821277,-0.0025889815
anti_uav410,4,anti_uav410.load_4,AU-L04-W02,AU-L04-W02,731125,Random,21,0.4063138359,0.423409493,-0.0170956571
anti_uav410,4,anti_uav410.load_4,AU-L04-W02,AU-L04-W02,731126,External-Auction,27,0.4041655314,0.4064636268,-0.0022980955
anti_uav410,4,anti_uav410.load_4,AU-L04-W02,AU-L04-W02,731126,Greedy,26,0.40218481,0.4047894371,-0.002604627
anti_uav410,4,anti_uav410.load_4,AU-L04-W02,AU-L04-W02,731126,No-Stability,28,0.4046621063,0.4156652228,-0.0110031165
anti_uav410,4,anti_uav410.load_4,AU-L04-W02,AU-L04-W02,731126,No-Synergy,28,0.4046621063,0.4046621063,0.0
anti_uav410,4,anti_uav410.load_4,AU-L04-W02,AU-L04-W02,731126,Random,17,0.4003290693,0.4103663547,-0.0100372854
anti_uav410,4,anti_uav410.load_4,AU-L04-W02,AU-L04-W02,731127,External-Auction,29,0.3991281939,0.4047849039,-0.00565671
anti_uav410,4,anti_uav410.load_4,AU-L04-W02,AU-L04-W02,731127,Greedy,27,0.3961164619,0.4008693393,-0.0047528774
anti_uav410,4,anti_uav410.load_4,AU-L04-W02,AU-L04-W02,731127,No-Stability,29,0.3991281939,0.4133526911,-0.0142244972
anti_uav410,4,anti_uav410.load_4,AU-L04-W02,AU-L04-W02,731127,No-Synergy,29,0.3991281939,0.3991281939,0.0
anti_uav410,4,anti_uav410.load_4,AU-L04-W02,AU-L04-W02,731127,Random,17,0.3991181115,0.4066167661,-0.0074986546
anti_uav410,4,anti_uav410.load_4,AU-L04-W02,AU-L04-W02,731128,External-Auction,28,0.3807982417,0.3874528733,-0.0066546316
anti_uav410,4,anti_uav410.load_4,AU-L04-W02,AU-L04-W02,731128,Greedy,26,0.3736844994,0.3762225902,-0.0025380908
anti_uav410,4,anti_uav410.load_4,AU-L04-W02,AU-L04-W02,731128,No-Stability,28,0.3807982417,0.4024904596,-0.0216922179
anti_uav410,4,anti_uav410.load_4,AU-L04-W02,AU-L04-W02,731128,No-Synergy,28,0.3807982417,0.3828048515,-0.0020066097
anti_uav410,4,anti_uav410.load_4,AU-L04-W02,AU-L04-W02,731128,Random,22,0.3887883059,0.4090507357,-0.0202624298
anti_uav410,4,anti_uav410.load_4,AU-L04-W02,AU-L04-W02,731129,External-Auction,29,0.3904555874,0.3938771386,-0.0034215512
anti_uav410,4,anti_uav410.load_4,AU-L04-W02,AU-L04-W02,731129,Greedy,29,0.3904555874,0.3933043939,-0.0028488065
anti_uav410,4,anti_uav410.load_4,AU-L04-W02,AU-L04-W02,731129,No-Stability,29,0.3904555874,0.4035247941,-0.0130692067
anti_uav410,4,anti_uav410.load_4,AU-L04-W02,AU-L04-W02,731129,No-Synergy,29,0.3904555874,0.3905917727,-0.0001361853
anti_uav410,4,anti_uav410.load_4,AU-L04-W02,AU-L04-W02,731129,Random,23,0.3923568525,0.4026952818,-0.0103384294
anti_uav410,4,anti_uav410.load_4,AU-L04-W03,AU-L04-W03,731200,External-Auction,35,0.440608671,0.4428749367,-0.0022662657
anti_uav410,4,anti_uav410.load_4,AU-L04-W03,AU-L04-W03,731200,Greedy,35,0.440608671,0.4419126659,-0.001303995
anti_uav410,4,anti_uav410.load_4,AU-L04-W03,AU-L04-W03,731200,No-Stability,35,0.440608671,0.4639947731,-0.0233861022
anti_uav410,4,anti_uav410.load_4,AU-L04-W03,AU-L04-W03,731200,No-Synergy,35,0.440608671,0.440608671,0.0
anti_uav410,4,anti_uav410.load_4,AU-L04-W03,AU-L04-W03,731200,Random,26,0.4399700937,0.4523697588,-0.0123996651
anti_uav410,4,anti_uav410.load_4,AU-L04-W03,AU-L04-W03,731201,External-Auction,31,0.4555982801,0.4436146407,0.0119836394
anti_uav410,4,anti_uav410.load_4,AU-L04-W03,AU-L04-W03,731201,Greedy,31,0.4555982801,0.446070424,0.0095278561
anti_uav410,4,anti_uav410.load_4,AU-L04-W03,AU-L04-W03,731201,No-Stability,35,0.4598580481,0.4689808517,-0.0091228036
anti_uav410,4,anti_uav410.load_4,AU-L04-W03,AU-L04-W03,731201,No-Synergy,35,0.4598580481,0.4576549826,0.0022030655
anti_uav410,4,anti_uav410.load_4,AU-L04-W03,AU-L04-W03,731201,Random,24,0.4693770432,0.4736305423,-0.0042534991
anti_uav410,4,anti_uav410.load_4,AU-L04-W03,AU-L04-W03,731202,External-Auction,35,0.4528764492,0.453916467,-0.0010400178
anti_uav410,4,anti_uav410.load_4,AU-L04-W03,AU-L04-W03,731202,Greedy,34,0.4501512815,0.4497827139,0.0003685676
anti_uav410,4,anti_uav410.load_4,AU-L04-W03,AU-L04-W03,731202,No-Stability,36,0.4534853561,0.4563930281,-0.002907672
anti_uav410,4,anti_uav410.load_4,AU-L04-W03,AU-L04-W03,731202,No-Synergy,36,0.4534853561,0.4534853561,0.0
anti_uav410,4,anti_uav410.load_4,AU-L04-W03,AU-L04-W03,731202,Random,26,0.4638785266,0.4664232259,-0.0025446993
anti_uav410,4,anti_uav410.load_4,AU-L04-W03,AU-L04-W03,731203,External-Auction,36,0.4604823249,0.4611987516,-0.0007164268
anti_uav410,4,anti_uav410.load_4,AU-L04-W03,AU-L04-W03,731203,Greedy,36,0.4604823249,0.4604823249,0.0
anti_uav410,4,anti_uav410.load_4,AU-L04-W03,AU-L04-W03,731203,No-Stability,36,0.4604823249,0.4992808351,-0.0387985102
anti_uav410,4,anti_uav410.load_4,AU-L04-W03,AU-L04-W03,731203,No-Synergy,36,0.4604823249,0.4547522304,0.0057300945
anti_uav410,4,anti_uav410.load_4,AU-L04-W03,AU-L04-W03,731203,Random,28,0.4487459019,0.4884973539,-0.039751452
anti_uav410,4,anti_uav410.load_4,AU-L04-W03,AU-L04-W03,731204,External-Auction,34,0.4596489925,0.4611495931,-0.0015006006
anti_uav410,4,anti_uav410.load_4,AU-L04-W03,AU-L04-W03,731204,Greedy,34,0.4596489925,0.4596377141,1.12783e-05
anti_uav410,4,anti_uav410.load_4,AU-L04-W03,AU-L04-W03,731204,No-Stability,36,0.4642319024,0.4999790925,-0.0357471901
anti_uav410,4,anti_uav410.load_4,AU-L04-W03,AU-L04-W03,731204,No-Synergy,36,0.4642319024,0.4642319024,0.0
anti_uav410,4,anti_uav410.load_4,AU-L04-W03,AU-L04-W03,731204,Random,25,0.4526568398,0.4790364115,-0.0263795717
anti_uav410,4,anti_uav410.load_4,AU-L04-W03,AU-L04-W03,731205,External-Auction,36,0.4273240946,0.429331719,-0.0020076244
anti_uav410,4,anti_uav410.load_4,AU-L04-W03,AU-L04-W03,731205,Greedy,36,0.4273240946,0.4273240946,0.0
anti_uav410,4,anti_uav410.load_4,AU-L04-W03,AU-L04-W03,731205,No-Stability,36,0.4273240946,0.457172022,-0.0298479274
anti_uav410,4,anti_uav410.load_4,AU-L04-W03,AU-L04-W03,731205,No-Synergy,36,0.4273240946,0.4273240946,0.0
anti_uav410,4,anti_uav410.load_4,AU-L04-W03,AU-L04-W03,731205,Random,26,0.4247914269,0.4485485433,-0.0237571164
anti_uav410,4,anti_uav410.load_4,AU-L04-W03,AU-L04-W03,731206,External-Auction,36,0.4490574565,0.4606991236,-0.0116416672
anti_uav410,4,anti_uav410.load_4,AU-L04-W03,AU-L04-W03,731206,Greedy,35,0.4439212754,0.4469902891,-0.0030690138
anti_uav410,4,anti_uav410.load_4,AU-L04-W03,AU-L04-W03,731206,No-Stability,36,0.4490574565,0.4651283656,-0.0160709091
anti_uav410,4,anti_uav410.load_4,AU-L04-W03,AU-L04-W03,731206,No-Synergy,36,0.4490574565,0.4490574565,0.0
anti_uav410,4,anti_uav410.load_4,AU-L04-W03,AU-L04-W03,731206,Random,20,0.4555055994,0.4744088319,-0.0189032325
anti_uav410,4,anti_uav410.load_4,AU-L04-W03,AU-L04-W03,731207,External-Auction,36,0.4344235605,0.4399253451,-0.0055017846
anti_uav410,4,anti_uav410.load_4,AU-L04-W03,AU-L04-W03,731207,Greedy,36,0.4344235605,0.4333398851,0.0010836754
anti_uav410,4,anti_uav410.load_4,AU-L04-W03,AU-L04-W03,731207,No-Stability,36,0.4344235605,0.4565840211,-0.0221604606
anti_uav410,4,anti_uav410.load_4,AU-L04-W03,AU-L04-W03,731207,No-Synergy,36,0.4344235605,0.4296566584,0.0047669021
anti_uav410,4,anti_uav410.load_4,AU-L04-W03,AU-L04-W03,731207,Random,24,0.4383496276,0.4563857318,-0.0180361042
anti_uav410,4,anti_uav410.load_4,AU-L04-W03,AU-L04-W03,731208,External-Auction,32,0.4432140998,0.4408269486,0.0023871511
anti_uav410,4,anti_uav410.load_4,AU-L04-W03,AU-L04-W03,731208,Greedy,33,0.4484826896,0.4577926368,-0.0093099471
anti_uav410,4,anti_uav410.load_4,AU-L04-W03,AU-L04-W03,731208,No-Stability,33,0.4484826896,0.4824185233,-0.0339358336
anti_uav410,4,anti_uav410.load_4,AU-L04-W03,AU-L04-W03,731208,No-Synergy,33,0.4484826896,0.4461678764,0.0023148132
anti_uav410,4,anti_uav410.load_4,AU-L04-W03,AU-L04-W03,731208,Random,26,0.4387290114,0.4554269769,-0.0166979654
anti_uav410,4,anti_uav410.load_4,AU-L04-W03,AU-L04-W03,731209,External-Auction,33,0.4449671768,0.4530812413,-0.0081140645
anti_uav410,4,anti_uav410.load_4,AU-L04-W03,AU-L04-W03,731209,Greedy,35,0.455747194,0.4561695064,-0.0004223125
anti_uav410,4,anti_uav410.load_4,AU-L04-W03,AU-L04-W03,731209,No-Stability,35,0.455747194,0.4743333927,-0.0185861987
anti_uav410,4,anti_uav410.load_4,AU-L04-W03,AU-L04-W03,731209,No-Synergy,35,0.455747194,0.455747194,0.0
anti_uav410,4,anti_uav410.load_4,AU-L04-W03,AU-L04-W03,731209,Random,22,0.4434448048,0.4633419695,-0.0198971647
anti_uav410,4,anti_uav410.load_4,AU-L04-W03,AU-L04-W03,731210,External-Auction,34,0.4573090102,0.4615888534,-0.0042798433
anti_uav410,4,anti_uav410.load_4,AU-L04-W03,AU-L04-W03,731210,Greedy,35,0.4628756936,0.4628756936,0.0
anti_uav410,4,anti_uav410.load_4,AU-L04-W03,AU-L04-W03,731210,No-Stability,35,0.4628756936,0.4975801114,-0.0347044179
anti_uav410,4,anti_uav410.load_4,AU-L04-W03,AU-L04-W03,731210,No-Synergy,35,0.4628756936,0.4628756936,0.0
anti_uav410,4,anti_uav410.load_4,AU-L04-W03,AU-L04-W03,731210,Random,23,0.4815767254,0.5091090027,-0.0275322773
anti_uav410,4,anti_uav410.load_4,AU-L04-W03,AU-L04-W03,731211,External-Auction,32,0.4144110463,0.4467308809,-0.0323198346
anti_uav410,4,anti_uav410.load_4,AU-L04-W03,AU-L04-W03,731211,Greedy,34,0.4311127064,0.4401592155,-0.0090465091
anti_uav410,4,anti_uav410.load_4,AU-L04-W03,AU-L04-W03,731211,No-Stability,36,0.437251342,0.4601948433,-0.0229435013
anti_uav410,4,anti_uav410.load_4,AU-L04-W03,AU-L04-W03,731211,No-Synergy,36,0.437251342,0.437251342,0.0
anti_uav410,4,anti_uav410.load_4,AU-L04-W03,AU-L04-W03,731211,Random,23,0.4271139828,0.4551092658,-0.027995283
anti_uav410,4,anti_uav410.load_4,AU-L04-W03,AU-L04-W03,731212,External-Auction,35,0.4642398604,0.4538140542,0.0104258062
anti_uav410,4,anti_uav410.load_4,AU-L04-W03,AU-L04-W03,731212,Greedy,35,0.4642398604,0.4609440282,0.0032958322
anti_uav410,4,anti_uav410.load_4,AU-L04-W03,AU-L04-W03,731212,No-Stability,35,0.4642398604,0.4906153854,-0.026375525
anti_uav410,4,anti_uav410.load_4,AU-L04-W03,AU-L04-W03,731212,No-Synergy,35,0.4642398604,0.4642398604,0.0
anti_uav410,4,anti_uav410.load_4,AU-L04-W03,AU-L04-W03,731212,Random,27,0.4539992855,0.4688277336,-0.0148284481
anti_uav410,4,anti_uav410.load_4,AU-L04-W03,AU-L04-W03,731213,External-Auction,35,0.4634267613,0.4634267613,0.0
anti_uav410,4,anti_uav410.load_4,AU-L04-W03,AU-L04-W03,731213,Greedy,33,0.4608046257,0.4608046257,0.0
anti_uav410,4,anti_uav410.load_4,AU-L04-W03,AU-L04-W03,731213,No-Stability,36,0.46265519,0.4872762308,-0.0246210408
anti_uav410,4,anti_uav410.load_4,AU-L04-W03,AU-L04-W03,731213,No-Synergy,36,0.46265519,0.46265519,0.0
anti_uav410,4,anti_uav410.load_4,AU-L04-W03,AU-L04-W03,731213,Random,25,0.4597924815,0.4643093515,-0.00451687
anti_uav410,4,anti_uav410.load_4,AU-L04-W03,AU-L04-W03,731214,External-Auction,33,0.4314476093,0.4291519897,0.0022956197
anti_uav410,4,anti_uav410.load_4,AU-L04-W03,AU-L04-W03,731214,Greedy,35,0.4393704153,0.4400191372,-0.0006487219
anti_uav410,4,anti_uav410.load_4,AU-L04-W03,AU-L04-W03,731214,No-Stability,36,0.4429675852,0.4652961467,-0.0223285615
anti_uav410,4,anti_uav410.load_4,AU-L04-W03,AU-L04-W03,731214,No-Synergy,36,0.4429675852,0.4429675852,0.0
anti_uav410,4,anti_uav410.load_4,AU-L04-W03,AU-L04-W03,731214,Random,26,0.434588764,0.4558793154,-0.0212905514
anti_uav410,4,anti_uav410.load_4,AU-L04-W03,AU-L04-W03,731215,External-Auction,36,0.4708223176,0.4724809106,-0.001658593
anti_uav410,4,anti_uav410.load_4,AU-L04-W03,AU-L04-W03,731215,Greedy,36,0.4708223176,0.4710856542,-0.0002633366
anti_uav410,4,anti_uav410.load_4,AU-L04-W03,AU-L04-W03,731215,No-Stability,36,0.4708223176,0.4999171166,-0.0290947991
anti_uav410,4,anti_uav410.load_4,AU-L04-W03,AU-L04-W03,731215,No-Synergy,36,0.4708223176,0.4708223176,0.0
anti_uav410,4,anti_uav410.load_4,AU-L04-W03,AU-L04-W03,731215,Random,26,0.469666888,0.4698156323,-0.0001487443
anti_uav410,4,anti_uav410.load_4,AU-L04-W03,AU-L04-W03,731216,External-Auction,32,0.4517398447,0.4587059885,-0.0069661439
anti_uav410,4,anti_uav410.load_4,AU-L04-W03,AU-L04-W03,731216,Greedy,32,0.4517398447,0.4547982573,-0.0030584126
anti_uav410,4,anti_uav410.load_4,AU-L04-W03,AU-L04-W03,731216,No-Stability,34,0.4601305536,0.5008236555,-0.0406931019
anti_uav410,4,anti_uav410.load_4,AU-L04-W03,AU-L04-W03,731216,No-Synergy,34,0.4601305536,0.4603065242,-0.0001759706
anti_uav410,4,anti_uav410.load_4,AU-L04-W03,AU-L04-W03,731216,Random,26,0.4714161864,0.4954144406,-0.0239982543
anti_uav410,4,anti_uav410.load_4,AU-L04-W03,AU-L04-W03,731217,External-Auction,33,0.4233246651,0.4352912666,-0.0119666016
anti_uav410,4,anti_uav410.load_4,AU-L04-W03,AU-L04-W03,731217,Greedy,36,0.4383683861,0.4383683861,0.0
anti_uav410,4,anti_uav410.load_4,AU-L04-W03,AU-L04-W03,731217,No-Stability,36,0.4383683861,0.4932154462,-0.0548470601
anti_uav410,4,anti_uav410.load_4,AU-L04-W03,AU-L04-W03,731217,No-Synergy,36,0.4383683861,0.4383683861,0.0
anti_uav410,4,anti_uav410.load_4,AU-L04-W03,AU-L04-W03,731217,Random,24,0.4247553641,0.466685528,-0.0419301639
anti_uav410,4,anti_uav410.load_4,AU-L04-W03,AU-L04-W03,731218,External-Auction,33,0.4659049556,0.4592464036,0.006658552
anti_uav410,4,anti_uav410.load_4,AU-L04-W03,AU-L04-W03,731218,Greedy,35,0.4671830072,0.4671830072,0.0
anti_uav410,4,anti_uav410.load_4,AU-L04-W03,AU-L04-W03,731218,No-Stability,35,0.4671830072,0.4739389465,-0.0067559393
anti_uav410,4,anti_uav410.load_4,AU-L04-W03,AU-L04-W03,731218,No-Synergy,35,0.4671830072,0.4671830072,0.0
anti_uav410,4,anti_uav410.load_4,AU-L04-W03,AU-L04-W03,731218,Random,28,0.4589204996,0.4676579763,-0.0087374767
anti_uav410,4,anti_uav410.load_4,AU-L04-W03,AU-L04-W03,731219,External-Auction,36,0.4297201776,0.4297201776,0.0
anti_uav410,4,anti_uav410.load_4,AU-L04-W03,AU-L04-W03,731219,Greedy,36,0.4297201776,0.4344756837,-0.0047555061
anti_uav410,4,anti_uav410.load_4,AU-L04-W03,AU-L04-W03,731219,No-Stability,36,0.4297201776,0.4382646465,-0.0085444689
anti_uav410,4,anti_uav410.load_4,AU-L04-W03,AU-L04-W03,731219,No-Synergy,36,0.4297201776,0.4297201776,0.0
anti_uav410,4,anti_uav410.load_4,AU-L04-W03,AU-L04-W03,731219,Random,25,0.4166308919,0.4299368451,-0.0133059532
anti_uav410,4,anti_uav410.load_4,AU-L04-W03,AU-L04-W03,731220,External-Auction,36,0.45488178,0.4580166643,-0.0031348843
anti_uav410,4,anti_uav410.load_4,AU-L04-W03,AU-L04-W03,731220,Greedy,36,0.45488178,0.45488178,0.0
anti_uav410,4,anti_uav410.load_4,AU-L04-W03,AU-L04-W03,731220,No-Stability,36,0.45488178,0.4761363197,-0.0212545397
anti_uav410,4,anti_uav410.load_4,AU-L04-W03,AU-L04-W03,731220,No-Synergy,36,0.45488178,0.45488178,0.0
anti_uav410,4,anti_uav410.load_4,AU-L04-W03,AU-L04-W03,731220,Random,24,0.4598415682,0.4753140292,-0.015472461
anti_uav410,4,anti_uav410.load_4,AU-L04-W03,AU-L04-W03,731221,External-Auction,35,0.4473914398,0.4477573955,-0.0003659558
anti_uav410,4,anti_uav410.load_4,AU-L04-W03,AU-L04-W03,731221,Greedy,35,0.4473914398,0.4473849104,6.5293e-06
anti_uav410,4,anti_uav410.load_4,AU-L04-W03,AU-L04-W03,731221,No-Stability,35,0.4473914398,0.4477333966,-0.0003419569
anti_uav410,4,anti_uav410.load_4,AU-L04-W03,AU-L04-W03,731221,No-Synergy,35,0.4473914398,0.4448295354,0.0025619044
anti_uav410,4,anti_uav410.load_4,AU-L04-W03,AU-L04-W03,731221,Random,20,0.4571008441,0.4631104518,-0.0060096077
anti_uav410,4,anti_uav410.load_4,AU-L04-W03,AU-L04-W03,731222,External-Auction,33,0.4440714773,0.4485720265,-0.0045005492
anti_uav410,4,anti_uav410.load_4,AU-L04-W03,AU-L04-W03,731222,Greedy,35,0.4535864903,0.4535864903,0.0
anti_uav410,4,anti_uav410.load_4,AU-L04-W03,AU-L04-W03,731222,No-Stability,35,0.4535864903,0.4693760713,-0.015789581
anti_uav410,4,anti_uav410.load_4,AU-L04-W03,AU-L04-W03,731222,No-Synergy,35,0.4535864903,0.4535864903,0.0
anti_uav410,4,anti_uav410.load_4,AU-L04-W03,AU-L04-W03,731222,Random,27,0.4626343259,0.4754773689,-0.012843043
anti_uav410,4,anti_uav410.load_4,AU-L04-W03,AU-L04-W03,731223,External-Auction,34,0.4543714177,0.4515451276,0.0028262902
anti_uav410,4,anti_uav410.load_4,AU-L04-W03,AU-L04-W03,731223,Greedy,34,0.4543714177,0.4532760903,0.0010953274
anti_uav410,4,anti_uav410.load_4,AU-L04-W03,AU-L04-W03,731223,No-Stability,35,0.4542190869,0.4568374024,-0.0026183155
anti_uav410,4,anti_uav410.load_4,AU-L04-W03,AU-L04-W03,731223,No-Synergy,35,0.4542190869,0.4524609195,0.0017581674
anti_uav410,4,anti_uav410.load_4,AU-L04-W03,AU-L04-W03,731223,Random,24,0.4541747024,0.4581033716,-0.0039286692
anti_uav410,4,anti_uav410.load_4,AU-L04-W03,AU-L04-W03,731224,External-Auction,35,0.4668949725,0.4697625247,-0.0028675522
anti_uav410,4,anti_uav410.load_4,AU-L04-W03,AU-L04-W03,731224,Greedy,35,0.4668949725,0.46876756,-0.0018725876
anti_uav410,4,anti_uav410.load_4,AU-L04-W03,AU-L04-W03,731224,No-Stability,35,0.4668949725,0.5068470267,-0.0399520542
anti_uav410,4,anti_uav410.load_4,AU-L04-W03,AU-L04-W03,731224,No-Synergy,35,0.4668949725,0.4668949725,0.0
anti_uav410,4,anti_uav410.load_4,AU-L04-W03,AU-L04-W03,731224,Random,29,0.4626171257,0.4926554823,-0.0300383567
anti_uav410,4,anti_uav410.load_4,AU-L04-W03,AU-L04-W03,731225,External-Auction,32,0.4496401028,0.4581770395,-0.0085369367
anti_uav410,4,anti_uav410.load_4,AU-L04-W03,AU-L04-W03,731225,Greedy,35,0.4602455136,0.4602455136,0.0
anti_uav410,4,anti_uav410.load_4,AU-L04-W03,AU-L04-W03,731225,No-Stability,35,0.4602455136,0.4789558928,-0.0187103792
anti_uav410,4,anti_uav410.load_4,AU-L04-W03,AU-L04-W03,731225,No-Synergy,35,0.4602455136,0.4602455136,0.0
anti_uav410,4,anti_uav410.load_4,AU-L04-W03,AU-L04-W03,731225,Random,21,0.4348534443,0.4437610126,-0.0089075683
anti_uav410,4,anti_uav410.load_4,AU-L04-W03,AU-L04-W03,731226,External-Auction,36,0.4899908359,0.4950286812,-0.0050378453
anti_uav410,4,anti_uav410.load_4,AU-L04-W03,AU-L04-W03,731226,Greedy,36,0.4899908359,0.4899908359,0.0
anti_uav410,4,anti_uav410.load_4,AU-L04-W03,AU-L04-W03,731226,No-Stability,36,0.4899908359,0.4821093653,0.0078814707
anti_uav410,4,anti_uav410.load_4,AU-L04-W03,AU-L04-W03,731226,No-Synergy,36,0.4899908359,0.4899908359,0.0
anti_uav410,4,anti_uav410.load_4,AU-L04-W03,AU-L04-W03,731226,Random,24,0.493230943,0.47649962,0.016731323
anti_uav410,4,anti_uav410.load_4,AU-L04-W03,AU-L04-W03,731227,External-Auction,34,0.4498255223,0.4471248917,0.0027006306
anti_uav410,4,anti_uav410.load_4,AU-L04-W03,AU-L04-W03,731227,Greedy,34,0.4498255223,0.4471248917,0.0027006306
anti_uav410,4,anti_uav410.load_4,AU-L04-W03,AU-L04-W03,731227,No-Stability,35,0.4537117677,0.4574677486,-0.0037559809
anti_uav410,4,anti_uav410.load_4,AU-L04-W03,AU-L04-W03,731227,No-Synergy,35,0.4537117677,0.4558919711,-0.0021802034
anti_uav410,4,anti_uav410.load_4,AU-L04-W03,AU-L04-W03,731227,Random,22,0.4639364116,0.4653207962,-0.0013843846
anti_uav410,4,anti_uav410.load_4,AU-L04-W03,AU-L04-W03,731228,External-Auction,36,0.4411108489,0.4493560866,-0.0082452377
anti_uav410,4,anti_uav410.load_4,AU-L04-W03,AU-L04-W03,731228,Greedy,36,0.4411108489,0.4411108489,0.0
anti_uav410,4,anti_uav410.load_4,AU-L04-W03,AU-L04-W03,731228,No-Stability,36,0.4411108489,0.4574355699,-0.016324721
anti_uav410,4,anti_uav410.load_4,AU-L04-W03,AU-L04-W03,731228,No-Synergy,36,0.4411108489,0.4411108489,0.0
anti_uav410,4,anti_uav410.load_4,AU-L04-W03,AU-L04-W03,731228,Random,24,0.4455683506,0.4578161241,-0.0122477736
anti_uav410,4,anti_uav410.load_4,AU-L04-W03,AU-L04-W03,731229,External-Auction,36,0.4361293048,0.4369355794,-0.0008062747
anti_uav410,4,anti_uav410.load_4,AU-L04-W03,AU-L04-W03,731229,Greedy,36,0.4361293048,0.4361293048,0.0
anti_uav410,4,anti_uav410.load_4,AU-L04-W03,AU-L04-W03,731229,No-Stability,36,0.4361293048,0.458476924,-0.0223476192
anti_uav410,4,anti_uav410.load_4,AU-L04-W03,AU-L04-W03,731229,No-Synergy,36,0.4361293048,0.4361293048,0.0
anti_uav410,4,anti_uav410.load_4,AU-L04-W03,AU-L04-W03,731229,Random,22,0.4227489111,0.4391543005,-0.0164053894
anti_uav410,4,anti_uav410.load_4,AU-L04-W04,AU-L04-W04,731300,External-Auction,31,0.4160204124,0.471349915,-0.0553295026
anti_uav410,4,anti_uav410.load_4,AU-L04-W04,AU-L04-W04,731300,Greedy,31,0.4160204124,0.4592694273,-0.0432490149
anti_uav410,4,anti_uav410.load_4,AU-L04-W04,AU-L04-W04,731300,No-Stability,31,0.4160204124,0.4662469527,-0.0502265403
anti_uav410,4,anti_uav410.load_4,AU-L04-W04,AU-L04-W04,731300,No-Synergy,31,0.4160204124,0.4160204124,0.0
anti_uav410,4,anti_uav410.load_4,AU-L04-W04,AU-L04-W04,731300,Random,23,0.417129921,0.4478230492,-0.0306931282
anti_uav410,4,anti_uav410.load_4,AU-L04-W04,AU-L04-W04,731301,External-Auction,31,0.416039999,0.4321517038,-0.0161117048
anti_uav410,4,anti_uav410.load_4,AU-L04-W04,AU-L04-W04,731301,Greedy,31,0.416039999,0.4349135142,-0.0188735153
anti_uav410,4,anti_uav410.load_4,AU-L04-W04,AU-L04-W04,731301,No-Stability,31,0.416039999,0.4500363219,-0.033996323
anti_uav410,4,anti_uav410.load_4,AU-L04-W04,AU-L04-W04,731301,No-Synergy,31,0.416039999,0.416039999,0.0
anti_uav410,4,anti_uav410.load_4,AU-L04-W04,AU-L04-W04,731301,Random,23,0.4246362845,0.4335549906,-0.0089187062
anti_uav410,4,anti_uav410.load_4,AU-L04-W04,AU-L04-W04,731302,External-Auction,31,0.4264100863,0.4342437445,-0.0078336583
anti_uav410,4,anti_uav410.load_4,AU-L04-W04,AU-L04-W04,731302,Greedy,31,0.4264100863,0.4336810753,-0.007270989
anti_uav410,4,anti_uav410.load_4,AU-L04-W04,AU-L04-W04,731302,No-Stability,31,0.4264100863,0.4392801121,-0.0128700259
anti_uav410,4,anti_uav410.load_4,AU-L04-W04,AU-L04-W04,731302,No-Synergy,31,0.4264100863,0.4201784926,0.0062315936
anti_uav410,4,anti_uav410.load_4,AU-L04-W04,AU-L04-W04,731302,Random,27,0.4230419409,0.4379691221,-0.0149271812
anti_uav410,4,anti_uav410.load_4,AU-L04-W04,AU-L04-W04,731303,External-Auction,31,0.4051488706,0.4141127706,-0.0089639
anti_uav410,4,anti_uav410.load_4,AU-L04-W04,AU-L04-W04,731303,Greedy,31,0.4051488706,0.4414791454,-0.0363302748
anti_uav410,4,anti_uav410.load_4,AU-L04-W04,AU-L04-W04,731303,No-Stability,31,0.4051488706,0.4413174382,-0.0361685675
anti_uav410,4,anti_uav410.load_4,AU-L04-W04,AU-L04-W04,731303,No-Synergy,31,0.4051488706,0.4051488706,0.0
anti_uav410,4,anti_uav410.load_4,AU-L04-W04,AU-L04-W04,731303,Random,21,0.3888149544,0.4133748802,-0.0245599257
anti_uav410,4,anti_uav410.load_4,AU-L04-W04,AU-L04-W04,731304,External-Auction,31,0.4042863355,0.4188371384,-0.0145508029
anti_uav410,4,anti_uav410.load_4,AU-L04-W04,AU-L04-W04,731304,Greedy,31,0.4042863355,0.4540926285,-0.049806293
anti_uav410,4,anti_uav410.load_4,AU-L04-W04,AU-L04-W04,731304,No-Stability,31,0.4042863355,0.4522273939,-0.0479410584
anti_uav410,4,anti_uav410.load_4,AU-L04-W04,AU-L04-W04,731304,No-Synergy,31,0.4042863355,0.4042863355,0.0
anti_uav410,4,anti_uav410.load_4,AU-L04-W04,AU-L04-W04,731304,Random,21,0.4061532811,0.4502818593,-0.0441285781
anti_uav410,4,anti_uav410.load_4,AU-L04-W04,AU-L04-W04,731305,External-Auction,29,0.417904057,0.4276969519,-0.0097928949
anti_uav410,4,anti_uav410.load_4,AU-L04-W04,AU-L04-W04,731305,Greedy,30,0.4133483417,0.4206387819,-0.0072904403
anti_uav410,4,anti_uav410.load_4,AU-L04-W04,AU-L04-W04,731305,No-Stability,31,0.4149062791,0.4420532018,-0.0271469228
anti_uav410,4,anti_uav410.load_4,AU-L04-W04,AU-L04-W04,731305,No-Synergy,31,0.4149062791,0.4049880894,0.0099181897
anti_uav410,4,anti_uav410.load_4,AU-L04-W04,AU-L04-W04,731305,Random,22,0.4110959468,0.42574648,-0.0146505331
anti_uav410,4,anti_uav410.load_4,AU-L04-W04,AU-L04-W04,731306,External-Auction,29,0.434311532,0.4355209466,-0.0012094146
anti_uav410,4,anti_uav410.load_4,AU-L04-W04,AU-L04-W04,731306,Greedy,29,0.434311532,0.4370975653,-0.0027860333
anti_uav410,4,anti_uav410.load_4,AU-L04-W04,AU-L04-W04,731306,No-Stability,29,0.434311532,0.4547609935,-0.0204494615
anti_uav410,4,anti_uav410.load_4,AU-L04-W04,AU-L04-W04,731306,No-Synergy,29,0.434311532,0.434311532,0.0
anti_uav410,4,anti_uav410.load_4,AU-L04-W04,AU-L04-W04,731306,Random,23,0.4417853303,0.4487220225,-0.0069366922
anti_uav410,4,anti_uav410.load_4,AU-L04-W04,AU-L04-W04,731307,External-Auction,31,0.4018868833,0.4137205768,-0.0118336936
anti_uav410,4,anti_uav410.load_4,AU-L04-W04,AU-L04-W04,731307,Greedy,31,0.4018868833,0.4018868833,0.0
anti_uav410,4,anti_uav410.load_4,AU-L04-W04,AU-L04-W04,731307,No-Stability,31,0.4018868833,0.4600465777,-0.0581596945
anti_uav410,4,anti_uav410.load_4,AU-L04-W04,AU-L04-W04,731307,No-Synergy,31,0.4018868833,0.4018868833,0.0
anti_uav410,4,anti_uav410.load_4,AU-L04-W04,AU-L04-W04,731307,Random,20,0.4069848847,0.4516341705,-0.0446492858
anti_uav410,4,anti_uav410.load_4,AU-L04-W04,AU-L04-W04,731308,External-Auction,31,0.4164858664,0.423822533,-0.0073366667
anti_uav410,4,anti_uav410.load_4,AU-L04-W04,AU-L04-W04,731308,Greedy,31,0.4164858664,0.423822533,-0.0073366667
anti_uav410,4,anti_uav410.load_4,AU-L04-W04,AU-L04-W04,731308,No-Stability,31,0.4164858664,0.4324004886,-0.0159146222
anti_uav410,4,anti_uav410.load_4,AU-L04-W04,AU-L04-W04,731308,No-Synergy,31,0.4164858664,0.4164858664,0.0
anti_uav410,4,anti_uav410.load_4,AU-L04-W04,AU-L04-W04,731308,Random,26,0.4122593814,0.4226557976,-0.0103964162
anti_uav410,4,anti_uav410.load_4,AU-L04-W04,AU-L04-W04,731309,External-Auction,31,0.4016914528,0.425180995,-0.0234895423
anti_uav410,4,anti_uav410.load_4,AU-L04-W04,AU-L04-W04,731309,Greedy,30,0.4040052977,0.4321073581,-0.0281020604
anti_uav410,4,anti_uav410.load_4,AU-L04-W04,AU-L04-W04,731309,No-Stability,31,0.4016914528,0.4143466279,-0.0126551751
anti_uav410,4,anti_uav410.load_4,AU-L04-W04,AU-L04-W04,731309,No-Synergy,31,0.4016914528,0.4016914528,0.0
anti_uav410,4,anti_uav410.load_4,AU-L04-W04,AU-L04-W04,731309,Random,23,0.3945190882,0.3985888514,-0.0040697632
anti_uav410,4,anti_uav410.load_4,AU-L04-W04,AU-L04-W04,731310,External-Auction,30,0.4094782121,0.4214935656,-0.0120153534
anti_uav410,4,anti_uav410.load_4,AU-L04-W04,AU-L04-W04,731310,Greedy,30,0.4094782121,0.4183598464,-0.0088816342
anti_uav410,4,anti_uav410.load_4,AU-L04-W04,AU-L04-W04,731310,No-Stability,31,0.410716528,0.4481019374,-0.0373854094
anti_uav410,4,anti_uav410.load_4,AU-L04-W04,AU-L04-W04,731310,No-Synergy,31,0.410716528,0.4040493515,0.0066671766
anti_uav410,4,anti_uav410.load_4,AU-L04-W04,AU-L04-W04,731310,Random,19,0.4088052289,0.429254889,-0.0204496601
anti_uav410,4,anti_uav410.load_4,AU-L04-W04,AU-L04-W04,731311,External-Auction,29,0.4214937374,0.4227134105,-0.0012196731
anti_uav410,4,anti_uav410.load_4,AU-L04-W04,AU-L04-W04,731311,Greedy,29,0.4282551052,0.4282551052,0.0
anti_uav410,4,anti_uav410.load_4,AU-L04-W04,AU-L04-W04,731311,No-Stability,31,0.4183082277,0.4292751049,-0.0109668773
anti_uav410,4,anti_uav410.load_4,AU-L04-W04,AU-L04-W04,731311,No-Synergy,31,0.4183082277,0.4163092605,0.0019989672
anti_uav410,4,anti_uav410.load_4,AU-L04-W04,AU-L04-W04,731311,Random,22,0.4124630337,0.4175402965,-0.0050772628
anti_uav410,4,anti_uav410.load_4,AU-L04-W04,AU-L04-W04,731312,External-Auction,31,0.4236129747,0.4418457455,-0.0182327707
anti_uav410,4,anti_uav410.load_4,AU-L04-W04,AU-L04-W04,731312,Greedy,31,0.4236129747,0.4406457322,-0.0170327574
anti_uav410,4,anti_uav410.load_4,AU-L04-W04,AU-L04-W04,731312,No-Stability,31,0.4236129747,0.4485482277,-0.0249352529
anti_uav410,4,anti_uav410.load_4,AU-L04-W04,AU-L04-W04,731312,No-Synergy,31,0.4236129747,0.4236129747,0.0
anti_uav410,4,anti_uav410.load_4,AU-L04-W04,AU-L04-W04,731312,Random,24,0.418594245,0.4322283114,-0.0136340665
anti_uav410,4,anti_uav410.load_4,AU-L04-W04,AU-L04-W04,731313,External-Auction,31,0.4270561539,0.4576545795,-0.0305984256
anti_uav410,4,anti_uav410.load_4,AU-L04-W04,AU-L04-W04,731313,Greedy,31,0.4270561539,0.446661797,-0.019605643
anti_uav410,4,anti_uav410.load_4,AU-L04-W04,AU-L04-W04,731313,No-Stability,31,0.4270561539,0.4621434417,-0.0350872878
anti_uav410,4,anti_uav410.load_4,AU-L04-W04,AU-L04-W04,731313,No-Synergy,31,0.4270561539,0.4186979158,0.0083582382
anti_uav410,4,anti_uav410.load_4,AU-L04-W04,AU-L04-W04,731313,Random,24,0.4294421079,0.453666424,-0.0242243161
anti_uav410,4,anti_uav410.load_4,AU-L04-W04,AU-L04-W04,731314,External-Auction,31,0.4230970693,0.4230970693,0.0
anti_uav410,4,anti_uav410.load_4,AU-L04-W04,AU-L04-W04,731314,Greedy,31,0.4230970693,0.4230970693,0.0
anti_uav410,4,anti_uav410.load_4,AU-L04-W04,AU-L04-W04,731314,No-Stability,31,0.4230970693,0.4258857214,-0.0027886521
anti_uav410,4,anti_uav410.load_4,AU-L04-W04,AU-L04-W04,731314,No-Synergy,31,0.4230970693,0.4194642999,0.0036327694
anti_uav410,4,anti_uav410.load_4,AU-L04-W04,AU-L04-W04,731314,Random,22,0.4148331264,0.4116780924,0.003155034
anti_uav410,4,anti_uav410.load_4,AU-L04-W04,AU-L04-W04,731315,External-Auction,31,0.4331059001,0.4446159537,-0.0115100536
anti_uav410,4,anti_uav410.load_4,AU-L04-W04,AU-L04-W04,731315,Greedy,31,0.4331059001,0.4446159537,-0.0115100536
anti_uav410,4,anti_uav410.load_4,AU-L04-W04,AU-L04-W04,731315,No-Stability,31,0.4331059001,0.4463711829,-0.0132652828
anti_uav410,4,anti_uav410.load_4,AU-L04-W04,AU-L04-W04,731315,No-Synergy,31,0.4331059001,0.4331059001,0.0
anti_uav410,4,anti_uav410.load_4,AU-L04-W04,AU-L04-W04,731315,Random,22,0.4350301017,0.4360636381,-0.0010335363
anti_uav410,4,anti_uav410.load_4,AU-L04-W04,AU-L04-W04,731316,External-Auction,30,0.401553838,0.4212685355,-0.0197146975
anti_uav410,4,anti_uav410.load_4,AU-L04-W04,AU-L04-W04,731316,Greedy,30,0.401553838,0.4212685355,-0.0197146975
anti_uav410,4,anti_uav410.load_4,AU-L04-W04,AU-L04-W04,731316,No-Stability,31,0.3982046474,0.4195556832,-0.0213510358
anti_uav410,4,anti_uav410.load_4,AU-L04-W04,AU-L04-W04,731316,No-Synergy,31,0.3982046474,0.3982046474,0.0
anti_uav410,4,anti_uav410.load_4,AU-L04-W04,AU-L04-W04,731316,Random,28,0.3986803567,0.4173511515,-0.0186707948
anti_uav410,4,anti_uav410.load_4,AU-L04-W04,AU-L04-W04,731317,External-Auction,30,0.4225943399,0.4190574172,0.0035369227
anti_uav410,4,anti_uav410.load_4,AU-L04-W04,AU-L04-W04,731317,Greedy,30,0.4225943399,0.4289590946,-0.0063647548
anti_uav410,4,anti_uav410.load_4,AU-L04-W04,AU-L04-W04,731317,No-Stability,30,0.4225943399,0.4359435506,-0.0133492108
anti_uav410,4,anti_uav410.load_4,AU-L04-W04,AU-L04-W04,731317,No-Synergy,30,0.4225943399,0.4225943399,0.0
anti_uav410,4,anti_uav410.load_4,AU-L04-W04,AU-L04-W04,731317,Random,22,0.4293121931,0.4361430325,-0.0068308394
anti_uav410,4,anti_uav410.load_4,AU-L04-W04,AU-L04-W04,731318,External-Auction,31,0.4107201883,0.4273016264,-0.0165814381
anti_uav410,4,anti_uav410.load_4,AU-L04-W04,AU-L04-W04,731318,Greedy,31,0.4107201883,0.421679941,-0.0109597526
anti_uav410,4,anti_uav410.load_4,AU-L04-W04,AU-L04-W04,731318,No-Stability,31,0.4107201883,0.4572702937,-0.0465501054
anti_uav410,4,anti_uav410.load_4,AU-L04-W04,AU-L04-W04,731318,No-Synergy,31,0.4107201883,0.4030295526,0.0076906357
anti_uav410,4,anti_uav410.load_4,AU-L04-W04,AU-L04-W04,731318,Random,21,0.4145050826,0.4448808375,-0.0303757549
anti_uav410,4,anti_uav410.load_4,AU-L04-W04,AU-L04-W04,731319,External-Auction,31,0.4092624891,0.4365913202,-0.0273288311
anti_uav410,4,anti_uav410.load_4,AU-L04-W04,AU-L04-W04,731319,Greedy,31,0.4092624891,0.4347989282,-0.0255364391
anti_uav410,4,anti_uav410.load_4,AU-L04-W04,AU-L04-W04,731319,No-Stability,31,0.4092624891,0.451533792,-0.042271303
anti_uav410,4,anti_uav410.load_4,AU-L04-W04,AU-L04-W04,731319,No-Synergy,31,0.4092624891,0.4092624891,0.0
anti_uav410,4,anti_uav410.load_4,AU-L04-W04,AU-L04-W04,731319,Random,19,0.4220881416,0.451611845,-0.0295237034
anti_uav410,4,anti_uav410.load_4,AU-L04-W04,AU-L04-W04,731320,External-Auction,31,0.4070050158,0.4135120718,-0.006507056
anti_uav410,4,anti_uav410.load_4,AU-L04-W04,AU-L04-W04,731320,Greedy,31,0.4070050158,0.4117897857,-0.00478477
anti_uav410,4,anti_uav410.load_4,AU-L04-W04,AU-L04-W04,731320,No-Stability,31,0.4070050158,0.437763126,-0.0307581102
anti_uav410,4,anti_uav410.load_4,AU-L04-W04,AU-L04-W04,731320,No-Synergy,31,0.4070050158,0.4070050158,0.0
anti_uav410,4,anti_uav410.load_4,AU-L04-W04,AU-L04-W04,731320,Random,25,0.4016653812,0.4171577548,-0.0154923736
anti_uav410,4,anti_uav410.load_4,AU-L04-W04,AU-L04-W04,731321,External-Auction,31,0.4127866155,0.4181447169,-0.0053581013
anti_uav410,4,anti_uav410.load_4,AU-L04-W04,AU-L04-W04,731321,Greedy,31,0.4127866155,0.4240035777,-0.0112169622
anti_uav410,4,anti_uav410.load_4,AU-L04-W04,AU-L04-W04,731321,No-Stability,31,0.4127866155,0.447655188,-0.0348685724
anti_uav410,4,anti_uav410.load_4,AU-L04-W04,AU-L04-W04,731321,No-Synergy,31,0.4127866155,0.4126370085,0.0001496071
anti_uav410,4,anti_uav410.load_4,AU-L04-W04,AU-L04-W04,731321,Random,25,0.4158961519,0.4311799114,-0.0152837595
anti_uav410,4,anti_uav410.load_4,AU-L04-W04,AU-L04-W04,731322,External-Auction,30,0.4079242758,0.4079242758,0.0
anti_uav410,4,anti_uav410.load_4,AU-L04-W04,AU-L04-W04,731322,Greedy,30,0.4079242758,0.4079242758,0.0
anti_uav410,4,anti_uav410.load_4,AU-L04-W04,AU-L04-W04,731322,No-Stability,31,0.4094709594,0.4257552454,-0.016284286
anti_uav410,4,anti_uav410.load_4,AU-L04-W04,AU-L04-W04,731322,No-Synergy,31,0.4094709594,0.4094709594,0.0
anti_uav410,4,anti_uav410.load_4,AU-L04-W04,AU-L04-W04,731322,Random,25,0.4117169817,0.4222307784,-0.0105137968
anti_uav410,4,anti_uav410.load_4,AU-L04-W04,AU-L04-W04,731323,External-Auction,31,0.4030757815,0.4107037677,-0.0076279861
anti_uav410,4,anti_uav410.load_4,AU-L04-W04,AU-L04-W04,731323,Greedy,31,0.4030757815,0.4101547472,-0.0070789657
anti_uav410,4,anti_uav410.load_4,AU-L04-W04,AU-L04-W04,731323,No-Stability,31,0.4030757815,0.4185121507,-0.0154363691
anti_uav410,4,anti_uav410.load_4,AU-L04-W04,AU-L04-W04,731323,No-Synergy,31,0.4030757815,0.4030757815,0.0
anti_uav410,4,anti_uav410.load_4,AU-L04-W04,AU-L04-W04,731323,Random,21,0.4059447304,0.4088449622,-0.0029002318
anti_uav410,4,anti_uav410.load_4,AU-L04-W04,AU-L04-W04,731324,External-Auction,31,0.4379772397,0.4386415376,-0.0006642979
anti_uav410,4,anti_uav410.load_4,AU-L04-W04,AU-L04-W04,731324,Greedy,31,0.4379772397,0.4476708611,-0.0096936213
anti_uav410,4,anti_uav410.load_4,AU-L04-W04,AU-L04-W04,731324,No-Stability,31,0.4379772397,0.4469198014,-0.0089425617
anti_uav410,4,anti_uav410.load_4,AU-L04-W04,AU-L04-W04,731324,No-Synergy,31,0.4379772397,0.4277895192,0.0101877206
anti_uav410,4,anti_uav410.load_4,AU-L04-W04,AU-L04-W04,731324,Random,22,0.4513046225,0.4569517626,-0.0056471401
anti_uav410,4,anti_uav410.load_4,AU-L04-W04,AU-L04-W04,731325,External-Auction,30,0.4036061201,0.4085255809,-0.0049194608
anti_uav410,4,anti_uav410.load_4,AU-L04-W04,AU-L04-W04,731325,Greedy,30,0.4036061201,0.4085255809,-0.0049194608
anti_uav410,4,anti_uav410.load_4,AU-L04-W04,AU-L04-W04,731325,No-Stability,30,0.4036061201,0.4231596896,-0.0195535696
anti_uav410,4,anti_uav410.load_4,AU-L04-W04,AU-L04-W04,731325,No-Synergy,30,0.4036061201,0.4052156309,-0.0016095109
anti_uav410,4,anti_uav410.load_4,AU-L04-W04,AU-L04-W04,731325,Random,18,0.4139744519,0.4331371532,-0.0191627013
anti_uav410,4,anti_uav410.load_4,AU-L04-W04,AU-L04-W04,731326,External-Auction,30,0.4178859543,0.4124425051,0.0054434492
anti_uav410,4,anti_uav410.load_4,AU-L04-W04,AU-L04-W04,731326,Greedy,30,0.4225601009,0.4390873763,-0.0165272754
anti_uav410,4,anti_uav410.load_4,AU-L04-W04,AU-L04-W04,731326,No-Stability,31,0.4192491839,0.4376730966,-0.0184239127
anti_uav410,4,anti_uav410.load_4,AU-L04-W04,AU-L04-W04,731326,No-Synergy,31,0.4192491839,0.4099775697,0.0092716142
anti_uav410,4,anti_uav410.load_4,AU-L04-W04,AU-L04-W04,731326,Random,23,0.4313779267,0.4398953486,-0.0085174219
anti_uav410,4,anti_uav410.load_4,AU-L04-W04,AU-L04-W04,731327,External-Auction,31,0.4184981826,0.4195245115,-0.0010263289
anti_uav410,4,anti_uav410.load_4,AU-L04-W04,AU-L04-W04,731327,Greedy,31,0.4184981826,0.4188608002,-0.0003626176
anti_uav410,4,anti_uav410.load_4,AU-L04-W04,AU-L04-W04,731327,No-Stability,31,0.4184981826,0.4398522675,-0.0213540849
anti_uav410,4,anti_uav410.load_4,AU-L04-W04,AU-L04-W04,731327,No-Synergy,31,0.4184981826,0.4184981826,0.0
anti_uav410,4,anti_uav410.load_4,AU-L04-W04,AU-L04-W04,731327,Random,23,0.420509658,0.4294084992,-0.0088988412
anti_uav410,4,anti_uav410.load_4,AU-L04-W04,AU-L04-W04,731328,External-Auction,31,0.4438539518,0.4667761803,-0.0229222285
anti_uav410,4,anti_uav410.load_4,AU-L04-W04,AU-L04-W04,731328,Greedy,31,0.4438539518,0.4652887667,-0.0214348149
anti_uav410,4,anti_uav410.load_4,AU-L04-W04,AU-L04-W04,731328,No-Stability,31,0.4438539518,0.4802842948,-0.0364303429
anti_uav410,4,anti_uav410.load_4,AU-L04-W04,AU-L04-W04,731328,No-Synergy,31,0.4438539518,0.4438539518,0.0
anti_uav410,4,anti_uav410.load_4,AU-L04-W04,AU-L04-W04,731328,Random,22,0.4498557202,0.4707955907,-0.0209398704
anti_uav410,4,anti_uav410.load_4,AU-L04-W04,AU-L04-W04,731329,External-Auction,31,0.4249582825,0.4317379012,-0.0067796188
anti_uav410,4,anti_uav410.load_4,AU-L04-W04,AU-L04-W04,731329,Greedy,31,0.4249582825,0.4309161951,-0.0059579126
anti_uav410,4,anti_uav410.load_4,AU-L04-W04,AU-L04-W04,731329,No-Stability,31,0.4249582825,0.4323750602,-0.0074167777
anti_uav410,4,anti_uav410.load_4,AU-L04-W04,AU-L04-W04,731329,No-Synergy,31,0.4249582825,0.4249582825,0.0
anti_uav410,4,anti_uav410.load_4,AU-L04-W04,AU-L04-W04,731329,Random,23,0.4224508048,0.432750271,-0.0102994662
anti_uav410,4,anti_uav410.load_4,AU-L04-W05,AU-L04-W05,731400,External-Auction,34,0.3884303604,0.3944384485,-0.0060080881
anti_uav410,4,anti_uav410.load_4,AU-L04-W05,AU-L04-W05,731400,Greedy,35,0.3846618432,0.3850004103,-0.0003385671
anti_uav410,4,anti_uav410.load_4,AU-L04-W05,AU-L04-W05,731400,No-Stability,35,0.3846618432,0.4057986372,-0.021136794
anti_uav410,4,anti_uav410.load_4,AU-L04-W05,AU-L04-W05,731400,No-Synergy,35,0.3846618432,0.3846618432,0.0
anti_uav410,4,anti_uav410.load_4,AU-L04-W05,AU-L04-W05,731400,Random,25,0.3693510291,0.3962936356,-0.0269426065
anti_uav410,4,anti_uav410.load_4,AU-L04-W05,AU-L04-W05,731401,External-Auction,35,0.4129639741,0.4128783941,8.558e-05
anti_uav410,4,anti_uav410.load_4,AU-L04-W05,AU-L04-W05,731401,Greedy,35,0.4129639741,0.4128783941,8.558e-05
anti_uav410,4,anti_uav410.load_4,AU-L04-W05,AU-L04-W05,731401,No-Stability,35,0.4129639741,0.3984455632,0.0145184109
anti_uav410,4,anti_uav410.load_4,AU-L04-W05,AU-L04-W05,731401,No-Synergy,35,0.4129639741,0.4129639741,0.0
anti_uav410,4,anti_uav410.load_4,AU-L04-W05,AU-L04-W05,731401,Random,25,0.373171195,0.3694187529,0.0037524421
anti_uav410,4,anti_uav410.load_4,AU-L04-W05,AU-L04-W05,731402,External-Auction,34,0.3752133898,0.3866517096,-0.0114383198
anti_uav410,4,anti_uav410.load_4,AU-L04-W05,AU-L04-W05,731402,Greedy,34,0.3752133898,0.3866517096,-0.0114383198
anti_uav410,4,anti_uav410.load_4,AU-L04-W05,AU-L04-W05,731402,No-Stability,35,0.3719226762,0.3909110548,-0.0189883787
anti_uav410,4,anti_uav410.load_4,AU-L04-W05,AU-L04-W05,731402,No-Synergy,35,0.3719226762,0.3719226762,0.0
anti_uav410,4,anti_uav410.load_4,AU-L04-W05,AU-L04-W05,731402,Random,23,0.3621960167,0.3804125044,-0.0182164877
anti_uav410,4,anti_uav410.load_4,AU-L04-W05,AU-L04-W05,731403,External-Auction,34,0.3949184341,0.4171830304,-0.0222645963
anti_uav410,4,anti_uav410.load_4,AU-L04-W05,AU-L04-W05,731403,Greedy,34,0.3949184341,0.4165510869,-0.0216326528
anti_uav410,4,anti_uav410.load_4,AU-L04-W05,AU-L04-W05,731403,No-Stability,34,0.3949184341,0.4184930255,-0.0235745914
anti_uav410,4,anti_uav410.load_4,AU-L04-W05,AU-L04-W05,731403,No-Synergy,34,0.3949184341,0.3949184341,0.0
anti_uav410,4,anti_uav410.load_4,AU-L04-W05,AU-L04-W05,731403,Random,23,0.4024920268,0.4301668375,-0.0276748107
anti_uav410,4,anti_uav410.load_4,AU-L04-W05,AU-L04-W05,731404,External-Auction,35,0.3675758665,0.3695943115,-0.002018445
anti_uav410,4,anti_uav410.load_4,AU-L04-W05,AU-L04-W05,731404,Greedy,33,0.3726881154,0.3725686629,0.0001194525
anti_uav410,4,anti_uav410.load_4,AU-L04-W05,AU-L04-W05,731404,No-Stability,35,0.3675758665,0.3897788466,-0.0222029801
anti_uav410,4,anti_uav410.load_4,AU-L04-W05,AU-L04-W05,731404,No-Synergy,35,0.3675758665,0.3675758665,0.0
anti_uav410,4,anti_uav410.load_4,AU-L04-W05,AU-L04-W05,731404,Random,23,0.3641128031,0.3779248015,-0.0138119984
anti_uav410,4,anti_uav410.load_4,AU-L04-W05,AU-L04-W05,731405,External-Auction,34,0.3845257428,0.3899962125,-0.0054704697
anti_uav410,4,anti_uav410.load_4,AU-L04-W05,AU-L04-W05,731405,Greedy,35,0.3804126804,0.3850031501,-0.0045904697
anti_uav410,4,anti_uav410.load_4,AU-L04-W05,AU-L04-W05,731405,No-Stability,35,0.3804126804,0.3982378688,-0.0178251884
anti_uav410,4,anti_uav410.load_4,AU-L04-W05,AU-L04-W05,731405,No-Synergy,35,0.3804126804,0.3804126804,0.0
anti_uav410,4,anti_uav410.load_4,AU-L04-W05,AU-L04-W05,731405,Random,27,0.3757804837,0.3903906181,-0.0146101344
anti_uav410,4,anti_uav410.load_4,AU-L04-W05,AU-L04-W05,731406,External-Auction,34,0.3861870494,0.3871468168,-0.0009597674
anti_uav410,4,anti_uav410.load_4,AU-L04-W05,AU-L04-W05,731406,Greedy,34,0.3861870494,0.3871468168,-0.0009597674
anti_uav410,4,anti_uav410.load_4,AU-L04-W05,AU-L04-W05,731406,No-Stability,34,0.3861870494,0.4041192536,-0.0179322042
anti_uav410,4,anti_uav410.load_4,AU-L04-W05,AU-L04-W05,731406,No-Synergy,34,0.3861870494,0.3861870494,0.0
anti_uav410,4,anti_uav410.load_4,AU-L04-W05,AU-L04-W05,731406,Random,25,0.3894945486,0.4068680129,-0.0173734643
anti_uav410,4,anti_uav410.load_4,AU-L04-W05,AU-L04-W05,731407,External-Auction,34,0.3927153143,0.3989800879,-0.0062647736
anti_uav410,4,anti_uav410.load_4,AU-L04-W05,AU-L04-W05,731407,Greedy,34,0.3927153143,0.3990726513,-0.006357337
anti_uav410,4,anti_uav410.load_4,AU-L04-W05,AU-L04-W05,731407,No-Stability,34,0.3927153143,0.4155726087,-0.0228572944
anti_uav410,4,anti_uav410.load_4,AU-L04-W05,AU-L04-W05,731407,No-Synergy,34,0.3927153143,0.3927153143,0.0
anti_uav410,4,anti_uav410.load_4,AU-L04-W05,AU-L04-W05,731407,Random,23,0.3957335413,0.4052963179,-0.0095627766
anti_uav410,4,anti_uav410.load_4,AU-L04-W05,AU-L04-W05,731408,External-Auction,34,0.3893343762,0.3893343762,0.0
anti_uav410,4,anti_uav410.load_4,AU-L04-W05,AU-L04-W05,731408,Greedy,34,0.3893343762,0.3893343762,0.0
anti_uav410,4,anti_uav410.load_4,AU-L04-W05,AU-L04-W05,731408,No-Stability,34,0.3893343762,0.3987533305,-0.0094189543
anti_uav410,4,anti_uav410.load_4,AU-L04-W05,AU-L04-W05,731408,No-Synergy,34,0.3893343762,0.3893343762,0.0
anti_uav410,4,anti_uav410.load_4,AU-L04-W05,AU-L04-W05,731408,Random,24,0.4019702008,0.4020225137,-5.23129e-05
anti_uav410,4,anti_uav410.load_4,AU-L04-W05,AU-L04-W05,731409,External-Auction,33,0.3901470471,0.3977641042,-0.0076170571
anti_uav410,4,anti_uav410.load_4,AU-L04-W05,AU-L04-W05,731409,Greedy,35,0.3832465183,0.3854789839,-0.0022324656
anti_uav410,4,anti_uav410.load_4,AU-L04-W05,AU-L04-W05,731409,No-Stability,35,0.3832465183,0.3944281519,-0.0111816337
anti_uav410,4,anti_uav410.load_4,AU-L04-W05,AU-L04-W05,731409,No-Synergy,35,0.3832465183,0.3832465183,0.0
anti_uav410,4,anti_uav410.load_4,AU-L04-W05,AU-L04-W05,731409,Random,25,0.3901118242,0.4045625904,-0.0144507662
anti_uav410,4,anti_uav410.load_4,AU-L04-W05,AU-L04-W05,731410,External-Auction,34,0.3814291375,0.3913489629,-0.0099198254
anti_uav410,4,anti_uav410.load_4,AU-L04-W05,AU-L04-W05,731410,Greedy,34,0.3814291375,0.3913489629,-0.0099198254
anti_uav410,4,anti_uav410.load_4,AU-L04-W05,AU-L04-W05,731410,No-Stability,34,0.3814291375,0.4032443484,-0.0218152109
anti_uav410,4,anti_uav410.load_4,AU-L04-W05,AU-L04-W05,731410,No-Synergy,34,0.3814291375,0.3814291375,0.0
anti_uav410,4,anti_uav410.load_4,AU-L04-W05,AU-L04-W05,731410,Random,21,0.3516929986,0.3641543365,-0.0124613379
anti_uav410,4,anti_uav410.load_4,AU-L04-W05,AU-L04-W05,731411,External-Auction,35,0.3920907379,0.3986974733,-0.0066067355
anti_uav410,4,anti_uav410.load_4,AU-L04-W05,AU-L04-W05,731411,Greedy,33,0.3989589469,0.4057858982,-0.0068269513
anti_uav410,4,anti_uav410.load_4,AU-L04-W05,AU-L04-W05,731411,No-Stability,35,0.3920907379,0.4142561985,-0.0221654606
anti_uav410,4,anti_uav410.load_4,AU-L04-W05,AU-L04-W05,731411,No-Synergy,35,0.3920907379,0.3920907379,0.0
anti_uav410,4,anti_uav410.load_4,AU-L04-W05,AU-L04-W05,731411,Random,26,0.4119798129,0.4186740324,-0.0066942195
anti_uav410,4,anti_uav410.load_4,AU-L04-W05,AU-L04-W05,731412,External-Auction,33,0.3712490449,0.375189847,-0.0039408021
anti_uav410,4,anti_uav410.load_4,AU-L04-W05,AU-L04-W05,731412,Greedy,35,0.3666338071,0.3665334782,0.000100329
anti_uav410,4,anti_uav410.load_4,AU-L04-W05,AU-L04-W05,731412,No-Stability,35,0.3666338071,0.3880386418,-0.0214048346
anti_uav410,4,anti_uav410.load_4,AU-L04-W05,AU-L04-W05,731412,No-Synergy,35,0.3666338071,0.3666338071,0.0
anti_uav410,4,anti_uav410.load_4,AU-L04-W05,AU-L04-W05,731412,Random,24,0.3524661636,0.3724655676,-0.0199994039
anti_uav410,4,anti_uav410.load_4,AU-L04-W05,AU-L04-W05,731413,External-Auction,35,0.3762993424,0.3763714555,-7.21131e-05
anti_uav410,4,anti_uav410.load_4,AU-L04-W05,AU-L04-W05,731413,Greedy,35,0.3762993424,0.3763714555,-7.21131e-05
anti_uav410,4,anti_uav410.load_4,AU-L04-W05,AU-L04-W05,731413,No-Stability,35,0.3762993424,0.4119820262,-0.0356826838
anti_uav410,4,anti_uav410.load_4,AU-L04-W05,AU-L04-W05,731413,No-Synergy,35,0.3762993424,0.3762993424,0.0
anti_uav410,4,anti_uav410.load_4,AU-L04-W05,AU-L04-W05,731413,Random,26,0.3708803602,0.3842007028,-0.0133203425
anti_uav410,4,anti_uav410.load_4,AU-L04-W05,AU-L04-W05,731414,External-Auction,33,0.3751072486,0.3841462331,-0.0090389845
anti_uav410,4,anti_uav410.load_4,AU-L04-W05,AU-L04-W05,731414,Greedy,34,0.3739468751,0.3768590426,-0.0029121675
anti_uav410,4,anti_uav410.load_4,AU-L04-W05,AU-L04-W05,731414,No-Stability,34,0.3739468751,0.3917271684,-0.0177802933
anti_uav410,4,anti_uav410.load_4,AU-L04-W05,AU-L04-W05,731414,No-Synergy,34,0.3739468751,0.3739468751,0.0
anti_uav410,4,anti_uav410.load_4,AU-L04-W05,AU-L04-W05,731414,Random,25,0.3833175277,0.3973587133,-0.0140411855
anti_uav410,4,anti_uav410.load_4,AU-L04-W05,AU-L04-W05,731415,External-Auction,34,0.3861989081,0.3763407052,0.0098582029
anti_uav410,4,anti_uav410.load_4,AU-L04-W05,AU-L04-W05,731415,Greedy,34,0.3861989081,0.3743434665,0.0118554417
anti_uav410,4,anti_uav410.load_4,AU-L04-W05,AU-L04-W05,731415,No-Stability,35,0.3816997794,0.4021764365,-0.0204766571
anti_uav410,4,anti_uav410.load_4,AU-L04-W05,AU-L04-W05,731415,No-Synergy,35,0.3816997794,0.3816997794,0.0
anti_uav410,4,anti_uav410.load_4,AU-L04-W05,AU-L04-W05,731415,Random,27,0.3716964673,0.3980363647,-0.0263398974
anti_uav410,4,anti_uav410.load_4,AU-L04-W05,AU-L04-W05,731416,External-Auction,34,0.3816398151,0.3882222497,-0.0065824346
anti_uav410,4,anti_uav410.load_4,AU-L04-W05,AU-L04-W05,731416,Greedy,34,0.3816398151,0.3833865589,-0.0017467438
anti_uav410,4,anti_uav410.load_4,AU-L04-W05,AU-L04-W05,731416,No-Stability,34,0.3816398151,0.3936129978,-0.0119731827
anti_uav410,4,anti_uav410.load_4,AU-L04-W05,AU-L04-W05,731416,No-Synergy,34,0.3816398151,0.3816398151,0.0
anti_uav410,4,anti_uav410.load_4,AU-L04-W05,AU-L04-W05,731416,Random,23,0.3772350857,0.3926497029,-0.0154146172
anti_uav410,4,anti_uav410.load_4,AU-L04-W05,AU-L04-W05,731417,External-Auction,34,0.3767052888,0.3768883768,-0.000183088
anti_uav410,4,anti_uav410.load_4,AU-L04-W05,AU-L04-W05,731417,Greedy,34,0.3767052888,0.3768883768,-0.000183088
anti_uav410,4,anti_uav410.load_4,AU-L04-W05,AU-L04-W05,731417,No-Stability,34,0.3767052888,0.3999672758,-0.023261987
anti_uav410,4,anti_uav410.load_4,AU-L04-W05,AU-L04-W05,731417,No-Synergy,34,0.3767052888,0.3757560756,0.0009492132
anti_uav410,4,anti_uav410.load_4,AU-L04-W05,AU-L04-W05,731417,Random,31,0.3741475316,0.3925851051,-0.0184375736
anti_uav410,4,anti_uav410.load_4,AU-L04-W05,AU-L04-W05,731418,External-Auction,34,0.3940469485,0.3907804863,0.0032664623
anti_uav410,4,anti_uav410.load_4,AU-L04-W05,AU-L04-W05,731418,Greedy,34,0.3940469485,0.3932390898,0.0008078587
anti_uav410,4,anti_uav410.load_4,AU-L04-W05,AU-L04-W05,731418,No-Stability,34,0.3940469485,0.4111046125,-0.017057664
anti_uav410,4,anti_uav410.load_4,AU-L04-W05,AU-L04-W05,731418,No-Synergy,34,0.3940469485,0.3940469485,0.0
anti_uav410,4,anti_uav410.load_4,AU-L04-W05,AU-L04-W05,731418,Random,26,0.3962986495,0.4038767509,-0.0075781014
anti_uav410,4,anti_uav410.load_4,AU-L04-W05,AU-L04-W05,731419,External-Auction,34,0.3914606748,0.398796318,-0.0073356432
anti_uav410,4,anti_uav410.load_4,AU-L04-W05,AU-L04-W05,731419,Greedy,34,0.3914606748,0.3914606748,0.0
anti_uav410,4,anti_uav410.load_4,AU-L04-W05,AU-L04-W05,731419,No-Stability,34,0.3914606748,0.4101041667,-0.0186434919
anti_uav410,4,anti_uav410.load_4,AU-L04-W05,AU-L04-W05,731419,No-Synergy,34,0.3914606748,0.3902343833,0.0012262915
anti_uav410,4,anti_uav410.load_4,AU-L04-W05,AU-L04-W05,731419,Random,23,0.385904088,0.4037346703,-0.0178305823
anti_uav410,4,anti_uav410.load_4,AU-L04-W05,AU-L04-W05,731420,External-Auction,34,0.3906342048,0.3992380249,-0.0086038201
anti_uav410,4,anti_uav410.load_4,AU-L04-W05,AU-L04-W05,731420,Greedy,34,0.3906342048,0.4016622219,-0.0110280171
anti_uav410,4,anti_uav410.load_4,AU-L04-W05,AU-L04-W05,731420,No-Stability,34,0.3906342048,0.4130230671,-0.0223888623
anti_uav410,4,anti_uav410.load_4,AU-L04-W05,AU-L04-W05,731420,No-Synergy,34,0.3906342048,0.3906342048,0.0
anti_uav410,4,anti_uav410.load_4,AU-L04-W05,AU-L04-W05,731420,Random,31,0.3870723928,0.4094202345,-0.0223478417
anti_uav410,4,anti_uav410.load_4,AU-L04-W05,AU-L04-W05,731421,External-Auction,34,0.3699530765,0.392845077,-0.0228920006
anti_uav410,4,anti_uav410.load_4,AU-L04-W05,AU-L04-W05,731421,Greedy,35,0.3728464563,0.3827828039,-0.0099363476
anti_uav410,4,anti_uav410.load_4,AU-L04-W05,AU-L04-W05,731421,No-Stability,35,0.3728464563,0.4148421472,-0.0419956909
anti_uav410,4,anti_uav410.load_4,AU-L04-W05,AU-L04-W05,731421,No-Synergy,35,0.3728464563,0.3728464563,0.0
anti_uav410,4,anti_uav410.load_4,AU-L04-W05,AU-L04-W05,731421,Random,25,0.3705174956,0.4066489913,-0.0361314957
anti_uav410,4,anti_uav410.load_4,AU-L04-W05,AU-L04-W05,731422,External-Auction,34,0.3999222602,0.3998212567,0.0001010034
anti_uav410,4,anti_uav410.load_4,AU-L04-W05,AU-L04-W05,731422,Greedy,34,0.3999222602,0.3998212567,0.0001010034
anti_uav410,4,anti_uav410.load_4,AU-L04-W05,AU-L04-W05,731422,No-Stability,35,0.3954966014,0.4143186699,-0.0188220685
anti_uav410,4,anti_uav410.load_4,AU-L04-W05,AU-L04-W05,731422,No-Synergy,35,0.3954966014,0.3954966014,0.0
anti_uav410,4,anti_uav410.load_4,AU-L04-W05,AU-L04-W05,731422,Random,26,0.4054185136,0.4151367627,-0.0097182492
anti_uav410,4,anti_uav410.load_4,AU-L04-W05,AU-L04-W05,731423,External-Auction,34,0.3837378084,0.3889367474,-0.005198939
anti_uav410,4,anti_uav410.load_4,AU-L04-W05,AU-L04-W05,731423,Greedy,34,0.3837378084,0.3871348158,-0.0033970074
anti_uav410,4,anti_uav410.load_4,AU-L04-W05,AU-L04-W05,731423,No-Stability,35,0.3797110627,0.4030300215,-0.0233189588
anti_uav410,4,anti_uav410.load_4,AU-L04-W05,AU-L04-W05,731423,No-Synergy,35,0.3797110627,0.3797110627,0.0
anti_uav410,4,anti_uav410.load_4,AU-L04-W05,AU-L04-W05,731423,Random,30,0.3777681885,0.4023156874,-0.0245474989
anti_uav410,4,anti_uav410.load_4,AU-L04-W05,AU-L04-W05,731424,External-Auction,34,0.3991447995,0.4011168895,-0.00197209
anti_uav410,4,anti_uav410.load_4,AU-L04-W05,AU-L04-W05,731424,Greedy,34,0.3991447995,0.3991447995,0.0
anti_uav410,4,anti_uav410.load_4,AU-L04-W05,AU-L04-W05,731424,No-Stability,34,0.3991447995,0.4184371487,-0.0192923492
anti_uav410,4,anti_uav410.load_4,AU-L04-W05,AU-L04-W05,731424,No-Synergy,34,0.3991447995,0.3991447995,0.0
anti_uav410,4,anti_uav410.load_4,AU-L04-W05,AU-L04-W05,731424,Random,25,0.4156826292,0.4252244959,-0.0095418667
anti_uav410,4,anti_uav410.load_4,AU-L04-W05,AU-L04-W05,731425,External-Auction,34,0.3834030688,0.3960453201,-0.0126422512
anti_uav410,4,anti_uav410.load_4,AU-L04-W05,AU-L04-W05,731425,Greedy,34,0.3834030688,0.3866360237,-0.0032329549
anti_uav410,4,anti_uav410.load_4,AU-L04-W05,AU-L04-W05,731425,No-Stability,34,0.3834030688,0.4141376461,-0.0307345772
anti_uav410,4,anti_uav410.load_4,AU-L04-W05,AU-L04-W05,731425,No-Synergy,34,0.3834030688,0.3834030688,0.0
anti_uav410,4,anti_uav410.load_4,AU-L04-W05,AU-L04-W05,731425,Random,23,0.3767376978,0.4001844131,-0.0234467153
anti_uav410,4,anti_uav410.load_4,AU-L04-W05,AU-L04-W05,731426,External-Auction,33,0.3848621321,0.3830895576,0.0017725745
anti_uav410,4,anti_uav410.load_4,AU-L04-W05,AU-L04-W05,731426,Greedy,35,0.3784763229,0.3779460577,0.0005302652
anti_uav410,4,anti_uav410.load_4,AU-L04-W05,AU-L04-W05,731426,No-Stability,35,0.3784763229,0.3819871594,-0.0035108364
anti_uav410,4,anti_uav410.load_4,AU-L04-W05,AU-L04-W05,731426,No-Synergy,35,0.3784763229,0.3784763229,0.0
anti_uav410,4,anti_uav410.load_4,AU-L04-W05,AU-L04-W05,731426,Random,24,0.3555148464,0.3632226946,-0.0077078483
anti_uav410,4,anti_uav410.load_4,AU-L04-W05,AU-L04-W05,731427,External-Auction,34,0.3746057669,0.3779764098,-0.0033706429
anti_uav410,4,anti_uav410.load_4,AU-L04-W05,AU-L04-W05,731427,Greedy,34,0.3746057669,0.3763936778,-0.0017879109
anti_uav410,4,anti_uav410.load_4,AU-L04-W05,AU-L04-W05,731427,No-Stability,34,0.3746057669,0.3911957929,-0.0165900261
anti_uav410,4,anti_uav410.load_4,AU-L04-W05,AU-L04-W05,731427,No-Synergy,34,0.3746057669,0.3746057669,0.0
anti_uav410,4,anti_uav410.load_4,AU-L04-W05,AU-L04-W05,731427,Random,19,0.3774178617,0.3937342664,-0.0163164047
anti_uav410,4,anti_uav410.load_4,AU-L04-W05,AU-L04-W05,731428,External-Auction,34,0.3886702703,0.4062461549,-0.0175758846
anti_uav410,4,anti_uav410.load_4,AU-L04-W05,AU-L04-W05,731428,Greedy,34,0.3886702703,0.4062461549,-0.0175758846
anti_uav410,4,anti_uav410.load_4,AU-L04-W05,AU-L04-W05,731428,No-Stability,35,0.385039677,0.417659458,-0.032619781
anti_uav410,4,anti_uav410.load_4,AU-L04-W05,AU-L04-W05,731428,No-Synergy,35,0.385039677,0.385039677,0.0
anti_uav410,4,anti_uav410.load_4,AU-L04-W05,AU-L04-W05,731428,Random,25,0.3841905697,0.403920783,-0.0197302133
anti_uav410,4,anti_uav410.load_4,AU-L04-W05,AU-L04-W05,731429,External-Auction,34,0.3980077486,0.4014819043,-0.0034741557
anti_uav410,4,anti_uav410.load_4,AU-L04-W05,AU-L04-W05,731429,Greedy,34,0.3980077486,0.3977382149,0.0002695337
anti_uav410,4,anti_uav410.load_4,AU-L04-W05,AU-L04-W05,731429,No-Stability,34,0.3980077486,0.4043103128,-0.0063025642
anti_uav410,4,anti_uav410.load_4,AU-L04-W05,AU-L04-W05,731429,No-Synergy,34,0.3980077486,0.3980077486,0.0
anti_uav410,4,anti_uav410.load_4,AU-L04-W05,AU-L04-W05,731429,Random,24,0.3814170476,0.3904852035,-0.0090681559
anti_uav410,4,anti_uav410.load_4,AU-L04-W06,AU-L04-W06,731500,External-Auction,35,0.4307815891,0.4297726725,0.0010089165
anti_uav410,4,anti_uav410.load_4,AU-L04-W06,AU-L04-W06,731500,Greedy,35,0.4307815891,0.4312450155,-0.0004634264
anti_uav410,4,anti_uav410.load_4,AU-L04-W06,AU-L04-W06,731500,No-Stability,36,0.4263886282,0.4500116811,-0.0236230529
anti_uav410,4,anti_uav410.load_4,AU-L04-W06,AU-L04-W06,731500,No-Synergy,36,0.4263886282,0.4191715351,0.0072170931
anti_uav410,4,anti_uav410.load_4,AU-L04-W06,AU-L04-W06,731500,Random,25,0.4359098521,0.4442029122,-0.0082930601
anti_uav410,4,anti_uav410.load_4,AU-L04-W06,AU-L04-W06,731501,External-Auction,36,0.3934494241,0.4049232534,-0.0114738294
anti_uav410,4,anti_uav410.load_4,AU-L04-W06,AU-L04-W06,731501,Greedy,36,0.3934494241,0.3953125544,-0.0018631303
anti_uav410,4,anti_uav410.load_4,AU-L04-W06,AU-L04-W06,731501,No-Stability,37,0.3937833555,0.439340997,-0.0455576416
anti_uav410,4,anti_uav410.load_4,AU-L04-W06,AU-L04-W06,731501,No-Synergy,37,0.3937833555,0.3937833555,0.0
anti_uav410,4,anti_uav410.load_4,AU-L04-W06,AU-L04-W06,731501,Random,24,0.3990582579,0.4340096041,-0.0349513462
anti_uav410,4,anti_uav410.load_4,AU-L04-W06,AU-L04-W06,731502,External-Auction,35,0.3898787441,0.4042390782,-0.0143603341
anti_uav410,4,anti_uav410.load_4,AU-L04-W06,AU-L04-W06,731502,Greedy,35,0.3840842245,0.3823916359,0.0016925886
anti_uav410,4,anti_uav410.load_4,AU-L04-W06,AU-L04-W06,731502,No-Stability,36,0.386112983,0.405103559,-0.018990576
anti_uav410,4,anti_uav410.load_4,AU-L04-W06,AU-L04-W06,731502,No-Synergy,36,0.386112983,0.386112983,0.0
anti_uav410,4,anti_uav410.load_4,AU-L04-W06,AU-L04-W06,731502,Random,30,0.3860869612,0.3991649216,-0.0130779604
anti_uav410,4,anti_uav410.load_4,AU-L04-W06,AU-L04-W06,731503,External-Auction,35,0.3780402075,0.3787470582,-0.0007068507
anti_uav410,4,anti_uav410.load_4,AU-L04-W06,AU-L04-W06,731503,Greedy,36,0.3809580567,0.3811426496,-0.0001845929
anti_uav410,4,anti_uav410.load_4,AU-L04-W06,AU-L04-W06,731503,No-Stability,35,0.3780402075,0.4069531909,-0.0289129833
anti_uav410,4,anti_uav410.load_4,AU-L04-W06,AU-L04-W06,731503,No-Synergy,36,0.3809580567,0.3809580567,0.0
anti_uav410,4,anti_uav410.load_4,AU-L04-W06,AU-L04-W06,731503,Random,25,0.3818894258,0.4029673648,-0.0210779389
anti_uav410,4,anti_uav410.load_4,AU-L04-W06,AU-L04-W06,731504,External-Auction,36,0.4166304448,0.4102536543,0.0063767905
anti_uav410,4,anti_uav410.load_4,AU-L04-W06,AU-L04-W06,731504,Greedy,36,0.4166304448,0.4101009028,0.006529542
anti_uav410,4,anti_uav410.load_4,AU-L04-W06,AU-L04-W06,731504,No-Stability,36,0.4166304448,0.4259954094,-0.0093649646
anti_uav410,4,anti_uav410.load_4,AU-L04-W06,AU-L04-W06,731504,No-Synergy,36,0.4166304448,0.4166304448,0.0
anti_uav410,4,anti_uav410.load_4,AU-L04-W06,AU-L04-W06,731504,Random,23,0.421099971,0.4309559937,-0.0098560227
anti_uav410,4,anti_uav410.load_4,AU-L04-W06,AU-L04-W06,731505,External-Auction,31,0.3937996517,0.3946880798,-0.0008884281
anti_uav410,4,anti_uav410.load_4,AU-L04-W06,AU-L04-W06,731505,Greedy,34,0.3955350683,0.3967173426,-0.0011822743
anti_uav410,4,anti_uav410.load_4,AU-L04-W06,AU-L04-W06,731505,No-Stability,35,0.3988287738,0.4204617191,-0.0216329452
anti_uav410,4,anti_uav410.load_4,AU-L04-W06,AU-L04-W06,731505,No-Synergy,35,0.3988287738,0.3988287738,0.0
anti_uav410,4,anti_uav410.load_4,AU-L04-W06,AU-L04-W06,731505,Random,25,0.3929843886,0.4203081241,-0.0273237355
anti_uav410,4,anti_uav410.load_4,AU-L04-W06,AU-L04-W06,731506,External-Auction,33,0.4072190629,0.4233668089,-0.016147746
anti_uav410,4,anti_uav410.load_4,AU-L04-W06,AU-L04-W06,731506,Greedy,34,0.4035726561,0.4031109458,0.0004617103
anti_uav410,4,anti_uav410.load_4,AU-L04-W06,AU-L04-W06,731506,No-Stability,36,0.4049037816,0.4160745035,-0.0111707218
anti_uav410,4,anti_uav410.load_4,AU-L04-W06,AU-L04-W06,731506,No-Synergy,36,0.4049037816,0.4049037816,0.0
anti_uav410,4,anti_uav410.load_4,AU-L04-W06,AU-L04-W06,731506,Random,26,0.4131469317,0.4273027422,-0.0141558104
anti_uav410,4,anti_uav410.load_4,AU-L04-W06,AU-L04-W06,731507,External-Auction,34,0.3878202488,0.3914989409,-0.0036786921
anti_uav410,4,anti_uav410.load_4,AU-L04-W06,AU-L04-W06,731507,Greedy,35,0.3840010959,0.3829192537,0.0010818422
anti_uav410,4,anti_uav410.load_4,AU-L04-W06,AU-L04-W06,731507,No-Stability,36,0.3862098839,0.4032507741,-0.0170408902
anti_uav410,4,anti_uav410.load_4,AU-L04-W06,AU-L04-W06,731507,No-Synergy,36,0.3862098839,0.3817964935,0.0044133903
anti_uav410,4,anti_uav410.load_4,AU-L04-W06,AU-L04-W06,731507,Random,27,0.382132317,0.3969390815,-0.0148067645
anti_uav410,4,anti_uav410.load_4,AU-L04-W06,AU-L04-W06,731508,External-Auction,35,0.3799529484,0.3779086773,0.0020442711
anti_uav410,4,anti_uav410.load_4,AU-L04-W06,AU-L04-W06,731508,Greedy,37,0.3826139635,0.3908042097,-0.0081902462
anti_uav410,4,anti_uav410.load_4,AU-L04-W06,AU-L04-W06,731508,No-Stability,37,0.3826139635,0.4034489537,-0.0208349902
anti_uav410,4,anti_uav410.load_4,AU-L04-W06,AU-L04-W06,731508,No-Synergy,37,0.3826139635,0.3826139635,0.0
anti_uav410,4,anti_uav410.load_4,AU-L04-W06,AU-L04-W06,731508,Random,29,0.3763150979,0.3840749958,-0.0077598979
anti_uav410,4,anti_uav410.load_4,AU-L04-W06,AU-L04-W06,731509,External-Auction,32,0.3783912056,0.3862677419,-0.0078765363
anti_uav410,4,anti_uav410.load_4,AU-L04-W06,AU-L04-W06,731509,Greedy,35,0.3815712845,0.3807027211,0.0008685635
anti_uav410,4,anti_uav410.load_4,AU-L04-W06,AU-L04-W06,731509,No-Stability,36,0.3843928867,0.4034691311,-0.0190762444
anti_uav410,4,anti_uav410.load_4,AU-L04-W06,AU-L04-W06,731509,No-Synergy,36,0.3843928867,0.3843928867,0.0
anti_uav410,4,anti_uav410.load_4,AU-L04-W06,AU-L04-W06,731509,Random,29,0.3911059215,0.4065414153,-0.0154354938
anti_uav410,4,anti_uav410.load_4,AU-L04-W06,AU-L04-W06,731510,External-Auction,33,0.3832564914,0.3868015462,-0.0035450548
anti_uav410,4,anti_uav410.load_4,AU-L04-W06,AU-L04-W06,731510,Greedy,34,0.3849394796,0.3848166206,0.000122859
anti_uav410,4,anti_uav410.load_4,AU-L04-W06,AU-L04-W06,731510,No-Stability,35,0.3871012874,0.4054097544,-0.018308467
anti_uav410,4,anti_uav410.load_4,AU-L04-W06,AU-L04-W06,731510,No-Synergy,35,0.3871012874,0.3871012874,0.0
anti_uav410,4,anti_uav410.load_4,AU-L04-W06,AU-L04-W06,731510,Random,24,0.3866374976,0.4023582126,-0.0157207151
anti_uav410,4,anti_uav410.load_4,AU-L04-W06,AU-L04-W06,731511,External-Auction,36,0.3870585608,0.3963205735,-0.0092620126
anti_uav410,4,anti_uav410.load_4,AU-L04-W06,AU-L04-W06,731511,Greedy,35,0.3860510224,0.3963473095,-0.0102962871
anti_uav410,4,anti_uav410.load_4,AU-L04-W06,AU-L04-W06,731511,No-Stability,37,0.3864269441,0.4060217349,-0.0195947908
anti_uav410,4,anti_uav410.load_4,AU-L04-W06,AU-L04-W06,731511,No-Synergy,37,0.3864269441,0.3864269441,0.0
anti_uav410,4,anti_uav410.load_4,AU-L04-W06,AU-L04-W06,731511,Random,25,0.387119731,0.4044952322,-0.0173755013
anti_uav410,4,anti_uav410.load_4,AU-L04-W06,AU-L04-W06,731512,External-Auction,34,0.3915382937,0.3931917596,-0.0016534659
anti_uav410,4,anti_uav410.load_4,AU-L04-W06,AU-L04-W06,731512,Greedy,34,0.3915382937,0.3926573296,-0.0011190359
anti_uav410,4,anti_uav410.load_4,AU-L04-W06,AU-L04-W06,731512,No-Stability,36,0.391480941,0.4022929647,-0.0108120237
anti_uav410,4,anti_uav410.load_4,AU-L04-W06,AU-L04-W06,731512,No-Synergy,37,0.3948769464,0.3948769464,0.0
anti_uav410,4,anti_uav410.load_4,AU-L04-W06,AU-L04-W06,731512,Random,25,0.3828670474,0.3921250224,-0.009257975
anti_uav410,4,anti_uav410.load_4,AU-L04-W06,AU-L04-W06,731513,External-Auction,32,0.3835052386,0.38397172,-0.0004664814
anti_uav410,4,anti_uav410.load_4,AU-L04-W06,AU-L04-W06,731513,Greedy,33,0.3832238787,0.3836762243,-0.0004523456
anti_uav410,4,anti_uav410.load_4,AU-L04-W06,AU-L04-W06,731513,No-Stability,36,0.3833971601,0.4133716608,-0.0299745008
anti_uav410,4,anti_uav410.load_4,AU-L04-W06,AU-L04-W06,731513,No-Synergy,36,0.3833971601,0.3833971601,0.0
anti_uav410,4,anti_uav410.load_4,AU-L04-W06,AU-L04-W06,731513,Random,23,0.3918053601,0.4047140995,-0.0129087393
anti_uav410,4,anti_uav410.load_4,AU-L04-W06,AU-L04-W06,731514,External-Auction,32,0.3965776554,0.3997281201,-0.0031504647
anti_uav410,4,anti_uav410.load_4,AU-L04-W06,AU-L04-W06,731514,Greedy,35,0.397231077,0.3963771843,0.0008538927
anti_uav410,4,anti_uav410.load_4,AU-L04-W06,AU-L04-W06,731514,No-Stability,36,0.3998382857,0.4144988992,-0.0146606135
anti_uav410,4,anti_uav410.load_4,AU-L04-W06,AU-L04-W06,731514,No-Synergy,36,0.3998382857,0.3998382857,0.0
anti_uav410,4,anti_uav410.load_4,AU-L04-W06,AU-L04-W06,731514,Random,26,0.3936966896,0.4093966183,-0.0156999286
anti_uav410,4,anti_uav410.load_4,AU-L04-W06,AU-L04-W06,731515,External-Auction,33,0.406349872,0.4097741692,-0.0034242973
anti_uav410,4,anti_uav410.load_4,AU-L04-W06,AU-L04-W06,731515,Greedy,35,0.4054477309,0.4106276942,-0.0051799633
anti_uav410,4,anti_uav410.load_4,AU-L04-W06,AU-L04-W06,731515,No-Stability,36,0.4078331842,0.4147592727,-0.0069260885
anti_uav410,4,anti_uav410.load_4,AU-L04-W06,AU-L04-W06,731515,No-Synergy,36,0.4078331842,0.4078331842,0.0
anti_uav410,4,anti_uav410.load_4,AU-L04-W06,AU-L04-W06,731515,Random,23,0.4214372993,0.423796468,-0.0023591687
anti_uav410,4,anti_uav410.load_4,AU-L04-W06,AU-L04-W06,731516,External-Auction,37,0.3892350763,0.4005859089,-0.0113508327
anti_uav410,4,anti_uav410.load_4,AU-L04-W06,AU-L04-W06,731516,Greedy,34,0.3854954443,0.3909740114,-0.0054785671
anti_uav410,4,anti_uav410.load_4,AU-L04-W06,AU-L04-W06,731516,No-Stability,37,0.3892350763,0.4172069839,-0.0279719077
anti_uav410,4,anti_uav410.load_4,AU-L04-W06,AU-L04-W06,731516,No-Synergy,37,0.3892350763,0.3892350763,0.0
anti_uav410,4,anti_uav410.load_4,AU-L04-W06,AU-L04-W06,731516,Random,26,0.383005202,0.3991240494,-0.0161188474
anti_uav410,4,anti_uav410.load_4,AU-L04-W06,AU-L04-W06,731517,External-Auction,34,0.3944445552,0.4040184957,-0.0095739405
anti_uav410,4,anti_uav410.load_4,AU-L04-W06,AU-L04-W06,731517,Greedy,35,0.3973548657,0.3973548657,0.0
anti_uav410,4,anti_uav410.load_4,AU-L04-W06,AU-L04-W06,731517,No-Stability,35,0.3973548657,0.4068321364,-0.0094772707
anti_uav410,4,anti_uav410.load_4,AU-L04-W06,AU-L04-W06,731517,No-Synergy,35,0.3973548657,0.3973548657,0.0
anti_uav410,4,anti_uav410.load_4,AU-L04-W06,AU-L04-W06,731517,Random,30,0.3919902773,0.4088154184,-0.0168251411
anti_uav410,4,anti_uav410.load_4,AU-L04-W06,AU-L04-W06,731518,External-Auction,34,0.3990079178,0.3998605484,-0.0008526306
anti_uav410,4,anti_uav410.load_4,AU-L04-W06,AU-L04-W06,731518,Greedy,34,0.3920471022,0.3927208622,-0.0006737599
anti_uav410,4,anti_uav410.load_4,AU-L04-W06,AU-L04-W06,731518,No-Stability,35,0.3951938357,0.4075229927,-0.012329157
anti_uav410,4,anti_uav410.load_4,AU-L04-W06,AU-L04-W06,731518,No-Synergy,35,0.3951938357,0.3951938357,0.0
anti_uav410,4,anti_uav410.load_4,AU-L04-W06,AU-L04-W06,731518,Random,26,0.3858804608,0.3966273944,-0.0107469337
anti_uav410,4,anti_uav410.load_4,AU-L04-W06,AU-L04-W06,731519,External-Auction,34,0.3947438653,0.4110707174,-0.0163268521
anti_uav410,4,anti_uav410.load_4,AU-L04-W06,AU-L04-W06,731519,Greedy,34,0.3940465549,0.392551304,0.001495251
anti_uav410,4,anti_uav410.load_4,AU-L04-W06,AU-L04-W06,731519,No-Stability,36,0.392530761,0.4030334865,-0.0105027255
anti_uav410,4,anti_uav410.load_4,AU-L04-W06,AU-L04-W06,731519,No-Synergy,36,0.392530761,0.392530761,0.0
anti_uav410,4,anti_uav410.load_4,AU-L04-W06,AU-L04-W06,731519,Random,24,0.390680713,0.4070395707,-0.0163588578
anti_uav410,4,anti_uav410.load_4,AU-L04-W06,AU-L04-W06,731520,External-Auction,33,0.3829385249,0.3845831729,-0.001644648
anti_uav410,4,anti_uav410.load_4,AU-L04-W06,AU-L04-W06,731520,Greedy,33,0.3829385249,0.3845831729,-0.001644648
anti_uav410,4,anti_uav410.load_4,AU-L04-W06,AU-L04-W06,731520,No-Stability,34,0.3834501618,0.4030472723,-0.0195971105
anti_uav410,4,anti_uav410.load_4,AU-L04-W06,AU-L04-W06,731520,No-Synergy,34,0.3834501618,0.3828327213,0.0006174405
anti_uav410,4,anti_uav410.load_4,AU-L04-W06,AU-L04-W06,731520,Random,25,0.3944880764,0.4083715494,-0.013883473
anti_uav410,4,anti_uav410.load_4,AU-L04-W06,AU-L04-W06,731521,External-Auction,36,0.4018289272,0.4060279862,-0.0041990589
anti_uav410,4,anti_uav410.load_4,AU-L04-W06,AU-L04-W06,731521,Greedy,36,0.4018289272,0.4044732792,-0.0026443519
anti_uav410,4,anti_uav410.load_4,AU-L04-W06,AU-L04-W06,731521,No-Stability,36,0.4018289272,0.4078023304,-0.0059734031
anti_uav410,4,anti_uav410.load_4,AU-L04-W06,AU-L04-W06,731521,No-Synergy,36,0.4018289272,0.4018289272,0.0
anti_uav410,4,anti_uav410.load_4,AU-L04-W06,AU-L04-W06,731521,Random,22,0.4055808882,0.4091931976,-0.0036123094
anti_uav410,4,anti_uav410.load_4,AU-L04-W06,AU-L04-W06,731522,External-Auction,35,0.3832689327,0.3918043981,-0.0085354654
anti_uav410,4,anti_uav410.load_4,AU-L04-W06,AU-L04-W06,731522,Greedy,34,0.3830613388,0.3912831905,-0.0082218517
anti_uav410,4,anti_uav410.load_4,AU-L04-W06,AU-L04-W06,731522,No-Stability,36,0.3861072978,0.4009487086,-0.0148414108
anti_uav410,4,anti_uav410.load_4,AU-L04-W06,AU-L04-W06,731522,No-Synergy,36,0.3861072978,0.3861072978,0.0
anti_uav410,4,anti_uav410.load_4,AU-L04-W06,AU-L04-W06,731522,Random,28,0.3820124058,0.3905388402,-0.0085264344
anti_uav410,4,anti_uav410.load_4,AU-L04-W06,AU-L04-W06,731523,External-Auction,36,0.4106070627,0.4105568579,5.02047e-05
anti_uav410,4,anti_uav410.load_4,AU-L04-W06,AU-L04-W06,731523,Greedy,35,0.4078229339,0.4068240689,0.0009988651
anti_uav410,4,anti_uav410.load_4,AU-L04-W06,AU-L04-W06,731523,No-Stability,36,0.4106070627,0.4129034411,-0.0022963784
anti_uav410,4,anti_uav410.load_4,AU-L04-W06,AU-L04-W06,731523,No-Synergy,36,0.4106070627,0.4106070627,0.0
anti_uav410,4,anti_uav410.load_4,AU-L04-W06,AU-L04-W06,731523,Random,24,0.3958986117,0.4010349803,-0.0051363686
anti_uav410,4,anti_uav410.load_4,AU-L04-W06,AU-L04-W06,731524,External-Auction,35,0.3931751516,0.3927553185,0.000419833
anti_uav410,4,anti_uav410.load_4,AU-L04-W06,AU-L04-W06,731524,Greedy,36,0.3957726525,0.3949590854,0.0008135671
anti_uav410,4,anti_uav410.load_4,AU-L04-W06,AU-L04-W06,731524,No-Stability,36,0.3957726525,0.4107533517,-0.0149806992
anti_uav410,4,anti_uav410.load_4,AU-L04-W06,AU-L04-W06,731524,No-Synergy,36,0.3957726525,0.3957726525,0.0
anti_uav410,4,anti_uav410.load_4,AU-L04-W06,AU-L04-W06,731524,Random,27,0.3942662503,0.4079515341,-0.0136852838
anti_uav410,4,anti_uav410.load_4,AU-L04-W06,AU-L04-W06,731525,External-Auction,34,0.4056868599,0.4204930969,-0.014806237
anti_uav410,4,anti_uav410.load_4,AU-L04-W06,AU-L04-W06,731525,Greedy,34,0.3995646981,0.3998668351,-0.0003021369
anti_uav410,4,anti_uav410.load_4,AU-L04-W06,AU-L04-W06,731525,No-Stability,36,0.4004774654,0.4183802279,-0.0179027625
anti_uav410,4,anti_uav410.load_4,AU-L04-W06,AU-L04-W06,731525,No-Synergy,36,0.4004774654,0.4004774654,0.0
anti_uav410,4,anti_uav410.load_4,AU-L04-W06,AU-L04-W06,731525,Random,29,0.4026180278,0.4147813575,-0.0121633297
anti_uav410,4,anti_uav410.load_4,AU-L04-W06,AU-L04-W06,731526,External-Auction,35,0.3962159884,0.4047799386,-0.0085639502
anti_uav410,4,anti_uav410.load_4,AU-L04-W06,AU-L04-W06,731526,Greedy,34,0.39450617,0.4040226012,-0.0095164311
anti_uav410,4,anti_uav410.load_4,AU-L04-W06,AU-L04-W06,731526,No-Stability,35,0.3962159884,0.4184334426,-0.0222174542
anti_uav410,4,anti_uav410.load_4,AU-L04-W06,AU-L04-W06,731526,No-Synergy,35,0.3962159884,0.3962159884,0.0
anti_uav410,4,anti_uav410.load_4,AU-L04-W06,AU-L04-W06,731526,Random,24,0.3878636701,0.4097413554,-0.0218776853
anti_uav410,4,anti_uav410.load_4,AU-L04-W06,AU-L04-W06,731527,External-Auction,33,0.4191691525,0.410426139,0.0087430135
anti_uav410,4,anti_uav410.load_4,AU-L04-W06,AU-L04-W06,731527,Greedy,34,0.4193715347,0.4108856687,0.008485866
anti_uav410,4,anti_uav410.load_4,AU-L04-W06,AU-L04-W06,731527,No-Stability,35,0.414703675,0.4104610976,0.0042425774
anti_uav410,4,anti_uav410.load_4,AU-L04-W06,AU-L04-W06,731527,No-Synergy,35,0.414703675,0.414703675,0.0
anti_uav410,4,anti_uav410.load_4,AU-L04-W06,AU-L04-W06,731527,Random,24,0.4122857713,0.4029735391,0.0093122322
anti_uav410,4,anti_uav410.load_4,AU-L04-W06,AU-L04-W06,731528,External-Auction,34,0.3959612252,0.3989369042,-0.002975679
anti_uav410,4,anti_uav410.load_4,AU-L04-W06,AU-L04-W06,731528,Greedy,34,0.3885175335,0.3861293384,0.0023881952
anti_uav410,4,anti_uav410.load_4,AU-L04-W06,AU-L04-W06,731528,No-Stability,35,0.3920930857,0.395246996,-0.0031539102
anti_uav410,4,anti_uav410.load_4,AU-L04-W06,AU-L04-W06,731528,No-Synergy,35,0.3920930857,0.3920930857,0.0
anti_uav410,4,anti_uav410.load_4,AU-L04-W06,AU-L04-W06,731528,Random,22,0.3780635273,0.3894278384,-0.0113643111
anti_uav410,4,anti_uav410.load_4,AU-L04-W06,AU-L04-W06,731529,External-Auction,37,0.3915902266,0.3993374991,-0.0077472725
anti_uav410,4,anti_uav410.load_4,AU-L04-W06,AU-L04-W06,731529,Greedy,35,0.3905396533,0.3909304455,-0.0003907922
anti_uav410,4,anti_uav410.load_4,AU-L04-W06,AU-L04-W06,731529,No-Stability,37,0.3915902266,0.425692929,-0.0341027024
anti_uav410,4,anti_uav410.load_4,AU-L04-W06,AU-L04-W06,731529,No-Synergy,37,0.3915902266,0.3894534879,0.0021367387
anti_uav410,4,anti_uav410.load_4,AU-L04-W06,AU-L04-W06,731529,Random,28,0.3869868674,0.4096685593,-0.0226816919
anti_uav410,4,anti_uav410.load_4,AU-L04-W07,AU-L04-W07,731600,External-Auction,31,0.4705746219,0.4660190489,0.004555573
anti_uav410,4,anti_uav410.load_4,AU-L04-W07,AU-L04-W07,731600,Greedy,32,0.4722620827,0.4562742877,0.015987795
anti_uav410,4,anti_uav410.load_4,AU-L04-W07,AU-L04-W07,731600,No-Stability,33,0.4735497949,0.4813348879,-0.007785093
anti_uav410,4,anti_uav410.load_4,AU-L04-W07,AU-L04-W07,731600,No-Synergy,33,0.4735497949,0.4722898338,0.001259961
anti_uav410,4,anti_uav410.load_4,AU-L04-W07,AU-L04-W07,731600,Random,25,0.4613339768,0.4844652173,-0.0231312405
anti_uav410,4,anti_uav410.load_4,AU-L04-W07,AU-L04-W07,731601,External-Auction,33,0.4876942371,0.4943409585,-0.0066467213
anti_uav410,4,anti_uav410.load_4,AU-L04-W07,AU-L04-W07,731601,Greedy,33,0.4876942371,0.4943409585,-0.0066467213
anti_uav410,4,anti_uav410.load_4,AU-L04-W07,AU-L04-W07,731601,No-Stability,33,0.4876942371,0.511905857,-0.0242116199
anti_uav410,4,anti_uav410.load_4,AU-L04-W07,AU-L04-W07,731601,No-Synergy,33,0.4876942371,0.4876942371,0.0
anti_uav410,4,anti_uav410.load_4,AU-L04-W07,AU-L04-W07,731601,Random,27,0.4759379636,0.4775294113,-0.0015914478
anti_uav410,4,anti_uav410.load_4,AU-L04-W07,AU-L04-W07,731602,External-Auction,31,0.4855087651,0.4787142971,0.0067944681
anti_uav410,4,anti_uav410.load_4,AU-L04-W07,AU-L04-W07,731602,Greedy,31,0.4855087651,0.4855087651,0.0
anti_uav410,4,anti_uav410.load_4,AU-L04-W07,AU-L04-W07,731602,No-Stability,33,0.4874727079,0.5124097692,-0.0249370613
anti_uav410,4,anti_uav410.load_4,AU-L04-W07,AU-L04-W07,731602,No-Synergy,33,0.4874727079,0.4806830153,0.0067896927
anti_uav410,4,anti_uav410.load_4,AU-L04-W07,AU-L04-W07,731602,Random,23,0.4708525847,0.4869411007,-0.016088516
anti_uav410,4,anti_uav410.load_4,AU-L04-W07,AU-L04-W07,731603,External-Auction,33,0.5093080036,0.5093080036,0.0
anti_uav410,4,anti_uav410.load_4,AU-L04-W07,AU-L04-W07,731603,Greedy,32,0.5087772535,0.5087772535,0.0
anti_uav410,4,anti_uav410.load_4,AU-L04-W07,AU-L04-W07,731603,No-Stability,33,0.5093080036,0.5057676511,0.0035403526
anti_uav410,4,anti_uav410.load_4,AU-L04-W07,AU-L04-W07,731603,No-Synergy,33,0.5093080036,0.5093080036,0.0
anti_uav410,4,anti_uav410.load_4,AU-L04-W07,AU-L04-W07,731603,Random,24,0.5300836621,0.4991226272,0.0309610349
anti_uav410,4,anti_uav410.load_4,AU-L04-W07,AU-L04-W07,731604,External-Auction,33,0.4811934772,0.4811934772,0.0
anti_uav410,4,anti_uav410.load_4,AU-L04-W07,AU-L04-W07,731604,Greedy,33,0.4811934772,0.4888023651,-0.0076088878
anti_uav410,4,anti_uav410.load_4,AU-L04-W07,AU-L04-W07,731604,No-Stability,33,0.4811934772,0.5045277436,-0.0233342664
anti_uav410,4,anti_uav410.load_4,AU-L04-W07,AU-L04-W07,731604,No-Synergy,33,0.4811934772,0.4811934772,0.0
anti_uav410,4,anti_uav410.load_4,AU-L04-W07,AU-L04-W07,731604,Random,25,0.4872602414,0.4988971347,-0.0116368932
anti_uav410,4,anti_uav410.load_4,AU-L04-W07,AU-L04-W07,731605,External-Auction,33,0.5366190195,0.5175072431,0.0191117764
anti_uav410,4,anti_uav410.load_4,AU-L04-W07,AU-L04-W07,731605,Greedy,33,0.5366190195,0.5366190195,0.0
anti_uav410,4,anti_uav410.load_4,AU-L04-W07,AU-L04-W07,731605,No-Stability,33,0.5366190195,0.5422729339,-0.0056539144
anti_uav410,4,anti_uav410.load_4,AU-L04-W07,AU-L04-W07,731605,No-Synergy,33,0.5366190195,0.5171759792,0.0194430402
anti_uav410,4,anti_uav410.load_4,AU-L04-W07,AU-L04-W07,731605,Random,27,0.5286475847,0.5121809405,0.0164666442
anti_uav410,4,anti_uav410.load_4,AU-L04-W07,AU-L04-W07,731606,External-Auction,33,0.5082519506,0.4702489866,0.038002964
anti_uav410,4,anti_uav410.load_4,AU-L04-W07,AU-L04-W07,731606,Greedy,33,0.5082519506,0.5082519506,0.0
anti_uav410,4,anti_uav410.load_4,AU-L04-W07,AU-L04-W07,731606,No-Stability,33,0.5082519506,0.5166910709,-0.0084391203
anti_uav410,4,anti_uav410.load_4,AU-L04-W07,AU-L04-W07,731606,No-Synergy,33,0.5082519506,0.5082519506,0.0
anti_uav410,4,anti_uav410.load_4,AU-L04-W07,AU-L04-W07,731606,Random,23,0.4792966559,0.4661655367,0.0131311192
anti_uav410,4,anti_uav410.load_4,AU-L04-W07,AU-L04-W07,731607,External-Auction,33,0.5083957024,0.5083957024,0.0
anti_uav410,4,anti_uav410.load_4,AU-L04-W07,AU-L04-W07,731607,Greedy,33,0.5083957024,0.5083957024,0.0
anti_uav410,4,anti_uav410.load_4,AU-L04-W07,AU-L04-W07,731607,No-Stability,33,0.5083957024,0.5427943566,-0.0343986542
anti_uav410,4,anti_uav410.load_4,AU-L04-W07,AU-L04-W07,731607,No-Synergy,33,0.5083957024,0.5083957024,0.0
anti_uav410,4,anti_uav410.load_4,AU-L04-W07,AU-L04-W07,731607,Random,26,0.4972260112,0.5121381425,-0.0149121312
anti_uav410,4,anti_uav410.load_4,AU-L04-W07,AU-L04-W07,731608,External-Auction,28,0.456740941,0.4576846199,-0.0009436789
anti_uav410,4,anti_uav410.load_4,AU-L04-W07,AU-L04-W07,731608,Greedy,31,0.4638172547,0.4667232883,-0.0029060335
anti_uav410,4,anti_uav410.load_4,AU-L04-W07,AU-L04-W07,731608,No-Stability,33,0.4680599984,0.4768417967,-0.0087817982
anti_uav410,4,anti_uav410.load_4,AU-L04-W07,AU-L04-W07,731608,No-Synergy,33,0.4680599984,0.4658507701,0.0022092283
anti_uav410,4,anti_uav410.load_4,AU-L04-W07,AU-L04-W07,731608,Random,21,0.448231201,0.4487035253,-0.0004723242
anti_uav410,4,anti_uav410.load_4,AU-L04-W07,AU-L04-W07,731609,External-Auction,33,0.4777292528,0.536877672,-0.0591484192
anti_uav410,4,anti_uav410.load_4,AU-L04-W07,AU-L04-W07,731609,Greedy,33,0.4777292528,0.5031069387,-0.025377686
anti_uav410,4,anti_uav410.load_4,AU-L04-W07,AU-L04-W07,731609,No-Stability,33,0.4777292528,0.5287571097,-0.051027857
anti_uav410,4,anti_uav410.load_4,AU-L04-W07,AU-L04-W07,731609,No-Synergy,33,0.4777292528,0.4777292528,0.0
anti_uav410,4,anti_uav410.load_4,AU-L04-W07,AU-L04-W07,731609,Random,25,0.4905608046,0.5135648976,-0.023004093
anti_uav410,4,anti_uav410.load_4,AU-L04-W07,AU-L04-W07,731610,External-Auction,33,0.4774203727,0.4774203727,0.0
anti_uav410,4,anti_uav410.load_4,AU-L04-W07,AU-L04-W07,731610,Greedy,32,0.4764353527,0.4913527433,-0.0149173906
anti_uav410,4,anti_uav410.load_4,AU-L04-W07,AU-L04-W07,731610,No-Stability,33,0.4774203727,0.5148153008,-0.0373949281
anti_uav410,4,anti_uav410.load_4,AU-L04-W07,AU-L04-W07,731610,No-Synergy,33,0.4774203727,0.4768167039,0.0006036688
anti_uav410,4,anti_uav410.load_4,AU-L04-W07,AU-L04-W07,731610,Random,22,0.4595347591,0.4867285725,-0.0271938134
anti_uav410,4,anti_uav410.load_4,AU-L04-W07,AU-L04-W07,731611,External-Auction,33,0.4801991433,0.4788595219,0.0013396214
anti_uav410,4,anti_uav410.load_4,AU-L04-W07,AU-L04-W07,731611,Greedy,32,0.4777583011,0.5139897369,-0.0362314358
anti_uav410,4,anti_uav410.load_4,AU-L04-W07,AU-L04-W07,731611,No-Stability,33,0.4801991433,0.484711734,-0.0045125908
anti_uav410,4,anti_uav410.load_4,AU-L04-W07,AU-L04-W07,731611,No-Synergy,33,0.4801991433,0.4788595219,0.0013396214
anti_uav410,4,anti_uav410.load_4,AU-L04-W07,AU-L04-W07,731611,Random,25,0.4999707553,0.4971764384,0.0027943169
anti_uav410,4,anti_uav410.load_4,AU-L04-W07,AU-L04-W07,731612,External-Auction,33,0.4673958909,0.4657741599,0.001621731
anti_uav410,4,anti_uav410.load_4,AU-L04-W07,AU-L04-W07,731612,Greedy,33,0.4673958909,0.473495311,-0.0060994201
anti_uav410,4,anti_uav410.load_4,AU-L04-W07,AU-L04-W07,731612,No-Stability,33,0.4673958909,0.5056934467,-0.0382975558
anti_uav410,4,anti_uav410.load_4,AU-L04-W07,AU-L04-W07,731612,No-Synergy,33,0.4673958909,0.4657741599,0.001621731
anti_uav410,4,anti_uav410.load_4,AU-L04-W07,AU-L04-W07,731612,Random,23,0.4699286625,0.4824402061,-0.0125115436
anti_uav410,4,anti_uav410.load_4,AU-L04-W07,AU-L04-W07,731613,External-Auction,33,0.476360742,0.4761311687,0.0002295733
anti_uav410,4,anti_uav410.load_4,AU-L04-W07,AU-L04-W07,731613,Greedy,33,0.476360742,0.4781101814,-0.0017494394
anti_uav410,4,anti_uav410.load_4,AU-L04-W07,AU-L04-W07,731613,No-Stability,33,0.476360742,0.4912456421,-0.0148849001
anti_uav410,4,anti_uav410.load_4,AU-L04-W07,AU-L04-W07,731613,No-Synergy,33,0.476360742,0.476360742,0.0
anti_uav410,4,anti_uav410.load_4,AU-L04-W07,AU-L04-W07,731613,Random,18,0.5005321074,0.5193649874,-0.01883288
anti_uav410,4,anti_uav410.load_4,AU-L04-W07,AU-L04-W07,731614,External-Auction,33,0.4787393178,0.4787393178,0.0
anti_uav410,4,anti_uav410.load_4,AU-L04-W07,AU-L04-W07,731614,Greedy,33,0.4787393178,0.4946923681,-0.0159530503
anti_uav410,4,anti_uav410.load_4,AU-L04-W07,AU-L04-W07,731614,No-Stability,33,0.4787393178,0.522053281,-0.0433139632
anti_uav410,4,anti_uav410.load_4,AU-L04-W07,AU-L04-W07,731614,No-Synergy,33,0.4787393178,0.4787393178,0.0
anti_uav410,4,anti_uav410.load_4,AU-L04-W07,AU-L04-W07,731614,Random,26,0.4716801201,0.4905448969,-0.0188647768
anti_uav410,4,anti_uav410.load_4,AU-L04-W07,AU-L04-W07,731615,External-Auction,33,0.457766788,0.457766788,0.0
anti_uav410,4,anti_uav410.load_4,AU-L04-W07,AU-L04-W07,731615,Greedy,31,0.4540648275,0.45173263,0.0023321975
anti_uav410,4,anti_uav410.load_4,AU-L04-W07,AU-L04-W07,731615,No-Stability,33,0.457766788,0.4829648618,-0.0251980738
anti_uav410,4,anti_uav410.load_4,AU-L04-W07,AU-L04-W07,731615,No-Synergy,33,0.457766788,0.457766788,0.0
anti_uav410,4,anti_uav410.load_4,AU-L04-W07,AU-L04-W07,731615,Random,23,0.4620655309,0.4765531615,-0.0144876306
anti_uav410,4,anti_uav410.load_4,AU-L04-W07,AU-L04-W07,731616,External-Auction,33,0.5176076669,0.5084107832,0.0091968838
anti_uav410,4,anti_uav410.load_4,AU-L04-W07,AU-L04-W07,731616,Greedy,33,0.5176076669,0.5176076669,0.0
anti_uav410,4,anti_uav410.load_4,AU-L04-W07,AU-L04-W07,731616,No-Stability,33,0.5176076669,0.5278290901,-0.0102214232
anti_uav410,4,anti_uav410.load_4,AU-L04-W07,AU-L04-W07,731616,No-Synergy,33,0.5176076669,0.5176076669,0.0
anti_uav410,4,anti_uav410.load_4,AU-L04-W07,AU-L04-W07,731616,Random,21,0.5268145131,0.5315579407,-0.0047434276
anti_uav410,4,anti_uav410.load_4,AU-L04-W07,AU-L04-W07,731617,External-Auction,33,0.4793108614,0.4737735046,0.0055373568
anti_uav410,4,anti_uav410.load_4,AU-L04-W07,AU-L04-W07,731617,Greedy,33,0.4793108614,0.4793108614,0.0
anti_uav410,4,anti_uav410.load_4,AU-L04-W07,AU-L04-W07,731617,No-Stability,33,0.4793108614,0.4797481697,-0.0004373084
anti_uav410,4,anti_uav410.load_4,AU-L04-W07,AU-L04-W07,731617,No-Synergy,33,0.4793108614,0.4737735046,0.0055373568
anti_uav410,4,anti_uav410.load_4,AU-L04-W07,AU-L04-W07,731617,Random,24,0.4664691248,0.4642376249,0.0022314999
anti_uav410,4,anti_uav410.load_4,AU-L04-W07,AU-L04-W07,731618,External-Auction,33,0.4835801249,0.5073854632,-0.0238053383
anti_uav410,4,anti_uav410.load_4,AU-L04-W07,AU-L04-W07,731618,Greedy,33,0.4835801249,0.5156011952,-0.0320210703
anti_uav410,4,anti_uav410.load_4,AU-L04-W07,AU-L04-W07,731618,No-Stability,33,0.4835801249,0.512679632,-0.0290995071
anti_uav410,4,anti_uav410.load_4,AU-L04-W07,AU-L04-W07,731618,No-Synergy,33,0.4835801249,0.4835801249,0.0
anti_uav410,4,anti_uav410.load_4,AU-L04-W07,AU-L04-W07,731618,Random,25,0.4721524178,0.5226133362,-0.0504609185
anti_uav410,4,anti_uav410.load_4,AU-L04-W07,AU-L04-W07,731619,External-Auction,32,0.5106655885,0.5016302574,0.0090353312
anti_uav410,4,anti_uav410.load_4,AU-L04-W07,AU-L04-W07,731619,Greedy,32,0.5106655885,0.5106655885,0.0
anti_uav410,4,anti_uav410.load_4,AU-L04-W07,AU-L04-W07,731619,No-Stability,32,0.5106655885,0.5190359753,-0.0083703868
anti_uav410,4,anti_uav410.load_4,AU-L04-W07,AU-L04-W07,731619,No-Synergy,32,0.5106655885,0.5106655885,0.0
anti_uav410,4,anti_uav410.load_4,AU-L04-W07,AU-L04-W07,731619,Random,26,0.5069440909,0.4966503686,0.0102937223
anti_uav410,4,anti_uav410.load_4,AU-L04-W07,AU-L04-W07,731620,External-Auction,33,0.4742752636,0.4750909362,-0.0008156726
anti_uav410,4,anti_uav410.load_4,AU-L04-W07,AU-L04-W07,731620,Greedy,33,0.4742752636,0.472403531,0.0018717326
anti_uav410,4,anti_uav410.load_4,AU-L04-W07,AU-L04-W07,731620,No-Stability,33,0.4742752636,0.4972456961,-0.0229704325
anti_uav410,4,anti_uav410.load_4,AU-L04-W07,AU-L04-W07,731620,No-Synergy,33,0.4742752636,0.4750909362,-0.0008156726
anti_uav410,4,anti_uav410.load_4,AU-L04-W07,AU-L04-W07,731620,Random,26,0.4816674868,0.494848253,-0.0131807662
anti_uav410,4,anti_uav410.load_4,AU-L04-W07,AU-L04-W07,731621,External-Auction,32,0.454070684,0.4555174356,-0.0014467516
anti_uav410,4,anti_uav410.load_4,AU-L04-W07,AU-L04-W07,731621,Greedy,31,0.451661519,0.4674025476,-0.0157410286
anti_uav410,4,anti_uav410.load_4,AU-L04-W07,AU-L04-W07,731621,No-Stability,32,0.454070684,0.5061166711,-0.052045987
anti_uav410,4,anti_uav410.load_4,AU-L04-W07,AU-L04-W07,731621,No-Synergy,32,0.454070684,0.454070684,0.0
anti_uav410,4,anti_uav410.load_4,AU-L04-W07,AU-L04-W07,731621,Random,24,0.4582759691,0.5064127902,-0.0481368211
anti_uav410,4,anti_uav410.load_4,AU-L04-W07,AU-L04-W07,731622,External-Auction,33,0.4899599439,0.5175803023,-0.0276203584
anti_uav410,4,anti_uav410.load_4,AU-L04-W07,AU-L04-W07,731622,Greedy,33,0.4899599439,0.5155487695,-0.0255888257
anti_uav410,4,anti_uav410.load_4,AU-L04-W07,AU-L04-W07,731622,No-Stability,33,0.4899599439,0.5286216601,-0.0386617163
anti_uav410,4,anti_uav410.load_4,AU-L04-W07,AU-L04-W07,731622,No-Synergy,33,0.4899599439,0.4889631272,0.0009968167
anti_uav410,4,anti_uav410.load_4,AU-L04-W07,AU-L04-W07,731622,Random,25,0.5020678214,0.5084574765,-0.006389655
anti_uav410,4,anti_uav410.load_4,AU-L04-W07,AU-L04-W07,731623,External-Auction,33,0.4777217444,0.4808371251,-0.0031153807
anti_uav410,4,anti_uav410.load_4,AU-L04-W07,AU-L04-W07,731623,Greedy,33,0.4777217444,0.4808371251,-0.0031153807
anti_uav410,4,anti_uav410.load_4,AU-L04-W07,AU-L04-W07,731623,No-Stability,33,0.4777217444,0.4936519015,-0.0159301571
anti_uav410,4,anti_uav410.load_4,AU-L04-W07,AU-L04-W07,731623,No-Synergy,33,0.4777217444,0.4760233408,0.0016984036
anti_uav410,4,anti_uav410.load_4,AU-L04-W07,AU-L04-W07,731623,Random,27,0.4842796071,0.5048986645,-0.0206190574
anti_uav410,4,anti_uav410.load_4,AU-L04-W07,AU-L04-W07,731624,External-Auction,33,0.479614369,0.4828475207,-0.0032331517
anti_uav410,4,anti_uav410.load_4,AU-L04-W07,AU-L04-W07,731624,Greedy,33,0.479614369,0.4828475207,-0.0032331517
anti_uav410,4,anti_uav410.load_4,AU-L04-W07,AU-L04-W07,731624,No-Stability,33,0.479614369,0.4920501139,-0.0124357449
anti_uav410,4,anti_uav410.load_4,AU-L04-W07,AU-L04-W07,731624,No-Synergy,33,0.479614369,0.479614369,0.0
anti_uav410,4,anti_uav410.load_4,AU-L04-W07,AU-L04-W07,731624,Random,27,0.4665532327,0.4744136101,-0.0078603774
anti_uav410,4,anti_uav410.load_4,AU-L04-W07,AU-L04-W07,731625,External-Auction,33,0.4524050648,0.4524050648,0.0
anti_uav410,4,anti_uav410.load_4,AU-L04-W07,AU-L04-W07,731625,Greedy,31,0.4485531865,0.4493698658,-0.0008166794
anti_uav410,4,anti_uav410.load_4,AU-L04-W07,AU-L04-W07,731625,No-Stability,33,0.4524050648,0.4703461193,-0.0179410545
anti_uav410,4,anti_uav410.load_4,AU-L04-W07,AU-L04-W07,731625,No-Synergy,33,0.4524050648,0.4524050648,0.0
anti_uav410,4,anti_uav410.load_4,AU-L04-W07,AU-L04-W07,731625,Random,25,0.4547434875,0.4659528126,-0.0112093251
anti_uav410,4,anti_uav410.load_4,AU-L04-W07,AU-L04-W07,731626,External-Auction,33,0.4614836743,0.4614836743,0.0
anti_uav410,4,anti_uav410.load_4,AU-L04-W07,AU-L04-W07,731626,Greedy,33,0.4614836743,0.4614836743,0.0
anti_uav410,4,anti_uav410.load_4,AU-L04-W07,AU-L04-W07,731626,No-Stability,33,0.4614836743,0.4781540563,-0.016670382
anti_uav410,4,anti_uav410.load_4,AU-L04-W07,AU-L04-W07,731626,No-Synergy,33,0.4614836743,0.4614836743,0.0
anti_uav410,4,anti_uav410.load_4,AU-L04-W07,AU-L04-W07,731626,Random,23,0.4629030507,0.4750407563,-0.0121377056
anti_uav410,4,anti_uav410.load_4,AU-L04-W07,AU-L04-W07,731627,External-Auction,32,0.4573445731,0.4577110021,-0.000366429
anti_uav410,4,anti_uav410.load_4,AU-L04-W07,AU-L04-W07,731627,Greedy,32,0.4605271175,0.4690524468,-0.0085253293
anti_uav410,4,anti_uav410.load_4,AU-L04-W07,AU-L04-W07,731627,No-Stability,33,0.4621633083,0.4860920185,-0.0239287101
anti_uav410,4,anti_uav410.load_4,AU-L04-W07,AU-L04-W07,731627,No-Synergy,33,0.4621633083,0.4594757433,0.002687565
anti_uav410,4,anti_uav410.load_4,AU-L04-W07,AU-L04-W07,731627,Random,23,0.4699169047,0.485291845,-0.0153749403
anti_uav410,4,anti_uav410.load_4,AU-L04-W07,AU-L04-W07,731628,External-Auction,33,0.476739006,0.4800947642,-0.0033557582
anti_uav410,4,anti_uav410.load_4,AU-L04-W07,AU-L04-W07,731628,Greedy,33,0.476739006,0.4800947642,-0.0033557582
anti_uav410,4,anti_uav410.load_4,AU-L04-W07,AU-L04-W07,731628,No-Stability,33,0.476739006,0.5216030638,-0.0448640579
anti_uav410,4,anti_uav410.load_4,AU-L04-W07,AU-L04-W07,731628,No-Synergy,33,0.476739006,0.476739006,0.0
anti_uav410,4,anti_uav410.load_4,AU-L04-W07,AU-L04-W07,731628,Random,23,0.4606472688,0.4934998088,-0.03285254
anti_uav410,4,anti_uav410.load_4,AU-L04-W07,AU-L04-W07,731629,External-Auction,33,0.528625342,0.5292570598,-0.0006317177
anti_uav410,4,anti_uav410.load_4,AU-L04-W07,AU-L04-W07,731629,Greedy,33,0.528625342,0.528625342,0.0
anti_uav410,4,anti_uav410.load_4,AU-L04-W07,AU-L04-W07,731629,No-Stability,33,0.528625342,0.5325309308,-0.0039055888
anti_uav410,4,anti_uav410.load_4,AU-L04-W07,AU-L04-W07,731629,No-Synergy,33,0.528625342,0.5292570598,-0.0006317177
anti_uav410,4,anti_uav410.load_4,AU-L04-W07,AU-L04-W07,731629,Random,22,0.5302785899,0.507802079,0.0224765109
anti_uav410,4,anti_uav410.load_4,AU-L04-W08,AU-L04-W08,731700,External-Auction,35,0.4782273452,0.4782273452,0.0
anti_uav410,4,anti_uav410.load_4,AU-L04-W08,AU-L04-W08,731700,Greedy,35,0.4782273452,0.4782273452,0.0
anti_uav410,4,anti_uav410.load_4,AU-L04-W08,AU-L04-W08,731700,No-Stability,35,0.4782273452,0.4995381772,-0.021310832
anti_uav410,4,anti_uav410.load_4,AU-L04-W08,AU-L04-W08,731700,No-Synergy,35,0.4782273452,0.4782273452,0.0
anti_uav410,4,anti_uav410.load_4,AU-L04-W08,AU-L04-W08,731700,Random,25,0.4800516893,0.489844202,-0.0097925127
anti_uav410,4,anti_uav410.load_4,AU-L04-W08,AU-L04-W08,731701,External-Auction,34,0.4848239203,0.4848239203,0.0
anti_uav410,4,anti_uav410.load_4,AU-L04-W08,AU-L04-W08,731701,Greedy,34,0.4848239203,0.4848239203,0.0
anti_uav410,4,anti_uav410.load_4,AU-L04-W08,AU-L04-W08,731701,No-Stability,34,0.4848239203,0.5165564508,-0.0317325305
anti_uav410,4,anti_uav410.load_4,AU-L04-W08,AU-L04-W08,731701,No-Synergy,34,0.4848239203,0.4848239203,0.0
anti_uav410,4,anti_uav410.load_4,AU-L04-W08,AU-L04-W08,731701,Random,28,0.470410053,0.503605508,-0.033195455
anti_uav410,4,anti_uav410.load_4,AU-L04-W08,AU-L04-W08,731702,External-Auction,35,0.4806576095,0.4806576095,0.0
anti_uav410,4,anti_uav410.load_4,AU-L04-W08,AU-L04-W08,731702,Greedy,35,0.4806576095,0.4806576095,0.0
anti_uav410,4,anti_uav410.load_4,AU-L04-W08,AU-L04-W08,731702,No-Stability,35,0.4806576095,0.5001236815,-0.019466072
anti_uav410,4,anti_uav410.load_4,AU-L04-W08,AU-L04-W08,731702,No-Synergy,35,0.4806576095,0.4806576095,0.0
anti_uav410,4,anti_uav410.load_4,AU-L04-W08,AU-L04-W08,731702,Random,25,0.480694313,0.499503614,-0.0188093011
anti_uav410,4,anti_uav410.load_4,AU-L04-W08,AU-L04-W08,731703,External-Auction,35,0.4845676242,0.4845676242,0.0
anti_uav410,4,anti_uav410.load_4,AU-L04-W08,AU-L04-W08,731703,Greedy,35,0.4845676242,0.4845676242,0.0
anti_uav410,4,anti_uav410.load_4,AU-L04-W08,AU-L04-W08,731703,No-Stability,35,0.4845676242,0.4894045292,-0.004836905
anti_uav410,4,anti_uav410.load_4,AU-L04-W08,AU-L04-W08,731703,No-Synergy,35,0.4845676242,0.4845676242,0.0
anti_uav410,4,anti_uav410.load_4,AU-L04-W08,AU-L04-W08,731703,Random,22,0.4861159609,0.4998227898,-0.013706829
anti_uav410,4,anti_uav410.load_4,AU-L04-W08,AU-L04-W08,731704,External-Auction,34,0.4894655587,0.4796576661,0.0098078926
anti_uav410,4,anti_uav410.load_4,AU-L04-W08,AU-L04-W08,731704,Greedy,34,0.4894655587,0.4894655587,0.0
anti_uav410,4,anti_uav410.load_4,AU-L04-W08,AU-L04-W08,731704,No-Stability,34,0.4894655587,0.5347883425,-0.0453227838
anti_uav410,4,anti_uav410.load_4,AU-L04-W08,AU-L04-W08,731704,No-Synergy,34,0.4894655587,0.4894655587,0.0
anti_uav410,4,anti_uav410.load_4,AU-L04-W08,AU-L04-W08,731704,Random,26,0.4934128282,0.5029184875,-0.0095056593
anti_uav410,4,anti_uav410.load_4,AU-L04-W08,AU-L04-W08,731705,External-Auction,32,0.4848393576,0.4970748731,-0.0122355155
anti_uav410,4,anti_uav410.load_4,AU-L04-W08,AU-L04-W08,731705,Greedy,33,0.5066528227,0.5066528227,0.0
anti_uav410,4,anti_uav410.load_4,AU-L04-W08,AU-L04-W08,731705,No-Stability,35,0.4974196534,0.5193576454,-0.0219379921
anti_uav410,4,anti_uav410.load_4,AU-L04-W08,AU-L04-W08,731705,No-Synergy,35,0.4974196534,0.4974196534,0.0
anti_uav410,4,anti_uav410.load_4,AU-L04-W08,AU-L04-W08,731705,Random,30,0.4967682209,0.5160155137,-0.0192472927
anti_uav410,4,anti_uav410.load_4,AU-L04-W08,AU-L04-W08,731706,External-Auction,35,0.4861772873,0.4861772873,0.0
anti_uav410,4,anti_uav410.load_4,AU-L04-W08,AU-L04-W08,731706,Greedy,35,0.4861772873,0.4861772873,0.0
anti_uav410,4,anti_uav410.load_4,AU-L04-W08,AU-L04-W08,731706,No-Stability,35,0.4861772873,0.5152876435,-0.0291103562
anti_uav410,4,anti_uav410.load_4,AU-L04-W08,AU-L04-W08,731706,No-Synergy,35,0.4861772873,0.4861772873,0.0
anti_uav410,4,anti_uav410.load_4,AU-L04-W08,AU-L04-W08,731706,Random,25,0.4783657023,0.4991014258,-0.0207357235
anti_uav410,4,anti_uav410.load_4,AU-L04-W08,AU-L04-W08,731707,External-Auction,35,0.4911966041,0.4911966041,0.0
anti_uav410,4,anti_uav410.load_4,AU-L04-W08,AU-L04-W08,731707,Greedy,32,0.4989711861,0.4984877038,0.0004834823
anti_uav410,4,anti_uav410.load_4,AU-L04-W08,AU-L04-W08,731707,No-Stability,35,0.4911966041,0.5033270622,-0.0121304581
anti_uav410,4,anti_uav410.load_4,AU-L04-W08,AU-L04-W08,731707,No-Synergy,35,0.4911966041,0.4912734528,-7.68487e-05
anti_uav410,4,anti_uav410.load_4,AU-L04-W08,AU-L04-W08,731707,Random,27,0.5026091419,0.5131622264,-0.0105530844
anti_uav410,4,anti_uav410.load_4,AU-L04-W08,AU-L04-W08,731708,External-Auction,35,0.4789871077,0.4789871077,0.0
anti_uav410,4,anti_uav410.load_4,AU-L04-W08,AU-L04-W08,731708,Greedy,33,0.4841860592,0.49605682,-0.0118707607
anti_uav410,4,anti_uav410.load_4,AU-L04-W08,AU-L04-W08,731708,No-Stability,35,0.4789871077,0.5052844607,-0.026297353
anti_uav410,4,anti_uav410.load_4,AU-L04-W08,AU-L04-W08,731708,No-Synergy,35,0.4789871077,0.4789871077,0.0
anti_uav410,4,anti_uav410.load_4,AU-L04-W08,AU-L04-W08,731708,Random,23,0.4595256318,0.4650261502,-0.0055005183
anti_uav410,4,anti_uav410.load_4,AU-L04-W08,AU-L04-W08,731709,External-Auction,33,0.4873235862,0.4855984929,0.0017250933
anti_uav410,4,anti_uav410.load_4,AU-L04-W08,AU-L04-W08,731709,Greedy,33,0.4873235862,0.486696801,0.0006267852
anti_uav410,4,anti_uav410.load_4,AU-L04-W08,AU-L04-W08,731709,No-Stability,35,0.4789604425,0.4971873046,-0.0182268621
anti_uav410,4,anti_uav410.load_4,AU-L04-W08,AU-L04-W08,731709,No-Synergy,35,0.4789604425,0.4787879961,0.0001724464
anti_uav410,4,anti_uav410.load_4,AU-L04-W08,AU-L04-W08,731709,Random,25,0.4636691046,0.4807829865,-0.0171138819
anti_uav410,4,anti_uav410.load_4,AU-L04-W08,AU-L04-W08,731710,External-Auction,33,0.4875222779,0.4906415615,-0.0031192836
anti_uav410,4,anti_uav410.load_4,AU-L04-W08,AU-L04-W08,731710,Greedy,33,0.4875222779,0.4875222779,0.0
anti_uav410,4,anti_uav410.load_4,AU-L04-W08,AU-L04-W08,731710,No-Stability,33,0.4875222779,0.5171946919,-0.029672414
anti_uav410,4,anti_uav410.load_4,AU-L04-W08,AU-L04-W08,731710,No-Synergy,33,0.4875222779,0.4875222779,0.0
anti_uav410,4,anti_uav410.load_4,AU-L04-W08,AU-L04-W08,731710,Random,26,0.4844500034,0.509617577,-0.0251675735
anti_uav410,4,anti_uav410.load_4,AU-L04-W08,AU-L04-W08,731711,External-Auction,32,0.484101833,0.4870092796,-0.0029074466
anti_uav410,4,anti_uav410.load_4,AU-L04-W08,AU-L04-W08,731711,Greedy,32,0.484101833,0.484101833,0.0
anti_uav410,4,anti_uav410.load_4,AU-L04-W08,AU-L04-W08,731711,No-Stability,32,0.484101833,0.5062221939,-0.0221203609
anti_uav410,4,anti_uav410.load_4,AU-L04-W08,AU-L04-W08,731711,No-Synergy,32,0.484101833,0.484101833,0.0
anti_uav410,4,anti_uav410.load_4,AU-L04-W08,AU-L04-W08,731711,Random,24,0.4819020374,0.5018489094,-0.019946872
anti_uav410,4,anti_uav410.load_4,AU-L04-W08,AU-L04-W08,731712,External-Auction,30,0.4620782244,0.4827577948,-0.0206795704
anti_uav410,4,anti_uav410.load_4,AU-L04-W08,AU-L04-W08,731712,Greedy,35,0.4694208308,0.4694208308,0.0
anti_uav410,4,anti_uav410.load_4,AU-L04-W08,AU-L04-W08,731712,No-Stability,35,0.4694208308,0.5028250516,-0.0334042208
anti_uav410,4,anti_uav410.load_4,AU-L04-W08,AU-L04-W08,731712,No-Synergy,35,0.4694208308,0.4694208308,0.0
anti_uav410,4,anti_uav410.load_4,AU-L04-W08,AU-L04-W08,731712,Random,20,0.4591696531,0.4791372704,-0.0199676173
anti_uav410,4,anti_uav410.load_4,AU-L04-W08,AU-L04-W08,731713,External-Auction,32,0.4937284983,0.4981827042,-0.004454206
anti_uav410,4,anti_uav410.load_4,AU-L04-W08,AU-L04-W08,731713,Greedy,32,0.4937284983,0.4978324059,-0.0041039077
anti_uav410,4,anti_uav410.load_4,AU-L04-W08,AU-L04-W08,731713,No-Stability,32,0.4937284983,0.5281650057,-0.0344365074
anti_uav410,4,anti_uav410.load_4,AU-L04-W08,AU-L04-W08,731713,No-Synergy,32,0.4937284983,0.4937284983,0.0
anti_uav410,4,anti_uav410.load_4,AU-L04-W08,AU-L04-W08,731713,Random,25,0.4971435805,0.5144689421,-0.0173253617
anti_uav410,4,anti_uav410.load_4,AU-L04-W08,AU-L04-W08,731714,External-Auction,35,0.4931725627,0.4946361331,-0.0014635703
anti_uav410,4,anti_uav410.load_4,AU-L04-W08,AU-L04-W08,731714,Greedy,34,0.4891933387,0.4937910404,-0.0045977016
anti_uav410,4,anti_uav410.load_4,AU-L04-W08,AU-L04-W08,731714,No-Stability,35,0.4931725627,0.5401064637,-0.0469339009
anti_uav410,4,anti_uav410.load_4,AU-L04-W08,AU-L04-W08,731714,No-Synergy,35,0.4931725627,0.4931725627,0.0
anti_uav410,4,anti_uav410.load_4,AU-L04-W08,AU-L04-W08,731714,Random,25,0.5006497192,0.529408686,-0.0287589668
anti_uav410,4,anti_uav410.load_4,AU-L04-W08,AU-L04-W08,731715,External-Auction,35,0.4733162688,0.4733162688,0.0
anti_uav410,4,anti_uav410.load_4,AU-L04-W08,AU-L04-W08,731715,Greedy,35,0.4733162688,0.4733162688,0.0
anti_uav410,4,anti_uav410.load_4,AU-L04-W08,AU-L04-W08,731715,No-Stability,35,0.4733162688,0.4974089614,-0.0240926926
anti_uav410,4,anti_uav410.load_4,AU-L04-W08,AU-L04-W08,731715,No-Synergy,35,0.4733162688,0.4733162688,0.0
anti_uav410,4,anti_uav410.load_4,AU-L04-W08,AU-L04-W08,731715,Random,19,0.4833714021,0.5138423479,-0.0304709458
anti_uav410,4,anti_uav410.load_4,AU-L04-W08,AU-L04-W08,731716,External-Auction,34,0.4754496998,0.4728059849,0.0026437148
anti_uav410,4,anti_uav410.load_4,AU-L04-W08,AU-L04-W08,731716,Greedy,34,0.4754496998,0.4728059849,0.0026437148
anti_uav410,4,anti_uav410.load_4,AU-L04-W08,AU-L04-W08,731716,No-Stability,35,0.4721018194,0.4836252801,-0.0115234607
anti_uav410,4,anti_uav410.load_4,AU-L04-W08,AU-L04-W08,731716,No-Synergy,35,0.4721018194,0.4721018194,0.0
anti_uav410,4,anti_uav410.load_4,AU-L04-W08,AU-L04-W08,731716,Random,19,0.4596360603,0.4677330396,-0.0080969792
anti_uav410,4,anti_uav410.load_4,AU-L04-W08,AU-L04-W08,731717,External-Auction,33,0.4901101621,0.4901101621,0.0
anti_uav410,4,anti_uav410.load_4,AU-L04-W08,AU-L04-W08,731717,Greedy,33,0.4901101621,0.4901101621,0.0
anti_uav410,4,anti_uav410.load_4,AU-L04-W08,AU-L04-W08,731717,No-Stability,33,0.4901101621,0.5243280093,-0.0342178472
anti_uav410,4,anti_uav410.load_4,AU-L04-W08,AU-L04-W08,731717,No-Synergy,33,0.4901101621,0.4901101621,0.0
anti_uav410,4,anti_uav410.load_4,AU-L04-W08,AU-L04-W08,731717,Random,23,0.5004098694,0.5370222813,-0.0366124119
anti_uav410,4,anti_uav410.load_4,AU-L04-W08,AU-L04-W08,731718,External-Auction,34,0.4918767198,0.4918767198,0.0
anti_uav410,4,anti_uav410.load_4,AU-L04-W08,AU-L04-W08,731718,Greedy,34,0.4918767198,0.4918767198,0.0
anti_uav410,4,anti_uav410.load_4,AU-L04-W08,AU-L04-W08,731718,No-Stability,34,0.4918767198,0.5213286974,-0.0294519776
anti_uav410,4,anti_uav410.load_4,AU-L04-W08,AU-L04-W08,731718,No-Synergy,34,0.4918767198,0.4918767198,0.0
anti_uav410,4,anti_uav410.load_4,AU-L04-W08,AU-L04-W08,731718,Random,25,0.4767777567,0.5031642999,-0.0263865432
anti_uav410,4,anti_uav410.load_4,AU-L04-W08,AU-L04-W08,731719,External-Auction,34,0.4893189049,0.4893189049,0.0
anti_uav410,4,anti_uav410.load_4,AU-L04-W08,AU-L04-W08,731719,Greedy,34,0.4893189049,0.4893189049,0.0
anti_uav410,4,anti_uav410.load_4,AU-L04-W08,AU-L04-W08,731719,No-Stability,34,0.4893189049,0.498351422,-0.0090325172
anti_uav410,4,anti_uav410.load_4,AU-L04-W08,AU-L04-W08,731719,No-Synergy,34,0.4893189049,0.4893189049,0.0
anti_uav410,4,anti_uav410.load_4,AU-L04-W08,AU-L04-W08,731719,Random,22,0.4808455668,0.4901503551,-0.0093047883
anti_uav410,4,anti_uav410.load_4,AU-L04-W08,AU-L04-W08,731720,External-Auction,35,0.4857364413,0.4857364413,0.0
anti_uav410,4,anti_uav410.load_4,AU-L04-W08,AU-L04-W08,731720,Greedy,35,0.4857364413,0.4857364413,0.0
anti_uav410,4,anti_uav410.load_4,AU-L04-W08,AU-L04-W08,731720,No-Stability,35,0.4857364413,0.5018552323,-0.0161187911
anti_uav410,4,anti_uav410.load_4,AU-L04-W08,AU-L04-W08,731720,No-Synergy,35,0.4857364413,0.4857364413,0.0
anti_uav410,4,anti_uav410.load_4,AU-L04-W08,AU-L04-W08,731720,Random,24,0.4981873042,0.5154178265,-0.0172305223
anti_uav410,4,anti_uav410.load_4,AU-L04-W08,AU-L04-W08,731721,External-Auction,33,0.4623206149,0.4870390993,-0.0247184844
anti_uav410,4,anti_uav410.load_4,AU-L04-W08,AU-L04-W08,731721,Greedy,35,0.4591384171,0.4591384171,0.0
anti_uav410,4,anti_uav410.load_4,AU-L04-W08,AU-L04-W08,731721,No-Stability,35,0.4591384171,0.4835000159,-0.0243615988
anti_uav410,4,anti_uav410.load_4,AU-L04-W08,AU-L04-W08,731721,No-Synergy,35,0.4591384171,0.4591384171,0.0
anti_uav410,4,anti_uav410.load_4,AU-L04-W08,AU-L04-W08,731721,Random,26,0.4526813469,0.4759802793,-0.0232989324
anti_uav410,4,anti_uav410.load_4,AU-L04-W08,AU-L04-W08,731722,External-Auction,34,0.4899887585,0.4880931351,0.0018956234
anti_uav410,4,anti_uav410.load_4,AU-L04-W08,AU-L04-W08,731722,Greedy,34,0.4899887585,0.4899887585,0.0
anti_uav410,4,anti_uav410.load_4,AU-L04-W08,AU-L04-W08,731722,No-Stability,34,0.4899887585,0.5188541693,-0.0288654108
anti_uav410,4,anti_uav410.load_4,AU-L04-W08,AU-L04-W08,731722,No-Synergy,34,0.4899887585,0.4880931351,0.0018956234
anti_uav410,4,anti_uav410.load_4,AU-L04-W08,AU-L04-W08,731722,Random,25,0.4959996976,0.5076365958,-0.0116368982
anti_uav410,4,anti_uav410.load_4,AU-L04-W08,AU-L04-W08,731723,External-Auction,35,0.4597928692,0.4597928692,0.0
anti_uav410,4,anti_uav410.load_4,AU-L04-W08,AU-L04-W08,731723,Greedy,35,0.4597928692,0.4597928692,0.0
anti_uav410,4,anti_uav410.load_4,AU-L04-W08,AU-L04-W08,731723,No-Stability,35,0.4597928692,0.491443779,-0.0316509097
anti_uav410,4,anti_uav410.load_4,AU-L04-W08,AU-L04-W08,731723,No-Synergy,35,0.4597928692,0.4597928692,0.0
anti_uav410,4,anti_uav410.load_4,AU-L04-W08,AU-L04-W08,731723,Random,26,0.4629120688,0.492530026,-0.0296179573
anti_uav410,4,anti_uav410.load_4,AU-L04-W08,AU-L04-W08,731724,External-Auction,35,0.5117912282,0.5051835121,0.0066077161
anti_uav410,4,anti_uav410.load_4,AU-L04-W08,AU-L04-W08,731724,Greedy,35,0.5117912282,0.5457732973,-0.0339820691
anti_uav410,4,anti_uav410.load_4,AU-L04-W08,AU-L04-W08,731724,No-Stability,35,0.5117912282,0.5456440388,-0.0338528106
anti_uav410,4,anti_uav410.load_4,AU-L04-W08,AU-L04-W08,731724,No-Synergy,35,0.5117912282,0.5089125506,0.0028786776
anti_uav410,4,anti_uav410.load_4,AU-L04-W08,AU-L04-W08,731724,Random,21,0.5064427277,0.5197951391,-0.0133524113
anti_uav410,4,anti_uav410.load_4,AU-L04-W08,AU-L04-W08,731725,External-Auction,35,0.4895909053,0.4867227046,0.0028682008
anti_uav410,4,anti_uav410.load_4,AU-L04-W08,AU-L04-W08,731725,Greedy,35,0.4895909053,0.4868963292,0.0026945761
anti_uav410,4,anti_uav410.load_4,AU-L04-W08,AU-L04-W08,731725,No-Stability,35,0.4895909053,0.5110919021,-0.0215009968
anti_uav410,4,anti_uav410.load_4,AU-L04-W08,AU-L04-W08,731725,No-Synergy,35,0.4895909053,0.4895909053,0.0
anti_uav410,4,anti_uav410.load_4,AU-L04-W08,AU-L04-W08,731725,Random,22,0.5094574833,0.5316033618,-0.0221458785
anti_uav410,4,anti_uav410.load_4,AU-L04-W08,AU-L04-W08,731726,External-Auction,32,0.4620840158,0.4779920726,-0.0159080568
anti_uav410,4,anti_uav410.load_4,AU-L04-W08,AU-L04-W08,731726,Greedy,32,0.4620840158,0.4620840158,0.0
anti_uav410,4,anti_uav410.load_4,AU-L04-W08,AU-L04-W08,731726,No-Stability,32,0.4620840158,0.5090518584,-0.0469678426
anti_uav410,4,anti_uav410.load_4,AU-L04-W08,AU-L04-W08,731726,No-Synergy,32,0.4620840158,0.4620840158,0.0
anti_uav410,4,anti_uav410.load_4,AU-L04-W08,AU-L04-W08,731726,Random,22,0.4582168855,0.4766150924,-0.0183982068
anti_uav410,4,anti_uav410.load_4,AU-L04-W08,AU-L04-W08,731727,External-Auction,35,0.4887408177,0.4887408177,0.0
anti_uav410,4,anti_uav410.load_4,AU-L04-W08,AU-L04-W08,731727,Greedy,35,0.4887408177,0.4887408177,0.0
anti_uav410,4,anti_uav410.load_4,AU-L04-W08,AU-L04-W08,731727,No-Stability,35,0.4887408177,0.5073887957,-0.018647978
anti_uav410,4,anti_uav410.load_4,AU-L04-W08,AU-L04-W08,731727,No-Synergy,35,0.4887408177,0.4893297624,-0.0005889447
anti_uav410,4,anti_uav410.load_4,AU-L04-W08,AU-L04-W08,731727,Random,27,0.4829925543,0.4982469833,-0.015254429
anti_uav410,4,anti_uav410.load_4,AU-L04-W08,AU-L04-W08,731728,External-Auction,32,0.4825665701,0.4971164447,-0.0145498747
anti_uav410,4,anti_uav410.load_4,AU-L04-W08,AU-L04-W08,731728,Greedy,35,0.4865066493,0.4865066493,0.0
anti_uav410,4,anti_uav410.load_4,AU-L04-W08,AU-L04-W08,731728,No-Stability,35,0.4865066493,0.5196212085,-0.0331145592
anti_uav410,4,anti_uav410.load_4,AU-L04-W08,AU-L04-W08,731728,No-Synergy,35,0.4865066493,0.4865066493,0.0
anti_uav410,4,anti_uav410.load_4,AU-L04-W08,AU-L04-W08,731728,Random,23,0.4672329099,0.48739047,-0.0201575601
anti_uav410,4,anti_uav410.load_4,AU-L04-W08,AU-L04-W08,731729,External-Auction,33,0.4648722549,0.4648527257,1.95292e-05
anti_uav410,4,anti_uav410.load_4,AU-L04-W08,AU-L04-W08,731729,Greedy,33,0.4648722549,0.4648527257,1.95292e-05
anti_uav410,4,anti_uav410.load_4,AU-L04-W08,AU-L04-W08,731729,No-Stability,33,0.4648722549,0.4947092903,-0.0298370354
anti_uav410,4,anti_uav410.load_4,AU-L04-W08,AU-L04-W08,731729,No-Synergy,33,0.4648722549,0.4648722549,0.0
anti_uav410,4,anti_uav410.load_4,AU-L04-W08,AU-L04-W08,731729,Random,25,0.4622818487,0.4934114055,-0.0311295569
anti_uav410,6,anti_uav410.load_6,AU-L06-W01,AU-L06-W01,731800,External-Auction,46,0.4650432012,0.4918565206,-0.0268133194
anti_uav410,6,anti_uav410.load_6,AU-L06-W01,AU-L06-W01,731800,Greedy,49,0.461578135,0.4628458936,-0.0012677585
anti_uav410,6,anti_uav410.load_6,AU-L06-W01,AU-L06-W01,731800,No-Stability,47,0.4610600259,0.4818795889,-0.0208195629
anti_uav410,6,anti_uav410.load_6,AU-L06-W01,AU-L06-W01,731800,No-Synergy,49,0.461578135,0.461578135,0.0
anti_uav410,6,anti_uav410.load_6,AU-L06-W01,AU-L06-W01,731800,Random,34,0.4591914486,0.4663977103,-0.0072062617
anti_uav410,6,anti_uav410.load_6,AU-L06-W01,AU-L06-W01,731801,External-Auction,42,0.4171326406,0.4317463599,-0.0146137193
anti_uav410,6,anti_uav410.load_6,AU-L06-W01,AU-L06-W01,731801,Greedy,41,0.4163942336,0.4313575,-0.0149632663
anti_uav410,6,anti_uav410.load_6,AU-L06-W01,AU-L06-W01,731801,No-Stability,45,0.4319603562,0.4798644625,-0.0479041063
anti_uav410,6,anti_uav410.load_6,AU-L06-W01,AU-L06-W01,731801,No-Synergy,48,0.4306432804,0.4306432804,0.0
anti_uav410,6,anti_uav410.load_6,AU-L06-W01,AU-L06-W01,731801,Random,33,0.422369839,0.4302562669,-0.007886428
anti_uav410,6,anti_uav410.load_6,AU-L06-W01,AU-L06-W01,731802,External-Auction,42,0.4648040924,0.4652698364,-0.000465744
anti_uav410,6,anti_uav410.load_6,AU-L06-W01,AU-L06-W01,731802,Greedy,48,0.4722228678,0.4606138908,0.011608977
anti_uav410,6,anti_uav410.load_6,AU-L06-W01,AU-L06-W01,731802,No-Stability,51,0.4602518936,0.472618944,-0.0123670504
anti_uav410,6,anti_uav410.load_6,AU-L06-W01,AU-L06-W01,731802,No-Synergy,52,0.4586509432,0.4586509432,0.0
anti_uav410,6,anti_uav410.load_6,AU-L06-W01,AU-L06-W01,731802,Random,35,0.4539177972,0.4546240382,-0.000706241
anti_uav410,6,anti_uav410.load_6,AU-L06-W01,AU-L06-W01,731803,External-Auction,41,0.435941918,0.4389520102,-0.0030100922
anti_uav410,6,anti_uav410.load_6,AU-L06-W01,AU-L06-W01,731803,Greedy,46,0.4426335713,0.4426335713,0.0
anti_uav410,6,anti_uav410.load_6,AU-L06-W01,AU-L06-W01,731803,No-Stability,46,0.4426335713,0.4524582241,-0.0098246528
anti_uav410,6,anti_uav410.load_6,AU-L06-W01,AU-L06-W01,731803,No-Synergy,46,0.4426335713,0.4426335713,0.0
anti_uav410,6,anti_uav410.load_6,AU-L06-W01,AU-L06-W01,731803,Random,28,0.4413420471,0.4421179516,-0.0007759045
anti_uav410,6,anti_uav410.load_6,AU-L06-W01,AU-L06-W01,731804,External-Auction,42,0.4543756692,0.4498293014,0.0045463678
anti_uav410,6,anti_uav410.load_6,AU-L06-W01,AU-L06-W01,731804,Greedy,38,0.4559553883,0.4565502191,-0.0005948308
anti_uav410,6,anti_uav410.load_6,AU-L06-W01,AU-L06-W01,731804,No-Stability,41,0.4558684584,0.4611938986,-0.0053254402
anti_uav410,6,anti_uav410.load_6,AU-L06-W01,AU-L06-W01,731804,No-Synergy,42,0.4543756692,0.4543756692,0.0
anti_uav410,6,anti_uav410.load_6,AU-L06-W01,AU-L06-W01,731804,Random,23,0.4191748577,0.4305507328,-0.0113758751
anti_uav410,6,anti_uav410.load_6,AU-L06-W01,AU-L06-W01,731805,External-Auction,44,0.4614609881,0.4614609881,0.0
anti_uav410,6,anti_uav410.load_6,AU-L06-W01,AU-L06-W01,731805,Greedy,42,0.4597404634,0.4724296524,-0.0126891891
anti_uav410,6,anti_uav410.load_6,AU-L06-W01,AU-L06-W01,731805,No-Stability,44,0.4614609881,0.4738173951,-0.012356407
anti_uav410,6,anti_uav410.load_6,AU-L06-W01,AU-L06-W01,731805,No-Synergy,44,0.4614609881,0.4614609881,0.0
anti_uav410,6,anti_uav410.load_6,AU-L06-W01,AU-L06-W01,731805,Random,27,0.4613426208,0.4770150024,-0.0156723816
anti_uav410,6,anti_uav410.load_6,AU-L06-W01,AU-L06-W01,731806,External-Auction,46,0.4591797211,0.4591797211,0.0
anti_uav410,6,anti_uav410.load_6,AU-L06-W01,AU-L06-W01,731806,Greedy,43,0.4531163072,0.4572338422,-0.004117535
anti_uav410,6,anti_uav410.load_6,AU-L06-W01,AU-L06-W01,731806,No-Stability,45,0.461448403,0.4630503419,-0.0016019389
anti_uav410,6,anti_uav410.load_6,AU-L06-W01,AU-L06-W01,731806,No-Synergy,46,0.4591797211,0.4591797211,0.0
anti_uav410,6,anti_uav410.load_6,AU-L06-W01,AU-L06-W01,731806,Random,25,0.435511433,0.441154454,-0.005643021
anti_uav410,6,anti_uav410.load_6,AU-L06-W01,AU-L06-W01,731807,External-Auction,47,0.4900577158,0.4738787787,0.0161789372
anti_uav410,6,anti_uav410.load_6,AU-L06-W01,AU-L06-W01,731807,Greedy,48,0.4929283071,0.4929283071,0.0
anti_uav410,6,anti_uav410.load_6,AU-L06-W01,AU-L06-W01,731807,No-Stability,48,0.4929283071,0.5005339497,-0.0076056425
anti_uav410,6,anti_uav410.load_6,AU-L06-W01,AU-L06-W01,731807,No-Synergy,48,0.4929283071,0.4929283071,0.0
anti_uav410,6,anti_uav410.load_6,AU-L06-W01,AU-L06-W01,731807,Random,38,0.4854584399,0.4825474491,0.0029109908
anti_uav410,6,anti_uav410.load_6,AU-L06-W01,AU-L06-W01,731808,External-Auction,38,0.4531496784,0.4752993249,-0.0221496466
anti_uav410,6,anti_uav410.load_6,AU-L06-W01,AU-L06-W01,731808,Greedy,46,0.4410117002,0.4512497835,-0.0102380833
anti_uav410,6,anti_uav410.load_6,AU-L06-W01,AU-L06-W01,731808,No-Stability,43,0.4516119866,0.4595329685,-0.0079209819
anti_uav410,6,anti_uav410.load_6,AU-L06-W01,AU-L06-W01,731808,No-Synergy,46,0.4410117002,0.4410117002,0.0
anti_uav410,6,anti_uav410.load_6,AU-L06-W01,AU-L06-W01,731808,Random,26,0.432509365,0.4513268843,-0.0188175193
anti_uav410,6,anti_uav410.load_6,AU-L06-W01,AU-L06-W01,731809,External-Auction,48,0.4693651102,0.4693651102,0.0
anti_uav410,6,anti_uav410.load_6,AU-L06-W01,AU-L06-W01,731809,Greedy,48,0.4693651102,0.4708856966,-0.0015205864
anti_uav410,6,anti_uav410.load_6,AU-L06-W01,AU-L06-W01,731809,No-Stability,48,0.4693651102,0.4898078841,-0.0204427739
anti_uav410,6,anti_uav410.load_6,AU-L06-W01,AU-L06-W01,731809,No-Synergy,48,0.4693651102,0.4693651102,0.0
anti_uav410,6,anti_uav410.load_6,AU-L06-W01,AU-L06-W01,731809,Random,31,0.473709524,0.4915254384,-0.0178159145
anti_uav410,6,anti_uav410.load_6,AU-L06-W01,AU-L06-W01,731810,External-Auction,49,0.4270051129,0.4368882682,-0.0098831553
anti_uav410,6,anti_uav410.load_6,AU-L06-W01,AU-L06-W01,731810,Greedy,49,0.4270051129,0.4368882682,-0.0098831553
anti_uav410,6,anti_uav410.load_6,AU-L06-W01,AU-L06-W01,731810,No-Stability,48,0.4305044064,0.4645011147,-0.0339967083
anti_uav410,6,anti_uav410.load_6,AU-L06-W01,AU-L06-W01,731810,No-Synergy,49,0.4270051129,0.4270051129,0.0
anti_uav410,6,anti_uav410.load_6,AU-L06-W01,AU-L06-W01,731810,Random,33,0.4188762982,0.4386905026,-0.0198142044
anti_uav410,6,anti_uav410.load_6,AU-L06-W01,AU-L06-W01,731811,External-Auction,43,0.4485816005,0.4570530509,-0.0084714504
anti_uav410,6,anti_uav410.load_6,AU-L06-W01,AU-L06-W01,731811,Greedy,43,0.4485816005,0.4625510999,-0.0139694994
anti_uav410,6,anti_uav410.load_6,AU-L06-W01,AU-L06-W01,731811,No-Stability,47,0.4440931069,0.4663411454,-0.0222480385
anti_uav410,6,anti_uav410.load_6,AU-L06-W01,AU-L06-W01,731811,No-Synergy,48,0.4401953852,0.4401953852,0.0
anti_uav410,6,anti_uav410.load_6,AU-L06-W01,AU-L06-W01,731811,Random,35,0.4177299615,0.4343203475,-0.0165903859
anti_uav410,6,anti_uav410.load_6,AU-L06-W01,AU-L06-W01,731812,External-Auction,46,0.4817550936,0.480701544,0.0010535495
anti_uav410,6,anti_uav410.load_6,AU-L06-W01,AU-L06-W01,731812,Greedy,46,0.4817550936,0.4817550936,0.0
anti_uav410,6,anti_uav410.load_6,AU-L06-W01,AU-L06-W01,731812,No-Stability,46,0.4817550936,0.4837950514,-0.0020399578
anti_uav410,6,anti_uav410.load_6,AU-L06-W01,AU-L06-W01,731812,No-Synergy,46,0.4817550936,0.480701544,0.0010535495
anti_uav410,6,anti_uav410.load_6,AU-L06-W01,AU-L06-W01,731812,Random,28,0.4812672246,0.4872218248,-0.0059546002
anti_uav410,6,anti_uav410.load_6,AU-L06-W01,AU-L06-W01,731813,External-Auction,47,0.4682517224,0.4689485952,-0.0006968728
anti_uav410,6,anti_uav410.load_6,AU-L06-W01,AU-L06-W01,731813,Greedy,48,0.4744428566,0.4744428566,0.0
anti_uav410,6,anti_uav410.load_6,AU-L06-W01,AU-L06-W01,731813,No-Stability,47,0.4761826804,0.4824569357,-0.0062742553
anti_uav410,6,anti_uav410.load_6,AU-L06-W01,AU-L06-W01,731813,No-Synergy,47,0.4682517224,0.4616172681,0.0066344543
anti_uav410,6,anti_uav410.load_6,AU-L06-W01,AU-L06-W01,731813,Random,32,0.4633935693,0.4769289348,-0.0135353655
anti_uav410,6,anti_uav410.load_6,AU-L06-W01,AU-L06-W01,731814,External-Auction,42,0.4660039514,0.4670480677,-0.0010441162
anti_uav410,6,anti_uav410.load_6,AU-L06-W01,AU-L06-W01,731814,Greedy,42,0.4660039514,0.4659561518,4.77997e-05
anti_uav410,6,anti_uav410.load_6,AU-L06-W01,AU-L06-W01,731814,No-Stability,41,0.4680614875,0.4737297604,-0.0056682728
anti_uav410,6,anti_uav410.load_6,AU-L06-W01,AU-L06-W01,731814,No-Synergy,42,0.4660039514,0.4611900181,0.0048139334
anti_uav410,6,anti_uav410.load_6,AU-L06-W01,AU-L06-W01,731814,Random,29,0.4536279854,0.4481329003,0.0054950851
anti_uav410,6,anti_uav410.load_6,AU-L06-W01,AU-L06-W01,731815,External-Auction,46,0.456886409,0.4771394015,-0.0202529925
anti_uav410,6,anti_uav410.load_6,AU-L06-W01,AU-L06-W01,731815,Greedy,47,0.4608335362,0.4755823917,-0.0147488556
anti_uav410,6,anti_uav410.load_6,AU-L06-W01,AU-L06-W01,731815,No-Stability,46,0.4634737321,0.4802421556,-0.0167684235
anti_uav410,6,anti_uav410.load_6,AU-L06-W01,AU-L06-W01,731815,No-Synergy,47,0.4608335362,0.4608335362,0.0
anti_uav410,6,anti_uav410.load_6,AU-L06-W01,AU-L06-W01,731815,Random,37,0.4537375974,0.4535399709,0.0001976265
anti_uav410,6,anti_uav410.load_6,AU-L06-W01,AU-L06-W01,731816,External-Auction,35,0.4469918307,0.460958088,-0.0139662572
anti_uav410,6,anti_uav410.load_6,AU-L06-W01,AU-L06-W01,731816,Greedy,40,0.444897125,0.444897125,0.0
anti_uav410,6,anti_uav410.load_6,AU-L06-W01,AU-L06-W01,731816,No-Stability,40,0.444897125,0.4589649393,-0.0140678143
anti_uav410,6,anti_uav410.load_6,AU-L06-W01,AU-L06-W01,731816,No-Synergy,40,0.444897125,0.4384156699,0.0064814551
anti_uav410,6,anti_uav410.load_6,AU-L06-W01,AU-L06-W01,731816,Random,24,0.4412129683,0.4556200718,-0.0144071035
anti_uav410,6,anti_uav410.load_6,AU-L06-W01,AU-L06-W01,731817,External-Auction,35,0.4615560426,0.4660496718,-0.0044936292
anti_uav410,6,anti_uav410.load_6,AU-L06-W01,AU-L06-W01,731817,Greedy,40,0.4548939634,0.4548939634,0.0
anti_uav410,6,anti_uav410.load_6,AU-L06-W01,AU-L06-W01,731817,No-Stability,40,0.4548939634,0.4582958912,-0.0034019278
anti_uav410,6,anti_uav410.load_6,AU-L06-W01,AU-L06-W01,731817,No-Synergy,40,0.4548939634,0.4514990436,0.0033949197
anti_uav410,6,anti_uav410.load_6,AU-L06-W01,AU-L06-W01,731817,Random,22,0.4204479948,0.4223598363,-0.0019118415
anti_uav410,6,anti_uav410.load_6,AU-L06-W01,AU-L06-W01,731818,External-Auction,47,0.4690207381,0.4690207381,0.0
anti_uav410,6,anti_uav410.load_6,AU-L06-W01,AU-L06-W01,731818,Greedy,47,0.4690207381,0.4690207381,0.0
anti_uav410,6,anti_uav410.load_6,AU-L06-W01,AU-L06-W01,731818,No-Stability,46,0.462538035,0.4907965889,-0.0282585539
anti_uav410,6,anti_uav410.load_6,AU-L06-W01,AU-L06-W01,731818,No-Synergy,47,0.4690207381,0.4690207381,0.0
anti_uav410,6,anti_uav410.load_6,AU-L06-W01,AU-L06-W01,731818,Random,29,0.45281434,0.4677617116,-0.0149473716
anti_uav410,6,anti_uav410.load_6,AU-L06-W01,AU-L06-W01,731819,External-Auction,43,0.4327181707,0.4448599183,-0.0121417476
anti_uav410,6,anti_uav410.load_6,AU-L06-W01,AU-L06-W01,731819,Greedy,49,0.4557785855,0.4557785855,0.0
anti_uav410,6,anti_uav410.load_6,AU-L06-W01,AU-L06-W01,731819,No-Stability,49,0.4557785855,0.4666674457,-0.0108888602
anti_uav410,6,anti_uav410.load_6,AU-L06-W01,AU-L06-W01,731819,No-Synergy,49,0.4557785855,0.4557785855,0.0
anti_uav410,6,anti_uav410.load_6,AU-L06-W01,AU-L06-W01,731819,Random,32,0.4664141946,0.4716795598,-0.0052653652
anti_uav410,6,anti_uav410.load_6,AU-L06-W01,AU-L06-W01,731820,External-Auction,41,0.4180873174,0.4265120587,-0.0084247413
anti_uav410,6,anti_uav410.load_6,AU-L06-W01,AU-L06-W01,731820,Greedy,49,0.4272639856,0.4272639856,0.0
anti_uav410,6,anti_uav410.load_6,AU-L06-W01,AU-L06-W01,731820,No-Stability,48,0.4303916856,0.4501938218,-0.0198021362
anti_uav410,6,anti_uav410.load_6,AU-L06-W01,AU-L06-W01,731820,No-Synergy,49,0.4272639856,0.4272639856,0.0
anti_uav410,6,anti_uav410.load_6,AU-L06-W01,AU-L06-W01,731820,Random,35,0.4303455661,0.441287816,-0.0109422499
anti_uav410,6,anti_uav410.load_6,AU-L06-W01,AU-L06-W01,731821,External-Auction,35,0.4474762031,0.4601878393,-0.0127116362
anti_uav410,6,anti_uav410.load_6,AU-L06-W01,AU-L06-W01,731821,Greedy,30,0.431332186,0.4437371036,-0.0124049176
anti_uav410,6,anti_uav410.load_6,AU-L06-W01,AU-L06-W01,731821,No-Stability,43,0.448819572,0.4672692966,-0.0184497246
anti_uav410,6,anti_uav410.load_6,AU-L06-W01,AU-L06-W01,731821,No-Synergy,44,0.4537222972,0.4537222972,0.0
anti_uav410,6,anti_uav410.load_6,AU-L06-W01,AU-L06-W01,731821,Random,27,0.4400342311,0.456537324,-0.0165030929
anti_uav410,6,anti_uav410.load_6,AU-L06-W01,AU-L06-W01,731822,External-Auction,45,0.4639922699,0.4613152926,0.0026769773
anti_uav410,6,anti_uav410.load_6,AU-L06-W01,AU-L06-W01,731822,Greedy,44,0.4667044519,0.4669276782,-0.0002232263
anti_uav410,6,anti_uav410.load_6,AU-L06-W01,AU-L06-W01,731822,No-Stability,47,0.4569246765,0.4693068333,-0.0123821568
anti_uav410,6,anti_uav410.load_6,AU-L06-W01,AU-L06-W01,731822,No-Synergy,47,0.4569246765,0.4547167667,0.0022079099
anti_uav410,6,anti_uav410.load_6,AU-L06-W01,AU-L06-W01,731822,Random,31,0.4255742076,0.4308621868,-0.0052879792
anti_uav410,6,anti_uav410.load_6,AU-L06-W01,AU-L06-W01,731823,External-Auction,51,0.4401636392,0.4420382723,-0.0018746331
anti_uav410,6,anti_uav410.load_6,AU-L06-W01,AU-L06-W01,731823,Greedy,50,0.4434317489,0.4446277646,-0.0011960157
anti_uav410,6,anti_uav410.load_6,AU-L06-W01,AU-L06-W01,731823,No-Stability,48,0.4495031894,0.464509964,-0.0150067746
anti_uav410,6,anti_uav410.load_6,AU-L06-W01,AU-L06-W01,731823,No-Synergy,51,0.4401636392,0.4401636392,0.0
anti_uav410,6,anti_uav410.load_6,AU-L06-W01,AU-L06-W01,731823,Random,28,0.4181779677,0.4367403,-0.0185623323
anti_uav410,6,anti_uav410.load_6,AU-L06-W01,AU-L06-W01,731824,External-Auction,47,0.4576279777,0.4854976877,-0.02786971
anti_uav410,6,anti_uav410.load_6,AU-L06-W01,AU-L06-W01,731824,Greedy,46,0.4598385931,0.4903565698,-0.0305179767
anti_uav410,6,anti_uav410.load_6,AU-L06-W01,AU-L06-W01,731824,No-Stability,46,0.4603980979,0.5065134474,-0.0461153495
anti_uav410,6,anti_uav410.load_6,AU-L06-W01,AU-L06-W01,731824,No-Synergy,47,0.4576279777,0.4576279777,0.0
anti_uav410,6,anti_uav410.load_6,AU-L06-W01,AU-L06-W01,731824,Random,26,0.4468598919,0.4733337656,-0.0264738737
anti_uav410,6,anti_uav410.load_6,AU-L06-W01,AU-L06-W01,731825,External-Auction,47,0.4566310157,0.4937582355,-0.0371272198
anti_uav410,6,anti_uav410.load_6,AU-L06-W01,AU-L06-W01,731825,Greedy,47,0.4566310157,0.4928134376,-0.0361824219
anti_uav410,6,anti_uav410.load_6,AU-L06-W01,AU-L06-W01,731825,No-Stability,47,0.4566310157,0.4755813047,-0.0189502891
anti_uav410,6,anti_uav410.load_6,AU-L06-W01,AU-L06-W01,731825,No-Synergy,47,0.4566310157,0.4566310157,0.0
anti_uav410,6,anti_uav410.load_6,AU-L06-W01,AU-L06-W01,731825,Random,28,0.4554147152,0.4559173947,-0.0005026795
anti_uav410,6,anti_uav410.load_6,AU-L06-W01,AU-L06-W01,731826,External-Auction,47,0.4562457489,0.4733212642,-0.0170755153
anti_uav410,6,anti_uav410.load_6,AU-L06-W01,AU-L06-W01,731826,Greedy,47,0.4562457489,0.4745293973,-0.0182836483
anti_uav410,6,anti_uav410.load_6,AU-L06-W01,AU-L06-W01,731826,No-Stability,46,0.4583283262,0.4777980752,-0.019469749
anti_uav410,6,anti_uav410.load_6,AU-L06-W01,AU-L06-W01,731826,No-Synergy,47,0.4562457489,0.4442738135,0.0119719354
anti_uav410,6,anti_uav410.load_6,AU-L06-W01,AU-L06-W01,731826,Random,34,0.4521949474,0.4693802777,-0.0171853304
anti_uav410,6,anti_uav410.load_6,AU-L06-W01,AU-L06-W01,731827,External-Auction,47,0.4537676656,0.4534926246,0.000275041
anti_uav410,6,anti_uav410.load_6,AU-L06-W01,AU-L06-W01,731827,Greedy,47,0.4537676656,0.4534926246,0.000275041
anti_uav410,6,anti_uav410.load_6,AU-L06-W01,AU-L06-W01,731827,No-Stability,46,0.4568729417,0.475974315,-0.0191013733
anti_uav410,6,anti_uav410.load_6,AU-L06-W01,AU-L06-W01,731827,No-Synergy,47,0.4537676656,0.4537676656,0.0
anti_uav410,6,anti_uav410.load_6,AU-L06-W01,AU-L06-W01,731827,Random,27,0.4497411159,0.4483837173,0.0013573986
anti_uav410,6,anti_uav410.load_6,AU-L06-W01,AU-L06-W01,731828,External-Auction,45,0.4326325084,0.4635358522,-0.0309033439
anti_uav410,6,anti_uav410.load_6,AU-L06-W01,AU-L06-W01,731828,Greedy,43,0.4318573396,0.4493295777,-0.0174722381
anti_uav410,6,anti_uav410.load_6,AU-L06-W01,AU-L06-W01,731828,No-Stability,48,0.4344568787,0.4591360626,-0.0246791839
anti_uav410,6,anti_uav410.load_6,AU-L06-W01,AU-L06-W01,731828,No-Synergy,50,0.430264672,0.430335466,-7.07941e-05
anti_uav410,6,anti_uav410.load_6,AU-L06-W01,AU-L06-W01,731828,Random,32,0.4219297995,0.4322286754,-0.0102988759
anti_uav410,6,anti_uav410.load_6,AU-L06-W01,AU-L06-W01,731829,External-Auction,47,0.4505573252,0.4505573252,0.0
anti_uav410,6,anti_uav410.load_6,AU-L06-W01,AU-L06-W01,731829,Greedy,42,0.4360695591,0.4360695591,0.0
anti_uav410,6,anti_uav410.load_6,AU-L06-W01,AU-L06-W01,731829,No-Stability,46,0.4520563565,0.4631082231,-0.0110518666
anti_uav410,6,anti_uav410.load_6,AU-L06-W01,AU-L06-W01,731829,No-Synergy,47,0.4505573252,0.4505573252,0.0
anti_uav410,6,anti_uav410.load_6,AU-L06-W01,AU-L06-W01,731829,Random,27,0.4580994067,0.4641297249,-0.0060303182
anti_uav410,6,anti_uav410.load_6,AU-L06-W02,AU-L06-W02,731900,External-Auction,39,0.4417856856,0.446137898,-0.0043522124
anti_uav410,6,anti_uav410.load_6,AU-L06-W02,AU-L06-W02,731900,Greedy,38,0.4442005908,0.4423873936,0.0018131972
anti_uav410,6,anti_uav410.load_6,AU-L06-W02,AU-L06-W02,731900,No-Stability,42,0.442493014,0.4520942085,-0.0096011944
anti_uav410,6,anti_uav410.load_6,AU-L06-W02,AU-L06-W02,731900,No-Synergy,43,0.4426192826,0.4426192826,0.0
anti_uav410,6,anti_uav410.load_6,AU-L06-W02,AU-L06-W02,731900,Random,30,0.4462321768,0.4536031196,-0.0073709428
anti_uav410,6,anti_uav410.load_6,AU-L06-W02,AU-L06-W02,731901,External-Auction,35,0.4394676735,0.4413232538,-0.0018555803
anti_uav410,6,anti_uav410.load_6,AU-L06-W02,AU-L06-W02,731901,Greedy,38,0.4383113786,0.4405012624,-0.0021898838
anti_uav410,6,anti_uav410.load_6,AU-L06-W02,AU-L06-W02,731901,No-Stability,40,0.4404279377,0.4562049244,-0.0157769867
anti_uav410,6,anti_uav410.load_6,AU-L06-W02,AU-L06-W02,731901,No-Synergy,40,0.4404279377,0.4404279377,0.0
anti_uav410,6,anti_uav410.load_6,AU-L06-W02,AU-L06-W02,731901,Random,24,0.4329638741,0.4399206496,-0.0069567755
anti_uav410,6,anti_uav410.load_6,AU-L06-W02,AU-L06-W02,731902,External-Auction,40,0.4611842122,0.4674791146,-0.0062949023
anti_uav410,6,anti_uav410.load_6,AU-L06-W02,AU-L06-W02,731902,Greedy,39,0.460832142,0.4639494888,-0.0031173467
anti_uav410,6,anti_uav410.load_6,AU-L06-W02,AU-L06-W02,731902,No-Stability,40,0.4611842122,0.4786791663,-0.0174949541
anti_uav410,6,anti_uav410.load_6,AU-L06-W02,AU-L06-W02,731902,No-Synergy,40,0.4611842122,0.4569599243,0.004224288
anti_uav410,6,anti_uav410.load_6,AU-L06-W02,AU-L06-W02,731902,Random,26,0.4715347062,0.4796453123,-0.0081106061
anti_uav410,6,anti_uav410.load_6,AU-L06-W02,AU-L06-W02,731903,External-Auction,38,0.4629995709,0.4684164445,-0.0054168736
anti_uav410,6,anti_uav410.load_6,AU-L06-W02,AU-L06-W02,731903,Greedy,38,0.4637211654,0.466725342,-0.0030041766
anti_uav410,6,anti_uav410.load_6,AU-L06-W02,AU-L06-W02,731903,No-Stability,40,0.4634074993,0.4892181972,-0.0258106978
anti_uav410,6,anti_uav410.load_6,AU-L06-W02,AU-L06-W02,731903,No-Synergy,40,0.4634074993,0.461517309,0.0018901904
anti_uav410,6,anti_uav410.load_6,AU-L06-W02,AU-L06-W02,731903,Random,29,0.4606229179,0.4636279199,-0.0030050019
anti_uav410,6,anti_uav410.load_6,AU-L06-W02,AU-L06-W02,731904,External-Auction,38,0.455317504,0.4609425358,-0.0056250318
anti_uav410,6,anti_uav410.load_6,AU-L06-W02,AU-L06-W02,731904,Greedy,42,0.4583602576,0.4597906805,-0.0014304229
anti_uav410,6,anti_uav410.load_6,AU-L06-W02,AU-L06-W02,731904,No-Stability,41,0.4583534241,0.4613204909,-0.0029670668
anti_uav410,6,anti_uav410.load_6,AU-L06-W02,AU-L06-W02,731904,No-Synergy,42,0.4583602576,0.4583602576,0.0
anti_uav410,6,anti_uav410.load_6,AU-L06-W02,AU-L06-W02,731904,Random,28,0.4504894922,0.4574930571,-0.007003565
anti_uav410,6,anti_uav410.load_6,AU-L06-W02,AU-L06-W02,731905,External-Auction,41,0.4637425683,0.4681172974,-0.004374729
anti_uav410,6,anti_uav410.load_6,AU-L06-W02,AU-L06-W02,731905,Greedy,42,0.4626700954,0.4652513973,-0.0025813019
anti_uav410,6,anti_uav410.load_6,AU-L06-W02,AU-L06-W02,731905,No-Stability,42,0.4626700954,0.4769185427,-0.0142484473
anti_uav410,6,anti_uav410.load_6,AU-L06-W02,AU-L06-W02,731905,No-Synergy,42,0.4626700954,0.4626700954,0.0
anti_uav410,6,anti_uav410.load_6,AU-L06-W02,AU-L06-W02,731905,Random,31,0.4637405569,0.4669305936,-0.0031900368
anti_uav410,6,anti_uav410.load_6,AU-L06-W02,AU-L06-W02,731906,External-Auction,41,0.4728577233,0.4714851189,0.0013726045
anti_uav410,6,anti_uav410.load_6,AU-L06-W02,AU-L06-W02,731906,Greedy,41,0.4683503299,0.4602587161,0.0080916138
anti_uav410,6,anti_uav410.load_6,AU-L06-W02,AU-L06-W02,731906,No-Stability,43,0.4705497016,0.4932848416,-0.02273514
anti_uav410,6,anti_uav410.load_6,AU-L06-W02,AU-L06-W02,731906,No-Synergy,43,0.4705497016,0.4705497016,0.0
anti_uav410,6,anti_uav410.load_6,AU-L06-W02,AU-L06-W02,731906,Random,27,0.4642702427,0.4786316212,-0.0143613785
anti_uav410,6,anti_uav410.load_6,AU-L06-W02,AU-L06-W02,731907,External-Auction,41,0.4692895211,0.4684732541,0.0008162671
anti_uav410,6,anti_uav410.load_6,AU-L06-W02,AU-L06-W02,731907,Greedy,41,0.4692895211,0.4684732541,0.0008162671
anti_uav410,6,anti_uav410.load_6,AU-L06-W02,AU-L06-W02,731907,No-Stability,41,0.4665705506,0.4685791993,-0.0020086486
anti_uav410,6,anti_uav410.load_6,AU-L06-W02,AU-L06-W02,731907,No-Synergy,42,0.4669557329,0.4669557329,0.0
anti_uav410,6,anti_uav410.load_6,AU-L06-W02,AU-L06-W02,731907,Random,30,0.4713536308,0.4699323329,0.0014212979
anti_uav410,6,anti_uav410.load_6,AU-L06-W02,AU-L06-W02,731908,External-Auction,39,0.4536552334,0.4597519278,-0.0060966944
anti_uav410,6,anti_uav410.load_6,AU-L06-W02,AU-L06-W02,731908,Greedy,39,0.4539415352,0.4584694607,-0.0045279255
anti_uav410,6,anti_uav410.load_6,AU-L06-W02,AU-L06-W02,731908,No-Stability,42,0.454063311,0.4624946584,-0.0084313474
anti_uav410,6,anti_uav410.load_6,AU-L06-W02,AU-L06-W02,731908,No-Synergy,42,0.454063311,0.454063311,0.0
anti_uav410,6,anti_uav410.load_6,AU-L06-W02,AU-L06-W02,731908,Random,28,0.4692607354,0.4844972478,-0.0152365124
anti_uav410,6,anti_uav410.load_6,AU-L06-W02,AU-L06-W02,731909,External-Auction,42,0.4917163818,0.4945852213,-0.0028688394
anti_uav410,6,anti_uav410.load_6,AU-L06-W02,AU-L06-W02,731909,Greedy,40,0.4899452966,0.4933084084,-0.0033631118
anti_uav410,6,anti_uav410.load_6,AU-L06-W02,AU-L06-W02,731909,No-Stability,41,0.4914731656,0.5032675809,-0.0117944153
anti_uav410,6,anti_uav410.load_6,AU-L06-W02,AU-L06-W02,731909,No-Synergy,42,0.4917163818,0.4917163818,0.0
anti_uav410,6,anti_uav410.load_6,AU-L06-W02,AU-L06-W02,731909,Random,28,0.4868021812,0.499624278,-0.0128220968
anti_uav410,6,anti_uav410.load_6,AU-L06-W02,AU-L06-W02,731910,External-Auction,39,0.446930988,0.4526272625,-0.0056962745
anti_uav410,6,anti_uav410.load_6,AU-L06-W02,AU-L06-W02,731910,Greedy,38,0.4442247127,0.4487603679,-0.0045356552
anti_uav410,6,anti_uav410.load_6,AU-L06-W02,AU-L06-W02,731910,No-Stability,42,0.4459888591,0.4474550078,-0.0014661488
anti_uav410,6,anti_uav410.load_6,AU-L06-W02,AU-L06-W02,731910,No-Synergy,43,0.4474786011,0.4474786011,0.0
anti_uav410,6,anti_uav410.load_6,AU-L06-W02,AU-L06-W02,731910,Random,27,0.4519813105,0.4480191191,0.0039621915
anti_uav410,6,anti_uav410.load_6,AU-L06-W02,AU-L06-W02,731911,External-Auction,39,0.4574304636,0.4623881954,-0.0049577318
anti_uav410,6,anti_uav410.load_6,AU-L06-W02,AU-L06-W02,731911,Greedy,41,0.4621203102,0.4626884052,-0.000568095
anti_uav410,6,anti_uav410.load_6,AU-L06-W02,AU-L06-W02,731911,No-Stability,41,0.4601441302,0.4779748728,-0.0178307426
anti_uav410,6,anti_uav410.load_6,AU-L06-W02,AU-L06-W02,731911,No-Synergy,42,0.4607754079,0.4607754079,0.0
anti_uav410,6,anti_uav410.load_6,AU-L06-W02,AU-L06-W02,731911,Random,29,0.4615080319,0.474689956,-0.013181924
anti_uav410,6,anti_uav410.load_6,AU-L06-W02,AU-L06-W02,731912,External-Auction,39,0.4615707874,0.4646151219,-0.0030443345
anti_uav410,6,anti_uav410.load_6,AU-L06-W02,AU-L06-W02,731912,Greedy,39,0.4615707874,0.4625599692,-0.0009891819
anti_uav410,6,anti_uav410.load_6,AU-L06-W02,AU-L06-W02,731912,No-Stability,40,0.4565630344,0.4713567422,-0.0147937078
anti_uav410,6,anti_uav410.load_6,AU-L06-W02,AU-L06-W02,731912,No-Synergy,40,0.4565630344,0.4565630344,0.0
anti_uav410,6,anti_uav410.load_6,AU-L06-W02,AU-L06-W02,731912,Random,22,0.4491878331,0.47014478,-0.0209569469
anti_uav410,6,anti_uav410.load_6,AU-L06-W02,AU-L06-W02,731913,External-Auction,41,0.4565087398,0.4699788635,-0.0134701237
anti_uav410,6,anti_uav410.load_6,AU-L06-W02,AU-L06-W02,731913,Greedy,42,0.4589805253,0.4730525191,-0.0140719938
anti_uav410,6,anti_uav410.load_6,AU-L06-W02,AU-L06-W02,731913,No-Stability,42,0.4575945029,0.4755397479,-0.017945245
anti_uav410,6,anti_uav410.load_6,AU-L06-W02,AU-L06-W02,731913,No-Synergy,43,0.457729393,0.4531534712,0.0045759218
anti_uav410,6,anti_uav410.load_6,AU-L06-W02,AU-L06-W02,731913,Random,27,0.44663143,0.4589136006,-0.0122821705
anti_uav410,6,anti_uav410.load_6,AU-L06-W02,AU-L06-W02,731914,External-Auction,41,0.4471445004,0.4554545169,-0.0083100164
anti_uav410,6,anti_uav410.load_6,AU-L06-W02,AU-L06-W02,731914,Greedy,40,0.4500729023,0.4526863584,-0.0026134561
anti_uav410,6,anti_uav410.load_6,AU-L06-W02,AU-L06-W02,731914,No-Stability,42,0.4482358359,0.464569317,-0.016333481
anti_uav410,6,anti_uav410.load_6,AU-L06-W02,AU-L06-W02,731914,No-Synergy,42,0.4482358359,0.4482358359,0.0
anti_uav410,6,anti_uav410.load_6,AU-L06-W02,AU-L06-W02,731914,Random,30,0.4426139864,0.4493166997,-0.0067027133
anti_uav410,6,anti_uav410.load_6,AU-L06-W02,AU-L06-W02,731915,External-Auction,39,0.4640288203,0.470701701,-0.0066728807
anti_uav410,6,anti_uav410.load_6,AU-L06-W02,AU-L06-W02,731915,Greedy,35,0.4619716193,0.4638486729,-0.0018770536
anti_uav410,6,anti_uav410.load_6,AU-L06-W02,AU-L06-W02,731915,No-Stability,42,0.4655660107,0.4775340185,-0.0119680078
anti_uav410,6,anti_uav410.load_6,AU-L06-W02,AU-L06-W02,731915,No-Synergy,42,0.4655660107,0.4655660107,0.0
anti_uav410,6,anti_uav410.load_6,AU-L06-W02,AU-L06-W02,731915,Random,28,0.4602783166,0.4670385531,-0.0067602365
anti_uav410,6,anti_uav410.load_6,AU-L06-W02,AU-L06-W02,731916,External-Auction,40,0.4583231354,0.4662675529,-0.0079444175
anti_uav410,6,anti_uav410.load_6,AU-L06-W02,AU-L06-W02,731916,Greedy,40,0.4553911618,0.4523766901,0.0030144718
anti_uav410,6,anti_uav410.load_6,AU-L06-W02,AU-L06-W02,731916,No-Stability,42,0.4564214077,0.4736406669,-0.0172192592
anti_uav410,6,anti_uav410.load_6,AU-L06-W02,AU-L06-W02,731916,No-Synergy,43,0.4560219564,0.4560219564,0.0
anti_uav410,6,anti_uav410.load_6,AU-L06-W02,AU-L06-W02,731916,Random,30,0.444742228,0.4571182203,-0.0123759923
anti_uav410,6,anti_uav410.load_6,AU-L06-W02,AU-L06-W02,731917,External-Auction,38,0.4657228917,0.4676913445,-0.0019684528
anti_uav410,6,anti_uav410.load_6,AU-L06-W02,AU-L06-W02,731917,Greedy,37,0.4643029863,0.4614259435,0.0028770429
anti_uav410,6,anti_uav410.load_6,AU-L06-W02,AU-L06-W02,731917,No-Stability,41,0.464877247,0.4725453171,-0.0076680701
anti_uav410,6,anti_uav410.load_6,AU-L06-W02,AU-L06-W02,731917,No-Synergy,41,0.464877247,0.464877247,0.0
anti_uav410,6,anti_uav410.load_6,AU-L06-W02,AU-L06-W02,731917,Random,25,0.4661018918,0.4735820572,-0.0074801654
anti_uav410,6,anti_uav410.load_6,AU-L06-W02,AU-L06-W02,731918,External-Auction,36,0.4805723986,0.48525284,-0.0046804414
anti_uav410,6,anti_uav410.load_6,AU-L06-W02,AU-L06-W02,731918,Greedy,37,0.4800305522,0.4800305522,0.0
anti_uav410,6,anti_uav410.load_6,AU-L06-W02,AU-L06-W02,731918,No-Stability,38,0.4821828559,0.5032389603,-0.0210561044
anti_uav410,6,anti_uav410.load_6,AU-L06-W02,AU-L06-W02,731918,No-Synergy,39,0.4825303553,0.4825303553,0.0
anti_uav410,6,anti_uav410.load_6,AU-L06-W02,AU-L06-W02,731918,Random,23,0.470762699,0.4789194216,-0.0081567226
anti_uav410,6,anti_uav410.load_6,AU-L06-W02,AU-L06-W02,731919,External-Auction,37,0.441709158,0.4547378412,-0.0130286832
anti_uav410,6,anti_uav410.load_6,AU-L06-W02,AU-L06-W02,731919,Greedy,37,0.441709158,0.4547378412,-0.0130286832
anti_uav410,6,anti_uav410.load_6,AU-L06-W02,AU-L06-W02,731919,No-Stability,40,0.4462068973,0.4568176015,-0.0106107042
anti_uav410,6,anti_uav410.load_6,AU-L06-W02,AU-L06-W02,731919,No-Synergy,41,0.4465244115,0.4465244115,0.0
anti_uav410,6,anti_uav410.load_6,AU-L06-W02,AU-L06-W02,731919,Random,24,0.4498826375,0.4692192593,-0.0193366218
anti_uav410,6,anti_uav410.load_6,AU-L06-W02,AU-L06-W02,731920,External-Auction,37,0.4494911461,0.4540304461,-0.0045392999
anti_uav410,6,anti_uav410.load_6,AU-L06-W02,AU-L06-W02,731920,Greedy,39,0.4505196046,0.4525598837,-0.002040279
anti_uav410,6,anti_uav410.load_6,AU-L06-W02,AU-L06-W02,731920,No-Stability,41,0.4467794467,0.4616420948,-0.0148626481
anti_uav410,6,anti_uav410.load_6,AU-L06-W02,AU-L06-W02,731920,No-Synergy,41,0.4467794467,0.4467794467,0.0
anti_uav410,6,anti_uav410.load_6,AU-L06-W02,AU-L06-W02,731920,Random,25,0.4453884237,0.4513111266,-0.0059227029
anti_uav410,6,anti_uav410.load_6,AU-L06-W02,AU-L06-W02,731921,External-Auction,39,0.459872104,0.4593932109,0.0004788931
anti_uav410,6,anti_uav410.load_6,AU-L06-W02,AU-L06-W02,731921,Greedy,37,0.4607431059,0.459584119,0.0011589869
anti_uav410,6,anti_uav410.load_6,AU-L06-W02,AU-L06-W02,731921,No-Stability,41,0.4580593531,0.4695349903,-0.0114756372
anti_uav410,6,anti_uav410.load_6,AU-L06-W02,AU-L06-W02,731921,No-Synergy,41,0.4580593531,0.4580593531,0.0
anti_uav410,6,anti_uav410.load_6,AU-L06-W02,AU-L06-W02,731921,Random,22,0.447973534,0.4593120961,-0.0113385621
anti_uav410,6,anti_uav410.load_6,AU-L06-W02,AU-L06-W02,731922,External-Auction,38,0.4654549122,0.4656197535,-0.0001648413
anti_uav410,6,anti_uav410.load_6,AU-L06-W02,AU-L06-W02,731922,Greedy,40,0.467086071,0.4663069552,0.0007791158
anti_uav410,6,anti_uav410.load_6,AU-L06-W02,AU-L06-W02,731922,No-Stability,39,0.4668415746,0.4905381819,-0.0236966073
anti_uav410,6,anti_uav410.load_6,AU-L06-W02,AU-L06-W02,731922,No-Synergy,40,0.467086071,0.4648467978,0.0022392733
anti_uav410,6,anti_uav410.load_6,AU-L06-W02,AU-L06-W02,731922,Random,28,0.4660141702,0.4706440667,-0.0046298966
anti_uav410,6,anti_uav410.load_6,AU-L06-W02,AU-L06-W02,731923,External-Auction,41,0.4554752953,0.462001384,-0.0065260888
anti_uav410,6,anti_uav410.load_6,AU-L06-W02,AU-L06-W02,731923,Greedy,40,0.4546246391,0.4551346466,-0.0005100075
anti_uav410,6,anti_uav410.load_6,AU-L06-W02,AU-L06-W02,731923,No-Stability,42,0.4582866721,0.4576210176,0.0006656545
anti_uav410,6,anti_uav410.load_6,AU-L06-W02,AU-L06-W02,731923,No-Synergy,43,0.45804917,0.45804917,0.0
anti_uav410,6,anti_uav410.load_6,AU-L06-W02,AU-L06-W02,731923,Random,26,0.4642377224,0.4705587421,-0.0063210197
anti_uav410,6,anti_uav410.load_6,AU-L06-W02,AU-L06-W02,731924,External-Auction,38,0.4680067149,0.464671702,0.003335013
anti_uav410,6,anti_uav410.load_6,AU-L06-W02,AU-L06-W02,731924,Greedy,37,0.469266131,0.4676782733,0.0015878577
anti_uav410,6,anti_uav410.load_6,AU-L06-W02,AU-L06-W02,731924,No-Stability,40,0.4648768653,0.4814027015,-0.0165258362
anti_uav410,6,anti_uav410.load_6,AU-L06-W02,AU-L06-W02,731924,No-Synergy,41,0.464496937,0.464496937,0.0
anti_uav410,6,anti_uav410.load_6,AU-L06-W02,AU-L06-W02,731924,Random,29,0.4724479526,0.485863764,-0.0134158115
anti_uav410,6,anti_uav410.load_6,AU-L06-W02,AU-L06-W02,731925,External-Auction,36,0.4534464644,0.4575634645,-0.004117
anti_uav410,6,anti_uav410.load_6,AU-L06-W02,AU-L06-W02,731925,Greedy,37,0.4543408844,0.4520427126,0.0022981717
anti_uav410,6,anti_uav410.load_6,AU-L06-W02,AU-L06-W02,731925,No-Stability,38,0.4566772293,0.4587538531,-0.0020766239
anti_uav410,6,anti_uav410.load_6,AU-L06-W02,AU-L06-W02,731925,No-Synergy,40,0.4565789851,0.4565789851,0.0
anti_uav410,6,anti_uav410.load_6,AU-L06-W02,AU-L06-W02,731925,Random,23,0.4534264884,0.4607014577,-0.0072749692
anti_uav410,6,anti_uav410.load_6,AU-L06-W02,AU-L06-W02,731926,External-Auction,35,0.4749682949,0.4690792429,0.005889052
anti_uav410,6,anti_uav410.load_6,AU-L06-W02,AU-L06-W02,731926,Greedy,36,0.4700323321,0.4654969026,0.0045354295
anti_uav410,6,anti_uav410.load_6,AU-L06-W02,AU-L06-W02,731926,No-Stability,39,0.4740459576,0.4692299798,0.0048159778
anti_uav410,6,anti_uav410.load_6,AU-L06-W02,AU-L06-W02,731926,No-Synergy,40,0.4738404394,0.4738404394,0.0
anti_uav410,6,anti_uav410.load_6,AU-L06-W02,AU-L06-W02,731926,Random,29,0.4622270043,0.4594351911,0.0027918132
anti_uav410,6,anti_uav410.load_6,AU-L06-W02,AU-L06-W02,731927,External-Auction,40,0.4702109209,0.4811089413,-0.0108980204
anti_uav410,6,anti_uav410.load_6,AU-L06-W02,AU-L06-W02,731927,Greedy,40,0.4732774064,0.4793291831,-0.0060517767
anti_uav410,6,anti_uav410.load_6,AU-L06-W02,AU-L06-W02,731927,No-Stability,41,0.4716762796,0.4964947232,-0.0248184436
anti_uav410,6,anti_uav410.load_6,AU-L06-W02,AU-L06-W02,731927,No-Synergy,42,0.4723395286,0.4703767238,0.0019628048
anti_uav410,6,anti_uav410.load_6,AU-L06-W02,AU-L06-W02,731927,Random,27,0.488438533,0.5044613288,-0.0160227959
anti_uav410,6,anti_uav410.load_6,AU-L06-W02,AU-L06-W02,731928,External-Auction,38,0.4639602863,0.472522249,-0.0085619627
anti_uav410,6,anti_uav410.load_6,AU-L06-W02,AU-L06-W02,731928,Greedy,37,0.4568773028,0.4546682229,0.0022090799
anti_uav410,6,anti_uav410.load_6,AU-L06-W02,AU-L06-W02,731928,No-Stability,42,0.4567898259,0.4662628258,-0.0094729999
anti_uav410,6,anti_uav410.load_6,AU-L06-W02,AU-L06-W02,731928,No-Synergy,42,0.4567898259,0.4567898259,0.0
anti_uav410,6,anti_uav410.load_6,AU-L06-W02,AU-L06-W02,731928,Random,26,0.4531352566,0.4766245638,-0.0234893072
anti_uav410,6,anti_uav410.load_6,AU-L06-W02,AU-L06-W02,731929,External-Auction,38,0.4858925898,0.4951939715,-0.0093013816
anti_uav410,6,anti_uav410.load_6,AU-L06-W02,AU-L06-W02,731929,Greedy,40,0.4851685254,0.4832818327,0.0018866927
anti_uav410,6,anti_uav410.load_6,AU-L06-W02,AU-L06-W02,731929,No-Stability,42,0.4829634134,0.4991151119,-0.0161516986
anti_uav410,6,anti_uav410.load_6,AU-L06-W02,AU-L06-W02,731929,No-Synergy,42,0.4829634134,0.4829634134,0.0
anti_uav410,6,anti_uav410.load_6,AU-L06-W02,AU-L06-W02,731929,Random,29,0.4765738226,0.4915400274,-0.0149662048
anti_uav410,6,anti_uav410.load_6,AU-L06-W03,AU-L06-W03,732000,External-Auction,45,0.3617885704,0.3728425448,-0.0110539745
anti_uav410,6,anti_uav410.load_6,AU-L06-W03,AU-L06-W03,732000,Greedy,43,0.3556555282,0.3512535,0.0044020283
anti_uav410,6,anti_uav410.load_6,AU-L06-W03,AU-L06-W03,732000,No-Stability,49,0.3681887647,0.3738010879,-0.0056123233
anti_uav410,6,anti_uav410.load_6,AU-L06-W03,AU-L06-W03,732000,No-Synergy,53,0.3758529006,0.3758529006,0.0
anti_uav410,6,anti_uav410.load_6,AU-L06-W03,AU-L06-W03,732000,Random,33,0.3785889919,0.3882098852,-0.0096208933
anti_uav410,6,anti_uav410.load_6,AU-L06-W03,AU-L06-W03,732001,External-Auction,45,0.3917098848,0.3995804776,-0.0078705928
anti_uav410,6,anti_uav410.load_6,AU-L06-W03,AU-L06-W03,732001,Greedy,43,0.3877050166,0.3890095948,-0.0013045783
anti_uav410,6,anti_uav410.load_6,AU-L06-W03,AU-L06-W03,732001,No-Stability,48,0.396238022,0.4154828179,-0.0192447958
anti_uav410,6,anti_uav410.load_6,AU-L06-W03,AU-L06-W03,732001,No-Synergy,48,0.3982688057,0.383603986,0.0146648197
anti_uav410,6,anti_uav410.load_6,AU-L06-W03,AU-L06-W03,732001,Random,32,0.4012551522,0.4126452962,-0.011390144
anti_uav410,6,anti_uav410.load_6,AU-L06-W03,AU-L06-W03,732002,External-Auction,50,0.4140219038,0.4225708347,-0.0085489309
anti_uav410,6,anti_uav410.load_6,AU-L06-W03,AU-L06-W03,732002,Greedy,52,0.4122849424,0.4151390845,-0.002854142
anti_uav410,6,anti_uav410.load_6,AU-L06-W03,AU-L06-W03,732002,No-Stability,52,0.4122849424,0.4142111217,-0.0019261792
anti_uav410,6,anti_uav410.load_6,AU-L06-W03,AU-L06-W03,732002,No-Synergy,52,0.4122849424,0.403604345,0.0086805975
anti_uav410,6,anti_uav410.load_6,AU-L06-W03,AU-L06-W03,732002,Random,33,0.4197232711,0.416828695,0.0028945761
anti_uav410,6,anti_uav410.load_6,AU-L06-W03,AU-L06-W03,732003,External-Auction,43,0.3942590251,0.402525534,-0.008266509
anti_uav410,6,anti_uav410.load_6,AU-L06-W03,AU-L06-W03,732003,Greedy,41,0.3949174116,0.4136505599,-0.0187331483
anti_uav410,6,anti_uav410.load_6,AU-L06-W03,AU-L06-W03,732003,No-Stability,47,0.393063783,0.4015556902,-0.0084919072
anti_uav410,6,anti_uav410.load_6,AU-L06-W03,AU-L06-W03,732003,No-Synergy,48,0.3936445135,0.3907411032,0.0029034103
anti_uav410,6,anti_uav410.load_6,AU-L06-W03,AU-L06-W03,732003,Random,28,0.3847422033,0.3900025427,-0.0052603394
anti_uav410,6,anti_uav410.load_6,AU-L06-W03,AU-L06-W03,732004,External-Auction,49,0.3861966038,0.3924923812,-0.0062957774
anti_uav410,6,anti_uav410.load_6,AU-L06-W03,AU-L06-W03,732004,Greedy,51,0.388333239,0.4010952049,-0.0127619659
anti_uav410,6,anti_uav410.load_6,AU-L06-W03,AU-L06-W03,732004,No-Stability,53,0.3881936716,0.3985051659,-0.0103114944
anti_uav410,6,anti_uav410.load_6,AU-L06-W03,AU-L06-W03,732004,No-Synergy,53,0.3881936716,0.3861985008,0.0019951707
anti_uav410,6,anti_uav410.load_6,AU-L06-W03,AU-L06-W03,732004,Random,40,0.3888388788,0.3903792042,-0.0015403254
anti_uav410,6,anti_uav410.load_6,AU-L06-W03,AU-L06-W03,732005,External-Auction,40,0.3497211687,0.3461238538,0.0035973149
anti_uav410,6,anti_uav410.load_6,AU-L06-W03,AU-L06-W03,732005,Greedy,41,0.3521989137,0.3486893382,0.0035095755
anti_uav410,6,anti_uav410.load_6,AU-L06-W03,AU-L06-W03,732005,No-Stability,49,0.3631050734,0.3770719958,-0.0139669224
anti_uav410,6,anti_uav410.load_6,AU-L06-W03,AU-L06-W03,732005,No-Synergy,51,0.3667329884,0.3667329884,0.0
anti_uav410,6,anti_uav410.load_6,AU-L06-W03,AU-L06-W03,732005,Random,34,0.3576739969,0.3689977643,-0.0113237674
anti_uav410,6,anti_uav410.load_6,AU-L06-W03,AU-L06-W03,732006,External-Auction,41,0.3914098837,0.3766300553,0.0147798284
anti_uav410,6,anti_uav410.load_6,AU-L06-W03,AU-L06-W03,732006,Greedy,45,0.4002575539,0.3945845217,0.0056730322
anti_uav410,6,anti_uav410.load_6,AU-L06-W03,AU-L06-W03,732006,No-Stability,49,0.4048286444,0.4053156357,-0.0004869914
anti_uav410,6,anti_uav410.load_6,AU-L06-W03,AU-L06-W03,732006,No-Synergy,50,0.4058662136,0.4074763201,-0.0016101065
anti_uav410,6,anti_uav410.load_6,AU-L06-W03,AU-L06-W03,732006,Random,34,0.3874230879,0.3880730219,-0.000649934
anti_uav410,6,anti_uav410.load_6,AU-L06-W03,AU-L06-W03,732007,External-Auction,48,0.3902935176,0.4053538382,-0.0150603207
anti_uav410,6,anti_uav410.load_6,AU-L06-W03,AU-L06-W03,732007,Greedy,46,0.3867023412,0.4044480356,-0.0177456943
anti_uav410,6,anti_uav410.load_6,AU-L06-W03,AU-L06-W03,732007,No-Stability,47,0.3765975737,0.3778118653,-0.0012142915
anti_uav410,6,anti_uav410.load_6,AU-L06-W03,AU-L06-W03,732007,No-Synergy,50,0.386815129,0.3869547333,-0.0001396044
anti_uav410,6,anti_uav410.load_6,AU-L06-W03,AU-L06-W03,732007,Random,30,0.3859885432,0.3797151073,0.0062734359
anti_uav410,6,anti_uav410.load_6,AU-L06-W03,AU-L06-W03,732008,External-Auction,49,0.389325384,0.396209789,-0.006884405
anti_uav410,6,anti_uav410.load_6,AU-L06-W03,AU-L06-W03,732008,Greedy,46,0.388294722,0.388294722,0.0
anti_uav410,6,anti_uav410.load_6,AU-L06-W03,AU-L06-W03,732008,No-Stability,47,0.384282142,0.3910033084,-0.0067211664
anti_uav410,6,anti_uav410.load_6,AU-L06-W03,AU-L06-W03,732008,No-Synergy,46,0.388294722,0.3683659953,0.0199287267
anti_uav410,6,anti_uav410.load_6,AU-L06-W03,AU-L06-W03,732008,Random,32,0.4012102291,0.395669135,0.0055410941
anti_uav410,6,anti_uav410.load_6,AU-L06-W03,AU-L06-W03,732009,External-Auction,37,0.35488161,0.3668422826,-0.0119606726
anti_uav410,6,anti_uav410.load_6,AU-L06-W03,AU-L06-W03,732009,Greedy,40,0.3584274753,0.3625678298,-0.0041403545
anti_uav410,6,anti_uav410.load_6,AU-L06-W03,AU-L06-W03,732009,No-Stability,44,0.3675023989,0.365040064,0.0024623348
anti_uav410,6,anti_uav410.load_6,AU-L06-W03,AU-L06-W03,732009,No-Synergy,49,0.3763971251,0.3763971251,0.0
anti_uav410,6,anti_uav410.load_6,AU-L06-W03,AU-L06-W03,732009,Random,27,0.3757249568,0.3840567987,-0.0083318419
anti_uav410,6,anti_uav410.load_6,AU-L06-W03,AU-L06-W03,732010,External-Auction,45,0.3829343722,0.3897811477,-0.0068467756
anti_uav410,6,anti_uav410.load_6,AU-L06-W03,AU-L06-W03,732010,Greedy,37,0.3645312809,0.3655846326,-0.0010533517
anti_uav410,6,anti_uav410.load_6,AU-L06-W03,AU-L06-W03,732010,No-Stability,47,0.3792016761,0.3844012097,-0.0051995336
anti_uav410,6,anti_uav410.load_6,AU-L06-W03,AU-L06-W03,732010,No-Synergy,46,0.3854105573,0.3902358319,-0.0048252746
anti_uav410,6,anti_uav410.load_6,AU-L06-W03,AU-L06-W03,732010,Random,28,0.4056294853,0.4060647522,-0.0004352668
anti_uav410,6,anti_uav410.load_6,AU-L06-W03,AU-L06-W03,732011,External-Auction,48,0.3847987212,0.4120811192,-0.0272823981
anti_uav410,6,anti_uav410.load_6,AU-L06-W03,AU-L06-W03,732011,Greedy,51,0.3876601772,0.3968903191,-0.0092301419
anti_uav410,6,anti_uav410.load_6,AU-L06-W03,AU-L06-W03,732011,No-Stability,52,0.3862726888,0.3988742541,-0.0126015653
anti_uav410,6,anti_uav410.load_6,AU-L06-W03,AU-L06-W03,732011,No-Synergy,53,0.3876100935,0.3876100935,0.0
anti_uav410,6,anti_uav410.load_6,AU-L06-W03,AU-L06-W03,732011,Random,33,0.3997930861,0.3990917962,0.00070129
anti_uav410,6,anti_uav410.load_6,AU-L06-W03,AU-L06-W03,732012,External-Auction,43,0.3803989092,0.3971532354,-0.0167543262
anti_uav410,6,anti_uav410.load_6,AU-L06-W03,AU-L06-W03,732012,Greedy,44,0.3804263959,0.3916404509,-0.011214055
anti_uav410,6,anti_uav410.load_6,AU-L06-W03,AU-L06-W03,732012,No-Stability,50,0.3840668028,0.4178717149,-0.0338049122
anti_uav410,6,anti_uav410.load_6,AU-L06-W03,AU-L06-W03,732012,No-Synergy,51,0.3864724706,0.3864724706,0.0
anti_uav410,6,anti_uav410.load_6,AU-L06-W03,AU-L06-W03,732012,Random,30,0.3713645,0.394563397,-0.0231988969
anti_uav410,6,anti_uav410.load_6,AU-L06-W03,AU-L06-W03,732013,External-Auction,42,0.3948794114,0.3902034695,0.0046759419
anti_uav410,6,anti_uav410.load_6,AU-L06-W03,AU-L06-W03,732013,Greedy,50,0.4221553256,0.4193466651,0.0028086605
anti_uav410,6,anti_uav410.load_6,AU-L06-W03,AU-L06-W03,732013,No-Stability,53,0.401352206,0.3941481685,0.0072040375
anti_uav410,6,anti_uav410.load_6,AU-L06-W03,AU-L06-W03,732013,No-Synergy,56,0.4123012355,0.3995708582,0.0127303773
anti_uav410,6,anti_uav410.load_6,AU-L06-W03,AU-L06-W03,732013,Random,32,0.3918769516,0.3872785839,0.0045983677
anti_uav410,6,anti_uav410.load_6,AU-L06-W03,AU-L06-W03,732014,External-Auction,48,0.3745400239,0.3902047874,-0.0156647635
anti_uav410,6,anti_uav410.load_6,AU-L06-W03,AU-L06-W03,732014,Greedy,48,0.3676843918,0.3801512232,-0.0124668315
anti_uav410,6,anti_uav410.load_6,AU-L06-W03,AU-L06-W03,732014,No-Stability,51,0.3739552053,0.3878549559,-0.0138997506
anti_uav410,6,anti_uav410.load_6,AU-L06-W03,AU-L06-W03,732014,No-Synergy,54,0.3814426222,0.3814426222,0.0
anti_uav410,6,anti_uav410.load_6,AU-L06-W03,AU-L06-W03,732014,Random,28,0.3753353162,0.3831979758,-0.0078626596
anti_uav410,6,anti_uav410.load_6,AU-L06-W03,AU-L06-W03,732015,External-Auction,39,0.3825909106,0.370876028,0.0117148826
anti_uav410,6,anti_uav410.load_6,AU-L06-W03,AU-L06-W03,732015,Greedy,38,0.379044563,0.3683152947,0.0107292683
anti_uav410,6,anti_uav410.load_6,AU-L06-W03,AU-L06-W03,732015,No-Stability,41,0.3813005062,0.3842261018,-0.0029255957
anti_uav410,6,anti_uav410.load_6,AU-L06-W03,AU-L06-W03,732015,No-Synergy,46,0.3986985052,0.3897232909,0.0089752143
anti_uav410,6,anti_uav410.load_6,AU-L06-W03,AU-L06-W03,732015,Random,24,0.3884152458,0.3858189994,0.0025962465
anti_uav410,6,anti_uav410.load_6,AU-L06-W03,AU-L06-W03,732016,External-Auction,47,0.380659855,0.3974202223,-0.0167603673
anti_uav410,6,anti_uav410.load_6,AU-L06-W03,AU-L06-W03,732016,Greedy,47,0.3821395536,0.3906322971,-0.0084927435
anti_uav410,6,anti_uav410.load_6,AU-L06-W03,AU-L06-W03,732016,No-Stability,54,0.3918081115,0.4131312742,-0.0213231627
anti_uav410,6,anti_uav410.load_6,AU-L06-W03,AU-L06-W03,732016,No-Synergy,53,0.3903087026,0.3885539548,0.0017547478
anti_uav410,6,anti_uav410.load_6,AU-L06-W03,AU-L06-W03,732016,Random,37,0.3903180933,0.4004458692,-0.0101277759
anti_uav410,6,anti_uav410.load_6,AU-L06-W03,AU-L06-W03,732017,External-Auction,56,0.4086337395,0.4266495386,-0.0180157992
anti_uav410,6,anti_uav410.load_6,AU-L06-W03,AU-L06-W03,732017,Greedy,52,0.4081290342,0.4195772668,-0.0114482326
anti_uav410,6,anti_uav410.load_6,AU-L06-W03,AU-L06-W03,732017,No-Stability,56,0.4086337395,0.4154087963,-0.0067750568
anti_uav410,6,anti_uav410.load_6,AU-L06-W03,AU-L06-W03,732017,No-Synergy,56,0.4086337395,0.4086337395,0.0
anti_uav410,6,anti_uav410.load_6,AU-L06-W03,AU-L06-W03,732017,Random,39,0.3909631104,0.3863303365,0.0046327739
anti_uav410,6,anti_uav410.load_6,AU-L06-W03,AU-L06-W03,732018,External-Auction,34,0.3474197426,0.3447973329,0.0026224097
anti_uav410,6,anti_uav410.load_6,AU-L06-W03,AU-L06-W03,732018,Greedy,39,0.3596322315,0.3585131505,0.001119081
anti_uav410,6,anti_uav410.load_6,AU-L06-W03,AU-L06-W03,732018,No-Stability,46,0.374636316,0.3712576426,0.0033786735
anti_uav410,6,anti_uav410.load_6,AU-L06-W03,AU-L06-W03,732018,No-Synergy,47,0.3815855047,0.3783763236,0.003209181
anti_uav410,6,anti_uav410.load_6,AU-L06-W03,AU-L06-W03,732018,Random,27,0.3720215069,0.3693960964,0.0026254105
anti_uav410,6,anti_uav410.load_6,AU-L06-W03,AU-L06-W03,732019,External-Auction,35,0.3699084566,0.372421292,-0.0025128353
anti_uav410,6,anti_uav410.load_6,AU-L06-W03,AU-L06-W03,732019,Greedy,37,0.3684647085,0.3683204261,0.0001442824
anti_uav410,6,anti_uav410.load_6,AU-L06-W03,AU-L06-W03,732019,No-Stability,41,0.3514914902,0.3554506307,-0.0039591404
anti_uav410,6,anti_uav410.load_6,AU-L06-W03,AU-L06-W03,732019,No-Synergy,46,0.3711023094,0.3711023094,0.0
anti_uav410,6,anti_uav410.load_6,AU-L06-W03,AU-L06-W03,732019,Random,23,0.3636743116,0.3679827457,-0.0043084341
anti_uav410,6,anti_uav410.load_6,AU-L06-W03,AU-L06-W03,732020,External-Auction,37,0.3550883373,0.3841403654,-0.0290520281
anti_uav410,6,anti_uav410.load_6,AU-L06-W03,AU-L06-W03,732020,Greedy,38,0.3507838643,0.3581976115,-0.0074137472
anti_uav410,6,anti_uav410.load_6,AU-L06-W03,AU-L06-W03,732020,No-Stability,37,0.3483399911,0.3555978686,-0.0072578776
anti_uav410,6,anti_uav410.load_6,AU-L06-W03,AU-L06-W03,732020,No-Synergy,46,0.3709757103,0.3709757103,0.0
anti_uav410,6,anti_uav410.load_6,AU-L06-W03,AU-L06-W03,732020,Random,22,0.3680112493,0.3873631266,-0.0193518772
anti_uav410,6,anti_uav410.load_6,AU-L06-W03,AU-L06-W03,732021,External-Auction,40,0.3609358237,0.355912307,0.0050235166
anti_uav410,6,anti_uav410.load_6,AU-L06-W03,AU-L06-W03,732021,Greedy,39,0.368448996,0.3625803786,0.0058686174
anti_uav410,6,anti_uav410.load_6,AU-L06-W03,AU-L06-W03,732021,No-Stability,46,0.369765428,0.3687516521,0.0010137759
anti_uav410,6,anti_uav410.load_6,AU-L06-W03,AU-L06-W03,732021,No-Synergy,49,0.3785684176,0.3785684176,0.0
anti_uav410,6,anti_uav410.load_6,AU-L06-W03,AU-L06-W03,732021,Random,35,0.3646822013,0.3655331944,-0.000850993
anti_uav410,6,anti_uav410.load_6,AU-L06-W03,AU-L06-W03,732022,External-Auction,39,0.3678770283,0.3828755496,-0.0149985213
anti_uav410,6,anti_uav410.load_6,AU-L06-W03,AU-L06-W03,732022,Greedy,40,0.3637259189,0.3687199209,-0.004994002
anti_uav410,6,anti_uav410.load_6,AU-L06-W03,AU-L06-W03,732022,No-Stability,41,0.3668864804,0.3725297042,-0.0056432238
anti_uav410,6,anti_uav410.load_6,AU-L06-W03,AU-L06-W03,732022,No-Synergy,49,0.3827810035,0.3806320922,0.0021489113
anti_uav410,6,anti_uav410.load_6,AU-L06-W03,AU-L06-W03,732022,Random,31,0.3622995735,0.3793794063,-0.0170798328
anti_uav410,6,anti_uav410.load_6,AU-L06-W03,AU-L06-W03,732023,External-Auction,39,0.3669393376,0.3730408931,-0.0061015555
anti_uav410,6,anti_uav410.load_6,AU-L06-W03,AU-L06-W03,732023,Greedy,40,0.3639692284,0.3529462144,0.0110230139
anti_uav410,6,anti_uav410.load_6,AU-L06-W03,AU-L06-W03,732023,No-Stability,41,0.3548177581,0.3616484308,-0.0068306728
anti_uav410,6,anti_uav410.load_6,AU-L06-W03,AU-L06-W03,732023,No-Synergy,49,0.3742425899,0.3742425899,0.0
anti_uav410,6,anti_uav410.load_6,AU-L06-W03,AU-L06-W03,732023,Random,31,0.3849562478,0.3843674154,0.0005888325
anti_uav410,6,anti_uav410.load_6,AU-L06-W03,AU-L06-W03,732024,External-Auction,47,0.3795235604,0.3808823113,-0.0013587509
anti_uav410,6,anti_uav410.load_6,AU-L06-W03,AU-L06-W03,732024,Greedy,38,0.3662003064,0.3672554142,-0.0010551077
anti_uav410,6,anti_uav410.load_6,AU-L06-W03,AU-L06-W03,732024,No-Stability,47,0.3704714407,0.3740545843,-0.0035831436
anti_uav410,6,anti_uav410.load_6,AU-L06-W03,AU-L06-W03,732024,No-Synergy,53,0.3838045834,0.3838045834,0.0
anti_uav410,6,anti_uav410.load_6,AU-L06-W03,AU-L06-W03,732024,Random,33,0.3873912024,0.3882637965,-0.0008725941
anti_uav410,6,anti_uav410.load_6,AU-L06-W03,AU-L06-W03,732025,External-Auction,36,0.3430974185,0.3424646432,0.0006327753
anti_uav410,6,anti_uav410.load_6,AU-L06-W03,AU-L06-W03,732025,Greedy,37,0.344140303,0.3410082594,0.0031320436
anti_uav410,6,anti_uav410.load_6,AU-L06-W03,AU-L06-W03,732025,No-Stability,46,0.3616564061,0.3648814872,-0.0032250812
anti_uav410,6,anti_uav410.load_6,AU-L06-W03,AU-L06-W03,732025,No-Synergy,49,0.3727435997,0.3700238652,0.0027197345
anti_uav410,6,anti_uav410.load_6,AU-L06-W03,AU-L06-W03,732025,Random,25,0.3552305559,0.3618926182,-0.0066620623
anti_uav410,6,anti_uav410.load_6,AU-L06-W03,AU-L06-W03,732026,External-Auction,39,0.3550273232,0.3572562084,-0.0022288852
anti_uav410,6,anti_uav410.load_6,AU-L06-W03,AU-L06-W03,732026,Greedy,41,0.3563651832,0.3562172854,0.0001478978
anti_uav410,6,anti_uav410.load_6,AU-L06-W03,AU-L06-W03,732026,No-Stability,45,0.3566233703,0.3587015276,-0.0020781574
anti_uav410,6,anti_uav410.load_6,AU-L06-W03,AU-L06-W03,732026,No-Synergy,47,0.3681339382,0.3674389343,0.0006950039
anti_uav410,6,anti_uav410.load_6,AU-L06-W03,AU-L06-W03,732026,Random,28,0.3751019002,0.3854593767,-0.0103574765
anti_uav410,6,anti_uav410.load_6,AU-L06-W03,AU-L06-W03,732027,External-Auction,41,0.3655558212,0.3784430989,-0.0128872777
anti_uav410,6,anti_uav410.load_6,AU-L06-W03,AU-L06-W03,732027,Greedy,42,0.3683528413,0.3730929979,-0.0047401566
anti_uav410,6,anti_uav410.load_6,AU-L06-W03,AU-L06-W03,732027,No-Stability,49,0.3740176021,0.389938426,-0.0159208239
anti_uav410,6,anti_uav410.load_6,AU-L06-W03,AU-L06-W03,732027,No-Synergy,51,0.3790741757,0.3790741757,0.0
anti_uav410,6,anti_uav410.load_6,AU-L06-W03,AU-L06-W03,732027,Random,33,0.3660531025,0.3722974249,-0.0062443224
anti_uav410,6,anti_uav410.load_6,AU-L06-W03,AU-L06-W03,732028,External-Auction,47,0.3827722438,0.3828339545,-6.17106e-05
anti_uav410,6,anti_uav410.load_6,AU-L06-W03,AU-L06-W03,732028,Greedy,46,0.3725127138,0.3698188886,0.0026938251
anti_uav410,6,anti_uav410.load_6,AU-L06-W03,AU-L06-W03,732028,No-Stability,44,0.3687673531,0.3748950019,-0.0061276487
anti_uav410,6,anti_uav410.load_6,AU-L06-W03,AU-L06-W03,732028,No-Synergy,50,0.3822120138,0.3822120138,0.0
anti_uav410,6,anti_uav410.load_6,AU-L06-W03,AU-L06-W03,732028,Random,30,0.3927490506,0.3927493135,-2.629e-07
anti_uav410,6,anti_uav410.load_6,AU-L06-W03,AU-L06-W03,732029,External-Auction,41,0.3592762265,0.3681884288,-0.0089122023
anti_uav410,6,anti_uav410.load_6,AU-L06-W03,AU-L06-W03,732029,Greedy,41,0.3592762265,0.3681884288,-0.0089122023
anti_uav410,6,anti_uav410.load_6,AU-L06-W03,AU-L06-W03,732029,No-Stability,42,0.364227871,0.3782291936,-0.0140013226
anti_uav410,6,anti_uav410.load_6,AU-L06-W03,AU-L06-W03,732029,No-Synergy,48,0.3800011112,0.3800011112,0.0
anti_uav410,6,anti_uav410.load_6,AU-L06-W03,AU-L06-W03,732029,Random,26,0.3622135764,0.3855343912,-0.0233208148
anti_uav410,6,anti_uav410.load_6,AU-L06-W04,AU-L06-W04,732100,External-Auction,48,0.4805281587,0.4814599502,-0.0009317915
anti_uav410,6,anti_uav410.load_6,AU-L06-W04,AU-L06-W04,732100,Greedy,48,0.4805281587,0.4814599502,-0.0009317915
anti_uav410,6,anti_uav410.load_6,AU-L06-W04,AU-L06-W04,732100,No-Stability,49,0.4791402781,0.4864002133,-0.0072599353
anti_uav410,6,anti_uav410.load_6,AU-L06-W04,AU-L06-W04,732100,No-Synergy,52,0.4805542823,0.4805542823,0.0
anti_uav410,6,anti_uav410.load_6,AU-L06-W04,AU-L06-W04,732100,Random,33,0.5061903212,0.527712158,-0.0215218367
anti_uav410,6,anti_uav410.load_6,AU-L06-W04,AU-L06-W04,732101,External-Auction,46,0.4598768315,0.4590465501,0.0008302813
anti_uav410,6,anti_uav410.load_6,AU-L06-W04,AU-L06-W04,732101,Greedy,45,0.4591113319,0.4621821608,-0.0030708289
anti_uav410,6,anti_uav410.load_6,AU-L06-W04,AU-L06-W04,732101,No-Stability,47,0.4624593668,0.4667260893,-0.0042667225
anti_uav410,6,anti_uav410.load_6,AU-L06-W04,AU-L06-W04,732101,No-Synergy,49,0.4694490194,0.4694490194,0.0
anti_uav410,6,anti_uav410.load_6,AU-L06-W04,AU-L06-W04,732101,Random,32,0.4637160897,0.4683933622,-0.0046772726
anti_uav410,6,anti_uav410.load_6,AU-L06-W04,AU-L06-W04,732102,External-Auction,46,0.4754578064,0.4775690126,-0.0021112062
anti_uav410,6,anti_uav410.load_6,AU-L06-W04,AU-L06-W04,732102,Greedy,41,0.4831028668,0.4763530042,0.0067498626
anti_uav410,6,anti_uav410.load_6,AU-L06-W04,AU-L06-W04,732102,No-Stability,50,0.4784758644,0.4888514608,-0.0103755963
anti_uav410,6,anti_uav410.load_6,AU-L06-W04,AU-L06-W04,732102,No-Synergy,51,0.4809903116,0.4809903116,0.0
anti_uav410,6,anti_uav410.load_6,AU-L06-W04,AU-L06-W04,732102,Random,35,0.4822872518,0.4828353826,-0.0005481307
anti_uav410,6,anti_uav410.load_6,AU-L06-W04,AU-L06-W04,732103,External-Auction,49,0.4609980935,0.4753924101,-0.0143943166
anti_uav410,6,anti_uav410.load_6,AU-L06-W04,AU-L06-W04,732103,Greedy,49,0.4609980935,0.4753924101,-0.0143943166
anti_uav410,6,anti_uav410.load_6,AU-L06-W04,AU-L06-W04,732103,No-Stability,49,0.4632685405,0.4933436769,-0.0300751364
anti_uav410,6,anti_uav410.load_6,AU-L06-W04,AU-L06-W04,732103,No-Synergy,51,0.4658436906,0.4658436906,0.0
anti_uav410,6,anti_uav410.load_6,AU-L06-W04,AU-L06-W04,732103,Random,31,0.4599043916,0.4792940653,-0.0193896736
anti_uav410,6,anti_uav410.load_6,AU-L06-W04,AU-L06-W04,732104,External-Auction,38,0.4431468319,0.453211947,-0.0100651151
anti_uav410,6,anti_uav410.load_6,AU-L06-W04,AU-L06-W04,732104,Greedy,38,0.4431468319,0.453211947,-0.0100651151
anti_uav410,6,anti_uav410.load_6,AU-L06-W04,AU-L06-W04,732104,No-Stability,47,0.4691590819,0.475055473,-0.0058963912
anti_uav410,6,anti_uav410.load_6,AU-L06-W04,AU-L06-W04,732104,No-Synergy,49,0.4739925836,0.4739925836,0.0
anti_uav410,6,anti_uav410.load_6,AU-L06-W04,AU-L06-W04,732104,Random,32,0.4595701854,0.4711285292,-0.0115583438
anti_uav410,6,anti_uav410.load_6,AU-L06-W04,AU-L06-W04,732105,External-Auction,47,0.4819036693,0.4729526067,0.0089510626
anti_uav410,6,anti_uav410.load_6,AU-L06-W04,AU-L06-W04,732105,Greedy,46,0.4787512808,0.470620781,0.0081304999
anti_uav410,6,anti_uav410.load_6,AU-L06-W04,AU-L06-W04,732105,No-Stability,46,0.4817259023,0.4752264338,0.0064994685
anti_uav410,6,anti_uav410.load_6,AU-L06-W04,AU-L06-W04,732105,No-Synergy,50,0.4900066674,0.4900066674,0.0
anti_uav410,6,anti_uav410.load_6,AU-L06-W04,AU-L06-W04,732105,Random,30,0.4890293327,0.4842656048,0.0047637279
anti_uav410,6,anti_uav410.load_6,AU-L06-W04,AU-L06-W04,732106,External-Auction,51,0.4745794952,0.471980319,0.0025991762
anti_uav410,6,anti_uav410.load_6,AU-L06-W04,AU-L06-W04,732106,Greedy,48,0.481373273,0.4777710418,0.0036022311
anti_uav410,6,anti_uav410.load_6,AU-L06-W04,AU-L06-W04,732106,No-Stability,50,0.4750322128,0.4762120112,-0.0011797984
anti_uav410,6,anti_uav410.load_6,AU-L06-W04,AU-L06-W04,732106,No-Synergy,51,0.4745794952,0.4728636046,0.0017158906
anti_uav410,6,anti_uav410.load_6,AU-L06-W04,AU-L06-W04,732106,Random,32,0.4720847008,0.46884574,0.0032389608
anti_uav410,6,anti_uav410.load_6,AU-L06-W04,AU-L06-W04,732107,External-Auction,51,0.5109222879,0.5141989561,-0.0032766682
anti_uav410,6,anti_uav410.load_6,AU-L06-W04,AU-L06-W04,732107,Greedy,51,0.5109222879,0.5141989561,-0.0032766682
anti_uav410,6,anti_uav410.load_6,AU-L06-W04,AU-L06-W04,732107,No-Stability,51,0.4976445832,0.5040375121,-0.0063929289
anti_uav410,6,anti_uav410.load_6,AU-L06-W04,AU-L06-W04,732107,No-Synergy,53,0.5079436365,0.512568702,-0.0046250655
anti_uav410,6,anti_uav410.load_6,AU-L06-W04,AU-L06-W04,732107,Random,34,0.5232101692,0.5147347107,0.0084754585
anti_uav410,6,anti_uav410.load_6,AU-L06-W04,AU-L06-W04,732108,External-Auction,50,0.4896610134,0.4936019459,-0.0039409325
anti_uav410,6,anti_uav410.load_6,AU-L06-W04,AU-L06-W04,732108,Greedy,49,0.4881973218,0.4942064877,-0.006009166
anti_uav410,6,anti_uav410.load_6,AU-L06-W04,AU-L06-W04,732108,No-Stability,53,0.4944696899,0.5175868364,-0.0231171465
anti_uav410,6,anti_uav410.load_6,AU-L06-W04,AU-L06-W04,732108,No-Synergy,53,0.4944696899,0.4944696899,0.0
anti_uav410,6,anti_uav410.load_6,AU-L06-W04,AU-L06-W04,732108,Random,45,0.499819957,0.5087641552,-0.0089441982
anti_uav410,6,anti_uav410.load_6,AU-L06-W04,AU-L06-W04,732109,External-Auction,47,0.4844023693,0.4852311875,-0.0008288182
anti_uav410,6,anti_uav410.load_6,AU-L06-W04,AU-L06-W04,732109,Greedy,48,0.4855201229,0.4847596352,0.0007604877
anti_uav410,6,anti_uav410.load_6,AU-L06-W04,AU-L06-W04,732109,No-Stability,50,0.4885837915,0.5093877142,-0.0208039227
anti_uav410,6,anti_uav410.load_6,AU-L06-W04,AU-L06-W04,732109,No-Synergy,51,0.4918285503,0.4918285503,0.0
anti_uav410,6,anti_uav410.load_6,AU-L06-W04,AU-L06-W04,732109,Random,35,0.4818128053,0.488897389,-0.0070845837
anti_uav410,6,anti_uav410.load_6,AU-L06-W04,AU-L06-W04,732110,External-Auction,51,0.5191684538,0.5179512872,0.0012171665
anti_uav410,6,anti_uav410.load_6,AU-L06-W04,AU-L06-W04,732110,Greedy,46,0.5175144925,0.5155203953,0.0019940972
anti_uav410,6,anti_uav410.load_6,AU-L06-W04,AU-L06-W04,732110,No-Stability,51,0.5191684538,0.5184549031,0.0007135507
anti_uav410,6,anti_uav410.load_6,AU-L06-W04,AU-L06-W04,732110,No-Synergy,51,0.5191684538,0.5191684538,0.0
anti_uav410,6,anti_uav410.load_6,AU-L06-W04,AU-L06-W04,732110,Random,34,0.503375047,0.5033973221,-2.22751e-05
anti_uav410,6,anti_uav410.load_6,AU-L06-W04,AU-L06-W04,732111,External-Auction,50,0.5131618297,0.5125382228,0.0006236069
anti_uav410,6,anti_uav410.load_6,AU-L06-W04,AU-L06-W04,732111,Greedy,50,0.5131618297,0.5165057142,-0.0033438845
anti_uav410,6,anti_uav410.load_6,AU-L06-W04,AU-L06-W04,732111,No-Stability,53,0.5086513276,0.5397585138,-0.0311071863
anti_uav410,6,anti_uav410.load_6,AU-L06-W04,AU-L06-W04,732111,No-Synergy,53,0.5086513276,0.5086513276,0.0
anti_uav410,6,anti_uav410.load_6,AU-L06-W04,AU-L06-W04,732111,Random,36,0.5027203498,0.5083261998,-0.00560585
anti_uav410,6,anti_uav410.load_6,AU-L06-W04,AU-L06-W04,732112,External-Auction,46,0.5053216832,0.5158809141,-0.0105592309
anti_uav410,6,anti_uav410.load_6,AU-L06-W04,AU-L06-W04,732112,Greedy,46,0.5053216832,0.5150725245,-0.0097508413
anti_uav410,6,anti_uav410.load_6,AU-L06-W04,AU-L06-W04,732112,No-Stability,49,0.5083393898,0.5318435396,-0.0235041498
anti_uav410,6,anti_uav410.load_6,AU-L06-W04,AU-L06-W04,732112,No-Synergy,50,0.5082287211,0.5082287211,0.0
anti_uav410,6,anti_uav410.load_6,AU-L06-W04,AU-L06-W04,732112,Random,33,0.5150313032,0.5249921097,-0.0099608065
anti_uav410,6,anti_uav410.load_6,AU-L06-W04,AU-L06-W04,732113,External-Auction,50,0.5165316618,0.5239448443,-0.0074131826
anti_uav410,6,anti_uav410.load_6,AU-L06-W04,AU-L06-W04,732113,Greedy,51,0.5136310764,0.5172624033,-0.0036313269
anti_uav410,6,anti_uav410.load_6,AU-L06-W04,AU-L06-W04,732113,No-Stability,52,0.5171991315,0.5264770154,-0.0092778839
anti_uav410,6,anti_uav410.load_6,AU-L06-W04,AU-L06-W04,732113,No-Synergy,52,0.5171991315,0.5171991315,0.0
anti_uav410,6,anti_uav410.load_6,AU-L06-W04,AU-L06-W04,732113,Random,37,0.5127091572,0.5137368681,-0.0010277108
anti_uav410,6,anti_uav410.load_6,AU-L06-W04,AU-L06-W04,732114,External-Auction,48,0.5105962889,0.508365329,0.0022309599
anti_uav410,6,anti_uav410.load_6,AU-L06-W04,AU-L06-W04,732114,Greedy,46,0.5076396501,0.5061350278,0.0015046223
anti_uav410,6,anti_uav410.load_6,AU-L06-W04,AU-L06-W04,732114,No-Stability,50,0.4965463999,0.4935405713,0.0030058286
anti_uav410,6,anti_uav410.load_6,AU-L06-W04,AU-L06-W04,732114,No-Synergy,51,0.5047550353,0.4920019239,0.0127531113
anti_uav410,6,anti_uav410.load_6,AU-L06-W04,AU-L06-W04,732114,Random,30,0.5043766807,0.4951286366,0.0092480441
anti_uav410,6,anti_uav410.load_6,AU-L06-W04,AU-L06-W04,732115,External-Auction,49,0.5051770835,0.5006875015,0.004489582
anti_uav410,6,anti_uav410.load_6,AU-L06-W04,AU-L06-W04,732115,Greedy,49,0.5145572633,0.5067470287,0.0078102345
anti_uav410,6,anti_uav410.load_6,AU-L06-W04,AU-L06-W04,732115,No-Stability,53,0.5068708363,0.516022485,-0.0091516486
anti_uav410,6,anti_uav410.load_6,AU-L06-W04,AU-L06-W04,732115,No-Synergy,53,0.5068708363,0.4930254016,0.0138454347
anti_uav410,6,anti_uav410.load_6,AU-L06-W04,AU-L06-W04,732115,Random,36,0.4917335581,0.4936990825,-0.0019655244
anti_uav410,6,anti_uav410.load_6,AU-L06-W04,AU-L06-W04,732116,External-Auction,50,0.5083371161,0.5023184154,0.0060187007
anti_uav410,6,anti_uav410.load_6,AU-L06-W04,AU-L06-W04,732116,Greedy,50,0.5083371161,0.5059148822,0.0024222339
anti_uav410,6,anti_uav410.load_6,AU-L06-W04,AU-L06-W04,732116,No-Stability,51,0.5059082773,0.5293718595,-0.0234635822
anti_uav410,6,anti_uav410.load_6,AU-L06-W04,AU-L06-W04,732116,No-Synergy,51,0.5059082773,0.5059082773,0.0
anti_uav410,6,anti_uav410.load_6,AU-L06-W04,AU-L06-W04,732116,Random,39,0.4970393845,0.5096382999,-0.0125989154
anti_uav410,6,anti_uav410.load_6,AU-L06-W04,AU-L06-W04,732117,External-Auction,38,0.4633886247,0.4585735009,0.0048151238
anti_uav410,6,anti_uav410.load_6,AU-L06-W04,AU-L06-W04,732117,Greedy,38,0.4633886247,0.4616222845,0.0017663401
anti_uav410,6,anti_uav410.load_6,AU-L06-W04,AU-L06-W04,732117,No-Stability,49,0.4791963644,0.4877761555,-0.0085797911
anti_uav410,6,anti_uav410.load_6,AU-L06-W04,AU-L06-W04,732117,No-Synergy,51,0.4812622386,0.4812622386,0.0
anti_uav410,6,anti_uav410.load_6,AU-L06-W04,AU-L06-W04,732117,Random,33,0.4780253413,0.4885670387,-0.0105416974
anti_uav410,6,anti_uav410.load_6,AU-L06-W04,AU-L06-W04,732118,External-Auction,45,0.466471095,0.4870509884,-0.0205798934
anti_uav410,6,anti_uav410.load_6,AU-L06-W04,AU-L06-W04,732118,Greedy,44,0.4683300082,0.4731621754,-0.0048321672
anti_uav410,6,anti_uav410.load_6,AU-L06-W04,AU-L06-W04,732118,No-Stability,47,0.4677992194,0.4855531682,-0.0177539488
anti_uav410,6,anti_uav410.load_6,AU-L06-W04,AU-L06-W04,732118,No-Synergy,50,0.472950864,0.472950864,0.0
anti_uav410,6,anti_uav410.load_6,AU-L06-W04,AU-L06-W04,732118,Random,30,0.4848291046,0.4930620033,-0.0082328987
anti_uav410,6,anti_uav410.load_6,AU-L06-W04,AU-L06-W04,732119,External-Auction,50,0.5233681958,0.5152492787,0.0081189171
anti_uav410,6,anti_uav410.load_6,AU-L06-W04,AU-L06-W04,732119,Greedy,53,0.52371679,0.53155348,-0.00783669
anti_uav410,6,anti_uav410.load_6,AU-L06-W04,AU-L06-W04,732119,No-Stability,53,0.52371679,0.5375004257,-0.0137836357
anti_uav410,6,anti_uav410.load_6,AU-L06-W04,AU-L06-W04,732119,No-Synergy,53,0.52371679,0.52371679,0.0
anti_uav410,6,anti_uav410.load_6,AU-L06-W04,AU-L06-W04,732119,Random,36,0.539621757,0.5316684358,0.0079533212
anti_uav410,6,anti_uav410.load_6,AU-L06-W04,AU-L06-W04,732120,External-Auction,47,0.5099017845,0.5065308821,0.0033709025
anti_uav410,6,anti_uav410.load_6,AU-L06-W04,AU-L06-W04,732120,Greedy,45,0.5120190202,0.5195493738,-0.0075303536
anti_uav410,6,anti_uav410.load_6,AU-L06-W04,AU-L06-W04,732120,No-Stability,49,0.5080310373,0.5109424245,-0.0029113873
anti_uav410,6,anti_uav410.load_6,AU-L06-W04,AU-L06-W04,732120,No-Synergy,49,0.5080310373,0.5080310373,0.0
anti_uav410,6,anti_uav410.load_6,AU-L06-W04,AU-L06-W04,732120,Random,36,0.5098995345,0.5116944562,-0.0017949217
anti_uav410,6,anti_uav410.load_6,AU-L06-W04,AU-L06-W04,732121,External-Auction,49,0.4993285477,0.5185631311,-0.0192345833
anti_uav410,6,anti_uav410.load_6,AU-L06-W04,AU-L06-W04,732121,Greedy,50,0.4967573391,0.4931903301,0.003567009
anti_uav410,6,anti_uav410.load_6,AU-L06-W04,AU-L06-W04,732121,No-Stability,51,0.4970953145,0.5343985478,-0.0373032333
anti_uav410,6,anti_uav410.load_6,AU-L06-W04,AU-L06-W04,732121,No-Synergy,51,0.4970953145,0.4970953145,0.0
anti_uav410,6,anti_uav410.load_6,AU-L06-W04,AU-L06-W04,732121,Random,36,0.496295167,0.5097529836,-0.0134578167
anti_uav410,6,anti_uav410.load_6,AU-L06-W04,AU-L06-W04,732122,External-Auction,47,0.5176042371,0.517852832,-0.0002485949
anti_uav410,6,anti_uav410.load_6,AU-L06-W04,AU-L06-W04,732122,Greedy,47,0.5176042371,0.517852832,-0.0002485949
anti_uav410,6,anti_uav410.load_6,AU-L06-W04,AU-L06-W04,732122,No-Stability,48,0.5120150292,0.5207873131,-0.0087722839
anti_uav410,6,anti_uav410.load_6,AU-L06-W04,AU-L06-W04,732122,No-Synergy,50,0.51845085,0.51845085,0.0
anti_uav410,6,anti_uav410.load_6,AU-L06-W04,AU-L06-W04,732122,Random,30,0.5050455453,0.5101675541,-0.0051220088
anti_uav410,6,anti_uav410.load_6,AU-L06-W04,AU-L06-W04,732123,External-Auction,48,0.5354257281,0.5349195941,0.000506134
anti_uav410,6,anti_uav410.load_6,AU-L06-W04,AU-L06-W04,732123,Greedy,49,0.5326339349,0.5290837134,0.0035502214
anti_uav410,6,anti_uav410.load_6,AU-L06-W04,AU-L06-W04,732123,No-Stability,53,0.530312997,0.5305337511,-0.0002207541
anti_uav410,6,anti_uav410.load_6,AU-L06-W04,AU-L06-W04,732123,No-Synergy,53,0.530312997,0.530312997,0.0
anti_uav410,6,anti_uav410.load_6,AU-L06-W04,AU-L06-W04,732123,Random,39,0.5353627468,0.5216037161,0.0137590307
anti_uav410,6,anti_uav410.load_6,AU-L06-W04,AU-L06-W04,732124,External-Auction,48,0.4830201132,0.4831667256,-0.0001466124
anti_uav410,6,anti_uav410.load_6,AU-L06-W04,AU-L06-W04,732124,Greedy,45,0.4885366893,0.4909750413,-0.0024383521
anti_uav410,6,anti_uav410.load_6,AU-L06-W04,AU-L06-W04,732124,No-Stability,50,0.4813250518,0.4955848969,-0.0142598452
anti_uav410,6,anti_uav410.load_6,AU-L06-W04,AU-L06-W04,732124,No-Synergy,51,0.4851030581,0.4851030581,0.0
anti_uav410,6,anti_uav410.load_6,AU-L06-W04,AU-L06-W04,732124,Random,36,0.486315902,0.4973277106,-0.0110118086
anti_uav410,6,anti_uav410.load_6,AU-L06-W04,AU-L06-W04,732125,External-Auction,45,0.4772483672,0.4848395945,-0.0075912273
anti_uav410,6,anti_uav410.load_6,AU-L06-W04,AU-L06-W04,732125,Greedy,44,0.4799437529,0.4792669363,0.0006768166
anti_uav410,6,anti_uav410.load_6,AU-L06-W04,AU-L06-W04,732125,No-Stability,46,0.4709869175,0.4922181517,-0.0212312342
anti_uav410,6,anti_uav410.load_6,AU-L06-W04,AU-L06-W04,732125,No-Synergy,50,0.4807806176,0.4807806176,0.0
anti_uav410,6,anti_uav410.load_6,AU-L06-W04,AU-L06-W04,732125,Random,32,0.4742776421,0.4782606466,-0.0039830045
anti_uav410,6,anti_uav410.load_6,AU-L06-W04,AU-L06-W04,732126,External-Auction,50,0.4921287119,0.4968800287,-0.0047513169
anti_uav410,6,anti_uav410.load_6,AU-L06-W04,AU-L06-W04,732126,Greedy,50,0.4921287119,0.4968800287,-0.0047513169
anti_uav410,6,anti_uav410.load_6,AU-L06-W04,AU-L06-W04,732126,No-Stability,49,0.4860911253,0.50064871,-0.0145575847
anti_uav410,6,anti_uav410.load_6,AU-L06-W04,AU-L06-W04,732126,No-Synergy,50,0.4921287119,0.4937751266,-0.0016464147
anti_uav410,6,anti_uav410.load_6,AU-L06-W04,AU-L06-W04,732126,Random,36,0.4901457397,0.4893395476,0.0008061921
anti_uav410,6,anti_uav410.load_6,AU-L06-W04,AU-L06-W04,732127,External-Auction,44,0.4870839194,0.4896308918,-0.0025469724
anti_uav410,6,anti_uav410.load_6,AU-L06-W04,AU-L06-W04,732127,Greedy,44,0.4870839194,0.4896308918,-0.0025469724
anti_uav410,6,anti_uav410.load_6,AU-L06-W04,AU-L06-W04,732127,No-Stability,48,0.4872658454,0.4768481805,0.010417665
anti_uav410,6,anti_uav410.load_6,AU-L06-W04,AU-L06-W04,732127,No-Synergy,49,0.4869507945,0.4869507945,0.0
anti_uav410,6,anti_uav410.load_6,AU-L06-W04,AU-L06-W04,732127,Random,27,0.4590596952,0.4612287264,-0.0021690312
anti_uav410,6,anti_uav410.load_6,AU-L06-W04,AU-L06-W04,732128,External-Auction,46,0.4998000998,0.4888126457,0.0109874541
anti_uav410,6,anti_uav410.load_6,AU-L06-W04,AU-L06-W04,732128,Greedy,48,0.5022402269,0.507381858,-0.0051416311
anti_uav410,6,anti_uav410.load_6,AU-L06-W04,AU-L06-W04,732128,No-Stability,52,0.495051389,0.5078882892,-0.0128369002
anti_uav410,6,anti_uav410.load_6,AU-L06-W04,AU-L06-W04,732128,No-Synergy,52,0.495051389,0.495051389,0.0
anti_uav410,6,anti_uav410.load_6,AU-L06-W04,AU-L06-W04,732128,Random,32,0.5131998873,0.5171206485,-0.0039207613
anti_uav410,6,anti_uav410.load_6,AU-L06-W04,AU-L06-W04,732129,External-Auction,52,0.4973255752,0.4993116111,-0.0019860359
anti_uav410,6,anti_uav410.load_6,AU-L06-W04,AU-L06-W04,732129,Greedy,52,0.4973255752,0.4969050687,0.0004205065
anti_uav410,6,anti_uav410.load_6,AU-L06-W04,AU-L06-W04,732129,No-Stability,53,0.4968349652,0.510716154,-0.0138811887
anti_uav410,6,anti_uav410.load_6,AU-L06-W04,AU-L06-W04,732129,No-Synergy,53,0.4968349652,0.4948831296,0.0019518357
anti_uav410,6,anti_uav410.load_6,AU-L06-W04,AU-L06-W04,732129,Random,35,0.5115570714,0.5094648763,0.0020921951
anti_uav410,6,anti_uav410.load_6,AU-L06-W05,AU-L06-W05,732200,External-Auction,48,0.4367643951,0.4613350272,-0.0245706321
anti_uav410,6,anti_uav410.load_6,AU-L06-W05,AU-L06-W05,732200,Greedy,44,0.4282397101,0.4297516663,-0.0015119562
anti_uav410,6,anti_uav410.load_6,AU-L06-W05,AU-L06-W05,732200,No-Stability,45,0.4287331332,0.450504604,-0.0217714708
anti_uav410,6,anti_uav410.load_6,AU-L06-W05,AU-L06-W05,732200,No-Synergy,48,0.4367643951,0.4367643951,0.0
anti_uav410,6,anti_uav410.load_6,AU-L06-W05,AU-L06-W05,732200,Random,29,0.4443080051,0.4525748134,-0.0082668083
anti_uav410,6,anti_uav410.load_6,AU-L06-W05,AU-L06-W05,732201,External-Auction,44,0.4378283474,0.4568415945,-0.0190132471
anti_uav410,6,anti_uav410.load_6,AU-L06-W05,AU-L06-W05,732201,Greedy,44,0.4365480446,0.429342302,0.0072057426
anti_uav410,6,anti_uav410.load_6,AU-L06-W05,AU-L06-W05,732201,No-Stability,47,0.438060239,0.4344449909,0.0036152481
anti_uav410,6,anti_uav410.load_6,AU-L06-W05,AU-L06-W05,732201,No-Synergy,50,0.442824103,0.4414514075,0.0013726956
anti_uav410,6,anti_uav410.load_6,AU-L06-W05,AU-L06-W05,732201,Random,29,0.4350959324,0.4185705778,0.0165253547
anti_uav410,6,anti_uav410.load_6,AU-L06-W05,AU-L06-W05,732202,External-Auction,43,0.4267387188,0.4304823239,-0.0037436051
anti_uav410,6,anti_uav410.load_6,AU-L06-W05,AU-L06-W05,732202,Greedy,38,0.4212655931,0.422555983,-0.0012903899
anti_uav410,6,anti_uav410.load_6,AU-L06-W05,AU-L06-W05,732202,No-Stability,46,0.4257823931,0.4360177026,-0.0102353095
anti_uav410,6,anti_uav410.load_6,AU-L06-W05,AU-L06-W05,732202,No-Synergy,49,0.434278736,0.434278736,0.0
anti_uav410,6,anti_uav410.load_6,AU-L06-W05,AU-L06-W05,732202,Random,28,0.4173220226,0.4259937639,-0.0086717413
anti_uav410,6,anti_uav410.load_6,AU-L06-W05,AU-L06-W05,732203,External-Auction,39,0.4137736907,0.4248046072,-0.0110309165
anti_uav410,6,anti_uav410.load_6,AU-L06-W05,AU-L06-W05,732203,Greedy,35,0.4249705257,0.4464242047,-0.021453679
anti_uav410,6,anti_uav410.load_6,AU-L06-W05,AU-L06-W05,732203,No-Stability,41,0.4195625939,0.4394552162,-0.0198926223
anti_uav410,6,anti_uav410.load_6,AU-L06-W05,AU-L06-W05,732203,No-Synergy,39,0.4137736907,0.4202793367,-0.006505646
anti_uav410,6,anti_uav410.load_6,AU-L06-W05,AU-L06-W05,732203,Random,26,0.3972396105,0.4137709036,-0.0165312931
anti_uav410,6,anti_uav410.load_6,AU-L06-W05,AU-L06-W05,732204,External-Auction,39,0.452133303,0.4536051585,-0.0014718555
anti_uav410,6,anti_uav410.load_6,AU-L06-W05,AU-L06-W05,732204,Greedy,42,0.4557014471,0.455808735,-0.0001072879
anti_uav410,6,anti_uav410.load_6,AU-L06-W05,AU-L06-W05,732204,No-Stability,43,0.4520332528,0.4553999114,-0.0033666586
anti_uav410,6,anti_uav410.load_6,AU-L06-W05,AU-L06-W05,732204,No-Synergy,46,0.4556162936,0.4556162936,0.0
anti_uav410,6,anti_uav410.load_6,AU-L06-W05,AU-L06-W05,732204,Random,29,0.4755128352,0.4727079512,0.002804884
anti_uav410,6,anti_uav410.load_6,AU-L06-W05,AU-L06-W05,732205,External-Auction,35,0.4076586147,0.4079534117,-0.0002947969
anti_uav410,6,anti_uav410.load_6,AU-L06-W05,AU-L06-W05,732205,Greedy,32,0.4173999981,0.4193304748,-0.0019304767
anti_uav410,6,anti_uav410.load_6,AU-L06-W05,AU-L06-W05,732205,No-Stability,37,0.4077910413,0.4127612795,-0.0049702381
anti_uav410,6,anti_uav410.load_6,AU-L06-W05,AU-L06-W05,732205,No-Synergy,39,0.4119825429,0.4099671971,0.0020153459
anti_uav410,6,anti_uav410.load_6,AU-L06-W05,AU-L06-W05,732205,Random,24,0.4286684883,0.4371625998,-0.0084941115
anti_uav410,6,anti_uav410.load_6,AU-L06-W05,AU-L06-W05,732206,External-Auction,46,0.4662656924,0.4762450747,-0.0099793823
anti_uav410,6,anti_uav410.load_6,AU-L06-W05,AU-L06-W05,732206,Greedy,46,0.4662656924,0.4694041992,-0.0031385068
anti_uav410,6,anti_uav410.load_6,AU-L06-W05,AU-L06-W05,732206,No-Stability,48,0.4658038792,0.4765713857,-0.0107675065
anti_uav410,6,anti_uav410.load_6,AU-L06-W05,AU-L06-W05,732206,No-Synergy,48,0.4658038792,0.4658038792,0.0
anti_uav410,6,anti_uav410.load_6,AU-L06-W05,AU-L06-W05,732206,Random,31,0.4472097734,0.4645248411,-0.0173150677
anti_uav410,6,anti_uav410.load_6,AU-L06-W05,AU-L06-W05,732207,External-Auction,43,0.4445930377,0.4580288148,-0.0134357771
anti_uav410,6,anti_uav410.load_6,AU-L06-W05,AU-L06-W05,732207,Greedy,45,0.431630507,0.4321830807,-0.0005525737
anti_uav410,6,anti_uav410.load_6,AU-L06-W05,AU-L06-W05,732207,No-Stability,43,0.4220810542,0.4307759304,-0.0086948763
anti_uav410,6,anti_uav410.load_6,AU-L06-W05,AU-L06-W05,732207,No-Synergy,47,0.4356927359,0.4356927359,0.0
anti_uav410,6,anti_uav410.load_6,AU-L06-W05,AU-L06-W05,732207,Random,25,0.4410211232,0.4375651262,0.0034559969
anti_uav410,6,anti_uav410.load_6,AU-L06-W05,AU-L06-W05,732208,External-Auction,51,0.4632350839,0.4713695197,-0.0081344357
anti_uav410,6,anti_uav410.load_6,AU-L06-W05,AU-L06-W05,732208,Greedy,49,0.4626682809,0.4766676247,-0.0139993439
anti_uav410,6,anti_uav410.load_6,AU-L06-W05,AU-L06-W05,732208,No-Stability,48,0.4559365548,0.4506864013,0.0052501535
anti_uav410,6,anti_uav410.load_6,AU-L06-W05,AU-L06-W05,732208,No-Synergy,51,0.4632350839,0.4619306024,0.0013044815
anti_uav410,6,anti_uav410.load_6,AU-L06-W05,AU-L06-W05,732208,Random,30,0.4460822425,0.4306073583,0.0154748842
anti_uav410,6,anti_uav410.load_6,AU-L06-W05,AU-L06-W05,732209,External-Auction,50,0.4652311859,0.4679205109,-0.0026893249
anti_uav410,6,anti_uav410.load_6,AU-L06-W05,AU-L06-W05,732209,Greedy,48,0.4658610487,0.4673952964,-0.0015342478
anti_uav410,6,anti_uav410.load_6,AU-L06-W05,AU-L06-W05,732209,No-Stability,51,0.4558118051,0.4643017313,-0.0084899262
anti_uav410,6,anti_uav410.load_6,AU-L06-W05,AU-L06-W05,732209,No-Synergy,52,0.4582107231,0.4582107231,0.0
anti_uav410,6,anti_uav410.load_6,AU-L06-W05,AU-L06-W05,732209,Random,36,0.4556543887,0.4473046297,0.0083497591
anti_uav410,6,anti_uav410.load_6,AU-L06-W05,AU-L06-W05,732210,External-Auction,35,0.4549137845,0.4599837253,-0.0050699408
anti_uav410,6,anti_uav410.load_6,AU-L06-W05,AU-L06-W05,732210,Greedy,34,0.4528756162,0.4580946729,-0.0052190567
anti_uav410,6,anti_uav410.load_6,AU-L06-W05,AU-L06-W05,732210,No-Stability,42,0.4340416708,0.4493172678,-0.015275597
anti_uav410,6,anti_uav410.load_6,AU-L06-W05,AU-L06-W05,732210,No-Synergy,45,0.4400569595,0.4400569595,0.0
anti_uav410,6,anti_uav410.load_6,AU-L06-W05,AU-L06-W05,732210,Random,25,0.4306937737,0.4393587838,-0.0086650101
anti_uav410,6,anti_uav410.load_6,AU-L06-W05,AU-L06-W05,732211,External-Auction,42,0.4271639101,0.4295985464,-0.0024346364
anti_uav410,6,anti_uav410.load_6,AU-L06-W05,AU-L06-W05,732211,Greedy,42,0.4256327729,0.428694967,-0.0030621941
anti_uav410,6,anti_uav410.load_6,AU-L06-W05,AU-L06-W05,732211,No-Stability,45,0.4300852872,0.4410102032,-0.010924916
anti_uav410,6,anti_uav410.load_6,AU-L06-W05,AU-L06-W05,732211,No-Synergy,48,0.4381559019,0.4381559019,0.0
anti_uav410,6,anti_uav410.load_6,AU-L06-W05,AU-L06-W05,732211,Random,27,0.4456023929,0.4540958187,-0.0084934257
anti_uav410,6,anti_uav410.load_6,AU-L06-W05,AU-L06-W05,732212,External-Auction,52,0.4652715072,0.4765658288,-0.0112943217
anti_uav410,6,anti_uav410.load_6,AU-L06-W05,AU-L06-W05,732212,Greedy,47,0.4655887896,0.4713769272,-0.0057881376
anti_uav410,6,anti_uav410.load_6,AU-L06-W05,AU-L06-W05,732212,No-Stability,49,0.4540446709,0.4630234057,-0.0089787348
anti_uav410,6,anti_uav410.load_6,AU-L06-W05,AU-L06-W05,732212,No-Synergy,52,0.4652715072,0.4654463739,-0.0001748667
anti_uav410,6,anti_uav410.load_6,AU-L06-W05,AU-L06-W05,732212,Random,35,0.4558135189,0.4553767497,0.0004367692
anti_uav410,6,anti_uav410.load_6,AU-L06-W05,AU-L06-W05,732213,External-Auction,40,0.4203711335,0.428469748,-0.0080986145
anti_uav410,6,anti_uav410.load_6,AU-L06-W05,AU-L06-W05,732213,Greedy,39,0.4172382088,0.4251233595,-0.0078851507
anti_uav410,6,anti_uav410.load_6,AU-L06-W05,AU-L06-W05,732213,No-Stability,44,0.4249407873,0.4378374584,-0.0128966711
anti_uav410,6,anti_uav410.load_6,AU-L06-W05,AU-L06-W05,732213,No-Synergy,47,0.4327933501,0.4327933501,0.0
anti_uav410,6,anti_uav410.load_6,AU-L06-W05,AU-L06-W05,732213,Random,28,0.4411557392,0.460092021,-0.0189362818
anti_uav410,6,anti_uav410.load_6,AU-L06-W05,AU-L06-W05,732214,External-Auction,44,0.4283711754,0.4286404866,-0.0002693112
anti_uav410,6,anti_uav410.load_6,AU-L06-W05,AU-L06-W05,732214,Greedy,41,0.4285141785,0.4297690931,-0.0012549146
anti_uav410,6,anti_uav410.load_6,AU-L06-W05,AU-L06-W05,732214,No-Stability,45,0.4308010514,0.4267300089,0.0040710424
anti_uav410,6,anti_uav410.load_6,AU-L06-W05,AU-L06-W05,732214,No-Synergy,47,0.4369533548,0.4357211629,0.0012321919
anti_uav410,6,anti_uav410.load_6,AU-L06-W05,AU-L06-W05,732214,Random,29,0.430632104,0.4272573737,0.0033747303
anti_uav410,6,anti_uav410.load_6,AU-L06-W05,AU-L06-W05,732215,External-Auction,38,0.4351554771,0.4380867335,-0.0029312564
anti_uav410,6,anti_uav410.load_6,AU-L06-W05,AU-L06-W05,732215,Greedy,37,0.4271064999,0.4287037292,-0.0015972293
anti_uav410,6,anti_uav410.load_6,AU-L06-W05,AU-L06-W05,732215,No-Stability,41,0.4298814919,0.4276733888,0.0022081031
anti_uav410,6,anti_uav410.load_6,AU-L06-W05,AU-L06-W05,732215,No-Synergy,41,0.4291495077,0.4238622092,0.0052872985
anti_uav410,6,anti_uav410.load_6,AU-L06-W05,AU-L06-W05,732215,Random,25,0.4253394754,0.424816839,0.0005226364
anti_uav410,6,anti_uav410.load_6,AU-L06-W05,AU-L06-W05,732216,External-Auction,50,0.4695184634,0.4788367846,-0.0093183213
anti_uav410,6,anti_uav410.load_6,AU-L06-W05,AU-L06-W05,732216,Greedy,50,0.4695184634,0.4730947083,-0.0035762449
anti_uav410,6,anti_uav410.load_6,AU-L06-W05,AU-L06-W05,732216,No-Stability,48,0.4545027456,0.492708246,-0.0382055004
anti_uav410,6,anti_uav410.load_6,AU-L06-W05,AU-L06-W05,732216,No-Synergy,50,0.4695184634,0.4695184634,0.0
anti_uav410,6,anti_uav410.load_6,AU-L06-W05,AU-L06-W05,732216,Random,33,0.4804147248,0.4739884602,0.0064262647
anti_uav410,6,anti_uav410.load_6,AU-L06-W05,AU-L06-W05,732217,External-Auction,46,0.4436254755,0.4537887816,-0.0101633061
anti_uav410,6,anti_uav410.load_6,AU-L06-W05,AU-L06-W05,732217,Greedy,49,0.4606750807,0.481677543,-0.0210024624
anti_uav410,6,anti_uav410.load_6,AU-L06-W05,AU-L06-W05,732217,No-Stability,48,0.4497318658,0.4570262114,-0.0072943456
anti_uav410,6,anti_uav410.load_6,AU-L06-W05,AU-L06-W05,732217,No-Synergy,50,0.4569371013,0.4479947177,0.0089423836
anti_uav410,6,anti_uav410.load_6,AU-L06-W05,AU-L06-W05,732217,Random,27,0.4605488379,0.4547379744,0.0058108635
anti_uav410,6,anti_uav410.load_6,AU-L06-W05,AU-L06-W05,732218,External-Auction,47,0.4617757813,0.4833565462,-0.021580765
anti_uav410,6,anti_uav410.load_6,AU-L06-W05,AU-L06-W05,732218,Greedy,51,0.4688130676,0.4899615332,-0.0211484656
anti_uav410,6,anti_uav410.load_6,AU-L06-W05,AU-L06-W05,732218,No-Stability,49,0.4606127091,0.4791698232,-0.0185571141
anti_uav410,6,anti_uav410.load_6,AU-L06-W05,AU-L06-W05,732218,No-Synergy,51,0.4688130676,0.4688130676,0.0
anti_uav410,6,anti_uav410.load_6,AU-L06-W05,AU-L06-W05,732218,Random,40,0.4640711631,0.4712784951,-0.0072073321
anti_uav410,6,anti_uav410.load_6,AU-L06-W05,AU-L06-W05,732219,External-Auction,48,0.4750620899,0.4762212199,-0.00115913
anti_uav410,6,anti_uav410.load_6,AU-L06-W05,AU-L06-W05,732219,Greedy,48,0.4750620899,0.4783913426,-0.0033292527
anti_uav410,6,anti_uav410.load_6,AU-L06-W05,AU-L06-W05,732219,No-Stability,50,0.4711982662,0.4630649734,0.0081332928
anti_uav410,6,anti_uav410.load_6,AU-L06-W05,AU-L06-W05,732219,No-Synergy,51,0.473599687,0.473599687,0.0
anti_uav410,6,anti_uav410.load_6,AU-L06-W05,AU-L06-W05,732219,Random,34,0.5013300239,0.4753984898,0.0259315341
anti_uav410,6,anti_uav410.load_6,AU-L06-W05,AU-L06-W05,732220,External-Auction,51,0.4789384641,0.4808595608,-0.0019210967
anti_uav410,6,anti_uav410.load_6,AU-L06-W05,AU-L06-W05,732220,Greedy,50,0.4737745389,0.4785394059,-0.004764867
anti_uav410,6,anti_uav410.load_6,AU-L06-W05,AU-L06-W05,732220,No-Stability,51,0.4789384641,0.4875130786,-0.0085746145
anti_uav410,6,anti_uav410.load_6,AU-L06-W05,AU-L06-W05,732220,No-Synergy,51,0.4789384641,0.4789384641,0.0
anti_uav410,6,anti_uav410.load_6,AU-L06-W05,AU-L06-W05,732220,Random,40,0.4606685586,0.4674968218,-0.0068282632
anti_uav410,6,anti_uav410.load_6,AU-L06-W05,AU-L06-W05,732221,External-Auction,43,0.4486165033,0.4545817855,-0.0059652822
anti_uav410,6,anti_uav410.load_6,AU-L06-W05,AU-L06-W05,732221,Greedy,39,0.448535314,0.4521798589,-0.0036445449
anti_uav410,6,anti_uav410.load_6,AU-L06-W05,AU-L06-W05,732221,No-Stability,44,0.4417936577,0.4515478116,-0.0097541539
anti_uav410,6,anti_uav410.load_6,AU-L06-W05,AU-L06-W05,732221,No-Synergy,46,0.448105793,0.4473620086,0.0007437844
anti_uav410,6,anti_uav410.load_6,AU-L06-W05,AU-L06-W05,732221,Random,30,0.4464679572,0.4496639924,-0.0031960352
anti_uav410,6,anti_uav410.load_6,AU-L06-W05,AU-L06-W05,732222,External-Auction,49,0.4626742263,0.4702254015,-0.0075511751
anti_uav410,6,anti_uav410.load_6,AU-L06-W05,AU-L06-W05,732222,Greedy,49,0.4627030983,0.4751521722,-0.012449074
anti_uav410,6,anti_uav410.load_6,AU-L06-W05,AU-L06-W05,732222,No-Stability,50,0.4623913742,0.4562557797,0.0061355945
anti_uav410,6,anti_uav410.load_6,AU-L06-W05,AU-L06-W05,732222,No-Synergy,50,0.4623913742,0.4568500917,0.0055412826
anti_uav410,6,anti_uav410.load_6,AU-L06-W05,AU-L06-W05,732222,Random,34,0.4553963521,0.4469163609,0.0084799912
anti_uav410,6,anti_uav410.load_6,AU-L06-W05,AU-L06-W05,732223,External-Auction,38,0.4136455654,0.4147653501,-0.0011197847
anti_uav410,6,anti_uav410.load_6,AU-L06-W05,AU-L06-W05,732223,Greedy,35,0.4219499163,0.4269605262,-0.0050106099
anti_uav410,6,anti_uav410.load_6,AU-L06-W05,AU-L06-W05,732223,No-Stability,39,0.4145363539,0.4143022282,0.0002341257
anti_uav410,6,anti_uav410.load_6,AU-L06-W05,AU-L06-W05,732223,No-Synergy,42,0.421687176,0.421157428,0.0005297481
anti_uav410,6,anti_uav410.load_6,AU-L06-W05,AU-L06-W05,732223,Random,23,0.4287844187,0.4307593357,-0.001974917
anti_uav410,6,anti_uav410.load_6,AU-L06-W05,AU-L06-W05,732224,External-Auction,48,0.4638865758,0.4875867164,-0.0237001406
anti_uav410,6,anti_uav410.load_6,AU-L06-W05,AU-L06-W05,732224,Greedy,49,0.4686768801,0.4885444661,-0.019867586
anti_uav410,6,anti_uav410.load_6,AU-L06-W05,AU-L06-W05,732224,No-Stability,51,0.4763479362,0.4818049045,-0.0054569683
anti_uav410,6,anti_uav410.load_6,AU-L06-W05,AU-L06-W05,732224,No-Synergy,51,0.4763479362,0.4744480229,0.0018999133
anti_uav410,6,anti_uav410.load_6,AU-L06-W05,AU-L06-W05,732224,Random,37,0.4667210551,0.4614471677,0.0052738874
anti_uav410,6,anti_uav410.load_6,AU-L06-W05,AU-L06-W05,732225,External-Auction,47,0.4329391676,0.4353307109,-0.0023915433
anti_uav410,6,anti_uav410.load_6,AU-L06-W05,AU-L06-W05,732225,Greedy,47,0.4329391676,0.4353307109,-0.0023915433
anti_uav410,6,anti_uav410.load_6,AU-L06-W05,AU-L06-W05,732225,No-Stability,48,0.4273667283,0.4403835845,-0.0130168562
anti_uav410,6,anti_uav410.load_6,AU-L06-W05,AU-L06-W05,732225,No-Synergy,50,0.4352818896,0.4352818896,0.0
anti_uav410,6,anti_uav410.load_6,AU-L06-W05,AU-L06-W05,732225,Random,32,0.4356429366,0.4403307219,-0.0046877852
anti_uav410,6,anti_uav410.load_6,AU-L06-W05,AU-L06-W05,732226,External-Auction,39,0.4056433023,0.4134390024,-0.0077957
anti_uav410,6,anti_uav410.load_6,AU-L06-W05,AU-L06-W05,732226,Greedy,43,0.4151911655,0.4139638862,0.0012272793
anti_uav410,6,anti_uav410.load_6,AU-L06-W05,AU-L06-W05,732226,No-Stability,46,0.4225149736,0.4297431447,-0.0072281711
anti_uav410,6,anti_uav410.load_6,AU-L06-W05,AU-L06-W05,732226,No-Synergy,46,0.423379602,0.4213325799,0.002047022
anti_uav410,6,anti_uav410.load_6,AU-L06-W05,AU-L06-W05,732226,Random,34,0.4326158632,0.4337808132,-0.00116495
anti_uav410,6,anti_uav410.load_6,AU-L06-W05,AU-L06-W05,732227,External-Auction,49,0.4409214333,0.4690998644,-0.0281784311
anti_uav410,6,anti_uav410.load_6,AU-L06-W05,AU-L06-W05,732227,Greedy,48,0.4412524358,0.4709283857,-0.0296759498
anti_uav410,6,anti_uav410.load_6,AU-L06-W05,AU-L06-W05,732227,No-Stability,50,0.4427089879,0.4716197918,-0.0289108038
anti_uav410,6,anti_uav410.load_6,AU-L06-W05,AU-L06-W05,732227,No-Synergy,51,0.4431259114,0.4431259114,0.0
anti_uav410,6,anti_uav410.load_6,AU-L06-W05,AU-L06-W05,732227,Random,30,0.4492874597,0.4723306958,-0.023043236
anti_uav410,6,anti_uav410.load_6,AU-L06-W05,AU-L06-W05,732228,External-Auction,39,0.4307108845,0.4380818048,-0.0073709202
anti_uav410,6,anti_uav410.load_6,AU-L06-W05,AU-L06-W05,732228,Greedy,41,0.4384054471,0.4384054471,0.0
anti_uav410,6,anti_uav410.load_6,AU-L06-W05,AU-L06-W05,732228,No-Stability,39,0.4335486254,0.4360892425,-0.0025406171
anti_uav410,6,anti_uav410.load_6,AU-L06-W05,AU-L06-W05,732228,No-Synergy,41,0.4384054471,0.4342665693,0.0041388778
anti_uav410,6,anti_uav410.load_6,AU-L06-W05,AU-L06-W05,732228,Random,28,0.4253467383,0.4242438584,0.0011028799
anti_uav410,6,anti_uav410.load_6,AU-L06-W05,AU-L06-W05,732229,External-Auction,49,0.470502811,0.4837909937,-0.0132881827
anti_uav410,6,anti_uav410.load_6,AU-L06-W05,AU-L06-W05,732229,Greedy,49,0.470502811,0.479778308,-0.009275497
anti_uav410,6,anti_uav410.load_6,AU-L06-W05,AU-L06-W05,732229,No-Stability,47,0.4656481784,0.4725696366,-0.0069214582
anti_uav410,6,anti_uav410.load_6,AU-L06-W05,AU-L06-W05,732229,No-Synergy,50,0.4720828426,0.475686573,-0.0036037304
anti_uav410,6,anti_uav410.load_6,AU-L06-W05,AU-L06-W05,732229,Random,31,0.4665279526,0.4579359739,0.0085919787
anti_uav410,6,anti_uav410.load_6,AU-L06-W06,AU-L06-W06,732300,External-Auction,42,0.4614285766,0.4711580972,-0.0097295206
anti_uav410,6,anti_uav410.load_6,AU-L06-W06,AU-L06-W06,732300,Greedy,43,0.4589369431,0.4676521714,-0.0087152284
anti_uav410,6,anti_uav410.load_6,AU-L06-W06,AU-L06-W06,732300,No-Stability,48,0.4471896978,0.4513854075,-0.0041957097
anti_uav410,6,anti_uav410.load_6,AU-L06-W06,AU-L06-W06,732300,No-Synergy,48,0.4471896978,0.4457399976,0.0014497002
anti_uav410,6,anti_uav410.load_6,AU-L06-W06,AU-L06-W06,732300,Random,37,0.451288479,0.4493401213,0.0019483577
anti_uav410,6,anti_uav410.load_6,AU-L06-W06,AU-L06-W06,732301,External-Auction,44,0.4553531292,0.458741396,-0.0033882668
anti_uav410,6,anti_uav410.load_6,AU-L06-W06,AU-L06-W06,732301,Greedy,43,0.4600952345,0.4600952345,0.0
anti_uav410,6,anti_uav410.load_6,AU-L06-W06,AU-L06-W06,732301,No-Stability,47,0.4440964249,0.4667712453,-0.0226748204
anti_uav410,6,anti_uav410.load_6,AU-L06-W06,AU-L06-W06,732301,No-Synergy,47,0.4440964249,0.4440964249,0.0
anti_uav410,6,anti_uav410.load_6,AU-L06-W06,AU-L06-W06,732301,Random,38,0.4428154708,0.4488479034,-0.0060324326
anti_uav410,6,anti_uav410.load_6,AU-L06-W06,AU-L06-W06,732302,External-Auction,43,0.4372357073,0.4222828618,0.0149528455
anti_uav410,6,anti_uav410.load_6,AU-L06-W06,AU-L06-W06,732302,Greedy,45,0.4399498829,0.444306541,-0.0043566582
anti_uav410,6,anti_uav410.load_6,AU-L06-W06,AU-L06-W06,732302,No-Stability,47,0.4405253647,0.4536047621,-0.0130793974
anti_uav410,6,anti_uav410.load_6,AU-L06-W06,AU-L06-W06,732302,No-Synergy,47,0.4421657968,0.4398023308,0.002363466
anti_uav410,6,anti_uav410.load_6,AU-L06-W06,AU-L06-W06,732302,Random,34,0.4269781754,0.4243501549,0.0026280206
anti_uav410,6,anti_uav410.load_6,AU-L06-W06,AU-L06-W06,732303,External-Auction,42,0.4329556318,0.4561412911,-0.0231856594
anti_uav410,6,anti_uav410.load_6,AU-L06-W06,AU-L06-W06,732303,Greedy,45,0.4347135715,0.4433650953,-0.0086515239
anti_uav410,6,anti_uav410.load_6,AU-L06-W06,AU-L06-W06,732303,No-Stability,44,0.4372174665,0.461518056,-0.0243005895
anti_uav410,6,anti_uav410.load_6,AU-L06-W06,AU-L06-W06,732303,No-Synergy,46,0.433753545,0.4359332603,-0.0021797153
anti_uav410,6,anti_uav410.load_6,AU-L06-W06,AU-L06-W06,732303,Random,32,0.4385968495,0.4536576964,-0.0150608469
anti_uav410,6,anti_uav410.load_6,AU-L06-W06,AU-L06-W06,732304,External-Auction,37,0.4164888369,0.4209289248,-0.0044400879
anti_uav410,6,anti_uav410.load_6,AU-L06-W06,AU-L06-W06,732304,Greedy,34,0.4199123531,0.4269357072,-0.007023354
anti_uav410,6,anti_uav410.load_6,AU-L06-W06,AU-L06-W06,732304,No-Stability,39,0.4159814318,0.4256677886,-0.0096863568
anti_uav410,6,anti_uav410.load_6,AU-L06-W06,AU-L06-W06,732304,No-Synergy,41,0.4156974509,0.4226208076,-0.0069233567
anti_uav410,6,anti_uav410.load_6,AU-L06-W06,AU-L06-W06,732304,Random,25,0.4102319358,0.4230387863,-0.0128068505
anti_uav410,6,anti_uav410.load_6,AU-L06-W06,AU-L06-W06,732305,External-Auction,33,0.4135917548,0.4173092932,-0.0037175384
anti_uav410,6,anti_uav410.load_6,AU-L06-W06,AU-L06-W06,732305,Greedy,35,0.4165472023,0.4222990034,-0.0057518011
anti_uav410,6,anti_uav410.load_6,AU-L06-W06,AU-L06-W06,732305,No-Stability,43,0.4053299405,0.4104855399,-0.0051555994
anti_uav410,6,anti_uav410.load_6,AU-L06-W06,AU-L06-W06,732305,No-Synergy,42,0.4045815833,0.4072534118,-0.0026718285
anti_uav410,6,anti_uav410.load_6,AU-L06-W06,AU-L06-W06,732305,Random,24,0.4164636922,0.4219920551,-0.0055283629
anti_uav410,6,anti_uav410.load_6,AU-L06-W06,AU-L06-W06,732306,External-Auction,39,0.4108774432,0.4260828648,-0.0152054217
anti_uav410,6,anti_uav410.load_6,AU-L06-W06,AU-L06-W06,732306,Greedy,41,0.4124714089,0.4191492303,-0.0066778214
anti_uav410,6,anti_uav410.load_6,AU-L06-W06,AU-L06-W06,732306,No-Stability,44,0.4097983623,0.4163281399,-0.0065297776
anti_uav410,6,anti_uav410.load_6,AU-L06-W06,AU-L06-W06,732306,No-Synergy,48,0.4021281213,0.4021281213,0.0
anti_uav410,6,anti_uav410.load_6,AU-L06-W06,AU-L06-W06,732306,Random,27,0.4094110006,0.4213858922,-0.0119748916
anti_uav410,6,anti_uav410.load_6,AU-L06-W06,AU-L06-W06,732307,External-Auction,41,0.4205358526,0.4148137033,0.0057221493
anti_uav410,6,anti_uav410.load_6,AU-L06-W06,AU-L06-W06,732307,Greedy,38,0.4258584184,0.4321340645,-0.0062756462
anti_uav410,6,anti_uav410.load_6,AU-L06-W06,AU-L06-W06,732307,No-Stability,38,0.4216778933,0.4167525465,0.0049253468
anti_uav410,6,anti_uav410.load_6,AU-L06-W06,AU-L06-W06,732307,No-Synergy,42,0.4160440752,0.4061789576,0.0098651176
anti_uav410,6,anti_uav410.load_6,AU-L06-W06,AU-L06-W06,732307,Random,26,0.4151903319,0.4089156215,0.0062747103
anti_uav410,6,anti_uav410.load_6,AU-L06-W06,AU-L06-W06,732308,External-Auction,40,0.4182735946,0.402047458,0.0162261366
anti_uav410,6,anti_uav410.load_6,AU-L06-W06,AU-L06-W06,732308,Greedy,41,0.4172443327,0.3967718825,0.0204724503
anti_uav410,6,anti_uav410.load_6,AU-L06-W06,AU-L06-W06,732308,No-Stability,41,0.4198698082,0.4117381136,0.0081316947
anti_uav410,6,anti_uav410.load_6,AU-L06-W06,AU-L06-W06,732308,No-Synergy,44,0.4194073108,0.3965398908,0.0228674201
anti_uav410,6,anti_uav410.load_6,AU-L06-W06,AU-L06-W06,732308,Random,26,0.4273899802,0.405392956,0.0219970242
anti_uav410,6,anti_uav410.load_6,AU-L06-W06,AU-L06-W06,732309,External-Auction,44,0.422663768,0.4315040365,-0.0088402685
anti_uav410,6,anti_uav410.load_6,AU-L06-W06,AU-L06-W06,732309,Greedy,41,0.4262054572,0.4225505171,0.00365494
anti_uav410,6,anti_uav410.load_6,AU-L06-W06,AU-L06-W06,732309,No-Stability,45,0.4241853697,0.4279510629,-0.0037656932
anti_uav410,6,anti_uav410.load_6,AU-L06-W06,AU-L06-W06,732309,No-Synergy,46,0.4245969322,0.4217119883,0.0028849439
anti_uav410,6,anti_uav410.load_6,AU-L06-W06,AU-L06-W06,732309,Random,33,0.4252497246,0.4185004305,0.0067492942
anti_uav410,6,anti_uav410.load_6,AU-L06-W06,AU-L06-W06,732310,External-Auction,46,0.4443001806,0.4385644583,0.0057357222
anti_uav410,6,anti_uav410.load_6,AU-L06-W06,AU-L06-W06,732310,Greedy,46,0.4447506739,0.4451561753,-0.0004055014
anti_uav410,6,anti_uav410.load_6,AU-L06-W06,AU-L06-W06,732310,No-Stability,47,0.4452178963,0.4499632536,-0.0047453573
anti_uav410,6,anti_uav410.load_6,AU-L06-W06,AU-L06-W06,732310,No-Synergy,48,0.441343003,0.4411276493,0.0002153536
anti_uav410,6,anti_uav410.load_6,AU-L06-W06,AU-L06-W06,732310,Random,32,0.4410773391,0.4274815896,0.0135957495
anti_uav410,6,anti_uav410.load_6,AU-L06-W06,AU-L06-W06,732311,External-Auction,39,0.4202042838,0.4263830315,-0.0061787477
anti_uav410,6,anti_uav410.load_6,AU-L06-W06,AU-L06-W06,732311,Greedy,39,0.4354433164,0.43894164,-0.0034983236
anti_uav410,6,anti_uav410.load_6,AU-L06-W06,AU-L06-W06,732311,No-Stability,41,0.4229589632,0.4396458994,-0.0166869362
anti_uav410,6,anti_uav410.load_6,AU-L06-W06,AU-L06-W06,732311,No-Synergy,40,0.4207640409,0.4169316913,0.0038323496
anti_uav410,6,anti_uav410.load_6,AU-L06-W06,AU-L06-W06,732311,Random,29,0.4229615365,0.4175537459,0.0054077907
anti_uav410,6,anti_uav410.load_6,AU-L06-W06,AU-L06-W06,732312,External-Auction,39,0.4175491347,0.4108807995,0.0066683352
anti_uav410,6,anti_uav410.load_6,AU-L06-W06,AU-L06-W06,732312,Greedy,37,0.4155585017,0.4068368622,0.0087216395
anti_uav410,6,anti_uav410.load_6,AU-L06-W06,AU-L06-W06,732312,No-Stability,38,0.4153080862,0.4214356088,-0.0061275225
anti_uav410,6,anti_uav410.load_6,AU-L06-W06,AU-L06-W06,732312,No-Synergy,42,0.4027877945,0.3969802509,0.0058075436
anti_uav410,6,anti_uav410.load_6,AU-L06-W06,AU-L06-W06,732312,Random,29,0.3947900567,0.4018398203,-0.0070497637
anti_uav410,6,anti_uav410.load_6,AU-L06-W06,AU-L06-W06,732313,External-Auction,41,0.409975327,0.4128623586,-0.0028870316
anti_uav410,6,anti_uav410.load_6,AU-L06-W06,AU-L06-W06,732313,Greedy,42,0.4111276771,0.4174580695,-0.0063303924
anti_uav410,6,anti_uav410.load_6,AU-L06-W06,AU-L06-W06,732313,No-Stability,45,0.4130275009,0.4200654196,-0.0070379187
anti_uav410,6,anti_uav410.load_6,AU-L06-W06,AU-L06-W06,732313,No-Synergy,46,0.4125931863,0.4125931863,0.0
anti_uav410,6,anti_uav410.load_6,AU-L06-W06,AU-L06-W06,732313,Random,32,0.404349423,0.4042236237,0.0001257993
anti_uav410,6,anti_uav410.load_6,AU-L06-W06,AU-L06-W06,732314,External-Auction,41,0.4147890325,0.4221343951,-0.0073453627
anti_uav410,6,anti_uav410.load_6,AU-L06-W06,AU-L06-W06,732314,Greedy,38,0.4131594963,0.4195652727,-0.0064057764
anti_uav410,6,anti_uav410.load_6,AU-L06-W06,AU-L06-W06,732314,No-Stability,40,0.4169621952,0.4199699053,-0.0030077101
anti_uav410,6,anti_uav410.load_6,AU-L06-W06,AU-L06-W06,732314,No-Synergy,42,0.4176829205,0.4158555402,0.0018273803
anti_uav410,6,anti_uav410.load_6,AU-L06-W06,AU-L06-W06,732314,Random,23,0.4136433438,0.4206917528,-0.007048409
anti_uav410,6,anti_uav410.load_6,AU-L06-W06,AU-L06-W06,732315,External-Auction,40,0.3987899186,0.4030561638,-0.0042662452
anti_uav410,6,anti_uav410.load_6,AU-L06-W06,AU-L06-W06,732315,Greedy,38,0.3972919482,0.3989779691,-0.0016860209
anti_uav410,6,anti_uav410.load_6,AU-L06-W06,AU-L06-W06,732315,No-Stability,39,0.3997294111,0.4039342376,-0.0042048265
anti_uav410,6,anti_uav410.load_6,AU-L06-W06,AU-L06-W06,732315,No-Synergy,41,0.4016105087,0.4012404407,0.000370068
anti_uav410,6,anti_uav410.load_6,AU-L06-W06,AU-L06-W06,732315,Random,23,0.4137116548,0.4191990062,-0.0054873513
anti_uav410,6,anti_uav410.load_6,AU-L06-W06,AU-L06-W06,732316,External-Auction,40,0.4012894939,0.4023216929,-0.001032199
anti_uav410,6,anti_uav410.load_6,AU-L06-W06,AU-L06-W06,732316,Greedy,40,0.4009242541,0.397098207,0.0038260471
anti_uav410,6,anti_uav410.load_6,AU-L06-W06,AU-L06-W06,732316,No-Stability,42,0.4036028192,0.4065304319,-0.0029276128
anti_uav410,6,anti_uav410.load_6,AU-L06-W06,AU-L06-W06,732316,No-Synergy,43,0.4037739668,0.3963951985,0.0073787684
anti_uav410,6,anti_uav410.load_6,AU-L06-W06,AU-L06-W06,732316,Random,26,0.4116100434,0.4101959814,0.0014140619
anti_uav410,6,anti_uav410.load_6,AU-L06-W06,AU-L06-W06,732317,External-Auction,47,0.4314713394,0.4732475979,-0.0417762585
anti_uav410,6,anti_uav410.load_6,AU-L06-W06,AU-L06-W06,732317,Greedy,46,0.4331225834,0.4442712349,-0.0111486515
anti_uav410,6,anti_uav410.load_6,AU-L06-W06,AU-L06-W06,732317,No-Stability,46,0.4222943787,0.4401502647,-0.017855886
anti_uav410,6,anti_uav410.load_6,AU-L06-W06,AU-L06-W06,732317,No-Synergy,48,0.4300729306,0.4432919774,-0.0132190468
anti_uav410,6,anti_uav410.load_6,AU-L06-W06,AU-L06-W06,732317,Random,33,0.4259183374,0.4402573427,-0.0143390053
anti_uav410,6,anti_uav410.load_6,AU-L06-W06,AU-L06-W06,732318,External-Auction,38,0.4199911065,0.4321056607,-0.0121145542
anti_uav410,6,anti_uav410.load_6,AU-L06-W06,AU-L06-W06,732318,Greedy,43,0.4146483477,0.414457212,0.0001911358
anti_uav410,6,anti_uav410.load_6,AU-L06-W06,AU-L06-W06,732318,No-Stability,44,0.4127135049,0.4247858705,-0.0120723656
anti_uav410,6,anti_uav410.load_6,AU-L06-W06,AU-L06-W06,732318,No-Synergy,43,0.4146483477,0.4109081888,0.0037401589
anti_uav410,6,anti_uav410.load_6,AU-L06-W06,AU-L06-W06,732318,Random,25,0.4049887598,0.4186307253,-0.0136419655
anti_uav410,6,anti_uav410.load_6,AU-L06-W06,AU-L06-W06,732319,External-Auction,37,0.4443494548,0.4515501891,-0.0072007343
anti_uav410,6,anti_uav410.load_6,AU-L06-W06,AU-L06-W06,732319,Greedy,39,0.4336648637,0.4377044711,-0.0040396074
anti_uav410,6,anti_uav410.load_6,AU-L06-W06,AU-L06-W06,732319,No-Stability,39,0.4409122229,0.4420003997,-0.0010881768
anti_uav410,6,anti_uav410.load_6,AU-L06-W06,AU-L06-W06,732319,No-Synergy,42,0.4219319813,0.4214543929,0.0004775884
anti_uav410,6,anti_uav410.load_6,AU-L06-W06,AU-L06-W06,732319,Random,29,0.4227671539,0.4250782571,-0.0023111032
anti_uav410,6,anti_uav410.load_6,AU-L06-W06,AU-L06-W06,732320,External-Auction,37,0.4084358453,0.4107494013,-0.0023135559
anti_uav410,6,anti_uav410.load_6,AU-L06-W06,AU-L06-W06,732320,Greedy,38,0.4079465967,0.4108268196,-0.0028802229
anti_uav410,6,anti_uav410.load_6,AU-L06-W06,AU-L06-W06,732320,No-Stability,41,0.4104595567,0.414986324,-0.0045267673
anti_uav410,6,anti_uav410.load_6,AU-L06-W06,AU-L06-W06,732320,No-Synergy,41,0.4095214015,0.407271412,0.0022499895
anti_uav410,6,anti_uav410.load_6,AU-L06-W06,AU-L06-W06,732320,Random,28,0.4009990842,0.3970248305,0.0039742537
anti_uav410,6,anti_uav410.load_6,AU-L06-W06,AU-L06-W06,732321,External-Auction,40,0.4041299319,0.4084218976,-0.0042919657
anti_uav410,6,anti_uav410.load_6,AU-L06-W06,AU-L06-W06,732321,Greedy,40,0.4041299319,0.404478043,-0.0003481111
anti_uav410,6,anti_uav410.load_6,AU-L06-W06,AU-L06-W06,732321,No-Stability,44,0.4077976089,0.4132915525,-0.0054939437
anti_uav410,6,anti_uav410.load_6,AU-L06-W06,AU-L06-W06,732321,No-Synergy,46,0.4089139313,0.4057699539,0.0031439773
anti_uav410,6,anti_uav410.load_6,AU-L06-W06,AU-L06-W06,732321,Random,28,0.3957178822,0.4001133758,-0.0043954936
anti_uav410,6,anti_uav410.load_6,AU-L06-W06,AU-L06-W06,732322,External-Auction,39,0.4349185946,0.426368631,0.0085499636
anti_uav410,6,anti_uav410.load_6,AU-L06-W06,AU-L06-W06,732322,Greedy,41,0.4366942516,0.4420171428,-0.0053228912
anti_uav410,6,anti_uav410.load_6,AU-L06-W06,AU-L06-W06,732322,No-Stability,41,0.4459152963,0.4389225953,0.006992701
anti_uav410,6,anti_uav410.load_6,AU-L06-W06,AU-L06-W06,732322,No-Synergy,44,0.4349978865,0.425665771,0.0093321155
anti_uav410,6,anti_uav410.load_6,AU-L06-W06,AU-L06-W06,732322,Random,31,0.4255973495,0.4201146104,0.0054827392
anti_uav410,6,anti_uav410.load_6,AU-L06-W06,AU-L06-W06,732323,External-Auction,38,0.4182476433,0.4195743135,-0.0013266702
anti_uav410,6,anti_uav410.load_6,AU-L06-W06,AU-L06-W06,732323,Greedy,40,0.4145213585,0.4168426657,-0.0023213071
anti_uav410,6,anti_uav410.load_6,AU-L06-W06,AU-L06-W06,732323,No-Stability,44,0.4199041868,0.4310823852,-0.0111781984
anti_uav410,6,anti_uav410.load_6,AU-L06-W06,AU-L06-W06,732323,No-Synergy,44,0.4179713783,0.4150039645,0.0029674138
anti_uav410,6,anti_uav410.load_6,AU-L06-W06,AU-L06-W06,732323,Random,26,0.4102102399,0.4151372819,-0.004927042
anti_uav410,6,anti_uav410.load_6,AU-L06-W06,AU-L06-W06,732324,External-Auction,35,0.4152462875,0.4128448109,0.0024014766
anti_uav410,6,anti_uav410.load_6,AU-L06-W06,AU-L06-W06,732324,Greedy,32,0.4143054455,0.4188661156,-0.0045606702
anti_uav410,6,anti_uav410.load_6,AU-L06-W06,AU-L06-W06,732324,No-Stability,36,0.4111221695,0.4217901083,-0.0106679389
anti_uav410,6,anti_uav410.load_6,AU-L06-W06,AU-L06-W06,732324,No-Synergy,37,0.411962644,0.4107446872,0.0012179568
anti_uav410,6,anti_uav410.load_6,AU-L06-W06,AU-L06-W06,732324,Random,25,0.4082086847,0.4157980147,-0.00758933
anti_uav410,6,anti_uav410.load_6,AU-L06-W06,AU-L06-W06,732325,External-Auction,40,0.4222978235,0.4263826941,-0.0040848706
anti_uav410,6,anti_uav410.load_6,AU-L06-W06,AU-L06-W06,732325,Greedy,43,0.4229988956,0.4214605344,0.0015383612
anti_uav410,6,anti_uav410.load_6,AU-L06-W06,AU-L06-W06,732325,No-Stability,43,0.4248392463,0.4326453707,-0.0078061244
anti_uav410,6,anti_uav410.load_6,AU-L06-W06,AU-L06-W06,732325,No-Synergy,47,0.4154599296,0.4154599296,0.0
anti_uav410,6,anti_uav410.load_6,AU-L06-W06,AU-L06-W06,732325,Random,28,0.4068718184,0.4221944039,-0.0153225854
anti_uav410,6,anti_uav410.load_6,AU-L06-W06,AU-L06-W06,732326,External-Auction,38,0.4134502754,0.4175283755,-0.0040781001
anti_uav410,6,anti_uav410.load_6,AU-L06-W06,AU-L06-W06,732326,Greedy,42,0.4157601101,0.4216338873,-0.0058737772
anti_uav410,6,anti_uav410.load_6,AU-L06-W06,AU-L06-W06,732326,No-Stability,40,0.4215720774,0.4324632211,-0.0108911437
anti_uav410,6,anti_uav410.load_6,AU-L06-W06,AU-L06-W06,732326,No-Synergy,43,0.4183680685,0.4170142755,0.001353793
anti_uav410,6,anti_uav410.load_6,AU-L06-W06,AU-L06-W06,732326,Random,27,0.4097919431,0.4084253523,0.0013665907
anti_uav410,6,anti_uav410.load_6,AU-L06-W06,AU-L06-W06,732327,External-Auction,46,0.451022958,0.4656994262,-0.0146764682
anti_uav410,6,anti_uav410.load_6,AU-L06-W06,AU-L06-W06,732327,Greedy,46,0.451022958,0.4659181229,-0.0148951649
anti_uav410,6,anti_uav410.load_6,AU-L06-W06,AU-L06-W06,732327,No-Stability,48,0.4499874342,0.4612104802,-0.011223046
anti_uav410,6,anti_uav410.load_6,AU-L06-W06,AU-L06-W06,732327,No-Synergy,48,0.4499874342,0.4499874342,0.0
anti_uav410,6,anti_uav410.load_6,AU-L06-W06,AU-L06-W06,732327,Random,31,0.4539328725,0.4429717527,0.0109611198
anti_uav410,6,anti_uav410.load_6,AU-L06-W06,AU-L06-W06,732328,External-Auction,42,0.4023284093,0.4062306901,-0.0039022808
anti_uav410,6,anti_uav410.load_6,AU-L06-W06,AU-L06-W06,732328,Greedy,42,0.4013801556,0.4031316087,-0.0017514531
anti_uav410,6,anti_uav410.load_6,AU-L06-W06,AU-L06-W06,732328,No-Stability,41,0.4052005944,0.4108468464,-0.005646252
anti_uav410,6,anti_uav410.load_6,AU-L06-W06,AU-L06-W06,732328,No-Synergy,44,0.4033472574,0.4008165476,0.0025307098
anti_uav410,6,anti_uav410.load_6,AU-L06-W06,AU-L06-W06,732328,Random,31,0.4003082078,0.4028164502,-0.0025082424
anti_uav410,6,anti_uav410.load_6,AU-L06-W06,AU-L06-W06,732329,External-Auction,44,0.4298639302,0.4317415467,-0.0018776165
anti_uav410,6,anti_uav410.load_6,AU-L06-W06,AU-L06-W06,732329,Greedy,41,0.429790123,0.4370956247,-0.0073055017
anti_uav410,6,anti_uav410.load_6,AU-L06-W06,AU-L06-W06,732329,No-Stability,42,0.4312555102,0.4164952748,0.0147602354
anti_uav410,6,anti_uav410.load_6,AU-L06-W06,AU-L06-W06,732329,No-Synergy,44,0.4298639302,0.4290951593,0.0007687708
anti_uav410,6,anti_uav410.load_6,AU-L06-W06,AU-L06-W06,732329,Random,25,0.4186508036,0.4146517753,0.0039990283
anti_uav410,8,anti_uav410.load_8,AU-L08-W01,AU-L08-W01,732400,External-Auction,54,0.4115847965,0.4038275894,0.0077572071
anti_uav410,8,anti_uav410.load_8,AU-L08-W01,AU-L08-W01,732400,Greedy,52,0.4113012478,0.407489487,0.0038117607
anti_uav410,8,anti_uav410.load_8,AU-L08-W01,AU-L08-W01,732400,No-Stability,51,0.4054327516,0.3869657696,0.018466982
anti_uav410,8,anti_uav410.load_8,AU-L08-W01,AU-L08-W01,732400,No-Synergy,58,0.4108782323,0.4116614151,-0.0007831829
anti_uav410,8,anti_uav410.load_8,AU-L08-W01,AU-L08-W01,732400,Random,30,0.3935755247,0.3743968518,0.0191786728
anti_uav410,8,anti_uav410.load_8,AU-L08-W01,AU-L08-W01,732401,External-Auction,54,0.4068341339,0.4150256662,-0.0081915322
anti_uav410,8,anti_uav410.load_8,AU-L08-W01,AU-L08-W01,732401,Greedy,50,0.4017702701,0.4052417665,-0.0034714965
anti_uav410,8,anti_uav410.load_8,AU-L08-W01,AU-L08-W01,732401,No-Stability,57,0.396250881,0.4000110271,-0.0037601462
anti_uav410,8,anti_uav410.load_8,AU-L08-W01,AU-L08-W01,732401,No-Synergy,64,0.4006718023,0.4006718023,0.0
anti_uav410,8,anti_uav410.load_8,AU-L08-W01,AU-L08-W01,732401,Random,38,0.3932253104,0.3989244431,-0.0056991327
anti_uav410,8,anti_uav410.load_8,AU-L08-W01,AU-L08-W01,732402,External-Auction,55,0.3985820095,0.3983566777,0.0002253318
anti_uav410,8,anti_uav410.load_8,AU-L08-W01,AU-L08-W01,732402,Greedy,59,0.3943854775,0.3933276735,0.0010578041
anti_uav410,8,anti_uav410.load_8,AU-L08-W01,AU-L08-W01,732402,No-Stability,51,0.3820143881,0.3942933987,-0.0122790106
anti_uav410,8,anti_uav410.load_8,AU-L08-W01,AU-L08-W01,732402,No-Synergy,59,0.3943854775,0.3932173063,0.0011681713
anti_uav410,8,anti_uav410.load_8,AU-L08-W01,AU-L08-W01,732402,Random,33,0.3958424755,0.3971040081,-0.0012615326
anti_uav410,8,anti_uav410.load_8,AU-L08-W01,AU-L08-W01,732403,External-Auction,46,0.3885440415,0.3904276347,-0.0018835931
anti_uav410,8,anti_uav410.load_8,AU-L08-W01,AU-L08-W01,732403,Greedy,46,0.3885440415,0.3904276347,-0.0018835931
anti_uav410,8,anti_uav410.load_8,AU-L08-W01,AU-L08-W01,732403,No-Stability,46,0.3645343141,0.3721747747,-0.0076404607
anti_uav410,8,anti_uav410.load_8,AU-L08-W01,AU-L08-W01,732403,No-Synergy,54,0.385660222,0.385660222,0.0
anti_uav410,8,anti_uav410.load_8,AU-L08-W01,AU-L08-W01,732403,Random,28,0.3676381775,0.3710701299,-0.0034319524
anti_uav410,8,anti_uav410.load_8,AU-L08-W01,AU-L08-W01,732404,External-Auction,56,0.3814142622,0.3837441944,-0.0023299322
anti_uav410,8,anti_uav410.load_8,AU-L08-W01,AU-L08-W01,732404,Greedy,56,0.3814142622,0.3824525629,-0.0010383007
anti_uav410,8,anti_uav410.load_8,AU-L08-W01,AU-L08-W01,732404,No-Stability,52,0.3731693441,0.3708642235,0.0023051206
anti_uav410,8,anti_uav410.load_8,AU-L08-W01,AU-L08-W01,732404,No-Synergy,61,0.3895213274,0.3895213274,0.0
anti_uav410,8,anti_uav410.load_8,AU-L08-W01,AU-L08-W01,732404,Random,30,0.373328493,0.3719699561,0.001358537
anti_uav410,8,anti_uav410.load_8,AU-L08-W01,AU-L08-W01,732405,External-Auction,54,0.4114845635,0.4196216043,-0.0081370408
anti_uav410,8,anti_uav410.load_8,AU-L08-W01,AU-L08-W01,732405,Greedy,52,0.4073944484,0.4153401843,-0.0079457359
anti_uav410,8,anti_uav410.load_8,AU-L08-W01,AU-L08-W01,732405,No-Stability,56,0.3990976764,0.4048258553,-0.0057281789
anti_uav410,8,anti_uav410.load_8,AU-L08-W01,AU-L08-W01,732405,No-Synergy,60,0.4043154759,0.4037918894,0.0005235865
anti_uav410,8,anti_uav410.load_8,AU-L08-W01,AU-L08-W01,732405,Random,40,0.3820720062,0.3892878221,-0.0072158159
anti_uav410,8,anti_uav410.load_8,AU-L08-W01,AU-L08-W01,732406,External-Auction,48,0.3977866355,0.3977866355,0.0
anti_uav410,8,anti_uav410.load_8,AU-L08-W01,AU-L08-W01,732406,Greedy,48,0.3977866355,0.3977866355,0.0
anti_uav410,8,anti_uav410.load_8,AU-L08-W01,AU-L08-W01,732406,No-Stability,42,0.3730275245,0.3689900116,0.0040375129
anti_uav410,8,anti_uav410.load_8,AU-L08-W01,AU-L08-W01,732406,No-Synergy,52,0.3935252138,0.3935252138,0.0
anti_uav410,8,anti_uav410.load_8,AU-L08-W01,AU-L08-W01,732406,Random,23,0.3833864307,0.3776126125,0.0057738182
anti_uav410,8,anti_uav410.load_8,AU-L08-W01,AU-L08-W01,732407,External-Auction,49,0.4026400689,0.390666642,0.0119734268
anti_uav410,8,anti_uav410.load_8,AU-L08-W01,AU-L08-W01,732407,Greedy,45,0.4019771957,0.3892237492,0.0127534466
anti_uav410,8,anti_uav410.load_8,AU-L08-W01,AU-L08-W01,732407,No-Stability,56,0.396296352,0.3955191995,0.0007771525
anti_uav410,8,anti_uav410.load_8,AU-L08-W01,AU-L08-W01,732407,No-Synergy,61,0.4012169769,0.4012169769,0.0
anti_uav410,8,anti_uav410.load_8,AU-L08-W01,AU-L08-W01,732407,Random,36,0.3814103751,0.3592634873,0.0221468878
anti_uav410,8,anti_uav410.load_8,AU-L08-W01,AU-L08-W01,732408,External-Auction,53,0.3933940248,0.3936364443,-0.0002424195
anti_uav410,8,anti_uav410.load_8,AU-L08-W01,AU-L08-W01,732408,Greedy,53,0.3933940248,0.3936364443,-0.0002424195
anti_uav410,8,anti_uav410.load_8,AU-L08-W01,AU-L08-W01,732408,No-Stability,50,0.3796672497,0.3867693657,-0.007102116
anti_uav410,8,anti_uav410.load_8,AU-L08-W01,AU-L08-W01,732408,No-Synergy,57,0.3912814215,0.3912814215,0.0
anti_uav410,8,anti_uav410.load_8,AU-L08-W01,AU-L08-W01,732408,Random,30,0.3737489513,0.3797592391,-0.0060102878
anti_uav410,8,anti_uav410.load_8,AU-L08-W01,AU-L08-W01,732409,External-Auction,56,0.3852318015,0.3873192832,-0.0020874817
anti_uav410,8,anti_uav410.load_8,AU-L08-W01,AU-L08-W01,732409,Greedy,51,0.3819020357,0.3863135664,-0.0044115307
anti_uav410,8,anti_uav410.load_8,AU-L08-W01,AU-L08-W01,732409,No-Stability,53,0.3790614229,0.3907121774,-0.0116507545
anti_uav410,8,anti_uav410.load_8,AU-L08-W01,AU-L08-W01,732409,No-Synergy,56,0.3836270348,0.3843645614,-0.0007375266
anti_uav410,8,anti_uav410.load_8,AU-L08-W01,AU-L08-W01,732409,Random,31,0.3672850805,0.3714237456,-0.0041386651
anti_uav410,8,anti_uav410.load_8,AU-L08-W01,AU-L08-W01,732410,External-Auction,47,0.3927264788,0.3908998315,0.0018266473
anti_uav410,8,anti_uav410.load_8,AU-L08-W01,AU-L08-W01,732410,Greedy,47,0.3927264788,0.3908998315,0.0018266473
anti_uav410,8,anti_uav410.load_8,AU-L08-W01,AU-L08-W01,732410,No-Stability,50,0.3716968062,0.386624939,-0.0149281328
anti_uav410,8,anti_uav410.load_8,AU-L08-W01,AU-L08-W01,732410,No-Synergy,55,0.3798360227,0.3789928133,0.0008432094
anti_uav410,8,anti_uav410.load_8,AU-L08-W01,AU-L08-W01,732410,Random,33,0.3923551834,0.3994757932,-0.0071206098
anti_uav410,8,anti_uav410.load_8,AU-L08-W01,AU-L08-W01,732411,External-Auction,44,0.4050878508,0.4079595642,-0.0028717134
anti_uav410,8,anti_uav410.load_8,AU-L08-W01,AU-L08-W01,732411,Greedy,42,0.4191785971,0.4230806384,-0.0039020413
anti_uav410,8,anti_uav410.load_8,AU-L08-W01,AU-L08-W01,732411,No-Stability,45,0.3702074282,0.3718911808,-0.0016837526
anti_uav410,8,anti_uav410.load_8,AU-L08-W01,AU-L08-W01,732411,No-Synergy,54,0.3961651724,0.3961651724,0.0
anti_uav410,8,anti_uav410.load_8,AU-L08-W01,AU-L08-W01,732411,Random,31,0.3991899395,0.3928078092,0.0063821303
anti_uav410,8,anti_uav410.load_8,AU-L08-W01,AU-L08-W01,732412,External-Auction,44,0.380041959,0.3819812265,-0.0019392675
anti_uav410,8,anti_uav410.load_8,AU-L08-W01,AU-L08-W01,732412,Greedy,48,0.3681410255,0.3707000052,-0.0025589797
anti_uav410,8,anti_uav410.load_8,AU-L08-W01,AU-L08-W01,732412,No-Stability,44,0.3517257306,0.3479705,0.0037552306
anti_uav410,8,anti_uav410.load_8,AU-L08-W01,AU-L08-W01,732412,No-Synergy,54,0.3673395648,0.3673395648,0.0
anti_uav410,8,anti_uav410.load_8,AU-L08-W01,AU-L08-W01,732412,Random,28,0.350402219,0.352445411,-0.002043192
anti_uav410,8,anti_uav410.load_8,AU-L08-W01,AU-L08-W01,732413,External-Auction,50,0.3761633721,0.3776361572,-0.0014727852
anti_uav410,8,anti_uav410.load_8,AU-L08-W01,AU-L08-W01,732413,Greedy,47,0.3841679093,0.3846886997,-0.0005207904
anti_uav410,8,anti_uav410.load_8,AU-L08-W01,AU-L08-W01,732413,No-Stability,48,0.3636478857,0.3719181677,-0.008270282
anti_uav410,8,anti_uav410.load_8,AU-L08-W01,AU-L08-W01,732413,No-Synergy,55,0.375174437,0.375174437,0.0
anti_uav410,8,anti_uav410.load_8,AU-L08-W01,AU-L08-W01,732413,Random,31,0.3704101776,0.3749905758,-0.0045803982
anti_uav410,8,anti_uav410.load_8,AU-L08-W01,AU-L08-W01,732414,External-Auction,47,0.3701151182,0.3720431594,-0.0019280412
anti_uav410,8,anti_uav410.load_8,AU-L08-W01,AU-L08-W01,732414,Greedy,42,0.374246786,0.3775787892,-0.0033320032
anti_uav410,8,anti_uav410.load_8,AU-L08-W01,AU-L08-W01,732414,No-Stability,46,0.3595876392,0.3609031874,-0.0013155482
anti_uav410,8,anti_uav410.load_8,AU-L08-W01,AU-L08-W01,732414,No-Synergy,56,0.3768573331,0.3768573331,0.0
anti_uav410,8,anti_uav410.load_8,AU-L08-W01,AU-L08-W01,732414,Random,31,0.3594652314,0.3693070521,-0.0098418206
anti_uav410,8,anti_uav410.load_8,AU-L08-W01,AU-L08-W01,732415,External-Auction,54,0.3939500383,0.3941687889,-0.0002187506
anti_uav410,8,anti_uav410.load_8,AU-L08-W01,AU-L08-W01,732415,Greedy,48,0.400587396,0.401461465,-0.000874069
anti_uav410,8,anti_uav410.load_8,AU-L08-W01,AU-L08-W01,732415,No-Stability,52,0.3799470631,0.3781073627,0.0018397004
anti_uav410,8,anti_uav410.load_8,AU-L08-W01,AU-L08-W01,732415,No-Synergy,58,0.3914718935,0.3915667357,-9.48422e-05
anti_uav410,8,anti_uav410.load_8,AU-L08-W01,AU-L08-W01,732415,Random,38,0.399258718,0.3976513059,0.0016074122
anti_uav410,8,anti_uav410.load_8,AU-L08-W01,AU-L08-W01,732416,External-Auction,43,0.4248300516,0.4134529108,0.0113771407
anti_uav410,8,anti_uav410.load_8,AU-L08-W01,AU-L08-W01,732416,Greedy,45,0.4198676281,0.4140637041,0.005803924
anti_uav410,8,anti_uav410.load_8,AU-L08-W01,AU-L08-W01,732416,No-Stability,53,0.3994815234,0.401349348,-0.0018678246
anti_uav410,8,anti_uav410.load_8,AU-L08-W01,AU-L08-W01,732416,No-Synergy,62,0.4062748555,0.4062748555,0.0
anti_uav410,8,anti_uav410.load_8,AU-L08-W01,AU-L08-W01,732416,Random,32,0.4032486586,0.402293577,0.0009550816
anti_uav410,8,anti_uav410.load_8,AU-L08-W01,AU-L08-W01,732417,External-Auction,52,0.4121700051,0.417324607,-0.0051546019
anti_uav410,8,anti_uav410.load_8,AU-L08-W01,AU-L08-W01,732417,Greedy,49,0.4083859564,0.4164326337,-0.0080466773
anti_uav410,8,anti_uav410.load_8,AU-L08-W01,AU-L08-W01,732417,No-Stability,50,0.3955858981,0.403587938,-0.00800204
anti_uav410,8,anti_uav410.load_8,AU-L08-W01,AU-L08-W01,732417,No-Synergy,57,0.4069321961,0.4048540344,0.0020781617
anti_uav410,8,anti_uav410.load_8,AU-L08-W01,AU-L08-W01,732417,Random,38,0.3944832901,0.395131784,-0.000648494
anti_uav410,8,anti_uav410.load_8,AU-L08-W01,AU-L08-W01,732418,External-Auction,43,0.4066126212,0.4055599519,0.0010526693
anti_uav410,8,anti_uav410.load_8,AU-L08-W01,AU-L08-W01,732418,Greedy,43,0.4201143512,0.411308186,0.0088061652
anti_uav410,8,anti_uav410.load_8,AU-L08-W01,AU-L08-W01,732418,No-Stability,46,0.3770999127,0.3814972168,-0.0043973041
anti_uav410,8,anti_uav410.load_8,AU-L08-W01,AU-L08-W01,732418,No-Synergy,56,0.3976067788,0.3976067788,0.0
anti_uav410,8,anti_uav410.load_8,AU-L08-W01,AU-L08-W01,732418,Random,29,0.3753738415,0.3857509877,-0.0103771461
anti_uav410,8,anti_uav410.load_8,AU-L08-W01,AU-L08-W01,732419,External-Auction,50,0.3953782831,0.3916295879,0.0037486952
anti_uav410,8,anti_uav410.load_8,AU-L08-W01,AU-L08-W01,732419,Greedy,47,0.4017747367,0.3983997528,0.0033749839
anti_uav410,8,anti_uav410.load_8,AU-L08-W01,AU-L08-W01,732419,No-Stability,46,0.3711214222,0.3817905487,-0.0106691265
anti_uav410,8,anti_uav410.load_8,AU-L08-W01,AU-L08-W01,732419,No-Synergy,54,0.3869323562,0.3869323562,0.0
anti_uav410,8,anti_uav410.load_8,AU-L08-W01,AU-L08-W01,732419,Random,37,0.3912815015,0.3961852484,-0.0049037469
anti_uav410,8,anti_uav410.load_8,AU-L08-W01,AU-L08-W01,732420,External-Auction,54,0.4095375439,0.4144871685,-0.0049496246
anti_uav410,8,anti_uav410.load_8,AU-L08-W01,AU-L08-W01,732420,Greedy,57,0.4049005416,0.4099178957,-0.0050173541
anti_uav410,8,anti_uav410.load_8,AU-L08-W01,AU-L08-W01,732420,No-Stability,56,0.3959306577,0.4086223885,-0.0126917307
anti_uav410,8,anti_uav410.load_8,AU-L08-W01,AU-L08-W01,732420,No-Synergy,63,0.4021574859,0.4021574859,0.0
anti_uav410,8,anti_uav410.load_8,AU-L08-W01,AU-L08-W01,732420,Random,36,0.3862436131,0.3877631024,-0.0015194893
anti_uav410,8,anti_uav410.load_8,AU-L08-W01,AU-L08-W01,732421,External-Auction,51,0.3918577121,0.3990002985,-0.0071425864
anti_uav410,8,anti_uav410.load_8,AU-L08-W01,AU-L08-W01,732421,Greedy,51,0.3918577121,0.3990002985,-0.0071425864
anti_uav410,8,anti_uav410.load_8,AU-L08-W01,AU-L08-W01,732421,No-Stability,55,0.3967396894,0.4004234392,-0.0036837498
anti_uav410,8,anti_uav410.load_8,AU-L08-W01,AU-L08-W01,732421,No-Synergy,64,0.4081630227,0.4075378803,0.0006251424
anti_uav410,8,anti_uav410.load_8,AU-L08-W01,AU-L08-W01,732421,Random,39,0.3941080907,0.4035831228,-0.0094750321
anti_uav410,8,anti_uav410.load_8,AU-L08-W01,AU-L08-W01,732422,External-Auction,51,0.390469023,0.3999994306,-0.0095304076
anti_uav410,8,anti_uav410.load_8,AU-L08-W01,AU-L08-W01,732422,Greedy,50,0.3958044523,0.3927364766,0.0030679757
anti_uav410,8,anti_uav410.load_8,AU-L08-W01,AU-L08-W01,732422,No-Stability,44,0.3768240726,0.3821993888,-0.0053753162
anti_uav410,8,anti_uav410.load_8,AU-L08-W01,AU-L08-W01,732422,No-Synergy,55,0.3884466066,0.3884466066,0.0
anti_uav410,8,anti_uav410.load_8,AU-L08-W01,AU-L08-W01,732422,Random,34,0.3741733639,0.3753279382,-0.0011545743
anti_uav410,8,anti_uav410.load_8,AU-L08-W01,AU-L08-W01,732423,External-Auction,48,0.4001229899,0.4007465115,-0.0006235216
anti_uav410,8,anti_uav410.load_8,AU-L08-W01,AU-L08-W01,732423,Greedy,47,0.4000448836,0.4023669436,-0.00232206
anti_uav410,8,anti_uav410.load_8,AU-L08-W01,AU-L08-W01,732423,No-Stability,45,0.3713761994,0.3789990856,-0.0076228861
anti_uav410,8,anti_uav410.load_8,AU-L08-W01,AU-L08-W01,732423,No-Synergy,54,0.3879974062,0.3879974062,0.0
anti_uav410,8,anti_uav410.load_8,AU-L08-W01,AU-L08-W01,732423,Random,35,0.3689219134,0.3760673844,-0.0071454709
anti_uav410,8,anti_uav410.load_8,AU-L08-W01,AU-L08-W01,732424,External-Auction,37,0.4065736818,0.4133893308,-0.006815649
anti_uav410,8,anti_uav410.load_8,AU-L08-W01,AU-L08-W01,732424,Greedy,34,0.4106858479,0.4159223914,-0.0052365435
anti_uav410,8,anti_uav410.load_8,AU-L08-W01,AU-L08-W01,732424,No-Stability,33,0.3637574728,0.3818423277,-0.0180848549
anti_uav410,8,anti_uav410.load_8,AU-L08-W01,AU-L08-W01,732424,No-Synergy,46,0.3917754262,0.3917754262,0.0
anti_uav410,8,anti_uav410.load_8,AU-L08-W01,AU-L08-W01,732424,Random,24,0.3863287778,0.3935112275,-0.0071824497
anti_uav410,8,anti_uav410.load_8,AU-L08-W01,AU-L08-W01,732425,External-Auction,58,0.4056593434,0.4081503967,-0.0024910533
anti_uav410,8,anti_uav410.load_8,AU-L08-W01,AU-L08-W01,732425,Greedy,55,0.4073604519,0.4090045367,-0.0016440848
anti_uav410,8,anti_uav410.load_8,AU-L08-W01,AU-L08-W01,732425,No-Stability,57,0.4058329744,0.3993495356,0.0064834388
anti_uav410,8,anti_uav410.load_8,AU-L08-W01,AU-L08-W01,732425,No-Synergy,61,0.4072635504,0.4072635504,0.0
anti_uav410,8,anti_uav410.load_8,AU-L08-W01,AU-L08-W01,732425,Random,37,0.415148566,0.4054292144,0.0097193516
anti_uav410,8,anti_uav410.load_8,AU-L08-W01,AU-L08-W01,732426,External-Auction,56,0.4239533687,0.425172747,-0.0012193784
anti_uav410,8,anti_uav410.load_8,AU-L08-W01,AU-L08-W01,732426,Greedy,55,0.4248923241,0.4276860034,-0.0027936793
anti_uav410,8,anti_uav410.load_8,AU-L08-W01,AU-L08-W01,732426,No-Stability,58,0.4094780351,0.4204060776,-0.0109280425
anti_uav410,8,anti_uav410.load_8,AU-L08-W01,AU-L08-W01,732426,No-Synergy,62,0.4193147935,0.4187497901,0.0005650035
anti_uav410,8,anti_uav410.load_8,AU-L08-W01,AU-L08-W01,732426,Random,37,0.393267436,0.3920147725,0.0012526635
anti_uav410,8,anti_uav410.load_8,AU-L08-W01,AU-L08-W01,732427,External-Auction,46,0.380978932,0.3811999998,-0.0002210678
anti_uav410,8,anti_uav410.load_8,AU-L08-W01,AU-L08-W01,732427,Greedy,52,0.3862098416,0.3862098416,0.0
anti_uav410,8,anti_uav410.load_8,AU-L08-W01,AU-L08-W01,732427,No-Stability,46,0.3622652175,0.3663164563,-0.0040512388
anti_uav410,8,anti_uav410.load_8,AU-L08-W01,AU-L08-W01,732427,No-Synergy,55,0.3773739118,0.3773739118,0.0
anti_uav410,8,anti_uav410.load_8,AU-L08-W01,AU-L08-W01,732427,Random,32,0.363423065,0.3748388695,-0.0114158044
anti_uav410,8,anti_uav410.load_8,AU-L08-W01,AU-L08-W01,732428,External-Auction,47,0.3867758748,0.3725855488,0.014190326
anti_uav410,8,anti_uav410.load_8,AU-L08-W01,AU-L08-W01,732428,Greedy,47,0.3826725411,0.3675202336,0.0151523075
anti_uav410,8,anti_uav410.load_8,AU-L08-W01,AU-L08-W01,732428,No-Stability,55,0.390007273,0.3966548469,-0.0066475739
anti_uav410,8,anti_uav410.load_8,AU-L08-W01,AU-L08-W01,732428,No-Synergy,59,0.3943886489,0.397205023,-0.002816374
anti_uav410,8,anti_uav410.load_8,AU-L08-W01,AU-L08-W01,732428,Random,29,0.400331216,0.4109330254,-0.0106018095
anti_uav410,8,anti_uav410.load_8,AU-L08-W01,AU-L08-W01,732429,External-Auction,54,0.4094517913,0.4081543097,0.0012974816
anti_uav410,8,anti_uav410.load_8,AU-L08-W01,AU-L08-W01,732429,Greedy,53,0.4099288854,0.4089800236,0.0009488618
anti_uav410,8,anti_uav410.load_8,AU-L08-W01,AU-L08-W01,732429,No-Stability,60,0.4069899965,0.4095675838,-0.0025775873
anti_uav410,8,anti_uav410.load_8,AU-L08-W01,AU-L08-W01,732429,No-Synergy,64,0.4085885593,0.4085885593,0.0
anti_uav410,8,anti_uav410.load_8,AU-L08-W01,AU-L08-W01,732429,Random,39,0.4037115653,0.3910190088,0.0126925565
anti_uav410,8,anti_uav410.load_8,AU-L08-W02,AU-L08-W02,732500,External-Auction,45,0.3716739214,0.3794862635,-0.0078123421
anti_uav410,8,anti_uav410.load_8,AU-L08-W02,AU-L08-W02,732500,Greedy,51,0.3851401924,0.3860964453,-0.0009562529
anti_uav410,8,anti_uav410.load_8,AU-L08-W02,AU-L08-W02,732500,No-Stability,50,0.3978047334,0.4073435987,-0.0095388653
anti_uav410,8,anti_uav410.load_8,AU-L08-W02,AU-L08-W02,732500,No-Synergy,54,0.3921553631,0.3921553631,0.0
anti_uav410,8,anti_uav410.load_8,AU-L08-W02,AU-L08-W02,732500,Random,34,0.3941025293,0.4008352123,-0.006732683
anti_uav410,8,anti_uav410.load_8,AU-L08-W02,AU-L08-W02,732501,External-Auction,53,0.4022694468,0.3984567012,0.0038127457
anti_uav410,8,anti_uav410.load_8,AU-L08-W02,AU-L08-W02,732501,Greedy,53,0.4022694468,0.3984567012,0.0038127457
anti_uav410,8,anti_uav410.load_8,AU-L08-W02,AU-L08-W02,732501,No-Stability,54,0.4155074555,0.4326259938,-0.0171185383
anti_uav410,8,anti_uav410.load_8,AU-L08-W02,AU-L08-W02,732501,No-Synergy,60,0.4219010804,0.4219010804,0.0
anti_uav410,8,anti_uav410.load_8,AU-L08-W02,AU-L08-W02,732501,Random,30,0.4232931345,0.4274169664,-0.0041238319
anti_uav410,8,anti_uav410.load_8,AU-L08-W02,AU-L08-W02,732502,External-Auction,53,0.4306990489,0.4240577575,0.0066412914
anti_uav410,8,anti_uav410.load_8,AU-L08-W02,AU-L08-W02,732502,Greedy,53,0.4306990489,0.4240577575,0.0066412914
anti_uav410,8,anti_uav410.load_8,AU-L08-W02,AU-L08-W02,732502,No-Stability,51,0.4176726679,0.4182239176,-0.0005512497
anti_uav410,8,anti_uav410.load_8,AU-L08-W02,AU-L08-W02,732502,No-Synergy,60,0.432470492,0.432470492,0.0
anti_uav410,8,anti_uav410.load_8,AU-L08-W02,AU-L08-W02,732502,Random,36,0.4191606206,0.396817682,0.0223429386
anti_uav410,8,anti_uav410.load_8,AU-L08-W02,AU-L08-W02,732503,External-Auction,53,0.4359525797,0.4330774142,0.0028751655
anti_uav410,8,anti_uav410.load_8,AU-L08-W02,AU-L08-W02,732503,Greedy,53,0.4359525797,0.4330774142,0.0028751655
anti_uav410,8,anti_uav410.load_8,AU-L08-W02,AU-L08-W02,732503,No-Stability,50,0.425752722,0.4342279088,-0.0084751868
anti_uav410,8,anti_uav410.load_8,AU-L08-W02,AU-L08-W02,732503,No-Synergy,55,0.4367497548,0.4367497548,0.0
anti_uav410,8,anti_uav410.load_8,AU-L08-W02,AU-L08-W02,732503,Random,38,0.4362080365,0.4395802907,-0.0033722541
anti_uav410,8,anti_uav410.load_8,AU-L08-W02,AU-L08-W02,732504,External-Auction,46,0.4105616948,0.4019658494,0.0085958454
anti_uav410,8,anti_uav410.load_8,AU-L08-W02,AU-L08-W02,732504,Greedy,46,0.4098614619,0.4033681108,0.0064933511
anti_uav410,8,anti_uav410.load_8,AU-L08-W02,AU-L08-W02,732504,No-Stability,55,0.417544072,0.4134332155,0.0041108565
anti_uav410,8,anti_uav410.load_8,AU-L08-W02,AU-L08-W02,732504,No-Synergy,61,0.4175684433,0.4175684433,0.0
anti_uav410,8,anti_uav410.load_8,AU-L08-W02,AU-L08-W02,732504,Random,32,0.3903504088,0.3892576832,0.0010927256
anti_uav410,8,anti_uav410.load_8,AU-L08-W02,AU-L08-W02,732505,External-Auction,46,0.4270162249,0.4184135402,0.0086026846
anti_uav410,8,anti_uav410.load_8,AU-L08-W02,AU-L08-W02,732505,Greedy,42,0.4120394659,0.4058772538,0.0061622121
anti_uav410,8,anti_uav410.load_8,AU-L08-W02,AU-L08-W02,732505,No-Stability,54,0.4257947418,0.4173955003,0.0083992416
anti_uav410,8,anti_uav410.load_8,AU-L08-W02,AU-L08-W02,732505,No-Synergy,55,0.4293075305,0.4159662897,0.0133412408
anti_uav410,8,anti_uav410.load_8,AU-L08-W02,AU-L08-W02,732505,Random,40,0.4118632336,0.4079258177,0.0039374159
anti_uav410,8,anti_uav410.load_8,AU-L08-W02,AU-L08-W02,732506,External-Auction,48,0.3972201045,0.3956432472,0.0015768574
anti_uav410,8,anti_uav410.load_8,AU-L08-W02,AU-L08-W02,732506,Greedy,47,0.3933612994,0.3921082024,0.001253097
anti_uav410,8,anti_uav410.load_8,AU-L08-W02,AU-L08-W02,732506,No-Stability,54,0.3980378458,0.403817413,-0.0057795673
anti_uav410,8,anti_uav410.load_8,AU-L08-W02,AU-L08-W02,732506,No-Synergy,57,0.3967285161,0.3967285161,0.0
anti_uav410,8,anti_uav410.load_8,AU-L08-W02,AU-L08-W02,732506,Random,35,0.3775480338,0.3886190726,-0.0110710387
anti_uav410,8,anti_uav410.load_8,AU-L08-W02,AU-L08-W02,732507,External-Auction,50,0.444602462,0.4294041418,0.0151983203
anti_uav410,8,anti_uav410.load_8,AU-L08-W02,AU-L08-W02,732507,Greedy,50,0.444602462,0.4294041418,0.0151983203
anti_uav410,8,anti_uav410.load_8,AU-L08-W02,AU-L08-W02,732507,No-Stability,54,0.4338782498,0.4147412257,0.0191370241
anti_uav410,8,anti_uav410.load_8,AU-L08-W02,AU-L08-W02,732507,No-Synergy,56,0.4432307174,0.4415935479,0.0016371695
anti_uav410,8,anti_uav410.load_8,AU-L08-W02,AU-L08-W02,732507,Random,34,0.4164817093,0.4062315321,0.0102501772
anti_uav410,8,anti_uav410.load_8,AU-L08-W02,AU-L08-W02,732508,External-Auction,51,0.3982947817,0.4051194106,-0.0068246289
anti_uav410,8,anti_uav410.load_8,AU-L08-W02,AU-L08-W02,732508,Greedy,51,0.3982947817,0.3999478536,-0.0016530719
anti_uav410,8,anti_uav410.load_8,AU-L08-W02,AU-L08-W02,732508,No-Stability,49,0.3879349076,0.4007231087,-0.0127882011
anti_uav410,8,anti_uav410.load_8,AU-L08-W02,AU-L08-W02,732508,No-Synergy,51,0.3982947817,0.3982947817,0.0
anti_uav410,8,anti_uav410.load_8,AU-L08-W02,AU-L08-W02,732508,Random,30,0.3782939605,0.3924746758,-0.0141807153
anti_uav410,8,anti_uav410.load_8,AU-L08-W02,AU-L08-W02,732509,External-Auction,50,0.424552927,0.4343267901,-0.0097738631
anti_uav410,8,anti_uav410.load_8,AU-L08-W02,AU-L08-W02,732509,Greedy,53,0.4129456194,0.4258758587,-0.0129302393
anti_uav410,8,anti_uav410.load_8,AU-L08-W02,AU-L08-W02,732509,No-Stability,52,0.4129945844,0.4116131522,0.0013814322
anti_uav410,8,anti_uav410.load_8,AU-L08-W02,AU-L08-W02,732509,No-Synergy,58,0.4127917865,0.4127917865,0.0
anti_uav410,8,anti_uav410.load_8,AU-L08-W02,AU-L08-W02,732509,Random,38,0.4093717456,0.4202063707,-0.0108346251
anti_uav410,8,anti_uav410.load_8,AU-L08-W02,AU-L08-W02,732510,External-Auction,50,0.4013252805,0.3905751739,0.0107501066
anti_uav410,8,anti_uav410.load_8,AU-L08-W02,AU-L08-W02,732510,Greedy,50,0.4013252805,0.3905751739,0.0107501066
anti_uav410,8,anti_uav410.load_8,AU-L08-W02,AU-L08-W02,732510,No-Stability,54,0.4111170394,0.4186638863,-0.0075468469
anti_uav410,8,anti_uav410.load_8,AU-L08-W02,AU-L08-W02,732510,No-Synergy,56,0.4140466365,0.4140466365,0.0
anti_uav410,8,anti_uav410.load_8,AU-L08-W02,AU-L08-W02,732510,Random,40,0.4063529296,0.4106574743,-0.0043045447
anti_uav410,8,anti_uav410.load_8,AU-L08-W02,AU-L08-W02,732511,External-Auction,57,0.4060845434,0.4111980296,-0.0051134863
anti_uav410,8,anti_uav410.load_8,AU-L08-W02,AU-L08-W02,732511,Greedy,57,0.4060845434,0.4111980296,-0.0051134863
anti_uav410,8,anti_uav410.load_8,AU-L08-W02,AU-L08-W02,732511,No-Stability,51,0.4047267535,0.4171446516,-0.0124178981
anti_uav410,8,anti_uav410.load_8,AU-L08-W02,AU-L08-W02,732511,No-Synergy,57,0.4060845434,0.4060845434,0.0
anti_uav410,8,anti_uav410.load_8,AU-L08-W02,AU-L08-W02,732511,Random,35,0.3850833168,0.3917727377,-0.0066894209
anti_uav410,8,anti_uav410.load_8,AU-L08-W02,AU-L08-W02,732512,External-Auction,43,0.4058431476,0.4021948697,0.0036482779
anti_uav410,8,anti_uav410.load_8,AU-L08-W02,AU-L08-W02,732512,Greedy,48,0.4013078848,0.3944877064,0.0068201783
anti_uav410,8,anti_uav410.load_8,AU-L08-W02,AU-L08-W02,732512,No-Stability,51,0.4013244184,0.4038441675,-0.002519749
anti_uav410,8,anti_uav410.load_8,AU-L08-W02,AU-L08-W02,732512,No-Synergy,55,0.4064219396,0.4064219396,0.0
anti_uav410,8,anti_uav410.load_8,AU-L08-W02,AU-L08-W02,732512,Random,33,0.3882679141,0.3956390355,-0.0073711214
anti_uav410,8,anti_uav410.load_8,AU-L08-W02,AU-L08-W02,732513,External-Auction,57,0.4057964266,0.4050773127,0.0007191139
anti_uav410,8,anti_uav410.load_8,AU-L08-W02,AU-L08-W02,732513,Greedy,55,0.4072722938,0.4048209459,0.0024513479
anti_uav410,8,anti_uav410.load_8,AU-L08-W02,AU-L08-W02,732513,No-Stability,53,0.3999670519,0.4118675555,-0.0119005036
anti_uav410,8,anti_uav410.load_8,AU-L08-W02,AU-L08-W02,732513,No-Synergy,59,0.4051710742,0.4051710742,0.0
anti_uav410,8,anti_uav410.load_8,AU-L08-W02,AU-L08-W02,732513,Random,39,0.3955861489,0.3996209486,-0.0040347998
anti_uav410,8,anti_uav410.load_8,AU-L08-W02,AU-L08-W02,732514,External-Auction,59,0.4331452325,0.4233273091,0.0098179234
anti_uav410,8,anti_uav410.load_8,AU-L08-W02,AU-L08-W02,732514,Greedy,58,0.4330086538,0.4231317719,0.0098768819
anti_uav410,8,anti_uav410.load_8,AU-L08-W02,AU-L08-W02,732514,No-Stability,55,0.4283189921,0.4133330176,0.0149859745
anti_uav410,8,anti_uav410.load_8,AU-L08-W02,AU-L08-W02,732514,No-Synergy,61,0.4329772065,0.4329772065,0.0
anti_uav410,8,anti_uav410.load_8,AU-L08-W02,AU-L08-W02,732514,Random,35,0.424557475,0.4125415311,0.0120159439
anti_uav410,8,anti_uav410.load_8,AU-L08-W02,AU-L08-W02,732515,External-Auction,55,0.435943271,0.4443024101,-0.0083591391
anti_uav410,8,anti_uav410.load_8,AU-L08-W02,AU-L08-W02,732515,Greedy,59,0.4337223936,0.428633935,0.0050884586
anti_uav410,8,anti_uav410.load_8,AU-L08-W02,AU-L08-W02,732515,No-Stability,56,0.4253861486,0.4362846988,-0.0108985501
anti_uav410,8,anti_uav410.load_8,AU-L08-W02,AU-L08-W02,732515,No-Synergy,60,0.4321557971,0.4321557971,0.0
anti_uav410,8,anti_uav410.load_8,AU-L08-W02,AU-L08-W02,732515,Random,41,0.4124375049,0.4202979719,-0.007860467
anti_uav410,8,anti_uav410.load_8,AU-L08-W02,AU-L08-W02,732516,External-Auction,50,0.4214034719,0.4267826666,-0.0053791947
anti_uav410,8,anti_uav410.load_8,AU-L08-W02,AU-L08-W02,732516,Greedy,54,0.4206046781,0.4256424245,-0.0050377464
anti_uav410,8,anti_uav410.load_8,AU-L08-W02,AU-L08-W02,732516,No-Stability,60,0.4299578592,0.4372592814,-0.0073014223
anti_uav410,8,anti_uav410.load_8,AU-L08-W02,AU-L08-W02,732516,No-Synergy,58,0.4272358998,0.4177260444,0.0095098555
anti_uav410,8,anti_uav410.load_8,AU-L08-W02,AU-L08-W02,732516,Random,46,0.4353067193,0.435600095,-0.0002933756
anti_uav410,8,anti_uav410.load_8,AU-L08-W02,AU-L08-W02,732517,External-Auction,51,0.3970062813,0.4092383872,-0.0122321059
anti_uav410,8,anti_uav410.load_8,AU-L08-W02,AU-L08-W02,732517,Greedy,51,0.3970062813,0.3956845185,0.0013217629
anti_uav410,8,anti_uav410.load_8,AU-L08-W02,AU-L08-W02,732517,No-Stability,47,0.3932728937,0.4104714566,-0.0171985629
anti_uav410,8,anti_uav410.load_8,AU-L08-W02,AU-L08-W02,732517,No-Synergy,51,0.3970062813,0.3970062813,0.0
anti_uav410,8,anti_uav410.load_8,AU-L08-W02,AU-L08-W02,732517,Random,30,0.3663991945,0.3784421676,-0.012042973
anti_uav410,8,anti_uav410.load_8,AU-L08-W02,AU-L08-W02,732518,External-Auction,53,0.4386840441,0.4415842282,-0.0029001841
anti_uav410,8,anti_uav410.load_8,AU-L08-W02,AU-L08-W02,732518,Greedy,60,0.4325666422,0.4325666422,0.0
anti_uav410,8,anti_uav410.load_8,AU-L08-W02,AU-L08-W02,732518,No-Stability,56,0.4296368311,0.4383473781,-0.008710547
anti_uav410,8,anti_uav410.load_8,AU-L08-W02,AU-L08-W02,732518,No-Synergy,60,0.4325666422,0.4325666422,0.0
anti_uav410,8,anti_uav410.load_8,AU-L08-W02,AU-L08-W02,732518,Random,37,0.4341324028,0.4445630215,-0.0104306187
anti_uav410,8,anti_uav410.load_8,AU-L08-W02,AU-L08-W02,732519,External-Auction,58,0.4287855325,0.430389213,-0.0016036805
anti_uav410,8,anti_uav410.load_8,AU-L08-W02,AU-L08-W02,732519,Greedy,57,0.4308625248,0.4350944914,-0.0042319666
anti_uav410,8,anti_uav410.load_8,AU-L08-W02,AU-L08-W02,732519,No-Stability,60,0.4408937208,0.4521903579,-0.0112966372
anti_uav410,8,anti_uav410.load_8,AU-L08-W02,AU-L08-W02,732519,No-Synergy,62,0.4437505557,0.4437505557,0.0
anti_uav410,8,anti_uav410.load_8,AU-L08-W02,AU-L08-W02,732519,Random,41,0.4300124644,0.4402189984,-0.010206534
anti_uav410,8,anti_uav410.load_8,AU-L08-W02,AU-L08-W02,732520,External-Auction,49,0.3943375818,0.4018070894,-0.0074695076
anti_uav410,8,anti_uav410.load_8,AU-L08-W02,AU-L08-W02,732520,Greedy,49,0.3943375818,0.3930673632,0.0012702186
anti_uav410,8,anti_uav410.load_8,AU-L08-W02,AU-L08-W02,732520,No-Stability,48,0.3885861749,0.4027082109,-0.0141220359
anti_uav410,8,anti_uav410.load_8,AU-L08-W02,AU-L08-W02,732520,No-Synergy,49,0.3943375818,0.3943375818,0.0
anti_uav410,8,anti_uav410.load_8,AU-L08-W02,AU-L08-W02,732520,Random,34,0.3904515528,0.3994120884,-0.0089605356
anti_uav410,8,anti_uav410.load_8,AU-L08-W02,AU-L08-W02,732521,External-Auction,56,0.4292570894,0.4353655308,-0.0061084414
anti_uav410,8,anti_uav410.load_8,AU-L08-W02,AU-L08-W02,732521,Greedy,56,0.4292570894,0.4353655308,-0.0061084414
anti_uav410,8,anti_uav410.load_8,AU-L08-W02,AU-L08-W02,732521,No-Stability,54,0.4213180568,0.4262041417,-0.0048860849
anti_uav410,8,anti_uav410.load_8,AU-L08-W02,AU-L08-W02,732521,No-Synergy,58,0.4281231304,0.4281231304,0.0
anti_uav410,8,anti_uav410.load_8,AU-L08-W02,AU-L08-W02,732521,Random,38,0.4151839367,0.4261026953,-0.0109187585
anti_uav410,8,anti_uav410.load_8,AU-L08-W02,AU-L08-W02,732522,External-Auction,64,0.4360915211,0.4360915211,0.0
anti_uav410,8,anti_uav410.load_8,AU-L08-W02,AU-L08-W02,732522,Greedy,64,0.4360915211,0.4360915211,0.0
anti_uav410,8,anti_uav410.load_8,AU-L08-W02,AU-L08-W02,732522,No-Stability,62,0.4369225275,0.4428069945,-0.0058844669
anti_uav410,8,anti_uav410.load_8,AU-L08-W02,AU-L08-W02,732522,No-Synergy,64,0.4360915211,0.4360915211,0.0
anti_uav410,8,anti_uav410.load_8,AU-L08-W02,AU-L08-W02,732522,Random,47,0.4201850273,0.4286564801,-0.0084714528
anti_uav410,8,anti_uav410.load_8,AU-L08-W02,AU-L08-W02,732523,External-Auction,55,0.4165261272,0.4093286254,0.0071975018
anti_uav410,8,anti_uav410.load_8,AU-L08-W02,AU-L08-W02,732523,Greedy,55,0.4165261272,0.4093286254,0.0071975018
anti_uav410,8,anti_uav410.load_8,AU-L08-W02,AU-L08-W02,732523,No-Stability,54,0.4126736987,0.4139854066,-0.0013117079
anti_uav410,8,anti_uav410.load_8,AU-L08-W02,AU-L08-W02,732523,No-Synergy,59,0.422330579,0.422330579,0.0
anti_uav410,8,anti_uav410.load_8,AU-L08-W02,AU-L08-W02,732523,Random,33,0.438743766,0.4468482409,-0.0081044749
anti_uav410,8,anti_uav410.load_8,AU-L08-W02,AU-L08-W02,732524,External-Auction,51,0.4291153575,0.4212957893,0.0078195682
anti_uav410,8,anti_uav410.load_8,AU-L08-W02,AU-L08-W02,732524,Greedy,51,0.4291153575,0.4212957893,0.0078195682
anti_uav410,8,anti_uav410.load_8,AU-L08-W02,AU-L08-W02,732524,No-Stability,54,0.4313861018,0.4317591739,-0.0003730721
anti_uav410,8,anti_uav410.load_8,AU-L08-W02,AU-L08-W02,732524,No-Synergy,58,0.4378129578,0.4378129578,0.0
anti_uav410,8,anti_uav410.load_8,AU-L08-W02,AU-L08-W02,732524,Random,37,0.4284994015,0.4265820461,0.0019173554
anti_uav410,8,anti_uav410.load_8,AU-L08-W02,AU-L08-W02,732525,External-Auction,51,0.4079940397,0.3973030414,0.0106909983
anti_uav410,8,anti_uav410.load_8,AU-L08-W02,AU-L08-W02,732525,Greedy,52,0.4067602125,0.4135769542,-0.0068167417
anti_uav410,8,anti_uav410.load_8,AU-L08-W02,AU-L08-W02,732525,No-Stability,57,0.4207618143,0.4218368261,-0.0010750117
anti_uav410,8,anti_uav410.load_8,AU-L08-W02,AU-L08-W02,732525,No-Synergy,59,0.4225968877,0.4225968877,0.0
anti_uav410,8,anti_uav410.load_8,AU-L08-W02,AU-L08-W02,732525,Random,41,0.3962916697,0.3969604331,-0.0006687635
anti_uav410,8,anti_uav410.load_8,AU-L08-W02,AU-L08-W02,732526,External-Auction,52,0.4131699417,0.3961346684,0.0170352733
anti_uav410,8,anti_uav410.load_8,AU-L08-W02,AU-L08-W02,732526,Greedy,52,0.4131699417,0.3929653351,0.0202046067
anti_uav410,8,anti_uav410.load_8,AU-L08-W02,AU-L08-W02,732526,No-Stability,60,0.4208485554,0.4231479146,-0.0022993592
anti_uav410,8,anti_uav410.load_8,AU-L08-W02,AU-L08-W02,732526,No-Synergy,59,0.4204560312,0.4177127277,0.0027433035
anti_uav410,8,anti_uav410.load_8,AU-L08-W02,AU-L08-W02,732526,Random,37,0.4046203316,0.4064630431,-0.0018427115
anti_uav410,8,anti_uav410.load_8,AU-L08-W02,AU-L08-W02,732527,External-Auction,50,0.4095532091,0.4276626122,-0.0181094031
anti_uav410,8,anti_uav410.load_8,AU-L08-W02,AU-L08-W02,732527,Greedy,48,0.4028490836,0.399250072,0.0035990116
anti_uav410,8,anti_uav410.load_8,AU-L08-W02,AU-L08-W02,732527,No-Stability,51,0.4224090479,0.4230120387,-0.0006029908
anti_uav410,8,anti_uav410.load_8,AU-L08-W02,AU-L08-W02,732527,No-Synergy,54,0.4229816281,0.4239196843,-0.0009380562
anti_uav410,8,anti_uav410.load_8,AU-L08-W02,AU-L08-W02,732527,Random,28,0.4031064401,0.4080572289,-0.0049507888
anti_uav410,8,anti_uav410.load_8,AU-L08-W02,AU-L08-W02,732528,External-Auction,34,0.3836168796,0.3785274365,0.0050894431
anti_uav410,8,anti_uav410.load_8,AU-L08-W02,AU-L08-W02,732528,Greedy,34,0.3836168796,0.3785274365,0.0050894431
anti_uav410,8,anti_uav410.load_8,AU-L08-W02,AU-L08-W02,732528,No-Stability,37,0.3652318262,0.3754956325,-0.0102638063
anti_uav410,8,anti_uav410.load_8,AU-L08-W02,AU-L08-W02,732528,No-Synergy,45,0.3872175339,0.3872175339,0.0
anti_uav410,8,anti_uav410.load_8,AU-L08-W02,AU-L08-W02,732528,Random,21,0.3903998435,0.4030776022,-0.0126777587
anti_uav410,8,anti_uav410.load_8,AU-L08-W02,AU-L08-W02,732529,External-Auction,60,0.4366146141,0.4407648184,-0.0041502043
anti_uav410,8,anti_uav410.load_8,AU-L08-W02,AU-L08-W02,732529,Greedy,60,0.4366146141,0.4407648184,-0.0041502043
anti_uav410,8,anti_uav410.load_8,AU-L08-W02,AU-L08-W02,732529,No-Stability,64,0.4398634862,0.446360362,-0.0064968758
anti_uav410,8,anti_uav410.load_8,AU-L08-W02,AU-L08-W02,732529,No-Synergy,64,0.4398634862,0.4398634862,0.0
anti_uav410,8,anti_uav410.load_8,AU-L08-W02,AU-L08-W02,732529,Random,44,0.412588868,0.4105045325,0.0020843355
anti_uav410,8,anti_uav410.load_8,AU-L08-W03,AU-L08-W03,732600,External-Auction,44,0.3915320964,0.4126653933,-0.0211332969
anti_uav410,8,anti_uav410.load_8,AU-L08-W03,AU-L08-W03,732600,Greedy,44,0.3943912208,0.4245375293,-0.0301463085
anti_uav410,8,anti_uav410.load_8,AU-L08-W03,AU-L08-W03,732600,No-Stability,48,0.3866374958,0.3959402571,-0.0093027614
anti_uav410,8,anti_uav410.load_8,AU-L08-W03,AU-L08-W03,732600,No-Synergy,54,0.3981313275,0.401919772,-0.0037884446
anti_uav410,8,anti_uav410.load_8,AU-L08-W03,AU-L08-W03,732600,Random,34,0.3971489915,0.4093320767,-0.0121830852
anti_uav410,8,anti_uav410.load_8,AU-L08-W03,AU-L08-W03,732601,External-Auction,49,0.4447404038,0.4436119186,0.0011284852
anti_uav410,8,anti_uav410.load_8,AU-L08-W03,AU-L08-W03,732601,Greedy,53,0.4340280753,0.426292022,0.0077360533
anti_uav410,8,anti_uav410.load_8,AU-L08-W03,AU-L08-W03,732601,No-Stability,61,0.4308820909,0.436820726,-0.0059386351
anti_uav410,8,anti_uav410.load_8,AU-L08-W03,AU-L08-W03,732601,No-Synergy,65,0.4351966879,0.4348579906,0.0003386972
anti_uav410,8,anti_uav410.load_8,AU-L08-W03,AU-L08-W03,732601,Random,39,0.4184857547,0.4189424565,-0.0004567017
anti_uav410,8,anti_uav410.load_8,AU-L08-W03,AU-L08-W03,732602,External-Auction,49,0.4220037948,0.4161960487,0.0058077461
anti_uav410,8,anti_uav410.load_8,AU-L08-W03,AU-L08-W03,732602,Greedy,45,0.4171236629,0.4107996727,0.0063239902
anti_uav410,8,anti_uav410.load_8,AU-L08-W03,AU-L08-W03,732602,No-Stability,46,0.4167354353,0.4105921436,0.0061432917
anti_uav410,8,anti_uav410.load_8,AU-L08-W03,AU-L08-W03,732602,No-Synergy,60,0.4145953735,0.4145953735,0.0
anti_uav410,8,anti_uav410.load_8,AU-L08-W03,AU-L08-W03,732602,Random,29,0.4121977486,0.4072499256,0.004947823
anti_uav410,8,anti_uav410.load_8,AU-L08-W03,AU-L08-W03,732603,External-Auction,45,0.4060815893,0.4006619096,0.0054196796
anti_uav410,8,anti_uav410.load_8,AU-L08-W03,AU-L08-W03,732603,Greedy,44,0.4099246733,0.4053816578,0.0045430155
anti_uav410,8,anti_uav410.load_8,AU-L08-W03,AU-L08-W03,732603,No-Stability,57,0.4164309937,0.418394659,-0.0019636653
anti_uav410,8,anti_uav410.load_8,AU-L08-W03,AU-L08-W03,732603,No-Synergy,61,0.4172761432,0.4172761432,0.0
anti_uav410,8,anti_uav410.load_8,AU-L08-W03,AU-L08-W03,732603,Random,34,0.4126203682,0.4158481294,-0.0032277612
anti_uav410,8,anti_uav410.load_8,AU-L08-W03,AU-L08-W03,732604,External-Auction,57,0.4385991083,0.4340759417,0.0045231666
anti_uav410,8,anti_uav410.load_8,AU-L08-W03,AU-L08-W03,732604,Greedy,56,0.439442742,0.4359418405,0.0035009015
anti_uav410,8,anti_uav410.load_8,AU-L08-W03,AU-L08-W03,732604,No-Stability,57,0.4418085601,0.447672789,-0.0058642288
anti_uav410,8,anti_uav410.load_8,AU-L08-W03,AU-L08-W03,732604,No-Synergy,64,0.4435367702,0.4435367702,0.0
anti_uav410,8,anti_uav410.load_8,AU-L08-W03,AU-L08-W03,732604,Random,39,0.4485673225,0.438841629,0.0097256935
anti_uav410,8,anti_uav410.load_8,AU-L08-W03,AU-L08-W03,732605,External-Auction,48,0.4306616795,0.4269930542,0.0036686253
anti_uav410,8,anti_uav410.load_8,AU-L08-W03,AU-L08-W03,732605,Greedy,50,0.4173905122,0.4173595842,3.09279e-05
anti_uav410,8,anti_uav410.load_8,AU-L08-W03,AU-L08-W03,732605,No-Stability,47,0.4124765566,0.413294659,-0.0008181024
anti_uav410,8,anti_uav410.load_8,AU-L08-W03,AU-L08-W03,732605,No-Synergy,60,0.4239585761,0.423333128,0.000625448
anti_uav410,8,anti_uav410.load_8,AU-L08-W03,AU-L08-W03,732605,Random,35,0.4192314467,0.4194523254,-0.0002208787
anti_uav410,8,anti_uav410.load_8,AU-L08-W03,AU-L08-W03,732606,External-Auction,48,0.4009418074,0.4041578984,-0.003216091
anti_uav410,8,anti_uav410.load_8,AU-L08-W03,AU-L08-W03,732606,Greedy,48,0.4009418074,0.4041578984,-0.003216091
anti_uav410,8,anti_uav410.load_8,AU-L08-W03,AU-L08-W03,732606,No-Stability,52,0.4180942719,0.427445528,-0.0093512561
anti_uav410,8,anti_uav410.load_8,AU-L08-W03,AU-L08-W03,732606,No-Synergy,56,0.4141960622,0.4140407879,0.0001552743
anti_uav410,8,anti_uav410.load_8,AU-L08-W03,AU-L08-W03,732606,Random,31,0.3957134221,0.3911987031,0.004514719
anti_uav410,8,anti_uav410.load_8,AU-L08-W03,AU-L08-W03,732607,External-Auction,52,0.4157159674,0.4308745319,-0.0151585646
anti_uav410,8,anti_uav410.load_8,AU-L08-W03,AU-L08-W03,732607,Greedy,51,0.4162152254,0.4340862038,-0.0178709783
anti_uav410,8,anti_uav410.load_8,AU-L08-W03,AU-L08-W03,732607,No-Stability,55,0.4306456277,0.4334978873,-0.0028522596
anti_uav410,8,anti_uav410.load_8,AU-L08-W03,AU-L08-W03,732607,No-Synergy,62,0.4272197436,0.4272197436,0.0
anti_uav410,8,anti_uav410.load_8,AU-L08-W03,AU-L08-W03,732607,Random,37,0.415137406,0.4178003364,-0.0026629304
anti_uav410,8,anti_uav410.load_8,AU-L08-W03,AU-L08-W03,732608,External-Auction,57,0.4353528009,0.4391771882,-0.0038243874
anti_uav410,8,anti_uav410.load_8,AU-L08-W03,AU-L08-W03,732608,Greedy,56,0.4367198828,0.4375727864,-0.0008529037
anti_uav410,8,anti_uav410.load_8,AU-L08-W03,AU-L08-W03,732608,No-Stability,61,0.4341091289,0.4444421431,-0.0103330142
anti_uav410,8,anti_uav410.load_8,AU-L08-W03,AU-L08-W03,732608,No-Synergy,60,0.4406298582,0.4370141672,0.0036156911
anti_uav410,8,anti_uav410.load_8,AU-L08-W03,AU-L08-W03,732608,Random,40,0.4241464296,0.429518539,-0.0053721093
anti_uav410,8,anti_uav410.load_8,AU-L08-W03,AU-L08-W03,732609,External-Auction,57,0.4203574207,0.4267186582,-0.0063612376
anti_uav410,8,anti_uav410.load_8,AU-L08-W03,AU-L08-W03,732609,Greedy,54,0.4133412588,0.4055967474,0.0077445114
anti_uav410,8,anti_uav410.load_8,AU-L08-W03,AU-L08-W03,732609,No-Stability,63,0.4104805449,0.4183580864,-0.0078775414
anti_uav410,8,anti_uav410.load_8,AU-L08-W03,AU-L08-W03,732609,No-Synergy,64,0.4192816208,0.4237785647,-0.0044969439
anti_uav410,8,anti_uav410.load_8,AU-L08-W03,AU-L08-W03,732609,Random,43,0.4067829983,0.4010469242,0.0057360741
anti_uav410,8,anti_uav410.load_8,AU-L08-W03,AU-L08-W03,732610,External-Auction,52,0.4590780196,0.4571310231,0.0019469964
anti_uav410,8,anti_uav410.load_8,AU-L08-W03,AU-L08-W03,732610,Greedy,53,0.4639323737,0.4575842519,0.0063481218
anti_uav410,8,anti_uav410.load_8,AU-L08-W03,AU-L08-W03,732610,No-Stability,61,0.4418188157,0.4447704838,-0.0029516681
anti_uav410,8,anti_uav410.load_8,AU-L08-W03,AU-L08-W03,732610,No-Synergy,65,0.4538825192,0.4522676512,0.001614868
anti_uav410,8,anti_uav410.load_8,AU-L08-W03,AU-L08-W03,732610,Random,38,0.4468040885,0.4569461862,-0.0101420977
anti_uav410,8,anti_uav410.load_8,AU-L08-W03,AU-L08-W03,732611,External-Auction,39,0.3968733828,0.4142702361,-0.0173968533
anti_uav410,8,anti_uav410.load_8,AU-L08-W03,AU-L08-W03,732611,Greedy,38,0.3944654555,0.4119674525,-0.0175019969
anti_uav410,8,anti_uav410.load_8,AU-L08-W03,AU-L08-W03,732611,No-Stability,44,0.3759460182,0.4004206766,-0.0244746585
anti_uav410,8,anti_uav410.load_8,AU-L08-W03,AU-L08-W03,732611,No-Synergy,52,0.3825593397,0.3859712392,-0.0034118995
anti_uav410,8,anti_uav410.load_8,AU-L08-W03,AU-L08-W03,732611,Random,29,0.3606853585,0.3691128277,-0.0084274692
anti_uav410,8,anti_uav410.load_8,AU-L08-W03,AU-L08-W03,732612,External-Auction,58,0.4375627521,0.4379290806,-0.0003663285
anti_uav410,8,anti_uav410.load_8,AU-L08-W03,AU-L08-W03,732612,Greedy,61,0.4291530308,0.4349821697,-0.0058291388
anti_uav410,8,anti_uav410.load_8,AU-L08-W03,AU-L08-W03,732612,No-Stability,58,0.43066922,0.4380769862,-0.0074077662
anti_uav410,8,anti_uav410.load_8,AU-L08-W03,AU-L08-W03,732612,No-Synergy,67,0.4279284742,0.4279284742,0.0
anti_uav410,8,anti_uav410.load_8,AU-L08-W03,AU-L08-W03,732612,Random,40,0.4337438031,0.4423850095,-0.0086412064
anti_uav410,8,anti_uav410.load_8,AU-L08-W03,AU-L08-W03,732613,External-Auction,50,0.4300415224,0.4524630243,-0.0224215019
anti_uav410,8,anti_uav410.load_8,AU-L08-W03,AU-L08-W03,732613,Greedy,47,0.4253055823,0.4413278615,-0.0160222792
anti_uav410,8,anti_uav410.load_8,AU-L08-W03,AU-L08-W03,732613,No-Stability,49,0.4275092122,0.4427673143,-0.0152581021
anti_uav410,8,anti_uav410.load_8,AU-L08-W03,AU-L08-W03,732613,No-Synergy,58,0.4197870588,0.4197870588,0.0
anti_uav410,8,anti_uav410.load_8,AU-L08-W03,AU-L08-W03,732613,Random,34,0.4147467206,0.4264802278,-0.0117335072
anti_uav410,8,anti_uav410.load_8,AU-L08-W03,AU-L08-W03,732614,External-Auction,50,0.409810709,0.4100219822,-0.0002112732
anti_uav410,8,anti_uav410.load_8,AU-L08-W03,AU-L08-W03,732614,Greedy,50,0.409810709,0.4100219822,-0.0002112732
anti_uav410,8,anti_uav410.load_8,AU-L08-W03,AU-L08-W03,732614,No-Stability,48,0.4094614718,0.4354080782,-0.0259466063
anti_uav410,8,anti_uav410.load_8,AU-L08-W03,AU-L08-W03,732614,No-Synergy,59,0.4145638268,0.4145638268,0.0
anti_uav410,8,anti_uav410.load_8,AU-L08-W03,AU-L08-W03,732614,Random,36,0.3937682458,0.4055296442,-0.0117613984
anti_uav410,8,anti_uav410.load_8,AU-L08-W03,AU-L08-W03,732615,External-Auction,52,0.4086617687,0.4001118975,0.0085498712
anti_uav410,8,anti_uav410.load_8,AU-L08-W03,AU-L08-W03,732615,Greedy,53,0.4086163491,0.397662752,0.0109535971
anti_uav410,8,anti_uav410.load_8,AU-L08-W03,AU-L08-W03,732615,No-Stability,52,0.4235492069,0.4200922973,0.0034569096
anti_uav410,8,anti_uav410.load_8,AU-L08-W03,AU-L08-W03,732615,No-Synergy,62,0.416540111,0.4080881153,0.0084519957
anti_uav410,8,anti_uav410.load_8,AU-L08-W03,AU-L08-W03,732615,Random,36,0.4172037362,0.4164950189,0.0007087173
anti_uav410,8,anti_uav410.load_8,AU-L08-W03,AU-L08-W03,732616,External-Auction,45,0.4072438737,0.4120218811,-0.0047780074
anti_uav410,8,anti_uav410.load_8,AU-L08-W03,AU-L08-W03,732616,Greedy,44,0.4151074452,0.4168158491,-0.0017084039
anti_uav410,8,anti_uav410.load_8,AU-L08-W03,AU-L08-W03,732616,No-Stability,38,0.4065679637,0.4218138879,-0.0152459242
anti_uav410,8,anti_uav410.load_8,AU-L08-W03,AU-L08-W03,732616,No-Synergy,55,0.4126374641,0.4126374641,0.0
anti_uav410,8,anti_uav410.load_8,AU-L08-W03,AU-L08-W03,732616,Random,22,0.405582538,0.3850387322,0.0205438058
anti_uav410,8,anti_uav410.load_8,AU-L08-W03,AU-L08-W03,732617,External-Auction,60,0.4267809645,0.420825725,0.0059552395
anti_uav410,8,anti_uav410.load_8,AU-L08-W03,AU-L08-W03,732617,Greedy,60,0.4267809645,0.4264827129,0.0002982516
anti_uav410,8,anti_uav410.load_8,AU-L08-W03,AU-L08-W03,732617,No-Stability,56,0.4265630533,0.4302659475,-0.0037028943
anti_uav410,8,anti_uav410.load_8,AU-L08-W03,AU-L08-W03,732617,No-Synergy,68,0.4321044324,0.4321044324,0.0
anti_uav410,8,anti_uav410.load_8,AU-L08-W03,AU-L08-W03,732617,Random,33,0.4260778823,0.4259152775,0.0001626049
anti_uav410,8,anti_uav410.load_8,AU-L08-W03,AU-L08-W03,732618,External-Auction,59,0.4233125024,0.4239596394,-0.000647137
anti_uav410,8,anti_uav410.load_8,AU-L08-W03,AU-L08-W03,732618,Greedy,56,0.4239589901,0.429762878,-0.0058038879
anti_uav410,8,anti_uav410.load_8,AU-L08-W03,AU-L08-W03,732618,No-Stability,63,0.4293101468,0.4538176186,-0.0245074718
anti_uav410,8,anti_uav410.load_8,AU-L08-W03,AU-L08-W03,732618,No-Synergy,66,0.429034777,0.4323115551,-0.0032767781
anti_uav410,8,anti_uav410.load_8,AU-L08-W03,AU-L08-W03,732618,Random,39,0.4104120481,0.4190202232,-0.0086081751
anti_uav410,8,anti_uav410.load_8,AU-L08-W03,AU-L08-W03,732619,External-Auction,55,0.4163966256,0.4157600831,0.0006365425
anti_uav410,8,anti_uav410.load_8,AU-L08-W03,AU-L08-W03,732619,Greedy,60,0.4225024363,0.421918939,0.0005834973
anti_uav410,8,anti_uav410.load_8,AU-L08-W03,AU-L08-W03,732619,No-Stability,55,0.4165315201,0.4185975271,-0.0020660071
anti_uav410,8,anti_uav410.load_8,AU-L08-W03,AU-L08-W03,732619,No-Synergy,60,0.4225024363,0.4220804115,0.0004220248
anti_uav410,8,anti_uav410.load_8,AU-L08-W03,AU-L08-W03,732619,Random,38,0.4079481935,0.4121649312,-0.0042167377
anti_uav410,8,anti_uav410.load_8,AU-L08-W03,AU-L08-W03,732620,External-Auction,52,0.4382796395,0.4227558195,0.0155238201
anti_uav410,8,anti_uav410.load_8,AU-L08-W03,AU-L08-W03,732620,Greedy,52,0.4382796395,0.4227558195,0.0155238201
anti_uav410,8,anti_uav410.load_8,AU-L08-W03,AU-L08-W03,732620,No-Stability,64,0.4198810861,0.4277011522,-0.0078200661
anti_uav410,8,anti_uav410.load_8,AU-L08-W03,AU-L08-W03,732620,No-Synergy,67,0.4224414581,0.4225030121,-6.1554e-05
anti_uav410,8,anti_uav410.load_8,AU-L08-W03,AU-L08-W03,732620,Random,39,0.4174425862,0.4134048722,0.004037714
anti_uav410,8,anti_uav410.load_8,AU-L08-W03,AU-L08-W03,732621,External-Auction,45,0.4094458503,0.4112598987,-0.0018140484
anti_uav410,8,anti_uav410.load_8,AU-L08-W03,AU-L08-W03,732621,Greedy,48,0.4178568652,0.4191036312,-0.001246766
anti_uav410,8,anti_uav410.load_8,AU-L08-W03,AU-L08-W03,732621,No-Stability,49,0.4154389048,0.4212072164,-0.0057683116
anti_uav410,8,anti_uav410.load_8,AU-L08-W03,AU-L08-W03,732621,No-Synergy,58,0.4176700347,0.4176700347,0.0
anti_uav410,8,anti_uav410.load_8,AU-L08-W03,AU-L08-W03,732621,Random,36,0.4239383439,0.4277734636,-0.0038351197
anti_uav410,8,anti_uav410.load_8,AU-L08-W03,AU-L08-W03,732622,External-Auction,58,0.427102315,0.4291243451,-0.00202203
anti_uav410,8,anti_uav410.load_8,AU-L08-W03,AU-L08-W03,732622,Greedy,58,0.427102315,0.4295057516,-0.0024034366
anti_uav410,8,anti_uav410.load_8,AU-L08-W03,AU-L08-W03,732622,No-Stability,64,0.4334039893,0.4316075695,0.0017964198
anti_uav410,8,anti_uav410.load_8,AU-L08-W03,AU-L08-W03,732622,No-Synergy,69,0.4269656163,0.4269656163,0.0
anti_uav410,8,anti_uav410.load_8,AU-L08-W03,AU-L08-W03,732622,Random,46,0.4340776501,0.4328505133,0.0012271368
anti_uav410,8,anti_uav410.load_8,AU-L08-W03,AU-L08-W03,732623,External-Auction,46,0.435798172,0.4429634032,-0.0071652313
anti_uav410,8,anti_uav410.load_8,AU-L08-W03,AU-L08-W03,732623,Greedy,46,0.435798172,0.4429634032,-0.0071652313
anti_uav410,8,anti_uav410.load_8,AU-L08-W03,AU-L08-W03,732623,No-Stability,46,0.4322219887,0.4476331525,-0.0154111638
anti_uav410,8,anti_uav410.load_8,AU-L08-W03,AU-L08-W03,732623,No-Synergy,54,0.437973386,0.437973386,0.0
anti_uav410,8,anti_uav410.load_8,AU-L08-W03,AU-L08-W03,732623,Random,32,0.431246761,0.4431884703,-0.0119417093
anti_uav410,8,anti_uav410.load_8,AU-L08-W03,AU-L08-W03,732624,External-Auction,54,0.4152213743,0.4157265866,-0.0005052123
anti_uav410,8,anti_uav410.load_8,AU-L08-W03,AU-L08-W03,732624,Greedy,54,0.4161460719,0.4156830637,0.0004630081
anti_uav410,8,anti_uav410.load_8,AU-L08-W03,AU-L08-W03,732624,No-Stability,46,0.4144674329,0.4166798672,-0.0022124343
anti_uav410,8,anti_uav410.load_8,AU-L08-W03,AU-L08-W03,732624,No-Synergy,58,0.4062247623,0.4062247623,0.0
anti_uav410,8,anti_uav410.load_8,AU-L08-W03,AU-L08-W03,732624,Random,29,0.4076027539,0.4168183488,-0.0092155949
anti_uav410,8,anti_uav410.load_8,AU-L08-W03,AU-L08-W03,732625,External-Auction,58,0.4430092306,0.4522052634,-0.0091960328
anti_uav410,8,anti_uav410.load_8,AU-L08-W03,AU-L08-W03,732625,Greedy,58,0.4430092306,0.4522052634,-0.0091960328
anti_uav410,8,anti_uav410.load_8,AU-L08-W03,AU-L08-W03,732625,No-Stability,66,0.4506209982,0.4624223454,-0.0118013472
anti_uav410,8,anti_uav410.load_8,AU-L08-W03,AU-L08-W03,732625,No-Synergy,66,0.4501670524,0.4503141519,-0.0001470994
anti_uav410,8,anti_uav410.load_8,AU-L08-W03,AU-L08-W03,732625,Random,40,0.4496063071,0.4623205288,-0.0127142218
anti_uav410,8,anti_uav410.load_8,AU-L08-W03,AU-L08-W03,732626,External-Auction,41,0.4173427513,0.4354202909,-0.0180775396
anti_uav410,8,anti_uav410.load_8,AU-L08-W03,AU-L08-W03,732626,Greedy,49,0.3969306382,0.4076750279,-0.0107443897
anti_uav410,8,anti_uav410.load_8,AU-L08-W03,AU-L08-W03,732626,No-Stability,53,0.3947766514,0.4055477678,-0.0107711164
anti_uav410,8,anti_uav410.load_8,AU-L08-W03,AU-L08-W03,732626,No-Synergy,58,0.4002176698,0.4002176698,0.0
anti_uav410,8,anti_uav410.load_8,AU-L08-W03,AU-L08-W03,732626,Random,31,0.3795919598,0.3790827825,0.0005091773
anti_uav410,8,anti_uav410.load_8,AU-L08-W03,AU-L08-W03,732627,External-Auction,51,0.4237241551,0.4244501635,-0.0007260084
anti_uav410,8,anti_uav410.load_8,AU-L08-W03,AU-L08-W03,732627,Greedy,45,0.4393992652,0.4338931198,0.0055061454
anti_uav410,8,anti_uav410.load_8,AU-L08-W03,AU-L08-W03,732627,No-Stability,62,0.4231440419,0.4287166633,-0.0055726214
anti_uav410,8,anti_uav410.load_8,AU-L08-W03,AU-L08-W03,732627,No-Synergy,66,0.4229673167,0.4229673167,0.0
anti_uav410,8,anti_uav410.load_8,AU-L08-W03,AU-L08-W03,732627,Random,41,0.4141206793,0.4277472879,-0.0136266086
anti_uav410,8,anti_uav410.load_8,AU-L08-W03,AU-L08-W03,732628,External-Auction,56,0.4400524248,0.4438432713,-0.0037908465
anti_uav410,8,anti_uav410.load_8,AU-L08-W03,AU-L08-W03,732628,Greedy,54,0.4451372125,0.4571058605,-0.0119686479
anti_uav410,8,anti_uav410.load_8,AU-L08-W03,AU-L08-W03,732628,No-Stability,63,0.4413744973,0.4577897873,-0.0164152899
anti_uav410,8,anti_uav410.load_8,AU-L08-W03,AU-L08-W03,732628,No-Synergy,61,0.4399005598,0.4400389769,-0.0001384171
anti_uav410,8,anti_uav410.load_8,AU-L08-W03,AU-L08-W03,732628,Random,37,0.4376933419,0.4433316376,-0.0056382956
anti_uav410,8,anti_uav410.load_8,AU-L08-W03,AU-L08-W03,732629,External-Auction,44,0.4115781812,0.4146446072,-0.003066426
anti_uav410,8,anti_uav410.load_8,AU-L08-W03,AU-L08-W03,732629,Greedy,44,0.4115781812,0.4146446072,-0.003066426
anti_uav410,8,anti_uav410.load_8,AU-L08-W03,AU-L08-W03,732629,No-Stability,48,0.4268788811,0.4323989912,-0.0055201101
anti_uav410,8,anti_uav410.load_8,AU-L08-W03,AU-L08-W03,732629,No-Synergy,55,0.4215653204,0.4213509072,0.0002144132
anti_uav410,8,anti_uav410.load_8,AU-L08-W03,AU-L08-W03,732629,Random,34,0.4122598199,0.4283508625,-0.0160910427
anti_uav410,8,anti_uav410.load_8,AU-L08-W04,AU-L08-W04,732700,External-Auction,50,0.3963371458,0.3966156424,-0.0002784965
anti_uav410,8,anti_uav410.load_8,AU-L08-W04,AU-L08-W04,732700,Greedy,48,0.4211819903,0.4239998674,-0.0028178771
anti_uav410,8,anti_uav410.load_8,AU-L08-W04,AU-L08-W04,732700,No-Stability,51,0.4061512891,0.4114141863,-0.0052628972
anti_uav410,8,anti_uav410.load_8,AU-L08-W04,AU-L08-W04,732700,No-Synergy,56,0.4094228394,0.4094228394,0.0
anti_uav410,8,anti_uav410.load_8,AU-L08-W04,AU-L08-W04,732700,Random,33,0.414195548,0.4130883611,0.0011071869
anti_uav410,8,anti_uav410.load_8,AU-L08-W04,AU-L08-W04,732701,External-Auction,50,0.3783599012,0.378765559,-0.0004056578
anti_uav410,8,anti_uav410.load_8,AU-L08-W04,AU-L08-W04,732701,Greedy,50,0.3783599012,0.378765559,-0.0004056578
anti_uav410,8,anti_uav410.load_8,AU-L08-W04,AU-L08-W04,732701,No-Stability,51,0.3894945729,0.3964578898,-0.0069633169
anti_uav410,8,anti_uav410.load_8,AU-L08-W04,AU-L08-W04,732701,No-Synergy,54,0.3786215085,0.3779348627,0.0006866458
anti_uav410,8,anti_uav410.load_8,AU-L08-W04,AU-L08-W04,732701,Random,34,0.3712820024,0.3778393317,-0.0065573293
anti_uav410,8,anti_uav410.load_8,AU-L08-W04,AU-L08-W04,732702,External-Auction,47,0.4385314761,0.4398002494,-0.0012687734
anti_uav410,8,anti_uav410.load_8,AU-L08-W04,AU-L08-W04,732702,Greedy,47,0.4385314761,0.4398002494,-0.0012687734
anti_uav410,8,anti_uav410.load_8,AU-L08-W04,AU-L08-W04,732702,No-Stability,48,0.414724115,0.4070067709,0.0077173441
anti_uav410,8,anti_uav410.load_8,AU-L08-W04,AU-L08-W04,732702,No-Synergy,53,0.4127737662,0.4144667958,-0.0016930295
anti_uav410,8,anti_uav410.load_8,AU-L08-W04,AU-L08-W04,732702,Random,29,0.4155388702,0.4061918147,0.0093470555
anti_uav410,8,anti_uav410.load_8,AU-L08-W04,AU-L08-W04,732703,External-Auction,49,0.4140855597,0.4143334419,-0.0002478822
anti_uav410,8,anti_uav410.load_8,AU-L08-W04,AU-L08-W04,732703,Greedy,54,0.4038540935,0.4047028066,-0.0008487131
anti_uav410,8,anti_uav410.load_8,AU-L08-W04,AU-L08-W04,732703,No-Stability,53,0.4058662867,0.4060481024,-0.0001818157
anti_uav410,8,anti_uav410.load_8,AU-L08-W04,AU-L08-W04,732703,No-Synergy,58,0.4014444624,0.4014444624,0.0
anti_uav410,8,anti_uav410.load_8,AU-L08-W04,AU-L08-W04,732703,Random,35,0.422420605,0.4271853567,-0.0047647517
anti_uav410,8,anti_uav410.load_8,AU-L08-W04,AU-L08-W04,732704,External-Auction,57,0.4347060454,0.4260931474,0.0086128981
anti_uav410,8,anti_uav410.load_8,AU-L08-W04,AU-L08-W04,732704,Greedy,57,0.4347060454,0.4260931474,0.0086128981
anti_uav410,8,anti_uav410.load_8,AU-L08-W04,AU-L08-W04,732704,No-Stability,60,0.4400747548,0.4474671911,-0.0073924363
anti_uav410,8,anti_uav410.load_8,AU-L08-W04,AU-L08-W04,732704,No-Synergy,62,0.4376154043,0.4376154043,0.0
anti_uav410,8,anti_uav410.load_8,AU-L08-W04,AU-L08-W04,732704,Random,41,0.4469080889,0.4466278302,0.0002802587
anti_uav410,8,anti_uav410.load_8,AU-L08-W04,AU-L08-W04,732705,External-Auction,52,0.4037377457,0.4097453974,-0.0060076516
anti_uav410,8,anti_uav410.load_8,AU-L08-W04,AU-L08-W04,732705,Greedy,53,0.4057103599,0.4128570857,-0.0071467258
anti_uav410,8,anti_uav410.load_8,AU-L08-W04,AU-L08-W04,732705,No-Stability,52,0.4091101128,0.4070057984,0.0021043144
anti_uav410,8,anti_uav410.load_8,AU-L08-W04,AU-L08-W04,732705,No-Synergy,56,0.408051652,0.408051652,0.0
anti_uav410,8,anti_uav410.load_8,AU-L08-W04,AU-L08-W04,732705,Random,32,0.3984135696,0.3973808457,0.0010327239
anti_uav410,8,anti_uav410.load_8,AU-L08-W04,AU-L08-W04,732706,External-Auction,47,0.4168199369,0.4213965212,-0.0045765844
anti_uav410,8,anti_uav410.load_8,AU-L08-W04,AU-L08-W04,732706,Greedy,50,0.4066977723,0.4080757901,-0.0013780178
anti_uav410,8,anti_uav410.load_8,AU-L08-W04,AU-L08-W04,732706,No-Stability,53,0.4103330758,0.4149599835,-0.0046269077
anti_uav410,8,anti_uav410.load_8,AU-L08-W04,AU-L08-W04,732706,No-Synergy,56,0.4035405368,0.4035405368,0.0
anti_uav410,8,anti_uav410.load_8,AU-L08-W04,AU-L08-W04,732706,Random,33,0.3998520074,0.4031771011,-0.0033250937
anti_uav410,8,anti_uav410.load_8,AU-L08-W04,AU-L08-W04,732707,External-Auction,57,0.418089488,0.4223194569,-0.0042299689
anti_uav410,8,anti_uav410.load_8,AU-L08-W04,AU-L08-W04,732707,Greedy,57,0.418089488,0.4223194569,-0.0042299689
anti_uav410,8,anti_uav410.load_8,AU-L08-W04,AU-L08-W04,732707,No-Stability,60,0.4286730438,0.4413964748,-0.012723431
anti_uav410,8,anti_uav410.load_8,AU-L08-W04,AU-L08-W04,732707,No-Synergy,61,0.4257281476,0.4257281476,0.0
anti_uav410,8,anti_uav410.load_8,AU-L08-W04,AU-L08-W04,732707,Random,41,0.412279908,0.4134192808,-0.0011393728
anti_uav410,8,anti_uav410.load_8,AU-L08-W04,AU-L08-W04,732708,External-Auction,50,0.4017906854,0.4019589947,-0.0001683093
anti_uav410,8,anti_uav410.load_8,AU-L08-W04,AU-L08-W04,732708,Greedy,50,0.4017906854,0.4019589947,-0.0001683093
anti_uav410,8,anti_uav410.load_8,AU-L08-W04,AU-L08-W04,732708,No-Stability,45,0.3982842324,0.4022523008,-0.0039680684
anti_uav410,8,anti_uav410.load_8,AU-L08-W04,AU-L08-W04,732708,No-Synergy,54,0.4032787129,0.4032787129,0.0
anti_uav410,8,anti_uav410.load_8,AU-L08-W04,AU-L08-W04,732708,Random,27,0.4137093533,0.4223292108,-0.0086198575
anti_uav410,8,anti_uav410.load_8,AU-L08-W04,AU-L08-W04,732709,External-Auction,61,0.4249149003,0.4272767604,-0.0023618601
anti_uav410,8,anti_uav410.load_8,AU-L08-W04,AU-L08-W04,732709,Greedy,60,0.4242520226,0.4284112968,-0.0041592742
anti_uav410,8,anti_uav410.load_8,AU-L08-W04,AU-L08-W04,732709,No-Stability,59,0.4308639137,0.4273483648,0.0035155489
anti_uav410,8,anti_uav410.load_8,AU-L08-W04,AU-L08-W04,732709,No-Synergy,62,0.4259387346,0.425223016,0.0007157187
anti_uav410,8,anti_uav410.load_8,AU-L08-W04,AU-L08-W04,732709,Random,41,0.4299896749,0.4222589332,0.0077307417
anti_uav410,8,anti_uav410.load_8,AU-L08-W04,AU-L08-W04,732710,External-Auction,57,0.4238472495,0.4335292975,-0.009682048
anti_uav410,8,anti_uav410.load_8,AU-L08-W04,AU-L08-W04,732710,Greedy,56,0.4239337217,0.4351509559,-0.0112172342
anti_uav410,8,anti_uav410.load_8,AU-L08-W04,AU-L08-W04,732710,No-Stability,56,0.4227265165,0.416523889,0.0062026275
anti_uav410,8,anti_uav410.load_8,AU-L08-W04,AU-L08-W04,732710,No-Synergy,63,0.4202246008,0.4202246008,0.0
anti_uav410,8,anti_uav410.load_8,AU-L08-W04,AU-L08-W04,732710,Random,36,0.4263253503,0.4151703712,0.0111549792
anti_uav410,8,anti_uav410.load_8,AU-L08-W04,AU-L08-W04,732711,External-Auction,58,0.4060824598,0.4111702042,-0.0050877444
anti_uav410,8,anti_uav410.load_8,AU-L08-W04,AU-L08-W04,732711,Greedy,58,0.4060824598,0.4111702042,-0.0050877444
anti_uav410,8,anti_uav410.load_8,AU-L08-W04,AU-L08-W04,732711,No-Stability,59,0.41127429,0.415542158,-0.004267868
anti_uav410,8,anti_uav410.load_8,AU-L08-W04,AU-L08-W04,732711,No-Synergy,59,0.407604029,0.407604029,0.0
anti_uav410,8,anti_uav410.load_8,AU-L08-W04,AU-L08-W04,732711,Random,34,0.387941268,0.4013885407,-0.0134472727
anti_uav410,8,anti_uav410.load_8,AU-L08-W04,AU-L08-W04,732712,External-Auction,55,0.4098650667,0.4141419462,-0.0042768795
anti_uav410,8,anti_uav410.load_8,AU-L08-W04,AU-L08-W04,732712,Greedy,54,0.4085018021,0.4094651328,-0.0009633307
anti_uav410,8,anti_uav410.load_8,AU-L08-W04,AU-L08-W04,732712,No-Stability,54,0.413011151,0.4128614216,0.0001497294
anti_uav410,8,anti_uav410.load_8,AU-L08-W04,AU-L08-W04,732712,No-Synergy,57,0.408447728,0.4079042933,0.0005434346
anti_uav410,8,anti_uav410.load_8,AU-L08-W04,AU-L08-W04,732712,Random,37,0.4279786242,0.4216523301,0.0063262941
anti_uav410,8,anti_uav410.load_8,AU-L08-W04,AU-L08-W04,732713,External-Auction,56,0.4003129351,0.407932552,-0.0076196169
anti_uav410,8,anti_uav410.load_8,AU-L08-W04,AU-L08-W04,732713,Greedy,54,0.3985282592,0.4052078484,-0.0066795892
anti_uav410,8,anti_uav410.load_8,AU-L08-W04,AU-L08-W04,732713,No-Stability,56,0.4061472509,0.4150554014,-0.0089081505
anti_uav410,8,anti_uav410.load_8,AU-L08-W04,AU-L08-W04,732713,No-Synergy,60,0.4066380135,0.4065452979,9.27156e-05
anti_uav410,8,anti_uav410.load_8,AU-L08-W04,AU-L08-W04,732713,Random,38,0.4203329744,0.4224304012,-0.0020974268
anti_uav410,8,anti_uav410.load_8,AU-L08-W04,AU-L08-W04,732714,External-Auction,42,0.4196960111,0.4127196224,0.0069763887
anti_uav410,8,anti_uav410.load_8,AU-L08-W04,AU-L08-W04,732714,Greedy,48,0.4062155929,0.4006773868,0.0055382061
anti_uav410,8,anti_uav410.load_8,AU-L08-W04,AU-L08-W04,732714,No-Stability,50,0.4016082119,0.4066219394,-0.0050137276
anti_uav410,8,anti_uav410.load_8,AU-L08-W04,AU-L08-W04,732714,No-Synergy,54,0.4027183742,0.4027183742,0.0
anti_uav410,8,anti_uav410.load_8,AU-L08-W04,AU-L08-W04,732714,Random,29,0.3928195728,0.395974043,-0.0031544701
anti_uav410,8,anti_uav410.load_8,AU-L08-W04,AU-L08-W04,732715,External-Auction,44,0.3790214689,0.3745595197,0.0044619492
anti_uav410,8,anti_uav410.load_8,AU-L08-W04,AU-L08-W04,732715,Greedy,44,0.3790214689,0.3745595197,0.0044619492
anti_uav410,8,anti_uav410.load_8,AU-L08-W04,AU-L08-W04,732715,No-Stability,49,0.383516745,0.3899793248,-0.0064625798
anti_uav410,8,anti_uav410.load_8,AU-L08-W04,AU-L08-W04,732715,No-Synergy,52,0.3895049216,0.3895049216,0.0
anti_uav410,8,anti_uav410.load_8,AU-L08-W04,AU-L08-W04,732715,Random,29,0.3829343976,0.3914249946,-0.008490597
anti_uav410,8,anti_uav410.load_8,AU-L08-W04,AU-L08-W04,732716,External-Auction,48,0.3990696467,0.4025495395,-0.0034798927
anti_uav410,8,anti_uav410.load_8,AU-L08-W04,AU-L08-W04,732716,Greedy,51,0.4020115245,0.4024607477,-0.0004492233
anti_uav410,8,anti_uav410.load_8,AU-L08-W04,AU-L08-W04,732716,No-Stability,50,0.4015409374,0.4019308682,-0.0003899307
anti_uav410,8,anti_uav410.load_8,AU-L08-W04,AU-L08-W04,732716,No-Synergy,55,0.3978185772,0.3978185772,0.0
anti_uav410,8,anti_uav410.load_8,AU-L08-W04,AU-L08-W04,732716,Random,33,0.4102318092,0.4149005401,-0.0046687309
anti_uav410,8,anti_uav410.load_8,AU-L08-W04,AU-L08-W04,732717,External-Auction,58,0.4155369446,0.4114800875,0.004056857
anti_uav410,8,anti_uav410.load_8,AU-L08-W04,AU-L08-W04,732717,Greedy,58,0.4155369446,0.4114800875,0.004056857
anti_uav410,8,anti_uav410.load_8,AU-L08-W04,AU-L08-W04,732717,No-Stability,57,0.4166577907,0.4236532801,-0.0069954894
anti_uav410,8,anti_uav410.load_8,AU-L08-W04,AU-L08-W04,732717,No-Synergy,60,0.4115477601,0.4115477601,0.0
anti_uav410,8,anti_uav410.load_8,AU-L08-W04,AU-L08-W04,732717,Random,39,0.3968849027,0.4029625499,-0.0060776472
anti_uav410,8,anti_uav410.load_8,AU-L08-W04,AU-L08-W04,732718,External-Auction,53,0.4355854239,0.4355854239,0.0
anti_uav410,8,anti_uav410.load_8,AU-L08-W04,AU-L08-W04,732718,Greedy,53,0.4240132309,0.4228691465,0.0011440844
anti_uav410,8,anti_uav410.load_8,AU-L08-W04,AU-L08-W04,732718,No-Stability,54,0.4268527569,0.433429906,-0.0065771491
anti_uav410,8,anti_uav410.load_8,AU-L08-W04,AU-L08-W04,732718,No-Synergy,56,0.4254528493,0.4254528493,0.0
anti_uav410,8,anti_uav410.load_8,AU-L08-W04,AU-L08-W04,732718,Random,33,0.4337569499,0.4419060544,-0.0081491044
anti_uav410,8,anti_uav410.load_8,AU-L08-W04,AU-L08-W04,732719,External-Auction,59,0.4158101412,0.4153969849,0.0004131563
anti_uav410,8,anti_uav410.load_8,AU-L08-W04,AU-L08-W04,732719,Greedy,55,0.4106413183,0.4134670666,-0.0028257483
anti_uav410,8,anti_uav410.load_8,AU-L08-W04,AU-L08-W04,732719,No-Stability,54,0.4210119343,0.4124516792,0.008560255
anti_uav410,8,anti_uav410.load_8,AU-L08-W04,AU-L08-W04,732719,No-Synergy,60,0.4162398713,0.4169824349,-0.0007425636
anti_uav410,8,anti_uav410.load_8,AU-L08-W04,AU-L08-W04,732719,Random,40,0.4027706989,0.3987004822,0.0040702167
anti_uav410,8,anti_uav410.load_8,AU-L08-W04,AU-L08-W04,732720,External-Auction,37,0.3964328223,0.3900419463,0.006390876
anti_uav410,8,anti_uav410.load_8,AU-L08-W04,AU-L08-W04,732720,Greedy,47,0.4088439337,0.4094147732,-0.0005708394
anti_uav410,8,anti_uav410.load_8,AU-L08-W04,AU-L08-W04,732720,No-Stability,49,0.4100570558,0.4129755473,-0.0029184915
anti_uav410,8,anti_uav410.load_8,AU-L08-W04,AU-L08-W04,732720,No-Synergy,51,0.4107488897,0.4107488897,0.0
anti_uav410,8,anti_uav410.load_8,AU-L08-W04,AU-L08-W04,732720,Random,31,0.413354851,0.4166428071,-0.003287956
anti_uav410,8,anti_uav410.load_8,AU-L08-W04,AU-L08-W04,732721,External-Auction,43,0.4087670754,0.4077045148,0.0010625606
anti_uav410,8,anti_uav410.load_8,AU-L08-W04,AU-L08-W04,732721,Greedy,43,0.3905811863,0.3868704606,0.0037107257
anti_uav410,8,anti_uav410.load_8,AU-L08-W04,AU-L08-W04,732721,No-Stability,50,0.3994082482,0.4020259632,-0.0026177151
anti_uav410,8,anti_uav410.load_8,AU-L08-W04,AU-L08-W04,732721,No-Synergy,51,0.3985716851,0.3985716851,0.0
anti_uav410,8,anti_uav410.load_8,AU-L08-W04,AU-L08-W04,732721,Random,32,0.3943456424,0.395664617,-0.0013189745
anti_uav410,8,anti_uav410.load_8,AU-L08-W04,AU-L08-W04,732722,External-Auction,59,0.4197962663,0.4197519837,4.42826e-05
anti_uav410,8,anti_uav410.load_8,AU-L08-W04,AU-L08-W04,732722,Greedy,59,0.4197962663,0.4197519837,4.42826e-05
anti_uav410,8,anti_uav410.load_8,AU-L08-W04,AU-L08-W04,732722,No-Stability,58,0.4228248109,0.4178179526,0.0050068583
anti_uav410,8,anti_uav410.load_8,AU-L08-W04,AU-L08-W04,732722,No-Synergy,61,0.4203527007,0.4203527007,0.0
anti_uav410,8,anti_uav410.load_8,AU-L08-W04,AU-L08-W04,732722,Random,36,0.4419786297,0.4321179228,0.0098607069
anti_uav410,8,anti_uav410.load_8,AU-L08-W04,AU-L08-W04,732723,External-Auction,51,0.3890788535,0.397250236,-0.0081713825
anti_uav410,8,anti_uav410.load_8,AU-L08-W04,AU-L08-W04,732723,Greedy,50,0.3862192494,0.390929949,-0.0047106997
anti_uav410,8,anti_uav410.load_8,AU-L08-W04,AU-L08-W04,732723,No-Stability,56,0.3921138874,0.4018753916,-0.0097615042
anti_uav410,8,anti_uav410.load_8,AU-L08-W04,AU-L08-W04,732723,No-Synergy,53,0.3863006455,0.3862314131,6.92325e-05
anti_uav410,8,anti_uav410.load_8,AU-L08-W04,AU-L08-W04,732723,Random,35,0.3748513429,0.3792431159,-0.004391773
anti_uav410,8,anti_uav410.load_8,AU-L08-W04,AU-L08-W04,732724,External-Auction,50,0.3959567339,0.39446192,0.0014948139
anti_uav410,8,anti_uav410.load_8,AU-L08-W04,AU-L08-W04,732724,Greedy,46,0.4090465804,0.4091300875,-8.35071e-05
anti_uav410,8,anti_uav410.load_8,AU-L08-W04,AU-L08-W04,732724,No-Stability,53,0.4024728032,0.4078544917,-0.0053816886
anti_uav410,8,anti_uav410.load_8,AU-L08-W04,AU-L08-W04,732724,No-Synergy,55,0.4020001488,0.4020001488,0.0
anti_uav410,8,anti_uav410.load_8,AU-L08-W04,AU-L08-W04,732724,Random,33,0.4208847305,0.4237968375,-0.002912107
anti_uav410,8,anti_uav410.load_8,AU-L08-W04,AU-L08-W04,732725,External-Auction,57,0.424566865,0.4267468444,-0.0021799794
anti_uav410,8,anti_uav410.load_8,AU-L08-W04,AU-L08-W04,732725,Greedy,55,0.4252785595,0.4343039246,-0.0090253651
anti_uav410,8,anti_uav410.load_8,AU-L08-W04,AU-L08-W04,732725,No-Stability,56,0.4337737219,0.433571041,0.0002026808
anti_uav410,8,anti_uav410.load_8,AU-L08-W04,AU-L08-W04,732725,No-Synergy,59,0.4296657981,0.4293555514,0.0003102468
anti_uav410,8,anti_uav410.load_8,AU-L08-W04,AU-L08-W04,732725,Random,36,0.437983819,0.4318946588,0.0060891602
anti_uav410,8,anti_uav410.load_8,AU-L08-W04,AU-L08-W04,732726,External-Auction,58,0.4029736117,0.4029736117,0.0
anti_uav410,8,anti_uav410.load_8,AU-L08-W04,AU-L08-W04,732726,Greedy,58,0.4029736117,0.4029736117,0.0
anti_uav410,8,anti_uav410.load_8,AU-L08-W04,AU-L08-W04,732726,No-Stability,56,0.4059456659,0.4219398552,-0.0159941893
anti_uav410,8,anti_uav410.load_8,AU-L08-W04,AU-L08-W04,732726,No-Synergy,58,0.4029736117,0.4029736117,0.0
anti_uav410,8,anti_uav410.load_8,AU-L08-W04,AU-L08-W04,732726,Random,37,0.3893705873,0.3956387061,-0.0062681188
anti_uav410,8,anti_uav410.load_8,AU-L08-W04,AU-L08-W04,732727,External-Auction,52,0.4273210202,0.4234567387,0.0038642814
anti_uav410,8,anti_uav410.load_8,AU-L08-W04,AU-L08-W04,732727,Greedy,52,0.4273210202,0.4227212833,0.0045997368
anti_uav410,8,anti_uav410.load_8,AU-L08-W04,AU-L08-W04,732727,No-Stability,52,0.4379339298,0.4387905673,-0.0008566374
anti_uav410,8,anti_uav410.load_8,AU-L08-W04,AU-L08-W04,732727,No-Synergy,55,0.4295629637,0.4295629637,0.0
anti_uav410,8,anti_uav410.load_8,AU-L08-W04,AU-L08-W04,732727,Random,34,0.4250542143,0.4240910237,0.0009631907
anti_uav410,8,anti_uav410.load_8,AU-L08-W04,AU-L08-W04,732728,External-Auction,56,0.4142749,0.4142749,0.0
anti_uav410,8,anti_uav410.load_8,AU-L08-W04,AU-L08-W04,732728,Greedy,56,0.4142749,0.4142749,0.0
anti_uav410,8,anti_uav410.load_8,AU-L08-W04,AU-L08-W04,732728,No-Stability,52,0.4134452219,0.407152302,0.0062929198
anti_uav410,8,anti_uav410.load_8,AU-L08-W04,AU-L08-W04,732728,No-Synergy,56,0.4142749,0.4142749,0.0
anti_uav410,8,anti_uav410.load_8,AU-L08-W04,AU-L08-W04,732728,Random,33,0.4091823217,0.4065829206,0.0025994011
anti_uav410,8,anti_uav410.load_8,AU-L08-W04,AU-L08-W04,732729,External-Auction,60,0.4106693011,0.4106693011,0.0
anti_uav410,8,anti_uav410.load_8,AU-L08-W04,AU-L08-W04,732729,Greedy,56,0.4080504237,0.4076315021,0.0004189217
anti_uav410,8,anti_uav410.load_8,AU-L08-W04,AU-L08-W04,732729,No-Stability,56,0.4083589047,0.4275825971,-0.0192236924
anti_uav410,8,anti_uav410.load_8,AU-L08-W04,AU-L08-W04,732729,No-Synergy,60,0.4106693011,0.4106693011,0.0
anti_uav410,8,anti_uav410.load_8,AU-L08-W04,AU-L08-W04,732729,Random,38,0.4048570888,0.4135050088,-0.0086479199
uzh_fpv,1,uzh_fpv.load_1,indoor_45_12,UZH-indoor_45_12,732800,External-Auction,11,0.3930074656,0.3930074656,0.0
uzh_fpv,1,uzh_fpv.load_1,indoor_45_12,UZH-indoor_45_12,732800,Greedy,11,0.3930074656,0.3930074656,0.0
uzh_fpv,1,uzh_fpv.load_1,indoor_45_12,UZH-indoor_45_12,732800,No-Stability,11,0.3930074656,0.4071825229,-0.0141750573
uzh_fpv,1,uzh_fpv.load_1,indoor_45_12,UZH-indoor_45_12,732800,No-Synergy,11,0.3930074656,0.3930074656,0.0
uzh_fpv,1,uzh_fpv.load_1,indoor_45_12,UZH-indoor_45_12,732800,Random,9,0.3867722344,0.4144856282,-0.0277133938
uzh_fpv,1,uzh_fpv.load_1,indoor_45_12,UZH-indoor_45_12,732801,External-Auction,10,0.4010936478,0.4010936478,0.0
uzh_fpv,1,uzh_fpv.load_1,indoor_45_12,UZH-indoor_45_12,732801,Greedy,10,0.4010936478,0.4010936478,0.0
uzh_fpv,1,uzh_fpv.load_1,indoor_45_12,UZH-indoor_45_12,732801,No-Stability,10,0.4010936478,0.4154254185,-0.0143317707
uzh_fpv,1,uzh_fpv.load_1,indoor_45_12,UZH-indoor_45_12,732801,No-Synergy,10,0.4010936478,0.4010936478,0.0
uzh_fpv,1,uzh_fpv.load_1,indoor_45_12,UZH-indoor_45_12,732801,Random,9,0.4051282494,0.4429770384,-0.037848789
uzh_fpv,1,uzh_fpv.load_1,indoor_45_12,UZH-indoor_45_12,732802,External-Auction,10,0.4256564615,0.4256564615,0.0
uzh_fpv,1,uzh_fpv.load_1,indoor_45_12,UZH-indoor_45_12,732802,Greedy,10,0.4256564615,0.4256564615,0.0
uzh_fpv,1,uzh_fpv.load_1,indoor_45_12,UZH-indoor_45_12,732802,No-Stability,10,0.4256564615,0.4467596358,-0.0211031743
uzh_fpv,1,uzh_fpv.load_1,indoor_45_12,UZH-indoor_45_12,732802,No-Synergy,10,0.4256564615,0.4256564615,0.0
uzh_fpv,1,uzh_fpv.load_1,indoor_45_12,UZH-indoor_45_12,732802,Random,9,0.4221529911,0.4388125775,-0.0166595864
uzh_fpv,1,uzh_fpv.load_1,indoor_45_12,UZH-indoor_45_12,732803,External-Auction,11,0.3987073252,0.3987073252,0.0
uzh_fpv,1,uzh_fpv.load_1,indoor_45_12,UZH-indoor_45_12,732803,Greedy,11,0.3987073252,0.3987073252,0.0
uzh_fpv,1,uzh_fpv.load_1,indoor_45_12,UZH-indoor_45_12,732803,No-Stability,11,0.3987073252,0.4147210957,-0.0160137705
uzh_fpv,1,uzh_fpv.load_1,indoor_45_12,UZH-indoor_45_12,732803,No-Synergy,11,0.3987073252,0.3987073252,0.0
uzh_fpv,1,uzh_fpv.load_1,indoor_45_12,UZH-indoor_45_12,732803,Random,6,0.4166062864,0.4410770578,-0.0244707714
uzh_fpv,1,uzh_fpv.load_1,indoor_45_12,UZH-indoor_45_12,732804,External-Auction,11,0.4105602793,0.4105602793,0.0
uzh_fpv,1,uzh_fpv.load_1,indoor_45_12,UZH-indoor_45_12,732804,Greedy,11,0.4105602793,0.4105602793,0.0
uzh_fpv,1,uzh_fpv.load_1,indoor_45_12,UZH-indoor_45_12,732804,No-Stability,11,0.4105602793,0.4389085407,-0.0283482614
uzh_fpv,1,uzh_fpv.load_1,indoor_45_12,UZH-indoor_45_12,732804,No-Synergy,11,0.4105602793,0.4105602793,0.0
uzh_fpv,1,uzh_fpv.load_1,indoor_45_12,UZH-indoor_45_12,732804,Random,6,0.4082461265,0.4308597488,-0.0226136223
uzh_fpv,1,uzh_fpv.load_1,indoor_45_12,UZH-indoor_45_12,732805,External-Auction,11,0.4093881156,0.4093881156,0.0
uzh_fpv,1,uzh_fpv.load_1,indoor_45_12,UZH-indoor_45_12,732805,Greedy,11,0.4093881156,0.4093881156,0.0
uzh_fpv,1,uzh_fpv.load_1,indoor_45_12,UZH-indoor_45_12,732805,No-Stability,11,0.4093881156,0.4320864089,-0.0226982933
uzh_fpv,1,uzh_fpv.load_1,indoor_45_12,UZH-indoor_45_12,732805,No-Synergy,11,0.4093881156,0.4093881156,0.0
uzh_fpv,1,uzh_fpv.load_1,indoor_45_12,UZH-indoor_45_12,732805,Random,10,0.4086109553,0.43079143,-0.0221804746
uzh_fpv,1,uzh_fpv.load_1,indoor_45_12,UZH-indoor_45_12,732806,External-Auction,11,0.3858304328,0.3858304328,0.0
uzh_fpv,1,uzh_fpv.load_1,indoor_45_12,UZH-indoor_45_12,732806,Greedy,11,0.3858304328,0.3858304328,0.0
uzh_fpv,1,uzh_fpv.load_1,indoor_45_12,UZH-indoor_45_12,732806,No-Stability,11,0.3858304328,0.4177208498,-0.031890417
uzh_fpv,1,uzh_fpv.load_1,indoor_45_12,UZH-indoor_45_12,732806,No-Synergy,11,0.3858304328,0.3858304328,0.0
uzh_fpv,1,uzh_fpv.load_1,indoor_45_12,UZH-indoor_45_12,732806,Random,10,0.382423261,0.4368433177,-0.0544200567
uzh_fpv,1,uzh_fpv.load_1,indoor_45_12,UZH-indoor_45_12,732807,External-Auction,11,0.4425332576,0.4425332576,0.0
uzh_fpv,1,uzh_fpv.load_1,indoor_45_12,UZH-indoor_45_12,732807,Greedy,11,0.4425332576,0.4425332576,0.0
uzh_fpv,1,uzh_fpv.load_1,indoor_45_12,UZH-indoor_45_12,732807,No-Stability,11,0.4425332576,0.4425332576,0.0
uzh_fpv,1,uzh_fpv.load_1,indoor_45_12,UZH-indoor_45_12,732807,No-Synergy,11,0.4425332576,0.4425332576,0.0
uzh_fpv,1,uzh_fpv.load_1,indoor_45_12,UZH-indoor_45_12,732807,Random,7,0.4294388971,0.4313707381,-0.001931841
uzh_fpv,1,uzh_fpv.load_1,indoor_45_12,UZH-indoor_45_12,732808,External-Auction,11,0.38583919,0.38583919,0.0
uzh_fpv,1,uzh_fpv.load_1,indoor_45_12,UZH-indoor_45_12,732808,Greedy,11,0.38583919,0.38583919,0.0
uzh_fpv,1,uzh_fpv.load_1,indoor_45_12,UZH-indoor_45_12,732808,No-Stability,11,0.38583919,0.4147794597,-0.0289402697
uzh_fpv,1,uzh_fpv.load_1,indoor_45_12,UZH-indoor_45_12,732808,No-Synergy,11,0.38583919,0.38583919,0.0
uzh_fpv,1,uzh_fpv.load_1,indoor_45_12,UZH-indoor_45_12,732808,Random,10,0.3900201744,0.4485054078,-0.0584852334
uzh_fpv,1,uzh_fpv.load_1,indoor_45_12,UZH-indoor_45_12,732809,External-Auction,11,0.4091459567,0.4091459567,0.0
uzh_fpv,1,uzh_fpv.load_1,indoor_45_12,UZH-indoor_45_12,732809,Greedy,11,0.4091459567,0.4091459567,0.0
uzh_fpv,1,uzh_fpv.load_1,indoor_45_12,UZH-indoor_45_12,732809,No-Stability,11,0.4091459567,0.413712722,-0.0045667653
uzh_fpv,1,uzh_fpv.load_1,indoor_45_12,UZH-indoor_45_12,732809,No-Synergy,11,0.4091459567,0.4091459567,0.0
uzh_fpv,1,uzh_fpv.load_1,indoor_45_12,UZH-indoor_45_12,732809,Random,9,0.414289842,0.4250745346,-0.0107846926
uzh_fpv,1,uzh_fpv.load_1,indoor_45_12,UZH-indoor_45_12,732810,External-Auction,11,0.3961097781,0.3961097781,0.0
uzh_fpv,1,uzh_fpv.load_1,indoor_45_12,UZH-indoor_45_12,732810,Greedy,11,0.3961097781,0.3961097781,0.0
uzh_fpv,1,uzh_fpv.load_1,indoor_45_12,UZH-indoor_45_12,732810,No-Stability,11,0.3961097781,0.4003332372,-0.004223459
uzh_fpv,1,uzh_fpv.load_1,indoor_45_12,UZH-indoor_45_12,732810,No-Synergy,11,0.3961097781,0.3961097781,0.0
uzh_fpv,1,uzh_fpv.load_1,indoor_45_12,UZH-indoor_45_12,732810,Random,8,0.3963409554,0.415121223,-0.0187802676
uzh_fpv,1,uzh_fpv.load_1,indoor_45_12,UZH-indoor_45_12,732811,External-Auction,11,0.3967137624,0.3967137624,0.0
uzh_fpv,1,uzh_fpv.load_1,indoor_45_12,UZH-indoor_45_12,732811,Greedy,11,0.3967137624,0.3967137624,0.0
uzh_fpv,1,uzh_fpv.load_1,indoor_45_12,UZH-indoor_45_12,732811,No-Stability,11,0.3967137624,0.4169234818,-0.0202097195
uzh_fpv,1,uzh_fpv.load_1,indoor_45_12,UZH-indoor_45_12,732811,No-Synergy,11,0.3967137624,0.3967137624,0.0
uzh_fpv,1,uzh_fpv.load_1,indoor_45_12,UZH-indoor_45_12,732811,Random,9,0.400316459,0.4156472275,-0.0153307685
uzh_fpv,1,uzh_fpv.load_1,indoor_45_12,UZH-indoor_45_12,732812,External-Auction,11,0.3975013702,0.3975013702,0.0
uzh_fpv,1,uzh_fpv.load_1,indoor_45_12,UZH-indoor_45_12,732812,Greedy,11,0.3975013702,0.3975013702,0.0
uzh_fpv,1,uzh_fpv.load_1,indoor_45_12,UZH-indoor_45_12,732812,No-Stability,11,0.3975013702,0.411391745,-0.0138903748
uzh_fpv,1,uzh_fpv.load_1,indoor_45_12,UZH-indoor_45_12,732812,No-Synergy,11,0.3975013702,0.3975013702,0.0
uzh_fpv,1,uzh_fpv.load_1,indoor_45_12,UZH-indoor_45_12,732812,Random,4,0.4091147385,0.418155299,-0.0090405605
uzh_fpv,1,uzh_fpv.load_1,indoor_45_12,UZH-indoor_45_12,732813,External-Auction,11,0.3885267991,0.3885267991,0.0
uzh_fpv,1,uzh_fpv.load_1,indoor_45_12,UZH-indoor_45_12,732813,Greedy,11,0.3885267991,0.3885267991,0.0
uzh_fpv,1,uzh_fpv.load_1,indoor_45_12,UZH-indoor_45_12,732813,No-Stability,11,0.3885267991,0.4022713641,-0.013744565
uzh_fpv,1,uzh_fpv.load_1,indoor_45_12,UZH-indoor_45_12,732813,No-Synergy,11,0.3885267991,0.3885267991,0.0
uzh_fpv,1,uzh_fpv.load_1,indoor_45_12,UZH-indoor_45_12,732813,Random,6,0.3925662064,0.4477332326,-0.0551670262
uzh_fpv,1,uzh_fpv.load_1,indoor_45_12,UZH-indoor_45_12,732814,External-Auction,11,0.4127188205,0.4127188205,0.0
uzh_fpv,1,uzh_fpv.load_1,indoor_45_12,UZH-indoor_45_12,732814,Greedy,11,0.4127188205,0.4127188205,0.0
uzh_fpv,1,uzh_fpv.load_1,indoor_45_12,UZH-indoor_45_12,732814,No-Stability,11,0.4127188205,0.4284173014,-0.0156984809
uzh_fpv,1,uzh_fpv.load_1,indoor_45_12,UZH-indoor_45_12,732814,No-Synergy,11,0.4127188205,0.4127188205,0.0
uzh_fpv,1,uzh_fpv.load_1,indoor_45_12,UZH-indoor_45_12,732814,Random,9,0.404874054,0.423691901,-0.018817847
uzh_fpv,1,uzh_fpv.load_1,indoor_45_12,UZH-indoor_45_12,732815,External-Auction,11,0.4390519665,0.4390519665,0.0
uzh_fpv,1,uzh_fpv.load_1,indoor_45_12,UZH-indoor_45_12,732815,Greedy,11,0.4390519665,0.4390519665,0.0
uzh_fpv,1,uzh_fpv.load_1,indoor_45_12,UZH-indoor_45_12,732815,No-Stability,11,0.4390519665,0.4390519665,0.0
uzh_fpv,1,uzh_fpv.load_1,indoor_45_12,UZH-indoor_45_12,732815,No-Synergy,11,0.4390519665,0.4390519665,0.0
uzh_fpv,1,uzh_fpv.load_1,indoor_45_12,UZH-indoor_45_12,732815,Random,8,0.4446767795,0.4322557544,0.012421025
uzh_fpv,1,uzh_fpv.load_1,indoor_45_12,UZH-indoor_45_12,732816,External-Auction,11,0.4300766948,0.4300766948,0.0
uzh_fpv,1,uzh_fpv.load_1,indoor_45_12,UZH-indoor_45_12,732816,Greedy,11,0.4300766948,0.4300766948,0.0
uzh_fpv,1,uzh_fpv.load_1,indoor_45_12,UZH-indoor_45_12,732816,No-Stability,11,0.4300766948,0.4325476993,-0.0024710045
uzh_fpv,1,uzh_fpv.load_1,indoor_45_12,UZH-indoor_45_12,732816,No-Synergy,11,0.4300766948,0.4300766948,0.0
uzh_fpv,1,uzh_fpv.load_1,indoor_45_12,UZH-indoor_45_12,732816,Random,5,0.4155325671,0.4373576341,-0.021825067
uzh_fpv,1,uzh_fpv.load_1,indoor_45_12,UZH-indoor_45_12,732817,External-Auction,11,0.4346250546,0.4346250546,0.0
uzh_fpv,1,uzh_fpv.load_1,indoor_45_12,UZH-indoor_45_12,732817,Greedy,11,0.4346250546,0.4346250546,0.0
uzh_fpv,1,uzh_fpv.load_1,indoor_45_12,UZH-indoor_45_12,732817,No-Stability,11,0.4346250546,0.4373027981,-0.0026777435
uzh_fpv,1,uzh_fpv.load_1,indoor_45_12,UZH-indoor_45_12,732817,No-Synergy,11,0.4346250546,0.4346250546,0.0
uzh_fpv,1,uzh_fpv.load_1,indoor_45_12,UZH-indoor_45_12,732817,Random,7,0.4447147719,0.4456751256,-0.0009603537
uzh_fpv,1,uzh_fpv.load_1,indoor_45_12,UZH-indoor_45_12,732818,External-Auction,11,0.4311674747,0.4311674747,0.0
uzh_fpv,1,uzh_fpv.load_1,indoor_45_12,UZH-indoor_45_12,732818,Greedy,11,0.4311674747,0.4311674747,0.0
uzh_fpv,1,uzh_fpv.load_1,indoor_45_12,UZH-indoor_45_12,732818,No-Stability,11,0.4311674747,0.4533480629,-0.0221805882
uzh_fpv,1,uzh_fpv.load_1,indoor_45_12,UZH-indoor_45_12,732818,No-Synergy,11,0.4311674747,0.4311674747,0.0
uzh_fpv,1,uzh_fpv.load_1,indoor_45_12,UZH-indoor_45_12,732818,Random,7,0.4504255799,0.492495923,-0.0420703431
uzh_fpv,1,uzh_fpv.load_1,indoor_45_12,UZH-indoor_45_12,732819,External-Auction,11,0.4258150427,0.4258150427,0.0
uzh_fpv,1,uzh_fpv.load_1,indoor_45_12,UZH-indoor_45_12,732819,Greedy,11,0.4258150427,0.4258150427,0.0
uzh_fpv,1,uzh_fpv.load_1,indoor_45_12,UZH-indoor_45_12,732819,No-Stability,11,0.4258150427,0.4374457928,-0.0116307502
uzh_fpv,1,uzh_fpv.load_1,indoor_45_12,UZH-indoor_45_12,732819,No-Synergy,11,0.4258150427,0.4258150427,0.0
uzh_fpv,1,uzh_fpv.load_1,indoor_45_12,UZH-indoor_45_12,732819,Random,8,0.4165151508,0.4369657181,-0.0204505673
uzh_fpv,1,uzh_fpv.load_1,indoor_45_12,UZH-indoor_45_12,732820,External-Auction,11,0.4222881321,0.4222881321,0.0
uzh_fpv,1,uzh_fpv.load_1,indoor_45_12,UZH-indoor_45_12,732820,Greedy,11,0.4222881321,0.4222881321,0.0
uzh_fpv,1,uzh_fpv.load_1,indoor_45_12,UZH-indoor_45_12,732820,No-Stability,11,0.4222881321,0.4378130357,-0.0155249035
uzh_fpv,1,uzh_fpv.load_1,indoor_45_12,UZH-indoor_45_12,732820,No-Synergy,11,0.4222881321,0.4222881321,0.0
uzh_fpv,1,uzh_fpv.load_1,indoor_45_12,UZH-indoor_45_12,732820,Random,8,0.4305498738,0.4450397725,-0.0144898987
uzh_fpv,1,uzh_fpv.load_1,indoor_45_12,UZH-indoor_45_12,732821,External-Auction,10,0.4156442431,0.4156442431,0.0
uzh_fpv,1,uzh_fpv.load_1,indoor_45_12,UZH-indoor_45_12,732821,Greedy,10,0.4156442431,0.4156442431,0.0
uzh_fpv,1,uzh_fpv.load_1,indoor_45_12,UZH-indoor_45_12,732821,No-Stability,10,0.4156442431,0.4290658662,-0.0134216231
uzh_fpv,1,uzh_fpv.load_1,indoor_45_12,UZH-indoor_45_12,732821,No-Synergy,10,0.4156442431,0.4156442431,0.0
uzh_fpv,1,uzh_fpv.load_1,indoor_45_12,UZH-indoor_45_12,732821,Random,7,0.4047511494,0.4237985679,-0.0190474185
uzh_fpv,1,uzh_fpv.load_1,indoor_45_12,UZH-indoor_45_12,732822,External-Auction,10,0.3903526191,0.3903526191,0.0
uzh_fpv,1,uzh_fpv.load_1,indoor_45_12,UZH-indoor_45_12,732822,Greedy,10,0.3903526191,0.3903526191,0.0
uzh_fpv,1,uzh_fpv.load_1,indoor_45_12,UZH-indoor_45_12,732822,No-Stability,10,0.3903526191,0.4209350783,-0.0305824592
uzh_fpv,1,uzh_fpv.load_1,indoor_45_12,UZH-indoor_45_12,732822,No-Synergy,10,0.3903526191,0.3903526191,0.0
uzh_fpv,1,uzh_fpv.load_1,indoor_45_12,UZH-indoor_45_12,732822,Random,4,0.4126994593,0.4367822858,-0.0240828266
uzh_fpv,1,uzh_fpv.load_1,indoor_45_12,UZH-indoor_45_12,732823,External-Auction,11,0.4176334321,0.4176334321,0.0
uzh_fpv,1,uzh_fpv.load_1,indoor_45_12,UZH-indoor_45_12,732823,Greedy,11,0.4176334321,0.4176334321,0.0
uzh_fpv,1,uzh_fpv.load_1,indoor_45_12,UZH-indoor_45_12,732823,No-Stability,11,0.4176334321,0.4266609319,-0.0090274998
uzh_fpv,1,uzh_fpv.load_1,indoor_45_12,UZH-indoor_45_12,732823,No-Synergy,11,0.4176334321,0.4176334321,0.0
uzh_fpv,1,uzh_fpv.load_1,indoor_45_12,UZH-indoor_45_12,732823,Random,5,0.3951223721,0.4017393739,-0.0066170018
uzh_fpv,1,uzh_fpv.load_1,indoor_45_12,UZH-indoor_45_12,732824,External-Auction,11,0.3886281779,0.3886281779,0.0
uzh_fpv,1,uzh_fpv.load_1,indoor_45_12,UZH-indoor_45_12,732824,Greedy,11,0.3886281779,0.3886281779,0.0
uzh_fpv,1,uzh_fpv.load_1,indoor_45_12,UZH-indoor_45_12,732824,No-Stability,11,0.3886281779,0.4357398937,-0.0471117158
uzh_fpv,1,uzh_fpv.load_1,indoor_45_12,UZH-indoor_45_12,732824,No-Synergy,11,0.3886281779,0.3886281779,0.0
uzh_fpv,1,uzh_fpv.load_1,indoor_45_12,UZH-indoor_45_12,732824,Random,11,0.3886281779,0.433908423,-0.0452802451
uzh_fpv,1,uzh_fpv.load_1,indoor_45_12,UZH-indoor_45_12,732825,External-Auction,11,0.4268985286,0.4268985286,0.0
uzh_fpv,1,uzh_fpv.load_1,indoor_45_12,UZH-indoor_45_12,732825,Greedy,11,0.4268985286,0.4268985286,0.0
uzh_fpv,1,uzh_fpv.load_1,indoor_45_12,UZH-indoor_45_12,732825,No-Stability,11,0.4268985286,0.4373613261,-0.0104627975
uzh_fpv,1,uzh_fpv.load_1,indoor_45_12,UZH-indoor_45_12,732825,No-Synergy,11,0.4268985286,0.4268985286,0.0
uzh_fpv,1,uzh_fpv.load_1,indoor_45_12,UZH-indoor_45_12,732825,Random,5,0.4163452404,0.4275056377,-0.0111603973
uzh_fpv,1,uzh_fpv.load_1,indoor_45_12,UZH-indoor_45_12,732826,External-Auction,11,0.3975442812,0.3975442812,0.0
uzh_fpv,1,uzh_fpv.load_1,indoor_45_12,UZH-indoor_45_12,732826,Greedy,11,0.3975442812,0.3975442812,0.0
uzh_fpv,1,uzh_fpv.load_1,indoor_45_12,UZH-indoor_45_12,732826,No-Stability,11,0.3975442812,0.4424951933,-0.0449509121
uzh_fpv,1,uzh_fpv.load_1,indoor_45_12,UZH-indoor_45_12,732826,No-Synergy,11,0.3975442812,0.3975442812,0.0
uzh_fpv,1,uzh_fpv.load_1,indoor_45_12,UZH-indoor_45_12,732826,Random,8,0.3949171679,0.438411219,-0.0434940511
uzh_fpv,1,uzh_fpv.load_1,indoor_45_12,UZH-indoor_45_12,732827,External-Auction,11,0.4370638566,0.4370638566,0.0
uzh_fpv,1,uzh_fpv.load_1,indoor_45_12,UZH-indoor_45_12,732827,Greedy,11,0.4370638566,0.4370638566,0.0
uzh_fpv,1,uzh_fpv.load_1,indoor_45_12,UZH-indoor_45_12,732827,No-Stability,11,0.4370638566,0.4442007154,-0.0071368588
uzh_fpv,1,uzh_fpv.load_1,indoor_45_12,UZH-indoor_45_12,732827,No-Synergy,11,0.4370638566,0.4370638566,0.0
uzh_fpv,1,uzh_fpv.load_1,indoor_45_12,UZH-indoor_45_12,732827,Random,10,0.4406569605,0.4465086804,-0.0058517199
uzh_fpv,1,uzh_fpv.load_1,indoor_45_12,UZH-indoor_45_12,732828,External-Auction,11,0.392856519,0.392856519,0.0
uzh_fpv,1,uzh_fpv.load_1,indoor_45_12,UZH-indoor_45_12,732828,Greedy,11,0.392856519,0.392856519,0.0
uzh_fpv,1,uzh_fpv.load_1,indoor_45_12,UZH-indoor_45_12,732828,No-Stability,11,0.392856519,0.4214965993,-0.0286400804
uzh_fpv,1,uzh_fpv.load_1,indoor_45_12,UZH-indoor_45_12,732828,No-Synergy,11,0.392856519,0.392856519,0.0
uzh_fpv,1,uzh_fpv.load_1,indoor_45_12,UZH-indoor_45_12,732828,Random,9,0.4011573034,0.4375133962,-0.0363560929
uzh_fpv,1,uzh_fpv.load_1,indoor_45_12,UZH-indoor_45_12,732829,External-Auction,11,0.3891346976,0.3891346976,0.0
uzh_fpv,1,uzh_fpv.load_1,indoor_45_12,UZH-indoor_45_12,732829,Greedy,11,0.3891346976,0.3891346976,0.0
uzh_fpv,1,uzh_fpv.load_1,indoor_45_12,UZH-indoor_45_12,732829,No-Stability,11,0.3891346976,0.4170096886,-0.027874991
uzh_fpv,1,uzh_fpv.load_1,indoor_45_12,UZH-indoor_45_12,732829,No-Synergy,11,0.3891346976,0.3891346976,0.0
uzh_fpv,1,uzh_fpv.load_1,indoor_45_12,UZH-indoor_45_12,732829,Random,10,0.392988554,0.4326918849,-0.0397033309
uzh_fpv,1,uzh_fpv.load_1,indoor_45_13,UZH-indoor_45_13,732900,External-Auction,10,0.3986709495,0.3986709495,0.0
uzh_fpv,1,uzh_fpv.load_1,indoor_45_13,UZH-indoor_45_13,732900,Greedy,10,0.3986709495,0.3986709495,0.0
uzh_fpv,1,uzh_fpv.load_1,indoor_45_13,UZH-indoor_45_13,732900,No-Stability,10,0.3986709495,0.4223204017,-0.0236494521
uzh_fpv,1,uzh_fpv.load_1,indoor_45_13,UZH-indoor_45_13,732900,No-Synergy,10,0.3986709495,0.3986709495,0.0
uzh_fpv,1,uzh_fpv.load_1,indoor_45_13,UZH-indoor_45_13,732900,Random,5,0.3968364205,0.4308187529,-0.0339823324
uzh_fpv,1,uzh_fpv.load_1,indoor_45_13,UZH-indoor_45_13,732901,External-Auction,11,0.3923520934,0.3923520934,0.0
uzh_fpv,1,uzh_fpv.load_1,indoor_45_13,UZH-indoor_45_13,732901,Greedy,11,0.3923520934,0.3923520934,0.0
uzh_fpv,1,uzh_fpv.load_1,indoor_45_13,UZH-indoor_45_13,732901,No-Stability,11,0.3923520934,0.4009888248,-0.0086367314
uzh_fpv,1,uzh_fpv.load_1,indoor_45_13,UZH-indoor_45_13,732901,No-Synergy,11,0.3923520934,0.3923520934,0.0
uzh_fpv,1,uzh_fpv.load_1,indoor_45_13,UZH-indoor_45_13,732901,Random,6,0.4080634885,0.4611793621,-0.0531158736
uzh_fpv,1,uzh_fpv.load_1,indoor_45_13,UZH-indoor_45_13,732902,External-Auction,11,0.4301979932,0.4301979932,0.0
uzh_fpv,1,uzh_fpv.load_1,indoor_45_13,UZH-indoor_45_13,732902,Greedy,11,0.4301979932,0.4301979932,0.0
uzh_fpv,1,uzh_fpv.load_1,indoor_45_13,UZH-indoor_45_13,732902,No-Stability,11,0.4301979932,0.4420066931,-0.0118086999
uzh_fpv,1,uzh_fpv.load_1,indoor_45_13,UZH-indoor_45_13,732902,No-Synergy,11,0.4301979932,0.4301979932,0.0
uzh_fpv,1,uzh_fpv.load_1,indoor_45_13,UZH-indoor_45_13,732902,Random,6,0.4207135125,0.4196333889,0.0010801236
uzh_fpv,1,uzh_fpv.load_1,indoor_45_13,UZH-indoor_45_13,732903,External-Auction,11,0.4026838184,0.4026838184,0.0
uzh_fpv,1,uzh_fpv.load_1,indoor_45_13,UZH-indoor_45_13,732903,Greedy,11,0.4026838184,0.4026838184,0.0
uzh_fpv,1,uzh_fpv.load_1,indoor_45_13,UZH-indoor_45_13,732903,No-Stability,11,0.4026838184,0.4251270886,-0.0224432702
uzh_fpv,1,uzh_fpv.load_1,indoor_45_13,UZH-indoor_45_13,732903,No-Synergy,11,0.4026838184,0.4026838184,0.0
uzh_fpv,1,uzh_fpv.load_1,indoor_45_13,UZH-indoor_45_13,732903,Random,8,0.3998982834,0.429468021,-0.0295697376
uzh_fpv,1,uzh_fpv.load_1,indoor_45_13,UZH-indoor_45_13,732904,External-Auction,11,0.410238608,0.410238608,0.0
uzh_fpv,1,uzh_fpv.load_1,indoor_45_13,UZH-indoor_45_13,732904,Greedy,11,0.410238608,0.410238608,0.0
uzh_fpv,1,uzh_fpv.load_1,indoor_45_13,UZH-indoor_45_13,732904,No-Stability,11,0.410238608,0.4279747946,-0.0177361866
uzh_fpv,1,uzh_fpv.load_1,indoor_45_13,UZH-indoor_45_13,732904,No-Synergy,11,0.410238608,0.410238608,0.0
uzh_fpv,1,uzh_fpv.load_1,indoor_45_13,UZH-indoor_45_13,732904,Random,5,0.4101550773,0.4329059609,-0.0227508835
uzh_fpv,1,uzh_fpv.load_1,indoor_45_13,UZH-indoor_45_13,732905,External-Auction,11,0.4309835752,0.4309835752,0.0
uzh_fpv,1,uzh_fpv.load_1,indoor_45_13,UZH-indoor_45_13,732905,Greedy,11,0.4309835752,0.4309835752,0.0
uzh_fpv,1,uzh_fpv.load_1,indoor_45_13,UZH-indoor_45_13,732905,No-Stability,11,0.4309835752,0.4366075084,-0.0056239331
uzh_fpv,1,uzh_fpv.load_1,indoor_45_13,UZH-indoor_45_13,732905,No-Synergy,11,0.4309835752,0.4309835752,0.0
uzh_fpv,1,uzh_fpv.load_1,indoor_45_13,UZH-indoor_45_13,732905,Random,8,0.4348091419,0.4401191453,-0.0053100035
uzh_fpv,1,uzh_fpv.load_1,indoor_45_13,UZH-indoor_45_13,732906,External-Auction,11,0.3821569622,0.3821569622,0.0
uzh_fpv,1,uzh_fpv.load_1,indoor_45_13,UZH-indoor_45_13,732906,Greedy,11,0.3821569622,0.3821569622,0.0
uzh_fpv,1,uzh_fpv.load_1,indoor_45_13,UZH-indoor_45_13,732906,No-Stability,11,0.3821569622,0.4139082459,-0.0317512837
uzh_fpv,1,uzh_fpv.load_1,indoor_45_13,UZH-indoor_45_13,732906,No-Synergy,11,0.3821569622,0.3821569622,0.0
uzh_fpv,1,uzh_fpv.load_1,indoor_45_13,UZH-indoor_45_13,732906,Random,9,0.3787995867,0.4189454377,-0.0401458511
uzh_fpv,1,uzh_fpv.load_1,indoor_45_13,UZH-indoor_45_13,732907,External-Auction,11,0.4141190864,0.4141190864,0.0
uzh_fpv,1,uzh_fpv.load_1,indoor_45_13,UZH-indoor_45_13,732907,Greedy,11,0.4141190864,0.4141190864,0.0
uzh_fpv,1,uzh_fpv.load_1,indoor_45_13,UZH-indoor_45_13,732907,No-Stability,11,0.4141190864,0.4192845763,-0.0051654899
uzh_fpv,1,uzh_fpv.load_1,indoor_45_13,UZH-indoor_45_13,732907,No-Synergy,11,0.4141190864,0.4141190864,0.0
uzh_fpv,1,uzh_fpv.load_1,indoor_45_13,UZH-indoor_45_13,732907,Random,6,0.4191266508,0.4435013156,-0.0243746648
uzh_fpv,1,uzh_fpv.load_1,indoor_45_13,UZH-indoor_45_13,732908,External-Auction,11,0.3906712684,0.3906712684,0.0
uzh_fpv,1,uzh_fpv.load_1,indoor_45_13,UZH-indoor_45_13,732908,Greedy,11,0.3906712684,0.3906712684,0.0
uzh_fpv,1,uzh_fpv.load_1,indoor_45_13,UZH-indoor_45_13,732908,No-Stability,11,0.3906712684,0.4045126879,-0.0138414194
uzh_fpv,1,uzh_fpv.load_1,indoor_45_13,UZH-indoor_45_13,732908,No-Synergy,11,0.3906712684,0.3906712684,0.0
uzh_fpv,1,uzh_fpv.load_1,indoor_45_13,UZH-indoor_45_13,732908,Random,6,0.3825310905,0.3981822556,-0.0156511651
uzh_fpv,1,uzh_fpv.load_1,indoor_45_13,UZH-indoor_45_13,732909,External-Auction,11,0.4331532235,0.4331532235,0.0
uzh_fpv,1,uzh_fpv.load_1,indoor_45_13,UZH-indoor_45_13,732909,Greedy,11,0.4331532235,0.4331532235,0.0
uzh_fpv,1,uzh_fpv.load_1,indoor_45_13,UZH-indoor_45_13,732909,No-Stability,11,0.4331532235,0.4241315693,0.0090216542
uzh_fpv,1,uzh_fpv.load_1,indoor_45_13,UZH-indoor_45_13,732909,No-Synergy,11,0.4331532235,0.4331532235,0.0
uzh_fpv,1,uzh_fpv.load_1,indoor_45_13,UZH-indoor_45_13,732909,Random,8,0.4402517475,0.4410335754,-0.000781828
uzh_fpv,1,uzh_fpv.load_1,indoor_45_13,UZH-indoor_45_13,732910,External-Auction,11,0.4080771843,0.4080771843,0.0
uzh_fpv,1,uzh_fpv.load_1,indoor_45_13,UZH-indoor_45_13,732910,Greedy,11,0.4080771843,0.4080771843,0.0
uzh_fpv,1,uzh_fpv.load_1,indoor_45_13,UZH-indoor_45_13,732910,No-Stability,11,0.4080771843,0.4348609597,-0.0267837754
uzh_fpv,1,uzh_fpv.load_1,indoor_45_13,UZH-indoor_45_13,732910,No-Synergy,11,0.4080771843,0.4080771843,0.0
uzh_fpv,1,uzh_fpv.load_1,indoor_45_13,UZH-indoor_45_13,732910,Random,10,0.4097567301,0.4571123671,-0.047355637
uzh_fpv,1,uzh_fpv.load_1,indoor_45_13,UZH-indoor_45_13,732911,External-Auction,11,0.400173547,0.400173547,0.0
uzh_fpv,1,uzh_fpv.load_1,indoor_45_13,UZH-indoor_45_13,732911,Greedy,11,0.400173547,0.400173547,0.0
uzh_fpv,1,uzh_fpv.load_1,indoor_45_13,UZH-indoor_45_13,732911,No-Stability,11,0.400173547,0.4208020385,-0.0206284915
uzh_fpv,1,uzh_fpv.load_1,indoor_45_13,UZH-indoor_45_13,732911,No-Synergy,11,0.400173547,0.400173547,0.0
uzh_fpv,1,uzh_fpv.load_1,indoor_45_13,UZH-indoor_45_13,732911,Random,6,0.4083975137,0.4379884566,-0.029590943
uzh_fpv,1,uzh_fpv.load_1,indoor_45_13,UZH-indoor_45_13,732912,External-Auction,10,0.3907350377,0.3907350377,0.0
uzh_fpv,1,uzh_fpv.load_1,indoor_45_13,UZH-indoor_45_13,732912,Greedy,10,0.3907350377,0.3907350377,0.0
uzh_fpv,1,uzh_fpv.load_1,indoor_45_13,UZH-indoor_45_13,732912,No-Stability,10,0.3907350377,0.4434713231,-0.0527362854
uzh_fpv,1,uzh_fpv.load_1,indoor_45_13,UZH-indoor_45_13,732912,No-Synergy,10,0.3907350377,0.3907350377,0.0
uzh_fpv,1,uzh_fpv.load_1,indoor_45_13,UZH-indoor_45_13,732912,Random,8,0.3834710923,0.4307546708,-0.0472835785
uzh_fpv,1,uzh_fpv.load_1,indoor_45_13,UZH-indoor_45_13,732913,External-Auction,11,0.3776886463,0.3776886463,0.0
uzh_fpv,1,uzh_fpv.load_1,indoor_45_13,UZH-indoor_45_13,732913,Greedy,11,0.3776886463,0.3776886463,0.0
uzh_fpv,1,uzh_fpv.load_1,indoor_45_13,UZH-indoor_45_13,732913,No-Stability,11,0.3776886463,0.3836629293,-0.005974283
uzh_fpv,1,uzh_fpv.load_1,indoor_45_13,UZH-indoor_45_13,732913,No-Synergy,11,0.3776886463,0.3776886463,0.0
uzh_fpv,1,uzh_fpv.load_1,indoor_45_13,UZH-indoor_45_13,732913,Random,9,0.3743705264,0.3963896608,-0.0220191343
uzh_fpv,1,uzh_fpv.load_1,indoor_45_13,UZH-indoor_45_13,732914,External-Auction,11,0.4214861953,0.4214861953,0.0
uzh_fpv,1,uzh_fpv.load_1,indoor_45_13,UZH-indoor_45_13,732914,Greedy,11,0.4214861953,0.4214861953,0.0
uzh_fpv,1,uzh_fpv.load_1,indoor_45_13,UZH-indoor_45_13,732914,No-Stability,11,0.4214861953,0.4370848172,-0.0155986219
uzh_fpv,1,uzh_fpv.load_1,indoor_45_13,UZH-indoor_45_13,732914,No-Synergy,11,0.4214861953,0.4214861953,0.0
uzh_fpv,1,uzh_fpv.load_1,indoor_45_13,UZH-indoor_45_13,732914,Random,9,0.4149412665,0.4379636075,-0.023022341
uzh_fpv,1,uzh_fpv.load_1,indoor_45_13,UZH-indoor_45_13,732915,External-Auction,11,0.3853106804,0.3853106804,0.0
uzh_fpv,1,uzh_fpv.load_1,indoor_45_13,UZH-indoor_45_13,732915,Greedy,11,0.3853106804,0.3853106804,0.0
uzh_fpv,1,uzh_fpv.load_1,indoor_45_13,UZH-indoor_45_13,732915,No-Stability,11,0.3853106804,0.4077412277,-0.0224305473
uzh_fpv,1,uzh_fpv.load_1,indoor_45_13,UZH-indoor_45_13,732915,No-Synergy,11,0.3853106804,0.3853106804,0.0
uzh_fpv,1,uzh_fpv.load_1,indoor_45_13,UZH-indoor_45_13,732915,Random,8,0.3849104042,0.4175220918,-0.0326116875
uzh_fpv,1,uzh_fpv.load_1,indoor_45_13,UZH-indoor_45_13,732916,External-Auction,11,0.4143299919,0.4143299919,0.0
uzh_fpv,1,uzh_fpv.load_1,indoor_45_13,UZH-indoor_45_13,732916,Greedy,11,0.4143299919,0.4143299919,0.0
uzh_fpv,1,uzh_fpv.load_1,indoor_45_13,UZH-indoor_45_13,732916,No-Stability,11,0.4143299919,0.4312848181,-0.0169548262
uzh_fpv,1,uzh_fpv.load_1,indoor_45_13,UZH-indoor_45_13,732916,No-Synergy,11,0.4143299919,0.4143299919,0.0
uzh_fpv,1,uzh_fpv.load_1,indoor_45_13,UZH-indoor_45_13,732916,Random,11,0.4143299919,0.4480564885,-0.0337264966
uzh_fpv,1,uzh_fpv.load_1,indoor_45_13,UZH-indoor_45_13,732917,External-Auction,11,0.395460806,0.395460806,0.0
uzh_fpv,1,uzh_fpv.load_1,indoor_45_13,UZH-indoor_45_13,732917,Greedy,11,0.395460806,0.395460806,0.0
uzh_fpv,1,uzh_fpv.load_1,indoor_45_13,UZH-indoor_45_13,732917,No-Stability,11,0.395460806,0.4148153378,-0.0193545318
uzh_fpv,1,uzh_fpv.load_1,indoor_45_13,UZH-indoor_45_13,732917,No-Synergy,11,0.395460806,0.395460806,0.0
uzh_fpv,1,uzh_fpv.load_1,indoor_45_13,UZH-indoor_45_13,732917,Random,7,0.3809721643,0.4391299356,-0.0581577713
uzh_fpv,1,uzh_fpv.load_1,indoor_45_13,UZH-indoor_45_13,732918,External-Auction,11,0.3833740864,0.3833740864,0.0
uzh_fpv,1,uzh_fpv.load_1,indoor_45_13,UZH-indoor_45_13,732918,Greedy,11,0.3833740864,0.3833740864,0.0
uzh_fpv,1,uzh_fpv.load_1,indoor_45_13,UZH-indoor_45_13,732918,No-Stability,11,0.3833740864,0.4234086035,-0.0400345171
uzh_fpv,1,uzh_fpv.load_1,indoor_45_13,UZH-indoor_45_13,732918,No-Synergy,11,0.3833740864,0.3833740864,0.0
uzh_fpv,1,uzh_fpv.load_1,indoor_45_13,UZH-indoor_45_13,732918,Random,8,0.3960156655,0.423335447,-0.0273197815
uzh_fpv,1,uzh_fpv.load_1,indoor_45_13,UZH-indoor_45_13,732919,External-Auction,11,0.4128443509,0.4128443509,0.0
uzh_fpv,1,uzh_fpv.load_1,indoor_45_13,UZH-indoor_45_13,732919,Greedy,11,0.4128443509,0.4128443509,0.0
uzh_fpv,1,uzh_fpv.load_1,indoor_45_13,UZH-indoor_45_13,732919,No-Stability,11,0.4128443509,0.4162869258,-0.0034425749
uzh_fpv,1,uzh_fpv.load_1,indoor_45_13,UZH-indoor_45_13,732919,No-Synergy,11,0.4128443509,0.4128443509,0.0
uzh_fpv,1,uzh_fpv.load_1,indoor_45_13,UZH-indoor_45_13,732919,Random,9,0.4146657311,0.4226278017,-0.0079620705
uzh_fpv,1,uzh_fpv.load_1,indoor_45_13,UZH-indoor_45_13,732920,External-Auction,11,0.3969824681,0.3969824681,0.0
uzh_fpv,1,uzh_fpv.load_1,indoor_45_13,UZH-indoor_45_13,732920,Greedy,11,0.3969824681,0.3969824681,0.0
uzh_fpv,1,uzh_fpv.load_1,indoor_45_13,UZH-indoor_45_13,732920,No-Stability,11,0.3969824681,0.3969824681,0.0
uzh_fpv,1,uzh_fpv.load_1,indoor_45_13,UZH-indoor_45_13,732920,No-Synergy,11,0.3969824681,0.3969824681,0.0
uzh_fpv,1,uzh_fpv.load_1,indoor_45_13,UZH-indoor_45_13,732920,Random,10,0.3950822412,0.4155857964,-0.0205035552
uzh_fpv,1,uzh_fpv.load_1,indoor_45_13,UZH-indoor_45_13,732921,External-Auction,11,0.3880944286,0.3880944286,0.0
uzh_fpv,1,uzh_fpv.load_1,indoor_45_13,UZH-indoor_45_13,732921,Greedy,11,0.3880944286,0.3880944286,0.0
uzh_fpv,1,uzh_fpv.load_1,indoor_45_13,UZH-indoor_45_13,732921,No-Stability,11,0.3880944286,0.4008442969,-0.0127498684
uzh_fpv,1,uzh_fpv.load_1,indoor_45_13,UZH-indoor_45_13,732921,No-Synergy,11,0.3880944286,0.3880944286,0.0
uzh_fpv,1,uzh_fpv.load_1,indoor_45_13,UZH-indoor_45_13,732921,Random,9,0.3824728854,0.4235643574,-0.041091472
uzh_fpv,1,uzh_fpv.load_1,indoor_45_13,UZH-indoor_45_13,732922,External-Auction,10,0.4174985562,0.4151205744,0.0023779818
uzh_fpv,1,uzh_fpv.load_1,indoor_45_13,UZH-indoor_45_13,732922,Greedy,10,0.4174985562,0.4174985562,0.0
uzh_fpv,1,uzh_fpv.load_1,indoor_45_13,UZH-indoor_45_13,732922,No-Stability,10,0.4174985562,0.4348336753,-0.0173351191
uzh_fpv,1,uzh_fpv.load_1,indoor_45_13,UZH-indoor_45_13,732922,No-Synergy,10,0.4174985562,0.4174985562,0.0
uzh_fpv,1,uzh_fpv.load_1,indoor_45_13,UZH-indoor_45_13,732922,Random,9,0.4151259362,0.4213403954,-0.0062144591
uzh_fpv,1,uzh_fpv.load_1,indoor_45_13,UZH-indoor_45_13,732923,External-Auction,11,0.4125591029,0.4125591029,0.0
uzh_fpv,1,uzh_fpv.load_1,indoor_45_13,UZH-indoor_45_13,732923,Greedy,11,0.4125591029,0.4125591029,0.0
uzh_fpv,1,uzh_fpv.load_1,indoor_45_13,UZH-indoor_45_13,732923,No-Stability,11,0.4125591029,0.4125591029,0.0
uzh_fpv,1,uzh_fpv.load_1,indoor_45_13,UZH-indoor_45_13,732923,No-Synergy,11,0.4125591029,0.4125591029,0.0
uzh_fpv,1,uzh_fpv.load_1,indoor_45_13,UZH-indoor_45_13,732923,Random,9,0.4144952358,0.4145848948,-8.9659e-05
uzh_fpv,1,uzh_fpv.load_1,indoor_45_13,UZH-indoor_45_13,732924,External-Auction,11,0.4288347353,0.4288347353,0.0
uzh_fpv,1,uzh_fpv.load_1,indoor_45_13,UZH-indoor_45_13,732924,Greedy,11,0.4288347353,0.4288347353,0.0
uzh_fpv,1,uzh_fpv.load_1,indoor_45_13,UZH-indoor_45_13,732924,No-Stability,11,0.4288347353,0.4288347353,0.0
uzh_fpv,1,uzh_fpv.load_1,indoor_45_13,UZH-indoor_45_13,732924,No-Synergy,11,0.4288347353,0.4288347353,0.0
uzh_fpv,1,uzh_fpv.load_1,indoor_45_13,UZH-indoor_45_13,732924,Random,8,0.4298633163,0.4219722691,0.0078910472
uzh_fpv,1,uzh_fpv.load_1,indoor_45_13,UZH-indoor_45_13,732925,External-Auction,11,0.3809353561,0.3809353561,0.0
uzh_fpv,1,uzh_fpv.load_1,indoor_45_13,UZH-indoor_45_13,732925,Greedy,11,0.3809353561,0.3809353561,0.0
uzh_fpv,1,uzh_fpv.load_1,indoor_45_13,UZH-indoor_45_13,732925,No-Stability,11,0.3809353561,0.4016179283,-0.0206825722
uzh_fpv,1,uzh_fpv.load_1,indoor_45_13,UZH-indoor_45_13,732925,No-Synergy,11,0.3809353561,0.3809353561,0.0
uzh_fpv,1,uzh_fpv.load_1,indoor_45_13,UZH-indoor_45_13,732925,Random,7,0.3783899304,0.4261067864,-0.0477168561
uzh_fpv,1,uzh_fpv.load_1,indoor_45_13,UZH-indoor_45_13,732926,External-Auction,11,0.3997624248,0.3997624248,0.0
uzh_fpv,1,uzh_fpv.load_1,indoor_45_13,UZH-indoor_45_13,732926,Greedy,11,0.3997624248,0.3997624248,0.0
uzh_fpv,1,uzh_fpv.load_1,indoor_45_13,UZH-indoor_45_13,732926,No-Stability,11,0.3997624248,0.420485817,-0.0207233922
uzh_fpv,1,uzh_fpv.load_1,indoor_45_13,UZH-indoor_45_13,732926,No-Synergy,11,0.3997624248,0.3997624248,0.0
uzh_fpv,1,uzh_fpv.load_1,indoor_45_13,UZH-indoor_45_13,732926,Random,10,0.3985151176,0.4243690211,-0.0258539035
uzh_fpv,1,uzh_fpv.load_1,indoor_45_13,UZH-indoor_45_13,732927,External-Auction,11,0.3880966733,0.3880966733,0.0
uzh_fpv,1,uzh_fpv.load_1,indoor_45_13,UZH-indoor_45_13,732927,Greedy,11,0.3880966733,0.3880966733,0.0
uzh_fpv,1,uzh_fpv.load_1,indoor_45_13,UZH-indoor_45_13,732927,No-Stability,11,0.3880966733,0.3937034295,-0.0056067562
uzh_fpv,1,uzh_fpv.load_1,indoor_45_13,UZH-indoor_45_13,732927,No-Synergy,11,0.3880966733,0.3880966733,0.0
uzh_fpv,1,uzh_fpv.load_1,indoor_45_13,UZH-indoor_45_13,732927,Random,10,0.3866033659,0.4172855504,-0.0306821845
uzh_fpv,1,uzh_fpv.load_1,indoor_45_13,UZH-indoor_45_13,732928,External-Auction,11,0.4186455731,0.4201121788,-0.0014666057
uzh_fpv,1,uzh_fpv.load_1,indoor_45_13,UZH-indoor_45_13,732928,Greedy,11,0.4186455731,0.4186455731,0.0
uzh_fpv,1,uzh_fpv.load_1,indoor_45_13,UZH-indoor_45_13,732928,No-Stability,11,0.4186455731,0.4329587163,-0.0143131432
uzh_fpv,1,uzh_fpv.load_1,indoor_45_13,UZH-indoor_45_13,732928,No-Synergy,11,0.4186455731,0.4186455731,0.0
uzh_fpv,1,uzh_fpv.load_1,indoor_45_13,UZH-indoor_45_13,732928,Random,9,0.4129874671,0.4207052832,-0.0077178162
uzh_fpv,1,uzh_fpv.load_1,indoor_45_13,UZH-indoor_45_13,732929,External-Auction,11,0.3822944333,0.3822944333,0.0
uzh_fpv,1,uzh_fpv.load_1,indoor_45_13,UZH-indoor_45_13,732929,Greedy,11,0.3822944333,0.3822944333,0.0
uzh_fpv,1,uzh_fpv.load_1,indoor_45_13,UZH-indoor_45_13,732929,No-Stability,11,0.3822944333,0.4089236714,-0.0266292382
uzh_fpv,1,uzh_fpv.load_1,indoor_45_13,UZH-indoor_45_13,732929,No-Synergy,11,0.3822944333,0.3822944333,0.0
uzh_fpv,1,uzh_fpv.load_1,indoor_45_13,UZH-indoor_45_13,732929,Random,7,0.3814269418,0.4273146715,-0.0458877297
uzh_fpv,1,uzh_fpv.load_1,indoor_45_14,UZH-indoor_45_14,733000,External-Auction,10,0.3816568898,0.3816568898,0.0
uzh_fpv,1,uzh_fpv.load_1,indoor_45_14,UZH-indoor_45_14,733000,Greedy,10,0.3816568898,0.3816568898,0.0
uzh_fpv,1,uzh_fpv.load_1,indoor_45_14,UZH-indoor_45_14,733000,No-Stability,10,0.3816568898,0.4117627751,-0.0301058853
uzh_fpv,1,uzh_fpv.load_1,indoor_45_14,UZH-indoor_45_14,733000,No-Synergy,10,0.3816568898,0.3816568898,0.0
uzh_fpv,1,uzh_fpv.load_1,indoor_45_14,UZH-indoor_45_14,733000,Random,8,0.3833232921,0.4161672731,-0.032843981
uzh_fpv,1,uzh_fpv.load_1,indoor_45_14,UZH-indoor_45_14,733001,External-Auction,6,0.3970969428,0.3970969428,0.0
uzh_fpv,1,uzh_fpv.load_1,indoor_45_14,UZH-indoor_45_14,733001,Greedy,6,0.3970969428,0.3970969428,0.0
uzh_fpv,1,uzh_fpv.load_1,indoor_45_14,UZH-indoor_45_14,733001,No-Stability,6,0.3970969428,0.4042611201,-0.0071641773
uzh_fpv,1,uzh_fpv.load_1,indoor_45_14,UZH-indoor_45_14,733001,No-Synergy,6,0.3970969428,0.3970969428,0.0
uzh_fpv,1,uzh_fpv.load_1,indoor_45_14,UZH-indoor_45_14,733001,Random,4,0.4071457744,0.4202612657,-0.0131154913
uzh_fpv,1,uzh_fpv.load_1,indoor_45_14,UZH-indoor_45_14,733002,External-Auction,10,0.3943099689,0.3943099689,0.0
uzh_fpv,1,uzh_fpv.load_1,indoor_45_14,UZH-indoor_45_14,733002,Greedy,10,0.3943099689,0.3943099689,0.0
uzh_fpv,1,uzh_fpv.load_1,indoor_45_14,UZH-indoor_45_14,733002,No-Stability,10,0.3943099689,0.4113251123,-0.0170151434
uzh_fpv,1,uzh_fpv.load_1,indoor_45_14,UZH-indoor_45_14,733002,No-Synergy,10,0.3943099689,0.3943099689,0.0
uzh_fpv,1,uzh_fpv.load_1,indoor_45_14,UZH-indoor_45_14,733002,Random,9,0.3932897036,0.4128316409,-0.0195419373
uzh_fpv,1,uzh_fpv.load_1,indoor_45_14,UZH-indoor_45_14,733003,External-Auction,9,0.3933302962,0.3925272497,0.0008030465
uzh_fpv,1,uzh_fpv.load_1,indoor_45_14,UZH-indoor_45_14,733003,Greedy,9,0.3933302962,0.3933302962,0.0
uzh_fpv,1,uzh_fpv.load_1,indoor_45_14,UZH-indoor_45_14,733003,No-Stability,9,0.3933302962,0.4018960898,-0.0085657936
uzh_fpv,1,uzh_fpv.load_1,indoor_45_14,UZH-indoor_45_14,733003,No-Synergy,9,0.3933302962,0.3933302962,0.0
uzh_fpv,1,uzh_fpv.load_1,indoor_45_14,UZH-indoor_45_14,733003,Random,8,0.3970859247,0.4314919567,-0.034406032
uzh_fpv,1,uzh_fpv.load_1,indoor_45_14,UZH-indoor_45_14,733004,External-Auction,10,0.3804191713,0.3804191713,0.0
uzh_fpv,1,uzh_fpv.load_1,indoor_45_14,UZH-indoor_45_14,733004,Greedy,10,0.3804191713,0.3804191713,0.0
uzh_fpv,1,uzh_fpv.load_1,indoor_45_14,UZH-indoor_45_14,733004,No-Stability,10,0.3804191713,0.4138867226,-0.0334675513
uzh_fpv,1,uzh_fpv.load_1,indoor_45_14,UZH-indoor_45_14,733004,No-Synergy,10,0.3804191713,0.3804191713,0.0
uzh_fpv,1,uzh_fpv.load_1,indoor_45_14,UZH-indoor_45_14,733004,Random,9,0.3838483204,0.4206424173,-0.0367940969
uzh_fpv,1,uzh_fpv.load_1,indoor_45_14,UZH-indoor_45_14,733005,External-Auction,9,0.4028344907,0.4028344907,0.0
uzh_fpv,1,uzh_fpv.load_1,indoor_45_14,UZH-indoor_45_14,733005,Greedy,9,0.4028344907,0.4028344907,0.0
uzh_fpv,1,uzh_fpv.load_1,indoor_45_14,UZH-indoor_45_14,733005,No-Stability,9,0.4028344907,0.4261327092,-0.0232982185
uzh_fpv,1,uzh_fpv.load_1,indoor_45_14,UZH-indoor_45_14,733005,No-Synergy,9,0.4028344907,0.4028344907,0.0
uzh_fpv,1,uzh_fpv.load_1,indoor_45_14,UZH-indoor_45_14,733005,Random,8,0.4071704543,0.4225146478,-0.0153441935
uzh_fpv,1,uzh_fpv.load_1,indoor_45_14,UZH-indoor_45_14,733006,External-Auction,10,0.3929832981,0.3929832981,0.0
uzh_fpv,1,uzh_fpv.load_1,indoor_45_14,UZH-indoor_45_14,733006,Greedy,10,0.3929832981,0.3929832981,0.0
uzh_fpv,1,uzh_fpv.load_1,indoor_45_14,UZH-indoor_45_14,733006,No-Stability,10,0.3929832981,0.4077392176,-0.0147559195
uzh_fpv,1,uzh_fpv.load_1,indoor_45_14,UZH-indoor_45_14,733006,No-Synergy,10,0.3929832981,0.3929832981,0.0
uzh_fpv,1,uzh_fpv.load_1,indoor_45_14,UZH-indoor_45_14,733006,Random,7,0.3826005208,0.4175865133,-0.0349859925
uzh_fpv,1,uzh_fpv.load_1,indoor_45_14,UZH-indoor_45_14,733007,External-Auction,10,0.3961094756,0.3961094756,0.0
uzh_fpv,1,uzh_fpv.load_1,indoor_45_14,UZH-indoor_45_14,733007,Greedy,10,0.3961094756,0.3961094756,0.0
uzh_fpv,1,uzh_fpv.load_1,indoor_45_14,UZH-indoor_45_14,733007,No-Stability,10,0.3961094756,0.4256134603,-0.0295039847
uzh_fpv,1,uzh_fpv.load_1,indoor_45_14,UZH-indoor_45_14,733007,No-Synergy,10,0.3961094756,0.3961094756,0.0
uzh_fpv,1,uzh_fpv.load_1,indoor_45_14,UZH-indoor_45_14,733007,Random,10,0.3961094756,0.4513947105,-0.055285235
uzh_fpv,1,uzh_fpv.load_1,indoor_45_14,UZH-indoor_45_14,733008,External-Auction,6,0.4006377848,0.4006377848,0.0
uzh_fpv,1,uzh_fpv.load_1,indoor_45_14,UZH-indoor_45_14,733008,Greedy,6,0.4006377848,0.4006377848,0.0
uzh_fpv,1,uzh_fpv.load_1,indoor_45_14,UZH-indoor_45_14,733008,No-Stability,6,0.4006377848,0.4075029132,-0.0068651285
uzh_fpv,1,uzh_fpv.load_1,indoor_45_14,UZH-indoor_45_14,733008,No-Synergy,6,0.4006377848,0.4006377848,0.0
uzh_fpv,1,uzh_fpv.load_1,indoor_45_14,UZH-indoor_45_14,733008,Random,5,0.3888804529,0.3969003714,-0.0080199185
uzh_fpv,1,uzh_fpv.load_1,indoor_45_14,UZH-indoor_45_14,733009,External-Auction,10,0.4035579553,0.4035579553,0.0
uzh_fpv,1,uzh_fpv.load_1,indoor_45_14,UZH-indoor_45_14,733009,Greedy,10,0.4035579553,0.4035579553,0.0
uzh_fpv,1,uzh_fpv.load_1,indoor_45_14,UZH-indoor_45_14,733009,No-Stability,10,0.4035579553,0.4400895798,-0.0365316245
uzh_fpv,1,uzh_fpv.load_1,indoor_45_14,UZH-indoor_45_14,733009,No-Synergy,10,0.4035579553,0.4035579553,0.0
uzh_fpv,1,uzh_fpv.load_1,indoor_45_14,UZH-indoor_45_14,733009,Random,8,0.4059702645,0.4322003776,-0.026230113
uzh_fpv,1,uzh_fpv.load_1,indoor_45_14,UZH-indoor_45_14,733010,External-Auction,10,0.3913275539,0.3913275539,0.0
uzh_fpv,1,uzh_fpv.load_1,indoor_45_14,UZH-indoor_45_14,733010,Greedy,10,0.3913275539,0.3913275539,0.0
uzh_fpv,1,uzh_fpv.load_1,indoor_45_14,UZH-indoor_45_14,733010,No-Stability,10,0.3913275539,0.4212746037,-0.0299470498
uzh_fpv,1,uzh_fpv.load_1,indoor_45_14,UZH-indoor_45_14,733010,No-Synergy,10,0.3913275539,0.3913275539,0.0
uzh_fpv,1,uzh_fpv.load_1,indoor_45_14,UZH-indoor_45_14,733010,Random,9,0.3876255707,0.4206390394,-0.0330134687
uzh_fpv,1,uzh_fpv.load_1,indoor_45_14,UZH-indoor_45_14,733011,External-Auction,10,0.3991468137,0.3991468137,0.0
uzh_fpv,1,uzh_fpv.load_1,indoor_45_14,UZH-indoor_45_14,733011,Greedy,10,0.3991468137,0.3991468137,0.0
uzh_fpv,1,uzh_fpv.load_1,indoor_45_14,UZH-indoor_45_14,733011,No-Stability,10,0.3991468137,0.4003613989,-0.0012145852
uzh_fpv,1,uzh_fpv.load_1,indoor_45_14,UZH-indoor_45_14,733011,No-Synergy,10,0.3991468137,0.3991468137,0.0
uzh_fpv,1,uzh_fpv.load_1,indoor_45_14,UZH-indoor_45_14,733011,Random,8,0.3984106466,0.4246630059,-0.0262523593
uzh_fpv,1,uzh_fpv.load_1,indoor_45_14,UZH-indoor_45_14,733012,External-Auction,10,0.3978519524,0.3978519524,0.0
uzh_fpv,1,uzh_fpv.load_1,indoor_45_14,UZH-indoor_45_14,733012,Greedy,10,0.3978519524,0.3978519524,0.0
uzh_fpv,1,uzh_fpv.load_1,indoor_45_14,UZH-indoor_45_14,733012,No-Stability,10,0.3978519524,0.4119100357,-0.0140580833
uzh_fpv,1,uzh_fpv.load_1,indoor_45_14,UZH-indoor_45_14,733012,No-Synergy,10,0.3978519524,0.3978519524,0.0
uzh_fpv,1,uzh_fpv.load_1,indoor_45_14,UZH-indoor_45_14,733012,Random,8,0.404795126,0.4423704149,-0.0375752889
uzh_fpv,1,uzh_fpv.load_1,indoor_45_14,UZH-indoor_45_14,733013,External-Auction,9,0.4153247044,0.4153247044,0.0
uzh_fpv,1,uzh_fpv.load_1,indoor_45_14,UZH-indoor_45_14,733013,Greedy,9,0.4153247044,0.4153247044,0.0
uzh_fpv,1,uzh_fpv.load_1,indoor_45_14,UZH-indoor_45_14,733013,No-Stability,9,0.4153247044,0.4157879465,-0.0004632421
uzh_fpv,1,uzh_fpv.load_1,indoor_45_14,UZH-indoor_45_14,733013,No-Synergy,9,0.4153247044,0.4153247044,0.0
uzh_fpv,1,uzh_fpv.load_1,indoor_45_14,UZH-indoor_45_14,733013,Random,9,0.4153247044,0.4301032323,-0.0147785279
uzh_fpv,1,uzh_fpv.load_1,indoor_45_14,UZH-indoor_45_14,733014,External-Auction,10,0.3896716793,0.3896716793,0.0
uzh_fpv,1,uzh_fpv.load_1,indoor_45_14,UZH-indoor_45_14,733014,Greedy,10,0.3896716793,0.3896716793,0.0
uzh_fpv,1,uzh_fpv.load_1,indoor_45_14,UZH-indoor_45_14,733014,No-Stability,10,0.3896716793,0.3934086612,-0.0037369819
uzh_fpv,1,uzh_fpv.load_1,indoor_45_14,UZH-indoor_45_14,733014,No-Synergy,10,0.3896716793,0.3896716793,0.0
uzh_fpv,1,uzh_fpv.load_1,indoor_45_14,UZH-indoor_45_14,733014,Random,9,0.3942579954,0.3962911712,-0.0020331757
uzh_fpv,1,uzh_fpv.load_1,indoor_45_14,UZH-indoor_45_14,733015,External-Auction,10,0.3939744002,0.3939744002,0.0
uzh_fpv,1,uzh_fpv.load_1,indoor_45_14,UZH-indoor_45_14,733015,Greedy,10,0.3939744002,0.3939744002,0.0
uzh_fpv,1,uzh_fpv.load_1,indoor_45_14,UZH-indoor_45_14,733015,No-Stability,10,0.3939744002,0.4140090681,-0.0200346679
uzh_fpv,1,uzh_fpv.load_1,indoor_45_14,UZH-indoor_45_14,733015,No-Synergy,10,0.3939744002,0.3939744002,0.0
uzh_fpv,1,uzh_fpv.load_1,indoor_45_14,UZH-indoor_45_14,733015,Random,8,0.3956800189,0.428068064,-0.0323880451
uzh_fpv,1,uzh_fpv.load_1,indoor_45_14,UZH-indoor_45_14,733016,External-Auction,10,0.3937978303,0.3937978303,0.0
uzh_fpv,1,uzh_fpv.load_1,indoor_45_14,UZH-indoor_45_14,733016,Greedy,10,0.3937978303,0.3937978303,0.0
uzh_fpv,1,uzh_fpv.load_1,indoor_45_14,UZH-indoor_45_14,733016,No-Stability,10,0.3937978303,0.4028015988,-0.0090037685
uzh_fpv,1,uzh_fpv.load_1,indoor_45_14,UZH-indoor_45_14,733016,No-Synergy,10,0.3937978303,0.3937978303,0.0
uzh_fpv,1,uzh_fpv.load_1,indoor_45_14,UZH-indoor_45_14,733016,Random,7,0.4074296929,0.4262969287,-0.0188672358
uzh_fpv,1,uzh_fpv.load_1,indoor_45_14,UZH-indoor_45_14,733017,External-Auction,7,0.3873155673,0.3873155673,0.0
uzh_fpv,1,uzh_fpv.load_1,indoor_45_14,UZH-indoor_45_14,733017,Greedy,7,0.3873155673,0.3873155673,0.0
uzh_fpv,1,uzh_fpv.load_1,indoor_45_14,UZH-indoor_45_14,733017,No-Stability,7,0.3873155673,0.4166052529,-0.0292896856
uzh_fpv,1,uzh_fpv.load_1,indoor_45_14,UZH-indoor_45_14,733017,No-Synergy,7,0.3873155673,0.3873155673,0.0
uzh_fpv,1,uzh_fpv.load_1,indoor_45_14,UZH-indoor_45_14,733017,Random,5,0.3877658639,0.4198434381,-0.0320775742
uzh_fpv,1,uzh_fpv.load_1,indoor_45_14,UZH-indoor_45_14,733018,External-Auction,10,0.3879619006,0.3879619006,0.0
uzh_fpv,1,uzh_fpv.load_1,indoor_45_14,UZH-indoor_45_14,733018,Greedy,10,0.3879619006,0.3879619006,0.0
uzh_fpv,1,uzh_fpv.load_1,indoor_45_14,UZH-indoor_45_14,733018,No-Stability,10,0.3879619006,0.4199963127,-0.032034412
uzh_fpv,1,uzh_fpv.load_1,indoor_45_14,UZH-indoor_45_14,733018,No-Synergy,10,0.3879619006,0.3879619006,0.0
uzh_fpv,1,uzh_fpv.load_1,indoor_45_14,UZH-indoor_45_14,733018,Random,6,0.3791534006,0.4249796371,-0.0458262365
uzh_fpv,1,uzh_fpv.load_1,indoor_45_14,UZH-indoor_45_14,733019,External-Auction,10,0.3805835353,0.3805835353,0.0
uzh_fpv,1,uzh_fpv.load_1,indoor_45_14,UZH-indoor_45_14,733019,Greedy,10,0.3805835353,0.3805835353,0.0
uzh_fpv,1,uzh_fpv.load_1,indoor_45_14,UZH-indoor_45_14,733019,No-Stability,10,0.3805835353,0.39570677,-0.0151232346
uzh_fpv,1,uzh_fpv.load_1,indoor_45_14,UZH-indoor_45_14,733019,No-Synergy,10,0.3805835353,0.3805835353,0.0
uzh_fpv,1,uzh_fpv.load_1,indoor_45_14,UZH-indoor_45_14,733019,Random,6,0.3831025789,0.4087678837,-0.0256653048
uzh_fpv,1,uzh_fpv.load_1,indoor_45_14,UZH-indoor_45_14,733020,External-Auction,10,0.3839002918,0.3839002918,0.0
uzh_fpv,1,uzh_fpv.load_1,indoor_45_14,UZH-indoor_45_14,733020,Greedy,10,0.3839002918,0.3839002918,0.0
uzh_fpv,1,uzh_fpv.load_1,indoor_45_14,UZH-indoor_45_14,733020,No-Stability,10,0.3839002918,0.4243624214,-0.0404621295
uzh_fpv,1,uzh_fpv.load_1,indoor_45_14,UZH-indoor_45_14,733020,No-Synergy,10,0.3839002918,0.3839002918,0.0
uzh_fpv,1,uzh_fpv.load_1,indoor_45_14,UZH-indoor_45_14,733020,Random,8,0.3784460125,0.4226047318,-0.0441587192
uzh_fpv,1,uzh_fpv.load_1,indoor_45_14,UZH-indoor_45_14,733021,External-Auction,5,0.4020473036,0.4020473036,0.0
uzh_fpv,1,uzh_fpv.load_1,indoor_45_14,UZH-indoor_45_14,733021,Greedy,5,0.4020473036,0.4020473036,0.0
uzh_fpv,1,uzh_fpv.load_1,indoor_45_14,UZH-indoor_45_14,733021,No-Stability,5,0.4020473036,0.4106421826,-0.008594879
uzh_fpv,1,uzh_fpv.load_1,indoor_45_14,UZH-indoor_45_14,733021,No-Synergy,5,0.4020473036,0.4020473036,0.0
uzh_fpv,1,uzh_fpv.load_1,indoor_45_14,UZH-indoor_45_14,733021,Random,3,0.4021379981,0.4037856314,-0.0016476333
uzh_fpv,1,uzh_fpv.load_1,indoor_45_14,UZH-indoor_45_14,733022,External-Auction,6,0.3919101331,0.3919101331,0.0
uzh_fpv,1,uzh_fpv.load_1,indoor_45_14,UZH-indoor_45_14,733022,Greedy,6,0.3919101331,0.3919101331,0.0
uzh_fpv,1,uzh_fpv.load_1,indoor_45_14,UZH-indoor_45_14,733022,No-Stability,6,0.3919101331,0.4100664463,-0.0181563132
uzh_fpv,1,uzh_fpv.load_1,indoor_45_14,UZH-indoor_45_14,733022,No-Synergy,6,0.3919101331,0.3919101331,0.0
uzh_fpv,1,uzh_fpv.load_1,indoor_45_14,UZH-indoor_45_14,733022,Random,5,0.3959774733,0.4043661201,-0.0083886468
uzh_fpv,1,uzh_fpv.load_1,indoor_45_14,UZH-indoor_45_14,733023,External-Auction,10,0.4018767687,0.4018767687,0.0
uzh_fpv,1,uzh_fpv.load_1,indoor_45_14,UZH-indoor_45_14,733023,Greedy,10,0.4018767687,0.4018767687,0.0
uzh_fpv,1,uzh_fpv.load_1,indoor_45_14,UZH-indoor_45_14,733023,No-Stability,10,0.4018767687,0.4239454328,-0.0220686642
uzh_fpv,1,uzh_fpv.load_1,indoor_45_14,UZH-indoor_45_14,733023,No-Synergy,10,0.4018767687,0.4018767687,0.0
uzh_fpv,1,uzh_fpv.load_1,indoor_45_14,UZH-indoor_45_14,733023,Random,9,0.4013435064,0.4131269652,-0.0117834588
uzh_fpv,1,uzh_fpv.load_1,indoor_45_14,UZH-indoor_45_14,733024,External-Auction,10,0.4144153132,0.4144153132,0.0
uzh_fpv,1,uzh_fpv.load_1,indoor_45_14,UZH-indoor_45_14,733024,Greedy,10,0.4144153132,0.4144153132,0.0
uzh_fpv,1,uzh_fpv.load_1,indoor_45_14,UZH-indoor_45_14,733024,No-Stability,10,0.4144153132,0.4340116774,-0.0195963642
uzh_fpv,1,uzh_fpv.load_1,indoor_45_14,UZH-indoor_45_14,733024,No-Synergy,10,0.4144153132,0.4144153132,0.0
uzh_fpv,1,uzh_fpv.load_1,indoor_45_14,UZH-indoor_45_14,733024,Random,8,0.4128586271,0.4319569481,-0.019098321
uzh_fpv,1,uzh_fpv.load_1,indoor_45_14,UZH-indoor_45_14,733025,External-Auction,7,0.3970965749,0.3970965749,0.0
uzh_fpv,1,uzh_fpv.load_1,indoor_45_14,UZH-indoor_45_14,733025,Greedy,7,0.3970965749,0.3970965749,0.0
uzh_fpv,1,uzh_fpv.load_1,indoor_45_14,UZH-indoor_45_14,733025,No-Stability,7,0.3970965749,0.4099268001,-0.0128302252
uzh_fpv,1,uzh_fpv.load_1,indoor_45_14,UZH-indoor_45_14,733025,No-Synergy,7,0.3970965749,0.3970965749,0.0
uzh_fpv,1,uzh_fpv.load_1,indoor_45_14,UZH-indoor_45_14,733025,Random,4,0.3995970029,0.4226092441,-0.0230122412
uzh_fpv,1,uzh_fpv.load_1,indoor_45_14,UZH-indoor_45_14,733026,External-Auction,10,0.3973344851,0.3973344851,0.0
uzh_fpv,1,uzh_fpv.load_1,indoor_45_14,UZH-indoor_45_14,733026,Greedy,10,0.3973344851,0.3973344851,0.0
uzh_fpv,1,uzh_fpv.load_1,indoor_45_14,UZH-indoor_45_14,733026,No-Stability,10,0.3973344851,0.4096122032,-0.012277718
uzh_fpv,1,uzh_fpv.load_1,indoor_45_14,UZH-indoor_45_14,733026,No-Synergy,10,0.3973344851,0.3973344851,0.0
uzh_fpv,1,uzh_fpv.load_1,indoor_45_14,UZH-indoor_45_14,733026,Random,9,0.3997810824,0.4151325553,-0.0153514729
uzh_fpv,1,uzh_fpv.load_1,indoor_45_14,UZH-indoor_45_14,733027,External-Auction,7,0.4037409926,0.4037409926,0.0
uzh_fpv,1,uzh_fpv.load_1,indoor_45_14,UZH-indoor_45_14,733027,Greedy,7,0.4037409926,0.4037409926,0.0
uzh_fpv,1,uzh_fpv.load_1,indoor_45_14,UZH-indoor_45_14,733027,No-Stability,7,0.4037409926,0.4065243697,-0.0027833771
uzh_fpv,1,uzh_fpv.load_1,indoor_45_14,UZH-indoor_45_14,733027,No-Synergy,7,0.4037409926,0.4037409926,0.0
uzh_fpv,1,uzh_fpv.load_1,indoor_45_14,UZH-indoor_45_14,733027,Random,5,0.396129284,0.3977389266,-0.0016096426
uzh_fpv,1,uzh_fpv.load_1,indoor_45_14,UZH-indoor_45_14,733028,External-Auction,10,0.4001355417,0.4001355417,0.0
uzh_fpv,1,uzh_fpv.load_1,indoor_45_14,UZH-indoor_45_14,733028,Greedy,10,0.4001355417,0.4001355417,0.0
uzh_fpv,1,uzh_fpv.load_1,indoor_45_14,UZH-indoor_45_14,733028,No-Stability,10,0.4001355417,0.4255614889,-0.0254259472
uzh_fpv,1,uzh_fpv.load_1,indoor_45_14,UZH-indoor_45_14,733028,No-Synergy,10,0.4001355417,0.4001355417,0.0
uzh_fpv,1,uzh_fpv.load_1,indoor_45_14,UZH-indoor_45_14,733028,Random,8,0.397665461,0.435008989,-0.037343528
uzh_fpv,1,uzh_fpv.load_1,indoor_45_14,UZH-indoor_45_14,733029,External-Auction,10,0.4052465134,0.4052465134,0.0
uzh_fpv,1,uzh_fpv.load_1,indoor_45_14,UZH-indoor_45_14,733029,Greedy,10,0.4052465134,0.4052465134,0.0
uzh_fpv,1,uzh_fpv.load_1,indoor_45_14,UZH-indoor_45_14,733029,No-Stability,10,0.4052465134,0.4185893945,-0.0133428811
uzh_fpv,1,uzh_fpv.load_1,indoor_45_14,UZH-indoor_45_14,733029,No-Synergy,10,0.4052465134,0.4052465134,0.0
uzh_fpv,1,uzh_fpv.load_1,indoor_45_14,UZH-indoor_45_14,733029,Random,8,0.4000370043,0.4238065976,-0.0237695933
uzh_fpv,1,uzh_fpv.load_1,indoor_45_2,UZH-indoor_45_2,733100,External-Auction,10,0.3955110585,0.3955110585,0.0
uzh_fpv,1,uzh_fpv.load_1,indoor_45_2,UZH-indoor_45_2,733100,Greedy,10,0.3955110585,0.3955110585,0.0
uzh_fpv,1,uzh_fpv.load_1,indoor_45_2,UZH-indoor_45_2,733100,No-Stability,10,0.3955110585,0.4182252755,-0.0227142171
uzh_fpv,1,uzh_fpv.load_1,indoor_45_2,UZH-indoor_45_2,733100,No-Synergy,10,0.3955110585,0.3955110585,0.0
uzh_fpv,1,uzh_fpv.load_1,indoor_45_2,UZH-indoor_45_2,733100,Random,8,0.4005807321,0.4340143422,-0.0334336101
uzh_fpv,1,uzh_fpv.load_1,indoor_45_2,UZH-indoor_45_2,733101,External-Auction,9,0.3905647934,0.3905647934,0.0
uzh_fpv,1,uzh_fpv.load_1,indoor_45_2,UZH-indoor_45_2,733101,Greedy,9,0.3905647934,0.3905647934,0.0
uzh_fpv,1,uzh_fpv.load_1,indoor_45_2,UZH-indoor_45_2,733101,No-Stability,9,0.3905647934,0.4254672376,-0.0349024442
uzh_fpv,1,uzh_fpv.load_1,indoor_45_2,UZH-indoor_45_2,733101,No-Synergy,9,0.3905647934,0.3905647934,0.0
uzh_fpv,1,uzh_fpv.load_1,indoor_45_2,UZH-indoor_45_2,733101,Random,8,0.3882571945,0.4272959375,-0.039038743
uzh_fpv,1,uzh_fpv.load_1,indoor_45_2,UZH-indoor_45_2,733102,External-Auction,9,0.4321545031,0.4321545031,0.0
uzh_fpv,1,uzh_fpv.load_1,indoor_45_2,UZH-indoor_45_2,733102,Greedy,9,0.4321545031,0.4321545031,0.0
uzh_fpv,1,uzh_fpv.load_1,indoor_45_2,UZH-indoor_45_2,733102,No-Stability,9,0.4321545031,0.4430805062,-0.0109260031
uzh_fpv,1,uzh_fpv.load_1,indoor_45_2,UZH-indoor_45_2,733102,No-Synergy,9,0.4321545031,0.4321545031,0.0
uzh_fpv,1,uzh_fpv.load_1,indoor_45_2,UZH-indoor_45_2,733102,Random,9,0.4321545031,0.432096954,5.75491e-05
uzh_fpv,1,uzh_fpv.load_1,indoor_45_2,UZH-indoor_45_2,733103,External-Auction,10,0.4108547088,0.4108547088,0.0
uzh_fpv,1,uzh_fpv.load_1,indoor_45_2,UZH-indoor_45_2,733103,Greedy,10,0.4108547088,0.4108547088,0.0
uzh_fpv,1,uzh_fpv.load_1,indoor_45_2,UZH-indoor_45_2,733103,No-Stability,10,0.4108547088,0.4293544022,-0.0184996934
uzh_fpv,1,uzh_fpv.load_1,indoor_45_2,UZH-indoor_45_2,733103,No-Synergy,10,0.4108547088,0.4108547088,0.0
uzh_fpv,1,uzh_fpv.load_1,indoor_45_2,UZH-indoor_45_2,733103,Random,6,0.4116440979,0.4411601663,-0.0295160683
uzh_fpv,1,uzh_fpv.load_1,indoor_45_2,UZH-indoor_45_2,733104,External-Auction,9,0.4084252496,0.4084252496,0.0
uzh_fpv,1,uzh_fpv.load_1,indoor_45_2,UZH-indoor_45_2,733104,Greedy,9,0.4084252496,0.4084252496,0.0
uzh_fpv,1,uzh_fpv.load_1,indoor_45_2,UZH-indoor_45_2,733104,No-Stability,9,0.4084252496,0.4239320073,-0.0155067577
uzh_fpv,1,uzh_fpv.load_1,indoor_45_2,UZH-indoor_45_2,733104,No-Synergy,9,0.4084252496,0.4084252496,0.0
uzh_fpv,1,uzh_fpv.load_1,indoor_45_2,UZH-indoor_45_2,733104,Random,3,0.4124790583,0.4344056812,-0.0219266229
uzh_fpv,1,uzh_fpv.load_1,indoor_45_2,UZH-indoor_45_2,733105,External-Auction,10,0.4013527444,0.4013527444,0.0
uzh_fpv,1,uzh_fpv.load_1,indoor_45_2,UZH-indoor_45_2,733105,Greedy,10,0.4013527444,0.4013527444,0.0
uzh_fpv,1,uzh_fpv.load_1,indoor_45_2,UZH-indoor_45_2,733105,No-Stability,10,0.4013527444,0.4290448099,-0.0276920655
uzh_fpv,1,uzh_fpv.load_1,indoor_45_2,UZH-indoor_45_2,733105,No-Synergy,10,0.4013527444,0.4013527444,0.0
uzh_fpv,1,uzh_fpv.load_1,indoor_45_2,UZH-indoor_45_2,733105,Random,8,0.4035502398,0.4240060955,-0.0204558558
uzh_fpv,1,uzh_fpv.load_1,indoor_45_2,UZH-indoor_45_2,733106,External-Auction,9,0.403723115,0.403723115,0.0
uzh_fpv,1,uzh_fpv.load_1,indoor_45_2,UZH-indoor_45_2,733106,Greedy,9,0.403723115,0.403723115,0.0
uzh_fpv,1,uzh_fpv.load_1,indoor_45_2,UZH-indoor_45_2,733106,No-Stability,9,0.403723115,0.4457195343,-0.0419964194
uzh_fpv,1,uzh_fpv.load_1,indoor_45_2,UZH-indoor_45_2,733106,No-Synergy,9,0.403723115,0.403723115,0.0
uzh_fpv,1,uzh_fpv.load_1,indoor_45_2,UZH-indoor_45_2,733106,Random,8,0.4033467801,0.4363969937,-0.0330502136
uzh_fpv,1,uzh_fpv.load_1,indoor_45_2,UZH-indoor_45_2,733107,External-Auction,10,0.4335971322,0.4335971322,0.0
uzh_fpv,1,uzh_fpv.load_1,indoor_45_2,UZH-indoor_45_2,733107,Greedy,10,0.4335971322,0.4335971322,0.0
uzh_fpv,1,uzh_fpv.load_1,indoor_45_2,UZH-indoor_45_2,733107,No-Stability,10,0.4335971322,0.4394157851,-0.0058186529
uzh_fpv,1,uzh_fpv.load_1,indoor_45_2,UZH-indoor_45_2,733107,No-Synergy,10,0.4335971322,0.4335971322,0.0
uzh_fpv,1,uzh_fpv.load_1,indoor_45_2,UZH-indoor_45_2,733107,Random,5,0.4282798108,0.441054158,-0.0127743472
uzh_fpv,1,uzh_fpv.load_1,indoor_45_2,UZH-indoor_45_2,733108,External-Auction,10,0.4151610234,0.4151610234,0.0
uzh_fpv,1,uzh_fpv.load_1,indoor_45_2,UZH-indoor_45_2,733108,Greedy,10,0.4151610234,0.4151610234,0.0
uzh_fpv,1,uzh_fpv.load_1,indoor_45_2,UZH-indoor_45_2,733108,No-Stability,10,0.4151610234,0.4318619087,-0.0167008853
uzh_fpv,1,uzh_fpv.load_1,indoor_45_2,UZH-indoor_45_2,733108,No-Synergy,10,0.4151610234,0.4151610234,0.0
uzh_fpv,1,uzh_fpv.load_1,indoor_45_2,UZH-indoor_45_2,733108,Random,8,0.4208528212,0.4611470676,-0.0402942464
uzh_fpv,1,uzh_fpv.load_1,indoor_45_2,UZH-indoor_45_2,733109,External-Auction,9,0.3987137106,0.3987137106,0.0
uzh_fpv,1,uzh_fpv.load_1,indoor_45_2,UZH-indoor_45_2,733109,Greedy,9,0.3987137106,0.3987137106,0.0
uzh_fpv,1,uzh_fpv.load_1,indoor_45_2,UZH-indoor_45_2,733109,No-Stability,9,0.3987137106,0.4360572527,-0.0373435421
uzh_fpv,1,uzh_fpv.load_1,indoor_45_2,UZH-indoor_45_2,733109,No-Synergy,9,0.3987137106,0.3987137106,0.0
uzh_fpv,1,uzh_fpv.load_1,indoor_45_2,UZH-indoor_45_2,733109,Random,9,0.3987137106,0.4128000467,-0.0140863361
uzh_fpv,1,uzh_fpv.load_1,indoor_45_2,UZH-indoor_45_2,733110,External-Auction,9,0.4011232415,0.4011232415,0.0
uzh_fpv,1,uzh_fpv.load_1,indoor_45_2,UZH-indoor_45_2,733110,Greedy,9,0.4011232415,0.4011232415,0.0
uzh_fpv,1,uzh_fpv.load_1,indoor_45_2,UZH-indoor_45_2,733110,No-Stability,9,0.4011232415,0.4219988656,-0.0208756241
uzh_fpv,1,uzh_fpv.load_1,indoor_45_2,UZH-indoor_45_2,733110,No-Synergy,9,0.4011232415,0.4011232415,0.0
uzh_fpv,1,uzh_fpv.load_1,indoor_45_2,UZH-indoor_45_2,733110,Random,5,0.4155450167,0.4639995115,-0.0484544948
uzh_fpv,1,uzh_fpv.load_1,indoor_45_2,UZH-indoor_45_2,733111,External-Auction,9,0.4271431083,0.4271431083,0.0
uzh_fpv,1,uzh_fpv.load_1,indoor_45_2,UZH-indoor_45_2,733111,Greedy,9,0.4271431083,0.4271431083,0.0
uzh_fpv,1,uzh_fpv.load_1,indoor_45_2,UZH-indoor_45_2,733111,No-Stability,9,0.4271431083,0.420262127,0.0068809813
uzh_fpv,1,uzh_fpv.load_1,indoor_45_2,UZH-indoor_45_2,733111,No-Synergy,9,0.4271431083,0.4271431083,0.0
uzh_fpv,1,uzh_fpv.load_1,indoor_45_2,UZH-indoor_45_2,733111,Random,6,0.4274923494,0.4265577133,0.000934636
uzh_fpv,1,uzh_fpv.load_1,indoor_45_2,UZH-indoor_45_2,733112,External-Auction,9,0.4213944392,0.4213944392,0.0
uzh_fpv,1,uzh_fpv.load_1,indoor_45_2,UZH-indoor_45_2,733112,Greedy,9,0.4213944392,0.4213944392,0.0
uzh_fpv,1,uzh_fpv.load_1,indoor_45_2,UZH-indoor_45_2,733112,No-Stability,9,0.4213944392,0.4253498193,-0.0039553801
uzh_fpv,1,uzh_fpv.load_1,indoor_45_2,UZH-indoor_45_2,733112,No-Synergy,9,0.4213944392,0.4213944392,0.0
uzh_fpv,1,uzh_fpv.load_1,indoor_45_2,UZH-indoor_45_2,733112,Random,7,0.4237344364,0.4224745961,0.0012598403
uzh_fpv,1,uzh_fpv.load_1,indoor_45_2,UZH-indoor_45_2,733113,External-Auction,9,0.4027475584,0.4027475584,0.0
uzh_fpv,1,uzh_fpv.load_1,indoor_45_2,UZH-indoor_45_2,733113,Greedy,9,0.4027475584,0.4027475584,0.0
uzh_fpv,1,uzh_fpv.load_1,indoor_45_2,UZH-indoor_45_2,733113,No-Stability,9,0.4027475584,0.4032760029,-0.0005284445
uzh_fpv,1,uzh_fpv.load_1,indoor_45_2,UZH-indoor_45_2,733113,No-Synergy,9,0.4027475584,0.4027475584,0.0
uzh_fpv,1,uzh_fpv.load_1,indoor_45_2,UZH-indoor_45_2,733113,Random,6,0.3921862544,0.3890274342,0.0031588202
uzh_fpv,1,uzh_fpv.load_1,indoor_45_2,UZH-indoor_45_2,733114,External-Auction,10,0.3981730131,0.3981730131,0.0
uzh_fpv,1,uzh_fpv.load_1,indoor_45_2,UZH-indoor_45_2,733114,Greedy,10,0.3981730131,0.3981730131,0.0
uzh_fpv,1,uzh_fpv.load_1,indoor_45_2,UZH-indoor_45_2,733114,No-Stability,10,0.3981730131,0.4208074247,-0.0226344116
uzh_fpv,1,uzh_fpv.load_1,indoor_45_2,UZH-indoor_45_2,733114,No-Synergy,10,0.3981730131,0.3981730131,0.0
uzh_fpv,1,uzh_fpv.load_1,indoor_45_2,UZH-indoor_45_2,733114,Random,8,0.4036011221,0.4267022316,-0.0231011095
uzh_fpv,1,uzh_fpv.load_1,indoor_45_2,UZH-indoor_45_2,733115,External-Auction,10,0.4043538407,0.4043538407,0.0
uzh_fpv,1,uzh_fpv.load_1,indoor_45_2,UZH-indoor_45_2,733115,Greedy,10,0.4043538407,0.4043538407,0.0
uzh_fpv,1,uzh_fpv.load_1,indoor_45_2,UZH-indoor_45_2,733115,No-Stability,10,0.4043538407,0.4219184799,-0.0175646392
uzh_fpv,1,uzh_fpv.load_1,indoor_45_2,UZH-indoor_45_2,733115,No-Synergy,10,0.4043538407,0.4043538407,0.0
uzh_fpv,1,uzh_fpv.load_1,indoor_45_2,UZH-indoor_45_2,733115,Random,5,0.3880998867,0.4345317489,-0.0464318622
uzh_fpv,1,uzh_fpv.load_1,indoor_45_2,UZH-indoor_45_2,733116,External-Auction,9,0.4119218589,0.4077695065,0.0041523524
uzh_fpv,1,uzh_fpv.load_1,indoor_45_2,UZH-indoor_45_2,733116,Greedy,9,0.4119218589,0.4119218589,0.0
uzh_fpv,1,uzh_fpv.load_1,indoor_45_2,UZH-indoor_45_2,733116,No-Stability,9,0.4119218589,0.432268254,-0.0203463951
uzh_fpv,1,uzh_fpv.load_1,indoor_45_2,UZH-indoor_45_2,733116,No-Synergy,9,0.4119218589,0.4119218589,0.0
uzh_fpv,1,uzh_fpv.load_1,indoor_45_2,UZH-indoor_45_2,733116,Random,8,0.4128999879,0.4191110962,-0.0062111084
uzh_fpv,1,uzh_fpv.load_1,indoor_45_2,UZH-indoor_45_2,733117,External-Auction,10,0.3877124075,0.3877124075,0.0
uzh_fpv,1,uzh_fpv.load_1,indoor_45_2,UZH-indoor_45_2,733117,Greedy,10,0.3877124075,0.3877124075,0.0
uzh_fpv,1,uzh_fpv.load_1,indoor_45_2,UZH-indoor_45_2,733117,No-Stability,10,0.3877124075,0.4426562604,-0.054943853
uzh_fpv,1,uzh_fpv.load_1,indoor_45_2,UZH-indoor_45_2,733117,No-Synergy,10,0.3877124075,0.3877124075,0.0
uzh_fpv,1,uzh_fpv.load_1,indoor_45_2,UZH-indoor_45_2,733117,Random,6,0.4078426809,0.458848931,-0.0510062501
uzh_fpv,1,uzh_fpv.load_1,indoor_45_2,UZH-indoor_45_2,733118,External-Auction,9,0.39365407,0.4000923334,-0.0064382634
uzh_fpv,1,uzh_fpv.load_1,indoor_45_2,UZH-indoor_45_2,733118,Greedy,9,0.39365407,0.39365407,0.0
uzh_fpv,1,uzh_fpv.load_1,indoor_45_2,UZH-indoor_45_2,733118,No-Stability,9,0.39365407,0.4316706773,-0.0380166073
uzh_fpv,1,uzh_fpv.load_1,indoor_45_2,UZH-indoor_45_2,733118,No-Synergy,9,0.39365407,0.39365407,0.0
uzh_fpv,1,uzh_fpv.load_1,indoor_45_2,UZH-indoor_45_2,733118,Random,7,0.3865593677,0.411480119,-0.0249207513
uzh_fpv,1,uzh_fpv.load_1,indoor_45_2,UZH-indoor_45_2,733119,External-Auction,9,0.4041885767,0.4041885767,0.0
uzh_fpv,1,uzh_fpv.load_1,indoor_45_2,UZH-indoor_45_2,733119,Greedy,9,0.4041885767,0.4041885767,0.0
uzh_fpv,1,uzh_fpv.load_1,indoor_45_2,UZH-indoor_45_2,733119,No-Stability,9,0.4041885767,0.4169625076,-0.012773931
uzh_fpv,1,uzh_fpv.load_1,indoor_45_2,UZH-indoor_45_2,733119,No-Synergy,9,0.4041885767,0.4041885767,0.0
uzh_fpv,1,uzh_fpv.load_1,indoor_45_2,UZH-indoor_45_2,733119,Random,8,0.4018412247,0.4224792749,-0.0206380502
uzh_fpv,1,uzh_fpv.load_1,indoor_45_2,UZH-indoor_45_2,733120,External-Auction,10,0.4073140663,0.4073140663,0.0
uzh_fpv,1,uzh_fpv.load_1,indoor_45_2,UZH-indoor_45_2,733120,Greedy,10,0.4073140663,0.4073140663,0.0
uzh_fpv,1,uzh_fpv.load_1,indoor_45_2,UZH-indoor_45_2,733120,No-Stability,10,0.4073140663,0.4216358487,-0.0143217824
uzh_fpv,1,uzh_fpv.load_1,indoor_45_2,UZH-indoor_45_2,733120,No-Synergy,10,0.4073140663,0.4073140663,0.0
uzh_fpv,1,uzh_fpv.load_1,indoor_45_2,UZH-indoor_45_2,733120,Random,9,0.4109345977,0.4480271691,-0.0370925714
uzh_fpv,1,uzh_fpv.load_1,indoor_45_2,UZH-indoor_45_2,733121,External-Auction,9,0.4201736107,0.4201736107,0.0
uzh_fpv,1,uzh_fpv.load_1,indoor_45_2,UZH-indoor_45_2,733121,Greedy,9,0.4201736107,0.4201736107,0.0
uzh_fpv,1,uzh_fpv.load_1,indoor_45_2,UZH-indoor_45_2,733121,No-Stability,9,0.4201736107,0.4370299927,-0.016856382
uzh_fpv,1,uzh_fpv.load_1,indoor_45_2,UZH-indoor_45_2,733121,No-Synergy,9,0.4201736107,0.4201736107,0.0
uzh_fpv,1,uzh_fpv.load_1,indoor_45_2,UZH-indoor_45_2,733121,Random,7,0.4109355261,0.4029004421,0.008035084
uzh_fpv,1,uzh_fpv.load_1,indoor_45_2,UZH-indoor_45_2,733122,External-Auction,10,0.42355399,0.42355399,0.0
uzh_fpv,1,uzh_fpv.load_1,indoor_45_2,UZH-indoor_45_2,733122,Greedy,10,0.42355399,0.42355399,0.0
uzh_fpv,1,uzh_fpv.load_1,indoor_45_2,UZH-indoor_45_2,733122,No-Stability,10,0.42355399,0.4370842658,-0.0135302758
uzh_fpv,1,uzh_fpv.load_1,indoor_45_2,UZH-indoor_45_2,733122,No-Synergy,10,0.42355399,0.42355399,0.0
uzh_fpv,1,uzh_fpv.load_1,indoor_45_2,UZH-indoor_45_2,733122,Random,8,0.4281764714,0.4465918783,-0.0184154069
uzh_fpv,1,uzh_fpv.load_1,indoor_45_2,UZH-indoor_45_2,733123,External-Auction,9,0.3946785603,0.3946785603,0.0
uzh_fpv,1,uzh_fpv.load_1,indoor_45_2,UZH-indoor_45_2,733123,Greedy,9,0.3946785603,0.3946785603,0.0
uzh_fpv,1,uzh_fpv.load_1,indoor_45_2,UZH-indoor_45_2,733123,No-Stability,9,0.3946785603,0.4377819551,-0.0431033948
uzh_fpv,1,uzh_fpv.load_1,indoor_45_2,UZH-indoor_45_2,733123,No-Synergy,9,0.3946785603,0.3946785603,0.0
uzh_fpv,1,uzh_fpv.load_1,indoor_45_2,UZH-indoor_45_2,733123,Random,9,0.3946785603,0.4256904648,-0.0310119045
uzh_fpv,1,uzh_fpv.load_1,indoor_45_2,UZH-indoor_45_2,733124,External-Auction,10,0.4003270798,0.4003270798,0.0
uzh_fpv,1,uzh_fpv.load_1,indoor_45_2,UZH-indoor_45_2,733124,Greedy,10,0.4003270798,0.4003270798,0.0
uzh_fpv,1,uzh_fpv.load_1,indoor_45_2,UZH-indoor_45_2,733124,No-Stability,10,0.4003270798,0.4008214686,-0.0004943889
uzh_fpv,1,uzh_fpv.load_1,indoor_45_2,UZH-indoor_45_2,733124,No-Synergy,10,0.4003270798,0.4003270798,0.0
uzh_fpv,1,uzh_fpv.load_1,indoor_45_2,UZH-indoor_45_2,733124,Random,8,0.3992508837,0.4295131904,-0.0302623067
uzh_fpv,1,uzh_fpv.load_1,indoor_45_2,UZH-indoor_45_2,733125,External-Auction,10,0.4304897868,0.4304897868,0.0
uzh_fpv,1,uzh_fpv.load_1,indoor_45_2,UZH-indoor_45_2,733125,Greedy,10,0.4304897868,0.4304897868,0.0
uzh_fpv,1,uzh_fpv.load_1,indoor_45_2,UZH-indoor_45_2,733125,No-Stability,10,0.4304897868,0.4377065609,-0.0072167741
uzh_fpv,1,uzh_fpv.load_1,indoor_45_2,UZH-indoor_45_2,733125,No-Synergy,10,0.4304897868,0.4304897868,0.0
uzh_fpv,1,uzh_fpv.load_1,indoor_45_2,UZH-indoor_45_2,733125,Random,8,0.424970941,0.4330756771,-0.0081047361
uzh_fpv,1,uzh_fpv.load_1,indoor_45_2,UZH-indoor_45_2,733126,External-Auction,9,0.3910918201,0.3910918201,0.0
uzh_fpv,1,uzh_fpv.load_1,indoor_45_2,UZH-indoor_45_2,733126,Greedy,9,0.3910918201,0.3910918201,0.0
uzh_fpv,1,uzh_fpv.load_1,indoor_45_2,UZH-indoor_45_2,733126,No-Stability,9,0.3910918201,0.4293549254,-0.0382631053
uzh_fpv,1,uzh_fpv.load_1,indoor_45_2,UZH-indoor_45_2,733126,No-Synergy,9,0.3910918201,0.3910918201,0.0
uzh_fpv,1,uzh_fpv.load_1,indoor_45_2,UZH-indoor_45_2,733126,Random,7,0.3989564633,0.4726151517,-0.0736586883
uzh_fpv,1,uzh_fpv.load_1,indoor_45_2,UZH-indoor_45_2,733127,External-Auction,10,0.4422587097,0.4422587097,0.0
uzh_fpv,1,uzh_fpv.load_1,indoor_45_2,UZH-indoor_45_2,733127,Greedy,10,0.4422587097,0.4422587097,0.0
uzh_fpv,1,uzh_fpv.load_1,indoor_45_2,UZH-indoor_45_2,733127,No-Stability,10,0.4422587097,0.4422587097,0.0
uzh_fpv,1,uzh_fpv.load_1,indoor_45_2,UZH-indoor_45_2,733127,No-Synergy,10,0.4422587097,0.4422587097,0.0
uzh_fpv,1,uzh_fpv.load_1,indoor_45_2,UZH-indoor_45_2,733127,Random,6,0.448704175,0.4246655128,0.0240386622
uzh_fpv,1,uzh_fpv.load_1,indoor_45_2,UZH-indoor_45_2,733128,External-Auction,9,0.4167719079,0.4167719079,0.0
uzh_fpv,1,uzh_fpv.load_1,indoor_45_2,UZH-indoor_45_2,733128,Greedy,9,0.4167719079,0.4167719079,0.0
uzh_fpv,1,uzh_fpv.load_1,indoor_45_2,UZH-indoor_45_2,733128,No-Stability,9,0.4167719079,0.4286875778,-0.0119156699
uzh_fpv,1,uzh_fpv.load_1,indoor_45_2,UZH-indoor_45_2,733128,No-Synergy,9,0.4167719079,0.4167719079,0.0
uzh_fpv,1,uzh_fpv.load_1,indoor_45_2,UZH-indoor_45_2,733128,Random,7,0.4190862362,0.432238595,-0.0131523588
uzh_fpv,1,uzh_fpv.load_1,indoor_45_2,UZH-indoor_45_2,733129,External-Auction,9,0.3981457402,0.3981457402,0.0
uzh_fpv,1,uzh_fpv.load_1,indoor_45_2,UZH-indoor_45_2,733129,Greedy,9,0.3981457402,0.3981457402,0.0
uzh_fpv,1,uzh_fpv.load_1,indoor_45_2,UZH-indoor_45_2,733129,No-Stability,9,0.3981457402,0.4113549362,-0.013209196
uzh_fpv,1,uzh_fpv.load_1,indoor_45_2,UZH-indoor_45_2,733129,No-Synergy,9,0.3981457402,0.3981457402,0.0
uzh_fpv,1,uzh_fpv.load_1,indoor_45_2,UZH-indoor_45_2,733129,Random,7,0.408356032,0.44103411,-0.032678078
uzh_fpv,1,uzh_fpv.load_1,indoor_45_4,UZH-indoor_45_4,733200,External-Auction,7,0.4234779885,0.4234779885,0.0
uzh_fpv,1,uzh_fpv.load_1,indoor_45_4,UZH-indoor_45_4,733200,Greedy,7,0.4234779885,0.4234779885,0.0
uzh_fpv,1,uzh_fpv.load_1,indoor_45_4,UZH-indoor_45_4,733200,No-Stability,7,0.4234779885,0.4193702852,0.0041077034
uzh_fpv,1,uzh_fpv.load_1,indoor_45_4,UZH-indoor_45_4,733200,No-Synergy,7,0.4234779885,0.4234779885,0.0
uzh_fpv,1,uzh_fpv.load_1,indoor_45_4,UZH-indoor_45_4,733200,Random,6,0.4289839602,0.4100706574,0.0189133028
uzh_fpv,1,uzh_fpv.load_1,indoor_45_4,UZH-indoor_45_4,733201,External-Auction,7,0.3926727218,0.3926727218,0.0
uzh_fpv,1,uzh_fpv.load_1,indoor_45_4,UZH-indoor_45_4,733201,Greedy,7,0.3926727218,0.3926727218,0.0
uzh_fpv,1,uzh_fpv.load_1,indoor_45_4,UZH-indoor_45_4,733201,No-Stability,7,0.3926727218,0.4119386397,-0.019265918
uzh_fpv,1,uzh_fpv.load_1,indoor_45_4,UZH-indoor_45_4,733201,No-Synergy,7,0.3926727218,0.3926727218,0.0
uzh_fpv,1,uzh_fpv.load_1,indoor_45_4,UZH-indoor_45_4,733201,Random,5,0.4042437678,0.4161499234,-0.0119061556
uzh_fpv,1,uzh_fpv.load_1,indoor_45_4,UZH-indoor_45_4,733202,External-Auction,9,0.3934976327,0.3934976327,0.0
uzh_fpv,1,uzh_fpv.load_1,indoor_45_4,UZH-indoor_45_4,733202,Greedy,9,0.3934976327,0.3934976327,0.0
uzh_fpv,1,uzh_fpv.load_1,indoor_45_4,UZH-indoor_45_4,733202,No-Stability,9,0.3934976327,0.4271597129,-0.0336620802
uzh_fpv,1,uzh_fpv.load_1,indoor_45_4,UZH-indoor_45_4,733202,No-Synergy,9,0.3934976327,0.3934976327,0.0
uzh_fpv,1,uzh_fpv.load_1,indoor_45_4,UZH-indoor_45_4,733202,Random,6,0.3866821619,0.4195291861,-0.0328470242
uzh_fpv,1,uzh_fpv.load_1,indoor_45_4,UZH-indoor_45_4,733203,External-Auction,6,0.4120366709,0.4120366709,0.0
uzh_fpv,1,uzh_fpv.load_1,indoor_45_4,UZH-indoor_45_4,733203,Greedy,6,0.4120366709,0.4120366709,0.0
uzh_fpv,1,uzh_fpv.load_1,indoor_45_4,UZH-indoor_45_4,733203,No-Stability,6,0.4120366709,0.4266596039,-0.014622933
uzh_fpv,1,uzh_fpv.load_1,indoor_45_4,UZH-indoor_45_4,733203,No-Synergy,6,0.4120366709,0.4120366709,0.0
uzh_fpv,1,uzh_fpv.load_1,indoor_45_4,UZH-indoor_45_4,733203,Random,5,0.4052386125,0.4129085133,-0.0076699008
uzh_fpv,1,uzh_fpv.load_1,indoor_45_4,UZH-indoor_45_4,733204,External-Auction,9,0.4279881125,0.4279881125,0.0
uzh_fpv,1,uzh_fpv.load_1,indoor_45_4,UZH-indoor_45_4,733204,Greedy,9,0.4279881125,0.4279881125,0.0
uzh_fpv,1,uzh_fpv.load_1,indoor_45_4,UZH-indoor_45_4,733204,No-Stability,9,0.4279881125,0.4492846451,-0.0212965326
uzh_fpv,1,uzh_fpv.load_1,indoor_45_4,UZH-indoor_45_4,733204,No-Synergy,9,0.4279881125,0.4279881125,0.0
uzh_fpv,1,uzh_fpv.load_1,indoor_45_4,UZH-indoor_45_4,733204,Random,7,0.4229510345,0.4309222356,-0.0079712011
uzh_fpv,1,uzh_fpv.load_1,indoor_45_4,UZH-indoor_45_4,733205,External-Auction,7,0.4048752318,0.4048752318,0.0
uzh_fpv,1,uzh_fpv.load_1,indoor_45_4,UZH-indoor_45_4,733205,Greedy,7,0.4048752318,0.4048752318,0.0
uzh_fpv,1,uzh_fpv.load_1,indoor_45_4,UZH-indoor_45_4,733205,No-Stability,7,0.4048752318,0.4348627667,-0.0299875349
uzh_fpv,1,uzh_fpv.load_1,indoor_45_4,UZH-indoor_45_4,733205,No-Synergy,7,0.4048752318,0.4048752318,0.0
uzh_fpv,1,uzh_fpv.load_1,indoor_45_4,UZH-indoor_45_4,733205,Random,4,0.3986635582,0.4270335382,-0.02836998
uzh_fpv,1,uzh_fpv.load_1,indoor_45_4,UZH-indoor_45_4,733206,External-Auction,9,0.4272321496,0.4272321496,0.0
uzh_fpv,1,uzh_fpv.load_1,indoor_45_4,UZH-indoor_45_4,733206,Greedy,9,0.4272321496,0.4272321496,0.0
uzh_fpv,1,uzh_fpv.load_1,indoor_45_4,UZH-indoor_45_4,733206,No-Stability,9,0.4272321496,0.4272321496,0.0
uzh_fpv,1,uzh_fpv.load_1,indoor_45_4,UZH-indoor_45_4,733206,No-Synergy,9,0.4272321496,0.4272321496,0.0
uzh_fpv,1,uzh_fpv.load_1,indoor_45_4,UZH-indoor_45_4,733206,Random,5,0.4332917429,0.4406939463,-0.0074022034
uzh_fpv,1,uzh_fpv.load_1,indoor_45_4,UZH-indoor_45_4,733207,External-Auction,7,0.3916487669,0.3916487669,0.0
uzh_fpv,1,uzh_fpv.load_1,indoor_45_4,UZH-indoor_45_4,733207,Greedy,7,0.3916487669,0.3916487669,0.0
uzh_fpv,1,uzh_fpv.load_1,indoor_45_4,UZH-indoor_45_4,733207,No-Stability,7,0.3916487669,0.4193572448,-0.0277084779
uzh_fpv,1,uzh_fpv.load_1,indoor_45_4,UZH-indoor_45_4,733207,No-Synergy,7,0.3916487669,0.3916487669,0.0
uzh_fpv,1,uzh_fpv.load_1,indoor_45_4,UZH-indoor_45_4,733207,Random,6,0.3961734155,0.4284057712,-0.0322323557
uzh_fpv,1,uzh_fpv.load_1,indoor_45_4,UZH-indoor_45_4,733208,External-Auction,9,0.4170022018,0.4170022018,0.0
uzh_fpv,1,uzh_fpv.load_1,indoor_45_4,UZH-indoor_45_4,733208,Greedy,9,0.4170022018,0.4170022018,0.0
uzh_fpv,1,uzh_fpv.load_1,indoor_45_4,UZH-indoor_45_4,733208,No-Stability,9,0.4170022018,0.4192040139,-0.002201812
uzh_fpv,1,uzh_fpv.load_1,indoor_45_4,UZH-indoor_45_4,733208,No-Synergy,9,0.4170022018,0.4170022018,0.0
uzh_fpv,1,uzh_fpv.load_1,indoor_45_4,UZH-indoor_45_4,733208,Random,6,0.4258726157,0.4276913573,-0.0018187415
uzh_fpv,1,uzh_fpv.load_1,indoor_45_4,UZH-indoor_45_4,733209,External-Auction,9,0.3883953953,0.3883953953,0.0
uzh_fpv,1,uzh_fpv.load_1,indoor_45_4,UZH-indoor_45_4,733209,Greedy,9,0.3883953953,0.3883953953,0.0
uzh_fpv,1,uzh_fpv.load_1,indoor_45_4,UZH-indoor_45_4,733209,No-Stability,9,0.3883953953,0.425911271,-0.0375158757
uzh_fpv,1,uzh_fpv.load_1,indoor_45_4,UZH-indoor_45_4,733209,No-Synergy,9,0.3883953953,0.3883953953,0.0
uzh_fpv,1,uzh_fpv.load_1,indoor_45_4,UZH-indoor_45_4,733209,Random,7,0.371868189,0.4033982377,-0.0315300487
uzh_fpv,1,uzh_fpv.load_1,indoor_45_4,UZH-indoor_45_4,733210,External-Auction,7,0.391410499,0.391410499,0.0
uzh_fpv,1,uzh_fpv.load_1,indoor_45_4,UZH-indoor_45_4,733210,Greedy,7,0.391410499,0.391410499,0.0
uzh_fpv,1,uzh_fpv.load_1,indoor_45_4,UZH-indoor_45_4,733210,No-Stability,7,0.391410499,0.4162123041,-0.0248018051
uzh_fpv,1,uzh_fpv.load_1,indoor_45_4,UZH-indoor_45_4,733210,No-Synergy,7,0.391410499,0.391410499,0.0
uzh_fpv,1,uzh_fpv.load_1,indoor_45_4,UZH-indoor_45_4,733210,Random,7,0.391410499,0.4250307208,-0.0336202218
uzh_fpv,1,uzh_fpv.load_1,indoor_45_4,UZH-indoor_45_4,733211,External-Auction,7,0.3999615863,0.3999615863,0.0
uzh_fpv,1,uzh_fpv.load_1,indoor_45_4,UZH-indoor_45_4,733211,Greedy,7,0.3999615863,0.3999615863,0.0
uzh_fpv,1,uzh_fpv.load_1,indoor_45_4,UZH-indoor_45_4,733211,No-Stability,7,0.3999615863,0.4323058667,-0.0323442804
uzh_fpv,1,uzh_fpv.load_1,indoor_45_4,UZH-indoor_45_4,733211,No-Synergy,7,0.3999615863,0.3999615863,0.0
uzh_fpv,1,uzh_fpv.load_1,indoor_45_4,UZH-indoor_45_4,733211,Random,4,0.3920554143,0.4117390433,-0.019683629
uzh_fpv,1,uzh_fpv.load_1,indoor_45_4,UZH-indoor_45_4,733212,External-Auction,7,0.4010974883,0.4010974883,0.0
uzh_fpv,1,uzh_fpv.load_1,indoor_45_4,UZH-indoor_45_4,733212,Greedy,7,0.4010974883,0.4010974883,0.0
uzh_fpv,1,uzh_fpv.load_1,indoor_45_4,UZH-indoor_45_4,733212,No-Stability,7,0.4010974883,0.4261377029,-0.0250402146
uzh_fpv,1,uzh_fpv.load_1,indoor_45_4,UZH-indoor_45_4,733212,No-Synergy,7,0.4010974883,0.4010974883,0.0
uzh_fpv,1,uzh_fpv.load_1,indoor_45_4,UZH-indoor_45_4,733212,Random,6,0.4062691797,0.4301464349,-0.0238772552
uzh_fpv,1,uzh_fpv.load_1,indoor_45_4,UZH-indoor_45_4,733213,External-Auction,7,0.4037927318,0.4037927318,0.0
uzh_fpv,1,uzh_fpv.load_1,indoor_45_4,UZH-indoor_45_4,733213,Greedy,7,0.4037927318,0.4037927318,0.0
uzh_fpv,1,uzh_fpv.load_1,indoor_45_4,UZH-indoor_45_4,733213,No-Stability,7,0.4037927318,0.4098428153,-0.0060500836
uzh_fpv,1,uzh_fpv.load_1,indoor_45_4,UZH-indoor_45_4,733213,No-Synergy,7,0.4037927318,0.4037927318,0.0
uzh_fpv,1,uzh_fpv.load_1,indoor_45_4,UZH-indoor_45_4,733213,Random,4,0.396004575,0.4093178957,-0.0133133207
uzh_fpv,1,uzh_fpv.load_1,indoor_45_4,UZH-indoor_45_4,733214,External-Auction,7,0.3721816425,0.3721816425,0.0
uzh_fpv,1,uzh_fpv.load_1,indoor_45_4,UZH-indoor_45_4,733214,Greedy,7,0.3721816425,0.3721816425,0.0
uzh_fpv,1,uzh_fpv.load_1,indoor_45_4,UZH-indoor_45_4,733214,No-Stability,7,0.3721816425,0.3916726889,-0.0194910464
uzh_fpv,1,uzh_fpv.load_1,indoor_45_4,UZH-indoor_45_4,733214,No-Synergy,7,0.3721816425,0.3721816425,0.0
uzh_fpv,1,uzh_fpv.load_1,indoor_45_4,UZH-indoor_45_4,733214,Random,7,0.3721816425,0.401825961,-0.0296443185
uzh_fpv,1,uzh_fpv.load_1,indoor_45_4,UZH-indoor_45_4,733215,External-Auction,7,0.4127034505,0.4127034505,0.0
uzh_fpv,1,uzh_fpv.load_1,indoor_45_4,UZH-indoor_45_4,733215,Greedy,7,0.4127034505,0.4127034505,0.0
uzh_fpv,1,uzh_fpv.load_1,indoor_45_4,UZH-indoor_45_4,733215,No-Stability,7,0.4127034505,0.41314749,-0.0004440395
uzh_fpv,1,uzh_fpv.load_1,indoor_45_4,UZH-indoor_45_4,733215,No-Synergy,7,0.4127034505,0.4127034505,0.0
uzh_fpv,1,uzh_fpv.load_1,indoor_45_4,UZH-indoor_45_4,733215,Random,5,0.422029257,0.4274996848,-0.0054704278
uzh_fpv,1,uzh_fpv.load_1,indoor_45_4,UZH-indoor_45_4,733216,External-Auction,7,0.3752455329,0.3752455329,0.0
uzh_fpv,1,uzh_fpv.load_1,indoor_45_4,UZH-indoor_45_4,733216,Greedy,7,0.3752455329,0.3752455329,0.0
uzh_fpv,1,uzh_fpv.load_1,indoor_45_4,UZH-indoor_45_4,733216,No-Stability,7,0.3752455329,0.4336464659,-0.0584009329
uzh_fpv,1,uzh_fpv.load_1,indoor_45_4,UZH-indoor_45_4,733216,No-Synergy,7,0.3752455329,0.3752455329,0.0
uzh_fpv,1,uzh_fpv.load_1,indoor_45_4,UZH-indoor_45_4,733216,Random,5,0.3661789922,0.4159745214,-0.0497955292
uzh_fpv,1,uzh_fpv.load_1,indoor_45_4,UZH-indoor_45_4,733217,External-Auction,9,0.4037734709,0.4037734709,0.0
uzh_fpv,1,uzh_fpv.load_1,indoor_45_4,UZH-indoor_45_4,733217,Greedy,9,0.4037734709,0.4037734709,0.0
uzh_fpv,1,uzh_fpv.load_1,indoor_45_4,UZH-indoor_45_4,733217,No-Stability,9,0.4037734709,0.441929691,-0.0381562202
uzh_fpv,1,uzh_fpv.load_1,indoor_45_4,UZH-indoor_45_4,733217,No-Synergy,9,0.4037734709,0.4037734709,0.0
uzh_fpv,1,uzh_fpv.load_1,indoor_45_4,UZH-indoor_45_4,733217,Random,8,0.4023988539,0.4456319509,-0.043233097
uzh_fpv,1,uzh_fpv.load_1,indoor_45_4,UZH-indoor_45_4,733218,External-Auction,8,0.4082927686,0.402516727,0.0057760417
uzh_fpv,1,uzh_fpv.load_1,indoor_45_4,UZH-indoor_45_4,733218,Greedy,8,0.4082927686,0.4082927686,0.0
uzh_fpv,1,uzh_fpv.load_1,indoor_45_4,UZH-indoor_45_4,733218,No-Stability,8,0.4082927686,0.4283456656,-0.020052897
uzh_fpv,1,uzh_fpv.load_1,indoor_45_4,UZH-indoor_45_4,733218,No-Synergy,8,0.4082927686,0.4082927686,0.0
uzh_fpv,1,uzh_fpv.load_1,indoor_45_4,UZH-indoor_45_4,733218,Random,6,0.4118592778,0.412604685,-0.0007454072
uzh_fpv,1,uzh_fpv.load_1,indoor_45_4,UZH-indoor_45_4,733219,External-Auction,9,0.4108577669,0.4108577669,0.0
uzh_fpv,1,uzh_fpv.load_1,indoor_45_4,UZH-indoor_45_4,733219,Greedy,9,0.4108577669,0.4108577669,0.0
uzh_fpv,1,uzh_fpv.load_1,indoor_45_4,UZH-indoor_45_4,733219,No-Stability,9,0.4108577669,0.4280749109,-0.0172171439
uzh_fpv,1,uzh_fpv.load_1,indoor_45_4,UZH-indoor_45_4,733219,No-Synergy,9,0.4108577669,0.4108577669,0.0
uzh_fpv,1,uzh_fpv.load_1,indoor_45_4,UZH-indoor_45_4,733219,Random,7,0.4099728077,0.4109461086,-0.0009733009
uzh_fpv,1,uzh_fpv.load_1,indoor_45_4,UZH-indoor_45_4,733220,External-Auction,7,0.4048580143,0.4048580143,0.0
uzh_fpv,1,uzh_fpv.load_1,indoor_45_4,UZH-indoor_45_4,733220,Greedy,7,0.4048580143,0.4048580143,0.0
uzh_fpv,1,uzh_fpv.load_1,indoor_45_4,UZH-indoor_45_4,733220,No-Stability,7,0.4048580143,0.420881154,-0.0160231397
uzh_fpv,1,uzh_fpv.load_1,indoor_45_4,UZH-indoor_45_4,733220,No-Synergy,7,0.4048580143,0.4048580143,0.0
uzh_fpv,1,uzh_fpv.load_1,indoor_45_4,UZH-indoor_45_4,733220,Random,5,0.400048427,0.4269492643,-0.0269008373
uzh_fpv,1,uzh_fpv.load_1,indoor_45_4,UZH-indoor_45_4,733221,External-Auction,9,0.3985228391,0.3985228391,0.0
uzh_fpv,1,uzh_fpv.load_1,indoor_45_4,UZH-indoor_45_4,733221,Greedy,9,0.3985228391,0.3985228391,0.0
uzh_fpv,1,uzh_fpv.load_1,indoor_45_4,UZH-indoor_45_4,733221,No-Stability,9,0.3985228391,0.4287971475,-0.0302743084
uzh_fpv,1,uzh_fpv.load_1,indoor_45_4,UZH-indoor_45_4,733221,No-Synergy,9,0.3985228391,0.3985228391,0.0
uzh_fpv,1,uzh_fpv.load_1,indoor_45_4,UZH-indoor_45_4,733221,Random,8,0.3961681819,0.4280784632,-0.0319102813
uzh_fpv,1,uzh_fpv.load_1,indoor_45_4,UZH-indoor_45_4,733222,External-Auction,7,0.4209212863,0.4209212863,0.0
uzh_fpv,1,uzh_fpv.load_1,indoor_45_4,UZH-indoor_45_4,733222,Greedy,7,0.4209212863,0.4209212863,0.0
uzh_fpv,1,uzh_fpv.load_1,indoor_45_4,UZH-indoor_45_4,733222,No-Stability,7,0.4209212863,0.4209212863,0.0
uzh_fpv,1,uzh_fpv.load_1,indoor_45_4,UZH-indoor_45_4,733222,No-Synergy,7,0.4209212863,0.4209212863,0.0
uzh_fpv,1,uzh_fpv.load_1,indoor_45_4,UZH-indoor_45_4,733222,Random,6,0.4257847712,0.4183969259,0.0073878453
uzh_fpv,1,uzh_fpv.load_1,indoor_45_4,UZH-indoor_45_4,733223,External-Auction,9,0.4209573531,0.4209573531,0.0
uzh_fpv,1,uzh_fpv.load_1,indoor_45_4,UZH-indoor_45_4,733223,Greedy,9,0.4209573531,0.4209573531,0.0
uzh_fpv,1,uzh_fpv.load_1,indoor_45_4,UZH-indoor_45_4,733223,No-Stability,9,0.4209573531,0.4432300261,-0.022272673
uzh_fpv,1,uzh_fpv.load_1,indoor_45_4,UZH-indoor_45_4,733223,No-Synergy,9,0.4209573531,0.4209573531,0.0
uzh_fpv,1,uzh_fpv.load_1,indoor_45_4,UZH-indoor_45_4,733223,Random,9,0.4209573531,0.4353880961,-0.014430743
uzh_fpv,1,uzh_fpv.load_1,indoor_45_4,UZH-indoor_45_4,733224,External-Auction,7,0.4086346946,0.4086346946,0.0
uzh_fpv,1,uzh_fpv.load_1,indoor_45_4,UZH-indoor_45_4,733224,Greedy,7,0.4086346946,0.4086346946,0.0
uzh_fpv,1,uzh_fpv.load_1,indoor_45_4,UZH-indoor_45_4,733224,No-Stability,7,0.4086346946,0.4094349994,-0.0008003048
uzh_fpv,1,uzh_fpv.load_1,indoor_45_4,UZH-indoor_45_4,733224,No-Synergy,7,0.4086346946,0.4086346946,0.0
uzh_fpv,1,uzh_fpv.load_1,indoor_45_4,UZH-indoor_45_4,733224,Random,6,0.4116080613,0.4312370664,-0.0196290051
uzh_fpv,1,uzh_fpv.load_1,indoor_45_4,UZH-indoor_45_4,733225,External-Auction,9,0.4026464046,0.4026464046,0.0
uzh_fpv,1,uzh_fpv.load_1,indoor_45_4,UZH-indoor_45_4,733225,Greedy,9,0.4026464046,0.4026464046,0.0
uzh_fpv,1,uzh_fpv.load_1,indoor_45_4,UZH-indoor_45_4,733225,No-Stability,9,0.4026464046,0.4051909359,-0.0025445313
uzh_fpv,1,uzh_fpv.load_1,indoor_45_4,UZH-indoor_45_4,733225,No-Synergy,9,0.4026464046,0.4026464046,0.0
uzh_fpv,1,uzh_fpv.load_1,indoor_45_4,UZH-indoor_45_4,733225,Random,5,0.4024270459,0.4040884556,-0.0016614096
uzh_fpv,1,uzh_fpv.load_1,indoor_45_4,UZH-indoor_45_4,733226,External-Auction,7,0.4085683026,0.4085683026,0.0
uzh_fpv,1,uzh_fpv.load_1,indoor_45_4,UZH-indoor_45_4,733226,Greedy,7,0.4085683026,0.4085683026,0.0
uzh_fpv,1,uzh_fpv.load_1,indoor_45_4,UZH-indoor_45_4,733226,No-Stability,7,0.4085683026,0.4184215132,-0.0098532106
uzh_fpv,1,uzh_fpv.load_1,indoor_45_4,UZH-indoor_45_4,733226,No-Synergy,7,0.4085683026,0.4085683026,0.0
uzh_fpv,1,uzh_fpv.load_1,indoor_45_4,UZH-indoor_45_4,733226,Random,7,0.4085683026,0.4121303227,-0.00356202
uzh_fpv,1,uzh_fpv.load_1,indoor_45_4,UZH-indoor_45_4,733227,External-Auction,8,0.3908825952,0.3908825952,0.0
uzh_fpv,1,uzh_fpv.load_1,indoor_45_4,UZH-indoor_45_4,733227,Greedy,8,0.3908825952,0.3908825952,0.0
uzh_fpv,1,uzh_fpv.load_1,indoor_45_4,UZH-indoor_45_4,733227,No-Stability,8,0.3908825952,0.4341714217,-0.0432888265
uzh_fpv,1,uzh_fpv.load_1,indoor_45_4,UZH-indoor_45_4,733227,No-Synergy,8,0.3908825952,0.3908825952,0.0
uzh_fpv,1,uzh_fpv.load_1,indoor_45_4,UZH-indoor_45_4,733227,Random,6,0.3947347075,0.4222733044,-0.027538597
uzh_fpv,1,uzh_fpv.load_1,indoor_45_4,UZH-indoor_45_4,733228,External-Auction,7,0.4062119695,0.4062119695,0.0
uzh_fpv,1,uzh_fpv.load_1,indoor_45_4,UZH-indoor_45_4,733228,Greedy,7,0.4062119695,0.4062119695,0.0
uzh_fpv,1,uzh_fpv.load_1,indoor_45_4,UZH-indoor_45_4,733228,No-Stability,7,0.4062119695,0.4168088873,-0.0105969178
uzh_fpv,1,uzh_fpv.load_1,indoor_45_4,UZH-indoor_45_4,733228,No-Synergy,7,0.4062119695,0.4062119695,0.0
uzh_fpv,1,uzh_fpv.load_1,indoor_45_4,UZH-indoor_45_4,733228,Random,5,0.3956909239,0.4078225903,-0.0121316664
uzh_fpv,1,uzh_fpv.load_1,indoor_45_4,UZH-indoor_45_4,733229,External-Auction,9,0.4243576964,0.4243576964,0.0
uzh_fpv,1,uzh_fpv.load_1,indoor_45_4,UZH-indoor_45_4,733229,Greedy,9,0.4243576964,0.4243576964,0.0
uzh_fpv,1,uzh_fpv.load_1,indoor_45_4,UZH-indoor_45_4,733229,No-Stability,9,0.4243576964,0.4263628298,-0.0020051335
uzh_fpv,1,uzh_fpv.load_1,indoor_45_4,UZH-indoor_45_4,733229,No-Synergy,9,0.4243576964,0.4243576964,0.0
uzh_fpv,1,uzh_fpv.load_1,indoor_45_4,UZH-indoor_45_4,733229,Random,4,0.4070283841,0.4086353388,-0.0016069547
uzh_fpv,1,uzh_fpv.load_1,indoor_45_9,UZH-indoor_45_9,733300,External-Auction,8,0.3976818103,0.3976818103,0.0
uzh_fpv,1,uzh_fpv.load_1,indoor_45_9,UZH-indoor_45_9,733300,Greedy,8,0.3976818103,0.3976818103,0.0
uzh_fpv,1,uzh_fpv.load_1,indoor_45_9,UZH-indoor_45_9,733300,No-Stability,8,0.3976818103,0.4081240204,-0.0104422101
uzh_fpv,1,uzh_fpv.load_1,indoor_45_9,UZH-indoor_45_9,733300,No-Synergy,8,0.3976818103,0.3976818103,0.0
uzh_fpv,1,uzh_fpv.load_1,indoor_45_9,UZH-indoor_45_9,733300,Random,7,0.4025415358,0.4176463699,-0.0151048341
uzh_fpv,1,uzh_fpv.load_1,indoor_45_9,UZH-indoor_45_9,733301,External-Auction,8,0.3749055603,0.3749055603,0.0
uzh_fpv,1,uzh_fpv.load_1,indoor_45_9,UZH-indoor_45_9,733301,Greedy,8,0.3749055603,0.3749055603,0.0
uzh_fpv,1,uzh_fpv.load_1,indoor_45_9,UZH-indoor_45_9,733301,No-Stability,8,0.3749055603,0.412042134,-0.0371365737
uzh_fpv,1,uzh_fpv.load_1,indoor_45_9,UZH-indoor_45_9,733301,No-Synergy,8,0.3749055603,0.3749055603,0.0
uzh_fpv,1,uzh_fpv.load_1,indoor_45_9,UZH-indoor_45_9,733301,Random,7,0.3791870818,0.4484399156,-0.0692528338
uzh_fpv,1,uzh_fpv.load_1,indoor_45_9,UZH-indoor_45_9,733302,External-Auction,8,0.4061578487,0.4061578487,0.0
uzh_fpv,1,uzh_fpv.load_1,indoor_45_9,UZH-indoor_45_9,733302,Greedy,8,0.4061578487,0.4061578487,0.0
uzh_fpv,1,uzh_fpv.load_1,indoor_45_9,UZH-indoor_45_9,733302,No-Stability,8,0.4061578487,0.4242838419,-0.0181259932
uzh_fpv,1,uzh_fpv.load_1,indoor_45_9,UZH-indoor_45_9,733302,No-Synergy,8,0.4061578487,0.4061578487,0.0
uzh_fpv,1,uzh_fpv.load_1,indoor_45_9,UZH-indoor_45_9,733302,Random,6,0.4091511346,0.4172804271,-0.0081292925
uzh_fpv,1,uzh_fpv.load_1,indoor_45_9,UZH-indoor_45_9,733303,External-Auction,6,0.3658777371,0.3658777371,0.0
uzh_fpv,1,uzh_fpv.load_1,indoor_45_9,UZH-indoor_45_9,733303,Greedy,6,0.3658777371,0.3658777371,0.0
uzh_fpv,1,uzh_fpv.load_1,indoor_45_9,UZH-indoor_45_9,733303,No-Stability,6,0.3658777371,0.4178292286,-0.0519514915
uzh_fpv,1,uzh_fpv.load_1,indoor_45_9,UZH-indoor_45_9,733303,No-Synergy,6,0.3658777371,0.3658777371,0.0
uzh_fpv,1,uzh_fpv.load_1,indoor_45_9,UZH-indoor_45_9,733303,Random,5,0.3608236716,0.4057595763,-0.0449359047
uzh_fpv,1,uzh_fpv.load_1,indoor_45_9,UZH-indoor_45_9,733304,External-Auction,4,0.3823541447,0.3823541447,0.0
uzh_fpv,1,uzh_fpv.load_1,indoor_45_9,UZH-indoor_45_9,733304,Greedy,4,0.3823541447,0.3823541447,0.0
uzh_fpv,1,uzh_fpv.load_1,indoor_45_9,UZH-indoor_45_9,733304,No-Stability,4,0.3823541447,0.4084879678,-0.0261338231
uzh_fpv,1,uzh_fpv.load_1,indoor_45_9,UZH-indoor_45_9,733304,No-Synergy,4,0.3823541447,0.3823541447,0.0
uzh_fpv,1,uzh_fpv.load_1,indoor_45_9,UZH-indoor_45_9,733304,Random,4,0.3823541447,0.4065468489,-0.0241927042
uzh_fpv,1,uzh_fpv.load_1,indoor_45_9,UZH-indoor_45_9,733305,External-Auction,6,0.3947869739,0.3947869739,0.0
uzh_fpv,1,uzh_fpv.load_1,indoor_45_9,UZH-indoor_45_9,733305,Greedy,6,0.3947869739,0.3947869739,0.0
uzh_fpv,1,uzh_fpv.load_1,indoor_45_9,UZH-indoor_45_9,733305,No-Stability,6,0.3947869739,0.4046021394,-0.0098151655
uzh_fpv,1,uzh_fpv.load_1,indoor_45_9,UZH-indoor_45_9,733305,No-Synergy,6,0.3947869739,0.3947869739,0.0
uzh_fpv,1,uzh_fpv.load_1,indoor_45_9,UZH-indoor_45_9,733305,Random,2,0.3969501308,0.4362964569,-0.0393463261
uzh_fpv,1,uzh_fpv.load_1,indoor_45_9,UZH-indoor_45_9,733306,External-Auction,7,0.4027262716,0.4027262716,0.0
uzh_fpv,1,uzh_fpv.load_1,indoor_45_9,UZH-indoor_45_9,733306,Greedy,7,0.4027262716,0.4027262716,0.0
uzh_fpv,1,uzh_fpv.load_1,indoor_45_9,UZH-indoor_45_9,733306,No-Stability,7,0.4027262716,0.4050618639,-0.0023355922
uzh_fpv,1,uzh_fpv.load_1,indoor_45_9,UZH-indoor_45_9,733306,No-Synergy,7,0.4027262716,0.4027262716,0.0
uzh_fpv,1,uzh_fpv.load_1,indoor_45_9,UZH-indoor_45_9,733306,Random,6,0.4075189304,0.420877229,-0.0133582986
uzh_fpv,1,uzh_fpv.load_1,indoor_45_9,UZH-indoor_45_9,733307,External-Auction,8,0.3868744328,0.3868744328,0.0
uzh_fpv,1,uzh_fpv.load_1,indoor_45_9,UZH-indoor_45_9,733307,Greedy,8,0.3868744328,0.3868744328,0.0
uzh_fpv,1,uzh_fpv.load_1,indoor_45_9,UZH-indoor_45_9,733307,No-Stability,8,0.3868744328,0.4031417033,-0.0162672705
uzh_fpv,1,uzh_fpv.load_1,indoor_45_9,UZH-indoor_45_9,733307,No-Synergy,8,0.3868744328,0.3868744328,0.0
uzh_fpv,1,uzh_fpv.load_1,indoor_45_9,UZH-indoor_45_9,733307,Random,7,0.3868174161,0.429180841,-0.0423634249
uzh_fpv,1,uzh_fpv.load_1,indoor_45_9,UZH-indoor_45_9,733308,External-Auction,8,0.3800199507,0.3800199507,0.0
uzh_fpv,1,uzh_fpv.load_1,indoor_45_9,UZH-indoor_45_9,733308,Greedy,8,0.3800199507,0.3800199507,0.0
uzh_fpv,1,uzh_fpv.load_1,indoor_45_9,UZH-indoor_45_9,733308,No-Stability,8,0.3800199507,0.4188514365,-0.0388314858
uzh_fpv,1,uzh_fpv.load_1,indoor_45_9,UZH-indoor_45_9,733308,No-Synergy,8,0.3800199507,0.3800199507,0.0
uzh_fpv,1,uzh_fpv.load_1,indoor_45_9,UZH-indoor_45_9,733308,Random,4,0.3676276319,0.4096245423,-0.0419969104
uzh_fpv,1,uzh_fpv.load_1,indoor_45_9,UZH-indoor_45_9,733309,External-Auction,6,0.3934002758,0.3934002758,0.0
uzh_fpv,1,uzh_fpv.load_1,indoor_45_9,UZH-indoor_45_9,733309,Greedy,6,0.3934002758,0.3934002758,0.0
uzh_fpv,1,uzh_fpv.load_1,indoor_45_9,UZH-indoor_45_9,733309,No-Stability,6,0.3934002758,0.420641585,-0.0272413093
uzh_fpv,1,uzh_fpv.load_1,indoor_45_9,UZH-indoor_45_9,733309,No-Synergy,6,0.3934002758,0.3934002758,0.0
uzh_fpv,1,uzh_fpv.load_1,indoor_45_9,UZH-indoor_45_9,733309,Random,4,0.3979554798,0.4097060486,-0.0117505688
uzh_fpv,1,uzh_fpv.load_1,indoor_45_9,UZH-indoor_45_9,733310,External-Auction,7,0.4019019785,0.4019019785,0.0
uzh_fpv,1,uzh_fpv.load_1,indoor_45_9,UZH-indoor_45_9,733310,Greedy,7,0.4019019785,0.4019019785,0.0
uzh_fpv,1,uzh_fpv.load_1,indoor_45_9,UZH-indoor_45_9,733310,No-Stability,7,0.4019019785,0.4216961815,-0.0197942029
uzh_fpv,1,uzh_fpv.load_1,indoor_45_9,UZH-indoor_45_9,733310,No-Synergy,7,0.4019019785,0.4019019785,0.0
uzh_fpv,1,uzh_fpv.load_1,indoor_45_9,UZH-indoor_45_9,733310,Random,5,0.3939139302,0.4265517323,-0.0326378021
uzh_fpv,1,uzh_fpv.load_1,indoor_45_9,UZH-indoor_45_9,733311,External-Auction,7,0.4127387757,0.4127387757,0.0
uzh_fpv,1,uzh_fpv.load_1,indoor_45_9,UZH-indoor_45_9,733311,Greedy,7,0.4127387757,0.4127387757,0.0
uzh_fpv,1,uzh_fpv.load_1,indoor_45_9,UZH-indoor_45_9,733311,No-Stability,7,0.4127387757,0.4182005931,-0.0054618174
uzh_fpv,1,uzh_fpv.load_1,indoor_45_9,UZH-indoor_45_9,733311,No-Synergy,7,0.4127387757,0.4127387757,0.0
uzh_fpv,1,uzh_fpv.load_1,indoor_45_9,UZH-indoor_45_9,733311,Random,6,0.4107369575,0.410746655,-9.6975e-06
uzh_fpv,1,uzh_fpv.load_1,indoor_45_9,UZH-indoor_45_9,733312,External-Auction,8,0.4294952304,0.4294952304,0.0
uzh_fpv,1,uzh_fpv.load_1,indoor_45_9,UZH-indoor_45_9,733312,Greedy,8,0.4294952304,0.4294952304,0.0
uzh_fpv,1,uzh_fpv.load_1,indoor_45_9,UZH-indoor_45_9,733312,No-Stability,8,0.4294952304,0.4294952304,0.0
uzh_fpv,1,uzh_fpv.load_1,indoor_45_9,UZH-indoor_45_9,733312,No-Synergy,8,0.4294952304,0.4294952304,0.0
uzh_fpv,1,uzh_fpv.load_1,indoor_45_9,UZH-indoor_45_9,733312,Random,7,0.4279153142,0.4206305469,0.0072847673
uzh_fpv,1,uzh_fpv.load_1,indoor_45_9,UZH-indoor_45_9,733313,External-Auction,8,0.4018138597,0.4018138597,0.0
uzh_fpv,1,uzh_fpv.load_1,indoor_45_9,UZH-indoor_45_9,733313,Greedy,8,0.4018138597,0.4018138597,0.0
uzh_fpv,1,uzh_fpv.load_1,indoor_45_9,UZH-indoor_45_9,733313,No-Stability,8,0.4018138597,0.4016305023,0.0001833574
uzh_fpv,1,uzh_fpv.load_1,indoor_45_9,UZH-indoor_45_9,733313,No-Synergy,8,0.4018138597,0.4018138597,0.0
uzh_fpv,1,uzh_fpv.load_1,indoor_45_9,UZH-indoor_45_9,733313,Random,7,0.4004600408,0.416487997,-0.0160279562
uzh_fpv,1,uzh_fpv.load_1,indoor_45_9,UZH-indoor_45_9,733314,External-Auction,7,0.3938635956,0.3938635956,0.0
uzh_fpv,1,uzh_fpv.load_1,indoor_45_9,UZH-indoor_45_9,733314,Greedy,7,0.3938635956,0.3938635956,0.0
uzh_fpv,1,uzh_fpv.load_1,indoor_45_9,UZH-indoor_45_9,733314,No-Stability,7,0.3938635956,0.3938635956,0.0
uzh_fpv,1,uzh_fpv.load_1,indoor_45_9,UZH-indoor_45_9,733314,No-Synergy,7,0.3938635956,0.3938635956,0.0
uzh_fpv,1,uzh_fpv.load_1,indoor_45_9,UZH-indoor_45_9,733314,Random,4,0.3886850883,0.4017080625,-0.0130229742
uzh_fpv,1,uzh_fpv.load_1,indoor_45_9,UZH-indoor_45_9,733315,External-Auction,6,0.3910268202,0.3910268202,0.0
uzh_fpv,1,uzh_fpv.load_1,indoor_45_9,UZH-indoor_45_9,733315,Greedy,6,0.3910268202,0.3910268202,0.0
uzh_fpv,1,uzh_fpv.load_1,indoor_45_9,UZH-indoor_45_9,733315,No-Stability,6,0.3910268202,0.3945669912,-0.003540171
uzh_fpv,1,uzh_fpv.load_1,indoor_45_9,UZH-indoor_45_9,733315,No-Synergy,6,0.3910268202,0.3910268202,0.0
uzh_fpv,1,uzh_fpv.load_1,indoor_45_9,UZH-indoor_45_9,733315,Random,5,0.3948087372,0.4037949116,-0.0089861744
uzh_fpv,1,uzh_fpv.load_1,indoor_45_9,UZH-indoor_45_9,733316,External-Auction,6,0.3907715122,0.3907715122,0.0
uzh_fpv,1,uzh_fpv.load_1,indoor_45_9,UZH-indoor_45_9,733316,Greedy,6,0.3907715122,0.3907715122,0.0
uzh_fpv,1,uzh_fpv.load_1,indoor_45_9,UZH-indoor_45_9,733316,No-Stability,6,0.3907715122,0.4064404396,-0.0156689274
uzh_fpv,1,uzh_fpv.load_1,indoor_45_9,UZH-indoor_45_9,733316,No-Synergy,6,0.3907715122,0.3907715122,0.0
uzh_fpv,1,uzh_fpv.load_1,indoor_45_9,UZH-indoor_45_9,733316,Random,5,0.3953129868,0.4054121016,-0.0100991148
uzh_fpv,1,uzh_fpv.load_1,indoor_45_9,UZH-indoor_45_9,733317,External-Auction,7,0.3996132389,0.3996132389,0.0
uzh_fpv,1,uzh_fpv.load_1,indoor_45_9,UZH-indoor_45_9,733317,Greedy,7,0.3996132389,0.3996132389,0.0
uzh_fpv,1,uzh_fpv.load_1,indoor_45_9,UZH-indoor_45_9,733317,No-Stability,7,0.3996132389,0.4138310188,-0.0142177798
uzh_fpv,1,uzh_fpv.load_1,indoor_45_9,UZH-indoor_45_9,733317,No-Synergy,7,0.3996132389,0.3996132389,0.0
uzh_fpv,1,uzh_fpv.load_1,indoor_45_9,UZH-indoor_45_9,733317,Random,4,0.4067907598,0.4239862526,-0.0171954928
uzh_fpv,1,uzh_fpv.load_1,indoor_45_9,UZH-indoor_45_9,733318,External-Auction,8,0.4018300949,0.4018300949,0.0
uzh_fpv,1,uzh_fpv.load_1,indoor_45_9,UZH-indoor_45_9,733318,Greedy,8,0.4018300949,0.4018300949,0.0
uzh_fpv,1,uzh_fpv.load_1,indoor_45_9,UZH-indoor_45_9,733318,No-Stability,8,0.4018300949,0.4202827581,-0.0184526633
uzh_fpv,1,uzh_fpv.load_1,indoor_45_9,UZH-indoor_45_9,733318,No-Synergy,8,0.4018300949,0.4018300949,0.0
uzh_fpv,1,uzh_fpv.load_1,indoor_45_9,UZH-indoor_45_9,733318,Random,6,0.4003309694,0.4414537,-0.0411227305
uzh_fpv,1,uzh_fpv.load_1,indoor_45_9,UZH-indoor_45_9,733319,External-Auction,7,0.420569413,0.420569413,0.0
uzh_fpv,1,uzh_fpv.load_1,indoor_45_9,UZH-indoor_45_9,733319,Greedy,7,0.420569413,0.420569413,0.0
uzh_fpv,1,uzh_fpv.load_1,indoor_45_9,UZH-indoor_45_9,733319,No-Stability,7,0.420569413,0.420569413,0.0
uzh_fpv,1,uzh_fpv.load_1,indoor_45_9,UZH-indoor_45_9,733319,No-Synergy,7,0.420569413,0.420569413,0.0
uzh_fpv,1,uzh_fpv.load_1,indoor_45_9,UZH-indoor_45_9,733319,Random,6,0.4246850443,0.4216020428,0.0030830015
uzh_fpv,1,uzh_fpv.load_1,indoor_45_9,UZH-indoor_45_9,733320,External-Auction,7,0.3813516776,0.3813516776,0.0
uzh_fpv,1,uzh_fpv.load_1,indoor_45_9,UZH-indoor_45_9,733320,Greedy,7,0.3813516776,0.3813516776,0.0
uzh_fpv,1,uzh_fpv.load_1,indoor_45_9,UZH-indoor_45_9,733320,No-Stability,7,0.3813516776,0.3813516776,0.0
uzh_fpv,1,uzh_fpv.load_1,indoor_45_9,UZH-indoor_45_9,733320,No-Synergy,7,0.3813516776,0.3813516776,0.0
uzh_fpv,1,uzh_fpv.load_1,indoor_45_9,UZH-indoor_45_9,733320,Random,6,0.3793292537,0.4029614617,-0.023632208
uzh_fpv,1,uzh_fpv.load_1,indoor_45_9,UZH-indoor_45_9,733321,External-Auction,8,0.374787584,0.374787584,0.0
uzh_fpv,1,uzh_fpv.load_1,indoor_45_9,UZH-indoor_45_9,733321,Greedy,8,0.374787584,0.374787584,0.0
uzh_fpv,1,uzh_fpv.load_1,indoor_45_9,UZH-indoor_45_9,733321,No-Stability,8,0.374787584,0.4233791851,-0.0485916011
uzh_fpv,1,uzh_fpv.load_1,indoor_45_9,UZH-indoor_45_9,733321,No-Synergy,8,0.374787584,0.374787584,0.0
uzh_fpv,1,uzh_fpv.load_1,indoor_45_9,UZH-indoor_45_9,733321,Random,5,0.3864882416,0.4521717378,-0.0656834962
uzh_fpv,1,uzh_fpv.load_1,indoor_45_9,UZH-indoor_45_9,733322,External-Auction,4,0.4065625894,0.4065625894,0.0
uzh_fpv,1,uzh_fpv.load_1,indoor_45_9,UZH-indoor_45_9,733322,Greedy,4,0.4065625894,0.4065625894,0.0
uzh_fpv,1,uzh_fpv.load_1,indoor_45_9,UZH-indoor_45_9,733322,No-Stability,4,0.4065625894,0.4072154135,-0.0006528241
uzh_fpv,1,uzh_fpv.load_1,indoor_45_9,UZH-indoor_45_9,733322,No-Synergy,4,0.4065625894,0.4065625894,0.0
uzh_fpv,1,uzh_fpv.load_1,indoor_45_9,UZH-indoor_45_9,733322,Random,4,0.4065625894,0.4080917911,-0.0015292016
uzh_fpv,1,uzh_fpv.load_1,indoor_45_9,UZH-indoor_45_9,733323,External-Auction,8,0.4011749569,0.4011749569,0.0
uzh_fpv,1,uzh_fpv.load_1,indoor_45_9,UZH-indoor_45_9,733323,Greedy,8,0.4011749569,0.4011749569,0.0
uzh_fpv,1,uzh_fpv.load_1,indoor_45_9,UZH-indoor_45_9,733323,No-Stability,8,0.4011749569,0.4037917116,-0.0026167547
uzh_fpv,1,uzh_fpv.load_1,indoor_45_9,UZH-indoor_45_9,733323,No-Synergy,8,0.4011749569,0.4011749569,0.0
uzh_fpv,1,uzh_fpv.load_1,indoor_45_9,UZH-indoor_45_9,733323,Random,5,0.4027133218,0.3990714662,0.0036418556
uzh_fpv,1,uzh_fpv.load_1,indoor_45_9,UZH-indoor_45_9,733324,External-Auction,7,0.3700927807,0.3700927807,0.0
uzh_fpv,1,uzh_fpv.load_1,indoor_45_9,UZH-indoor_45_9,733324,Greedy,7,0.3700927807,0.3700927807,0.0
uzh_fpv,1,uzh_fpv.load_1,indoor_45_9,UZH-indoor_45_9,733324,No-Stability,7,0.3700927807,0.3986698523,-0.0285770716
uzh_fpv,1,uzh_fpv.load_1,indoor_45_9,UZH-indoor_45_9,733324,No-Synergy,7,0.3700927807,0.3700927807,0.0
uzh_fpv,1,uzh_fpv.load_1,indoor_45_9,UZH-indoor_45_9,733324,Random,4,0.3769607039,0.4014814011,-0.0245206972
uzh_fpv,1,uzh_fpv.load_1,indoor_45_9,UZH-indoor_45_9,733325,External-Auction,7,0.4085472427,0.4085472427,0.0
uzh_fpv,1,uzh_fpv.load_1,indoor_45_9,UZH-indoor_45_9,733325,Greedy,7,0.4085472427,0.4085472427,0.0
uzh_fpv,1,uzh_fpv.load_1,indoor_45_9,UZH-indoor_45_9,733325,No-Stability,7,0.4085472427,0.414926382,-0.0063791394
uzh_fpv,1,uzh_fpv.load_1,indoor_45_9,UZH-indoor_45_9,733325,No-Synergy,7,0.4085472427,0.4085472427,0.0
uzh_fpv,1,uzh_fpv.load_1,indoor_45_9,UZH-indoor_45_9,733325,Random,5,0.4031897116,0.4150297231,-0.0118400116
uzh_fpv,1,uzh_fpv.load_1,indoor_45_9,UZH-indoor_45_9,733326,External-Auction,8,0.4173516485,0.4173516485,0.0
uzh_fpv,1,uzh_fpv.load_1,indoor_45_9,UZH-indoor_45_9,733326,Greedy,8,0.4173516485,0.4173516485,0.0
uzh_fpv,1,uzh_fpv.load_1,indoor_45_9,UZH-indoor_45_9,733326,No-Stability,8,0.4173516485,0.4226779503,-0.0053263018
uzh_fpv,1,uzh_fpv.load_1,indoor_45_9,UZH-indoor_45_9,733326,No-Synergy,8,0.4173516485,0.4173516485,0.0
uzh_fpv,1,uzh_fpv.load_1,indoor_45_9,UZH-indoor_45_9,733326,Random,7,0.4221179157,0.4292915987,-0.007173683
uzh_fpv,1,uzh_fpv.load_1,indoor_45_9,UZH-indoor_45_9,733327,External-Auction,6,0.3823878925,0.3823878925,0.0
uzh_fpv,1,uzh_fpv.load_1,indoor_45_9,UZH-indoor_45_9,733327,Greedy,6,0.3823878925,0.3823878925,0.0
uzh_fpv,1,uzh_fpv.load_1,indoor_45_9,UZH-indoor_45_9,733327,No-Stability,6,0.3823878925,0.3909606202,-0.0085727277
uzh_fpv,1,uzh_fpv.load_1,indoor_45_9,UZH-indoor_45_9,733327,No-Synergy,6,0.3823878925,0.3823878925,0.0
uzh_fpv,1,uzh_fpv.load_1,indoor_45_9,UZH-indoor_45_9,733327,Random,4,0.3810706733,0.38637451,-0.0053038366
uzh_fpv,1,uzh_fpv.load_1,indoor_45_9,UZH-indoor_45_9,733328,External-Auction,8,0.413052542,0.413052542,0.0
uzh_fpv,1,uzh_fpv.load_1,indoor_45_9,UZH-indoor_45_9,733328,Greedy,8,0.413052542,0.413052542,0.0
uzh_fpv,1,uzh_fpv.load_1,indoor_45_9,UZH-indoor_45_9,733328,No-Stability,8,0.413052542,0.4167705512,-0.0037180091
uzh_fpv,1,uzh_fpv.load_1,indoor_45_9,UZH-indoor_45_9,733328,No-Synergy,8,0.413052542,0.413052542,0.0
uzh_fpv,1,uzh_fpv.load_1,indoor_45_9,UZH-indoor_45_9,733328,Random,6,0.4112403812,0.4196510153,-0.0084106341
uzh_fpv,1,uzh_fpv.load_1,indoor_45_9,UZH-indoor_45_9,733329,External-Auction,7,0.3925940688,0.3925940688,0.0
uzh_fpv,1,uzh_fpv.load_1,indoor_45_9,UZH-indoor_45_9,733329,Greedy,7,0.3925940688,0.3925940688,0.0
uzh_fpv,1,uzh_fpv.load_1,indoor_45_9,UZH-indoor_45_9,733329,No-Stability,7,0.3925940688,0.4033893259,-0.010795257
uzh_fpv,1,uzh_fpv.load_1,indoor_45_9,UZH-indoor_45_9,733329,No-Synergy,7,0.3925940688,0.3925940688,0.0
uzh_fpv,1,uzh_fpv.load_1,indoor_45_9,UZH-indoor_45_9,733329,Random,5,0.404414113,0.4436882708,-0.0392741578
uzh_fpv,1,uzh_fpv.load_1,indoor_forward_10,UZH-indoor_forward_10,733400,External-Auction,11,0.3783852636,0.3783852636,0.0
uzh_fpv,1,uzh_fpv.load_1,indoor_forward_10,UZH-indoor_forward_10,733400,Greedy,11,0.3783852636,0.3783852636,0.0
uzh_fpv,1,uzh_fpv.load_1,indoor_forward_10,UZH-indoor_forward_10,733400,No-Stability,11,0.3783852636,0.3850043058,-0.0066190423
uzh_fpv,1,uzh_fpv.load_1,indoor_forward_10,UZH-indoor_forward_10,733400,No-Synergy,11,0.3783852636,0.3783852636,0.0
uzh_fpv,1,uzh_fpv.load_1,indoor_forward_10,UZH-indoor_forward_10,733400,Random,10,0.3779371488,0.3960978184,-0.0181606696
uzh_fpv,1,uzh_fpv.load_1,indoor_forward_10,UZH-indoor_forward_10,733401,External-Auction,11,0.385515166,0.385515166,0.0
uzh_fpv,1,uzh_fpv.load_1,indoor_forward_10,UZH-indoor_forward_10,733401,Greedy,11,0.385515166,0.385515166,0.0
uzh_fpv,1,uzh_fpv.load_1,indoor_forward_10,UZH-indoor_forward_10,733401,No-Stability,11,0.385515166,0.4086236442,-0.0231084782
uzh_fpv,1,uzh_fpv.load_1,indoor_forward_10,UZH-indoor_forward_10,733401,No-Synergy,11,0.385515166,0.385515166,0.0
uzh_fpv,1,uzh_fpv.load_1,indoor_forward_10,UZH-indoor_forward_10,733401,Random,10,0.3861268096,0.4067833148,-0.0206565052
uzh_fpv,1,uzh_fpv.load_1,indoor_forward_10,UZH-indoor_forward_10,733402,External-Auction,11,0.3661944098,0.3661944098,0.0
uzh_fpv,1,uzh_fpv.load_1,indoor_forward_10,UZH-indoor_forward_10,733402,Greedy,11,0.3661944098,0.3661944098,0.0
uzh_fpv,1,uzh_fpv.load_1,indoor_forward_10,UZH-indoor_forward_10,733402,No-Stability,11,0.3661944098,0.3958431817,-0.029648772
uzh_fpv,1,uzh_fpv.load_1,indoor_forward_10,UZH-indoor_forward_10,733402,No-Synergy,11,0.3661944098,0.3661944098,0.0
uzh_fpv,1,uzh_fpv.load_1,indoor_forward_10,UZH-indoor_forward_10,733402,Random,10,0.3673240931,0.4137493199,-0.0464252269
uzh_fpv,1,uzh_fpv.load_1,indoor_forward_10,UZH-indoor_forward_10,733403,External-Auction,11,0.3919505394,0.3919505394,0.0
uzh_fpv,1,uzh_fpv.load_1,indoor_forward_10,UZH-indoor_forward_10,733403,Greedy,11,0.3919505394,0.3919505394,0.0
uzh_fpv,1,uzh_fpv.load_1,indoor_forward_10,UZH-indoor_forward_10,733403,No-Stability,11,0.3919505394,0.4114421068,-0.0194915674
uzh_fpv,1,uzh_fpv.load_1,indoor_forward_10,UZH-indoor_forward_10,733403,No-Synergy,11,0.3919505394,0.3919505394,0.0
uzh_fpv,1,uzh_fpv.load_1,indoor_forward_10,UZH-indoor_forward_10,733403,Random,7,0.3981759281,0.4109571715,-0.0127812433
uzh_fpv,1,uzh_fpv.load_1,indoor_forward_10,UZH-indoor_forward_10,733404,External-Auction,10,0.3694971094,0.3694971094,0.0
uzh_fpv,1,uzh_fpv.load_1,indoor_forward_10,UZH-indoor_forward_10,733404,Greedy,10,0.3694971094,0.3694971094,0.0
uzh_fpv,1,uzh_fpv.load_1,indoor_forward_10,UZH-indoor_forward_10,733404,No-Stability,10,0.3694971094,0.3903234008,-0.0208262914
uzh_fpv,1,uzh_fpv.load_1,indoor_forward_10,UZH-indoor_forward_10,733404,No-Synergy,10,0.3694971094,0.3694971094,0.0
uzh_fpv,1,uzh_fpv.load_1,indoor_forward_10,UZH-indoor_forward_10,733404,Random,7,0.3724239558,0.4192043013,-0.0467803455
uzh_fpv,1,uzh_fpv.load_1,indoor_forward_10,UZH-indoor_forward_10,733405,External-Auction,11,0.3997105859,0.3997105859,0.0
uzh_fpv,1,uzh_fpv.load_1,indoor_forward_10,UZH-indoor_forward_10,733405,Greedy,11,0.3997105859,0.3997105859,0.0
uzh_fpv,1,uzh_fpv.load_1,indoor_forward_10,UZH-indoor_forward_10,733405,No-Stability,11,0.3997105859,0.4020451441,-0.0023345582
uzh_fpv,1,uzh_fpv.load_1,indoor_forward_10,UZH-indoor_forward_10,733405,No-Synergy,11,0.3997105859,0.3997105859,0.0
uzh_fpv,1,uzh_fpv.load_1,indoor_forward_10,UZH-indoor_forward_10,733405,Random,8,0.402727527,0.4044012748,-0.0016737478
uzh_fpv,1,uzh_fpv.load_1,indoor_forward_10,UZH-indoor_forward_10,733406,External-Auction,11,0.3688747061,0.3688747061,0.0
uzh_fpv,1,uzh_fpv.load_1,indoor_forward_10,UZH-indoor_forward_10,733406,Greedy,11,0.3688747061,0.3688747061,0.0
uzh_fpv,1,uzh_fpv.load_1,indoor_forward_10,UZH-indoor_forward_10,733406,No-Stability,11,0.3688747061,0.3721114374,-0.0032367313
uzh_fpv,1,uzh_fpv.load_1,indoor_forward_10,UZH-indoor_forward_10,733406,No-Synergy,11,0.3688747061,0.3688747061,0.0
uzh_fpv,1,uzh_fpv.load_1,indoor_forward_10,UZH-indoor_forward_10,733406,Random,6,0.3756201086,0.4014516422,-0.0258315336
uzh_fpv,1,uzh_fpv.load_1,indoor_forward_10,UZH-indoor_forward_10,733407,External-Auction,7,0.3991244342,0.3991244342,0.0
uzh_fpv,1,uzh_fpv.load_1,indoor_forward_10,UZH-indoor_forward_10,733407,Greedy,7,0.3991244342,0.3991244342,0.0
uzh_fpv,1,uzh_fpv.load_1,indoor_forward_10,UZH-indoor_forward_10,733407,No-Stability,7,0.3991244342,0.4029468175,-0.0038223833
uzh_fpv,1,uzh_fpv.load_1,indoor_forward_10,UZH-indoor_forward_10,733407,No-Synergy,7,0.3991244342,0.3991244342,0.0
uzh_fpv,1,uzh_fpv.load_1,indoor_forward_10,UZH-indoor_forward_10,733407,Random,5,0.3872151184,0.4237527278,-0.0365376095
uzh_fpv,1,uzh_fpv.load_1,indoor_forward_10,UZH-indoor_forward_10,733408,External-Auction,11,0.4156553324,0.4156553324,0.0
uzh_fpv,1,uzh_fpv.load_1,indoor_forward_10,UZH-indoor_forward_10,733408,Greedy,11,0.4156553324,0.4156553324,0.0
uzh_fpv,1,uzh_fpv.load_1,indoor_forward_10,UZH-indoor_forward_10,733408,No-Stability,11,0.4156553324,0.4315666765,-0.0159113441
uzh_fpv,1,uzh_fpv.load_1,indoor_forward_10,UZH-indoor_forward_10,733408,No-Synergy,11,0.4156553324,0.4156553324,0.0
uzh_fpv,1,uzh_fpv.load_1,indoor_forward_10,UZH-indoor_forward_10,733408,Random,9,0.4151904146,0.4090393184,0.0061510962
uzh_fpv,1,uzh_fpv.load_1,indoor_forward_10,UZH-indoor_forward_10,733409,External-Auction,11,0.367699407,0.367699407,0.0
uzh_fpv,1,uzh_fpv.load_1,indoor_forward_10,UZH-indoor_forward_10,733409,Greedy,11,0.367699407,0.367699407,0.0
uzh_fpv,1,uzh_fpv.load_1,indoor_forward_10,UZH-indoor_forward_10,733409,No-Stability,11,0.367699407,0.3990929166,-0.0313935097
uzh_fpv,1,uzh_fpv.load_1,indoor_forward_10,UZH-indoor_forward_10,733409,No-Synergy,11,0.367699407,0.367699407,0.0
uzh_fpv,1,uzh_fpv.load_1,indoor_forward_10,UZH-indoor_forward_10,733409,Random,7,0.3744932956,0.4061567478,-0.0316634522
uzh_fpv,1,uzh_fpv.load_1,indoor_forward_10,UZH-indoor_forward_10,733410,External-Auction,11,0.4137190453,0.4137190453,0.0
uzh_fpv,1,uzh_fpv.load_1,indoor_forward_10,UZH-indoor_forward_10,733410,Greedy,11,0.4137190453,0.4137190453,0.0
uzh_fpv,1,uzh_fpv.load_1,indoor_forward_10,UZH-indoor_forward_10,733410,No-Stability,11,0.4137190453,0.4137190453,0.0
uzh_fpv,1,uzh_fpv.load_1,indoor_forward_10,UZH-indoor_forward_10,733410,No-Synergy,11,0.4137190453,0.4137190453,0.0
uzh_fpv,1,uzh_fpv.load_1,indoor_forward_10,UZH-indoor_forward_10,733410,Random,9,0.4140362249,0.4138396283,0.0001965967
uzh_fpv,1,uzh_fpv.load_1,indoor_forward_10,UZH-indoor_forward_10,733411,External-Auction,11,0.3965450037,0.3965450037,0.0
uzh_fpv,1,uzh_fpv.load_1,indoor_forward_10,UZH-indoor_forward_10,733411,Greedy,11,0.3965450037,0.3965450037,0.0
uzh_fpv,1,uzh_fpv.load_1,indoor_forward_10,UZH-indoor_forward_10,733411,No-Stability,11,0.3965450037,0.3990568938,-0.0025118901
uzh_fpv,1,uzh_fpv.load_1,indoor_forward_10,UZH-indoor_forward_10,733411,No-Synergy,11,0.3965450037,0.3965450037,0.0
uzh_fpv,1,uzh_fpv.load_1,indoor_forward_10,UZH-indoor_forward_10,733411,Random,9,0.3985372444,0.4066407199,-0.0081034755
uzh_fpv,1,uzh_fpv.load_1,indoor_forward_10,UZH-indoor_forward_10,733412,External-Auction,11,0.4091021957,0.4091021957,0.0
uzh_fpv,1,uzh_fpv.load_1,indoor_forward_10,UZH-indoor_forward_10,733412,Greedy,11,0.4091021957,0.4091021957,0.0
uzh_fpv,1,uzh_fpv.load_1,indoor_forward_10,UZH-indoor_forward_10,733412,No-Stability,11,0.4091021957,0.4129884925,-0.0038862968
uzh_fpv,1,uzh_fpv.load_1,indoor_forward_10,UZH-indoor_forward_10,733412,No-Synergy,11,0.4091021957,0.4091021957,0.0
uzh_fpv,1,uzh_fpv.load_1,indoor_forward_10,UZH-indoor_forward_10,733412,Random,9,0.4060882838,0.4083782558,-0.002289972
uzh_fpv,1,uzh_fpv.load_1,indoor_forward_10,UZH-indoor_forward_10,733413,External-Auction,10,0.3997805764,0.3997805764,0.0
uzh_fpv,1,uzh_fpv.load_1,indoor_forward_10,UZH-indoor_forward_10,733413,Greedy,10,0.3997805764,0.3997805764,0.0
uzh_fpv,1,uzh_fpv.load_1,indoor_forward_10,UZH-indoor_forward_10,733413,No-Stability,10,0.3997805764,0.4020241545,-0.0022435781
uzh_fpv,1,uzh_fpv.load_1,indoor_forward_10,UZH-indoor_forward_10,733413,No-Synergy,10,0.3997805764,0.3997805764,0.0
uzh_fpv,1,uzh_fpv.load_1,indoor_forward_10,UZH-indoor_forward_10,733413,Random,10,0.3997805764,0.4070850975,-0.0073045211
uzh_fpv,1,uzh_fpv.load_1,indoor_forward_10,UZH-indoor_forward_10,733414,External-Auction,11,0.374514499,0.374514499,0.0
uzh_fpv,1,uzh_fpv.load_1,indoor_forward_10,UZH-indoor_forward_10,733414,Greedy,11,0.374514499,0.374514499,0.0
uzh_fpv,1,uzh_fpv.load_1,indoor_forward_10,UZH-indoor_forward_10,733414,No-Stability,11,0.374514499,0.3869678704,-0.0124533714
uzh_fpv,1,uzh_fpv.load_1,indoor_forward_10,UZH-indoor_forward_10,733414,No-Synergy,11,0.374514499,0.374514499,0.0
uzh_fpv,1,uzh_fpv.load_1,indoor_forward_10,UZH-indoor_forward_10,733414,Random,5,0.3810974066,0.4168081196,-0.0357107131
uzh_fpv,1,uzh_fpv.load_1,indoor_forward_10,UZH-indoor_forward_10,733415,External-Auction,11,0.4046846623,0.4046846623,0.0
uzh_fpv,1,uzh_fpv.load_1,indoor_forward_10,UZH-indoor_forward_10,733415,Greedy,11,0.4046846623,0.4046846623,0.0
uzh_fpv,1,uzh_fpv.load_1,indoor_forward_10,UZH-indoor_forward_10,733415,No-Stability,11,0.4046846623,0.4083425426,-0.0036578803
uzh_fpv,1,uzh_fpv.load_1,indoor_forward_10,UZH-indoor_forward_10,733415,No-Synergy,11,0.4046846623,0.4046846623,0.0
uzh_fpv,1,uzh_fpv.load_1,indoor_forward_10,UZH-indoor_forward_10,733415,Random,10,0.4075190352,0.4104573676,-0.0029383324
uzh_fpv,1,uzh_fpv.load_1,indoor_forward_10,UZH-indoor_forward_10,733416,External-Auction,10,0.3794257581,0.3794257581,0.0
uzh_fpv,1,uzh_fpv.load_1,indoor_forward_10,UZH-indoor_forward_10,733416,Greedy,10,0.3794257581,0.3794257581,0.0
uzh_fpv,1,uzh_fpv.load_1,indoor_forward_10,UZH-indoor_forward_10,733416,No-Stability,10,0.3794257581,0.4058344267,-0.0264086686
uzh_fpv,1,uzh_fpv.load_1,indoor_forward_10,UZH-indoor_forward_10,733416,No-Synergy,10,0.3794257581,0.3794257581,0.0
uzh_fpv,1,uzh_fpv.load_1,indoor_forward_10,UZH-indoor_forward_10,733416,Random,5,0.3814176389,0.4029215732,-0.0215039343
uzh_fpv,1,uzh_fpv.load_1,indoor_forward_10,UZH-indoor_forward_10,733417,External-Auction,11,0.3793999632,0.3793999632,0.0
uzh_fpv,1,uzh_fpv.load_1,indoor_forward_10,UZH-indoor_forward_10,733417,Greedy,11,0.3793999632,0.3793999632,0.0
uzh_fpv,1,uzh_fpv.load_1,indoor_forward_10,UZH-indoor_forward_10,733417,No-Stability,11,0.3793999632,0.380795734,-0.0013957707
uzh_fpv,1,uzh_fpv.load_1,indoor_forward_10,UZH-indoor_forward_10,733417,No-Synergy,11,0.3793999632,0.3793999632,0.0
uzh_fpv,1,uzh_fpv.load_1,indoor_forward_10,UZH-indoor_forward_10,733417,Random,8,0.3837263373,0.3856193721,-0.0018930348
uzh_fpv,1,uzh_fpv.load_1,indoor_forward_10,UZH-indoor_forward_10,733418,External-Auction,9,0.3783910209,0.3783910209,0.0
uzh_fpv,1,uzh_fpv.load_1,indoor_forward_10,UZH-indoor_forward_10,733418,Greedy,9,0.3783910209,0.3783910209,0.0
uzh_fpv,1,uzh_fpv.load_1,indoor_forward_10,UZH-indoor_forward_10,733418,No-Stability,9,0.3783910209,0.4052587598,-0.0268677389
uzh_fpv,1,uzh_fpv.load_1,indoor_forward_10,UZH-indoor_forward_10,733418,No-Synergy,9,0.3783910209,0.3783910209,0.0
uzh_fpv,1,uzh_fpv.load_1,indoor_forward_10,UZH-indoor_forward_10,733418,Random,6,0.3743304758,0.3873779351,-0.0130474593
uzh_fpv,1,uzh_fpv.load_1,indoor_forward_10,UZH-indoor_forward_10,733419,External-Auction,11,0.3716197953,0.3716197953,0.0
uzh_fpv,1,uzh_fpv.load_1,indoor_forward_10,UZH-indoor_forward_10,733419,Greedy,11,0.3716197953,0.3716197953,0.0
uzh_fpv,1,uzh_fpv.load_1,indoor_forward_10,UZH-indoor_forward_10,733419,No-Stability,11,0.3716197953,0.3981270137,-0.0265072183
uzh_fpv,1,uzh_fpv.load_1,indoor_forward_10,UZH-indoor_forward_10,733419,No-Synergy,11,0.3716197953,0.3716197953,0.0
uzh_fpv,1,uzh_fpv.load_1,indoor_forward_10,UZH-indoor_forward_10,733419,Random,9,0.3730545169,0.3955611402,-0.0225066233
uzh_fpv,1,uzh_fpv.load_1,indoor_forward_10,UZH-indoor_forward_10,733420,External-Auction,11,0.3915500898,0.3915500898,0.0
uzh_fpv,1,uzh_fpv.load_1,indoor_forward_10,UZH-indoor_forward_10,733420,Greedy,11,0.3915500898,0.3915500898,0.0
uzh_fpv,1,uzh_fpv.load_1,indoor_forward_10,UZH-indoor_forward_10,733420,No-Stability,11,0.3915500898,0.391599273,-4.91832e-05
uzh_fpv,1,uzh_fpv.load_1,indoor_forward_10,UZH-indoor_forward_10,733420,No-Synergy,11,0.3915500898,0.3915500898,0.0
uzh_fpv,1,uzh_fpv.load_1,indoor_forward_10,UZH-indoor_forward_10,733420,Random,7,0.3945221465,0.3995497143,-0.0050275678
uzh_fpv,1,uzh_fpv.load_1,indoor_forward_10,UZH-indoor_forward_10,733421,External-Auction,11,0.3790136794,0.3790136794,0.0
uzh_fpv,1,uzh_fpv.load_1,indoor_forward_10,UZH-indoor_forward_10,733421,Greedy,11,0.3790136794,0.3790136794,0.0
uzh_fpv,1,uzh_fpv.load_1,indoor_forward_10,UZH-indoor_forward_10,733421,No-Stability,11,0.3790136794,0.417182815,-0.0381691356
uzh_fpv,1,uzh_fpv.load_1,indoor_forward_10,UZH-indoor_forward_10,733421,No-Synergy,11,0.3790136794,0.3790136794,0.0
uzh_fpv,1,uzh_fpv.load_1,indoor_forward_10,UZH-indoor_forward_10,733421,Random,9,0.3815402596,0.4448687559,-0.0633284962
uzh_fpv,1,uzh_fpv.load_1,indoor_forward_10,UZH-indoor_forward_10,733422,External-Auction,11,0.4140774488,0.4140774488,0.0
uzh_fpv,1,uzh_fpv.load_1,indoor_forward_10,UZH-indoor_forward_10,733422,Greedy,11,0.4140774488,0.4140774488,0.0
uzh_fpv,1,uzh_fpv.load_1,indoor_forward_10,UZH-indoor_forward_10,733422,No-Stability,11,0.4140774488,0.4140774488,0.0
uzh_fpv,1,uzh_fpv.load_1,indoor_forward_10,UZH-indoor_forward_10,733422,No-Synergy,11,0.4140774488,0.4140774488,0.0
uzh_fpv,1,uzh_fpv.load_1,indoor_forward_10,UZH-indoor_forward_10,733422,Random,7,0.4198667471,0.406395514,0.013471233
uzh_fpv,1,uzh_fpv.load_1,indoor_forward_10,UZH-indoor_forward_10,733423,External-Auction,11,0.3737182882,0.3737182882,0.0
uzh_fpv,1,uzh_fpv.load_1,indoor_forward_10,UZH-indoor_forward_10,733423,Greedy,11,0.3737182882,0.3737182882,0.0
uzh_fpv,1,uzh_fpv.load_1,indoor_forward_10,UZH-indoor_forward_10,733423,No-Stability,11,0.3737182882,0.3880817084,-0.0143634202
uzh_fpv,1,uzh_fpv.load_1,indoor_forward_10,UZH-indoor_forward_10,733423,No-Synergy,11,0.3737182882,0.3737182882,0.0
uzh_fpv,1,uzh_fpv.load_1,indoor_forward_10,UZH-indoor_forward_10,733423,Random,8,0.3646479238,0.3886072441,-0.0239593203
uzh_fpv,1,uzh_fpv.load_1,indoor_forward_10,UZH-indoor_forward_10,733424,External-Auction,11,0.3942949416,0.3942949416,0.0
uzh_fpv,1,uzh_fpv.load_1,indoor_forward_10,UZH-indoor_forward_10,733424,Greedy,11,0.3942949416,0.3942949416,0.0
uzh_fpv,1,uzh_fpv.load_1,indoor_forward_10,UZH-indoor_forward_10,733424,No-Stability,11,0.3942949416,0.4004702817,-0.0061753401
uzh_fpv,1,uzh_fpv.load_1,indoor_forward_10,UZH-indoor_forward_10,733424,No-Synergy,11,0.3942949416,0.3942949416,0.0
uzh_fpv,1,uzh_fpv.load_1,indoor_forward_10,UZH-indoor_forward_10,733424,Random,9,0.3984084196,0.4078874228,-0.0094790033
uzh_fpv,1,uzh_fpv.load_1,indoor_forward_10,UZH-indoor_forward_10,733425,External-Auction,11,0.3768947168,0.3768947168,0.0
uzh_fpv,1,uzh_fpv.load_1,indoor_forward_10,UZH-indoor_forward_10,733425,Greedy,11,0.3768947168,0.3768947168,0.0
uzh_fpv,1,uzh_fpv.load_1,indoor_forward_10,UZH-indoor_forward_10,733425,No-Stability,11,0.3768947168,0.4129727272,-0.0360780104
uzh_fpv,1,uzh_fpv.load_1,indoor_forward_10,UZH-indoor_forward_10,733425,No-Synergy,11,0.3768947168,0.3768947168,0.0
uzh_fpv,1,uzh_fpv.load_1,indoor_forward_10,UZH-indoor_forward_10,733425,Random,10,0.3786042187,0.4113219947,-0.032717776
uzh_fpv,1,uzh_fpv.load_1,indoor_forward_10,UZH-indoor_forward_10,733426,External-Auction,11,0.3977290621,0.3977290621,0.0
uzh_fpv,1,uzh_fpv.load_1,indoor_forward_10,UZH-indoor_forward_10,733426,Greedy,11,0.3977290621,0.3977290621,0.0
uzh_fpv,1,uzh_fpv.load_1,indoor_forward_10,UZH-indoor_forward_10,733426,No-Stability,11,0.3977290621,0.3982136425,-0.0004845804
uzh_fpv,1,uzh_fpv.load_1,indoor_forward_10,UZH-indoor_forward_10,733426,No-Synergy,11,0.3977290621,0.3977290621,0.0
uzh_fpv,1,uzh_fpv.load_1,indoor_forward_10,UZH-indoor_forward_10,733426,Random,6,0.3882220633,0.4111890177,-0.0229669544
uzh_fpv,1,uzh_fpv.load_1,indoor_forward_10,UZH-indoor_forward_10,733427,External-Auction,9,0.3748018509,0.3748018509,0.0
uzh_fpv,1,uzh_fpv.load_1,indoor_forward_10,UZH-indoor_forward_10,733427,Greedy,9,0.3748018509,0.3748018509,0.0
uzh_fpv,1,uzh_fpv.load_1,indoor_forward_10,UZH-indoor_forward_10,733427,No-Stability,9,0.3748018509,0.4015342204,-0.0267323695
uzh_fpv,1,uzh_fpv.load_1,indoor_forward_10,UZH-indoor_forward_10,733427,No-Synergy,9,0.3748018509,0.3748018509,0.0
uzh_fpv,1,uzh_fpv.load_1,indoor_forward_10,UZH-indoor_forward_10,733427,Random,8,0.3761318184,0.3890213821,-0.0128895637
uzh_fpv,1,uzh_fpv.load_1,indoor_forward_10,UZH-indoor_forward_10,733428,External-Auction,11,0.3793497049,0.3793497049,0.0
uzh_fpv,1,uzh_fpv.load_1,indoor_forward_10,UZH-indoor_forward_10,733428,Greedy,11,0.3793497049,0.3793497049,0.0
uzh_fpv,1,uzh_fpv.load_1,indoor_forward_10,UZH-indoor_forward_10,733428,No-Stability,11,0.3793497049,0.3838071325,-0.0044574276
uzh_fpv,1,uzh_fpv.load_1,indoor_forward_10,UZH-indoor_forward_10,733428,No-Synergy,11,0.3793497049,0.3793497049,0.0
uzh_fpv,1,uzh_fpv.load_1,indoor_forward_10,UZH-indoor_forward_10,733428,Random,9,0.3774705179,0.3870716234,-0.0096011056
uzh_fpv,1,uzh_fpv.load_1,indoor_forward_10,UZH-indoor_forward_10,733429,External-Auction,11,0.41580486,0.41580486,0.0
uzh_fpv,1,uzh_fpv.load_1,indoor_forward_10,UZH-indoor_forward_10,733429,Greedy,11,0.41580486,0.41580486,0.0
uzh_fpv,1,uzh_fpv.load_1,indoor_forward_10,UZH-indoor_forward_10,733429,No-Stability,11,0.41580486,0.41580486,0.0
uzh_fpv,1,uzh_fpv.load_1,indoor_forward_10,UZH-indoor_forward_10,733429,No-Synergy,11,0.41580486,0.41580486,0.0
uzh_fpv,1,uzh_fpv.load_1,indoor_forward_10,UZH-indoor_forward_10,733429,Random,9,0.4068808727,0.4091650607,-0.002284188
uzh_fpv,1,uzh_fpv.load_1,indoor_forward_3,UZH-indoor_forward_3,733500,External-Auction,11,0.3759628484,0.3759628484,0.0
uzh_fpv,1,uzh_fpv.load_1,indoor_forward_3,UZH-indoor_forward_3,733500,Greedy,11,0.3759628484,0.3759628484,0.0
uzh_fpv,1,uzh_fpv.load_1,indoor_forward_3,UZH-indoor_forward_3,733500,No-Stability,11,0.3759628484,0.4197402218,-0.0437773734
uzh_fpv,1,uzh_fpv.load_1,indoor_forward_3,UZH-indoor_forward_3,733500,No-Synergy,11,0.3759628484,0.3759628484,0.0
uzh_fpv,1,uzh_fpv.load_1,indoor_forward_3,UZH-indoor_forward_3,733500,Random,8,0.3779084591,0.4152900748,-0.0373816157
uzh_fpv,1,uzh_fpv.load_1,indoor_forward_3,UZH-indoor_forward_3,733501,External-Auction,10,0.3697844515,0.3697844515,0.0
uzh_fpv,1,uzh_fpv.load_1,indoor_forward_3,UZH-indoor_forward_3,733501,Greedy,10,0.3697844515,0.3697844515,0.0
uzh_fpv,1,uzh_fpv.load_1,indoor_forward_3,UZH-indoor_forward_3,733501,No-Stability,10,0.3697844515,0.4189728318,-0.0491883803
uzh_fpv,1,uzh_fpv.load_1,indoor_forward_3,UZH-indoor_forward_3,733501,No-Synergy,10,0.3697844515,0.3697844515,0.0
uzh_fpv,1,uzh_fpv.load_1,indoor_forward_3,UZH-indoor_forward_3,733501,Random,8,0.370585351,0.4042594247,-0.0336740737
uzh_fpv,1,uzh_fpv.load_1,indoor_forward_3,UZH-indoor_forward_3,733502,External-Auction,11,0.4141438448,0.4141438448,0.0
uzh_fpv,1,uzh_fpv.load_1,indoor_forward_3,UZH-indoor_forward_3,733502,Greedy,11,0.4141438448,0.4141438448,0.0
uzh_fpv,1,uzh_fpv.load_1,indoor_forward_3,UZH-indoor_forward_3,733502,No-Stability,11,0.4141438448,0.4141438448,0.0
uzh_fpv,1,uzh_fpv.load_1,indoor_forward_3,UZH-indoor_forward_3,733502,No-Synergy,11,0.4141438448,0.4141438448,0.0
uzh_fpv,1,uzh_fpv.load_1,indoor_forward_3,UZH-indoor_forward_3,733502,Random,5,0.4200773912,0.4182754943,0.0018018968
uzh_fpv,1,uzh_fpv.load_1,indoor_forward_3,UZH-indoor_forward_3,733503,External-Auction,11,0.3610492979,0.3610492979,0.0
uzh_fpv,1,uzh_fpv.load_1,indoor_forward_3,UZH-indoor_forward_3,733503,Greedy,11,0.3610492979,0.3610492979,0.0
uzh_fpv,1,uzh_fpv.load_1,indoor_forward_3,UZH-indoor_forward_3,733503,No-Stability,11,0.3610492979,0.3982353715,-0.0371860736
uzh_fpv,1,uzh_fpv.load_1,indoor_forward_3,UZH-indoor_forward_3,733503,No-Synergy,11,0.3610492979,0.3610492979,0.0
uzh_fpv,1,uzh_fpv.load_1,indoor_forward_3,UZH-indoor_forward_3,733503,Random,7,0.3618925394,0.4096186494,-0.0477261101
uzh_fpv,1,uzh_fpv.load_1,indoor_forward_3,UZH-indoor_forward_3,733504,External-Auction,11,0.4025605983,0.4025605983,0.0
uzh_fpv,1,uzh_fpv.load_1,indoor_forward_3,UZH-indoor_forward_3,733504,Greedy,11,0.4025605983,0.4025605983,0.0
uzh_fpv,1,uzh_fpv.load_1,indoor_forward_3,UZH-indoor_forward_3,733504,No-Stability,11,0.4025605983,0.4039721827,-0.0014115844
uzh_fpv,1,uzh_fpv.load_1,indoor_forward_3,UZH-indoor_forward_3,733504,No-Synergy,11,0.4025605983,0.4025605983,0.0
uzh_fpv,1,uzh_fpv.load_1,indoor_forward_3,UZH-indoor_forward_3,733504,Random,10,0.4043020871,0.4139312945,-0.0096292074
uzh_fpv,1,uzh_fpv.load_1,indoor_forward_3,UZH-indoor_forward_3,733505,External-Auction,11,0.386321772,0.386321772,0.0
uzh_fpv,1,uzh_fpv.load_1,indoor_forward_3,UZH-indoor_forward_3,733505,Greedy,11,0.386321772,0.386321772,0.0
uzh_fpv,1,uzh_fpv.load_1,indoor_forward_3,UZH-indoor_forward_3,733505,No-Stability,11,0.386321772,0.4015779618,-0.0152561898
uzh_fpv,1,uzh_fpv.load_1,indoor_forward_3,UZH-indoor_forward_3,733505,No-Synergy,11,0.386321772,0.386321772,0.0
uzh_fpv,1,uzh_fpv.load_1,indoor_forward_3,UZH-indoor_forward_3,733505,Random,7,0.3875566563,0.4057837203,-0.018227064
uzh_fpv,1,uzh_fpv.load_1,indoor_forward_3,UZH-indoor_forward_3,733506,External-Auction,11,0.3903436082,0.3903436082,0.0
uzh_fpv,1,uzh_fpv.load_1,indoor_forward_3,UZH-indoor_forward_3,733506,Greedy,11,0.3903436082,0.3903436082,0.0
uzh_fpv,1,uzh_fpv.load_1,indoor_forward_3,UZH-indoor_forward_3,733506,No-Stability,11,0.3903436082,0.3997259711,-0.009382363
uzh_fpv,1,uzh_fpv.load_1,indoor_forward_3,UZH-indoor_forward_3,733506,No-Synergy,11,0.3903436082,0.3903436082,0.0
uzh_fpv,1,uzh_fpv.load_1,indoor_forward_3,UZH-indoor_forward_3,733506,Random,8,0.3930299188,0.4061552638,-0.013125345
uzh_fpv,1,uzh_fpv.load_1,indoor_forward_3,UZH-indoor_forward_3,733507,External-Auction,11,0.4017058119,0.4017058119,0.0
uzh_fpv,1,uzh_fpv.load_1,indoor_forward_3,UZH-indoor_forward_3,733507,Greedy,11,0.4017058119,0.4017058119,0.0
uzh_fpv,1,uzh_fpv.load_1,indoor_forward_3,UZH-indoor_forward_3,733507,No-Stability,11,0.4017058119,0.4111553946,-0.0094495827
uzh_fpv,1,uzh_fpv.load_1,indoor_forward_3,UZH-indoor_forward_3,733507,No-Synergy,11,0.4017058119,0.4017058119,0.0
uzh_fpv,1,uzh_fpv.load_1,indoor_forward_3,UZH-indoor_forward_3,733507,Random,8,0.4021883394,0.4001689068,0.0020194326
uzh_fpv,1,uzh_fpv.load_1,indoor_forward_3,UZH-indoor_forward_3,733508,External-Auction,11,0.3859071361,0.3859071361,0.0
uzh_fpv,1,uzh_fpv.load_1,indoor_forward_3,UZH-indoor_forward_3,733508,Greedy,11,0.3859071361,0.3859071361,0.0
uzh_fpv,1,uzh_fpv.load_1,indoor_forward_3,UZH-indoor_forward_3,733508,No-Stability,11,0.3859071361,0.3891684089,-0.0032612728
uzh_fpv,1,uzh_fpv.load_1,indoor_forward_3,UZH-indoor_forward_3,733508,No-Synergy,11,0.3859071361,0.3859071361,0.0
uzh_fpv,1,uzh_fpv.load_1,indoor_forward_3,UZH-indoor_forward_3,733508,Random,9,0.3859599647,0.3958658533,-0.0099058886
uzh_fpv,1,uzh_fpv.load_1,indoor_forward_3,UZH-indoor_forward_3,733509,External-Auction,11,0.3847892577,0.3847892577,0.0
uzh_fpv,1,uzh_fpv.load_1,indoor_forward_3,UZH-indoor_forward_3,733509,Greedy,11,0.3847892577,0.3847892577,0.0
uzh_fpv,1,uzh_fpv.load_1,indoor_forward_3,UZH-indoor_forward_3,733509,No-Stability,11,0.3847892577,0.4051407652,-0.0203515075
uzh_fpv,1,uzh_fpv.load_1,indoor_forward_3,UZH-indoor_forward_3,733509,No-Synergy,11,0.3847892577,0.3847892577,0.0
uzh_fpv,1,uzh_fpv.load_1,indoor_forward_3,UZH-indoor_forward_3,733509,Random,9,0.3857655957,0.4087710684,-0.0230054727
uzh_fpv,1,uzh_fpv.load_1,indoor_forward_3,UZH-indoor_forward_3,733510,External-Auction,11,0.3642946387,0.3642946387,0.0
uzh_fpv,1,uzh_fpv.load_1,indoor_forward_3,UZH-indoor_forward_3,733510,Greedy,11,0.3642946387,0.3642946387,0.0
uzh_fpv,1,uzh_fpv.load_1,indoor_forward_3,UZH-indoor_forward_3,733510,No-Stability,11,0.3642946387,0.4021937516,-0.0378991129
uzh_fpv,1,uzh_fpv.load_1,indoor_forward_3,UZH-indoor_forward_3,733510,No-Synergy,11,0.3642946387,0.3642946387,0.0
uzh_fpv,1,uzh_fpv.load_1,indoor_forward_3,UZH-indoor_forward_3,733510,Random,7,0.3629044669,0.3837560025,-0.0208515356
uzh_fpv,1,uzh_fpv.load_1,indoor_forward_3,UZH-indoor_forward_3,733511,External-Auction,11,0.3620670977,0.3620670977,0.0
uzh_fpv,1,uzh_fpv.load_1,indoor_forward_3,UZH-indoor_forward_3,733511,Greedy,11,0.3620670977,0.3620670977,0.0
uzh_fpv,1,uzh_fpv.load_1,indoor_forward_3,UZH-indoor_forward_3,733511,No-Stability,11,0.3620670977,0.4011255168,-0.0390584191
uzh_fpv,1,uzh_fpv.load_1,indoor_forward_3,UZH-indoor_forward_3,733511,No-Synergy,11,0.3620670977,0.3620670977,0.0
uzh_fpv,1,uzh_fpv.load_1,indoor_forward_3,UZH-indoor_forward_3,733511,Random,10,0.3635483417,0.4024060911,-0.0388577493
uzh_fpv,1,uzh_fpv.load_1,indoor_forward_3,UZH-indoor_forward_3,733512,External-Auction,11,0.3995695394,0.3995695394,0.0
uzh_fpv,1,uzh_fpv.load_1,indoor_forward_3,UZH-indoor_forward_3,733512,Greedy,11,0.3995695394,0.3995695394,0.0
uzh_fpv,1,uzh_fpv.load_1,indoor_forward_3,UZH-indoor_forward_3,733512,No-Stability,11,0.3995695394,0.4115146049,-0.0119450655
uzh_fpv,1,uzh_fpv.load_1,indoor_forward_3,UZH-indoor_forward_3,733512,No-Synergy,11,0.3995695394,0.3995695394,0.0
uzh_fpv,1,uzh_fpv.load_1,indoor_forward_3,UZH-indoor_forward_3,733512,Random,8,0.3943931679,0.4042936349,-0.009900467
uzh_fpv,1,uzh_fpv.load_1,indoor_forward_3,UZH-indoor_forward_3,733513,External-Auction,11,0.3770836933,0.3770836933,0.0
uzh_fpv,1,uzh_fpv.load_1,indoor_forward_3,UZH-indoor_forward_3,733513,Greedy,11,0.3770836933,0.3770836933,0.0
uzh_fpv,1,uzh_fpv.load_1,indoor_forward_3,UZH-indoor_forward_3,733513,No-Stability,11,0.3770836933,0.4126413656,-0.0355576723
uzh_fpv,1,uzh_fpv.load_1,indoor_forward_3,UZH-indoor_forward_3,733513,No-Synergy,11,0.3770836933,0.3770836933,0.0
uzh_fpv,1,uzh_fpv.load_1,indoor_forward_3,UZH-indoor_forward_3,733513,Random,6,0.3764279083,0.396032894,-0.0196049857
uzh_fpv,1,uzh_fpv.load_1,indoor_forward_3,UZH-indoor_forward_3,733514,External-Auction,11,0.36879974,0.36879974,0.0
uzh_fpv,1,uzh_fpv.load_1,indoor_forward_3,UZH-indoor_forward_3,733514,Greedy,11,0.36879974,0.36879974,0.0
uzh_fpv,1,uzh_fpv.load_1,indoor_forward_3,UZH-indoor_forward_3,733514,No-Stability,11,0.36879974,0.414037694,-0.045237954
uzh_fpv,1,uzh_fpv.load_1,indoor_forward_3,UZH-indoor_forward_3,733514,No-Synergy,11,0.36879974,0.36879974,0.0
uzh_fpv,1,uzh_fpv.load_1,indoor_forward_3,UZH-indoor_forward_3,733514,Random,8,0.368109875,0.415318271,-0.047208396
uzh_fpv,1,uzh_fpv.load_1,indoor_forward_3,UZH-indoor_forward_3,733515,External-Auction,11,0.3754263035,0.3754263035,0.0
uzh_fpv,1,uzh_fpv.load_1,indoor_forward_3,UZH-indoor_forward_3,733515,Greedy,11,0.3754263035,0.3754263035,0.0
uzh_fpv,1,uzh_fpv.load_1,indoor_forward_3,UZH-indoor_forward_3,733515,No-Stability,11,0.3754263035,0.4065658212,-0.0311395177
uzh_fpv,1,uzh_fpv.load_1,indoor_forward_3,UZH-indoor_forward_3,733515,No-Synergy,11,0.3754263035,0.3754263035,0.0
uzh_fpv,1,uzh_fpv.load_1,indoor_forward_3,UZH-indoor_forward_3,733515,Random,8,0.3774867039,0.4087075896,-0.0312208856
uzh_fpv,1,uzh_fpv.load_1,indoor_forward_3,UZH-indoor_forward_3,733516,External-Auction,11,0.4007450076,0.4007450076,0.0
uzh_fpv,1,uzh_fpv.load_1,indoor_forward_3,UZH-indoor_forward_3,733516,Greedy,11,0.4007450076,0.4007450076,0.0
uzh_fpv,1,uzh_fpv.load_1,indoor_forward_3,UZH-indoor_forward_3,733516,No-Stability,11,0.4007450076,0.4073511483,-0.0066061407
uzh_fpv,1,uzh_fpv.load_1,indoor_forward_3,UZH-indoor_forward_3,733516,No-Synergy,11,0.4007450076,0.4007450076,0.0
uzh_fpv,1,uzh_fpv.load_1,indoor_forward_3,UZH-indoor_forward_3,733516,Random,8,0.4029443612,0.4427961589,-0.0398517977
uzh_fpv,1,uzh_fpv.load_1,indoor_forward_3,UZH-indoor_forward_3,733517,External-Auction,10,0.4060371999,0.4060371999,0.0
uzh_fpv,1,uzh_fpv.load_1,indoor_forward_3,UZH-indoor_forward_3,733517,Greedy,10,0.4060371999,0.4060371999,0.0
uzh_fpv,1,uzh_fpv.load_1,indoor_forward_3,UZH-indoor_forward_3,733517,No-Stability,10,0.4060371999,0.4257149142,-0.0196777143
uzh_fpv,1,uzh_fpv.load_1,indoor_forward_3,UZH-indoor_forward_3,733517,No-Synergy,10,0.4060371999,0.4060371999,0.0
uzh_fpv,1,uzh_fpv.load_1,indoor_forward_3,UZH-indoor_forward_3,733517,Random,8,0.406306512,0.4084409566,-0.0021344446
uzh_fpv,1,uzh_fpv.load_1,indoor_forward_3,UZH-indoor_forward_3,733518,External-Auction,11,0.3880325769,0.3880325769,0.0
uzh_fpv,1,uzh_fpv.load_1,indoor_forward_3,UZH-indoor_forward_3,733518,Greedy,11,0.3880325769,0.3880325769,0.0
uzh_fpv,1,uzh_fpv.load_1,indoor_forward_3,UZH-indoor_forward_3,733518,No-Stability,11,0.3880325769,0.4101599048,-0.0221273279
uzh_fpv,1,uzh_fpv.load_1,indoor_forward_3,UZH-indoor_forward_3,733518,No-Synergy,11,0.3880325769,0.3880325769,0.0
uzh_fpv,1,uzh_fpv.load_1,indoor_forward_3,UZH-indoor_forward_3,733518,Random,7,0.391908255,0.4071433298,-0.0152350748
uzh_fpv,1,uzh_fpv.load_1,indoor_forward_3,UZH-indoor_forward_3,733519,External-Auction,11,0.3895783866,0.3895783866,0.0
uzh_fpv,1,uzh_fpv.load_1,indoor_forward_3,UZH-indoor_forward_3,733519,Greedy,11,0.3895783866,0.3895783866,0.0
uzh_fpv,1,uzh_fpv.load_1,indoor_forward_3,UZH-indoor_forward_3,733519,No-Stability,11,0.3895783866,0.4042639207,-0.0146855341
uzh_fpv,1,uzh_fpv.load_1,indoor_forward_3,UZH-indoor_forward_3,733519,No-Synergy,11,0.3895783866,0.3895783866,0.0
uzh_fpv,1,uzh_fpv.load_1,indoor_forward_3,UZH-indoor_forward_3,733519,Random,6,0.3969892302,0.4049920444,-0.0080028142
uzh_fpv,1,uzh_fpv.load_1,indoor_forward_3,UZH-indoor_forward_3,733520,External-Auction,11,0.3939456523,0.3939456523,0.0
uzh_fpv,1,uzh_fpv.load_1,indoor_forward_3,UZH-indoor_forward_3,733520,Greedy,11,0.3939456523,0.3939456523,0.0
uzh_fpv,1,uzh_fpv.load_1,indoor_forward_3,UZH-indoor_forward_3,733520,No-Stability,11,0.3939456523,0.4138840142,-0.0199383619
uzh_fpv,1,uzh_fpv.load_1,indoor_forward_3,UZH-indoor_forward_3,733520,No-Synergy,11,0.3939456523,0.3939456523,0.0
uzh_fpv,1,uzh_fpv.load_1,indoor_forward_3,UZH-indoor_forward_3,733520,Random,8,0.3883483129,0.4127966197,-0.0244483068
uzh_fpv,1,uzh_fpv.load_1,indoor_forward_3,UZH-indoor_forward_3,733521,External-Auction,11,0.3846130732,0.3846130732,0.0
uzh_fpv,1,uzh_fpv.load_1,indoor_forward_3,UZH-indoor_forward_3,733521,Greedy,11,0.3846130732,0.3846130732,0.0
uzh_fpv,1,uzh_fpv.load_1,indoor_forward_3,UZH-indoor_forward_3,733521,No-Stability,11,0.3846130732,0.390891867,-0.0062787938
uzh_fpv,1,uzh_fpv.load_1,indoor_forward_3,UZH-indoor_forward_3,733521,No-Synergy,11,0.3846130732,0.3846130732,0.0
uzh_fpv,1,uzh_fpv.load_1,indoor_forward_3,UZH-indoor_forward_3,733521,Random,8,0.3864999467,0.4072416321,-0.0207416853
uzh_fpv,1,uzh_fpv.load_1,indoor_forward_3,UZH-indoor_forward_3,733522,External-Auction,11,0.4078706434,0.4078706434,0.0
uzh_fpv,1,uzh_fpv.load_1,indoor_forward_3,UZH-indoor_forward_3,733522,Greedy,11,0.4078706434,0.4078706434,0.0
uzh_fpv,1,uzh_fpv.load_1,indoor_forward_3,UZH-indoor_forward_3,733522,No-Stability,11,0.4078706434,0.4110043631,-0.0031337197
uzh_fpv,1,uzh_fpv.load_1,indoor_forward_3,UZH-indoor_forward_3,733522,No-Synergy,11,0.4078706434,0.4078706434,0.0
uzh_fpv,1,uzh_fpv.load_1,indoor_forward_3,UZH-indoor_forward_3,733522,Random,11,0.4078706434,0.4058133705,0.0020572729
uzh_fpv,1,uzh_fpv.load_1,indoor_forward_3,UZH-indoor_forward_3,733523,External-Auction,11,0.3639925655,0.3639925655,0.0
uzh_fpv,1,uzh_fpv.load_1,indoor_forward_3,UZH-indoor_forward_3,733523,Greedy,11,0.3639925655,0.3639925655,0.0
uzh_fpv,1,uzh_fpv.load_1,indoor_forward_3,UZH-indoor_forward_3,733523,No-Stability,11,0.3639925655,0.416244529,-0.0522519636
uzh_fpv,1,uzh_fpv.load_1,indoor_forward_3,UZH-indoor_forward_3,733523,No-Synergy,11,0.3639925655,0.3639925655,0.0
uzh_fpv,1,uzh_fpv.load_1,indoor_forward_3,UZH-indoor_forward_3,733523,Random,10,0.3655717454,0.4190604884,-0.053488743
uzh_fpv,1,uzh_fpv.load_1,indoor_forward_3,UZH-indoor_forward_3,733524,External-Auction,11,0.4022624287,0.4022624287,0.0
uzh_fpv,1,uzh_fpv.load_1,indoor_forward_3,UZH-indoor_forward_3,733524,Greedy,11,0.4022624287,0.4022624287,0.0
uzh_fpv,1,uzh_fpv.load_1,indoor_forward_3,UZH-indoor_forward_3,733524,No-Stability,11,0.4022624287,0.4074535485,-0.0051911198
uzh_fpv,1,uzh_fpv.load_1,indoor_forward_3,UZH-indoor_forward_3,733524,No-Synergy,11,0.4022624287,0.4022624287,0.0
uzh_fpv,1,uzh_fpv.load_1,indoor_forward_3,UZH-indoor_forward_3,733524,Random,4,0.3955460623,0.403959448,-0.0084133857
uzh_fpv,1,uzh_fpv.load_1,indoor_forward_3,UZH-indoor_forward_3,733525,External-Auction,11,0.3864272528,0.3864272528,0.0
uzh_fpv,1,uzh_fpv.load_1,indoor_forward_3,UZH-indoor_forward_3,733525,Greedy,11,0.3864272528,0.3864272528,0.0
uzh_fpv,1,uzh_fpv.load_1,indoor_forward_3,UZH-indoor_forward_3,733525,No-Stability,11,0.3864272528,0.3951409832,-0.0087137303
uzh_fpv,1,uzh_fpv.load_1,indoor_forward_3,UZH-indoor_forward_3,733525,No-Synergy,11,0.3864272528,0.3864272528,0.0
uzh_fpv,1,uzh_fpv.load_1,indoor_forward_3,UZH-indoor_forward_3,733525,Random,10,0.3880989483,0.4107187359,-0.0226197876
uzh_fpv,1,uzh_fpv.load_1,indoor_forward_3,UZH-indoor_forward_3,733526,External-Auction,11,0.4127801521,0.4127801521,0.0
uzh_fpv,1,uzh_fpv.load_1,indoor_forward_3,UZH-indoor_forward_3,733526,Greedy,11,0.4127801521,0.4127801521,0.0
uzh_fpv,1,uzh_fpv.load_1,indoor_forward_3,UZH-indoor_forward_3,733526,No-Stability,11,0.4127801521,0.4232058152,-0.0104256631
uzh_fpv,1,uzh_fpv.load_1,indoor_forward_3,UZH-indoor_forward_3,733526,No-Synergy,11,0.4127801521,0.4127801521,0.0
uzh_fpv,1,uzh_fpv.load_1,indoor_forward_3,UZH-indoor_forward_3,733526,Random,9,0.4111716387,0.4172159593,-0.0060443206
uzh_fpv,1,uzh_fpv.load_1,indoor_forward_3,UZH-indoor_forward_3,733527,External-Auction,11,0.3961443087,0.3961443087,0.0
uzh_fpv,1,uzh_fpv.load_1,indoor_forward_3,UZH-indoor_forward_3,733527,Greedy,11,0.3961443087,0.3961443087,0.0
uzh_fpv,1,uzh_fpv.load_1,indoor_forward_3,UZH-indoor_forward_3,733527,No-Stability,11,0.3961443087,0.3966519206,-0.0005076119
uzh_fpv,1,uzh_fpv.load_1,indoor_forward_3,UZH-indoor_forward_3,733527,No-Synergy,11,0.3961443087,0.3961443087,0.0
uzh_fpv,1,uzh_fpv.load_1,indoor_forward_3,UZH-indoor_forward_3,733527,Random,10,0.3955690258,0.3953443228,0.000224703
uzh_fpv,1,uzh_fpv.load_1,indoor_forward_3,UZH-indoor_forward_3,733528,External-Auction,10,0.3680855487,0.3680855487,0.0
uzh_fpv,1,uzh_fpv.load_1,indoor_forward_3,UZH-indoor_forward_3,733528,Greedy,10,0.3680855487,0.3680855487,0.0
uzh_fpv,1,uzh_fpv.load_1,indoor_forward_3,UZH-indoor_forward_3,733528,No-Stability,10,0.3680855487,0.4062442342,-0.0381586855
uzh_fpv,1,uzh_fpv.load_1,indoor_forward_3,UZH-indoor_forward_3,733528,No-Synergy,10,0.3680855487,0.3680855487,0.0
uzh_fpv,1,uzh_fpv.load_1,indoor_forward_3,UZH-indoor_forward_3,733528,Random,9,0.369797919,0.3978377231,-0.0280398042
uzh_fpv,1,uzh_fpv.load_1,indoor_forward_3,UZH-indoor_forward_3,733529,External-Auction,11,0.3924369127,0.3924369127,0.0
uzh_fpv,1,uzh_fpv.load_1,indoor_forward_3,UZH-indoor_forward_3,733529,Greedy,11,0.3924369127,0.3924369127,0.0
uzh_fpv,1,uzh_fpv.load_1,indoor_forward_3,UZH-indoor_forward_3,733529,No-Stability,11,0.3924369127,0.4023931386,-0.0099562259
uzh_fpv,1,uzh_fpv.load_1,indoor_forward_3,UZH-indoor_forward_3,733529,No-Synergy,11,0.3924369127,0.3924369127,0.0
uzh_fpv,1,uzh_fpv.load_1,indoor_forward_3,UZH-indoor_forward_3,733529,Random,8,0.3959748878,0.3923361056,0.0036387822
uzh_fpv,1,uzh_fpv.load_1,indoor_forward_5,UZH-indoor_forward_5,733600,External-Auction,9,0.3859074648,0.3859074648,0.0
uzh_fpv,1,uzh_fpv.load_1,indoor_forward_5,UZH-indoor_forward_5,733600,Greedy,9,0.3859074648,0.3859074648,0.0
uzh_fpv,1,uzh_fpv.load_1,indoor_forward_5,UZH-indoor_forward_5,733600,No-Stability,9,0.3859074648,0.397159938,-0.0112524732
uzh_fpv,1,uzh_fpv.load_1,indoor_forward_5,UZH-indoor_forward_5,733600,No-Synergy,9,0.3859074648,0.3859074648,0.0
uzh_fpv,1,uzh_fpv.load_1,indoor_forward_5,UZH-indoor_forward_5,733600,Random,8,0.3880021411,0.4015130651,-0.0135109239
uzh_fpv,1,uzh_fpv.load_1,indoor_forward_5,UZH-indoor_forward_5,733601,External-Auction,8,0.3723939992,0.3723939992,0.0
uzh_fpv,1,uzh_fpv.load_1,indoor_forward_5,UZH-indoor_forward_5,733601,Greedy,8,0.3723939992,0.3723939992,0.0
uzh_fpv,1,uzh_fpv.load_1,indoor_forward_5,UZH-indoor_forward_5,733601,No-Stability,8,0.3723939992,0.4046242691,-0.0322302699
uzh_fpv,1,uzh_fpv.load_1,indoor_forward_5,UZH-indoor_forward_5,733601,No-Synergy,8,0.3723939992,0.3723939992,0.0
uzh_fpv,1,uzh_fpv.load_1,indoor_forward_5,UZH-indoor_forward_5,733601,Random,6,0.3754963812,0.4209592597,-0.0454628784
uzh_fpv,1,uzh_fpv.load_1,indoor_forward_5,UZH-indoor_forward_5,733602,External-Auction,9,0.4127703597,0.4127703597,0.0
uzh_fpv,1,uzh_fpv.load_1,indoor_forward_5,UZH-indoor_forward_5,733602,Greedy,9,0.4127703597,0.4127703597,0.0
uzh_fpv,1,uzh_fpv.load_1,indoor_forward_5,UZH-indoor_forward_5,733602,No-Stability,9,0.4127703597,0.4279984502,-0.0152280905
uzh_fpv,1,uzh_fpv.load_1,indoor_forward_5,UZH-indoor_forward_5,733602,No-Synergy,9,0.4127703597,0.4127703597,0.0
uzh_fpv,1,uzh_fpv.load_1,indoor_forward_5,UZH-indoor_forward_5,733602,Random,7,0.4121252022,0.416064786,-0.0039395838
uzh_fpv,1,uzh_fpv.load_1,indoor_forward_5,UZH-indoor_forward_5,733603,External-Auction,9,0.3788942215,0.3788942215,0.0
uzh_fpv,1,uzh_fpv.load_1,indoor_forward_5,UZH-indoor_forward_5,733603,Greedy,9,0.3788942215,0.3788942215,0.0
uzh_fpv,1,uzh_fpv.load_1,indoor_forward_5,UZH-indoor_forward_5,733603,No-Stability,9,0.3788942215,0.3807369619,-0.0018427405
uzh_fpv,1,uzh_fpv.load_1,indoor_forward_5,UZH-indoor_forward_5,733603,No-Synergy,9,0.3788942215,0.3788942215,0.0
uzh_fpv,1,uzh_fpv.load_1,indoor_forward_5,UZH-indoor_forward_5,733603,Random,5,0.3766063113,0.3820129998,-0.0054066886
uzh_fpv,1,uzh_fpv.load_1,indoor_forward_5,UZH-indoor_forward_5,733604,External-Auction,9,0.4137713076,0.4137713076,0.0
uzh_fpv,1,uzh_fpv.load_1,indoor_forward_5,UZH-indoor_forward_5,733604,Greedy,9,0.4137713076,0.4137713076,0.0
uzh_fpv,1,uzh_fpv.load_1,indoor_forward_5,UZH-indoor_forward_5,733604,No-Stability,9,0.4137713076,0.4137713076,0.0
uzh_fpv,1,uzh_fpv.load_1,indoor_forward_5,UZH-indoor_forward_5,733604,No-Synergy,9,0.4137713076,0.4137713076,0.0
uzh_fpv,1,uzh_fpv.load_1,indoor_forward_5,UZH-indoor_forward_5,733604,Random,5,0.406750855,0.3878342387,0.0189166163
uzh_fpv,1,uzh_fpv.load_1,indoor_forward_5,UZH-indoor_forward_5,733605,External-Auction,9,0.398584139,0.398584139,0.0
uzh_fpv,1,uzh_fpv.load_1,indoor_forward_5,UZH-indoor_forward_5,733605,Greedy,9,0.398584139,0.398584139,0.0
uzh_fpv,1,uzh_fpv.load_1,indoor_forward_5,UZH-indoor_forward_5,733605,No-Stability,9,0.398584139,0.4089372828,-0.0103531438
uzh_fpv,1,uzh_fpv.load_1,indoor_forward_5,UZH-indoor_forward_5,733605,No-Synergy,9,0.398584139,0.398584139,0.0
uzh_fpv,1,uzh_fpv.load_1,indoor_forward_5,UZH-indoor_forward_5,733605,Random,7,0.3998791394,0.4137319315,-0.0138527921
uzh_fpv,1,uzh_fpv.load_1,indoor_forward_5,UZH-indoor_forward_5,733606,External-Auction,9,0.4002886785,0.4002886785,0.0
uzh_fpv,1,uzh_fpv.load_1,indoor_forward_5,UZH-indoor_forward_5,733606,Greedy,9,0.4002886785,0.4002886785,0.0
uzh_fpv,1,uzh_fpv.load_1,indoor_forward_5,UZH-indoor_forward_5,733606,No-Stability,9,0.4002886785,0.4009187481,-0.0006300696
uzh_fpv,1,uzh_fpv.load_1,indoor_forward_5,UZH-indoor_forward_5,733606,No-Synergy,9,0.4002886785,0.4002886785,0.0
uzh_fpv,1,uzh_fpv.load_1,indoor_forward_5,UZH-indoor_forward_5,733606,Random,8,0.402461415,0.401029898,0.001431517
uzh_fpv,1,uzh_fpv.load_1,indoor_forward_5,UZH-indoor_forward_5,733607,External-Auction,6,0.3645732361,0.3645732361,0.0
uzh_fpv,1,uzh_fpv.load_1,indoor_forward_5,UZH-indoor_forward_5,733607,Greedy,6,0.3645732361,0.3645732361,0.0
uzh_fpv,1,uzh_fpv.load_1,indoor_forward_5,UZH-indoor_forward_5,733607,No-Stability,6,0.3645732361,0.3761866126,-0.0116133765
uzh_fpv,1,uzh_fpv.load_1,indoor_forward_5,UZH-indoor_forward_5,733607,No-Synergy,6,0.3645732361,0.3645732361,0.0
uzh_fpv,1,uzh_fpv.load_1,indoor_forward_5,UZH-indoor_forward_5,733607,Random,5,0.3634114194,0.3651900552,-0.0017786358
uzh_fpv,1,uzh_fpv.load_1,indoor_forward_5,UZH-indoor_forward_5,733608,External-Auction,9,0.3688541889,0.3688541889,0.0
uzh_fpv,1,uzh_fpv.load_1,indoor_forward_5,UZH-indoor_forward_5,733608,Greedy,9,0.3688541889,0.3688541889,0.0
uzh_fpv,1,uzh_fpv.load_1,indoor_forward_5,UZH-indoor_forward_5,733608,No-Stability,9,0.3688541889,0.3810986623,-0.0122444734
uzh_fpv,1,uzh_fpv.load_1,indoor_forward_5,UZH-indoor_forward_5,733608,No-Synergy,9,0.3688541889,0.3688541889,0.0
uzh_fpv,1,uzh_fpv.load_1,indoor_forward_5,UZH-indoor_forward_5,733608,Random,6,0.3688295023,0.3981013522,-0.02927185
uzh_fpv,1,uzh_fpv.load_1,indoor_forward_5,UZH-indoor_forward_5,733609,External-Auction,6,0.3970080572,0.3970080572,0.0
uzh_fpv,1,uzh_fpv.load_1,indoor_forward_5,UZH-indoor_forward_5,733609,Greedy,6,0.3970080572,0.3970080572,0.0
uzh_fpv,1,uzh_fpv.load_1,indoor_forward_5,UZH-indoor_forward_5,733609,No-Stability,6,0.3970080572,0.3970080572,0.0
uzh_fpv,1,uzh_fpv.load_1,indoor_forward_5,UZH-indoor_forward_5,733609,No-Synergy,6,0.3970080572,0.3970080572,0.0
uzh_fpv,1,uzh_fpv.load_1,indoor_forward_5,UZH-indoor_forward_5,733609,Random,6,0.3970080572,0.3992977213,-0.0022896641
uzh_fpv,1,uzh_fpv.load_1,indoor_forward_5,UZH-indoor_forward_5,733610,External-Auction,9,0.3801474433,0.3801474433,0.0
uzh_fpv,1,uzh_fpv.load_1,indoor_forward_5,UZH-indoor_forward_5,733610,Greedy,9,0.3801474433,0.3801474433,0.0
uzh_fpv,1,uzh_fpv.load_1,indoor_forward_5,UZH-indoor_forward_5,733610,No-Stability,9,0.3801474433,0.3874320399,-0.0072845966
uzh_fpv,1,uzh_fpv.load_1,indoor_forward_5,UZH-indoor_forward_5,733610,No-Synergy,9,0.3801474433,0.3801474433,0.0
uzh_fpv,1,uzh_fpv.load_1,indoor_forward_5,UZH-indoor_forward_5,733610,Random,7,0.3802032337,0.3896598843,-0.0094566506
uzh_fpv,1,uzh_fpv.load_1,indoor_forward_5,UZH-indoor_forward_5,733611,External-Auction,7,0.3870191924,0.3870191924,0.0
uzh_fpv,1,uzh_fpv.load_1,indoor_forward_5,UZH-indoor_forward_5,733611,Greedy,7,0.3870191924,0.3870191924,0.0
uzh_fpv,1,uzh_fpv.load_1,indoor_forward_5,UZH-indoor_forward_5,733611,No-Stability,7,0.3870191924,0.3870191924,0.0
uzh_fpv,1,uzh_fpv.load_1,indoor_forward_5,UZH-indoor_forward_5,733611,No-Synergy,7,0.3870191924,0.3870191924,0.0
uzh_fpv,1,uzh_fpv.load_1,indoor_forward_5,UZH-indoor_forward_5,733611,Random,6,0.3870960823,0.3856191359,0.0014769464
uzh_fpv,1,uzh_fpv.load_1,indoor_forward_5,UZH-indoor_forward_5,733612,External-Auction,9,0.371658359,0.371658359,0.0
uzh_fpv,1,uzh_fpv.load_1,indoor_forward_5,UZH-indoor_forward_5,733612,Greedy,9,0.371658359,0.371658359,0.0
uzh_fpv,1,uzh_fpv.load_1,indoor_forward_5,UZH-indoor_forward_5,733612,No-Stability,9,0.371658359,0.3831408759,-0.0114825169
uzh_fpv,1,uzh_fpv.load_1,indoor_forward_5,UZH-indoor_forward_5,733612,No-Synergy,9,0.371658359,0.371658359,0.0
uzh_fpv,1,uzh_fpv.load_1,indoor_forward_5,UZH-indoor_forward_5,733612,Random,6,0.374411772,0.4064675346,-0.0320557626
uzh_fpv,1,uzh_fpv.load_1,indoor_forward_5,UZH-indoor_forward_5,733613,External-Auction,5,0.412365526,0.412365526,0.0
uzh_fpv,1,uzh_fpv.load_1,indoor_forward_5,UZH-indoor_forward_5,733613,Greedy,5,0.412365526,0.412365526,0.0
uzh_fpv,1,uzh_fpv.load_1,indoor_forward_5,UZH-indoor_forward_5,733613,No-Stability,5,0.412365526,0.412365526,0.0
uzh_fpv,1,uzh_fpv.load_1,indoor_forward_5,UZH-indoor_forward_5,733613,No-Synergy,5,0.412365526,0.412365526,0.0
uzh_fpv,1,uzh_fpv.load_1,indoor_forward_5,UZH-indoor_forward_5,733613,Random,4,0.409338737,0.3927914689,0.0165472681
uzh_fpv,1,uzh_fpv.load_1,indoor_forward_5,UZH-indoor_forward_5,733614,External-Auction,9,0.404895162,0.404895162,0.0
uzh_fpv,1,uzh_fpv.load_1,indoor_forward_5,UZH-indoor_forward_5,733614,Greedy,9,0.404895162,0.404895162,0.0
uzh_fpv,1,uzh_fpv.load_1,indoor_forward_5,UZH-indoor_forward_5,733614,No-Stability,9,0.404895162,0.410695313,-0.005800151
uzh_fpv,1,uzh_fpv.load_1,indoor_forward_5,UZH-indoor_forward_5,733614,No-Synergy,9,0.404895162,0.404895162,0.0
uzh_fpv,1,uzh_fpv.load_1,indoor_forward_5,UZH-indoor_forward_5,733614,Random,9,0.404895162,0.427871941,-0.022976779
uzh_fpv,1,uzh_fpv.load_1,indoor_forward_5,UZH-indoor_forward_5,733615,External-Auction,9,0.3879029363,0.3879029363,0.0
uzh_fpv,1,uzh_fpv.load_1,indoor_forward_5,UZH-indoor_forward_5,733615,Greedy,9,0.3879029363,0.3879029363,0.0
uzh_fpv,1,uzh_fpv.load_1,indoor_forward_5,UZH-indoor_forward_5,733615,No-Stability,9,0.3879029363,0.389974608,-0.0020716718
uzh_fpv,1,uzh_fpv.load_1,indoor_forward_5,UZH-indoor_forward_5,733615,No-Synergy,9,0.3879029363,0.3879029363,0.0
uzh_fpv,1,uzh_fpv.load_1,indoor_forward_5,UZH-indoor_forward_5,733615,Random,6,0.3839161405,0.399726391,-0.0158102505
uzh_fpv,1,uzh_fpv.load_1,indoor_forward_5,UZH-indoor_forward_5,733616,External-Auction,5,0.4030954218,0.4030954218,0.0
uzh_fpv,1,uzh_fpv.load_1,indoor_forward_5,UZH-indoor_forward_5,733616,Greedy,5,0.4030954218,0.4030954218,0.0
uzh_fpv,1,uzh_fpv.load_1,indoor_forward_5,UZH-indoor_forward_5,733616,No-Stability,5,0.4030954218,0.4120196558,-0.008924234
uzh_fpv,1,uzh_fpv.load_1,indoor_forward_5,UZH-indoor_forward_5,733616,No-Synergy,5,0.4030954218,0.4030954218,0.0
uzh_fpv,1,uzh_fpv.load_1,indoor_forward_5,UZH-indoor_forward_5,733616,Random,3,0.4056254805,0.3943830354,0.0112424451
uzh_fpv,1,uzh_fpv.load_1,indoor_forward_5,UZH-indoor_forward_5,733617,External-Auction,9,0.3804569366,0.3804569366,0.0
uzh_fpv,1,uzh_fpv.load_1,indoor_forward_5,UZH-indoor_forward_5,733617,Greedy,9,0.3804569366,0.3804569366,0.0
uzh_fpv,1,uzh_fpv.load_1,indoor_forward_5,UZH-indoor_forward_5,733617,No-Stability,9,0.3804569366,0.3988413886,-0.018384452
uzh_fpv,1,uzh_fpv.load_1,indoor_forward_5,UZH-indoor_forward_5,733617,No-Synergy,9,0.3804569366,0.3804569366,0.0
uzh_fpv,1,uzh_fpv.load_1,indoor_forward_5,UZH-indoor_forward_5,733617,Random,5,0.3847678432,0.4033606069,-0.0185927637
uzh_fpv,1,uzh_fpv.load_1,indoor_forward_5,UZH-indoor_forward_5,733618,External-Auction,8,0.3603784792,0.3603784792,0.0
uzh_fpv,1,uzh_fpv.load_1,indoor_forward_5,UZH-indoor_forward_5,733618,Greedy,8,0.3603784792,0.3603784792,0.0
uzh_fpv,1,uzh_fpv.load_1,indoor_forward_5,UZH-indoor_forward_5,733618,No-Stability,8,0.3603784792,0.4020512631,-0.0416727839
uzh_fpv,1,uzh_fpv.load_1,indoor_forward_5,UZH-indoor_forward_5,733618,No-Synergy,8,0.3603784792,0.3603784792,0.0
uzh_fpv,1,uzh_fpv.load_1,indoor_forward_5,UZH-indoor_forward_5,733618,Random,4,0.3568199262,0.4097260491,-0.0529061229
uzh_fpv,1,uzh_fpv.load_1,indoor_forward_5,UZH-indoor_forward_5,733619,External-Auction,9,0.3768309791,0.3768309791,0.0
uzh_fpv,1,uzh_fpv.load_1,indoor_forward_5,UZH-indoor_forward_5,733619,Greedy,9,0.3768309791,0.3768309791,0.0
uzh_fpv,1,uzh_fpv.load_1,indoor_forward_5,UZH-indoor_forward_5,733619,No-Stability,9,0.3768309791,0.4121363608,-0.0353053817
uzh_fpv,1,uzh_fpv.load_1,indoor_forward_5,UZH-indoor_forward_5,733619,No-Synergy,9,0.3768309791,0.3768309791,0.0
uzh_fpv,1,uzh_fpv.load_1,indoor_forward_5,UZH-indoor_forward_5,733619,Random,4,0.3802200036,0.4149164902,-0.0346964865
uzh_fpv,1,uzh_fpv.load_1,indoor_forward_5,UZH-indoor_forward_5,733620,External-Auction,6,0.3954580626,0.3954580626,0.0
uzh_fpv,1,uzh_fpv.load_1,indoor_forward_5,UZH-indoor_forward_5,733620,Greedy,6,0.3954580626,0.3954580626,0.0
uzh_fpv,1,uzh_fpv.load_1,indoor_forward_5,UZH-indoor_forward_5,733620,No-Stability,6,0.3954580626,0.4027434785,-0.0072854159
uzh_fpv,1,uzh_fpv.load_1,indoor_forward_5,UZH-indoor_forward_5,733620,No-Synergy,6,0.3954580626,0.3954580626,0.0
uzh_fpv,1,uzh_fpv.load_1,indoor_forward_5,UZH-indoor_forward_5,733620,Random,4,0.3926312632,0.4173230212,-0.024691758
uzh_fpv,1,uzh_fpv.load_1,indoor_forward_5,UZH-indoor_forward_5,733621,External-Auction,5,0.4029621948,0.4029621948,0.0
uzh_fpv,1,uzh_fpv.load_1,indoor_forward_5,UZH-indoor_forward_5,733621,Greedy,5,0.4029621948,0.4029621948,0.0
uzh_fpv,1,uzh_fpv.load_1,indoor_forward_5,UZH-indoor_forward_5,733621,No-Stability,5,0.4029621948,0.4092155557,-0.0062533609
uzh_fpv,1,uzh_fpv.load_1,indoor_forward_5,UZH-indoor_forward_5,733621,No-Synergy,5,0.4029621948,0.4029621948,0.0
uzh_fpv,1,uzh_fpv.load_1,indoor_forward_5,UZH-indoor_forward_5,733621,Random,3,0.3994032948,0.4014093477,-0.0020060529
uzh_fpv,1,uzh_fpv.load_1,indoor_forward_5,UZH-indoor_forward_5,733622,External-Auction,9,0.4139827798,0.4139827798,0.0
uzh_fpv,1,uzh_fpv.load_1,indoor_forward_5,UZH-indoor_forward_5,733622,Greedy,9,0.4139827798,0.4139827798,0.0
uzh_fpv,1,uzh_fpv.load_1,indoor_forward_5,UZH-indoor_forward_5,733622,No-Stability,9,0.4139827798,0.4140628916,-8.01118e-05
uzh_fpv,1,uzh_fpv.load_1,indoor_forward_5,UZH-indoor_forward_5,733622,No-Synergy,9,0.4139827798,0.4139827798,0.0
uzh_fpv,1,uzh_fpv.load_1,indoor_forward_5,UZH-indoor_forward_5,733622,Random,8,0.4127850978,0.4142876898,-0.001502592
uzh_fpv,1,uzh_fpv.load_1,indoor_forward_5,UZH-indoor_forward_5,733623,External-Auction,8,0.3856394208,0.3856394208,0.0
uzh_fpv,1,uzh_fpv.load_1,indoor_forward_5,UZH-indoor_forward_5,733623,Greedy,8,0.3856394208,0.3856394208,0.0
uzh_fpv,1,uzh_fpv.load_1,indoor_forward_5,UZH-indoor_forward_5,733623,No-Stability,8,0.3856394208,0.390747659,-0.0051082381
uzh_fpv,1,uzh_fpv.load_1,indoor_forward_5,UZH-indoor_forward_5,733623,No-Synergy,8,0.3856394208,0.3856394208,0.0
uzh_fpv,1,uzh_fpv.load_1,indoor_forward_5,UZH-indoor_forward_5,733623,Random,8,0.3856394208,0.3990676734,-0.0134282526
uzh_fpv,1,uzh_fpv.load_1,indoor_forward_5,UZH-indoor_forward_5,733624,External-Auction,6,0.3809629479,0.3809629479,0.0
uzh_fpv,1,uzh_fpv.load_1,indoor_forward_5,UZH-indoor_forward_5,733624,Greedy,6,0.3809629479,0.3809629479,0.0
uzh_fpv,1,uzh_fpv.load_1,indoor_forward_5,UZH-indoor_forward_5,733624,No-Stability,6,0.3809629479,0.3938052867,-0.0128423388
uzh_fpv,1,uzh_fpv.load_1,indoor_forward_5,UZH-indoor_forward_5,733624,No-Synergy,6,0.3809629479,0.3809629479,0.0
uzh_fpv,1,uzh_fpv.load_1,indoor_forward_5,UZH-indoor_forward_5,733624,Random,3,0.386179843,0.3936521189,-0.007472276
uzh_fpv,1,uzh_fpv.load_1,indoor_forward_5,UZH-indoor_forward_5,733625,External-Auction,9,0.3744218427,0.3744218427,0.0
uzh_fpv,1,uzh_fpv.load_1,indoor_forward_5,UZH-indoor_forward_5,733625,Greedy,9,0.3744218427,0.3744218427,0.0
uzh_fpv,1,uzh_fpv.load_1,indoor_forward_5,UZH-indoor_forward_5,733625,No-Stability,9,0.3744218427,0.4094910999,-0.0350692573
uzh_fpv,1,uzh_fpv.load_1,indoor_forward_5,UZH-indoor_forward_5,733625,No-Synergy,9,0.3744218427,0.3744218427,0.0
uzh_fpv,1,uzh_fpv.load_1,indoor_forward_5,UZH-indoor_forward_5,733625,Random,8,0.3748377225,0.411088373,-0.0362506505
uzh_fpv,1,uzh_fpv.load_1,indoor_forward_5,UZH-indoor_forward_5,733626,External-Auction,9,0.3701610766,0.3701610766,0.0
uzh_fpv,1,uzh_fpv.load_1,indoor_forward_5,UZH-indoor_forward_5,733626,Greedy,9,0.3701610766,0.3701610766,0.0
uzh_fpv,1,uzh_fpv.load_1,indoor_forward_5,UZH-indoor_forward_5,733626,No-Stability,9,0.3701610766,0.3819621498,-0.0118010731
uzh_fpv,1,uzh_fpv.load_1,indoor_forward_5,UZH-indoor_forward_5,733626,No-Synergy,9,0.3701610766,0.3701610766,0.0
uzh_fpv,1,uzh_fpv.load_1,indoor_forward_5,UZH-indoor_forward_5,733626,Random,7,0.371726464,0.4036516972,-0.0319252332
uzh_fpv,1,uzh_fpv.load_1,indoor_forward_5,UZH-indoor_forward_5,733627,External-Auction,8,0.3830941115,0.3830941115,0.0
uzh_fpv,1,uzh_fpv.load_1,indoor_forward_5,UZH-indoor_forward_5,733627,Greedy,8,0.3830941115,0.3830941115,0.0
uzh_fpv,1,uzh_fpv.load_1,indoor_forward_5,UZH-indoor_forward_5,733627,No-Stability,8,0.3830941115,0.3788541329,0.0042399786
uzh_fpv,1,uzh_fpv.load_1,indoor_forward_5,UZH-indoor_forward_5,733627,No-Synergy,8,0.3830941115,0.3830941115,0.0
uzh_fpv,1,uzh_fpv.load_1,indoor_forward_5,UZH-indoor_forward_5,733627,Random,7,0.3836051351,0.4071151193,-0.0235099842
uzh_fpv,1,uzh_fpv.load_1,indoor_forward_5,UZH-indoor_forward_5,733628,External-Auction,9,0.3851508708,0.3851508708,0.0
uzh_fpv,1,uzh_fpv.load_1,indoor_forward_5,UZH-indoor_forward_5,733628,Greedy,9,0.3851508708,0.3851508708,0.0
uzh_fpv,1,uzh_fpv.load_1,indoor_forward_5,UZH-indoor_forward_5,733628,No-Stability,9,0.3851508708,0.3863201002,-0.0011692295
uzh_fpv,1,uzh_fpv.load_1,indoor_forward_5,UZH-indoor_forward_5,733628,No-Synergy,9,0.3851508708,0.3851508708,0.0
uzh_fpv,1,uzh_fpv.load_1,indoor_forward_5,UZH-indoor_forward_5,733628,Random,6,0.3822797219,0.4083256982,-0.0260459764
uzh_fpv,1,uzh_fpv.load_1,indoor_forward_5,UZH-indoor_forward_5,733629,External-Auction,6,0.3780998043,0.3780998043,0.0
uzh_fpv,1,uzh_fpv.load_1,indoor_forward_5,UZH-indoor_forward_5,733629,Greedy,6,0.3780998043,0.3780998043,0.0
uzh_fpv,1,uzh_fpv.load_1,indoor_forward_5,UZH-indoor_forward_5,733629,No-Stability,6,0.3780998043,0.3968333601,-0.0187335558
uzh_fpv,1,uzh_fpv.load_1,indoor_forward_5,UZH-indoor_forward_5,733629,No-Synergy,6,0.3780998043,0.3780998043,0.0
uzh_fpv,1,uzh_fpv.load_1,indoor_forward_5,UZH-indoor_forward_5,733629,Random,4,0.3772033307,0.3905413673,-0.0133380365
uzh_fpv,1,uzh_fpv.load_1,indoor_forward_6,UZH-indoor_forward_6,733700,External-Auction,11,0.4054330712,0.4054330712,0.0
uzh_fpv,1,uzh_fpv.load_1,indoor_forward_6,UZH-indoor_forward_6,733700,Greedy,11,0.4054330712,0.4054330712,0.0
uzh_fpv,1,uzh_fpv.load_1,indoor_forward_6,UZH-indoor_forward_6,733700,No-Stability,11,0.4054330712,0.4054330712,0.0
uzh_fpv,1,uzh_fpv.load_1,indoor_forward_6,UZH-indoor_forward_6,733700,No-Synergy,11,0.4054330712,0.4054330712,0.0
uzh_fpv,1,uzh_fpv.load_1,indoor_forward_6,UZH-indoor_forward_6,733700,Random,8,0.4158072963,0.4120777645,0.0037295318
uzh_fpv,1,uzh_fpv.load_1,indoor_forward_6,UZH-indoor_forward_6,733701,External-Auction,11,0.3770709314,0.3770709314,0.0
uzh_fpv,1,uzh_fpv.load_1,indoor_forward_6,UZH-indoor_forward_6,733701,Greedy,11,0.3770709314,0.3770709314,0.0
uzh_fpv,1,uzh_fpv.load_1,indoor_forward_6,UZH-indoor_forward_6,733701,No-Stability,11,0.3770709314,0.4003904359,-0.0233195045
uzh_fpv,1,uzh_fpv.load_1,indoor_forward_6,UZH-indoor_forward_6,733701,No-Synergy,11,0.3770709314,0.3770709314,0.0
uzh_fpv,1,uzh_fpv.load_1,indoor_forward_6,UZH-indoor_forward_6,733701,Random,9,0.3714499857,0.4071836073,-0.0357336216
uzh_fpv,1,uzh_fpv.load_1,indoor_forward_6,UZH-indoor_forward_6,733702,External-Auction,11,0.4063014409,0.4063014409,0.0
uzh_fpv,1,uzh_fpv.load_1,indoor_forward_6,UZH-indoor_forward_6,733702,Greedy,11,0.4063014409,0.4063014409,0.0
uzh_fpv,1,uzh_fpv.load_1,indoor_forward_6,UZH-indoor_forward_6,733702,No-Stability,11,0.4063014409,0.4063014409,0.0
uzh_fpv,1,uzh_fpv.load_1,indoor_forward_6,UZH-indoor_forward_6,733702,No-Synergy,11,0.4063014409,0.4063014409,0.0
uzh_fpv,1,uzh_fpv.load_1,indoor_forward_6,UZH-indoor_forward_6,733702,Random,8,0.3969338471,0.4033926478,-0.0064588007
uzh_fpv,1,uzh_fpv.load_1,indoor_forward_6,UZH-indoor_forward_6,733703,External-Auction,11,0.3875404035,0.3875404035,0.0
uzh_fpv,1,uzh_fpv.load_1,indoor_forward_6,UZH-indoor_forward_6,733703,Greedy,11,0.3875404035,0.3875404035,0.0
uzh_fpv,1,uzh_fpv.load_1,indoor_forward_6,UZH-indoor_forward_6,733703,No-Stability,11,0.3875404035,0.3875404035,0.0
uzh_fpv,1,uzh_fpv.load_1,indoor_forward_6,UZH-indoor_forward_6,733703,No-Synergy,11,0.3875404035,0.3875404035,0.0
uzh_fpv,1,uzh_fpv.load_1,indoor_forward_6,UZH-indoor_forward_6,733703,Random,9,0.3839521954,0.4060358469,-0.0220836514
uzh_fpv,1,uzh_fpv.load_1,indoor_forward_6,UZH-indoor_forward_6,733704,External-Auction,11,0.4037512104,0.4037512104,0.0
uzh_fpv,1,uzh_fpv.load_1,indoor_forward_6,UZH-indoor_forward_6,733704,Greedy,11,0.4037512104,0.4037512104,0.0
uzh_fpv,1,uzh_fpv.load_1,indoor_forward_6,UZH-indoor_forward_6,733704,No-Stability,11,0.4037512104,0.4077311979,-0.0039799874
uzh_fpv,1,uzh_fpv.load_1,indoor_forward_6,UZH-indoor_forward_6,733704,No-Synergy,11,0.4037512104,0.4037512104,0.0
uzh_fpv,1,uzh_fpv.load_1,indoor_forward_6,UZH-indoor_forward_6,733704,Random,8,0.4086512142,0.419383855,-0.0107326408
uzh_fpv,1,uzh_fpv.load_1,indoor_forward_6,UZH-indoor_forward_6,733705,External-Auction,11,0.3916825384,0.3916825384,0.0
uzh_fpv,1,uzh_fpv.load_1,indoor_forward_6,UZH-indoor_forward_6,733705,Greedy,11,0.3916825384,0.3916825384,0.0
uzh_fpv,1,uzh_fpv.load_1,indoor_forward_6,UZH-indoor_forward_6,733705,No-Stability,11,0.3916825384,0.4151185528,-0.0234360143
uzh_fpv,1,uzh_fpv.load_1,indoor_forward_6,UZH-indoor_forward_6,733705,No-Synergy,11,0.3916825384,0.3916825384,0.0
uzh_fpv,1,uzh_fpv.load_1,indoor_forward_6,UZH-indoor_forward_6,733705,Random,10,0.3942373361,0.4123240608,-0.0180867247
uzh_fpv,1,uzh_fpv.load_1,indoor_forward_6,UZH-indoor_forward_6,733706,External-Auction,11,0.3995474007,0.3995474007,0.0
uzh_fpv,1,uzh_fpv.load_1,indoor_forward_6,UZH-indoor_forward_6,733706,Greedy,11,0.3995474007,0.3995474007,0.0
uzh_fpv,1,uzh_fpv.load_1,indoor_forward_6,UZH-indoor_forward_6,733706,No-Stability,11,0.3995474007,0.4246148963,-0.0250674957
uzh_fpv,1,uzh_fpv.load_1,indoor_forward_6,UZH-indoor_forward_6,733706,No-Synergy,11,0.3995474007,0.3995474007,0.0
uzh_fpv,1,uzh_fpv.load_1,indoor_forward_6,UZH-indoor_forward_6,733706,Random,10,0.4023669487,0.4362414759,-0.0338745272
uzh_fpv,1,uzh_fpv.load_1,indoor_forward_6,UZH-indoor_forward_6,733707,External-Auction,11,0.3958335655,0.3958335655,0.0
uzh_fpv,1,uzh_fpv.load_1,indoor_forward_6,UZH-indoor_forward_6,733707,Greedy,11,0.3958335655,0.3958335655,0.0
uzh_fpv,1,uzh_fpv.load_1,indoor_forward_6,UZH-indoor_forward_6,733707,No-Stability,11,0.3958335655,0.3958335655,0.0
uzh_fpv,1,uzh_fpv.load_1,indoor_forward_6,UZH-indoor_forward_6,733707,No-Synergy,11,0.3958335655,0.3958335655,0.0
uzh_fpv,1,uzh_fpv.load_1,indoor_forward_6,UZH-indoor_forward_6,733707,Random,8,0.3952633599,0.4015381614,-0.0062748015
uzh_fpv,1,uzh_fpv.load_1,indoor_forward_6,UZH-indoor_forward_6,733708,External-Auction,11,0.4072321973,0.4072321973,0.0
uzh_fpv,1,uzh_fpv.load_1,indoor_forward_6,UZH-indoor_forward_6,733708,Greedy,11,0.4072321973,0.4072321973,0.0
uzh_fpv,1,uzh_fpv.load_1,indoor_forward_6,UZH-indoor_forward_6,733708,No-Stability,11,0.4072321973,0.4072321973,0.0
uzh_fpv,1,uzh_fpv.load_1,indoor_forward_6,UZH-indoor_forward_6,733708,No-Synergy,11,0.4072321973,0.4072321973,0.0
uzh_fpv,1,uzh_fpv.load_1,indoor_forward_6,UZH-indoor_forward_6,733708,Random,7,0.3950791576,0.3884979123,0.0065812453
uzh_fpv,1,uzh_fpv.load_1,indoor_forward_6,UZH-indoor_forward_6,733709,External-Auction,11,0.4125220775,0.4125220775,0.0
uzh_fpv,1,uzh_fpv.load_1,indoor_forward_6,UZH-indoor_forward_6,733709,Greedy,11,0.4125220775,0.4125220775,0.0
uzh_fpv,1,uzh_fpv.load_1,indoor_forward_6,UZH-indoor_forward_6,733709,No-Stability,11,0.4125220775,0.4125220775,0.0
uzh_fpv,1,uzh_fpv.load_1,indoor_forward_6,UZH-indoor_forward_6,733709,No-Synergy,11,0.4125220775,0.4125220775,0.0
uzh_fpv,1,uzh_fpv.load_1,indoor_forward_6,UZH-indoor_forward_6,733709,Random,9,0.4063206702,0.4156385507,-0.0093178805
uzh_fpv,1,uzh_fpv.load_1,indoor_forward_6,UZH-indoor_forward_6,733710,External-Auction,11,0.392502465,0.392502465,0.0
uzh_fpv,1,uzh_fpv.load_1,indoor_forward_6,UZH-indoor_forward_6,733710,Greedy,11,0.392502465,0.392502465,0.0
uzh_fpv,1,uzh_fpv.load_1,indoor_forward_6,UZH-indoor_forward_6,733710,No-Stability,11,0.392502465,0.4241461363,-0.0316436713
uzh_fpv,1,uzh_fpv.load_1,indoor_forward_6,UZH-indoor_forward_6,733710,No-Synergy,11,0.392502465,0.392502465,0.0
uzh_fpv,1,uzh_fpv.load_1,indoor_forward_6,UZH-indoor_forward_6,733710,Random,9,0.3982874878,0.4139994767,-0.0157119889
uzh_fpv,1,uzh_fpv.load_1,indoor_forward_6,UZH-indoor_forward_6,733711,External-Auction,9,0.4181682932,0.4181682932,0.0
uzh_fpv,1,uzh_fpv.load_1,indoor_forward_6,UZH-indoor_forward_6,733711,Greedy,9,0.4181682932,0.4181682932,0.0
uzh_fpv,1,uzh_fpv.load_1,indoor_forward_6,UZH-indoor_forward_6,733711,No-Stability,9,0.4181682932,0.4204397037,-0.0022714105
uzh_fpv,1,uzh_fpv.load_1,indoor_forward_6,UZH-indoor_forward_6,733711,No-Synergy,9,0.4181682932,0.4181682932,0.0
uzh_fpv,1,uzh_fpv.load_1,indoor_forward_6,UZH-indoor_forward_6,733711,Random,5,0.403666707,0.4085781265,-0.0049114195
uzh_fpv,1,uzh_fpv.load_1,indoor_forward_6,UZH-indoor_forward_6,733712,External-Auction,11,0.4196142065,0.4196142065,0.0
uzh_fpv,1,uzh_fpv.load_1,indoor_forward_6,UZH-indoor_forward_6,733712,Greedy,11,0.4196142065,0.4196142065,0.0
uzh_fpv,1,uzh_fpv.load_1,indoor_forward_6,UZH-indoor_forward_6,733712,No-Stability,11,0.4196142065,0.4196142065,0.0
uzh_fpv,1,uzh_fpv.load_1,indoor_forward_6,UZH-indoor_forward_6,733712,No-Synergy,11,0.4196142065,0.4196142065,0.0
uzh_fpv,1,uzh_fpv.load_1,indoor_forward_6,UZH-indoor_forward_6,733712,Random,10,0.4113319867,0.4204837379,-0.0091517512
uzh_fpv,1,uzh_fpv.load_1,indoor_forward_6,UZH-indoor_forward_6,733713,External-Auction,11,0.3844596286,0.3844596286,0.0
uzh_fpv,1,uzh_fpv.load_1,indoor_forward_6,UZH-indoor_forward_6,733713,Greedy,11,0.3844596286,0.3844596286,0.0
uzh_fpv,1,uzh_fpv.load_1,indoor_forward_6,UZH-indoor_forward_6,733713,No-Stability,11,0.3844596286,0.4074975002,-0.0230378717
uzh_fpv,1,uzh_fpv.load_1,indoor_forward_6,UZH-indoor_forward_6,733713,No-Synergy,11,0.3844596286,0.3844596286,0.0
uzh_fpv,1,uzh_fpv.load_1,indoor_forward_6,UZH-indoor_forward_6,733713,Random,8,0.3813200906,0.4012121352,-0.0198920445
uzh_fpv,1,uzh_fpv.load_1,indoor_forward_6,UZH-indoor_forward_6,733714,External-Auction,11,0.3959324851,0.3959324851,0.0
uzh_fpv,1,uzh_fpv.load_1,indoor_forward_6,UZH-indoor_forward_6,733714,Greedy,11,0.3959324851,0.3959324851,0.0
uzh_fpv,1,uzh_fpv.load_1,indoor_forward_6,UZH-indoor_forward_6,733714,No-Stability,11,0.3959324851,0.4093341633,-0.0134016782
uzh_fpv,1,uzh_fpv.load_1,indoor_forward_6,UZH-indoor_forward_6,733714,No-Synergy,11,0.3959324851,0.3959324851,0.0
uzh_fpv,1,uzh_fpv.load_1,indoor_forward_6,UZH-indoor_forward_6,733714,Random,8,0.3929474865,0.4098416843,-0.0168941978
uzh_fpv,1,uzh_fpv.load_1,indoor_forward_6,UZH-indoor_forward_6,733715,External-Auction,11,0.4191472952,0.4191472952,0.0
uzh_fpv,1,uzh_fpv.load_1,indoor_forward_6,UZH-indoor_forward_6,733715,Greedy,11,0.4191472952,0.4191472952,0.0
uzh_fpv,1,uzh_fpv.load_1,indoor_forward_6,UZH-indoor_forward_6,733715,No-Stability,11,0.4191472952,0.4191472952,0.0
uzh_fpv,1,uzh_fpv.load_1,indoor_forward_6,UZH-indoor_forward_6,733715,No-Synergy,11,0.4191472952,0.4191472952,0.0
uzh_fpv,1,uzh_fpv.load_1,indoor_forward_6,UZH-indoor_forward_6,733715,Random,11,0.4191472952,0.4332493205,-0.0141020253
uzh_fpv,1,uzh_fpv.load_1,indoor_forward_6,UZH-indoor_forward_6,733716,External-Auction,11,0.3882135704,0.3882135704,0.0
uzh_fpv,1,uzh_fpv.load_1,indoor_forward_6,UZH-indoor_forward_6,733716,Greedy,11,0.3882135704,0.3882135704,0.0
uzh_fpv,1,uzh_fpv.load_1,indoor_forward_6,UZH-indoor_forward_6,733716,No-Stability,11,0.3882135704,0.3887100709,-0.0004965006
uzh_fpv,1,uzh_fpv.load_1,indoor_forward_6,UZH-indoor_forward_6,733716,No-Synergy,11,0.3882135704,0.3882135704,0.0
uzh_fpv,1,uzh_fpv.load_1,indoor_forward_6,UZH-indoor_forward_6,733716,Random,10,0.3804387373,0.3987415422,-0.0183028049
uzh_fpv,1,uzh_fpv.load_1,indoor_forward_6,UZH-indoor_forward_6,733717,External-Auction,10,0.3637269939,0.3637269939,0.0
uzh_fpv,1,uzh_fpv.load_1,indoor_forward_6,UZH-indoor_forward_6,733717,Greedy,10,0.3637269939,0.3637269939,0.0
uzh_fpv,1,uzh_fpv.load_1,indoor_forward_6,UZH-indoor_forward_6,733717,No-Stability,10,0.3637269939,0.3973948423,-0.0336678485
uzh_fpv,1,uzh_fpv.load_1,indoor_forward_6,UZH-indoor_forward_6,733717,No-Synergy,10,0.3637269939,0.3637269939,0.0
uzh_fpv,1,uzh_fpv.load_1,indoor_forward_6,UZH-indoor_forward_6,733717,Random,8,0.3562793409,0.3920446885,-0.0357653476
uzh_fpv,1,uzh_fpv.load_1,indoor_forward_6,UZH-indoor_forward_6,733718,External-Auction,11,0.4020610255,0.4020610255,0.0
uzh_fpv,1,uzh_fpv.load_1,indoor_forward_6,UZH-indoor_forward_6,733718,Greedy,11,0.4020610255,0.4020610255,0.0
uzh_fpv,1,uzh_fpv.load_1,indoor_forward_6,UZH-indoor_forward_6,733718,No-Stability,11,0.4020610255,0.4255680522,-0.0235070268
uzh_fpv,1,uzh_fpv.load_1,indoor_forward_6,UZH-indoor_forward_6,733718,No-Synergy,11,0.4020610255,0.4020610255,0.0
uzh_fpv,1,uzh_fpv.load_1,indoor_forward_6,UZH-indoor_forward_6,733718,Random,9,0.4080499111,0.4090033245,-0.0009534134
uzh_fpv,1,uzh_fpv.load_1,indoor_forward_6,UZH-indoor_forward_6,733719,External-Auction,11,0.4157856396,0.4157856396,0.0
uzh_fpv,1,uzh_fpv.load_1,indoor_forward_6,UZH-indoor_forward_6,733719,Greedy,11,0.4157856396,0.4157856396,0.0
uzh_fpv,1,uzh_fpv.load_1,indoor_forward_6,UZH-indoor_forward_6,733719,No-Stability,11,0.4157856396,0.4237743718,-0.0079887322
uzh_fpv,1,uzh_fpv.load_1,indoor_forward_6,UZH-indoor_forward_6,733719,No-Synergy,11,0.4157856396,0.4157856396,0.0
uzh_fpv,1,uzh_fpv.load_1,indoor_forward_6,UZH-indoor_forward_6,733719,Random,7,0.4090714571,0.4208577413,-0.0117862842
uzh_fpv,1,uzh_fpv.load_1,indoor_forward_6,UZH-indoor_forward_6,733720,External-Auction,11,0.3904400435,0.3904400435,0.0
uzh_fpv,1,uzh_fpv.load_1,indoor_forward_6,UZH-indoor_forward_6,733720,Greedy,11,0.3904400435,0.3904400435,0.0
uzh_fpv,1,uzh_fpv.load_1,indoor_forward_6,UZH-indoor_forward_6,733720,No-Stability,11,0.3904400435,0.3911605407,-0.0007204972
uzh_fpv,1,uzh_fpv.load_1,indoor_forward_6,UZH-indoor_forward_6,733720,No-Synergy,11,0.3904400435,0.3904400435,0.0
uzh_fpv,1,uzh_fpv.load_1,indoor_forward_6,UZH-indoor_forward_6,733720,Random,8,0.3767954843,0.3863642581,-0.0095687738
uzh_fpv,1,uzh_fpv.load_1,indoor_forward_6,UZH-indoor_forward_6,733721,External-Auction,11,0.4177297726,0.4177297726,0.0
uzh_fpv,1,uzh_fpv.load_1,indoor_forward_6,UZH-indoor_forward_6,733721,Greedy,11,0.4177297726,0.4177297726,0.0
uzh_fpv,1,uzh_fpv.load_1,indoor_forward_6,UZH-indoor_forward_6,733721,No-Stability,11,0.4177297726,0.4177297726,0.0
uzh_fpv,1,uzh_fpv.load_1,indoor_forward_6,UZH-indoor_forward_6,733721,No-Synergy,11,0.4177297726,0.4177297726,0.0
uzh_fpv,1,uzh_fpv.load_1,indoor_forward_6,UZH-indoor_forward_6,733721,Random,8,0.4280660753,0.4299481433,-0.0018820681
uzh_fpv,1,uzh_fpv.load_1,indoor_forward_6,UZH-indoor_forward_6,733722,External-Auction,11,0.3771725013,0.3771725013,0.0
uzh_fpv,1,uzh_fpv.load_1,indoor_forward_6,UZH-indoor_forward_6,733722,Greedy,11,0.3771725013,0.3771725013,0.0
uzh_fpv,1,uzh_fpv.load_1,indoor_forward_6,UZH-indoor_forward_6,733722,No-Stability,11,0.3771725013,0.3818458603,-0.004673359
uzh_fpv,1,uzh_fpv.load_1,indoor_forward_6,UZH-indoor_forward_6,733722,No-Synergy,11,0.3771725013,0.3771725013,0.0
uzh_fpv,1,uzh_fpv.load_1,indoor_forward_6,UZH-indoor_forward_6,733722,Random,9,0.3715116329,0.4065406807,-0.0350290478
uzh_fpv,1,uzh_fpv.load_1,indoor_forward_6,UZH-indoor_forward_6,733723,External-Auction,10,0.3837676272,0.3837676272,0.0
uzh_fpv,1,uzh_fpv.load_1,indoor_forward_6,UZH-indoor_forward_6,733723,Greedy,10,0.3837676272,0.3837676272,0.0
uzh_fpv,1,uzh_fpv.load_1,indoor_forward_6,UZH-indoor_forward_6,733723,No-Stability,10,0.3837676272,0.3837676272,0.0
uzh_fpv,1,uzh_fpv.load_1,indoor_forward_6,UZH-indoor_forward_6,733723,No-Synergy,10,0.3837676272,0.3837676272,0.0
uzh_fpv,1,uzh_fpv.load_1,indoor_forward_6,UZH-indoor_forward_6,733723,Random,7,0.3875121291,0.3914427891,-0.00393066
uzh_fpv,1,uzh_fpv.load_1,indoor_forward_6,UZH-indoor_forward_6,733724,External-Auction,10,0.39153636,0.39153636,0.0
uzh_fpv,1,uzh_fpv.load_1,indoor_forward_6,UZH-indoor_forward_6,733724,Greedy,10,0.39153636,0.39153636,0.0
uzh_fpv,1,uzh_fpv.load_1,indoor_forward_6,UZH-indoor_forward_6,733724,No-Stability,10,0.39153636,0.39153636,0.0
uzh_fpv,1,uzh_fpv.load_1,indoor_forward_6,UZH-indoor_forward_6,733724,No-Synergy,10,0.39153636,0.39153636,0.0
uzh_fpv,1,uzh_fpv.load_1,indoor_forward_6,UZH-indoor_forward_6,733724,Random,7,0.4003618275,0.3998404519,0.0005213756
uzh_fpv,1,uzh_fpv.load_1,indoor_forward_6,UZH-indoor_forward_6,733725,External-Auction,11,0.4067405957,0.4067405957,0.0
uzh_fpv,1,uzh_fpv.load_1,indoor_forward_6,UZH-indoor_forward_6,733725,Greedy,11,0.4067405957,0.4067405957,0.0
uzh_fpv,1,uzh_fpv.load_1,indoor_forward_6,UZH-indoor_forward_6,733725,No-Stability,11,0.4067405957,0.4138924382,-0.0071518425
uzh_fpv,1,uzh_fpv.load_1,indoor_forward_6,UZH-indoor_forward_6,733725,No-Synergy,11,0.4067405957,0.4067405957,0.0
uzh_fpv,1,uzh_fpv.load_1,indoor_forward_6,UZH-indoor_forward_6,733725,Random,7,0.4070510518,0.4142083531,-0.0071573014
uzh_fpv,1,uzh_fpv.load_1,indoor_forward_6,UZH-indoor_forward_6,733726,External-Auction,11,0.3696579517,0.3696579517,0.0
uzh_fpv,1,uzh_fpv.load_1,indoor_forward_6,UZH-indoor_forward_6,733726,Greedy,11,0.3696579517,0.3696579517,0.0
uzh_fpv,1,uzh_fpv.load_1,indoor_forward_6,UZH-indoor_forward_6,733726,No-Stability,11,0.3696579517,0.4136144148,-0.043956463
uzh_fpv,1,uzh_fpv.load_1,indoor_forward_6,UZH-indoor_forward_6,733726,No-Synergy,11,0.3696579517,0.3696579517,0.0
uzh_fpv,1,uzh_fpv.load_1,indoor_forward_6,UZH-indoor_forward_6,733726,Random,10,0.3719985689,0.4231477406,-0.0511491717
uzh_fpv,1,uzh_fpv.load_1,indoor_forward_6,UZH-indoor_forward_6,733727,External-Auction,11,0.3797873243,0.3797873243,0.0
uzh_fpv,1,uzh_fpv.load_1,indoor_forward_6,UZH-indoor_forward_6,733727,Greedy,11,0.3797873243,0.3797873243,0.0
uzh_fpv,1,uzh_fpv.load_1,indoor_forward_6,UZH-indoor_forward_6,733727,No-Stability,11,0.3797873243,0.3851819759,-0.0053946516
uzh_fpv,1,uzh_fpv.load_1,indoor_forward_6,UZH-indoor_forward_6,733727,No-Synergy,11,0.3797873243,0.3797873243,0.0
uzh_fpv,1,uzh_fpv.load_1,indoor_forward_6,UZH-indoor_forward_6,733727,Random,8,0.3812557871,0.4225493367,-0.0412935496
uzh_fpv,1,uzh_fpv.load_1,indoor_forward_6,UZH-indoor_forward_6,733728,External-Auction,11,0.408198746,0.408198746,0.0
uzh_fpv,1,uzh_fpv.load_1,indoor_forward_6,UZH-indoor_forward_6,733728,Greedy,11,0.408198746,0.408198746,0.0
uzh_fpv,1,uzh_fpv.load_1,indoor_forward_6,UZH-indoor_forward_6,733728,No-Stability,11,0.408198746,0.408198746,0.0
uzh_fpv,1,uzh_fpv.load_1,indoor_forward_6,UZH-indoor_forward_6,733728,No-Synergy,11,0.408198746,0.408198746,0.0
uzh_fpv,1,uzh_fpv.load_1,indoor_forward_6,UZH-indoor_forward_6,733728,Random,9,0.4021184646,0.4023093708,-0.0001909063
uzh_fpv,1,uzh_fpv.load_1,indoor_forward_6,UZH-indoor_forward_6,733729,External-Auction,9,0.403201365,0.403201365,0.0
uzh_fpv,1,uzh_fpv.load_1,indoor_forward_6,UZH-indoor_forward_6,733729,Greedy,9,0.403201365,0.403201365,0.0
uzh_fpv,1,uzh_fpv.load_1,indoor_forward_6,UZH-indoor_forward_6,733729,No-Stability,9,0.403201365,0.403201365,0.0
uzh_fpv,1,uzh_fpv.load_1,indoor_forward_6,UZH-indoor_forward_6,733729,No-Synergy,9,0.403201365,0.403201365,0.0
uzh_fpv,1,uzh_fpv.load_1,indoor_forward_6,UZH-indoor_forward_6,733729,Random,8,0.4014096167,0.4181206379,-0.0167110212
uzh_fpv,1,uzh_fpv.load_1,indoor_forward_7,UZH-indoor_forward_7,733800,External-Auction,11,0.3651221464,0.3651221464,0.0
uzh_fpv,1,uzh_fpv.load_1,indoor_forward_7,UZH-indoor_forward_7,733800,Greedy,11,0.3651221464,0.3651221464,0.0
uzh_fpv,1,uzh_fpv.load_1,indoor_forward_7,UZH-indoor_forward_7,733800,No-Stability,11,0.3651221464,0.4075779653,-0.0424558189
uzh_fpv,1,uzh_fpv.load_1,indoor_forward_7,UZH-indoor_forward_7,733800,No-Synergy,11,0.3651221464,0.3651221464,0.0
uzh_fpv,1,uzh_fpv.load_1,indoor_forward_7,UZH-indoor_forward_7,733800,Random,10,0.3635807345,0.4075348889,-0.0439541544
uzh_fpv,1,uzh_fpv.load_1,indoor_forward_7,UZH-indoor_forward_7,733801,External-Auction,11,0.3844519523,0.3844519523,0.0
uzh_fpv,1,uzh_fpv.load_1,indoor_forward_7,UZH-indoor_forward_7,733801,Greedy,11,0.3844519523,0.3844519523,0.0
uzh_fpv,1,uzh_fpv.load_1,indoor_forward_7,UZH-indoor_forward_7,733801,No-Stability,11,0.3844519523,0.3844519523,0.0
uzh_fpv,1,uzh_fpv.load_1,indoor_forward_7,UZH-indoor_forward_7,733801,No-Synergy,11,0.3844519523,0.3844519523,0.0
uzh_fpv,1,uzh_fpv.load_1,indoor_forward_7,UZH-indoor_forward_7,733801,Random,5,0.388470988,0.4403715811,-0.0519005931
uzh_fpv,1,uzh_fpv.load_1,indoor_forward_7,UZH-indoor_forward_7,733802,External-Auction,6,0.3748426234,0.3748426234,0.0
uzh_fpv,1,uzh_fpv.load_1,indoor_forward_7,UZH-indoor_forward_7,733802,Greedy,6,0.3748426234,0.3748426234,0.0
uzh_fpv,1,uzh_fpv.load_1,indoor_forward_7,UZH-indoor_forward_7,733802,No-Stability,6,0.3748426234,0.3748426234,0.0
uzh_fpv,1,uzh_fpv.load_1,indoor_forward_7,UZH-indoor_forward_7,733802,No-Synergy,6,0.3748426234,0.3748426234,0.0
uzh_fpv,1,uzh_fpv.load_1,indoor_forward_7,UZH-indoor_forward_7,733802,Random,4,0.3746565954,0.381278796,-0.0066222006
uzh_fpv,1,uzh_fpv.load_1,indoor_forward_7,UZH-indoor_forward_7,733803,External-Auction,11,0.3779437856,0.3779437856,0.0
uzh_fpv,1,uzh_fpv.load_1,indoor_forward_7,UZH-indoor_forward_7,733803,Greedy,11,0.3779437856,0.3779437856,0.0
uzh_fpv,1,uzh_fpv.load_1,indoor_forward_7,UZH-indoor_forward_7,733803,No-Stability,11,0.3779437856,0.3779437856,0.0
uzh_fpv,1,uzh_fpv.load_1,indoor_forward_7,UZH-indoor_forward_7,733803,No-Synergy,11,0.3779437856,0.3779437856,0.0
uzh_fpv,1,uzh_fpv.load_1,indoor_forward_7,UZH-indoor_forward_7,733803,Random,10,0.3766383536,0.3932365496,-0.016598196
uzh_fpv,1,uzh_fpv.load_1,indoor_forward_7,UZH-indoor_forward_7,733804,External-Auction,11,0.4071243162,0.4071243162,0.0
uzh_fpv,1,uzh_fpv.load_1,indoor_forward_7,UZH-indoor_forward_7,733804,Greedy,11,0.4071243162,0.4071243162,0.0
uzh_fpv,1,uzh_fpv.load_1,indoor_forward_7,UZH-indoor_forward_7,733804,No-Stability,11,0.4071243162,0.4071243162,0.0
uzh_fpv,1,uzh_fpv.load_1,indoor_forward_7,UZH-indoor_forward_7,733804,No-Synergy,11,0.4071243162,0.4071243162,0.0
uzh_fpv,1,uzh_fpv.load_1,indoor_forward_7,UZH-indoor_forward_7,733804,Random,5,0.3968612489,0.3957115015,0.0011497474
uzh_fpv,1,uzh_fpv.load_1,indoor_forward_7,UZH-indoor_forward_7,733805,External-Auction,11,0.4068364563,0.4068364563,0.0
uzh_fpv,1,uzh_fpv.load_1,indoor_forward_7,UZH-indoor_forward_7,733805,Greedy,11,0.4068364563,0.4068364563,0.0
uzh_fpv,1,uzh_fpv.load_1,indoor_forward_7,UZH-indoor_forward_7,733805,No-Stability,11,0.4068364563,0.4068364563,0.0
uzh_fpv,1,uzh_fpv.load_1,indoor_forward_7,UZH-indoor_forward_7,733805,No-Synergy,11,0.4068364563,0.4068364563,0.0
uzh_fpv,1,uzh_fpv.load_1,indoor_forward_7,UZH-indoor_forward_7,733805,Random,8,0.4110919037,0.413422903,-0.0023309992
uzh_fpv,1,uzh_fpv.load_1,indoor_forward_7,UZH-indoor_forward_7,733806,External-Auction,11,0.3770245587,0.3770245587,0.0
uzh_fpv,1,uzh_fpv.load_1,indoor_forward_7,UZH-indoor_forward_7,733806,Greedy,11,0.3770245587,0.3770245587,0.0
uzh_fpv,1,uzh_fpv.load_1,indoor_forward_7,UZH-indoor_forward_7,733806,No-Stability,11,0.3770245587,0.3819991425,-0.0049745838
uzh_fpv,1,uzh_fpv.load_1,indoor_forward_7,UZH-indoor_forward_7,733806,No-Synergy,11,0.3770245587,0.3770245587,0.0
uzh_fpv,1,uzh_fpv.load_1,indoor_forward_7,UZH-indoor_forward_7,733806,Random,7,0.3796783208,0.4057181978,-0.026039877
uzh_fpv,1,uzh_fpv.load_1,indoor_forward_7,UZH-indoor_forward_7,733807,External-Auction,6,0.4134059648,0.4134059648,0.0
uzh_fpv,1,uzh_fpv.load_1,indoor_forward_7,UZH-indoor_forward_7,733807,Greedy,6,0.4134059648,0.4134059648,0.0
uzh_fpv,1,uzh_fpv.load_1,indoor_forward_7,UZH-indoor_forward_7,733807,No-Stability,6,0.4134059648,0.4134059648,0.0
uzh_fpv,1,uzh_fpv.load_1,indoor_forward_7,UZH-indoor_forward_7,733807,No-Synergy,6,0.4134059648,0.4134059648,0.0
uzh_fpv,1,uzh_fpv.load_1,indoor_forward_7,UZH-indoor_forward_7,733807,Random,5,0.4166888677,0.406277678,0.0104111897
uzh_fpv,1,uzh_fpv.load_1,indoor_forward_7,UZH-indoor_forward_7,733808,External-Auction,11,0.3860598438,0.3860598438,0.0
uzh_fpv,1,uzh_fpv.load_1,indoor_forward_7,UZH-indoor_forward_7,733808,Greedy,11,0.3860598438,0.3860598438,0.0
uzh_fpv,1,uzh_fpv.load_1,indoor_forward_7,UZH-indoor_forward_7,733808,No-Stability,11,0.3860598438,0.4048207312,-0.0187608874
uzh_fpv,1,uzh_fpv.load_1,indoor_forward_7,UZH-indoor_forward_7,733808,No-Synergy,11,0.3860598438,0.3860598438,0.0
uzh_fpv,1,uzh_fpv.load_1,indoor_forward_7,UZH-indoor_forward_7,733808,Random,10,0.3876333811,0.4088256121,-0.021192231
uzh_fpv,1,uzh_fpv.load_1,indoor_forward_7,UZH-indoor_forward_7,733809,External-Auction,11,0.3776321377,0.3776321377,0.0
uzh_fpv,1,uzh_fpv.load_1,indoor_forward_7,UZH-indoor_forward_7,733809,Greedy,11,0.3776321377,0.3776321377,0.0
uzh_fpv,1,uzh_fpv.load_1,indoor_forward_7,UZH-indoor_forward_7,733809,No-Stability,11,0.3776321377,0.3776321377,0.0
uzh_fpv,1,uzh_fpv.load_1,indoor_forward_7,UZH-indoor_forward_7,733809,No-Synergy,11,0.3776321377,0.3776321377,0.0
uzh_fpv,1,uzh_fpv.load_1,indoor_forward_7,UZH-indoor_forward_7,733809,Random,7,0.3840506332,0.3863637824,-0.0023131492
uzh_fpv,1,uzh_fpv.load_1,indoor_forward_7,UZH-indoor_forward_7,733810,External-Auction,11,0.377721393,0.377721393,0.0
uzh_fpv,1,uzh_fpv.load_1,indoor_forward_7,UZH-indoor_forward_7,733810,Greedy,11,0.377721393,0.377721393,0.0
uzh_fpv,1,uzh_fpv.load_1,indoor_forward_7,UZH-indoor_forward_7,733810,No-Stability,11,0.377721393,0.377721393,0.0
uzh_fpv,1,uzh_fpv.load_1,indoor_forward_7,UZH-indoor_forward_7,733810,No-Synergy,11,0.377721393,0.377721393,0.0
uzh_fpv,1,uzh_fpv.load_1,indoor_forward_7,UZH-indoor_forward_7,733810,Random,9,0.3767684142,0.4019728255,-0.0252044113
uzh_fpv,1,uzh_fpv.load_1,indoor_forward_7,UZH-indoor_forward_7,733811,External-Auction,8,0.3766507841,0.3766507841,0.0
uzh_fpv,1,uzh_fpv.load_1,indoor_forward_7,UZH-indoor_forward_7,733811,Greedy,8,0.3766507841,0.3766507841,0.0
uzh_fpv,1,uzh_fpv.load_1,indoor_forward_7,UZH-indoor_forward_7,733811,No-Stability,8,0.3766507841,0.3766507841,0.0
uzh_fpv,1,uzh_fpv.load_1,indoor_forward_7,UZH-indoor_forward_7,733811,No-Synergy,8,0.3766507841,0.3766507841,0.0
uzh_fpv,1,uzh_fpv.load_1,indoor_forward_7,UZH-indoor_forward_7,733811,Random,6,0.3770377969,0.3967127068,-0.0196749099
uzh_fpv,1,uzh_fpv.load_1,indoor_forward_7,UZH-indoor_forward_7,733812,External-Auction,11,0.3890353115,0.3890353115,0.0
uzh_fpv,1,uzh_fpv.load_1,indoor_forward_7,UZH-indoor_forward_7,733812,Greedy,11,0.3890353115,0.3890353115,0.0
uzh_fpv,1,uzh_fpv.load_1,indoor_forward_7,UZH-indoor_forward_7,733812,No-Stability,11,0.3890353115,0.3890353115,0.0
uzh_fpv,1,uzh_fpv.load_1,indoor_forward_7,UZH-indoor_forward_7,733812,No-Synergy,11,0.3890353115,0.3890353115,0.0
uzh_fpv,1,uzh_fpv.load_1,indoor_forward_7,UZH-indoor_forward_7,733812,Random,7,0.392649999,0.3995650425,-0.0069150435
uzh_fpv,1,uzh_fpv.load_1,indoor_forward_7,UZH-indoor_forward_7,733813,External-Auction,11,0.4050458984,0.4050458984,0.0
uzh_fpv,1,uzh_fpv.load_1,indoor_forward_7,UZH-indoor_forward_7,733813,Greedy,11,0.4050458984,0.4050458984,0.0
uzh_fpv,1,uzh_fpv.load_1,indoor_forward_7,UZH-indoor_forward_7,733813,No-Stability,11,0.4050458984,0.4088010342,-0.0037551358
uzh_fpv,1,uzh_fpv.load_1,indoor_forward_7,UZH-indoor_forward_7,733813,No-Synergy,11,0.4050458984,0.4050458984,0.0
uzh_fpv,1,uzh_fpv.load_1,indoor_forward_7,UZH-indoor_forward_7,733813,Random,8,0.4040436528,0.420056337,-0.0160126842
uzh_fpv,1,uzh_fpv.load_1,indoor_forward_7,UZH-indoor_forward_7,733814,External-Auction,11,0.401887847,0.401887847,0.0
uzh_fpv,1,uzh_fpv.load_1,indoor_forward_7,UZH-indoor_forward_7,733814,Greedy,11,0.401887847,0.401887847,0.0
uzh_fpv,1,uzh_fpv.load_1,indoor_forward_7,UZH-indoor_forward_7,733814,No-Stability,11,0.401887847,0.4052166316,-0.0033287845
uzh_fpv,1,uzh_fpv.load_1,indoor_forward_7,UZH-indoor_forward_7,733814,No-Synergy,11,0.401887847,0.401887847,0.0
uzh_fpv,1,uzh_fpv.load_1,indoor_forward_7,UZH-indoor_forward_7,733814,Random,7,0.3985054496,0.4180796718,-0.0195742222
uzh_fpv,1,uzh_fpv.load_1,indoor_forward_7,UZH-indoor_forward_7,733815,External-Auction,11,0.3577951045,0.3577951045,0.0
uzh_fpv,1,uzh_fpv.load_1,indoor_forward_7,UZH-indoor_forward_7,733815,Greedy,11,0.3577951045,0.3577951045,0.0
uzh_fpv,1,uzh_fpv.load_1,indoor_forward_7,UZH-indoor_forward_7,733815,No-Stability,11,0.3577951045,0.3593933338,-0.0015982294
uzh_fpv,1,uzh_fpv.load_1,indoor_forward_7,UZH-indoor_forward_7,733815,No-Synergy,11,0.3577951045,0.3577951045,0.0
uzh_fpv,1,uzh_fpv.load_1,indoor_forward_7,UZH-indoor_forward_7,733815,Random,10,0.3574789968,0.4194377249,-0.0619587281
uzh_fpv,1,uzh_fpv.load_1,indoor_forward_7,UZH-indoor_forward_7,733816,External-Auction,11,0.3737430367,0.3737430367,0.0
uzh_fpv,1,uzh_fpv.load_1,indoor_forward_7,UZH-indoor_forward_7,733816,Greedy,11,0.3737430367,0.3737430367,0.0
uzh_fpv,1,uzh_fpv.load_1,indoor_forward_7,UZH-indoor_forward_7,733816,No-Stability,11,0.3737430367,0.3858727533,-0.0121297166
uzh_fpv,1,uzh_fpv.load_1,indoor_forward_7,UZH-indoor_forward_7,733816,No-Synergy,11,0.3737430367,0.3737430367,0.0
uzh_fpv,1,uzh_fpv.load_1,indoor_forward_7,UZH-indoor_forward_7,733816,Random,9,0.373546827,0.3942731165,-0.0207262895
uzh_fpv,1,uzh_fpv.load_1,indoor_forward_7,UZH-indoor_forward_7,733817,External-Auction,11,0.3834633706,0.3834633706,0.0
uzh_fpv,1,uzh_fpv.load_1,indoor_forward_7,UZH-indoor_forward_7,733817,Greedy,11,0.3834633706,0.3834633706,0.0
uzh_fpv,1,uzh_fpv.load_1,indoor_forward_7,UZH-indoor_forward_7,733817,No-Stability,11,0.3834633706,0.3834633706,0.0
uzh_fpv,1,uzh_fpv.load_1,indoor_forward_7,UZH-indoor_forward_7,733817,No-Synergy,11,0.3834633706,0.3834633706,0.0
uzh_fpv,1,uzh_fpv.load_1,indoor_forward_7,UZH-indoor_forward_7,733817,Random,8,0.3829032773,0.4257027606,-0.0427994833
uzh_fpv,1,uzh_fpv.load_1,indoor_forward_7,UZH-indoor_forward_7,733818,External-Auction,11,0.4121712707,0.4121712707,0.0
uzh_fpv,1,uzh_fpv.load_1,indoor_forward_7,UZH-indoor_forward_7,733818,Greedy,11,0.4121712707,0.4121712707,0.0
uzh_fpv,1,uzh_fpv.load_1,indoor_forward_7,UZH-indoor_forward_7,733818,No-Stability,11,0.4121712707,0.4121712707,0.0
uzh_fpv,1,uzh_fpv.load_1,indoor_forward_7,UZH-indoor_forward_7,733818,No-Synergy,11,0.4121712707,0.4121712707,0.0
uzh_fpv,1,uzh_fpv.load_1,indoor_forward_7,UZH-indoor_forward_7,733818,Random,9,0.4105298182,0.4157684941,-0.0052386759
uzh_fpv,1,uzh_fpv.load_1,indoor_forward_7,UZH-indoor_forward_7,733819,External-Auction,10,0.3976206214,0.3976206214,0.0
uzh_fpv,1,uzh_fpv.load_1,indoor_forward_7,UZH-indoor_forward_7,733819,Greedy,10,0.3976206214,0.3976206214,0.0
uzh_fpv,1,uzh_fpv.load_1,indoor_forward_7,UZH-indoor_forward_7,733819,No-Stability,10,0.3976206214,0.4050684711,-0.0074478497
uzh_fpv,1,uzh_fpv.load_1,indoor_forward_7,UZH-indoor_forward_7,733819,No-Synergy,10,0.3976206214,0.3976206214,0.0
uzh_fpv,1,uzh_fpv.load_1,indoor_forward_7,UZH-indoor_forward_7,733819,Random,9,0.3955959077,0.4101405383,-0.0145446307
uzh_fpv,1,uzh_fpv.load_1,indoor_forward_7,UZH-indoor_forward_7,733820,External-Auction,11,0.3890913681,0.3890913681,0.0
uzh_fpv,1,uzh_fpv.load_1,indoor_forward_7,UZH-indoor_forward_7,733820,Greedy,11,0.3890913681,0.3890913681,0.0
uzh_fpv,1,uzh_fpv.load_1,indoor_forward_7,UZH-indoor_forward_7,733820,No-Stability,11,0.3890913681,0.3890913681,0.0
uzh_fpv,1,uzh_fpv.load_1,indoor_forward_7,UZH-indoor_forward_7,733820,No-Synergy,11,0.3890913681,0.3890913681,0.0
uzh_fpv,1,uzh_fpv.load_1,indoor_forward_7,UZH-indoor_forward_7,733820,Random,9,0.3910987714,0.3841700647,0.0069287067
uzh_fpv,1,uzh_fpv.load_1,indoor_forward_7,UZH-indoor_forward_7,733821,External-Auction,9,0.3779006695,0.3779006695,0.0
uzh_fpv,1,uzh_fpv.load_1,indoor_forward_7,UZH-indoor_forward_7,733821,Greedy,9,0.3779006695,0.3779006695,0.0
uzh_fpv,1,uzh_fpv.load_1,indoor_forward_7,UZH-indoor_forward_7,733821,No-Stability,9,0.3779006695,0.3783781219,-0.0004774524
uzh_fpv,1,uzh_fpv.load_1,indoor_forward_7,UZH-indoor_forward_7,733821,No-Synergy,9,0.3779006695,0.3779006695,0.0
uzh_fpv,1,uzh_fpv.load_1,indoor_forward_7,UZH-indoor_forward_7,733821,Random,8,0.3797406918,0.4060336038,-0.026292912
uzh_fpv,1,uzh_fpv.load_1,indoor_forward_7,UZH-indoor_forward_7,733822,External-Auction,11,0.3763349708,0.3763349708,0.0
uzh_fpv,1,uzh_fpv.load_1,indoor_forward_7,UZH-indoor_forward_7,733822,Greedy,11,0.3763349708,0.3763349708,0.0
uzh_fpv,1,uzh_fpv.load_1,indoor_forward_7,UZH-indoor_forward_7,733822,No-Stability,11,0.3763349708,0.3763349708,0.0
uzh_fpv,1,uzh_fpv.load_1,indoor_forward_7,UZH-indoor_forward_7,733822,No-Synergy,11,0.3763349708,0.3763349708,0.0
uzh_fpv,1,uzh_fpv.load_1,indoor_forward_7,UZH-indoor_forward_7,733822,Random,7,0.373387301,0.417339465,-0.043952164
uzh_fpv,1,uzh_fpv.load_1,indoor_forward_7,UZH-indoor_forward_7,733823,External-Auction,9,0.3729951034,0.3729951034,0.0
uzh_fpv,1,uzh_fpv.load_1,indoor_forward_7,UZH-indoor_forward_7,733823,Greedy,9,0.3729951034,0.3729951034,0.0
uzh_fpv,1,uzh_fpv.load_1,indoor_forward_7,UZH-indoor_forward_7,733823,No-Stability,9,0.3729951034,0.4062003595,-0.0332052561
uzh_fpv,1,uzh_fpv.load_1,indoor_forward_7,UZH-indoor_forward_7,733823,No-Synergy,9,0.3729951034,0.3729951034,0.0
uzh_fpv,1,uzh_fpv.load_1,indoor_forward_7,UZH-indoor_forward_7,733823,Random,8,0.3715477571,0.4009682418,-0.0294204847
uzh_fpv,1,uzh_fpv.load_1,indoor_forward_7,UZH-indoor_forward_7,733824,External-Auction,11,0.3703554979,0.3703554979,0.0
uzh_fpv,1,uzh_fpv.load_1,indoor_forward_7,UZH-indoor_forward_7,733824,Greedy,11,0.3703554979,0.3703554979,0.0
uzh_fpv,1,uzh_fpv.load_1,indoor_forward_7,UZH-indoor_forward_7,733824,No-Stability,11,0.3703554979,0.3974006683,-0.0270451704
uzh_fpv,1,uzh_fpv.load_1,indoor_forward_7,UZH-indoor_forward_7,733824,No-Synergy,11,0.3703554979,0.3703554979,0.0
uzh_fpv,1,uzh_fpv.load_1,indoor_forward_7,UZH-indoor_forward_7,733824,Random,6,0.3707021464,0.4022973182,-0.0315951718
uzh_fpv,1,uzh_fpv.load_1,indoor_forward_7,UZH-indoor_forward_7,733825,External-Auction,11,0.364115357,0.364115357,0.0
uzh_fpv,1,uzh_fpv.load_1,indoor_forward_7,UZH-indoor_forward_7,733825,Greedy,11,0.364115357,0.364115357,0.0
uzh_fpv,1,uzh_fpv.load_1,indoor_forward_7,UZH-indoor_forward_7,733825,No-Stability,11,0.364115357,0.3700535604,-0.0059382034
uzh_fpv,1,uzh_fpv.load_1,indoor_forward_7,UZH-indoor_forward_7,733825,No-Synergy,11,0.364115357,0.364115357,0.0
uzh_fpv,1,uzh_fpv.load_1,indoor_forward_7,UZH-indoor_forward_7,733825,Random,6,0.3567555676,0.3802774254,-0.0235218578
uzh_fpv,1,uzh_fpv.load_1,indoor_forward_7,UZH-indoor_forward_7,733826,External-Auction,11,0.3810637579,0.3810637579,0.0
uzh_fpv,1,uzh_fpv.load_1,indoor_forward_7,UZH-indoor_forward_7,733826,Greedy,11,0.3810637579,0.3810637579,0.0
uzh_fpv,1,uzh_fpv.load_1,indoor_forward_7,UZH-indoor_forward_7,733826,No-Stability,11,0.3810637579,0.3810637579,0.0
uzh_fpv,1,uzh_fpv.load_1,indoor_forward_7,UZH-indoor_forward_7,733826,No-Synergy,11,0.3810637579,0.3810637579,0.0
uzh_fpv,1,uzh_fpv.load_1,indoor_forward_7,UZH-indoor_forward_7,733826,Random,9,0.3801351271,0.3748759198,0.0052592073
uzh_fpv,1,uzh_fpv.load_1,indoor_forward_7,UZH-indoor_forward_7,733827,External-Auction,11,0.379779401,0.379779401,0.0
uzh_fpv,1,uzh_fpv.load_1,indoor_forward_7,UZH-indoor_forward_7,733827,Greedy,11,0.379779401,0.379779401,0.0
uzh_fpv,1,uzh_fpv.load_1,indoor_forward_7,UZH-indoor_forward_7,733827,No-Stability,11,0.379779401,0.3956302146,-0.0158508136
uzh_fpv,1,uzh_fpv.load_1,indoor_forward_7,UZH-indoor_forward_7,733827,No-Synergy,11,0.379779401,0.379779401,0.0
uzh_fpv,1,uzh_fpv.load_1,indoor_forward_7,UZH-indoor_forward_7,733827,Random,8,0.3816758446,0.393467056,-0.0117912114
uzh_fpv,1,uzh_fpv.load_1,indoor_forward_7,UZH-indoor_forward_7,733828,External-Auction,11,0.3957222124,0.3957222124,0.0
uzh_fpv,1,uzh_fpv.load_1,indoor_forward_7,UZH-indoor_forward_7,733828,Greedy,11,0.3957222124,0.3957222124,0.0
uzh_fpv,1,uzh_fpv.load_1,indoor_forward_7,UZH-indoor_forward_7,733828,No-Stability,11,0.3957222124,0.3957222124,0.0
uzh_fpv,1,uzh_fpv.load_1,indoor_forward_7,UZH-indoor_forward_7,733828,No-Synergy,11,0.3957222124,0.3957222124,0.0
uzh_fpv,1,uzh_fpv.load_1,indoor_forward_7,UZH-indoor_forward_7,733828,Random,7,0.3969873939,0.3955716695,0.0014157244
uzh_fpv,1,uzh_fpv.load_1,indoor_forward_7,UZH-indoor_forward_7,733829,External-Auction,10,0.4006227702,0.4006227702,0.0
uzh_fpv,1,uzh_fpv.load_1,indoor_forward_7,UZH-indoor_forward_7,733829,Greedy,10,0.4006227702,0.4006227702,0.0
uzh_fpv,1,uzh_fpv.load_1,indoor_forward_7,UZH-indoor_forward_7,733829,No-Stability,10,0.4006227702,0.4012826292,-0.000659859
uzh_fpv,1,uzh_fpv.load_1,indoor_forward_7,UZH-indoor_forward_7,733829,No-Synergy,10,0.4006227702,0.4006227702,0.0
uzh_fpv,1,uzh_fpv.load_1,indoor_forward_7,UZH-indoor_forward_7,733829,Random,9,0.4009267522,0.4042927414,-0.0033659893
uzh_fpv,1,uzh_fpv.load_1,indoor_forward_9,UZH-indoor_forward_9,733900,External-Auction,11,0.4080142319,0.4080142319,0.0
uzh_fpv,1,uzh_fpv.load_1,indoor_forward_9,UZH-indoor_forward_9,733900,Greedy,11,0.4080142319,0.4080142319,0.0
uzh_fpv,1,uzh_fpv.load_1,indoor_forward_9,UZH-indoor_forward_9,733900,No-Stability,11,0.4080142319,0.4080142319,0.0
uzh_fpv,1,uzh_fpv.load_1,indoor_forward_9,UZH-indoor_forward_9,733900,No-Synergy,11,0.4080142319,0.4080142319,0.0
uzh_fpv,1,uzh_fpv.load_1,indoor_forward_9,UZH-indoor_forward_9,733900,Random,6,0.4169277831,0.3998605028,0.0170672803
uzh_fpv,1,uzh_fpv.load_1,indoor_forward_9,UZH-indoor_forward_9,733901,External-Auction,11,0.3631474668,0.3631474668,0.0
uzh_fpv,1,uzh_fpv.load_1,indoor_forward_9,UZH-indoor_forward_9,733901,Greedy,11,0.3631474668,0.3631474668,0.0
uzh_fpv,1,uzh_fpv.load_1,indoor_forward_9,UZH-indoor_forward_9,733901,No-Stability,11,0.3631474668,0.3772243841,-0.0140769172
uzh_fpv,1,uzh_fpv.load_1,indoor_forward_9,UZH-indoor_forward_9,733901,No-Synergy,11,0.3631474668,0.3631474668,0.0
uzh_fpv,1,uzh_fpv.load_1,indoor_forward_9,UZH-indoor_forward_9,733901,Random,9,0.3619772285,0.3832576655,-0.0212804369
uzh_fpv,1,uzh_fpv.load_1,indoor_forward_9,UZH-indoor_forward_9,733902,External-Auction,11,0.3935105675,0.3935105675,0.0
uzh_fpv,1,uzh_fpv.load_1,indoor_forward_9,UZH-indoor_forward_9,733902,Greedy,11,0.3935105675,0.3935105675,0.0
uzh_fpv,1,uzh_fpv.load_1,indoor_forward_9,UZH-indoor_forward_9,733902,No-Stability,11,0.3935105675,0.4003819084,-0.0068713409
uzh_fpv,1,uzh_fpv.load_1,indoor_forward_9,UZH-indoor_forward_9,733902,No-Synergy,11,0.3935105675,0.3935105675,0.0
uzh_fpv,1,uzh_fpv.load_1,indoor_forward_9,UZH-indoor_forward_9,733902,Random,8,0.3941970175,0.4000265468,-0.0058295293
uzh_fpv,1,uzh_fpv.load_1,indoor_forward_9,UZH-indoor_forward_9,733903,External-Auction,11,0.3864156912,0.3864156912,0.0
uzh_fpv,1,uzh_fpv.load_1,indoor_forward_9,UZH-indoor_forward_9,733903,Greedy,11,0.3864156912,0.3864156912,0.0
uzh_fpv,1,uzh_fpv.load_1,indoor_forward_9,UZH-indoor_forward_9,733903,No-Stability,11,0.3864156912,0.3877051754,-0.0012894842
uzh_fpv,1,uzh_fpv.load_1,indoor_forward_9,UZH-indoor_forward_9,733903,No-Synergy,11,0.3864156912,0.3864156912,0.0
uzh_fpv,1,uzh_fpv.load_1,indoor_forward_9,UZH-indoor_forward_9,733903,Random,9,0.3876296656,0.3974503229,-0.0098206573
uzh_fpv,1,uzh_fpv.load_1,indoor_forward_9,UZH-indoor_forward_9,733904,External-Auction,11,0.3929615476,0.3929615476,0.0
uzh_fpv,1,uzh_fpv.load_1,indoor_forward_9,UZH-indoor_forward_9,733904,Greedy,11,0.3929615476,0.3929615476,0.0
uzh_fpv,1,uzh_fpv.load_1,indoor_forward_9,UZH-indoor_forward_9,733904,No-Stability,11,0.3929615476,0.3934672026,-0.0005056551
uzh_fpv,1,uzh_fpv.load_1,indoor_forward_9,UZH-indoor_forward_9,733904,No-Synergy,11,0.3929615476,0.3929615476,0.0
uzh_fpv,1,uzh_fpv.load_1,indoor_forward_9,UZH-indoor_forward_9,733904,Random,8,0.3876926881,0.3971990021,-0.009506314
uzh_fpv,1,uzh_fpv.load_1,indoor_forward_9,UZH-indoor_forward_9,733905,External-Auction,10,0.3966940885,0.3972074512,-0.0005133626
uzh_fpv,1,uzh_fpv.load_1,indoor_forward_9,UZH-indoor_forward_9,733905,Greedy,10,0.3966940885,0.3966940885,0.0
uzh_fpv,1,uzh_fpv.load_1,indoor_forward_9,UZH-indoor_forward_9,733905,No-Stability,10,0.3966940885,0.3986262902,-0.0019322017
uzh_fpv,1,uzh_fpv.load_1,indoor_forward_9,UZH-indoor_forward_9,733905,No-Synergy,10,0.3966940885,0.3966940885,0.0
uzh_fpv,1,uzh_fpv.load_1,indoor_forward_9,UZH-indoor_forward_9,733905,Random,8,0.3948319407,0.3975542421,-0.0027223014
uzh_fpv,1,uzh_fpv.load_1,indoor_forward_9,UZH-indoor_forward_9,733906,External-Auction,11,0.4051758675,0.4051758675,0.0
uzh_fpv,1,uzh_fpv.load_1,indoor_forward_9,UZH-indoor_forward_9,733906,Greedy,11,0.4051758675,0.4051758675,0.0
uzh_fpv,1,uzh_fpv.load_1,indoor_forward_9,UZH-indoor_forward_9,733906,No-Stability,11,0.4051758675,0.4051758675,0.0
uzh_fpv,1,uzh_fpv.load_1,indoor_forward_9,UZH-indoor_forward_9,733906,No-Synergy,11,0.4051758675,0.4051758675,0.0
uzh_fpv,1,uzh_fpv.load_1,indoor_forward_9,UZH-indoor_forward_9,733906,Random,7,0.4120555938,0.4306122589,-0.0185566651
uzh_fpv,1,uzh_fpv.load_1,indoor_forward_9,UZH-indoor_forward_9,733907,External-Auction,11,0.3748789511,0.3748789511,0.0
uzh_fpv,1,uzh_fpv.load_1,indoor_forward_9,UZH-indoor_forward_9,733907,Greedy,11,0.3748789511,0.3748789511,0.0
uzh_fpv,1,uzh_fpv.load_1,indoor_forward_9,UZH-indoor_forward_9,733907,No-Stability,11,0.3748789511,0.4086484181,-0.0337694669
uzh_fpv,1,uzh_fpv.load_1,indoor_forward_9,UZH-indoor_forward_9,733907,No-Synergy,11,0.3748789511,0.3748789511,0.0
uzh_fpv,1,uzh_fpv.load_1,indoor_forward_9,UZH-indoor_forward_9,733907,Random,6,0.377934248,0.4010430227,-0.0231087747
uzh_fpv,1,uzh_fpv.load_1,indoor_forward_9,UZH-indoor_forward_9,733908,External-Auction,7,0.3517520291,0.3517520291,0.0
uzh_fpv,1,uzh_fpv.load_1,indoor_forward_9,UZH-indoor_forward_9,733908,Greedy,7,0.3517520291,0.3517520291,0.0
uzh_fpv,1,uzh_fpv.load_1,indoor_forward_9,UZH-indoor_forward_9,733908,No-Stability,7,0.3517520291,0.3928863277,-0.0411342986
uzh_fpv,1,uzh_fpv.load_1,indoor_forward_9,UZH-indoor_forward_9,733908,No-Synergy,7,0.3517520291,0.3517520291,0.0
uzh_fpv,1,uzh_fpv.load_1,indoor_forward_9,UZH-indoor_forward_9,733908,Random,6,0.3525811085,0.3769538748,-0.0243727664
uzh_fpv,1,uzh_fpv.load_1,indoor_forward_9,UZH-indoor_forward_9,733909,External-Auction,11,0.355835493,0.355835493,0.0
uzh_fpv,1,uzh_fpv.load_1,indoor_forward_9,UZH-indoor_forward_9,733909,Greedy,11,0.355835493,0.355835493,0.0
uzh_fpv,1,uzh_fpv.load_1,indoor_forward_9,UZH-indoor_forward_9,733909,No-Stability,11,0.355835493,0.380276217,-0.024440724
uzh_fpv,1,uzh_fpv.load_1,indoor_forward_9,UZH-indoor_forward_9,733909,No-Synergy,11,0.355835493,0.355835493,0.0
uzh_fpv,1,uzh_fpv.load_1,indoor_forward_9,UZH-indoor_forward_9,733909,Random,10,0.3557552733,0.3845461889,-0.0287909155
uzh_fpv,1,uzh_fpv.load_1,indoor_forward_9,UZH-indoor_forward_9,733910,External-Auction,11,0.3579855657,0.3579855657,0.0
uzh_fpv,1,uzh_fpv.load_1,indoor_forward_9,UZH-indoor_forward_9,733910,Greedy,11,0.3579855657,0.3579855657,0.0
uzh_fpv,1,uzh_fpv.load_1,indoor_forward_9,UZH-indoor_forward_9,733910,No-Stability,11,0.3579855657,0.3875105925,-0.0295250268
uzh_fpv,1,uzh_fpv.load_1,indoor_forward_9,UZH-indoor_forward_9,733910,No-Synergy,11,0.3579855657,0.3579855657,0.0
uzh_fpv,1,uzh_fpv.load_1,indoor_forward_9,UZH-indoor_forward_9,733910,Random,7,0.3646115628,0.4192627971,-0.0546512343
uzh_fpv,1,uzh_fpv.load_1,indoor_forward_9,UZH-indoor_forward_9,733911,External-Auction,11,0.3692961151,0.3692961151,0.0
uzh_fpv,1,uzh_fpv.load_1,indoor_forward_9,UZH-indoor_forward_9,733911,Greedy,11,0.3692961151,0.3692961151,0.0
uzh_fpv,1,uzh_fpv.load_1,indoor_forward_9,UZH-indoor_forward_9,733911,No-Stability,11,0.3692961151,0.3934357151,-0.0241395999
uzh_fpv,1,uzh_fpv.load_1,indoor_forward_9,UZH-indoor_forward_9,733911,No-Synergy,11,0.3692961151,0.3692961151,0.0
uzh_fpv,1,uzh_fpv.load_1,indoor_forward_9,UZH-indoor_forward_9,733911,Random,9,0.3672993337,0.4027803926,-0.0354810589
uzh_fpv,1,uzh_fpv.load_1,indoor_forward_9,UZH-indoor_forward_9,733912,External-Auction,11,0.4034028801,0.4034028801,0.0
uzh_fpv,1,uzh_fpv.load_1,indoor_forward_9,UZH-indoor_forward_9,733912,Greedy,11,0.4034028801,0.4034028801,0.0
uzh_fpv,1,uzh_fpv.load_1,indoor_forward_9,UZH-indoor_forward_9,733912,No-Stability,11,0.4034028801,0.4034028801,0.0
uzh_fpv,1,uzh_fpv.load_1,indoor_forward_9,UZH-indoor_forward_9,733912,No-Synergy,11,0.4034028801,0.4034028801,0.0
uzh_fpv,1,uzh_fpv.load_1,indoor_forward_9,UZH-indoor_forward_9,733912,Random,8,0.4028485875,0.3981737671,0.0046748204
uzh_fpv,1,uzh_fpv.load_1,indoor_forward_9,UZH-indoor_forward_9,733913,External-Auction,11,0.3640435354,0.3640435354,0.0
uzh_fpv,1,uzh_fpv.load_1,indoor_forward_9,UZH-indoor_forward_9,733913,Greedy,11,0.3640435354,0.3640435354,0.0
uzh_fpv,1,uzh_fpv.load_1,indoor_forward_9,UZH-indoor_forward_9,733913,No-Stability,11,0.3640435354,0.3707281652,-0.0066846298
uzh_fpv,1,uzh_fpv.load_1,indoor_forward_9,UZH-indoor_forward_9,733913,No-Synergy,11,0.3640435354,0.3640435354,0.0
uzh_fpv,1,uzh_fpv.load_1,indoor_forward_9,UZH-indoor_forward_9,733913,Random,6,0.3612759283,0.3994068699,-0.0381309417
uzh_fpv,1,uzh_fpv.load_1,indoor_forward_9,UZH-indoor_forward_9,733914,External-Auction,11,0.4062220403,0.4062220403,0.0
uzh_fpv,1,uzh_fpv.load_1,indoor_forward_9,UZH-indoor_forward_9,733914,Greedy,11,0.4062220403,0.4062220403,0.0
uzh_fpv,1,uzh_fpv.load_1,indoor_forward_9,UZH-indoor_forward_9,733914,No-Stability,11,0.4062220403,0.4062220403,0.0
uzh_fpv,1,uzh_fpv.load_1,indoor_forward_9,UZH-indoor_forward_9,733914,No-Synergy,11,0.4062220403,0.4062220403,0.0
uzh_fpv,1,uzh_fpv.load_1,indoor_forward_9,UZH-indoor_forward_9,733914,Random,10,0.4034010707,0.4218619084,-0.0184608377
uzh_fpv,1,uzh_fpv.load_1,indoor_forward_9,UZH-indoor_forward_9,733915,External-Auction,10,0.3969613391,0.3969613391,0.0
uzh_fpv,1,uzh_fpv.load_1,indoor_forward_9,UZH-indoor_forward_9,733915,Greedy,10,0.3969613391,0.3969613391,0.0
uzh_fpv,1,uzh_fpv.load_1,indoor_forward_9,UZH-indoor_forward_9,733915,No-Stability,10,0.3969613391,0.3969613391,0.0
uzh_fpv,1,uzh_fpv.load_1,indoor_forward_9,UZH-indoor_forward_9,733915,No-Synergy,10,0.3969613391,0.3969613391,0.0
uzh_fpv,1,uzh_fpv.load_1,indoor_forward_9,UZH-indoor_forward_9,733915,Random,7,0.3995056076,0.4062517,-0.0067460924
uzh_fpv,1,uzh_fpv.load_1,indoor_forward_9,UZH-indoor_forward_9,733916,External-Auction,11,0.3902452158,0.3902452158,0.0
uzh_fpv,1,uzh_fpv.load_1,indoor_forward_9,UZH-indoor_forward_9,733916,Greedy,11,0.3902452158,0.3902452158,0.0
uzh_fpv,1,uzh_fpv.load_1,indoor_forward_9,UZH-indoor_forward_9,733916,No-Stability,11,0.3902452158,0.3902452158,0.0
uzh_fpv,1,uzh_fpv.load_1,indoor_forward_9,UZH-indoor_forward_9,733916,No-Synergy,11,0.3902452158,0.3902452158,0.0
uzh_fpv,1,uzh_fpv.load_1,indoor_forward_9,UZH-indoor_forward_9,733916,Random,9,0.3886052927,0.4240174943,-0.0354122016
uzh_fpv,1,uzh_fpv.load_1,indoor_forward_9,UZH-indoor_forward_9,733917,External-Auction,10,0.3828790829,0.3828790829,0.0
uzh_fpv,1,uzh_fpv.load_1,indoor_forward_9,UZH-indoor_forward_9,733917,Greedy,10,0.3828790829,0.3828790829,0.0
uzh_fpv,1,uzh_fpv.load_1,indoor_forward_9,UZH-indoor_forward_9,733917,No-Stability,10,0.3828790829,0.3924845238,-0.0096054409
uzh_fpv,1,uzh_fpv.load_1,indoor_forward_9,UZH-indoor_forward_9,733917,No-Synergy,10,0.3828790829,0.3828790829,0.0
uzh_fpv,1,uzh_fpv.load_1,indoor_forward_9,UZH-indoor_forward_9,733917,Random,9,0.3800180757,0.3892272624,-0.0092091867
uzh_fpv,1,uzh_fpv.load_1,indoor_forward_9,UZH-indoor_forward_9,733918,External-Auction,11,0.3796632737,0.3796632737,0.0
uzh_fpv,1,uzh_fpv.load_1,indoor_forward_9,UZH-indoor_forward_9,733918,Greedy,11,0.3796632737,0.3796632737,0.0
uzh_fpv,1,uzh_fpv.load_1,indoor_forward_9,UZH-indoor_forward_9,733918,No-Stability,11,0.3796632737,0.3837613568,-0.0040980832
uzh_fpv,1,uzh_fpv.load_1,indoor_forward_9,UZH-indoor_forward_9,733918,No-Synergy,11,0.3796632737,0.3796632737,0.0
uzh_fpv,1,uzh_fpv.load_1,indoor_forward_9,UZH-indoor_forward_9,733918,Random,9,0.3821124917,0.4097047187,-0.027592227
uzh_fpv,1,uzh_fpv.load_1,indoor_forward_9,UZH-indoor_forward_9,733919,External-Auction,11,0.3868100338,0.3868100338,0.0
uzh_fpv,1,uzh_fpv.load_1,indoor_forward_9,UZH-indoor_forward_9,733919,Greedy,11,0.3868100338,0.3868100338,0.0
uzh_fpv,1,uzh_fpv.load_1,indoor_forward_9,UZH-indoor_forward_9,733919,No-Stability,11,0.3868100338,0.3868100338,0.0
uzh_fpv,1,uzh_fpv.load_1,indoor_forward_9,UZH-indoor_forward_9,733919,No-Synergy,11,0.3868100338,0.3868100338,0.0
uzh_fpv,1,uzh_fpv.load_1,indoor_forward_9,UZH-indoor_forward_9,733919,Random,9,0.38896526,0.3899690369,-0.0010037769
uzh_fpv,1,uzh_fpv.load_1,indoor_forward_9,UZH-indoor_forward_9,733920,External-Auction,11,0.3600889763,0.3600889763,0.0
uzh_fpv,1,uzh_fpv.load_1,indoor_forward_9,UZH-indoor_forward_9,733920,Greedy,11,0.3600889763,0.3600889763,0.0
uzh_fpv,1,uzh_fpv.load_1,indoor_forward_9,UZH-indoor_forward_9,733920,No-Stability,11,0.3600889763,0.375024428,-0.0149354517
uzh_fpv,1,uzh_fpv.load_1,indoor_forward_9,UZH-indoor_forward_9,733920,No-Synergy,11,0.3600889763,0.3600889763,0.0
uzh_fpv,1,uzh_fpv.load_1,indoor_forward_9,UZH-indoor_forward_9,733920,Random,7,0.3560459432,0.4028010388,-0.0467550956
uzh_fpv,1,uzh_fpv.load_1,indoor_forward_9,UZH-indoor_forward_9,733921,External-Auction,11,0.404803881,0.404803881,0.0
uzh_fpv,1,uzh_fpv.load_1,indoor_forward_9,UZH-indoor_forward_9,733921,Greedy,11,0.404803881,0.404803881,0.0
uzh_fpv,1,uzh_fpv.load_1,indoor_forward_9,UZH-indoor_forward_9,733921,No-Stability,11,0.404803881,0.404803881,0.0
uzh_fpv,1,uzh_fpv.load_1,indoor_forward_9,UZH-indoor_forward_9,733921,No-Synergy,11,0.404803881,0.404803881,0.0
uzh_fpv,1,uzh_fpv.load_1,indoor_forward_9,UZH-indoor_forward_9,733921,Random,8,0.4042476634,0.4000339568,0.0042137066
uzh_fpv,1,uzh_fpv.load_1,indoor_forward_9,UZH-indoor_forward_9,733922,External-Auction,10,0.3876916881,0.3956916342,-0.0079999461
uzh_fpv,1,uzh_fpv.load_1,indoor_forward_9,UZH-indoor_forward_9,733922,Greedy,10,0.3876916881,0.3876916881,0.0
uzh_fpv,1,uzh_fpv.load_1,indoor_forward_9,UZH-indoor_forward_9,733922,No-Stability,10,0.3876916881,0.4070102597,-0.0193185716
uzh_fpv,1,uzh_fpv.load_1,indoor_forward_9,UZH-indoor_forward_9,733922,No-Synergy,10,0.3876916881,0.3876916881,0.0
uzh_fpv,1,uzh_fpv.load_1,indoor_forward_9,UZH-indoor_forward_9,733922,Random,5,0.3817217433,0.3969649173,-0.015243174
uzh_fpv,1,uzh_fpv.load_1,indoor_forward_9,UZH-indoor_forward_9,733923,External-Auction,11,0.3913884113,0.3913884113,0.0
uzh_fpv,1,uzh_fpv.load_1,indoor_forward_9,UZH-indoor_forward_9,733923,Greedy,11,0.3913884113,0.3913884113,0.0
uzh_fpv,1,uzh_fpv.load_1,indoor_forward_9,UZH-indoor_forward_9,733923,No-Stability,11,0.3913884113,0.3913884113,0.0
uzh_fpv,1,uzh_fpv.load_1,indoor_forward_9,UZH-indoor_forward_9,733923,No-Synergy,11,0.3913884113,0.3913884113,0.0
uzh_fpv,1,uzh_fpv.load_1,indoor_forward_9,UZH-indoor_forward_9,733923,Random,8,0.3953822287,0.399795829,-0.0044136003
uzh_fpv,1,uzh_fpv.load_1,indoor_forward_9,UZH-indoor_forward_9,733924,External-Auction,11,0.3892292849,0.3892292849,0.0
uzh_fpv,1,uzh_fpv.load_1,indoor_forward_9,UZH-indoor_forward_9,733924,Greedy,11,0.3892292849,0.3892292849,0.0
uzh_fpv,1,uzh_fpv.load_1,indoor_forward_9,UZH-indoor_forward_9,733924,No-Stability,11,0.3892292849,0.4049561643,-0.0157268794
uzh_fpv,1,uzh_fpv.load_1,indoor_forward_9,UZH-indoor_forward_9,733924,No-Synergy,11,0.3892292849,0.3892292849,0.0
uzh_fpv,1,uzh_fpv.load_1,indoor_forward_9,UZH-indoor_forward_9,733924,Random,9,0.387310848,0.3899217763,-0.0026109282
uzh_fpv,1,uzh_fpv.load_1,indoor_forward_9,UZH-indoor_forward_9,733925,External-Auction,11,0.4080535707,0.4080535707,0.0
uzh_fpv,1,uzh_fpv.load_1,indoor_forward_9,UZH-indoor_forward_9,733925,Greedy,11,0.4080535707,0.4080535707,0.0
uzh_fpv,1,uzh_fpv.load_1,indoor_forward_9,UZH-indoor_forward_9,733925,No-Stability,11,0.4080535707,0.4080535707,0.0
uzh_fpv,1,uzh_fpv.load_1,indoor_forward_9,UZH-indoor_forward_9,733925,No-Synergy,11,0.4080535707,0.4080535707,0.0
uzh_fpv,1,uzh_fpv.load_1,indoor_forward_9,UZH-indoor_forward_9,733925,Random,8,0.4072115845,0.3913310317,0.0158805528
uzh_fpv,1,uzh_fpv.load_1,indoor_forward_9,UZH-indoor_forward_9,733926,External-Auction,11,0.3731157821,0.3731157821,0.0
uzh_fpv,1,uzh_fpv.load_1,indoor_forward_9,UZH-indoor_forward_9,733926,Greedy,11,0.3731157821,0.3731157821,0.0
uzh_fpv,1,uzh_fpv.load_1,indoor_forward_9,UZH-indoor_forward_9,733926,No-Stability,11,0.3731157821,0.3778600445,-0.0047442625
uzh_fpv,1,uzh_fpv.load_1,indoor_forward_9,UZH-indoor_forward_9,733926,No-Synergy,11,0.3731157821,0.3731157821,0.0
uzh_fpv,1,uzh_fpv.load_1,indoor_forward_9,UZH-indoor_forward_9,733926,Random,10,0.3742201788,0.3877738047,-0.0135536259
uzh_fpv,1,uzh_fpv.load_1,indoor_forward_9,UZH-indoor_forward_9,733927,External-Auction,11,0.3686305055,0.3686305055,0.0
uzh_fpv,1,uzh_fpv.load_1,indoor_forward_9,UZH-indoor_forward_9,733927,Greedy,11,0.3686305055,0.3686305055,0.0
uzh_fpv,1,uzh_fpv.load_1,indoor_forward_9,UZH-indoor_forward_9,733927,No-Stability,11,0.3686305055,0.37228213,-0.0036516245
uzh_fpv,1,uzh_fpv.load_1,indoor_forward_9,UZH-indoor_forward_9,733927,No-Synergy,11,0.3686305055,0.3686305055,0.0
uzh_fpv,1,uzh_fpv.load_1,indoor_forward_9,UZH-indoor_forward_9,733927,Random,7,0.3749891509,0.411713724,-0.0367245731
uzh_fpv,1,uzh_fpv.load_1,indoor_forward_9,UZH-indoor_forward_9,733928,External-Auction,11,0.4010351789,0.4010351789,0.0
uzh_fpv,1,uzh_fpv.load_1,indoor_forward_9,UZH-indoor_forward_9,733928,Greedy,11,0.4010351789,0.4010351789,0.0
uzh_fpv,1,uzh_fpv.load_1,indoor_forward_9,UZH-indoor_forward_9,733928,No-Stability,11,0.4010351789,0.4010351789,0.0
uzh_fpv,1,uzh_fpv.load_1,indoor_forward_9,UZH-indoor_forward_9,733928,No-Synergy,11,0.4010351789,0.4010351789,0.0
uzh_fpv,1,uzh_fpv.load_1,indoor_forward_9,UZH-indoor_forward_9,733928,Random,6,0.3977356088,0.397539139,0.0001964698
uzh_fpv,1,uzh_fpv.load_1,indoor_forward_9,UZH-indoor_forward_9,733929,External-Auction,11,0.3952546854,0.3952546854,0.0
uzh_fpv,1,uzh_fpv.load_1,indoor_forward_9,UZH-indoor_forward_9,733929,Greedy,11,0.3952546854,0.3952546854,0.0
uzh_fpv,1,uzh_fpv.load_1,indoor_forward_9,UZH-indoor_forward_9,733929,No-Stability,11,0.3952546854,0.3911452193,0.0041094661
uzh_fpv,1,uzh_fpv.load_1,indoor_forward_9,UZH-indoor_forward_9,733929,No-Synergy,11,0.3952546854,0.3952546854,0.0
uzh_fpv,1,uzh_fpv.load_1,indoor_forward_9,UZH-indoor_forward_9,733929,Random,8,0.3972070656,0.4148101005,-0.0176030349
uzh_fpv,1,uzh_fpv.load_1,outdoor_45_1,UZH-outdoor_45_1,734000,External-Auction,11,0.4543593435,0.4543593435,0.0
uzh_fpv,1,uzh_fpv.load_1,outdoor_45_1,UZH-outdoor_45_1,734000,Greedy,11,0.4543593435,0.4543593435,0.0
uzh_fpv,1,uzh_fpv.load_1,outdoor_45_1,UZH-outdoor_45_1,734000,No-Stability,11,0.4543593435,0.4443930379,0.0099663056
uzh_fpv,1,uzh_fpv.load_1,outdoor_45_1,UZH-outdoor_45_1,734000,No-Synergy,11,0.4543593435,0.4543593435,0.0
uzh_fpv,1,uzh_fpv.load_1,outdoor_45_1,UZH-outdoor_45_1,734000,Random,7,0.4808733726,0.476217303,0.0046560697
uzh_fpv,1,uzh_fpv.load_1,outdoor_45_1,UZH-outdoor_45_1,734001,External-Auction,10,0.4103081274,0.4103081274,0.0
uzh_fpv,1,uzh_fpv.load_1,outdoor_45_1,UZH-outdoor_45_1,734001,Greedy,10,0.4103081274,0.4103081274,0.0
uzh_fpv,1,uzh_fpv.load_1,outdoor_45_1,UZH-outdoor_45_1,734001,No-Stability,10,0.4103081274,0.4245483563,-0.014240229
uzh_fpv,1,uzh_fpv.load_1,outdoor_45_1,UZH-outdoor_45_1,734001,No-Synergy,10,0.4103081274,0.4103081274,0.0
uzh_fpv,1,uzh_fpv.load_1,outdoor_45_1,UZH-outdoor_45_1,734001,Random,8,0.4133747849,0.4399298271,-0.0265550422
uzh_fpv,1,uzh_fpv.load_1,outdoor_45_1,UZH-outdoor_45_1,734002,External-Auction,11,0.4585077989,0.4585077989,0.0
uzh_fpv,1,uzh_fpv.load_1,outdoor_45_1,UZH-outdoor_45_1,734002,Greedy,11,0.4585077989,0.4585077989,0.0
uzh_fpv,1,uzh_fpv.load_1,outdoor_45_1,UZH-outdoor_45_1,734002,No-Stability,11,0.4585077989,0.4692216668,-0.0107138679
uzh_fpv,1,uzh_fpv.load_1,outdoor_45_1,UZH-outdoor_45_1,734002,No-Synergy,11,0.4585077989,0.4585077989,0.0
uzh_fpv,1,uzh_fpv.load_1,outdoor_45_1,UZH-outdoor_45_1,734002,Random,9,0.4317686631,0.4423481922,-0.0105795291
uzh_fpv,1,uzh_fpv.load_1,outdoor_45_1,UZH-outdoor_45_1,734003,External-Auction,11,0.4163949919,0.4163949919,0.0
uzh_fpv,1,uzh_fpv.load_1,outdoor_45_1,UZH-outdoor_45_1,734003,Greedy,11,0.4163949919,0.4163949919,0.0
uzh_fpv,1,uzh_fpv.load_1,outdoor_45_1,UZH-outdoor_45_1,734003,No-Stability,11,0.4163949919,0.4406042639,-0.0242092721
uzh_fpv,1,uzh_fpv.load_1,outdoor_45_1,UZH-outdoor_45_1,734003,No-Synergy,11,0.4163949919,0.4163949919,0.0
uzh_fpv,1,uzh_fpv.load_1,outdoor_45_1,UZH-outdoor_45_1,734003,Random,6,0.4322175801,0.4845373431,-0.052319763
uzh_fpv,1,uzh_fpv.load_1,outdoor_45_1,UZH-outdoor_45_1,734004,External-Auction,11,0.4702717349,0.4702717349,0.0
uzh_fpv,1,uzh_fpv.load_1,outdoor_45_1,UZH-outdoor_45_1,734004,Greedy,11,0.4702717349,0.4702717349,0.0
uzh_fpv,1,uzh_fpv.load_1,outdoor_45_1,UZH-outdoor_45_1,734004,No-Stability,11,0.4702717349,0.4702717349,0.0
uzh_fpv,1,uzh_fpv.load_1,outdoor_45_1,UZH-outdoor_45_1,734004,No-Synergy,11,0.4702717349,0.4702717349,0.0
uzh_fpv,1,uzh_fpv.load_1,outdoor_45_1,UZH-outdoor_45_1,734004,Random,6,0.4775536398,0.4791659082,-0.0016122684
uzh_fpv,1,uzh_fpv.load_1,outdoor_45_1,UZH-outdoor_45_1,734005,External-Auction,11,0.4491903498,0.4491903498,0.0
uzh_fpv,1,uzh_fpv.load_1,outdoor_45_1,UZH-outdoor_45_1,734005,Greedy,11,0.4491903498,0.4491903498,0.0
uzh_fpv,1,uzh_fpv.load_1,outdoor_45_1,UZH-outdoor_45_1,734005,No-Stability,11,0.4491903498,0.4540879952,-0.0048976454
uzh_fpv,1,uzh_fpv.load_1,outdoor_45_1,UZH-outdoor_45_1,734005,No-Synergy,11,0.4491903498,0.4491903498,0.0
uzh_fpv,1,uzh_fpv.load_1,outdoor_45_1,UZH-outdoor_45_1,734005,Random,7,0.4666525366,0.4733544868,-0.0067019502
uzh_fpv,1,uzh_fpv.load_1,outdoor_45_1,UZH-outdoor_45_1,734006,External-Auction,11,0.4299946271,0.4299946271,0.0
uzh_fpv,1,uzh_fpv.load_1,outdoor_45_1,UZH-outdoor_45_1,734006,Greedy,11,0.4299946271,0.4299946271,0.0
uzh_fpv,1,uzh_fpv.load_1,outdoor_45_1,UZH-outdoor_45_1,734006,No-Stability,11,0.4299946271,0.4374215134,-0.0074268862
uzh_fpv,1,uzh_fpv.load_1,outdoor_45_1,UZH-outdoor_45_1,734006,No-Synergy,11,0.4299946271,0.4299946271,0.0
uzh_fpv,1,uzh_fpv.load_1,outdoor_45_1,UZH-outdoor_45_1,734006,Random,9,0.4209620452,0.4254841621,-0.0045221168
uzh_fpv,1,uzh_fpv.load_1,outdoor_45_1,UZH-outdoor_45_1,734007,External-Auction,8,0.4336808582,0.4336808582,0.0
uzh_fpv,1,uzh_fpv.load_1,outdoor_45_1,UZH-outdoor_45_1,734007,Greedy,8,0.4336808582,0.4336808582,0.0
uzh_fpv,1,uzh_fpv.load_1,outdoor_45_1,UZH-outdoor_45_1,734007,No-Stability,8,0.4336808582,0.4516113782,-0.01793052
uzh_fpv,1,uzh_fpv.load_1,outdoor_45_1,UZH-outdoor_45_1,734007,No-Synergy,8,0.4336808582,0.4336808582,0.0
uzh_fpv,1,uzh_fpv.load_1,outdoor_45_1,UZH-outdoor_45_1,734007,Random,6,0.439060933,0.4458757109,-0.0068147779
uzh_fpv,1,uzh_fpv.load_1,outdoor_45_1,UZH-outdoor_45_1,734008,External-Auction,11,0.46555767,0.46555767,0.0
uzh_fpv,1,uzh_fpv.load_1,outdoor_45_1,UZH-outdoor_45_1,734008,Greedy,11,0.46555767,0.46555767,0.0
uzh_fpv,1,uzh_fpv.load_1,outdoor_45_1,UZH-outdoor_45_1,734008,No-Stability,11,0.46555767,0.4684900922,-0.0029324222
uzh_fpv,1,uzh_fpv.load_1,outdoor_45_1,UZH-outdoor_45_1,734008,No-Synergy,11,0.46555767,0.46555767,0.0
uzh_fpv,1,uzh_fpv.load_1,outdoor_45_1,UZH-outdoor_45_1,734008,Random,10,0.4622250925,0.4684044313,-0.0061793389
uzh_fpv,1,uzh_fpv.load_1,outdoor_45_1,UZH-outdoor_45_1,734009,External-Auction,11,0.4181307765,0.4181307765,0.0
uzh_fpv,1,uzh_fpv.load_1,outdoor_45_1,UZH-outdoor_45_1,734009,Greedy,11,0.4181307765,0.4181307765,0.0
uzh_fpv,1,uzh_fpv.load_1,outdoor_45_1,UZH-outdoor_45_1,734009,No-Stability,11,0.4181307765,0.4615140251,-0.0433832486
uzh_fpv,1,uzh_fpv.load_1,outdoor_45_1,UZH-outdoor_45_1,734009,No-Synergy,11,0.4181307765,0.4181307765,0.0
uzh_fpv,1,uzh_fpv.load_1,outdoor_45_1,UZH-outdoor_45_1,734009,Random,6,0.449812,0.500825804,-0.051013804
uzh_fpv,1,uzh_fpv.load_1,outdoor_45_1,UZH-outdoor_45_1,734010,External-Auction,8,0.4159525691,0.4159525691,0.0
uzh_fpv,1,uzh_fpv.load_1,outdoor_45_1,UZH-outdoor_45_1,734010,Greedy,8,0.4159525691,0.4159525691,0.0
uzh_fpv,1,uzh_fpv.load_1,outdoor_45_1,UZH-outdoor_45_1,734010,No-Stability,8,0.4159525691,0.4271216564,-0.0111690872
uzh_fpv,1,uzh_fpv.load_1,outdoor_45_1,UZH-outdoor_45_1,734010,No-Synergy,8,0.4159525691,0.4159525691,0.0
uzh_fpv,1,uzh_fpv.load_1,outdoor_45_1,UZH-outdoor_45_1,734010,Random,5,0.4288533912,0.4235436873,0.0053097038
uzh_fpv,1,uzh_fpv.load_1,outdoor_45_1,UZH-outdoor_45_1,734011,External-Auction,11,0.446008784,0.446008784,0.0
uzh_fpv,1,uzh_fpv.load_1,outdoor_45_1,UZH-outdoor_45_1,734011,Greedy,11,0.446008784,0.446008784,0.0
uzh_fpv,1,uzh_fpv.load_1,outdoor_45_1,UZH-outdoor_45_1,734011,No-Stability,11,0.446008784,0.4715031939,-0.0254944099
uzh_fpv,1,uzh_fpv.load_1,outdoor_45_1,UZH-outdoor_45_1,734011,No-Synergy,11,0.446008784,0.446008784,0.0
uzh_fpv,1,uzh_fpv.load_1,outdoor_45_1,UZH-outdoor_45_1,734011,Random,7,0.458954775,0.5077472737,-0.0487924987
uzh_fpv,1,uzh_fpv.load_1,outdoor_45_1,UZH-outdoor_45_1,734012,External-Auction,11,0.4624594438,0.4624594438,0.0
uzh_fpv,1,uzh_fpv.load_1,outdoor_45_1,UZH-outdoor_45_1,734012,Greedy,11,0.4624594438,0.4624594438,0.0
uzh_fpv,1,uzh_fpv.load_1,outdoor_45_1,UZH-outdoor_45_1,734012,No-Stability,11,0.4624594438,0.456376661,0.0060827827
uzh_fpv,1,uzh_fpv.load_1,outdoor_45_1,UZH-outdoor_45_1,734012,No-Synergy,11,0.4624594438,0.4624594438,0.0
uzh_fpv,1,uzh_fpv.load_1,outdoor_45_1,UZH-outdoor_45_1,734012,Random,10,0.4478653093,0.4488676748,-0.0010023655
uzh_fpv,1,uzh_fpv.load_1,outdoor_45_1,UZH-outdoor_45_1,734013,External-Auction,11,0.445976671,0.445976671,0.0
uzh_fpv,1,uzh_fpv.load_1,outdoor_45_1,UZH-outdoor_45_1,734013,Greedy,11,0.445976671,0.445976671,0.0
uzh_fpv,1,uzh_fpv.load_1,outdoor_45_1,UZH-outdoor_45_1,734013,No-Stability,11,0.445976671,0.467039114,-0.021062443
uzh_fpv,1,uzh_fpv.load_1,outdoor_45_1,UZH-outdoor_45_1,734013,No-Synergy,11,0.445976671,0.445976671,0.0
uzh_fpv,1,uzh_fpv.load_1,outdoor_45_1,UZH-outdoor_45_1,734013,Random,8,0.4345039647,0.4520295784,-0.0175256136
uzh_fpv,1,uzh_fpv.load_1,outdoor_45_1,UZH-outdoor_45_1,734014,External-Auction,9,0.3979844918,0.4031002063,-0.0051157145
uzh_fpv,1,uzh_fpv.load_1,outdoor_45_1,UZH-outdoor_45_1,734014,Greedy,9,0.3979844918,0.3979844918,0.0
uzh_fpv,1,uzh_fpv.load_1,outdoor_45_1,UZH-outdoor_45_1,734014,No-Stability,9,0.3979844918,0.4387453515,-0.0407608597
uzh_fpv,1,uzh_fpv.load_1,outdoor_45_1,UZH-outdoor_45_1,734014,No-Synergy,9,0.3979844918,0.3979844918,0.0
uzh_fpv,1,uzh_fpv.load_1,outdoor_45_1,UZH-outdoor_45_1,734014,Random,6,0.3919770572,0.4340630763,-0.0420860191
uzh_fpv,1,uzh_fpv.load_1,outdoor_45_1,UZH-outdoor_45_1,734015,External-Auction,11,0.4187104337,0.4187104337,0.0
uzh_fpv,1,uzh_fpv.load_1,outdoor_45_1,UZH-outdoor_45_1,734015,Greedy,11,0.4187104337,0.4187104337,0.0
uzh_fpv,1,uzh_fpv.load_1,outdoor_45_1,UZH-outdoor_45_1,734015,No-Stability,11,0.4187104337,0.4437488218,-0.025038388
uzh_fpv,1,uzh_fpv.load_1,outdoor_45_1,UZH-outdoor_45_1,734015,No-Synergy,11,0.4187104337,0.4187104337,0.0
uzh_fpv,1,uzh_fpv.load_1,outdoor_45_1,UZH-outdoor_45_1,734015,Random,10,0.4054969153,0.4526507754,-0.0471538602
uzh_fpv,1,uzh_fpv.load_1,outdoor_45_1,UZH-outdoor_45_1,734016,External-Auction,10,0.414766925,0.414766925,0.0
uzh_fpv,1,uzh_fpv.load_1,outdoor_45_1,UZH-outdoor_45_1,734016,Greedy,10,0.414766925,0.414766925,0.0
uzh_fpv,1,uzh_fpv.load_1,outdoor_45_1,UZH-outdoor_45_1,734016,No-Stability,10,0.414766925,0.4568817433,-0.0421148183
uzh_fpv,1,uzh_fpv.load_1,outdoor_45_1,UZH-outdoor_45_1,734016,No-Synergy,10,0.414766925,0.414766925,0.0
uzh_fpv,1,uzh_fpv.load_1,outdoor_45_1,UZH-outdoor_45_1,734016,Random,7,0.4185882119,0.4507463976,-0.0321581857
uzh_fpv,1,uzh_fpv.load_1,outdoor_45_1,UZH-outdoor_45_1,734017,External-Auction,11,0.433552792,0.433552792,0.0
uzh_fpv,1,uzh_fpv.load_1,outdoor_45_1,UZH-outdoor_45_1,734017,Greedy,11,0.433552792,0.433552792,0.0
uzh_fpv,1,uzh_fpv.load_1,outdoor_45_1,UZH-outdoor_45_1,734017,No-Stability,11,0.433552792,0.4523478815,-0.0187950895
uzh_fpv,1,uzh_fpv.load_1,outdoor_45_1,UZH-outdoor_45_1,734017,No-Synergy,11,0.433552792,0.433552792,0.0
uzh_fpv,1,uzh_fpv.load_1,outdoor_45_1,UZH-outdoor_45_1,734017,Random,7,0.4115375519,0.4288421903,-0.0173046384
uzh_fpv,1,uzh_fpv.load_1,outdoor_45_1,UZH-outdoor_45_1,734018,External-Auction,11,0.4333098344,0.4333098344,0.0
uzh_fpv,1,uzh_fpv.load_1,outdoor_45_1,UZH-outdoor_45_1,734018,Greedy,11,0.4333098344,0.4333098344,0.0
uzh_fpv,1,uzh_fpv.load_1,outdoor_45_1,UZH-outdoor_45_1,734018,No-Stability,11,0.4333098344,0.4458586778,-0.0125488434
uzh_fpv,1,uzh_fpv.load_1,outdoor_45_1,UZH-outdoor_45_1,734018,No-Synergy,11,0.4333098344,0.4333098344,0.0
uzh_fpv,1,uzh_fpv.load_1,outdoor_45_1,UZH-outdoor_45_1,734018,Random,9,0.4313897298,0.4534897087,-0.0220999788
uzh_fpv,1,uzh_fpv.load_1,outdoor_45_1,UZH-outdoor_45_1,734019,External-Auction,11,0.4415151441,0.4415151441,0.0
uzh_fpv,1,uzh_fpv.load_1,outdoor_45_1,UZH-outdoor_45_1,734019,Greedy,11,0.4415151441,0.4415151441,0.0
uzh_fpv,1,uzh_fpv.load_1,outdoor_45_1,UZH-outdoor_45_1,734019,No-Stability,11,0.4415151441,0.4591776957,-0.0176625516
uzh_fpv,1,uzh_fpv.load_1,outdoor_45_1,UZH-outdoor_45_1,734019,No-Synergy,11,0.4415151441,0.4415151441,0.0
uzh_fpv,1,uzh_fpv.load_1,outdoor_45_1,UZH-outdoor_45_1,734019,Random,10,0.4275819626,0.4440068363,-0.0164248737
uzh_fpv,1,uzh_fpv.load_1,outdoor_45_1,UZH-outdoor_45_1,734020,External-Auction,11,0.4214969725,0.4214969725,0.0
uzh_fpv,1,uzh_fpv.load_1,outdoor_45_1,UZH-outdoor_45_1,734020,Greedy,11,0.4214969725,0.4214969725,0.0
uzh_fpv,1,uzh_fpv.load_1,outdoor_45_1,UZH-outdoor_45_1,734020,No-Stability,11,0.4214969725,0.4563050081,-0.0348080356
uzh_fpv,1,uzh_fpv.load_1,outdoor_45_1,UZH-outdoor_45_1,734020,No-Synergy,11,0.4214969725,0.4214969725,0.0
uzh_fpv,1,uzh_fpv.load_1,outdoor_45_1,UZH-outdoor_45_1,734020,Random,9,0.4361330829,0.471692158,-0.0355590751
uzh_fpv,1,uzh_fpv.load_1,outdoor_45_1,UZH-outdoor_45_1,734021,External-Auction,11,0.4222924105,0.4222924105,0.0
uzh_fpv,1,uzh_fpv.load_1,outdoor_45_1,UZH-outdoor_45_1,734021,Greedy,11,0.4222924105,0.4222924105,0.0
uzh_fpv,1,uzh_fpv.load_1,outdoor_45_1,UZH-outdoor_45_1,734021,No-Stability,11,0.4222924105,0.4550587988,-0.0327663883
uzh_fpv,1,uzh_fpv.load_1,outdoor_45_1,UZH-outdoor_45_1,734021,No-Synergy,11,0.4222924105,0.4222924105,0.0
uzh_fpv,1,uzh_fpv.load_1,outdoor_45_1,UZH-outdoor_45_1,734021,Random,8,0.4095511629,0.4817716992,-0.0722205364
uzh_fpv,1,uzh_fpv.load_1,outdoor_45_1,UZH-outdoor_45_1,734022,External-Auction,11,0.4557171393,0.4557171393,0.0
uzh_fpv,1,uzh_fpv.load_1,outdoor_45_1,UZH-outdoor_45_1,734022,Greedy,11,0.4557171393,0.4557171393,0.0
uzh_fpv,1,uzh_fpv.load_1,outdoor_45_1,UZH-outdoor_45_1,734022,No-Stability,11,0.4557171393,0.4594339056,-0.0037167663
uzh_fpv,1,uzh_fpv.load_1,outdoor_45_1,UZH-outdoor_45_1,734022,No-Synergy,11,0.4557171393,0.4557171393,0.0
uzh_fpv,1,uzh_fpv.load_1,outdoor_45_1,UZH-outdoor_45_1,734022,Random,10,0.4662122132,0.4761872339,-0.0099750207
uzh_fpv,1,uzh_fpv.load_1,outdoor_45_1,UZH-outdoor_45_1,734023,External-Auction,11,0.4536983757,0.4536983757,0.0
uzh_fpv,1,uzh_fpv.load_1,outdoor_45_1,UZH-outdoor_45_1,734023,Greedy,11,0.4536983757,0.4536983757,0.0
uzh_fpv,1,uzh_fpv.load_1,outdoor_45_1,UZH-outdoor_45_1,734023,No-Stability,11,0.4536983757,0.4536983757,0.0
uzh_fpv,1,uzh_fpv.load_1,outdoor_45_1,UZH-outdoor_45_1,734023,No-Synergy,11,0.4536983757,0.4536983757,0.0
uzh_fpv,1,uzh_fpv.load_1,outdoor_45_1,UZH-outdoor_45_1,734023,Random,8,0.4723642549,0.4672974743,0.0050667806
uzh_fpv,1,uzh_fpv.load_1,outdoor_45_1,UZH-outdoor_45_1,734024,External-Auction,11,0.41267944,0.41267944,0.0
uzh_fpv,1,uzh_fpv.load_1,outdoor_45_1,UZH-outdoor_45_1,734024,Greedy,11,0.41267944,0.41267944,0.0
uzh_fpv,1,uzh_fpv.load_1,outdoor_45_1,UZH-outdoor_45_1,734024,No-Stability,11,0.41267944,0.4508906375,-0.0382111975
uzh_fpv,1,uzh_fpv.load_1,outdoor_45_1,UZH-outdoor_45_1,734024,No-Synergy,11,0.41267944,0.41267944,0.0
uzh_fpv,1,uzh_fpv.load_1,outdoor_45_1,UZH-outdoor_45_1,734024,Random,9,0.4270095237,0.469205908,-0.0421963843
uzh_fpv,1,uzh_fpv.load_1,outdoor_45_1,UZH-outdoor_45_1,734025,External-Auction,11,0.4344402687,0.4344402687,0.0
uzh_fpv,1,uzh_fpv.load_1,outdoor_45_1,UZH-outdoor_45_1,734025,Greedy,11,0.4344402687,0.4344402687,0.0
uzh_fpv,1,uzh_fpv.load_1,outdoor_45_1,UZH-outdoor_45_1,734025,No-Stability,11,0.4344402687,0.4603321926,-0.0258919239
uzh_fpv,1,uzh_fpv.load_1,outdoor_45_1,UZH-outdoor_45_1,734025,No-Synergy,11,0.4344402687,0.4344402687,0.0
uzh_fpv,1,uzh_fpv.load_1,outdoor_45_1,UZH-outdoor_45_1,734025,Random,6,0.4313268152,0.4396568904,-0.0083300752
uzh_fpv,1,uzh_fpv.load_1,outdoor_45_1,UZH-outdoor_45_1,734026,External-Auction,10,0.439972615,0.439972615,0.0
uzh_fpv,1,uzh_fpv.load_1,outdoor_45_1,UZH-outdoor_45_1,734026,Greedy,10,0.439972615,0.439972615,0.0
uzh_fpv,1,uzh_fpv.load_1,outdoor_45_1,UZH-outdoor_45_1,734026,No-Stability,10,0.439972615,0.4474218578,-0.0074492428
uzh_fpv,1,uzh_fpv.load_1,outdoor_45_1,UZH-outdoor_45_1,734026,No-Synergy,10,0.439972615,0.439972615,0.0
uzh_fpv,1,uzh_fpv.load_1,outdoor_45_1,UZH-outdoor_45_1,734026,Random,7,0.4484899428,0.4486074468,-0.000117504
uzh_fpv,1,uzh_fpv.load_1,outdoor_45_1,UZH-outdoor_45_1,734027,External-Auction,10,0.4208293008,0.4208293008,0.0
uzh_fpv,1,uzh_fpv.load_1,outdoor_45_1,UZH-outdoor_45_1,734027,Greedy,10,0.4208293008,0.4208293008,0.0
uzh_fpv,1,uzh_fpv.load_1,outdoor_45_1,UZH-outdoor_45_1,734027,No-Stability,10,0.4208293008,0.4431244826,-0.0222951818
uzh_fpv,1,uzh_fpv.load_1,outdoor_45_1,UZH-outdoor_45_1,734027,No-Synergy,10,0.4208293008,0.4208293008,0.0
uzh_fpv,1,uzh_fpv.load_1,outdoor_45_1,UZH-outdoor_45_1,734027,Random,8,0.4254238693,0.4753506429,-0.0499267736
uzh_fpv,1,uzh_fpv.load_1,outdoor_45_1,UZH-outdoor_45_1,734028,External-Auction,9,0.3952946674,0.3952946674,0.0
uzh_fpv,1,uzh_fpv.load_1,outdoor_45_1,UZH-outdoor_45_1,734028,Greedy,9,0.3952946674,0.3952946674,0.0
uzh_fpv,1,uzh_fpv.load_1,outdoor_45_1,UZH-outdoor_45_1,734028,No-Stability,9,0.3952946674,0.4335401767,-0.0382455092
uzh_fpv,1,uzh_fpv.load_1,outdoor_45_1,UZH-outdoor_45_1,734028,No-Synergy,9,0.3952946674,0.3952946674,0.0
uzh_fpv,1,uzh_fpv.load_1,outdoor_45_1,UZH-outdoor_45_1,734028,Random,5,0.400099642,0.4383729994,-0.0382733573
uzh_fpv,1,uzh_fpv.load_1,outdoor_45_1,UZH-outdoor_45_1,734029,External-Auction,10,0.4061151808,0.4061151808,0.0
uzh_fpv,1,uzh_fpv.load_1,outdoor_45_1,UZH-outdoor_45_1,734029,Greedy,10,0.4061151808,0.4061151808,0.0
uzh_fpv,1,uzh_fpv.load_1,outdoor_45_1,UZH-outdoor_45_1,734029,No-Stability,10,0.4061151808,0.4494611387,-0.0433459579
uzh_fpv,1,uzh_fpv.load_1,outdoor_45_1,UZH-outdoor_45_1,734029,No-Synergy,10,0.4061151808,0.4061151808,0.0
uzh_fpv,1,uzh_fpv.load_1,outdoor_45_1,UZH-outdoor_45_1,734029,Random,8,0.4184361983,0.4414487249,-0.0230125266
uzh_fpv,1,uzh_fpv.load_1,outdoor_forward_1,UZH-outdoor_forward_1,734100,External-Auction,11,0.4486375843,0.4486375843,0.0
uzh_fpv,1,uzh_fpv.load_1,outdoor_forward_1,UZH-outdoor_forward_1,734100,Greedy,11,0.4486375843,0.4486375843,0.0
uzh_fpv,1,uzh_fpv.load_1,outdoor_forward_1,UZH-outdoor_forward_1,734100,No-Stability,11,0.4486375843,0.4520925035,-0.0034549192
uzh_fpv,1,uzh_fpv.load_1,outdoor_forward_1,UZH-outdoor_forward_1,734100,No-Synergy,11,0.4486375843,0.4486375843,0.0
uzh_fpv,1,uzh_fpv.load_1,outdoor_forward_1,UZH-outdoor_forward_1,734100,Random,10,0.4507984741,0.4496626648,0.0011358092
uzh_fpv,1,uzh_fpv.load_1,outdoor_forward_1,UZH-outdoor_forward_1,734101,External-Auction,10,0.4101510802,0.4101510802,0.0
uzh_fpv,1,uzh_fpv.load_1,outdoor_forward_1,UZH-outdoor_forward_1,734101,Greedy,10,0.4101510802,0.4101510802,0.0
uzh_fpv,1,uzh_fpv.load_1,outdoor_forward_1,UZH-outdoor_forward_1,734101,No-Stability,10,0.4101510802,0.4348692545,-0.0247181743
uzh_fpv,1,uzh_fpv.load_1,outdoor_forward_1,UZH-outdoor_forward_1,734101,No-Synergy,10,0.4101510802,0.4101510802,0.0
uzh_fpv,1,uzh_fpv.load_1,outdoor_forward_1,UZH-outdoor_forward_1,734101,Random,10,0.4101510802,0.4380423232,-0.027891243
uzh_fpv,1,uzh_fpv.load_1,outdoor_forward_1,UZH-outdoor_forward_1,734102,External-Auction,11,0.4295810674,0.4295810674,0.0
uzh_fpv,1,uzh_fpv.load_1,outdoor_forward_1,UZH-outdoor_forward_1,734102,Greedy,11,0.4295810674,0.4295810674,0.0
uzh_fpv,1,uzh_fpv.load_1,outdoor_forward_1,UZH-outdoor_forward_1,734102,No-Stability,11,0.4295810674,0.4236778843,0.0059031831
uzh_fpv,1,uzh_fpv.load_1,outdoor_forward_1,UZH-outdoor_forward_1,734102,No-Synergy,11,0.4295810674,0.4295810674,0.0
uzh_fpv,1,uzh_fpv.load_1,outdoor_forward_1,UZH-outdoor_forward_1,734102,Random,8,0.449307479,0.458797179,-0.0094897
uzh_fpv,1,uzh_fpv.load_1,outdoor_forward_1,UZH-outdoor_forward_1,734103,External-Auction,10,0.3934989657,0.3934989657,0.0
uzh_fpv,1,uzh_fpv.load_1,outdoor_forward_1,UZH-outdoor_forward_1,734103,Greedy,10,0.3934989657,0.3934989657,0.0
uzh_fpv,1,uzh_fpv.load_1,outdoor_forward_1,UZH-outdoor_forward_1,734103,No-Stability,10,0.3934989657,0.398380252,-0.0048812863
uzh_fpv,1,uzh_fpv.load_1,outdoor_forward_1,UZH-outdoor_forward_1,734103,No-Synergy,10,0.3934989657,0.3934989657,0.0
uzh_fpv,1,uzh_fpv.load_1,outdoor_forward_1,UZH-outdoor_forward_1,734103,Random,7,0.375833152,0.4215286847,-0.0456955328
uzh_fpv,1,uzh_fpv.load_1,outdoor_forward_1,UZH-outdoor_forward_1,734104,External-Auction,11,0.4193089885,0.4193089885,0.0
uzh_fpv,1,uzh_fpv.load_1,outdoor_forward_1,UZH-outdoor_forward_1,734104,Greedy,11,0.4193089885,0.4193089885,0.0
uzh_fpv,1,uzh_fpv.load_1,outdoor_forward_1,UZH-outdoor_forward_1,734104,No-Stability,11,0.4193089885,0.4408995262,-0.0215905378
uzh_fpv,1,uzh_fpv.load_1,outdoor_forward_1,UZH-outdoor_forward_1,734104,No-Synergy,11,0.4193089885,0.4193089885,0.0
uzh_fpv,1,uzh_fpv.load_1,outdoor_forward_1,UZH-outdoor_forward_1,734104,Random,10,0.4124797318,0.4213445144,-0.0088647826
uzh_fpv,1,uzh_fpv.load_1,outdoor_forward_1,UZH-outdoor_forward_1,734105,External-Auction,11,0.4115896535,0.4115896535,0.0
uzh_fpv,1,uzh_fpv.load_1,outdoor_forward_1,UZH-outdoor_forward_1,734105,Greedy,11,0.4115896535,0.4115896535,0.0
uzh_fpv,1,uzh_fpv.load_1,outdoor_forward_1,UZH-outdoor_forward_1,734105,No-Stability,11,0.4115896535,0.4116210235,-3.137e-05
uzh_fpv,1,uzh_fpv.load_1,outdoor_forward_1,UZH-outdoor_forward_1,734105,No-Synergy,11,0.4115896535,0.4115896535,0.0
uzh_fpv,1,uzh_fpv.load_1,outdoor_forward_1,UZH-outdoor_forward_1,734105,Random,7,0.3883064848,0.405660775,-0.0173542902
uzh_fpv,1,uzh_fpv.load_1,outdoor_forward_1,UZH-outdoor_forward_1,734106,External-Auction,11,0.4226453929,0.4226453929,0.0
uzh_fpv,1,uzh_fpv.load_1,outdoor_forward_1,UZH-outdoor_forward_1,734106,Greedy,11,0.4226453929,0.4226453929,0.0
uzh_fpv,1,uzh_fpv.load_1,outdoor_forward_1,UZH-outdoor_forward_1,734106,No-Stability,11,0.4226453929,0.4248907735,-0.0022453806
uzh_fpv,1,uzh_fpv.load_1,outdoor_forward_1,UZH-outdoor_forward_1,734106,No-Synergy,11,0.4226453929,0.4226453929,0.0
uzh_fpv,1,uzh_fpv.load_1,outdoor_forward_1,UZH-outdoor_forward_1,734106,Random,9,0.4230193877,0.4317871671,-0.0087677794
uzh_fpv,1,uzh_fpv.load_1,outdoor_forward_1,UZH-outdoor_forward_1,734107,External-Auction,11,0.4477839657,0.4477839657,0.0
uzh_fpv,1,uzh_fpv.load_1,outdoor_forward_1,UZH-outdoor_forward_1,734107,Greedy,11,0.4477839657,0.4477839657,0.0
uzh_fpv,1,uzh_fpv.load_1,outdoor_forward_1,UZH-outdoor_forward_1,734107,No-Stability,11,0.4477839657,0.4514572523,-0.0036732866
uzh_fpv,1,uzh_fpv.load_1,outdoor_forward_1,UZH-outdoor_forward_1,734107,No-Synergy,11,0.4477839657,0.4477839657,0.0
uzh_fpv,1,uzh_fpv.load_1,outdoor_forward_1,UZH-outdoor_forward_1,734107,Random,8,0.4368656134,0.451663009,-0.0147973957
uzh_fpv,1,uzh_fpv.load_1,outdoor_forward_1,UZH-outdoor_forward_1,734108,External-Auction,11,0.3973354628,0.3973354628,0.0
uzh_fpv,1,uzh_fpv.load_1,outdoor_forward_1,UZH-outdoor_forward_1,734108,Greedy,11,0.3973354628,0.3973354628,0.0
uzh_fpv,1,uzh_fpv.load_1,outdoor_forward_1,UZH-outdoor_forward_1,734108,No-Stability,11,0.3973354628,0.4192492962,-0.0219138335
uzh_fpv,1,uzh_fpv.load_1,outdoor_forward_1,UZH-outdoor_forward_1,734108,No-Synergy,11,0.3973354628,0.3973354628,0.0
uzh_fpv,1,uzh_fpv.load_1,outdoor_forward_1,UZH-outdoor_forward_1,734108,Random,9,0.3989848295,0.4276835165,-0.028698687
uzh_fpv,1,uzh_fpv.load_1,outdoor_forward_1,UZH-outdoor_forward_1,734109,External-Auction,11,0.4255196455,0.4255196455,0.0
uzh_fpv,1,uzh_fpv.load_1,outdoor_forward_1,UZH-outdoor_forward_1,734109,Greedy,11,0.4255196455,0.4255196455,0.0
uzh_fpv,1,uzh_fpv.load_1,outdoor_forward_1,UZH-outdoor_forward_1,734109,No-Stability,11,0.4255196455,0.4510989359,-0.0255792904
uzh_fpv,1,uzh_fpv.load_1,outdoor_forward_1,UZH-outdoor_forward_1,734109,No-Synergy,11,0.4255196455,0.4255196455,0.0
uzh_fpv,1,uzh_fpv.load_1,outdoor_forward_1,UZH-outdoor_forward_1,734109,Random,7,0.4087421036,0.4207621169,-0.0120200133
uzh_fpv,1,uzh_fpv.load_1,outdoor_forward_1,UZH-outdoor_forward_1,734110,External-Auction,11,0.3989144822,0.3989144822,0.0
uzh_fpv,1,uzh_fpv.load_1,outdoor_forward_1,UZH-outdoor_forward_1,734110,Greedy,11,0.3989144822,0.3989144822,0.0
uzh_fpv,1,uzh_fpv.load_1,outdoor_forward_1,UZH-outdoor_forward_1,734110,No-Stability,11,0.3989144822,0.418894256,-0.0199797737
uzh_fpv,1,uzh_fpv.load_1,outdoor_forward_1,UZH-outdoor_forward_1,734110,No-Synergy,11,0.3989144822,0.3989144822,0.0
uzh_fpv,1,uzh_fpv.load_1,outdoor_forward_1,UZH-outdoor_forward_1,734110,Random,8,0.3911112627,0.4352785584,-0.0441672957
uzh_fpv,1,uzh_fpv.load_1,outdoor_forward_1,UZH-outdoor_forward_1,734111,External-Auction,11,0.4150158602,0.4150158602,0.0
uzh_fpv,1,uzh_fpv.load_1,outdoor_forward_1,UZH-outdoor_forward_1,734111,Greedy,11,0.4150158602,0.4150158602,0.0
uzh_fpv,1,uzh_fpv.load_1,outdoor_forward_1,UZH-outdoor_forward_1,734111,No-Stability,11,0.4150158602,0.4402313611,-0.0252155009
uzh_fpv,1,uzh_fpv.load_1,outdoor_forward_1,UZH-outdoor_forward_1,734111,No-Synergy,11,0.4150158602,0.4150158602,0.0
uzh_fpv,1,uzh_fpv.load_1,outdoor_forward_1,UZH-outdoor_forward_1,734111,Random,8,0.4029330176,0.4246460294,-0.0217130118
uzh_fpv,1,uzh_fpv.load_1,outdoor_forward_1,UZH-outdoor_forward_1,734112,External-Auction,11,0.4026282833,0.4026282833,0.0
uzh_fpv,1,uzh_fpv.load_1,outdoor_forward_1,UZH-outdoor_forward_1,734112,Greedy,11,0.4026282833,0.4026282833,0.0
uzh_fpv,1,uzh_fpv.load_1,outdoor_forward_1,UZH-outdoor_forward_1,734112,No-Stability,11,0.4026282833,0.4026282833,0.0
uzh_fpv,1,uzh_fpv.load_1,outdoor_forward_1,UZH-outdoor_forward_1,734112,No-Synergy,11,0.4026282833,0.4026282833,0.0
uzh_fpv,1,uzh_fpv.load_1,outdoor_forward_1,UZH-outdoor_forward_1,734112,Random,8,0.3998596382,0.4035867859,-0.0037271477
uzh_fpv,1,uzh_fpv.load_1,outdoor_forward_1,UZH-outdoor_forward_1,734113,External-Auction,11,0.4382332031,0.4382332031,0.0
uzh_fpv,1,uzh_fpv.load_1,outdoor_forward_1,UZH-outdoor_forward_1,734113,Greedy,11,0.4382332031,0.4382332031,0.0
uzh_fpv,1,uzh_fpv.load_1,outdoor_forward_1,UZH-outdoor_forward_1,734113,No-Stability,11,0.4382332031,0.4497280202,-0.0114948172
uzh_fpv,1,uzh_fpv.load_1,outdoor_forward_1,UZH-outdoor_forward_1,734113,No-Synergy,11,0.4382332031,0.4382332031,0.0
uzh_fpv,1,uzh_fpv.load_1,outdoor_forward_1,UZH-outdoor_forward_1,734113,Random,7,0.416865084,0.4263439798,-0.0094788958
uzh_fpv,1,uzh_fpv.load_1,outdoor_forward_1,UZH-outdoor_forward_1,734114,External-Auction,11,0.4170588497,0.4170588497,0.0
uzh_fpv,1,uzh_fpv.load_1,outdoor_forward_1,UZH-outdoor_forward_1,734114,Greedy,11,0.4170588497,0.4170588497,0.0
uzh_fpv,1,uzh_fpv.load_1,outdoor_forward_1,UZH-outdoor_forward_1,734114,No-Stability,11,0.4170588497,0.4366161368,-0.0195572871
uzh_fpv,1,uzh_fpv.load_1,outdoor_forward_1,UZH-outdoor_forward_1,734114,No-Synergy,11,0.4170588497,0.4170588497,0.0
uzh_fpv,1,uzh_fpv.load_1,outdoor_forward_1,UZH-outdoor_forward_1,734114,Random,8,0.4373025767,0.4822961047,-0.044993528
uzh_fpv,1,uzh_fpv.load_1,outdoor_forward_1,UZH-outdoor_forward_1,734115,External-Auction,11,0.4110702547,0.4110702547,0.0
uzh_fpv,1,uzh_fpv.load_1,outdoor_forward_1,UZH-outdoor_forward_1,734115,Greedy,11,0.4110702547,0.4110702547,0.0
uzh_fpv,1,uzh_fpv.load_1,outdoor_forward_1,UZH-outdoor_forward_1,734115,No-Stability,11,0.4110702547,0.4280274326,-0.0169571779
uzh_fpv,1,uzh_fpv.load_1,outdoor_forward_1,UZH-outdoor_forward_1,734115,No-Synergy,11,0.4110702547,0.4110702547,0.0
uzh_fpv,1,uzh_fpv.load_1,outdoor_forward_1,UZH-outdoor_forward_1,734115,Random,8,0.4116603925,0.4342549549,-0.0225945625
uzh_fpv,1,uzh_fpv.load_1,outdoor_forward_1,UZH-outdoor_forward_1,734116,External-Auction,11,0.4366196422,0.4366196422,0.0
uzh_fpv,1,uzh_fpv.load_1,outdoor_forward_1,UZH-outdoor_forward_1,734116,Greedy,11,0.4366196422,0.4366196422,0.0
uzh_fpv,1,uzh_fpv.load_1,outdoor_forward_1,UZH-outdoor_forward_1,734116,No-Stability,11,0.4366196422,0.4366196422,0.0
uzh_fpv,1,uzh_fpv.load_1,outdoor_forward_1,UZH-outdoor_forward_1,734116,No-Synergy,11,0.4366196422,0.4366196422,0.0
uzh_fpv,1,uzh_fpv.load_1,outdoor_forward_1,UZH-outdoor_forward_1,734116,Random,8,0.4226694451,0.421281313,0.0013881321
uzh_fpv,1,uzh_fpv.load_1,outdoor_forward_1,UZH-outdoor_forward_1,734117,External-Auction,11,0.3957917803,0.3957917803,0.0
uzh_fpv,1,uzh_fpv.load_1,outdoor_forward_1,UZH-outdoor_forward_1,734117,Greedy,11,0.3957917803,0.3957917803,0.0
uzh_fpv,1,uzh_fpv.load_1,outdoor_forward_1,UZH-outdoor_forward_1,734117,No-Stability,11,0.3957917803,0.4390079552,-0.0432161749
uzh_fpv,1,uzh_fpv.load_1,outdoor_forward_1,UZH-outdoor_forward_1,734117,No-Synergy,11,0.3957917803,0.3957917803,0.0
uzh_fpv,1,uzh_fpv.load_1,outdoor_forward_1,UZH-outdoor_forward_1,734117,Random,9,0.3911159957,0.4415922224,-0.0504762267
uzh_fpv,1,uzh_fpv.load_1,outdoor_forward_1,UZH-outdoor_forward_1,734118,External-Auction,11,0.4448369259,0.4448369259,0.0
uzh_fpv,1,uzh_fpv.load_1,outdoor_forward_1,UZH-outdoor_forward_1,734118,Greedy,11,0.4448369259,0.4448369259,0.0
uzh_fpv,1,uzh_fpv.load_1,outdoor_forward_1,UZH-outdoor_forward_1,734118,No-Stability,11,0.4448369259,0.4448369259,0.0
uzh_fpv,1,uzh_fpv.load_1,outdoor_forward_1,UZH-outdoor_forward_1,734118,No-Synergy,11,0.4448369259,0.4448369259,0.0
uzh_fpv,1,uzh_fpv.load_1,outdoor_forward_1,UZH-outdoor_forward_1,734118,Random,8,0.4509030348,0.4446663838,0.0062366511
uzh_fpv,1,uzh_fpv.load_1,outdoor_forward_1,UZH-outdoor_forward_1,734119,External-Auction,11,0.4016765162,0.4016765162,0.0
uzh_fpv,1,uzh_fpv.load_1,outdoor_forward_1,UZH-outdoor_forward_1,734119,Greedy,11,0.4016765162,0.4016765162,0.0
uzh_fpv,1,uzh_fpv.load_1,outdoor_forward_1,UZH-outdoor_forward_1,734119,No-Stability,11,0.4016765162,0.4016765162,0.0
uzh_fpv,1,uzh_fpv.load_1,outdoor_forward_1,UZH-outdoor_forward_1,734119,No-Synergy,11,0.4016765162,0.4016765162,0.0
uzh_fpv,1,uzh_fpv.load_1,outdoor_forward_1,UZH-outdoor_forward_1,734119,Random,8,0.4177962054,0.4559145797,-0.0381183743
uzh_fpv,1,uzh_fpv.load_1,outdoor_forward_1,UZH-outdoor_forward_1,734120,External-Auction,11,0.439826926,0.439826926,0.0
uzh_fpv,1,uzh_fpv.load_1,outdoor_forward_1,UZH-outdoor_forward_1,734120,Greedy,11,0.439826926,0.439826926,0.0
uzh_fpv,1,uzh_fpv.load_1,outdoor_forward_1,UZH-outdoor_forward_1,734120,No-Stability,11,0.439826926,0.439826926,0.0
uzh_fpv,1,uzh_fpv.load_1,outdoor_forward_1,UZH-outdoor_forward_1,734120,No-Synergy,11,0.439826926,0.439826926,0.0
uzh_fpv,1,uzh_fpv.load_1,outdoor_forward_1,UZH-outdoor_forward_1,734120,Random,10,0.4389191882,0.4735519467,-0.0346327585
uzh_fpv,1,uzh_fpv.load_1,outdoor_forward_1,UZH-outdoor_forward_1,734121,External-Auction,11,0.4224728878,0.4224728878,0.0
uzh_fpv,1,uzh_fpv.load_1,outdoor_forward_1,UZH-outdoor_forward_1,734121,Greedy,11,0.4224728878,0.4224728878,0.0
uzh_fpv,1,uzh_fpv.load_1,outdoor_forward_1,UZH-outdoor_forward_1,734121,No-Stability,11,0.4224728878,0.4224728878,0.0
uzh_fpv,1,uzh_fpv.load_1,outdoor_forward_1,UZH-outdoor_forward_1,734121,No-Synergy,11,0.4224728878,0.4224728878,0.0
uzh_fpv,1,uzh_fpv.load_1,outdoor_forward_1,UZH-outdoor_forward_1,734121,Random,11,0.4224728878,0.4359569038,-0.013484016
uzh_fpv,1,uzh_fpv.load_1,outdoor_forward_1,UZH-outdoor_forward_1,734122,External-Auction,11,0.41135321,0.41135321,0.0
uzh_fpv,1,uzh_fpv.load_1,outdoor_forward_1,UZH-outdoor_forward_1,734122,Greedy,11,0.41135321,0.41135321,0.0
uzh_fpv,1,uzh_fpv.load_1,outdoor_forward_1,UZH-outdoor_forward_1,734122,No-Stability,11,0.41135321,0.4165271206,-0.0051739106
uzh_fpv,1,uzh_fpv.load_1,outdoor_forward_1,UZH-outdoor_forward_1,734122,No-Synergy,11,0.41135321,0.41135321,0.0
uzh_fpv,1,uzh_fpv.load_1,outdoor_forward_1,UZH-outdoor_forward_1,734122,Random,10,0.4045574022,0.4140752326,-0.0095178304
uzh_fpv,1,uzh_fpv.load_1,outdoor_forward_1,UZH-outdoor_forward_1,734123,External-Auction,11,0.4487968281,0.4487968281,0.0
uzh_fpv,1,uzh_fpv.load_1,outdoor_forward_1,UZH-outdoor_forward_1,734123,Greedy,11,0.4487968281,0.4487968281,0.0
uzh_fpv,1,uzh_fpv.load_1,outdoor_forward_1,UZH-outdoor_forward_1,734123,No-Stability,11,0.4487968281,0.4447607708,0.0040360573
uzh_fpv,1,uzh_fpv.load_1,outdoor_forward_1,UZH-outdoor_forward_1,734123,No-Synergy,11,0.4487968281,0.4487968281,0.0
uzh_fpv,1,uzh_fpv.load_1,outdoor_forward_1,UZH-outdoor_forward_1,734123,Random,9,0.4345174012,0.4275921962,0.0069252051
uzh_fpv,1,uzh_fpv.load_1,outdoor_forward_1,UZH-outdoor_forward_1,734124,External-Auction,11,0.4393536595,0.4393536595,0.0
uzh_fpv,1,uzh_fpv.load_1,outdoor_forward_1,UZH-outdoor_forward_1,734124,Greedy,11,0.4393536595,0.4393536595,0.0
uzh_fpv,1,uzh_fpv.load_1,outdoor_forward_1,UZH-outdoor_forward_1,734124,No-Stability,11,0.4393536595,0.4473226037,-0.0079689442
uzh_fpv,1,uzh_fpv.load_1,outdoor_forward_1,UZH-outdoor_forward_1,734124,No-Synergy,11,0.4393536595,0.4393536595,0.0
uzh_fpv,1,uzh_fpv.load_1,outdoor_forward_1,UZH-outdoor_forward_1,734124,Random,7,0.4209600867,0.42609832,-0.0051382332
uzh_fpv,1,uzh_fpv.load_1,outdoor_forward_1,UZH-outdoor_forward_1,734125,External-Auction,11,0.39824193,0.39824193,0.0
uzh_fpv,1,uzh_fpv.load_1,outdoor_forward_1,UZH-outdoor_forward_1,734125,Greedy,11,0.39824193,0.39824193,0.0
uzh_fpv,1,uzh_fpv.load_1,outdoor_forward_1,UZH-outdoor_forward_1,734125,No-Stability,11,0.39824193,0.4211445797,-0.0229026497
uzh_fpv,1,uzh_fpv.load_1,outdoor_forward_1,UZH-outdoor_forward_1,734125,No-Synergy,11,0.39824193,0.39824193,0.0
uzh_fpv,1,uzh_fpv.load_1,outdoor_forward_1,UZH-outdoor_forward_1,734125,Random,8,0.389177894,0.4439271011,-0.0547492071
uzh_fpv,1,uzh_fpv.load_1,outdoor_forward_1,UZH-outdoor_forward_1,734126,External-Auction,11,0.4411812543,0.4411812543,0.0
uzh_fpv,1,uzh_fpv.load_1,outdoor_forward_1,UZH-outdoor_forward_1,734126,Greedy,11,0.4411812543,0.4411812543,0.0
uzh_fpv,1,uzh_fpv.load_1,outdoor_forward_1,UZH-outdoor_forward_1,734126,No-Stability,11,0.4411812543,0.4411812543,0.0
uzh_fpv,1,uzh_fpv.load_1,outdoor_forward_1,UZH-outdoor_forward_1,734126,No-Synergy,11,0.4411812543,0.4411812543,0.0
uzh_fpv,1,uzh_fpv.load_1,outdoor_forward_1,UZH-outdoor_forward_1,734126,Random,9,0.4497993272,0.4655902621,-0.0157909349
uzh_fpv,1,uzh_fpv.load_1,outdoor_forward_1,UZH-outdoor_forward_1,734127,External-Auction,11,0.4445107067,0.4445107067,0.0
uzh_fpv,1,uzh_fpv.load_1,outdoor_forward_1,UZH-outdoor_forward_1,734127,Greedy,11,0.4445107067,0.4445107067,0.0
uzh_fpv,1,uzh_fpv.load_1,outdoor_forward_1,UZH-outdoor_forward_1,734127,No-Stability,11,0.4445107067,0.4452821474,-0.0007714408
uzh_fpv,1,uzh_fpv.load_1,outdoor_forward_1,UZH-outdoor_forward_1,734127,No-Synergy,11,0.4445107067,0.4445107067,0.0
uzh_fpv,1,uzh_fpv.load_1,outdoor_forward_1,UZH-outdoor_forward_1,734127,Random,9,0.4390337907,0.4523453818,-0.0133115911
uzh_fpv,1,uzh_fpv.load_1,outdoor_forward_1,UZH-outdoor_forward_1,734128,External-Auction,11,0.4500029459,0.4500029459,0.0
uzh_fpv,1,uzh_fpv.load_1,outdoor_forward_1,UZH-outdoor_forward_1,734128,Greedy,11,0.4500029459,0.4500029459,0.0
uzh_fpv,1,uzh_fpv.load_1,outdoor_forward_1,UZH-outdoor_forward_1,734128,No-Stability,11,0.4500029459,0.4527944847,-0.0027915388
uzh_fpv,1,uzh_fpv.load_1,outdoor_forward_1,UZH-outdoor_forward_1,734128,No-Synergy,11,0.4500029459,0.4500029459,0.0
uzh_fpv,1,uzh_fpv.load_1,outdoor_forward_1,UZH-outdoor_forward_1,734128,Random,10,0.4553989423,0.465783457,-0.0103845147
uzh_fpv,1,uzh_fpv.load_1,outdoor_forward_1,UZH-outdoor_forward_1,734129,External-Auction,11,0.4433804861,0.4433804861,0.0
uzh_fpv,1,uzh_fpv.load_1,outdoor_forward_1,UZH-outdoor_forward_1,734129,Greedy,11,0.4433804861,0.4433804861,0.0
uzh_fpv,1,uzh_fpv.load_1,outdoor_forward_1,UZH-outdoor_forward_1,734129,No-Stability,11,0.4433804861,0.4469178321,-0.0035373461
uzh_fpv,1,uzh_fpv.load_1,outdoor_forward_1,UZH-outdoor_forward_1,734129,No-Synergy,11,0.4433804861,0.4433804861,0.0
uzh_fpv,1,uzh_fpv.load_1,outdoor_forward_1,UZH-outdoor_forward_1,734129,Random,8,0.4411078882,0.4474985621,-0.0063906739
uzh_fpv,1,uzh_fpv.load_1,outdoor_forward_3,UZH-outdoor_forward_3,734200,External-Auction,11,0.423217274,0.423217274,0.0
uzh_fpv,1,uzh_fpv.load_1,outdoor_forward_3,UZH-outdoor_forward_3,734200,Greedy,11,0.423217274,0.423217274,0.0
uzh_fpv,1,uzh_fpv.load_1,outdoor_forward_3,UZH-outdoor_forward_3,734200,No-Stability,11,0.423217274,0.423217274,0.0
uzh_fpv,1,uzh_fpv.load_1,outdoor_forward_3,UZH-outdoor_forward_3,734200,No-Synergy,11,0.423217274,0.423217274,0.0
uzh_fpv,1,uzh_fpv.load_1,outdoor_forward_3,UZH-outdoor_forward_3,734200,Random,7,0.4177791381,0.4158990483,0.0018800898
uzh_fpv,1,uzh_fpv.load_1,outdoor_forward_3,UZH-outdoor_forward_3,734201,External-Auction,11,0.4030841442,0.4030841442,0.0
uzh_fpv,1,uzh_fpv.load_1,outdoor_forward_3,UZH-outdoor_forward_3,734201,Greedy,11,0.4030841442,0.4030841442,0.0
uzh_fpv,1,uzh_fpv.load_1,outdoor_forward_3,UZH-outdoor_forward_3,734201,No-Stability,11,0.4030841442,0.4153854552,-0.012301311
uzh_fpv,1,uzh_fpv.load_1,outdoor_forward_3,UZH-outdoor_forward_3,734201,No-Synergy,11,0.4030841442,0.4030841442,0.0
uzh_fpv,1,uzh_fpv.load_1,outdoor_forward_3,UZH-outdoor_forward_3,734201,Random,5,0.4149089113,0.4127554842,0.0021534271
uzh_fpv,1,uzh_fpv.load_1,outdoor_forward_3,UZH-outdoor_forward_3,734202,External-Auction,11,0.3709724983,0.3709724983,0.0
uzh_fpv,1,uzh_fpv.load_1,outdoor_forward_3,UZH-outdoor_forward_3,734202,Greedy,11,0.3709724983,0.3709724983,0.0
uzh_fpv,1,uzh_fpv.load_1,outdoor_forward_3,UZH-outdoor_forward_3,734202,No-Stability,11,0.3709724983,0.4226261926,-0.0516536943
uzh_fpv,1,uzh_fpv.load_1,outdoor_forward_3,UZH-outdoor_forward_3,734202,No-Synergy,11,0.3709724983,0.3709724983,0.0
uzh_fpv,1,uzh_fpv.load_1,outdoor_forward_3,UZH-outdoor_forward_3,734202,Random,9,0.3665794565,0.4157189367,-0.0491394802
uzh_fpv,1,uzh_fpv.load_1,outdoor_forward_3,UZH-outdoor_forward_3,734203,External-Auction,10,0.3883500772,0.3883500772,0.0
uzh_fpv,1,uzh_fpv.load_1,outdoor_forward_3,UZH-outdoor_forward_3,734203,Greedy,10,0.3883500772,0.3883500772,0.0
uzh_fpv,1,uzh_fpv.load_1,outdoor_forward_3,UZH-outdoor_forward_3,734203,No-Stability,10,0.3883500772,0.3930996756,-0.0047495984
uzh_fpv,1,uzh_fpv.load_1,outdoor_forward_3,UZH-outdoor_forward_3,734203,No-Synergy,10,0.3883500772,0.3883500772,0.0
uzh_fpv,1,uzh_fpv.load_1,outdoor_forward_3,UZH-outdoor_forward_3,734203,Random,7,0.3952928243,0.4050859185,-0.0097930942
uzh_fpv,1,uzh_fpv.load_1,outdoor_forward_3,UZH-outdoor_forward_3,734204,External-Auction,11,0.4245468749,0.4245468749,0.0
uzh_fpv,1,uzh_fpv.load_1,outdoor_forward_3,UZH-outdoor_forward_3,734204,Greedy,11,0.4245468749,0.4245468749,0.0
uzh_fpv,1,uzh_fpv.load_1,outdoor_forward_3,UZH-outdoor_forward_3,734204,No-Stability,11,0.4245468749,0.4245468749,0.0
uzh_fpv,1,uzh_fpv.load_1,outdoor_forward_3,UZH-outdoor_forward_3,734204,No-Synergy,11,0.4245468749,0.4245468749,0.0
uzh_fpv,1,uzh_fpv.load_1,outdoor_forward_3,UZH-outdoor_forward_3,734204,Random,10,0.4208006286,0.4186759077,0.0021247209
uzh_fpv,1,uzh_fpv.load_1,outdoor_forward_3,UZH-outdoor_forward_3,734205,External-Auction,11,0.3814493231,0.3814493231,0.0
uzh_fpv,1,uzh_fpv.load_1,outdoor_forward_3,UZH-outdoor_forward_3,734205,Greedy,11,0.3814493231,0.3814493231,0.0
uzh_fpv,1,uzh_fpv.load_1,outdoor_forward_3,UZH-outdoor_forward_3,734205,No-Stability,11,0.3814493231,0.3971501415,-0.0157008184
uzh_fpv,1,uzh_fpv.load_1,outdoor_forward_3,UZH-outdoor_forward_3,734205,No-Synergy,11,0.3814493231,0.3814493231,0.0
uzh_fpv,1,uzh_fpv.load_1,outdoor_forward_3,UZH-outdoor_forward_3,734205,Random,7,0.3869964734,0.419017721,-0.0320212476
uzh_fpv,1,uzh_fpv.load_1,outdoor_forward_3,UZH-outdoor_forward_3,734206,External-Auction,10,0.377137836,0.377137836,0.0
uzh_fpv,1,uzh_fpv.load_1,outdoor_forward_3,UZH-outdoor_forward_3,734206,Greedy,10,0.377137836,0.377137836,0.0
uzh_fpv,1,uzh_fpv.load_1,outdoor_forward_3,UZH-outdoor_forward_3,734206,No-Stability,10,0.377137836,0.3822824393,-0.0051446033
uzh_fpv,1,uzh_fpv.load_1,outdoor_forward_3,UZH-outdoor_forward_3,734206,No-Synergy,10,0.377137836,0.377137836,0.0
uzh_fpv,1,uzh_fpv.load_1,outdoor_forward_3,UZH-outdoor_forward_3,734206,Random,8,0.3762266997,0.3930017169,-0.0167750172
uzh_fpv,1,uzh_fpv.load_1,outdoor_forward_3,UZH-outdoor_forward_3,734207,External-Auction,11,0.3733637394,0.3733637394,0.0
uzh_fpv,1,uzh_fpv.load_1,outdoor_forward_3,UZH-outdoor_forward_3,734207,Greedy,11,0.3733637394,0.3733637394,0.0
uzh_fpv,1,uzh_fpv.load_1,outdoor_forward_3,UZH-outdoor_forward_3,734207,No-Stability,11,0.3733637394,0.4107668612,-0.0374031218
uzh_fpv,1,uzh_fpv.load_1,outdoor_forward_3,UZH-outdoor_forward_3,734207,No-Synergy,11,0.3733637394,0.3733637394,0.0
uzh_fpv,1,uzh_fpv.load_1,outdoor_forward_3,UZH-outdoor_forward_3,734207,Random,8,0.3741049242,0.4041311219,-0.0300261977
uzh_fpv,1,uzh_fpv.load_1,outdoor_forward_3,UZH-outdoor_forward_3,734208,External-Auction,11,0.4102402354,0.4102402354,0.0
uzh_fpv,1,uzh_fpv.load_1,outdoor_forward_3,UZH-outdoor_forward_3,734208,Greedy,11,0.4102402354,0.4102402354,0.0
uzh_fpv,1,uzh_fpv.load_1,outdoor_forward_3,UZH-outdoor_forward_3,734208,No-Stability,11,0.4102402354,0.4134071642,-0.0031669288
uzh_fpv,1,uzh_fpv.load_1,outdoor_forward_3,UZH-outdoor_forward_3,734208,No-Synergy,11,0.4102402354,0.4102402354,0.0
uzh_fpv,1,uzh_fpv.load_1,outdoor_forward_3,UZH-outdoor_forward_3,734208,Random,8,0.4091806469,0.432091453,-0.0229108061
uzh_fpv,1,uzh_fpv.load_1,outdoor_forward_3,UZH-outdoor_forward_3,734209,External-Auction,11,0.3668254437,0.3668254437,0.0
uzh_fpv,1,uzh_fpv.load_1,outdoor_forward_3,UZH-outdoor_forward_3,734209,Greedy,11,0.3668254437,0.3668254437,0.0
uzh_fpv,1,uzh_fpv.load_1,outdoor_forward_3,UZH-outdoor_forward_3,734209,No-Stability,11,0.3668254437,0.3906479053,-0.0238224617
uzh_fpv,1,uzh_fpv.load_1,outdoor_forward_3,UZH-outdoor_forward_3,734209,No-Synergy,11,0.3668254437,0.3668254437,0.0
uzh_fpv,1,uzh_fpv.load_1,outdoor_forward_3,UZH-outdoor_forward_3,734209,Random,8,0.3561318329,0.4215499663,-0.0654181333
uzh_fpv,1,uzh_fpv.load_1,outdoor_forward_3,UZH-outdoor_forward_3,734210,External-Auction,11,0.4146782468,0.4146782468,0.0
uzh_fpv,1,uzh_fpv.load_1,outdoor_forward_3,UZH-outdoor_forward_3,734210,Greedy,11,0.4146782468,0.4146782468,0.0
uzh_fpv,1,uzh_fpv.load_1,outdoor_forward_3,UZH-outdoor_forward_3,734210,No-Stability,11,0.4146782468,0.4146782468,0.0
uzh_fpv,1,uzh_fpv.load_1,outdoor_forward_3,UZH-outdoor_forward_3,734210,No-Synergy,11,0.4146782468,0.4146782468,0.0
uzh_fpv,1,uzh_fpv.load_1,outdoor_forward_3,UZH-outdoor_forward_3,734210,Random,9,0.4143022643,0.41918713,-0.0048848657
uzh_fpv,1,uzh_fpv.load_1,outdoor_forward_3,UZH-outdoor_forward_3,734211,External-Auction,10,0.3871424073,0.3871424073,0.0
uzh_fpv,1,uzh_fpv.load_1,outdoor_forward_3,UZH-outdoor_forward_3,734211,Greedy,10,0.3871424073,0.3871424073,0.0
uzh_fpv,1,uzh_fpv.load_1,outdoor_forward_3,UZH-outdoor_forward_3,734211,No-Stability,10,0.3871424073,0.3871424073,0.0
uzh_fpv,1,uzh_fpv.load_1,outdoor_forward_3,UZH-outdoor_forward_3,734211,No-Synergy,10,0.3871424073,0.3871424073,0.0
uzh_fpv,1,uzh_fpv.load_1,outdoor_forward_3,UZH-outdoor_forward_3,734211,Random,7,0.3884882632,0.4005234564,-0.0120351932
uzh_fpv,1,uzh_fpv.load_1,outdoor_forward_3,UZH-outdoor_forward_3,734212,External-Auction,10,0.3973950787,0.3973950787,0.0
uzh_fpv,1,uzh_fpv.load_1,outdoor_forward_3,UZH-outdoor_forward_3,734212,Greedy,10,0.3973950787,0.3973950787,0.0
uzh_fpv,1,uzh_fpv.load_1,outdoor_forward_3,UZH-outdoor_forward_3,734212,No-Stability,10,0.3973950787,0.3950053811,0.0023896976
uzh_fpv,1,uzh_fpv.load_1,outdoor_forward_3,UZH-outdoor_forward_3,734212,No-Synergy,10,0.3973950787,0.3973950787,0.0
uzh_fpv,1,uzh_fpv.load_1,outdoor_forward_3,UZH-outdoor_forward_3,734212,Random,9,0.3956003594,0.3994973162,-0.0038969568
uzh_fpv,1,uzh_fpv.load_1,outdoor_forward_3,UZH-outdoor_forward_3,734213,External-Auction,11,0.4151895635,0.4151895635,0.0
uzh_fpv,1,uzh_fpv.load_1,outdoor_forward_3,UZH-outdoor_forward_3,734213,Greedy,11,0.4151895635,0.4151895635,0.0
uzh_fpv,1,uzh_fpv.load_1,outdoor_forward_3,UZH-outdoor_forward_3,734213,No-Stability,11,0.4151895635,0.4151895635,0.0
uzh_fpv,1,uzh_fpv.load_1,outdoor_forward_3,UZH-outdoor_forward_3,734213,No-Synergy,11,0.4151895635,0.4151895635,0.0
uzh_fpv,1,uzh_fpv.load_1,outdoor_forward_3,UZH-outdoor_forward_3,734213,Random,9,0.4155175818,0.41608013,-0.0005625483
uzh_fpv,1,uzh_fpv.load_1,outdoor_forward_3,UZH-outdoor_forward_3,734214,External-Auction,10,0.3669966151,0.3674002635,-0.0004036484
uzh_fpv,1,uzh_fpv.load_1,outdoor_forward_3,UZH-outdoor_forward_3,734214,Greedy,10,0.3669966151,0.3669966151,0.0
uzh_fpv,1,uzh_fpv.load_1,outdoor_forward_3,UZH-outdoor_forward_3,734214,No-Stability,10,0.3669966151,0.3787223281,-0.011725713
uzh_fpv,1,uzh_fpv.load_1,outdoor_forward_3,UZH-outdoor_forward_3,734214,No-Synergy,10,0.3669966151,0.3669966151,0.0
uzh_fpv,1,uzh_fpv.load_1,outdoor_forward_3,UZH-outdoor_forward_3,734214,Random,8,0.3599192537,0.3868404487,-0.026921195
uzh_fpv,1,uzh_fpv.load_1,outdoor_forward_3,UZH-outdoor_forward_3,734215,External-Auction,8,0.3853232555,0.3853232555,0.0
uzh_fpv,1,uzh_fpv.load_1,outdoor_forward_3,UZH-outdoor_forward_3,734215,Greedy,8,0.3853232555,0.3853232555,0.0
uzh_fpv,1,uzh_fpv.load_1,outdoor_forward_3,UZH-outdoor_forward_3,734215,No-Stability,8,0.3853232555,0.4098622105,-0.024538955
uzh_fpv,1,uzh_fpv.load_1,outdoor_forward_3,UZH-outdoor_forward_3,734215,No-Synergy,8,0.3853232555,0.3853232555,0.0
uzh_fpv,1,uzh_fpv.load_1,outdoor_forward_3,UZH-outdoor_forward_3,734215,Random,5,0.3868526002,0.4124648454,-0.0256122451
uzh_fpv,1,uzh_fpv.load_1,outdoor_forward_3,UZH-outdoor_forward_3,734216,External-Auction,11,0.3805004953,0.3805004953,0.0
uzh_fpv,1,uzh_fpv.load_1,outdoor_forward_3,UZH-outdoor_forward_3,734216,Greedy,11,0.3805004953,0.3805004953,0.0
uzh_fpv,1,uzh_fpv.load_1,outdoor_forward_3,UZH-outdoor_forward_3,734216,No-Stability,11,0.3805004953,0.4086402094,-0.0281397142
uzh_fpv,1,uzh_fpv.load_1,outdoor_forward_3,UZH-outdoor_forward_3,734216,No-Synergy,11,0.3805004953,0.3805004953,0.0
uzh_fpv,1,uzh_fpv.load_1,outdoor_forward_3,UZH-outdoor_forward_3,734216,Random,6,0.369389014,0.3854218402,-0.0160328262
uzh_fpv,1,uzh_fpv.load_1,outdoor_forward_3,UZH-outdoor_forward_3,734217,External-Auction,11,0.3772218956,0.3772218956,0.0
uzh_fpv,1,uzh_fpv.load_1,outdoor_forward_3,UZH-outdoor_forward_3,734217,Greedy,11,0.3772218956,0.3772218956,0.0
uzh_fpv,1,uzh_fpv.load_1,outdoor_forward_3,UZH-outdoor_forward_3,734217,No-Stability,11,0.3772218956,0.3848559998,-0.0076341042
uzh_fpv,1,uzh_fpv.load_1,outdoor_forward_3,UZH-outdoor_forward_3,734217,No-Synergy,11,0.3772218956,0.3772218956,0.0
uzh_fpv,1,uzh_fpv.load_1,outdoor_forward_3,UZH-outdoor_forward_3,734217,Random,6,0.378698278,0.4117430326,-0.0330447546
uzh_fpv,1,uzh_fpv.load_1,outdoor_forward_3,UZH-outdoor_forward_3,734218,External-Auction,10,0.3739279817,0.3739279817,0.0
uzh_fpv,1,uzh_fpv.load_1,outdoor_forward_3,UZH-outdoor_forward_3,734218,Greedy,10,0.3739279817,0.3739279817,0.0
uzh_fpv,1,uzh_fpv.load_1,outdoor_forward_3,UZH-outdoor_forward_3,734218,No-Stability,10,0.3739279817,0.4213268981,-0.0473989163
uzh_fpv,1,uzh_fpv.load_1,outdoor_forward_3,UZH-outdoor_forward_3,734218,No-Synergy,10,0.3739279817,0.3739279817,0.0
uzh_fpv,1,uzh_fpv.load_1,outdoor_forward_3,UZH-outdoor_forward_3,734218,Random,8,0.3729280568,0.422752119,-0.0498240622
uzh_fpv,1,uzh_fpv.load_1,outdoor_forward_3,UZH-outdoor_forward_3,734219,External-Auction,10,0.4015497216,0.4015497216,0.0
uzh_fpv,1,uzh_fpv.load_1,outdoor_forward_3,UZH-outdoor_forward_3,734219,Greedy,10,0.4015497216,0.4015497216,0.0
uzh_fpv,1,uzh_fpv.load_1,outdoor_forward_3,UZH-outdoor_forward_3,734219,No-Stability,10,0.4015497216,0.4134685769,-0.0119188554
uzh_fpv,1,uzh_fpv.load_1,outdoor_forward_3,UZH-outdoor_forward_3,734219,No-Synergy,10,0.4015497216,0.4015497216,0.0
uzh_fpv,1,uzh_fpv.load_1,outdoor_forward_3,UZH-outdoor_forward_3,734219,Random,6,0.4058778791,0.3987076553,0.0071702238
uzh_fpv,1,uzh_fpv.load_1,outdoor_forward_3,UZH-outdoor_forward_3,734220,External-Auction,11,0.411117952,0.411117952,0.0
uzh_fpv,1,uzh_fpv.load_1,outdoor_forward_3,UZH-outdoor_forward_3,734220,Greedy,11,0.411117952,0.411117952,0.0
uzh_fpv,1,uzh_fpv.load_1,outdoor_forward_3,UZH-outdoor_forward_3,734220,No-Stability,11,0.411117952,0.411117952,0.0
uzh_fpv,1,uzh_fpv.load_1,outdoor_forward_3,UZH-outdoor_forward_3,734220,No-Synergy,11,0.411117952,0.411117952,0.0
uzh_fpv,1,uzh_fpv.load_1,outdoor_forward_3,UZH-outdoor_forward_3,734220,Random,9,0.4112793226,0.4316053416,-0.0203260191
uzh_fpv,1,uzh_fpv.load_1,outdoor_forward_3,UZH-outdoor_forward_3,734221,External-Auction,11,0.3920788176,0.3920788176,0.0
uzh_fpv,1,uzh_fpv.load_1,outdoor_forward_3,UZH-outdoor_forward_3,734221,Greedy,11,0.3920788176,0.3920788176,0.0
uzh_fpv,1,uzh_fpv.load_1,outdoor_forward_3,UZH-outdoor_forward_3,734221,No-Stability,11,0.3920788176,0.3931178055,-0.0010389879
uzh_fpv,1,uzh_fpv.load_1,outdoor_forward_3,UZH-outdoor_forward_3,734221,No-Synergy,11,0.3920788176,0.3920788176,0.0
uzh_fpv,1,uzh_fpv.load_1,outdoor_forward_3,UZH-outdoor_forward_3,734221,Random,11,0.3920788176,0.3936384299,-0.0015596123
uzh_fpv,1,uzh_fpv.load_1,outdoor_forward_3,UZH-outdoor_forward_3,734222,External-Auction,11,0.3845785204,0.3845785204,0.0
uzh_fpv,1,uzh_fpv.load_1,outdoor_forward_3,UZH-outdoor_forward_3,734222,Greedy,11,0.3845785204,0.3845785204,0.0
uzh_fpv,1,uzh_fpv.load_1,outdoor_forward_3,UZH-outdoor_forward_3,734222,No-Stability,11,0.3845785204,0.3861873476,-0.0016088272
uzh_fpv,1,uzh_fpv.load_1,outdoor_forward_3,UZH-outdoor_forward_3,734222,No-Synergy,11,0.3845785204,0.3845785204,0.0
uzh_fpv,1,uzh_fpv.load_1,outdoor_forward_3,UZH-outdoor_forward_3,734222,Random,6,0.3858145042,0.4106150726,-0.0248005684
uzh_fpv,1,uzh_fpv.load_1,outdoor_forward_3,UZH-outdoor_forward_3,734223,External-Auction,9,0.4136715461,0.4136715461,0.0
uzh_fpv,1,uzh_fpv.load_1,outdoor_forward_3,UZH-outdoor_forward_3,734223,Greedy,9,0.4136715461,0.4136715461,0.0
uzh_fpv,1,uzh_fpv.load_1,outdoor_forward_3,UZH-outdoor_forward_3,734223,No-Stability,9,0.4136715461,0.4046417455,0.0090298006
uzh_fpv,1,uzh_fpv.load_1,outdoor_forward_3,UZH-outdoor_forward_3,734223,No-Synergy,9,0.4136715461,0.4136715461,0.0
uzh_fpv,1,uzh_fpv.load_1,outdoor_forward_3,UZH-outdoor_forward_3,734223,Random,9,0.4136715461,0.4236873412,-0.0100157951
uzh_fpv,1,uzh_fpv.load_1,outdoor_forward_3,UZH-outdoor_forward_3,734224,External-Auction,10,0.3858091897,0.386124666,-0.0003154762
uzh_fpv,1,uzh_fpv.load_1,outdoor_forward_3,UZH-outdoor_forward_3,734224,Greedy,10,0.3858091897,0.3858091897,0.0
uzh_fpv,1,uzh_fpv.load_1,outdoor_forward_3,UZH-outdoor_forward_3,734224,No-Stability,10,0.3858091897,0.3860462429,-0.0002370531
uzh_fpv,1,uzh_fpv.load_1,outdoor_forward_3,UZH-outdoor_forward_3,734224,No-Synergy,10,0.3858091897,0.3858091897,0.0
uzh_fpv,1,uzh_fpv.load_1,outdoor_forward_3,UZH-outdoor_forward_3,734224,Random,5,0.3847319075,0.4072021172,-0.0224702097
uzh_fpv,1,uzh_fpv.load_1,outdoor_forward_3,UZH-outdoor_forward_3,734225,External-Auction,11,0.4216886188,0.4216886188,0.0
uzh_fpv,1,uzh_fpv.load_1,outdoor_forward_3,UZH-outdoor_forward_3,734225,Greedy,11,0.4216886188,0.4216886188,0.0
uzh_fpv,1,uzh_fpv.load_1,outdoor_forward_3,UZH-outdoor_forward_3,734225,No-Stability,11,0.4216886188,0.4235675492,-0.0018789304
uzh_fpv,1,uzh_fpv.load_1,outdoor_forward_3,UZH-outdoor_forward_3,734225,No-Synergy,11,0.4216886188,0.4216886188,0.0
uzh_fpv,1,uzh_fpv.load_1,outdoor_forward_3,UZH-outdoor_forward_3,734225,Random,9,0.4190133637,0.4243103447,-0.005296981
uzh_fpv,1,uzh_fpv.load_1,outdoor_forward_3,UZH-outdoor_forward_3,734226,External-Auction,11,0.3865632887,0.3865632887,0.0
uzh_fpv,1,uzh_fpv.load_1,outdoor_forward_3,UZH-outdoor_forward_3,734226,Greedy,11,0.3865632887,0.3865632887,0.0
uzh_fpv,1,uzh_fpv.load_1,outdoor_forward_3,UZH-outdoor_forward_3,734226,No-Stability,11,0.3865632887,0.3878758291,-0.0013125404
uzh_fpv,1,uzh_fpv.load_1,outdoor_forward_3,UZH-outdoor_forward_3,734226,No-Synergy,11,0.3865632887,0.3865632887,0.0
uzh_fpv,1,uzh_fpv.load_1,outdoor_forward_3,UZH-outdoor_forward_3,734226,Random,7,0.3837550706,0.3998256195,-0.0160705488
uzh_fpv,1,uzh_fpv.load_1,outdoor_forward_3,UZH-outdoor_forward_3,734227,External-Auction,11,0.3827764008,0.3827764008,0.0
uzh_fpv,1,uzh_fpv.load_1,outdoor_forward_3,UZH-outdoor_forward_3,734227,Greedy,11,0.3827764008,0.3827764008,0.0
uzh_fpv,1,uzh_fpv.load_1,outdoor_forward_3,UZH-outdoor_forward_3,734227,No-Stability,11,0.3827764008,0.4020119771,-0.0192355763
uzh_fpv,1,uzh_fpv.load_1,outdoor_forward_3,UZH-outdoor_forward_3,734227,No-Synergy,11,0.3827764008,0.3827764008,0.0
uzh_fpv,1,uzh_fpv.load_1,outdoor_forward_3,UZH-outdoor_forward_3,734227,Random,8,0.3817344146,0.4159980107,-0.0342635961
uzh_fpv,1,uzh_fpv.load_1,outdoor_forward_3,UZH-outdoor_forward_3,734228,External-Auction,11,0.3822208484,0.3822208484,0.0
uzh_fpv,1,uzh_fpv.load_1,outdoor_forward_3,UZH-outdoor_forward_3,734228,Greedy,11,0.3822208484,0.3822208484,0.0
uzh_fpv,1,uzh_fpv.load_1,outdoor_forward_3,UZH-outdoor_forward_3,734228,No-Stability,11,0.3822208484,0.3974884986,-0.0152676502
uzh_fpv,1,uzh_fpv.load_1,outdoor_forward_3,UZH-outdoor_forward_3,734228,No-Synergy,11,0.3822208484,0.3822208484,0.0
uzh_fpv,1,uzh_fpv.load_1,outdoor_forward_3,UZH-outdoor_forward_3,734228,Random,7,0.3818312163,0.4028632572,-0.0210320409
uzh_fpv,1,uzh_fpv.load_1,outdoor_forward_3,UZH-outdoor_forward_3,734229,External-Auction,11,0.4090241936,0.4090241936,0.0
uzh_fpv,1,uzh_fpv.load_1,outdoor_forward_3,UZH-outdoor_forward_3,734229,Greedy,11,0.4090241936,0.4090241936,0.0
uzh_fpv,1,uzh_fpv.load_1,outdoor_forward_3,UZH-outdoor_forward_3,734229,No-Stability,11,0.4090241936,0.421721521,-0.0126973274
uzh_fpv,1,uzh_fpv.load_1,outdoor_forward_3,UZH-outdoor_forward_3,734229,No-Synergy,11,0.4090241936,0.4090241936,0.0
uzh_fpv,1,uzh_fpv.load_1,outdoor_forward_3,UZH-outdoor_forward_3,734229,Random,7,0.4199493326,0.4275287262,-0.0075793936
uzh_fpv,1,uzh_fpv.load_1,outdoor_forward_5,UZH-outdoor_forward_5,734300,External-Auction,11,0.4072611462,0.4072611462,0.0
uzh_fpv,1,uzh_fpv.load_1,outdoor_forward_5,UZH-outdoor_forward_5,734300,Greedy,11,0.4072611462,0.4072611462,0.0
uzh_fpv,1,uzh_fpv.load_1,outdoor_forward_5,UZH-outdoor_forward_5,734300,No-Stability,11,0.4072611462,0.430473769,-0.0232126228
uzh_fpv,1,uzh_fpv.load_1,outdoor_forward_5,UZH-outdoor_forward_5,734300,No-Synergy,11,0.4072611462,0.4072611462,0.0
uzh_fpv,1,uzh_fpv.load_1,outdoor_forward_5,UZH-outdoor_forward_5,734300,Random,9,0.4154267128,0.4574419007,-0.042015188
uzh_fpv,1,uzh_fpv.load_1,outdoor_forward_5,UZH-outdoor_forward_5,734301,External-Auction,11,0.4040829412,0.4040829412,0.0
uzh_fpv,1,uzh_fpv.load_1,outdoor_forward_5,UZH-outdoor_forward_5,734301,Greedy,11,0.4040829412,0.4040829412,0.0
uzh_fpv,1,uzh_fpv.load_1,outdoor_forward_5,UZH-outdoor_forward_5,734301,No-Stability,11,0.4040829412,0.4232329105,-0.0191499693
uzh_fpv,1,uzh_fpv.load_1,outdoor_forward_5,UZH-outdoor_forward_5,734301,No-Synergy,11,0.4040829412,0.4040829412,0.0
uzh_fpv,1,uzh_fpv.load_1,outdoor_forward_5,UZH-outdoor_forward_5,734301,Random,5,0.3824011771,0.4168496592,-0.0344484821
uzh_fpv,1,uzh_fpv.load_1,outdoor_forward_5,UZH-outdoor_forward_5,734302,External-Auction,11,0.3967805733,0.3967805733,0.0
uzh_fpv,1,uzh_fpv.load_1,outdoor_forward_5,UZH-outdoor_forward_5,734302,Greedy,11,0.3967805733,0.3967805733,0.0
uzh_fpv,1,uzh_fpv.load_1,outdoor_forward_5,UZH-outdoor_forward_5,734302,No-Stability,11,0.3967805733,0.4023171476,-0.0055365742
uzh_fpv,1,uzh_fpv.load_1,outdoor_forward_5,UZH-outdoor_forward_5,734302,No-Synergy,11,0.3967805733,0.3967805733,0.0
uzh_fpv,1,uzh_fpv.load_1,outdoor_forward_5,UZH-outdoor_forward_5,734302,Random,7,0.3921799479,0.3990918602,-0.0069119123
uzh_fpv,1,uzh_fpv.load_1,outdoor_forward_5,UZH-outdoor_forward_5,734303,External-Auction,11,0.3780268406,0.3780268406,0.0
uzh_fpv,1,uzh_fpv.load_1,outdoor_forward_5,UZH-outdoor_forward_5,734303,Greedy,11,0.3780268406,0.3780268406,0.0
uzh_fpv,1,uzh_fpv.load_1,outdoor_forward_5,UZH-outdoor_forward_5,734303,No-Stability,11,0.3780268406,0.3780268406,0.0
uzh_fpv,1,uzh_fpv.load_1,outdoor_forward_5,UZH-outdoor_forward_5,734303,No-Synergy,11,0.3780268406,0.3780268406,0.0
uzh_fpv,1,uzh_fpv.load_1,outdoor_forward_5,UZH-outdoor_forward_5,734303,Random,9,0.3856062608,0.4203662149,-0.0347599541
uzh_fpv,1,uzh_fpv.load_1,outdoor_forward_5,UZH-outdoor_forward_5,734304,External-Auction,11,0.3778834872,0.3778834872,0.0
uzh_fpv,1,uzh_fpv.load_1,outdoor_forward_5,UZH-outdoor_forward_5,734304,Greedy,11,0.3778834872,0.3778834872,0.0
uzh_fpv,1,uzh_fpv.load_1,outdoor_forward_5,UZH-outdoor_forward_5,734304,No-Stability,11,0.3778834872,0.3984178014,-0.0205343142
uzh_fpv,1,uzh_fpv.load_1,outdoor_forward_5,UZH-outdoor_forward_5,734304,No-Synergy,11,0.3778834872,0.3778834872,0.0
uzh_fpv,1,uzh_fpv.load_1,outdoor_forward_5,UZH-outdoor_forward_5,734304,Random,7,0.3680549566,0.4165531356,-0.048498179
uzh_fpv,1,uzh_fpv.load_1,outdoor_forward_5,UZH-outdoor_forward_5,734305,External-Auction,11,0.4351536191,0.4351536191,0.0
uzh_fpv,1,uzh_fpv.load_1,outdoor_forward_5,UZH-outdoor_forward_5,734305,Greedy,11,0.4351536191,0.4351536191,0.0
uzh_fpv,1,uzh_fpv.load_1,outdoor_forward_5,UZH-outdoor_forward_5,734305,No-Stability,11,0.4351536191,0.4351536191,0.0
uzh_fpv,1,uzh_fpv.load_1,outdoor_forward_5,UZH-outdoor_forward_5,734305,No-Synergy,11,0.4351536191,0.4351536191,0.0
uzh_fpv,1,uzh_fpv.load_1,outdoor_forward_5,UZH-outdoor_forward_5,734305,Random,8,0.4500315199,0.442915524,0.0071159959
uzh_fpv,1,uzh_fpv.load_1,outdoor_forward_5,UZH-outdoor_forward_5,734306,External-Auction,11,0.4243577778,0.4243577778,0.0
uzh_fpv,1,uzh_fpv.load_1,outdoor_forward_5,UZH-outdoor_forward_5,734306,Greedy,11,0.4243577778,0.4243577778,0.0
uzh_fpv,1,uzh_fpv.load_1,outdoor_forward_5,UZH-outdoor_forward_5,734306,No-Stability,11,0.4243577778,0.4251968285,-0.0008390506
uzh_fpv,1,uzh_fpv.load_1,outdoor_forward_5,UZH-outdoor_forward_5,734306,No-Synergy,11,0.4243577778,0.4243577778,0.0
uzh_fpv,1,uzh_fpv.load_1,outdoor_forward_5,UZH-outdoor_forward_5,734306,Random,9,0.4202909864,0.4281163745,-0.0078253881
uzh_fpv,1,uzh_fpv.load_1,outdoor_forward_5,UZH-outdoor_forward_5,734307,External-Auction,11,0.384128209,0.384128209,0.0
uzh_fpv,1,uzh_fpv.load_1,outdoor_forward_5,UZH-outdoor_forward_5,734307,Greedy,11,0.384128209,0.384128209,0.0
uzh_fpv,1,uzh_fpv.load_1,outdoor_forward_5,UZH-outdoor_forward_5,734307,No-Stability,11,0.384128209,0.3851907563,-0.0010625473
uzh_fpv,1,uzh_fpv.load_1,outdoor_forward_5,UZH-outdoor_forward_5,734307,No-Synergy,11,0.384128209,0.384128209,0.0
uzh_fpv,1,uzh_fpv.load_1,outdoor_forward_5,UZH-outdoor_forward_5,734307,Random,10,0.3876609982,0.4370477477,-0.0493867495
uzh_fpv,1,uzh_fpv.load_1,outdoor_forward_5,UZH-outdoor_forward_5,734308,External-Auction,11,0.377942414,0.377942414,0.0
uzh_fpv,1,uzh_fpv.load_1,outdoor_forward_5,UZH-outdoor_forward_5,734308,Greedy,11,0.377942414,0.377942414,0.0
uzh_fpv,1,uzh_fpv.load_1,outdoor_forward_5,UZH-outdoor_forward_5,734308,No-Stability,11,0.377942414,0.4096789821,-0.0317365681
uzh_fpv,1,uzh_fpv.load_1,outdoor_forward_5,UZH-outdoor_forward_5,734308,No-Synergy,11,0.377942414,0.377942414,0.0
uzh_fpv,1,uzh_fpv.load_1,outdoor_forward_5,UZH-outdoor_forward_5,734308,Random,9,0.3625725425,0.4012857608,-0.0387132183
uzh_fpv,1,uzh_fpv.load_1,outdoor_forward_5,UZH-outdoor_forward_5,734309,External-Auction,8,0.3738305402,0.3738305402,0.0
uzh_fpv,1,uzh_fpv.load_1,outdoor_forward_5,UZH-outdoor_forward_5,734309,Greedy,8,0.3738305402,0.3738305402,0.0
uzh_fpv,1,uzh_fpv.load_1,outdoor_forward_5,UZH-outdoor_forward_5,734309,No-Stability,8,0.3738305402,0.3768437698,-0.0030132296
uzh_fpv,1,uzh_fpv.load_1,outdoor_forward_5,UZH-outdoor_forward_5,734309,No-Synergy,8,0.3738305402,0.3738305402,0.0
uzh_fpv,1,uzh_fpv.load_1,outdoor_forward_5,UZH-outdoor_forward_5,734309,Random,4,0.3740181749,0.3984477888,-0.024429614
uzh_fpv,1,uzh_fpv.load_1,outdoor_forward_5,UZH-outdoor_forward_5,734310,External-Auction,11,0.4345410907,0.4345410907,0.0
uzh_fpv,1,uzh_fpv.load_1,outdoor_forward_5,UZH-outdoor_forward_5,734310,Greedy,11,0.4345410907,0.4345410907,0.0
uzh_fpv,1,uzh_fpv.load_1,outdoor_forward_5,UZH-outdoor_forward_5,734310,No-Stability,11,0.4345410907,0.4297815471,0.0047595436
uzh_fpv,1,uzh_fpv.load_1,outdoor_forward_5,UZH-outdoor_forward_5,734310,No-Synergy,11,0.4345410907,0.4345410907,0.0
uzh_fpv,1,uzh_fpv.load_1,outdoor_forward_5,UZH-outdoor_forward_5,734310,Random,10,0.4385145954,0.4330414621,0.0054731333
uzh_fpv,1,uzh_fpv.load_1,outdoor_forward_5,UZH-outdoor_forward_5,734311,External-Auction,11,0.4137242592,0.4137242592,0.0
uzh_fpv,1,uzh_fpv.load_1,outdoor_forward_5,UZH-outdoor_forward_5,734311,Greedy,11,0.4137242592,0.4137242592,0.0
uzh_fpv,1,uzh_fpv.load_1,outdoor_forward_5,UZH-outdoor_forward_5,734311,No-Stability,11,0.4137242592,0.4137242592,0.0
uzh_fpv,1,uzh_fpv.load_1,outdoor_forward_5,UZH-outdoor_forward_5,734311,No-Synergy,11,0.4137242592,0.4137242592,0.0
uzh_fpv,1,uzh_fpv.load_1,outdoor_forward_5,UZH-outdoor_forward_5,734311,Random,7,0.4029965789,0.4048779932,-0.0018814144
uzh_fpv,1,uzh_fpv.load_1,outdoor_forward_5,UZH-outdoor_forward_5,734312,External-Auction,11,0.4206230944,0.4206230944,0.0
uzh_fpv,1,uzh_fpv.load_1,outdoor_forward_5,UZH-outdoor_forward_5,734312,Greedy,11,0.4206230944,0.4206230944,0.0
uzh_fpv,1,uzh_fpv.load_1,outdoor_forward_5,UZH-outdoor_forward_5,734312,No-Stability,11,0.4206230944,0.418173205,0.0024498894
uzh_fpv,1,uzh_fpv.load_1,outdoor_forward_5,UZH-outdoor_forward_5,734312,No-Synergy,11,0.4206230944,0.4206230944,0.0
uzh_fpv,1,uzh_fpv.load_1,outdoor_forward_5,UZH-outdoor_forward_5,734312,Random,9,0.4165921457,0.4160524833,0.0005396624
uzh_fpv,1,uzh_fpv.load_1,outdoor_forward_5,UZH-outdoor_forward_5,734313,External-Auction,11,0.4328122353,0.4328122353,0.0
uzh_fpv,1,uzh_fpv.load_1,outdoor_forward_5,UZH-outdoor_forward_5,734313,Greedy,11,0.4328122353,0.4328122353,0.0
uzh_fpv,1,uzh_fpv.load_1,outdoor_forward_5,UZH-outdoor_forward_5,734313,No-Stability,11,0.4328122353,0.4291303032,0.0036819321
uzh_fpv,1,uzh_fpv.load_1,outdoor_forward_5,UZH-outdoor_forward_5,734313,No-Synergy,11,0.4328122353,0.4328122353,0.0
uzh_fpv,1,uzh_fpv.load_1,outdoor_forward_5,UZH-outdoor_forward_5,734313,Random,9,0.4286390485,0.4245072969,0.0041317516
uzh_fpv,1,uzh_fpv.load_1,outdoor_forward_5,UZH-outdoor_forward_5,734314,External-Auction,11,0.4282494342,0.4282494342,0.0
uzh_fpv,1,uzh_fpv.load_1,outdoor_forward_5,UZH-outdoor_forward_5,734314,Greedy,11,0.4282494342,0.4282494342,0.0
uzh_fpv,1,uzh_fpv.load_1,outdoor_forward_5,UZH-outdoor_forward_5,734314,No-Stability,11,0.4282494342,0.4335110167,-0.0052615825
uzh_fpv,1,uzh_fpv.load_1,outdoor_forward_5,UZH-outdoor_forward_5,734314,No-Synergy,11,0.4282494342,0.4282494342,0.0
uzh_fpv,1,uzh_fpv.load_1,outdoor_forward_5,UZH-outdoor_forward_5,734314,Random,8,0.4136492991,0.4153991511,-0.001749852
uzh_fpv,1,uzh_fpv.load_1,outdoor_forward_5,UZH-outdoor_forward_5,734315,External-Auction,11,0.4239057366,0.4239057366,0.0
uzh_fpv,1,uzh_fpv.load_1,outdoor_forward_5,UZH-outdoor_forward_5,734315,Greedy,11,0.4239057366,0.4239057366,0.0
uzh_fpv,1,uzh_fpv.load_1,outdoor_forward_5,UZH-outdoor_forward_5,734315,No-Stability,11,0.4239057366,0.4239057366,0.0
uzh_fpv,1,uzh_fpv.load_1,outdoor_forward_5,UZH-outdoor_forward_5,734315,No-Synergy,11,0.4239057366,0.4239057366,0.0
uzh_fpv,1,uzh_fpv.load_1,outdoor_forward_5,UZH-outdoor_forward_5,734315,Random,8,0.4384676238,0.4384840612,-1.64374e-05
uzh_fpv,1,uzh_fpv.load_1,outdoor_forward_5,UZH-outdoor_forward_5,734316,External-Auction,11,0.4019252595,0.4019252595,0.0
uzh_fpv,1,uzh_fpv.load_1,outdoor_forward_5,UZH-outdoor_forward_5,734316,Greedy,11,0.4019252595,0.4019252595,0.0
uzh_fpv,1,uzh_fpv.load_1,outdoor_forward_5,UZH-outdoor_forward_5,734316,No-Stability,11,0.4019252595,0.4019392676,-1.40081e-05
uzh_fpv,1,uzh_fpv.load_1,outdoor_forward_5,UZH-outdoor_forward_5,734316,No-Synergy,11,0.4019252595,0.4019252595,0.0
uzh_fpv,1,uzh_fpv.load_1,outdoor_forward_5,UZH-outdoor_forward_5,734316,Random,7,0.4075344882,0.4172568719,-0.0097223837
uzh_fpv,1,uzh_fpv.load_1,outdoor_forward_5,UZH-outdoor_forward_5,734317,External-Auction,11,0.4324324314,0.4324324314,0.0
uzh_fpv,1,uzh_fpv.load_1,outdoor_forward_5,UZH-outdoor_forward_5,734317,Greedy,11,0.4324324314,0.4324324314,0.0
uzh_fpv,1,uzh_fpv.load_1,outdoor_forward_5,UZH-outdoor_forward_5,734317,No-Stability,11,0.4324324314,0.4381831868,-0.0057507554
uzh_fpv,1,uzh_fpv.load_1,outdoor_forward_5,UZH-outdoor_forward_5,734317,No-Synergy,11,0.4324324314,0.4324324314,0.0
uzh_fpv,1,uzh_fpv.load_1,outdoor_forward_5,UZH-outdoor_forward_5,734317,Random,8,0.4371515636,0.436394185,0.0007573786
uzh_fpv,1,uzh_fpv.load_1,outdoor_forward_5,UZH-outdoor_forward_5,734318,External-Auction,11,0.3917771047,0.3917771047,0.0
uzh_fpv,1,uzh_fpv.load_1,outdoor_forward_5,UZH-outdoor_forward_5,734318,Greedy,11,0.3917771047,0.3917771047,0.0
uzh_fpv,1,uzh_fpv.load_1,outdoor_forward_5,UZH-outdoor_forward_5,734318,No-Stability,11,0.3917771047,0.4122477874,-0.0204706827
uzh_fpv,1,uzh_fpv.load_1,outdoor_forward_5,UZH-outdoor_forward_5,734318,No-Synergy,11,0.3917771047,0.3917771047,0.0
uzh_fpv,1,uzh_fpv.load_1,outdoor_forward_5,UZH-outdoor_forward_5,734318,Random,7,0.3665376814,0.3814664569,-0.0149287754
uzh_fpv,1,uzh_fpv.load_1,outdoor_forward_5,UZH-outdoor_forward_5,734319,External-Auction,11,0.436066671,0.436066671,0.0
uzh_fpv,1,uzh_fpv.load_1,outdoor_forward_5,UZH-outdoor_forward_5,734319,Greedy,11,0.436066671,0.436066671,0.0
uzh_fpv,1,uzh_fpv.load_1,outdoor_forward_5,UZH-outdoor_forward_5,734319,No-Stability,11,0.436066671,0.4525195826,-0.0164529116
uzh_fpv,1,uzh_fpv.load_1,outdoor_forward_5,UZH-outdoor_forward_5,734319,No-Synergy,11,0.436066671,0.436066671,0.0
uzh_fpv,1,uzh_fpv.load_1,outdoor_forward_5,UZH-outdoor_forward_5,734319,Random,8,0.4110082327,0.4138405673,-0.0028323346
uzh_fpv,1,uzh_fpv.load_1,outdoor_forward_5,UZH-outdoor_forward_5,734320,External-Auction,11,0.3940209843,0.3940209843,0.0
uzh_fpv,1,uzh_fpv.load_1,outdoor_forward_5,UZH-outdoor_forward_5,734320,Greedy,11,0.3940209843,0.3940209843,0.0
uzh_fpv,1,uzh_fpv.load_1,outdoor_forward_5,UZH-outdoor_forward_5,734320,No-Stability,11,0.3940209843,0.4106186743,-0.01659769
uzh_fpv,1,uzh_fpv.load_1,outdoor_forward_5,UZH-outdoor_forward_5,734320,No-Synergy,11,0.3940209843,0.3940209843,0.0
uzh_fpv,1,uzh_fpv.load_1,outdoor_forward_5,UZH-outdoor_forward_5,734320,Random,10,0.3978051827,0.4286286565,-0.0308234738
uzh_fpv,1,uzh_fpv.load_1,outdoor_forward_5,UZH-outdoor_forward_5,734321,External-Auction,11,0.3911389701,0.3911389701,0.0
uzh_fpv,1,uzh_fpv.load_1,outdoor_forward_5,UZH-outdoor_forward_5,734321,Greedy,11,0.3911389701,0.3911389701,0.0
uzh_fpv,1,uzh_fpv.load_1,outdoor_forward_5,UZH-outdoor_forward_5,734321,No-Stability,11,0.3911389701,0.4079939527,-0.0168549825
uzh_fpv,1,uzh_fpv.load_1,outdoor_forward_5,UZH-outdoor_forward_5,734321,No-Synergy,11,0.3911389701,0.3911389701,0.0
uzh_fpv,1,uzh_fpv.load_1,outdoor_forward_5,UZH-outdoor_forward_5,734321,Random,10,0.3947362367,0.4467378356,-0.052001599
uzh_fpv,1,uzh_fpv.load_1,outdoor_forward_5,UZH-outdoor_forward_5,734322,External-Auction,11,0.4270758782,0.4270758782,0.0
uzh_fpv,1,uzh_fpv.load_1,outdoor_forward_5,UZH-outdoor_forward_5,734322,Greedy,11,0.4270758782,0.4270758782,0.0
uzh_fpv,1,uzh_fpv.load_1,outdoor_forward_5,UZH-outdoor_forward_5,734322,No-Stability,11,0.4270758782,0.4228935925,0.0041822856
uzh_fpv,1,uzh_fpv.load_1,outdoor_forward_5,UZH-outdoor_forward_5,734322,No-Synergy,11,0.4270758782,0.4270758782,0.0
uzh_fpv,1,uzh_fpv.load_1,outdoor_forward_5,UZH-outdoor_forward_5,734322,Random,7,0.3880087347,0.3816041588,0.0064045758
uzh_fpv,1,uzh_fpv.load_1,outdoor_forward_5,UZH-outdoor_forward_5,734323,External-Auction,11,0.4215130529,0.4215130529,0.0
uzh_fpv,1,uzh_fpv.load_1,outdoor_forward_5,UZH-outdoor_forward_5,734323,Greedy,11,0.4215130529,0.4215130529,0.0
uzh_fpv,1,uzh_fpv.load_1,outdoor_forward_5,UZH-outdoor_forward_5,734323,No-Stability,11,0.4215130529,0.4404310181,-0.0189179652
uzh_fpv,1,uzh_fpv.load_1,outdoor_forward_5,UZH-outdoor_forward_5,734323,No-Synergy,11,0.4215130529,0.4215130529,0.0
uzh_fpv,1,uzh_fpv.load_1,outdoor_forward_5,UZH-outdoor_forward_5,734323,Random,8,0.4359927598,0.4500538469,-0.014061087
uzh_fpv,1,uzh_fpv.load_1,outdoor_forward_5,UZH-outdoor_forward_5,734324,External-Auction,11,0.4340529574,0.4340529574,0.0
uzh_fpv,1,uzh_fpv.load_1,outdoor_forward_5,UZH-outdoor_forward_5,734324,Greedy,11,0.4340529574,0.4340529574,0.0
uzh_fpv,1,uzh_fpv.load_1,outdoor_forward_5,UZH-outdoor_forward_5,734324,No-Stability,11,0.4340529574,0.4292813601,0.0047715974
uzh_fpv,1,uzh_fpv.load_1,outdoor_forward_5,UZH-outdoor_forward_5,734324,No-Synergy,11,0.4340529574,0.4340529574,0.0
uzh_fpv,1,uzh_fpv.load_1,outdoor_forward_5,UZH-outdoor_forward_5,734324,Random,10,0.4298814277,0.4176979421,0.0121834856
uzh_fpv,1,uzh_fpv.load_1,outdoor_forward_5,UZH-outdoor_forward_5,734325,External-Auction,11,0.3967478296,0.3967478296,0.0
uzh_fpv,1,uzh_fpv.load_1,outdoor_forward_5,UZH-outdoor_forward_5,734325,Greedy,11,0.3967478296,0.3967478296,0.0
uzh_fpv,1,uzh_fpv.load_1,outdoor_forward_5,UZH-outdoor_forward_5,734325,No-Stability,11,0.3967478296,0.3988128282,-0.0020649985
uzh_fpv,1,uzh_fpv.load_1,outdoor_forward_5,UZH-outdoor_forward_5,734325,No-Synergy,11,0.3967478296,0.3967478296,0.0
uzh_fpv,1,uzh_fpv.load_1,outdoor_forward_5,UZH-outdoor_forward_5,734325,Random,8,0.383276209,0.3910162561,-0.007740047
uzh_fpv,1,uzh_fpv.load_1,outdoor_forward_5,UZH-outdoor_forward_5,734326,External-Auction,11,0.3786475609,0.3786475609,0.0
uzh_fpv,1,uzh_fpv.load_1,outdoor_forward_5,UZH-outdoor_forward_5,734326,Greedy,11,0.3786475609,0.3786475609,0.0
uzh_fpv,1,uzh_fpv.load_1,outdoor_forward_5,UZH-outdoor_forward_5,734326,No-Stability,11,0.3786475609,0.4139180538,-0.0352704929
uzh_fpv,1,uzh_fpv.load_1,outdoor_forward_5,UZH-outdoor_forward_5,734326,No-Synergy,11,0.3786475609,0.3786475609,0.0
uzh_fpv,1,uzh_fpv.load_1,outdoor_forward_5,UZH-outdoor_forward_5,734326,Random,9,0.3750188288,0.426448408,-0.0514295792
uzh_fpv,1,uzh_fpv.load_1,outdoor_forward_5,UZH-outdoor_forward_5,734327,External-Auction,11,0.4075728266,0.4075728266,0.0
uzh_fpv,1,uzh_fpv.load_1,outdoor_forward_5,UZH-outdoor_forward_5,734327,Greedy,11,0.4075728266,0.4075728266,0.0
uzh_fpv,1,uzh_fpv.load_1,outdoor_forward_5,UZH-outdoor_forward_5,734327,No-Stability,11,0.4075728266,0.4076080365,-3.52099e-05
uzh_fpv,1,uzh_fpv.load_1,outdoor_forward_5,UZH-outdoor_forward_5,734327,No-Synergy,11,0.4075728266,0.4075728266,0.0
uzh_fpv,1,uzh_fpv.load_1,outdoor_forward_5,UZH-outdoor_forward_5,734327,Random,8,0.4078511057,0.4092496568,-0.001398551
uzh_fpv,1,uzh_fpv.load_1,outdoor_forward_5,UZH-outdoor_forward_5,734328,External-Auction,11,0.407671487,0.407671487,0.0
uzh_fpv,1,uzh_fpv.load_1,outdoor_forward_5,UZH-outdoor_forward_5,734328,Greedy,11,0.407671487,0.407671487,0.0
uzh_fpv,1,uzh_fpv.load_1,outdoor_forward_5,UZH-outdoor_forward_5,734328,No-Stability,11,0.407671487,0.4281175044,-0.0204460174
uzh_fpv,1,uzh_fpv.load_1,outdoor_forward_5,UZH-outdoor_forward_5,734328,No-Synergy,11,0.407671487,0.407671487,0.0
uzh_fpv,1,uzh_fpv.load_1,outdoor_forward_5,UZH-outdoor_forward_5,734328,Random,8,0.3937459524,0.4078105397,-0.0140645873
uzh_fpv,1,uzh_fpv.load_1,outdoor_forward_5,UZH-outdoor_forward_5,734329,External-Auction,11,0.416336677,0.416336677,0.0
uzh_fpv,1,uzh_fpv.load_1,outdoor_forward_5,UZH-outdoor_forward_5,734329,Greedy,11,0.416336677,0.416336677,0.0
uzh_fpv,1,uzh_fpv.load_1,outdoor_forward_5,UZH-outdoor_forward_5,734329,No-Stability,11,0.416336677,0.416336677,0.0
uzh_fpv,1,uzh_fpv.load_1,outdoor_forward_5,UZH-outdoor_forward_5,734329,No-Synergy,11,0.416336677,0.416336677,0.0
uzh_fpv,1,uzh_fpv.load_1,outdoor_forward_5,UZH-outdoor_forward_5,734329,Random,11,0.416336677,0.4097961533,0.0065405237
